Using cpu device

======================================================================
SAC  |  500,000 steps  |  1 env(s)  |  obs (51,)  |  act (5,)
run dir: runs/sac_v1
======================================================================

Logging to runs/sac_v1/tb/SAC_1
---------------------------------
| rollout/           |          |
|    collision_steps | 0        |
|    ep_len          | 173      |
|    ep_len_mean     | 166      |
|    ep_rew_mean     | -29      |
|    episodes        | 9        |
|    grasp_rate      | 0.111    |
|    lift_rate       | 0        |
|    place_err_mm    | 366      |
|    safety_clamped  | 170      |
|    success_rate    | 0        |
| time/              |          |
|    episodes        | 10       |
|    fps             | 428      |
|    time_elapsed    | 3        |
|    total_timesteps | 1660     |
---------------------------------
---------------------------------
| rollout/           |          |
|    collision_steps | 0        |
|    ep_len          | 146      |
|    episodes        | 13       |
|    grasp_rate      | 0.231    |
|    lift_rate       | 0        |
|    place_err_mm    | 316      |
|    safety_clamped  | 141      |
|    success_rate    | 0.0769   |
---------------------------------
---------------------------------
| rollout/           |          |
|    collision_steps | 0        |
|    ep_len          | 148      |
|    ep_len_mean     | 151      |
|    ep_rew_mean     | -15.5    |
|    episodes        | 19       |
|    grasp_rate      | 0.263    |
|    lift_rate       | 0        |
|    place_err_mm    | 306      |
|    safety_clamped  | 144      |
|    success_rate    | 0.05     |
| time/              |          |
|    episodes        | 20       |
|    fps             | 419      |
|    time_elapsed    | 7        |
|    total_timesteps | 3014     |
---------------------------------
---------------------------------
| rollout/           |          |
|    collision_steps | 0        |
|    ep_len          | 142      |
|    episodes        | 28       |
|    grasp_rate      | 0.357    |
|    lift_rate       | 0.0357   |
|    place_err_mm    | 287      |
|    safety_clamped  | 138      |
|    success_rate    | 0.0714   |
---------------------------------
---------------------------------
| rollout/           |          |
|    collision_steps | 0        |
|    ep_len          | 144      |
|    ep_len_mean     | 144      |
|    ep_rew_mean     | -6.99    |
|    episodes        | 29       |
|    grasp_rate      | 0.345    |
|    lift_rate       | 0.0345   |
|    place_err_mm    | 283      |
|    safety_clamped  | 140      |
|    success_rate    | 0.0667   |
| time/              |          |
|    episodes        | 30       |
|    fps             | 418      |
|    time_elapsed    | 10       |
|    total_timesteps | 4308     |
---------------------------------
---------------------------------
| rollout/           |          |
|    collision_steps | 0        |
|    ep_len          | 141      |
|    ep_len_mean     | 139      |
|    ep_rew_mean     | -11.1    |
|    episodes        | 39       |
|    grasp_rate      | 0.359    |
|    lift_rate       | 0.0513   |
|    place_err_mm    | 286      |
|    safety_clamped  | 136      |
|    success_rate    | 0.05     |
| time/              |          |
|    episodes        | 40       |
|    fps             | 249      |
|    time_elapsed    | 22       |
|    total_timesteps | 5564     |
| train/             |          |
|    actor_loss      | -3.61    |
|    critic_loss     | 4        |
|    ent_coef        | 0.0863   |
|    ent_coef_loss   | -13.3    |
|    learning_rate   | 0.0003   |
|    n_updates       | 563      |
---------------------------------
---------------------------------
| rollout/           |          |
|    collision_steps | 0        |
|    ep_len          | 136      |
|    episodes        | 44       |
|    grasp_rate      | 0.386    |
|    lift_rate       | 0.0909   |
|    place_err_mm    | 293      |
|    safety_clamped  | 132      |
|    success_rate    | 0.0455   |
| train/             |          |
|    actor_loss      | -7.57    |
|    critic_loss     | 86.7     |
|    ent_coef        | 0.0778   |
|    ent_coef_loss   | -11.6    |
|    learning_rate   | 0.0003   |
|    n_updates       | 999      |
---------------------------------
---------------------------------
| rollout/           |          |
|    collision_steps | 0        |
|    ep_len          | 134      |
|    ep_len_mean     | 133      |
|    ep_rew_mean     | -9.23    |
|    episodes        | 49       |
|    grasp_rate      | 0.408    |
|    lift_rate       | 0.143    |
|    place_err_mm    | 295      |
|    safety_clamped  | 130      |
|    success_rate    | 0.04     |
| time/              |          |
|    episodes        | 50       |
|    fps             | 157      |
|    time_elapsed    | 42       |
|    total_timesteps | 6660     |
| train/             |          |
|    actor_loss      | -10.9    |
|    critic_loss     | 9.65     |
|    ent_coef        | 0.0669   |
|    ent_coef_loss   | -9.24    |
|    learning_rate   | 0.0003   |
|    n_updates       | 1659     |
---------------------------------
---------------------------------
| rollout/           |          |
|    collision_steps | 0        |
|    ep_len          | 130      |
|    episodes        | 58       |
|    grasp_rate      | 0.46     |
|    lift_rate       | 0.18     |
|    place_err_mm    | 291      |
|    safety_clamped  | 126      |
|    success_rate    | 0.04     |
| train/             |          |
|    actor_loss      | -20      |
|    critic_loss     | 16.5     |
|    ent_coef        | 0.0505   |
|    ent_coef_loss   | -5.11    |
|    learning_rate   | 0.0003   |
|    n_updates       | 2999     |
---------------------------------
---------------------------------
| rollout/           |          |
|    collision_steps | 0        |
|    ep_len          | 132      |
|    ep_len_mean     | 139      |
|    ep_rew_mean     | -11      |
|    episodes        | 59       |
|    grasp_rate      | 0.44     |
|    lift_rate       | 0.18     |
|    place_err_mm    | 289      |
|    safety_clamped  | 128      |
|    success_rate    | 0.0333   |
| time/              |          |
|    episodes        | 60       |
|    fps             | 111      |
|    time_elapsed    | 75       |
|    total_timesteps | 8350     |
| train/             |          |
|    actor_loss      | -16.5    |
|    critic_loss     | 11.5     |
|    ent_coef        | 0.0469   |
|    ent_coef_loss   | -6.95    |
|    learning_rate   | 0.0003   |
|    n_updates       | 3349     |
---------------------------------
---------------------------------
| rollout/           |          |
|    collision_steps | 0        |
|    ep_len          | 140      |
|    ep_len_mean     | 143      |
|    ep_rew_mean     | -12.8    |
|    episodes        | 69       |
|    grasp_rate      | 0.42     |
|    lift_rate       | 0.18     |
|    place_err_mm    | 303      |
|    safety_clamped  | 136      |
|    success_rate    | 0.0286   |
| time/              |          |
|    episodes        | 70       |
|    fps             | 93       |
|    time_elapsed    | 106      |
|    total_timesteps | 9990     |
| train/             |          |
|    actor_loss      | -18.7    |
|    critic_loss     | 16.7     |
|    ent_coef        | 0.037    |
|    ent_coef_loss   | -1.81    |
|    learning_rate   | 0.0003   |
|    n_updates       | 4989     |
---------------------------------
---------------------------------
| rollout/           |          |
|    collision_steps | 0        |
|    ep_len          | 140      |
|    episodes        | 70       |
|    grasp_rate      | 0.42     |
|    lift_rate       | 0.18     |
|    place_err_mm    | 302      |
|    safety_clamped  | 136      |
|    success_rate    | 0.02     |
| train/             |          |
|    actor_loss      | -21.6    |
|    critic_loss     | 13.5     |
|    ent_coef        | 0.037    |
|    ent_coef_loss   | -3.57    |
|    learning_rate   | 0.0003   |
|    n_updates       | 4999     |
---------------------------------
Eval num_timesteps=10000, episode_reward=-30.56 +/- 7.52
Episode length: 200.00 +/- 0.00
Success rate: 0.00%
---------------------------------
| eval/              |          |
|    mean_ep_length  | 200      |
|    mean_reward     | -30.6    |
|    success_rate    | 0        |
| time/              |          |
|    total_timesteps | 10000    |
---------------------------------
New best mean reward!
---------------------------------
| rollout/           |          |
|    collision_steps | 0        |
|    ep_len          | 143      |
|    ep_len_mean     | 143      |
|    ep_rew_mean     | -12.4    |
|    episodes        | 79       |
|    grasp_rate      | 0.38     |
|    lift_rate       | 0.18     |
|    place_err_mm    | 309      |
|    safety_clamped  | 140      |
|    success_rate    | 0.025    |
| time/              |          |
|    episodes        | 80       |
|    fps             | 81       |
|    time_elapsed    | 141      |
|    total_timesteps | 11470    |
| train/             |          |
|    actor_loss      | -22.9    |
|    critic_loss     | 11.2     |
|    ent_coef        | 0.0323   |
|    ent_coef_loss   | -1.81    |
|    learning_rate   | 0.0003   |
|    n_updates       | 6469     |
---------------------------------
---------------------------------
| rollout/           |          |
|    collision_steps | 0        |
|    ep_len          | 146      |
|    episodes        | 83       |
|    grasp_rate      | 0.34     |
|    lift_rate       | 0.18     |
|    place_err_mm    | 312      |
|    safety_clamped  | 143      |
|    success_rate    | 0        |
| train/             |          |
|    actor_loss      | -21.2    |
|    critic_loss     | 12       |
|    ent_coef        | 0.0315   |
|    ent_coef_loss   | 0.706    |
|    learning_rate   | 0.0003   |
|    n_updates       | 6999     |
---------------------------------
---------------------------------
| rollout/           |          |
|    collision_steps | 0        |
|    ep_len          | 151      |
|    ep_len_mean     | 146      |
|    ep_rew_mean     | -12      |
|    episodes        | 89       |
|    grasp_rate      | 0.32     |
|    lift_rate       | 0.18     |
|    place_err_mm    | 308      |
|    safety_clamped  | 148      |
|    success_rate    | 0.0222   |
| time/              |          |
|    episodes        | 90       |
|    fps             | 75       |
|    time_elapsed    | 173      |
|    total_timesteps | 13130    |
| train/             |          |
|    actor_loss      | -20.9    |
|    critic_loss     | 8.87     |
|    ent_coef        | 0.0334   |
|    ent_coef_loss   | 4.67     |
|    learning_rate   | 0.0003   |
|    n_updates       | 8129     |
---------------------------------
---------------------------------
| rollout/           |          |
|    collision_steps | 0        |
|    ep_len          | 155      |
|    episodes        | 96       |
|    grasp_rate      | 0.32     |
|    lift_rate       | 0.14     |
|    place_err_mm    | 291      |
|    safety_clamped  | 150      |
|    success_rate    | 0.02     |
| train/             |          |
|    actor_loss      | -26.6    |
|    critic_loss     | 10.5     |
|    ent_coef        | 0.0374   |
|    ent_coef_loss   | 0.402    |
|    learning_rate   | 0.0003   |
|    n_updates       | 8999     |
---------------------------------
---------------------------------
| rollout/           |          |
|    collision_steps | 0        |
|    ep_len          | 153      |
|    ep_len_mean     | 143      |
|    ep_rew_mean     | -7.94    |
|    episodes        | 99       |
|    grasp_rate      | 0.3      |
|    lift_rate       | 0.1      |
|    place_err_mm    | 285      |
|    safety_clamped  | 148      |
|    success_rate    | 0.03     |
| time/              |          |
|    episodes        | 100      |
|    fps             | 72       |
|    time_elapsed    | 196      |
|    total_timesteps | 14303    |
| train/             |          |
|    actor_loss      | -23.6    |
|    critic_loss     | 15.5     |
|    ent_coef        | 0.0376   |
|    ent_coef_loss   | -1.1     |
|    learning_rate   | 0.0003   |
|    n_updates       | 9302     |
---------------------------------
---------------------------------
| rollout/           |          |
|    collision_steps | 0        |
|    ep_len          | 145      |
|    ep_len_mean     | 139      |
|    ep_rew_mean     | -5.3     |
|    episodes        | 109      |
|    grasp_rate      | 0.36     |
|    lift_rate       | 0.06     |
|    place_err_mm    | 270      |
|    safety_clamped  | 137      |
|    success_rate    | 0.03     |
| time/              |          |
|    episodes        | 110      |
|    fps             | 69       |
|    time_elapsed    | 223      |
|    total_timesteps | 15604    |
| train/             |          |
|    actor_loss      | -29      |
|    critic_loss     | 13.7     |
|    ent_coef        | 0.0338   |
|    ent_coef_loss   | -1.28    |
|    learning_rate   | 0.0003   |
|    n_updates       | 10603    |
---------------------------------
---------------------------------
| rollout/           |          |
|    collision_steps | 0        |
|    ep_len          | 147      |
|    episodes        | 111      |
|    grasp_rate      | 0.34     |
|    lift_rate       | 0.06     |
|    place_err_mm    | 269      |
|    safety_clamped  | 139      |
|    success_rate    | 0.02     |
| train/             |          |
|    actor_loss      | -26      |
|    critic_loss     | 8.59     |
|    ent_coef        | 0.0326   |
|    ent_coef_loss   | 1.57     |
|    learning_rate   | 0.0003   |
|    n_updates       | 10999    |
---------------------------------
---------------------------------
| rollout/           |          |
|    collision_steps | 0        |
|    ep_len          | 145      |
|    ep_len_mean     | 141      |
|    ep_rew_mean     | -8.35    |
|    episodes        | 119      |
|    grasp_rate      | 0.32     |
|    lift_rate       | 0.06     |
|    place_err_mm    | 262      |
|    safety_clamped  | 137      |
|    success_rate    | 0.02     |
| time/              |          |
|    episodes        | 120      |
|    fps             | 68       |
|    time_elapsed    | 250      |
|    total_timesteps | 17140    |
| train/             |          |
|    actor_loss      | -31.7    |
|    critic_loss     | 17.7     |
|    ent_coef        | 0.0376   |
|    ent_coef_loss   | -1.96    |
|    learning_rate   | 0.0003   |
|    n_updates       | 12139    |
---------------------------------
---------------------------------
| rollout/           |          |
|    collision_steps | 1.36     |
|    ep_len          | 136      |
|    episodes        | 126      |
|    grasp_rate      | 0.42     |
|    lift_rate       | 0.1      |
|    place_err_mm    | 266      |
|    safety_clamped  | 127      |
|    success_rate    | 0.02     |
| train/             |          |
|    actor_loss      | -26.9    |
|    critic_loss     | 8.24     |
|    ent_coef        | 0.0401   |
|    ent_coef_loss   | 0.368    |
|    learning_rate   | 0.0003   |
|    n_updates       | 12999    |
---------------------------------
---------------------------------
| rollout/           |          |
|    collision_steps | 1.36     |
|    ep_len          | 140      |
|    ep_len_mean     | 142      |
|    ep_rew_mean     | -11.8    |
|    episodes        | 129      |
|    grasp_rate      | 0.4      |
|    lift_rate       | 0.08     |
|    place_err_mm    | 269      |
|    safety_clamped  | 132      |
|    success_rate    | 0.01     |
| time/              |          |
|    episodes        | 130      |
|    fps             | 67       |
|    time_elapsed    | 275      |
|    total_timesteps | 18541    |
| train/             |          |
|    actor_loss      | -29      |
|    critic_loss     | 11       |
|    ent_coef        | 0.0374   |
|    ent_coef_loss   | -0.112   |
|    learning_rate   | 0.0003   |
|    n_updates       | 13540    |
---------------------------------
---------------------------------
| rollout/           |          |
|    collision_steps | 1.36     |
|    ep_len          | 140      |
|    episodes        | 138      |
|    grasp_rate      | 0.4      |
|    lift_rate       | 0.06     |
|    place_err_mm    | 269      |
|    safety_clamped  | 132      |
|    success_rate    | 0.02     |
| train/             |          |
|    actor_loss      | -26.2    |
|    critic_loss     | 14       |
|    ent_coef        | 0.0349   |
|    ent_coef_loss   | 0.707    |
|    learning_rate   | 0.0003   |
|    n_updates       | 14999    |
---------------------------------
Eval num_timesteps=20000, episode_reward=-23.83 +/- 6.38
Episode length: 200.00 +/- 0.00
Success rate: 0.00%
---------------------------------
| eval/              |          |
|    mean_ep_length  | 200      |
|    mean_reward     | -23.8    |
|    success_rate    | 0        |
| time/              |          |
|    total_timesteps | 20000    |
---------------------------------
New best mean reward!
---------------------------------
| rollout/           |          |
|    collision_steps | 1.36     |
|    ep_len          | 140      |
|    ep_len_mean     | 146      |
|    ep_rew_mean     | -10.8    |
|    episodes        | 139      |
|    grasp_rate      | 0.4      |
|    lift_rate       | 0.06     |
|    place_err_mm    | 272      |
|    safety_clamped  | 132      |
|    success_rate    | 0.01     |
| time/              |          |
|    episodes        | 140      |
|    fps             | 65       |
|    time_elapsed    | 310      |
|    total_timesteps | 20181    |
| train/             |          |
|    actor_loss      | -24.4    |
|    critic_loss     | 11.1     |
|    ent_coef        | 0.0359   |
|    ent_coef_loss   | 0.635    |
|    learning_rate   | 0.0003   |
|    n_updates       | 15180    |
---------------------------------
---------------------------------
| rollout/           |          |
|    collision_steps | 1.36     |
|    ep_len          | 143      |
|    ep_len_mean     | 149      |
|    ep_rew_mean     | -9.16    |
|    episodes        | 149      |
|    grasp_rate      | 0.4      |
|    lift_rate       | 0.06     |
|    place_err_mm    | 289      |
|    safety_clamped  | 136      |
|    success_rate    | 0.02     |
| time/              |          |
|    episodes        | 150      |
|    fps             | 63       |
|    time_elapsed    | 339      |
|    total_timesteps | 21601    |
| train/             |          |
|    actor_loss      | -26.9    |
|    critic_loss     | 8.98     |
|    ent_coef        | 0.0352   |
|    ent_coef_loss   | 0.0512   |
|    learning_rate   | 0.0003   |
|    n_updates       | 16600    |
---------------------------------
---------------------------------
| rollout/           |          |
|    collision_steps | 1.36     |
|    ep_len          | 148      |
|    episodes        | 152      |
|    grasp_rate      | 0.36     |
|    lift_rate       | 0.06     |
|    place_err_mm    | 296      |
|    safety_clamped  | 142      |
|    success_rate    | 0.02     |
| train/             |          |
|    actor_loss      | -27.6    |
|    critic_loss     | 10.9     |
|    ent_coef        | 0.0358   |
|    ent_coef_loss   | 0.301    |
|    learning_rate   | 0.0003   |
|    n_updates       | 16999    |
---------------------------------
---------------------------------
| rollout/           |          |
|    collision_steps | 1.36     |
|    ep_len          | 152      |
|    ep_len_mean     | 148      |
|    ep_rew_mean     | -8.22    |
|    episodes        | 159      |
|    grasp_rate      | 0.34     |
|    lift_rate       | 0.06     |
|    place_err_mm    | 303      |
|    safety_clamped  | 146      |
|    success_rate    | 0.02     |
| time/              |          |
|    episodes        | 160      |
|    fps             | 62       |
|    time_elapsed    | 368      |
|    total_timesteps | 23181    |
| train/             |          |
|    actor_loss      | -25.8    |
|    critic_loss     | 7.59     |
|    ent_coef        | 0.0364   |
|    ent_coef_loss   | 0.112    |
|    learning_rate   | 0.0003   |
|    n_updates       | 18180    |
---------------------------------
---------------------------------
| rollout/           |          |
|    collision_steps | 1.36     |
|    ep_len          | 145      |
|    episodes        | 166      |
|    grasp_rate      | 0.44     |
|    lift_rate       | 0.08     |
|    place_err_mm    | 304      |
|    safety_clamped  | 138      |
|    success_rate    | 0.02     |
| train/             |          |
|    actor_loss      | -33.4    |
|    critic_loss     | 79       |
|    ent_coef        | 0.0377   |
|    ent_coef_loss   | 0.0691   |
|    learning_rate   | 0.0003   |
|    n_updates       | 18999    |
---------------------------------
---------------------------------
| rollout/           |          |
|    collision_steps | 1.36     |
|    ep_len          | 146      |
|    ep_len_mean     | 143      |
|    ep_rew_mean     | -3.47    |
|    episodes        | 169      |
|    grasp_rate      | 0.44     |
|    lift_rate       | 0.08     |
|    place_err_mm    | 297      |
|    safety_clamped  | 140      |
|    success_rate    | 0.03     |
| time/              |          |
|    episodes        | 170      |
|    fps             | 62       |
|    time_elapsed    | 390      |
|    total_timesteps | 24336    |
| train/             |          |
|    actor_loss      | -25.9    |
|    critic_loss     | 10.4     |
|    ent_coef        | 0.0371   |
|    ent_coef_loss   | -1.1     |
|    learning_rate   | 0.0003   |
|    n_updates       | 19335    |
---------------------------------
---------------------------------
| rollout/           |          |
|    collision_steps | 0        |
|    ep_len          | 147      |
|    ep_len_mean     | 144      |
|    ep_rew_mean     | -5.38    |
|    episodes        | 179      |
|    grasp_rate      | 0.38     |
|    lift_rate       | 0.06     |
|    place_err_mm    | 290      |
|    safety_clamped  | 141      |
|    success_rate    | 0.03     |
| time/              |          |
|    episodes        | 180      |
|    fps             | 61       |
|    time_elapsed    | 418      |
|    total_timesteps | 25892    |
| train/             |          |
|    actor_loss      | -24.9    |
|    critic_loss     | 10       |
|    ent_coef        | 0.0387   |
|    ent_coef_loss   | -0.466   |
|    learning_rate   | 0.0003   |
|    n_updates       | 20891    |
---------------------------------
---------------------------------
| rollout/           |          |
|    collision_steps | 0        |
|    ep_len          | 147      |
|    episodes        | 180      |
|    grasp_rate      | 0.38     |
|    lift_rate       | 0.06     |
|    place_err_mm    | 295      |
|    safety_clamped  | 141      |
|    success_rate    | 0.04     |
| train/             |          |
|    actor_loss      | -30.2    |
|    critic_loss     | 9.25     |
|    ent_coef        | 0.039    |
|    ent_coef_loss   | 1.07     |
|    learning_rate   | 0.0003   |
|    n_updates       | 20999    |
---------------------------------
---------------------------------
| rollout/           |          |
|    collision_steps | 0        |
|    ep_len          | 146      |
|    ep_len_mean     | 143      |
|    ep_rew_mean     | -5.55    |
|    episodes        | 189      |
|    grasp_rate      | 0.4      |
|    lift_rate       | 0.06     |
|    place_err_mm    | 288      |
|    safety_clamped  | 140      |
|    success_rate    | 0.03     |
| time/              |          |
|    episodes        | 190      |
|    fps             | 61       |
|    time_elapsed    | 447      |
|    total_timesteps | 27452    |
| train/             |          |
|    actor_loss      | -31.7    |
|    critic_loss     | 23.6     |
|    ent_coef        | 0.0425   |
|    ent_coef_loss   | 0.944    |
|    learning_rate   | 0.0003   |
|    n_updates       | 22451    |
---------------------------------
---------------------------------
| rollout/           |          |
|    collision_steps | 0        |
|    ep_len          | 144      |
|    episodes        | 193      |
|    grasp_rate      | 0.42     |
|    lift_rate       | 0.06     |
|    place_err_mm    | 278      |
|    safety_clamped  | 139      |
|    success_rate    | 0.04     |
| train/             |          |
|    actor_loss      | -25.4    |
|    critic_loss     | 11.6     |
|    ent_coef        | 0.0422   |
|    ent_coef_loss   | 1.3      |
|    learning_rate   | 0.0003   |
|    n_updates       | 22999    |
---------------------------------
---------------------------------
| rollout/           |          |
|    collision_steps | 0        |
|    ep_len          | 149      |
|    ep_len_mean     | 148      |
|    ep_rew_mean     | -9.58    |
|    episodes        | 199      |
|    grasp_rate      | 0.38     |
|    lift_rate       | 0.04     |
|    place_err_mm    | 277      |
|    safety_clamped  | 143      |
|    success_rate    | 0.02     |
| time/              |          |
|    episodes        | 200      |
|    fps             | 61       |
|    time_elapsed    | 475      |
|    total_timesteps | 29062    |
| train/             |          |
|    actor_loss      | -28.2    |
|    critic_loss     | 23.8     |
|    ent_coef        | 0.0394   |
|    ent_coef_loss   | 0.407    |
|    learning_rate   | 0.0003   |
|    n_updates       | 24061    |
---------------------------------
---------------------------------
| rollout/           |          |
|    collision_steps | 0        |
|    ep_len          | 145      |
|    episodes        | 207      |
|    grasp_rate      | 0.4      |
|    lift_rate       | 0.08     |
|    place_err_mm    | 273      |
|    safety_clamped  | 139      |
|    success_rate    | 0.02     |
| train/             |          |
|    actor_loss      | -22.4    |
|    critic_loss     | 18.1     |
|    ent_coef        | 0.0394   |
|    ent_coef_loss   | -0.139   |
|    learning_rate   | 0.0003   |
|    n_updates       | 24999    |
---------------------------------
Eval num_timesteps=30000, episode_reward=-23.50 +/- 7.75
Episode length: 200.00 +/- 0.00
Success rate: 0.00%
---------------------------------
| eval/              |          |
|    mean_ep_length  | 200      |
|    mean_reward     | -23.5    |
|    success_rate    | 0        |
| time/              |          |
|    total_timesteps | 30000    |
---------------------------------
New best mean reward!
---------------------------------
| rollout/           |          |
|    collision_steps | 0        |
|    ep_len          | 148      |
|    ep_len_mean     | 150      |
|    ep_rew_mean     | -12      |
|    episodes        | 209      |
|    grasp_rate      | 0.38     |
|    lift_rate       | 0.08     |
|    place_err_mm    | 268      |
|    safety_clamped  | 142      |
|    success_rate    | 0.02     |
| time/              |          |
|    episodes        | 210      |
|    fps             | 60       |
|    time_elapsed    | 509      |
|    total_timesteps | 30580    |
| train/             |          |
|    actor_loss      | -27.1    |
|    critic_loss     | 11.8     |
|    ent_coef        | 0.0385   |
|    ent_coef_loss   | -0.0271  |
|    learning_rate   | 0.0003   |
|    n_updates       | 25579    |
---------------------------------
---------------------------------
| rollout/           |          |
|    collision_steps | 0        |
|    ep_len          | 155      |
|    episodes        | 218      |
|    grasp_rate      | 0.28     |
|    lift_rate       | 0.06     |
|    place_err_mm    | 274      |
|    safety_clamped  | 150      |
|    success_rate    | 0.02     |
| train/             |          |
|    actor_loss      | -22.6    |
|    critic_loss     | 14.3     |
|    ent_coef        | 0.0365   |
|    ent_coef_loss   | -0.241   |
|    learning_rate   | 0.0003   |
|    n_updates       | 26999    |
---------------------------------
---------------------------------
| rollout/           |          |
|    collision_steps | 0        |
|    ep_len          | 155      |
|    ep_len_mean     | 152      |
|    ep_rew_mean     | -11      |
|    episodes        | 219      |
|    grasp_rate      | 0.28     |
|    lift_rate       | 0.06     |
|    place_err_mm    | 275      |
|    safety_clamped  | 150      |
|    success_rate    | 0.02     |
| time/              |          |
|    episodes        | 220      |
|    fps             | 59       |
|    time_elapsed    | 538      |
|    total_timesteps | 32290    |
| train/             |          |
|    actor_loss      | -26.4    |
|    critic_loss     | 16       |
|    ent_coef        | 0.0367   |
|    ent_coef_loss   | 0.725    |
|    learning_rate   | 0.0003   |
|    n_updates       | 27289    |
---------------------------------
---------------------------------
| rollout/           |          |
|    collision_steps | 0        |
|    ep_len          | 155      |
|    ep_len_mean     | 150      |
|    ep_rew_mean     | -9.21    |
|    episodes        | 229      |
|    grasp_rate      | 0.26     |
|    lift_rate       | 0.08     |
|    place_err_mm    | 285      |
|    safety_clamped  | 150      |
|    success_rate    | 0.02     |
| time/              |          |
|    episodes        | 230      |
|    fps             | 59       |
|    time_elapsed    | 563      |
|    total_timesteps | 33560    |
| train/             |          |
|    actor_loss      | -23.4    |
|    critic_loss     | 17.6     |
|    ent_coef        | 0.0351   |
|    ent_coef_loss   | 1.13     |
|    learning_rate   | 0.0003   |
|    n_updates       | 28559    |
---------------------------------
---------------------------------
| rollout/           |          |
|    collision_steps | 0        |
|    ep_len          | 153      |
|    episodes        | 232      |
|    grasp_rate      | 0.26     |
|    lift_rate       | 0.08     |
|    place_err_mm    | 281      |
|    safety_clamped  | 148      |
|    success_rate    | 0        |
| train/             |          |
|    actor_loss      | -24.4    |
|    critic_loss     | 15       |
|    ent_coef        | 0.0345   |
|    ent_coef_loss   | -0.632   |
|    learning_rate   | 0.0003   |
|    n_updates       | 28999    |
---------------------------------
---------------------------------
| rollout/           |          |
|    collision_steps | 0        |
|    ep_len          | 149      |
|    ep_len_mean     | 147      |
|    ep_rew_mean     | -8.27    |
|    episodes        | 239      |
|    grasp_rate      | 0.28     |
|    lift_rate       | 0.12     |
|    place_err_mm    | 274      |
|    safety_clamped  | 143      |
|    success_rate    | 0.02     |
| time/              |          |
|    episodes        | 240      |
|    fps             | 59       |
|    time_elapsed    | 587      |
|    total_timesteps | 34930    |
| train/             |          |
|    actor_loss      | -22.5    |
|    critic_loss     | 9.53     |
|    ent_coef        | 0.0356   |
|    ent_coef_loss   | 0.382    |
|    learning_rate   | 0.0003   |
|    n_updates       | 29929    |
---------------------------------
---------------------------------
| rollout/           |          |
|    collision_steps | 0        |
|    ep_len          | 150      |
|    episodes        | 247      |
|    grasp_rate      | 0.26     |
|    lift_rate       | 0.16     |
|    place_err_mm    | 278      |
|    safety_clamped  | 146      |
|    success_rate    | 0        |
| train/             |          |
|    actor_loss      | -23.4    |
|    critic_loss     | 11.6     |
|    ent_coef        | 0.0341   |
|    ent_coef_loss   | 1.67     |
|    learning_rate   | 0.0003   |
|    n_updates       | 30999    |
---------------------------------
---------------------------------
| rollout/           |          |
|    collision_steps | 0        |
|    ep_len          | 148      |
|    ep_len_mean     | 149      |
|    ep_rew_mean     | -10.1    |
|    episodes        | 249      |
|    grasp_rate      | 0.28     |
|    lift_rate       | 0.18     |
|    place_err_mm    | 280      |
|    safety_clamped  | 144      |
|    success_rate    | 0.01     |
| time/              |          |
|    episodes        | 250      |
|    fps             | 59       |
|    time_elapsed    | 613      |
|    total_timesteps | 36470    |
| train/             |          |
|    actor_loss      | -24.1    |
|    critic_loss     | 13.3     |
|    ent_coef        | 0.0336   |
|    ent_coef_loss   | 0.246    |
|    learning_rate   | 0.0003   |
|    n_updates       | 31469    |
---------------------------------
---------------------------------
| rollout/           |          |
|    collision_steps | 0        |
|    ep_len          | 154      |
|    episodes        | 258      |
|    grasp_rate      | 0.24     |
|    lift_rate       | 0.14     |
|    place_err_mm    | 274      |
|    safety_clamped  | 149      |
|    success_rate    | 0        |
| train/             |          |
|    actor_loss      | -18.2    |
|    critic_loss     | 9.33     |
|    ent_coef        | 0.0312   |
|    ent_coef_loss   | -0.946   |
|    learning_rate   | 0.0003   |
|    n_updates       | 32999    |
---------------------------------
---------------------------------
| rollout/           |          |
|    collision_steps | 0        |
|    ep_len          | 154      |
|    ep_len_mean     | 150      |
|    ep_rew_mean     | -12.8    |
|    episodes        | 259      |
|    grasp_rate      | 0.24     |
|    lift_rate       | 0.14     |
|    place_err_mm    | 274      |
|    safety_clamped  | 149      |
|    success_rate    | 0.01     |
| time/              |          |
|    episodes        | 260      |
|    fps             | 59       |
|    time_elapsed    | 642      |
|    total_timesteps | 38151    |
| train/             |          |
|    actor_loss      | -22.2    |
|    critic_loss     | 11.8     |
|    ent_coef        | 0.0314   |
|    ent_coef_loss   | 1.17     |
|    learning_rate   | 0.0003   |
|    n_updates       | 33150    |
---------------------------------
---------------------------------
| rollout/           |          |
|    collision_steps | 0        |
|    ep_len          | 149      |
|    ep_len_mean     | 154      |
|    ep_rew_mean     | -15.5    |
|    episodes        | 269      |
|    grasp_rate      | 0.32     |
|    lift_rate       | 0.16     |
|    place_err_mm    | 270      |
|    safety_clamped  | 145      |
|    success_rate    | 0        |
| time/              |          |
|    episodes        | 270      |
|    fps             | 59       |
|    time_elapsed    | 673      |
|    total_timesteps | 39731    |
| train/             |          |
|    actor_loss      | -19.8    |
|    critic_loss     | 8.6      |
|    ent_coef        | 0.0293   |
|    ent_coef_loss   | -0.0457  |
|    learning_rate   | 0.0003   |
|    n_updates       | 34730    |
---------------------------------
---------------------------------
| rollout/           |          |
|    collision_steps | 0        |
|    ep_len          | 150      |
|    episodes        | 271      |
|    grasp_rate      | 0.32     |
|    lift_rate       | 0.16     |
|    place_err_mm    | 272      |
|    safety_clamped  | 147      |
|    success_rate    | 0        |
| train/             |          |
|    actor_loss      | -16.1    |
|    critic_loss     | 12.5     |
|    ent_coef        | 0.0286   |
|    ent_coef_loss   | 0.302    |
|    learning_rate   | 0.0003   |
|    n_updates       | 34999    |
---------------------------------
Eval num_timesteps=40000, episode_reward=-19.95 +/- 4.68
Episode length: 200.00 +/- 0.00
Success rate: 0.00%
---------------------------------
| eval/              |          |
|    mean_ep_length  | 200      |
|    mean_reward     | -19.9    |
|    success_rate    | 0        |
| time/              |          |
|    total_timesteps | 40000    |
---------------------------------
New best mean reward!
---------------------------------
| rollout/           |          |
|    collision_steps | 0        |
|    ep_len          | 155      |
|    ep_len_mean     | 155      |
|    ep_rew_mean     | -14      |
|    episodes        | 279      |
|    grasp_rate      | 0.3      |
|    lift_rate       | 0.12     |
|    place_err_mm    | 271      |
|    safety_clamped  | 150      |
|    success_rate    | 0        |
| time/              |          |
|    episodes        | 280      |
|    fps             | 58       |
|    time_elapsed    | 707      |
|    total_timesteps | 41391    |
| train/             |          |
|    actor_loss      | -19      |
|    critic_loss     | 6.24     |
|    ent_coef        | 0.0299   |
|    ent_coef_loss   | -0.862   |
|    learning_rate   | 0.0003   |
|    n_updates       | 36390    |
---------------------------------
---------------------------------
| rollout/           |          |
|    collision_steps | 0        |
|    ep_len          | 155      |
|    episodes        | 283      |
|    grasp_rate      | 0.3      |
|    lift_rate       | 0.12     |
|    place_err_mm    | 277      |
|    safety_clamped  | 151      |
|    success_rate    | 0        |
| train/             |          |
|    actor_loss      | -19.8    |
|    critic_loss     | 15.3     |
|    ent_coef        | 0.0301   |
|    ent_coef_loss   | 1.91     |
|    learning_rate   | 0.0003   |
|    n_updates       | 36999    |
---------------------------------
---------------------------------
| rollout/           |          |
|    collision_steps | 0        |
|    ep_len          | 162      |
|    ep_len_mean     | 157      |
|    ep_rew_mean     | -15.3    |
|    episodes        | 289      |
|    grasp_rate      | 0.26     |
|    lift_rate       | 0.08     |
|    place_err_mm    | 276      |
|    safety_clamped  | 158      |
|    success_rate    | 0        |
| time/              |          |
|    episodes        | 290      |
|    fps             | 58       |
|    time_elapsed    | 739      |
|    total_timesteps | 43131    |
| train/             |          |
|    actor_loss      | -16.5    |
|    critic_loss     | 7.57     |
|    ent_coef        | 0.031    |
|    ent_coef_loss   | -1.98    |
|    learning_rate   | 0.0003   |
|    n_updates       | 38130    |
---------------------------------
---------------------------------
| rollout/           |          |
|    collision_steps | 0        |
|    ep_len          | 167      |
|    episodes        | 294      |
|    grasp_rate      | 0.24     |
|    lift_rate       | 0.06     |
|    place_err_mm    | 281      |
|    safety_clamped  | 163      |
|    success_rate    | 0        |
| train/             |          |
|    actor_loss      | -16.6    |
|    critic_loss     | 6.92     |
|    ent_coef        | 0.0304   |
|    ent_coef_loss   | 0.251    |
|    learning_rate   | 0.0003   |
|    n_updates       | 38999    |
---------------------------------
---------------------------------
| rollout/           |          |
|    collision_steps | 0        |
|    ep_len          | 170      |
|    ep_len_mean     | 159      |
|    ep_rew_mean     | -16.2    |
|    episodes        | 299      |
|    grasp_rate      | 0.22     |
|    lift_rate       | 0.02     |
|    place_err_mm    | 283      |
|    safety_clamped  | 166      |
|    success_rate    | 0        |
| time/              |          |
|    episodes        | 300      |
|    fps             | 58       |
|    time_elapsed    | 771      |
|    total_timesteps | 44951    |
| train/             |          |
|    actor_loss      | -17.8    |
|    critic_loss     | 20.5     |
|    ent_coef        | 0.0299   |
|    ent_coef_loss   | -0.946   |
|    learning_rate   | 0.0003   |
|    n_updates       | 39950    |
---------------------------------
---------------------------------
| rollout/           |          |
|    collision_steps | 0        |
|    ep_len          | 161      |
|    episodes        | 307      |
|    grasp_rate      | 0.32     |
|    lift_rate       | 0.04     |
|    place_err_mm    | 281      |
|    safety_clamped  | 157      |
|    success_rate    | 0        |
| train/             |          |
|    actor_loss      | -18.5    |
|    critic_loss     | 10.8     |
|    ent_coef        | 0.0299   |
|    ent_coef_loss   | -0.152   |
|    learning_rate   | 0.0003   |
|    n_updates       | 40999    |
---------------------------------
---------------------------------
| rollout/           |          |
|    collision_steps | 0        |
|    ep_len          | 164      |
|    ep_len_mean     | 158      |
|    ep_rew_mean     | -14      |
|    episodes        | 309      |
|    grasp_rate      | 0.3      |
|    lift_rate       | 0.04     |
|    place_err_mm    | 284      |
|    safety_clamped  | 160      |
|    success_rate    | 0        |
| time/              |          |
|    episodes        | 310      |
|    fps             | 58       |
|    time_elapsed    | 796      |
|    total_timesteps | 46381    |
| train/             |          |
|    actor_loss      | -14.8    |
|    critic_loss     | 9.09     |
|    ent_coef        | 0.0295   |
|    ent_coef_loss   | 0.251    |
|    learning_rate   | 0.0003   |
|    n_updates       | 41380    |
---------------------------------
---------------------------------
| rollout/           |          |
|    collision_steps | 0        |
|    ep_len          | 160      |
|    ep_len_mean     | 154      |
|    ep_rew_mean     | -7.72    |
|    episodes        | 319      |
|    grasp_rate      | 0.26     |
|    lift_rate       | 0.06     |
|    place_err_mm    | 272      |
|    safety_clamped  | 156      |
|    success_rate    | 0.02     |
| time/              |          |
|    episodes        | 320      |
|    fps             | 58       |
|    time_elapsed    | 817      |
|    total_timesteps | 47645    |
| train/             |          |
|    actor_loss      | -18.4    |
|    critic_loss     | 7.49     |
|    ent_coef        | 0.0291   |
|    ent_coef_loss   | 1.12     |
|    learning_rate   | 0.0003   |
|    n_updates       | 42644    |
---------------------------------
---------------------------------
| rollout/           |          |
|    collision_steps | 0        |
|    ep_len          | 158      |
|    episodes        | 321      |
|    grasp_rate      | 0.26     |
|    lift_rate       | 0.06     |
|    place_err_mm    | 271      |
|    safety_clamped  | 154      |
|    success_rate    | 0.04     |
| train/             |          |
|    actor_loss      | -16.3    |
|    critic_loss     | 17.7     |
|    ent_coef        | 0.0289   |
|    ent_coef_loss   | 0.938    |
|    learning_rate   | 0.0003   |
|    n_updates       | 42999    |
---------------------------------
---------------------------------
| rollout/           |          |
|    collision_steps | 0        |
|    ep_len          | 162      |
|    ep_len_mean     | 158      |
|    ep_rew_mean     | -9.52    |
|    episodes        | 329      |
|    grasp_rate      | 0.26     |
|    lift_rate       | 0.06     |
|    place_err_mm    | 261      |
|    safety_clamped  | 158      |
|    success_rate    | 0.02     |
| time/              |          |
|    episodes        | 330      |
|    fps             | 58       |
|    time_elapsed    | 847      |
|    total_timesteps | 49405    |
| train/             |          |
|    actor_loss      | -17      |
|    critic_loss     | 13.8     |
|    ent_coef        | 0.0269   |
|    ent_coef_loss   | 1.3      |
|    learning_rate   | 0.0003   |
|    n_updates       | 44404    |
---------------------------------
---------------------------------
| rollout/           |          |
|    collision_steps | 0        |
|    ep_len          | 160      |
|    episodes        | 333      |
|    grasp_rate      | 0.28     |
|    lift_rate       | 0.06     |
|    place_err_mm    | 253      |
|    safety_clamped  | 156      |
|    success_rate    | 0.04     |
| train/             |          |
|    actor_loss      | -12.3    |
|    critic_loss     | 151      |
|    ent_coef        | 0.026    |
|    ent_coef_loss   | -0.546   |
|    learning_rate   | 0.0003   |
|    n_updates       | 44999    |
---------------------------------
Eval num_timesteps=50000, episode_reward=-19.18 +/- 7.24
Episode length: 200.00 +/- 0.00
Success rate: 0.00%
---------------------------------
| eval/              |          |
|    mean_ep_length  | 200      |
|    mean_reward     | -19.2    |
|    success_rate    | 0        |
| time/              |          |
|    total_timesteps | 50000    |
---------------------------------
New best mean reward!
---------------------------------
| rollout/           |          |
|    collision_steps | 0        |
|    ep_len          | 156      |
|    ep_len_mean     | 159      |
|    ep_rew_mean     | -10.1    |
|    episodes        | 339      |
|    grasp_rate      | 0.3      |
|    lift_rate       | 0.06     |
|    place_err_mm    | 255      |
|    safety_clamped  | 153      |
|    success_rate    | 0.02     |
| time/              |          |
|    episodes        | 340      |
|    fps             | 58       |
|    time_elapsed    | 877      |
|    total_timesteps | 50875    |
| train/             |          |
|    actor_loss      | -20.3    |
|    critic_loss     | 10.2     |
|    ent_coef        | 0.0265   |
|    ent_coef_loss   | 1.11     |
|    learning_rate   | 0.0003   |
|    n_updates       | 45874    |
---------------------------------
---------------------------------
| rollout/           |          |
|    collision_steps | 0        |
|    ep_len          | 148      |
|    episodes        | 348      |
|    grasp_rate      | 0.34     |
|    lift_rate       | 0.1      |
|    place_err_mm    | 252      |
|    safety_clamped  | 144      |
|    success_rate    | 0.06     |
| train/             |          |
|    actor_loss      | -18.1    |
|    critic_loss     | 8.26     |
|    ent_coef        | 0.0265   |
|    ent_coef_loss   | 0.968    |
|    learning_rate   | 0.0003   |
|    n_updates       | 46999    |
---------------------------------
---------------------------------
| rollout/           |          |
|    collision_steps | 0        |
|    ep_len          | 148      |
|    ep_len_mean     | 157      |
|    ep_rew_mean     | -5.13    |
|    episodes        | 349      |
|    grasp_rate      | 0.34     |
|    lift_rate       | 0.1      |
|    place_err_mm    | 251      |
|    safety_clamped  | 144      |
|    success_rate    | 0.04     |
| time/              |          |
|    episodes        | 350      |
|    fps             | 57       |
|    time_elapsed    | 901      |
|    total_timesteps | 52195    |
| train/             |          |
|    actor_loss      | -18.3    |
|    critic_loss     | 9.88     |
|    ent_coef        | 0.0262   |
|    ent_coef_loss   | -0.468   |
|    learning_rate   | 0.0003   |
|    n_updates       | 47194    |
---------------------------------
---------------------------------
| rollout/           |          |
|    collision_steps | 0        |
|    ep_len          | 143      |
|    ep_len_mean     | 155      |
|    ep_rew_mean     | 0.401    |
|    episodes        | 359      |
|    grasp_rate      | 0.34     |
|    lift_rate       | 0.1      |
|    place_err_mm    | 245      |
|    safety_clamped  | 140      |
|    success_rate    | 0.05     |
| time/              |          |
|    episodes        | 360      |
|    fps             | 57       |
|    time_elapsed    | 925      |
|    total_timesteps | 53621    |
| train/             |          |
|    actor_loss      | -21.8    |
|    critic_loss     | 17.4     |
|    ent_coef        | 0.026    |
|    ent_coef_loss   | 2.11     |
|    learning_rate   | 0.0003   |
|    n_updates       | 48620    |
---------------------------------
---------------------------------
| rollout/           |          |
|    collision_steps | 0        |
|    ep_len          | 147      |
|    episodes        | 362      |
|    grasp_rate      | 0.32     |
|    lift_rate       | 0.1      |
|    place_err_mm    | 250      |
|    safety_clamped  | 144      |
|    success_rate    | 0.1      |
| train/             |          |
|    actor_loss      | -15.5    |
|    critic_loss     | 30.6     |
|    ent_coef        | 0.0262   |
|    ent_coef_loss   | -0.748   |
|    learning_rate   | 0.0003   |
|    n_updates       | 48999    |
---------------------------------
---------------------------------
| rollout/           |          |
|    collision_steps | 0        |
|    ep_len          | 145      |
|    ep_len_mean     | 153      |
|    ep_rew_mean     | 4.64     |
|    episodes        | 369      |
|    grasp_rate      | 0.34     |
|    lift_rate       | 0.1      |
|    place_err_mm    | 256      |
|    safety_clamped  | 142      |
|    success_rate    | 0.07     |
| time/              |          |
|    episodes        | 370      |
|    fps             | 57       |
|    time_elapsed    | 949      |
|    total_timesteps | 54992    |
| train/             |          |
|    actor_loss      | -14.4    |
|    critic_loss     | 11.7     |
|    ent_coef        | 0.0259   |
|    ent_coef_loss   | 0.48     |
|    learning_rate   | 0.0003   |
|    n_updates       | 49991    |
---------------------------------
---------------------------------
| rollout/           |          |
|    collision_steps | 0        |
|    ep_len          | 134      |
|    episodes        | 379      |
|    grasp_rate      | 0.4      |
|    lift_rate       | 0.14     |
|    place_err_mm    | 262      |
|    safety_clamped  | 130      |
|    success_rate    | 0.14     |
| train/             |          |
|    actor_loss      | -14      |
|    critic_loss     | 12.4     |
|    ent_coef        | 0.0254   |
|    ent_coef_loss   | -0.521   |
|    learning_rate   | 0.0003   |
|    n_updates       | 50999    |
---------------------------------
---------------------------------
| rollout/           |          |
|    collision_steps | 0        |
|    ep_len          | 134      |
|    ep_len_mean     | 148      |
|    ep_rew_mean     | 8.93     |
|    episodes        | 379      |
|    grasp_rate      | 0.4      |
|    lift_rate       | 0.14     |
|    place_err_mm    | 262      |
|    safety_clamped  | 130      |
|    success_rate    | 0.09     |
| time/              |          |
|    episodes        | 380      |
|    fps             | 57       |
|    time_elapsed    | 973      |
|    total_timesteps | 56173    |
| train/             |          |
|    actor_loss      | -15.9    |
|    critic_loss     | 6.03     |
|    ent_coef        | 0.0254   |
|    ent_coef_loss   | -0.434   |
|    learning_rate   | 0.0003   |
|    n_updates       | 51172    |
---------------------------------
---------------------------------
| rollout/           |          |
|    collision_steps | 0.1      |
|    ep_len          | 137      |
|    ep_len_mean     | 146      |
|    ep_rew_mean     | 13.1     |
|    episodes        | 389      |
|    grasp_rate      | 0.4      |
|    lift_rate       | 0.14     |
|    place_err_mm    | 264      |
|    safety_clamped  | 133      |
|    success_rate    | 0.1      |
| time/              |          |
|    episodes        | 390      |
|    fps             | 57       |
|    time_elapsed    | 1001     |
|    total_timesteps | 57707    |
| train/             |          |
|    actor_loss      | -18.7    |
|    critic_loss     | 10.6     |
|    ent_coef        | 0.0244   |
|    ent_coef_loss   | 1.74     |
|    learning_rate   | 0.0003   |
|    n_updates       | 52706    |
---------------------------------
---------------------------------
| rollout/           |          |
|    collision_steps | 0.1      |
|    ep_len          | 140      |
|    episodes        | 391      |
|    grasp_rate      | 0.4      |
|    lift_rate       | 0.14     |
|    place_err_mm    | 260      |
|    safety_clamped  | 136      |
|    success_rate    | 0.14     |
| train/             |          |
|    actor_loss      | -17.5    |
|    critic_loss     | 12.4     |
|    ent_coef        | 0.0244   |
|    ent_coef_loss   | 0.827    |
|    learning_rate   | 0.0003   |
|    n_updates       | 52999    |
---------------------------------
---------------------------------
| rollout/           |          |
|    collision_steps | 0.1      |
|    ep_len          | 134      |
|    ep_len_mean     | 140      |
|    ep_rew_mean     | 18.6     |
|    episodes        | 399      |
|    grasp_rate      | 0.42     |
|    lift_rate       | 0.1      |
|    place_err_mm    | 243      |
|    safety_clamped  | 130      |
|    success_rate    | 0.12     |
| time/              |          |
|    episodes        | 400      |
|    fps             | 57       |
|    time_elapsed    | 1025     |
|    total_timesteps | 58978    |
| train/             |          |
|    actor_loss      | -11.9    |
|    critic_loss     | 6.51     |
|    ent_coef        | 0.0242   |
|    ent_coef_loss   | 0.798    |
|    learning_rate   | 0.0003   |
|    n_updates       | 53977    |
---------------------------------
---------------------------------
| rollout/           |          |
|    collision_steps | 0.1      |
|    ep_len          | 138      |
|    episodes        | 407      |
|    grasp_rate      | 0.4      |
|    lift_rate       | 0.1      |
|    place_err_mm    | 251      |
|    safety_clamped  | 134      |
|    success_rate    | 0.16     |
| train/             |          |
|    actor_loss      | -17.3    |
|    critic_loss     | 7.2      |
|    ent_coef        | 0.025    |
|    ent_coef_loss   | -0.199   |
|    learning_rate   | 0.0003   |
|    n_updates       | 54999    |
---------------------------------
Eval num_timesteps=60000, episode_reward=-23.68 +/- 5.75
Episode length: 200.00 +/- 0.00
Success rate: 0.00%
---------------------------------
| eval/              |          |
|    mean_ep_length  | 200      |
|    mean_reward     | -23.7    |
|    success_rate    | 0        |
| time/              |          |
|    total_timesteps | 60000    |
---------------------------------
---------------------------------
| rollout/           |          |
|    collision_steps | 0.1      |
|    ep_len          | 138      |
|    ep_len_mean     | 141      |
|    ep_rew_mean     | 20       |
|    episodes        | 409      |
|    grasp_rate      | 0.4      |
|    lift_rate       | 0.1      |
|    place_err_mm    | 253      |
|    safety_clamped  | 134      |
|    success_rate    | 0.13     |
| time/              |          |
|    episodes        | 410      |
|    fps             | 57       |
|    time_elapsed    | 1055     |
|    total_timesteps | 60510    |
| train/             |          |
|    actor_loss      | -15.5    |
|    critic_loss     | 7.58     |
|    ent_coef        | 0.025    |
|    ent_coef_loss   | -0.0205  |
|    learning_rate   | 0.0003   |
|    n_updates       | 55509    |
---------------------------------
---------------------------------
| rollout/           |          |
|    collision_steps | 0.1      |
|    ep_len          | 144      |
|    episodes        | 419      |
|    grasp_rate      | 0.38     |
|    lift_rate       | 0.06     |
|    place_err_mm    | 261      |
|    safety_clamped  | 139      |
|    success_rate    | 0.12     |
| train/             |          |
|    actor_loss      | -18.9    |
|    critic_loss     | 24.1     |
|    ent_coef        | 0.0235   |
|    ent_coef_loss   | 1.4      |
|    learning_rate   | 0.0003   |
|    n_updates       | 56999    |
---------------------------------
---------------------------------
| rollout/           |          |
|    collision_steps | 0.1      |
|    ep_len          | 144      |
|    ep_len_mean     | 145      |
|    ep_rew_mean     | 14.5     |
|    episodes        | 419      |
|    grasp_rate      | 0.38     |
|    lift_rate       | 0.06     |
|    place_err_mm    | 261      |
|    safety_clamped  | 139      |
|    success_rate    | 0.11     |
| time/              |          |
|    episodes        | 420      |
|    fps             | 57       |
|    time_elapsed    | 1083     |
|    total_timesteps | 62170    |
| train/             |          |
|    actor_loss      | -18.5    |
|    critic_loss     | 19.6     |
|    ent_coef        | 0.023    |
|    ent_coef_loss   | 1.25     |
|    learning_rate   | 0.0003   |
|    n_updates       | 57169    |
---------------------------------
---------------------------------
| rollout/           |          |
|    collision_steps | 0.1      |
|    ep_len          | 150      |
|    ep_len_mean     | 142      |
|    ep_rew_mean     | 18.7     |
|    episodes        | 429      |
|    grasp_rate      | 0.36     |
|    lift_rate       | 0.06     |
|    place_err_mm    | 258      |
|    safety_clamped  | 146      |
|    success_rate    | 0.12     |
| time/              |          |
|    episodes        | 430      |
|    fps             | 57       |
|    time_elapsed    | 1108     |
|    total_timesteps | 63654    |
| train/             |          |
|    actor_loss      | -12.4    |
|    critic_loss     | 6.37     |
|    ent_coef        | 0.0219   |
|    ent_coef_loss   | 1.57     |
|    learning_rate   | 0.0003   |
|    n_updates       | 58653    |
---------------------------------
---------------------------------
| rollout/           |          |
|    collision_steps | 0.1      |
|    ep_len          | 146      |
|    episodes        | 432      |
|    grasp_rate      | 0.38     |
|    lift_rate       | 0.08     |
|    place_err_mm    | 253      |
|    safety_clamped  | 143      |
|    success_rate    | 0.12     |
| train/             |          |
|    actor_loss      | -16.8    |
|    critic_loss     | 9.33     |
|    ent_coef        | 0.0217   |
|    ent_coef_loss   | 0.122    |
|    learning_rate   | 0.0003   |
|    n_updates       | 58999    |
---------------------------------
---------------------------------
| rollout/           |          |
|    collision_steps | 0        |
|    ep_len          | 146      |
|    ep_len_mean     | 141      |
|    ep_rew_mean     | 22.1     |
|    episodes        | 439      |
|    grasp_rate      | 0.38     |
|    lift_rate       | 0.1      |
|    place_err_mm    | 278      |
|    safety_clamped  | 143      |
|    success_rate    | 0.13     |
| time/              |          |
|    episodes        | 440      |
|    fps             | 57       |
|    time_elapsed    | 1130     |
|    total_timesteps | 65008    |
| train/             |          |
|    actor_loss      | -14.3    |
|    critic_loss     | 11.2     |
|    ent_coef        | 0.0225   |
|    ent_coef_loss   | 0.0404   |
|    learning_rate   | 0.0003   |
|    n_updates       | 60007    |
---------------------------------
---------------------------------
| rollout/           |          |
|    collision_steps | 0        |
|    ep_len          | 144      |
|    episodes        | 447      |
|    grasp_rate      | 0.4      |
|    lift_rate       | 0.12     |
|    place_err_mm    | 295      |
|    safety_clamped  | 140      |
|    success_rate    | 0.1      |
| train/             |          |
|    actor_loss      | -13.3    |
|    critic_loss     | 8.64     |
|    ent_coef        | 0.0229   |
|    ent_coef_loss   | -1.02    |
|    learning_rate   | 0.0003   |
|    n_updates       | 60999    |
---------------------------------
---------------------------------
| rollout/           |          |
|    collision_steps | 0        |
|    ep_len          | 148      |
|    ep_len_mean     | 142      |
|    ep_rew_mean     | 19.6     |
|    episodes        | 449      |
|    grasp_rate      | 0.38     |
|    lift_rate       | 0.14     |
|    place_err_mm    | 299      |
|    safety_clamped  | 144      |
|    success_rate    | 0.12     |
| time/              |          |
|    episodes        | 450      |
|    fps             | 57       |
|    time_elapsed    | 1154     |
|    total_timesteps | 66367    |
| train/             |          |
|    actor_loss      | -14.8    |
|    critic_loss     | 31       |
|    ent_coef        | 0.0222   |
|    ent_coef_loss   | 1.41     |
|    learning_rate   | 0.0003   |
|    n_updates       | 61366    |
---------------------------------
---------------------------------
| rollout/           |          |
|    collision_steps | 0        |
|    ep_len          | 146      |
|    ep_len_mean     | 141      |
|    ep_rew_mean     | 18.6     |
|    episodes        | 459      |
|    grasp_rate      | 0.42     |
|    lift_rate       | 0.12     |
|    place_err_mm    | 305      |
|    safety_clamped  | 142      |
|    success_rate    | 0.11     |
| time/              |          |
|    episodes        | 460      |
|    fps             | 57       |
|    time_elapsed    | 1177     |
|    total_timesteps | 67727    |
| train/             |          |
|    actor_loss      | -16.9    |
|    critic_loss     | 14.7     |
|    ent_coef        | 0.022    |
|    ent_coef_loss   | 1.5      |
|    learning_rate   | 0.0003   |
|    n_updates       | 62726    |
---------------------------------
---------------------------------
| rollout/           |          |
|    collision_steps | 0.02     |
|    ep_len          | 144      |
|    episodes        | 461      |
|    grasp_rate      | 0.44     |
|    lift_rate       | 0.12     |
|    place_err_mm    | 299      |
|    safety_clamped  | 141      |
|    success_rate    | 0.06     |
| train/             |          |
|    actor_loss      | -13.4    |
|    critic_loss     | 18.3     |
|    ent_coef        | 0.022    |
|    ent_coef_loss   | 0.942    |
|    learning_rate   | 0.0003   |
|    n_updates       | 62999    |
---------------------------------
---------------------------------
| rollout/           |          |
|    collision_steps | 0.02     |
|    ep_len          | 146      |
|    ep_len_mean     | 144      |
|    ep_rew_mean     | 12.1     |
|    episodes        | 469      |
|    grasp_rate      | 0.44     |
|    lift_rate       | 0.12     |
|    place_err_mm    | 302      |
|    safety_clamped  | 142      |
|    success_rate    | 0.09     |
| time/              |          |
|    episodes        | 470      |
|    fps             | 57       |
|    time_elapsed    | 1205     |
|    total_timesteps | 69348    |
| train/             |          |
|    actor_loss      | -13.3    |
|    critic_loss     | 5.25     |
|    ent_coef        | 0.0203   |
|    ent_coef_loss   | 0.177    |
|    learning_rate   | 0.0003   |
|    n_updates       | 64347    |
---------------------------------
---------------------------------
| rollout/           |          |
|    collision_steps | 0.02     |
|    ep_len          | 143      |
|    episodes        | 474      |
|    grasp_rate      | 0.46     |
|    lift_rate       | 0.14     |
|    place_err_mm    | 309      |
|    safety_clamped  | 139      |
|    success_rate    | 0.06     |
| train/             |          |
|    actor_loss      | -10.5    |
|    critic_loss     | 9.41     |
|    ent_coef        | 0.0199   |
|    ent_coef_loss   | 0.872    |
|    learning_rate   | 0.0003   |
|    n_updates       | 64999    |
---------------------------------
Eval num_timesteps=70000, episode_reward=-15.24 +/- 3.88
Episode length: 200.00 +/- 0.00
Success rate: 0.00%
---------------------------------
| eval/              |          |
|    mean_ep_length  | 200      |
|    mean_reward     | -15.2    |
|    success_rate    | 0        |
| time/              |          |
|    total_timesteps | 70000    |
---------------------------------
New best mean reward!
---------------------------------
| rollout/           |          |
|    collision_steps | 0.02     |
|    ep_len          | 144      |
|    ep_len_mean     | 146      |
|    ep_rew_mean     | 10.4     |
|    episodes        | 479      |
|    grasp_rate      | 0.42     |
|    lift_rate       | 0.12     |
|    place_err_mm    | 311      |
|    safety_clamped  | 140      |
|    success_rate    | 0.08     |
| time/              |          |
|    episodes        | 480      |
|    fps             | 57       |
|    time_elapsed    | 1234     |
|    total_timesteps | 70772    |
| train/             |          |
|    actor_loss      | -10.7    |
|    critic_loss     | 14.6     |
|    ent_coef        | 0.0205   |
|    ent_coef_loss   | -0.554   |
|    learning_rate   | 0.0003   |
|    n_updates       | 65771    |
---------------------------------
---------------------------------
| rollout/           |          |
|    collision_steps | 0.02     |
|    ep_len          | 148      |
|    episodes        | 486      |
|    grasp_rate      | 0.38     |
|    lift_rate       | 0.1      |
|    place_err_mm    | 301      |
|    safety_clamped  | 144      |
|    success_rate    | 0.04     |
| train/             |          |
|    actor_loss      | -9.46    |
|    critic_loss     | 12.8     |
|    ent_coef        | 0.0207   |
|    ent_coef_loss   | -3.5     |
|    learning_rate   | 0.0003   |
|    n_updates       | 66999    |
---------------------------------
---------------------------------
| rollout/           |          |
|    collision_steps | 0.06     |
|    ep_len          | 150      |
|    ep_len_mean     | 148      |
|    ep_rew_mean     | 7.01     |
|    episodes        | 489      |
|    grasp_rate      | 0.38     |
|    lift_rate       | 0.08     |
|    place_err_mm    | 298      |
|    safety_clamped  | 146      |
|    success_rate    | 0.07     |
| time/              |          |
|    episodes        | 490      |
|    fps             | 57       |
|    time_elapsed    | 1263     |
|    total_timesteps | 72512    |
| train/             |          |
|    actor_loss      | -13.6    |
|    critic_loss     | 6.77     |
|    ent_coef        | 0.0202   |
|    ent_coef_loss   | -0.263   |
|    learning_rate   | 0.0003   |
|    n_updates       | 67511    |
---------------------------------
---------------------------------
| rollout/           |          |
|    collision_steps | 0.06     |
|    ep_len          | 151      |
|    ep_len_mean     | 150      |
|    ep_rew_mean     | -0.557   |
|    episodes        | 499      |
|    grasp_rate      | 0.34     |
|    lift_rate       | 0.06     |
|    place_err_mm    | 293      |
|    safety_clamped  | 148      |
|    success_rate    | 0.05     |
| time/              |          |
|    episodes        | 500      |
|    fps             | 57       |
|    time_elapsed    | 1288     |
|    total_timesteps | 73985    |
| train/             |          |
|    actor_loss      | -9.19    |
|    critic_loss     | 21.9     |
|    ent_coef        | 0.0204   |
|    ent_coef_loss   | -0.336   |
|    learning_rate   | 0.0003   |
|    n_updates       | 68984    |
---------------------------------
---------------------------------
| rollout/           |          |
|    collision_steps | 0.06     |
|    ep_len          | 152      |
|    episodes        | 500      |
|    grasp_rate      | 0.32     |
|    lift_rate       | 0.06     |
|    place_err_mm    | 297      |
|    safety_clamped  | 149      |
|    success_rate    | 0.02     |
| train/             |          |
|    actor_loss      | -11.7    |
|    critic_loss     | 18.6     |
|    ent_coef        | 0.0204   |
|    ent_coef_loss   | -0.562   |
|    learning_rate   | 0.0003   |
|    n_updates       | 68999    |
---------------------------------
---------------------------------
| rollout/           |          |
|    collision_steps | 0.06     |
|    ep_len          | 157      |
|    ep_len_mean     | 151      |
|    ep_rew_mean     | -0.351   |
|    episodes        | 509      |
|    grasp_rate      | 0.28     |
|    lift_rate       | 0.08     |
|    place_err_mm    | 289      |
|    safety_clamped  | 153      |
|    success_rate    | 0.05     |
| time/              |          |
|    episodes        | 510      |
|    fps             | 57       |
|    time_elapsed    | 1316     |
|    total_timesteps | 75639    |
| train/             |          |
|    actor_loss      | -11.8    |
|    critic_loss     | 6.77     |
|    ent_coef        | 0.0197   |
|    ent_coef_loss   | -1.43    |
|    learning_rate   | 0.0003   |
|    n_updates       | 70638    |
---------------------------------
---------------------------------
| rollout/           |          |
|    collision_steps | 0.04     |
|    ep_len          | 160      |
|    episodes        | 511      |
|    grasp_rate      | 0.24     |
|    lift_rate       | 0.08     |
|    place_err_mm    | 293      |
|    safety_clamped  | 157      |
|    success_rate    | 0.04     |
| train/             |          |
|    actor_loss      | -14      |
|    critic_loss     | 19.5     |
|    ent_coef        | 0.0191   |
|    ent_coef_loss   | -0.627   |
|    learning_rate   | 0.0003   |
|    n_updates       | 70999    |
---------------------------------
---------------------------------
| rollout/           |          |
|    collision_steps | 0.04     |
|    ep_len          | 158      |
|    ep_len_mean     | 152      |
|    ep_rew_mean     | -0.619   |
|    episodes        | 519      |
|    grasp_rate      | 0.24     |
|    lift_rate       | 0.08     |
|    place_err_mm    | 284      |
|    safety_clamped  | 155      |
|    success_rate    | 0.05     |
| time/              |          |
|    episodes        | 520      |
|    fps             | 57       |
|    time_elapsed    | 1345     |
|    total_timesteps | 77379    |
| train/             |          |
|    actor_loss      | -10.6    |
|    critic_loss     | 6.11     |
|    ent_coef        | 0.0192   |
|    ent_coef_loss   | -0.295   |
|    learning_rate   | 0.0003   |
|    n_updates       | 72378    |
---------------------------------
---------------------------------
| rollout/           |          |
|    collision_steps | 0.04     |
|    ep_len          | 159      |
|    episodes        | 525      |
|    grasp_rate      | 0.24     |
|    lift_rate       | 0.06     |
|    place_err_mm    | 281      |
|    safety_clamped  | 154      |
|    success_rate    | 0.04     |
| train/             |          |
|    actor_loss      | -10.5    |
|    critic_loss     | 13.6     |
|    ent_coef        | 0.0197   |
|    ent_coef_loss   | -0.816   |
|    learning_rate   | 0.0003   |
|    n_updates       | 72999    |
---------------------------------
---------------------------------
| rollout/           |          |
|    collision_steps | 0.04     |
|    ep_len          | 158      |
|    ep_len_mean     | 151      |
|    ep_rew_mean     | -0.323   |
|    episodes        | 529      |
|    grasp_rate      | 0.26     |
|    lift_rate       | 0.08     |
|    place_err_mm    | 280      |
|    safety_clamped  | 154      |
|    success_rate    | 0.05     |
| time/              |          |
|    episodes        | 530      |
|    fps             | 57       |
|    time_elapsed    | 1370     |
|    total_timesteps | 78760    |
| train/             |          |
|    actor_loss      | -12.4    |
|    critic_loss     | 8.17     |
|    ent_coef        | 0.0203   |
|    ent_coef_loss   | 1.02     |
|    learning_rate   | 0.0003   |
|    n_updates       | 73759    |
---------------------------------
---------------------------------
| rollout/           |          |
|    collision_steps | 0.04     |
|    ep_len          | 158      |
|    episodes        | 536      |
|    grasp_rate      | 0.28     |
|    lift_rate       | 0.1      |
|    place_err_mm    | 290      |
|    safety_clamped  | 153      |
|    success_rate    | 0.04     |
| train/             |          |
|    actor_loss      | -11.3    |
|    critic_loss     | 13.3     |
|    ent_coef        | 0.0197   |
|    ent_coef_loss   | 1.09     |
|    learning_rate   | 0.0003   |
|    n_updates       | 74999    |
---------------------------------
Eval num_timesteps=80000, episode_reward=-23.71 +/- 9.86
Episode length: 200.00 +/- 0.00
Success rate: 0.00%
---------------------------------
| eval/              |          |
|    mean_ep_length  | 200      |
|    mean_reward     | -23.7    |
|    success_rate    | 0        |
| time/              |          |
|    total_timesteps | 80000    |
---------------------------------
---------------------------------
| rollout/           |          |
|    collision_steps | 0        |
|    ep_len          | 161      |
|    ep_len_mean     | 157      |
|    ep_rew_mean     | -4.95    |
|    episodes        | 539      |
|    grasp_rate      | 0.24     |
|    lift_rate       | 0.1      |
|    place_err_mm    | 289      |
|    safety_clamped  | 157      |
|    success_rate    | 0.04     |
| time/              |          |
|    episodes        | 540      |
|    fps             | 57       |
|    time_elapsed    | 1406     |
|    total_timesteps | 80660    |
| train/             |          |
|    actor_loss      | -12.2    |
|    critic_loss     | 10.9     |
|    ent_coef        | 0.0192   |
|    ent_coef_loss   | -1.29    |
|    learning_rate   | 0.0003   |
|    n_updates       | 75659    |
---------------------------------
---------------------------------
| rollout/           |          |
|    collision_steps | 0.14     |
|    ep_len          | 161      |
|    ep_len_mean     | 155      |
|    ep_rew_mean     | -7.12    |
|    episodes        | 549      |
|    grasp_rate      | 0.26     |
|    lift_rate       | 0.08     |
|    place_err_mm    | 291      |
|    safety_clamped  | 156      |
|    success_rate    | 0.04     |
| time/              |          |
|    episodes        | 550      |
|    fps             | 57       |
|    time_elapsed    | 1427     |
|    total_timesteps | 81869    |
| train/             |          |
|    actor_loss      | -13.1    |
|    critic_loss     | 10.2     |
|    ent_coef        | 0.0182   |
|    ent_coef_loss   | 0.713    |
|    learning_rate   | 0.0003   |
|    n_updates       | 76868    |
---------------------------------
---------------------------------
| rollout/           |          |
|    collision_steps | 0.14     |
|    ep_len          | 154      |
|    episodes        | 551      |
|    grasp_rate      | 0.3      |
|    lift_rate       | 0.12     |
|    place_err_mm    | 275      |
|    safety_clamped  | 149      |
|    success_rate    | 0.08     |
| train/             |          |
|    actor_loss      | -11.4    |
|    critic_loss     | 16.7     |
|    ent_coef        | 0.0182   |
|    ent_coef_loss   | 0.0415   |
|    learning_rate   | 0.0003   |
|    n_updates       | 76999    |
---------------------------------
---------------------------------
| rollout/           |          |
|    collision_steps | 0.14     |
|    ep_len          | 153      |
|    ep_len_mean     | 155      |
|    ep_rew_mean     | -3.52    |
|    episodes        | 559      |
|    grasp_rate      | 0.3      |
|    lift_rate       | 0.1      |
|    place_err_mm    | 274      |
|    safety_clamped  | 148      |
|    success_rate    | 0.06     |
| time/              |          |
|    episodes        | 560      |
|    fps             | 57       |
|    time_elapsed    | 1450     |
|    total_timesteps | 83211    |
| train/             |          |
|    actor_loss      | -11.3    |
|    critic_loss     | 7.85     |
|    ent_coef        | 0.0174   |
|    ent_coef_loss   | 1.65     |
|    learning_rate   | 0.0003   |
|    n_updates       | 78210    |
---------------------------------
---------------------------------
| rollout/           |          |
|    collision_steps | 0.14     |
|    ep_len          | 148      |
|    episodes        | 565      |
|    grasp_rate      | 0.32     |
|    lift_rate       | 0.1      |
|    place_err_mm    | 272      |
|    safety_clamped  | 142      |
|    success_rate    | 0.08     |
| train/             |          |
|    actor_loss      | -7.8     |
|    critic_loss     | 10.9     |
|    ent_coef        | 0.0168   |
|    ent_coef_loss   | -1.45    |
|    learning_rate   | 0.0003   |
|    n_updates       | 78999    |
---------------------------------
---------------------------------
| rollout/           |          |
|    collision_steps | 0.14     |
|    ep_len          | 147      |
|    ep_len_mean     | 152      |
|    ep_rew_mean     | -2.11    |
|    episodes        | 569      |
|    grasp_rate      | 0.32     |
|    lift_rate       | 0.1      |
|    place_err_mm    | 275      |
|    safety_clamped  | 140      |
|    success_rate    | 0.06     |
| time/              |          |
|    episodes        | 570      |
|    fps             | 57       |
|    time_elapsed    | 1473     |
|    total_timesteps | 84578    |
| train/             |          |
|    actor_loss      | -11.8    |
|    critic_loss     | 14.8     |
|    ent_coef        | 0.0165   |
|    ent_coef_loss   | -0.457   |
|    learning_rate   | 0.0003   |
|    n_updates       | 79577    |
---------------------------------
---------------------------------
| rollout/           |          |
|    collision_steps | 0.14     |
|    ep_len          | 147      |
|    episodes        | 579      |
|    grasp_rate      | 0.34     |
|    lift_rate       | 0.08     |
|    place_err_mm    | 265      |
|    safety_clamped  | 141      |
|    success_rate    | 0.08     |
| train/             |          |
|    actor_loss      | -7.96    |
|    critic_loss     | 21.7     |
|    ent_coef        | 0.0164   |
|    ent_coef_loss   | -0.278   |
|    learning_rate   | 0.0003   |
|    n_updates       | 80999    |
---------------------------------
---------------------------------
| rollout/           |          |
|    collision_steps | 0.14     |
|    ep_len          | 147      |
|    ep_len_mean     | 153      |
|    ep_rew_mean     | -2.08    |
|    episodes        | 579      |
|    grasp_rate      | 0.34     |
|    lift_rate       | 0.08     |
|    place_err_mm    | 265      |
|    safety_clamped  | 141      |
|    success_rate    | 0.06     |
| time/              |          |
|    episodes        | 580      |
|    fps             | 57       |
|    time_elapsed    | 1499     |
|    total_timesteps | 86094    |
| train/             |          |
|    actor_loss      | -9.69    |
|    critic_loss     | 13.2     |
|    ent_coef        | 0.0164   |
|    ent_coef_loss   | -0.861   |
|    learning_rate   | 0.0003   |
|    n_updates       | 81093    |
---------------------------------
---------------------------------
| rollout/           |          |
|    collision_steps | 0.14     |
|    ep_len          | 145      |
|    ep_len_mean     | 154      |
|    ep_rew_mean     | -2.26    |
|    episodes        | 589      |
|    grasp_rate      | 0.36     |
|    lift_rate       | 0.06     |
|    place_err_mm    | 261      |
|    safety_clamped  | 139      |
|    success_rate    | 0.06     |
| time/              |          |
|    episodes        | 590      |
|    fps             | 57       |
|    time_elapsed    | 1534     |
|    total_timesteps | 87914    |
| train/             |          |
|    actor_loss      | -6.13    |
|    critic_loss     | 5.84     |
|    ent_coef        | 0.0164   |
|    ent_coef_loss   | -1.12    |
|    learning_rate   | 0.0003   |
|    n_updates       | 82913    |
---------------------------------
---------------------------------
| rollout/           |          |
|    collision_steps | 0.14     |
|    ep_len          | 145      |
|    episodes        | 590      |
|    grasp_rate      | 0.36     |
|    lift_rate       | 0.06     |
|    place_err_mm    | 262      |
|    safety_clamped  | 139      |
|    success_rate    | 0.08     |
| train/             |          |
|    actor_loss      | -12      |
|    critic_loss     | 6.89     |
|    ent_coef        | 0.0164   |
|    ent_coef_loss   | 0.252    |
|    learning_rate   | 0.0003   |
|    n_updates       | 82999    |
---------------------------------
---------------------------------
| rollout/           |          |
|    collision_steps | 0        |
|    ep_len          | 144      |
|    ep_len_mean     | 152      |
|    ep_rew_mean     | 4.47     |
|    episodes        | 599      |
|    grasp_rate      | 0.38     |
|    lift_rate       | 0.06     |
|    place_err_mm    | 247      |
|    safety_clamped  | 138      |
|    success_rate    | 0.07     |
| time/              |          |
|    episodes        | 600      |
|    fps             | 57       |
|    time_elapsed    | 1556     |
|    total_timesteps | 89166    |
| train/             |          |
|    actor_loss      | -11.9    |
|    critic_loss     | 12.4     |
|    ent_coef        | 0.0152   |
|    ent_coef_loss   | 1.18     |
|    learning_rate   | 0.0003   |
|    n_updates       | 84165    |
---------------------------------
---------------------------------
| rollout/           |          |
|    collision_steps | 0.16     |
|    ep_len          | 149      |
|    episodes        | 605      |
|    grasp_rate      | 0.36     |
|    lift_rate       | 0.02     |
|    place_err_mm    | 263      |
|    safety_clamped  | 142      |
|    success_rate    | 0.06     |
| train/             |          |
|    actor_loss      | -8.35    |
|    critic_loss     | 7.92     |
|    ent_coef        | 0.0148   |
|    ent_coef_loss   | -0.143   |
|    learning_rate   | 0.0003   |
|    n_updates       | 84999    |
---------------------------------
Eval num_timesteps=90000, episode_reward=-21.60 +/- 6.91
Episode length: 200.00 +/- 0.00
Success rate: 0.00%
---------------------------------
| eval/              |          |
|    mean_ep_length  | 200      |
|    mean_reward     | -21.6    |
|    success_rate    | 0        |
| time/              |          |
|    total_timesteps | 90000    |
---------------------------------
---------------------------------
| rollout/           |          |
|    collision_steps | 0.16     |
|    ep_len          | 154      |
|    ep_len_mean     | 152      |
|    ep_rew_mean     | 2.89     |
|    episodes        | 609      |
|    grasp_rate      | 0.32     |
|    lift_rate       | 0.02     |
|    place_err_mm    | 270      |
|    safety_clamped  | 148      |
|    success_rate    | 0.06     |
| time/              |          |
|    episodes        | 610      |
|    fps             | 57       |
|    time_elapsed    | 1589     |
|    total_timesteps | 90886    |
| train/             |          |
|    actor_loss      | -9.51    |
|    critic_loss     | 9.57     |
|    ent_coef        | 0.0143   |
|    ent_coef_loss   | -0.336   |
|    learning_rate   | 0.0003   |
|    n_updates       | 85885    |
---------------------------------
---------------------------------
| rollout/           |          |
|    collision_steps | 0.16     |
|    ep_len          | 153      |
|    episodes        | 618      |
|    grasp_rate      | 0.4      |
|    lift_rate       | 0.04     |
|    place_err_mm    | 272      |
|    safety_clamped  | 148      |
|    success_rate    | 0.04     |
| train/             |          |
|    actor_loss      | -8.33    |
|    critic_loss     | 7.82     |
|    ent_coef        | 0.0143   |
|    ent_coef_loss   | -0.632   |
|    learning_rate   | 0.0003   |
|    n_updates       | 86999    |
---------------------------------
---------------------------------
| rollout/           |          |
|    collision_steps | 0.16     |
|    ep_len          | 151      |
|    ep_len_mean     | 149      |
|    ep_rew_mean     | 4.71     |
|    episodes        | 619      |
|    grasp_rate      | 0.4      |
|    lift_rate       | 0.04     |
|    place_err_mm    | 274      |
|    safety_clamped  | 146      |
|    success_rate    | 0.06     |
| time/              |          |
|    episodes        | 620      |
|    fps             | 57       |
|    time_elapsed    | 1613     |
|    total_timesteps | 92276    |
| train/             |          |
|    actor_loss      | -5.72    |
|    critic_loss     | 4.84     |
|    ent_coef        | 0.0139   |
|    ent_coef_loss   | -1.54    |
|    learning_rate   | 0.0003   |
|    n_updates       | 87275    |
---------------------------------
---------------------------------
| rollout/           |          |
|    collision_steps | 0.16     |
|    ep_len          | 152      |
|    ep_len_mean     | 148      |
|    ep_rew_mean     | 3        |
|    episodes        | 629      |
|    grasp_rate      | 0.36     |
|    lift_rate       | 0.04     |
|    place_err_mm    | 269      |
|    safety_clamped  | 147      |
|    success_rate    | 0.06     |
| time/              |          |
|    episodes        | 630      |
|    fps             | 57       |
|    time_elapsed    | 1633     |
|    total_timesteps | 93524    |
| train/             |          |
|    actor_loss      | -10.1    |
|    critic_loss     | 8.15     |
|    ent_coef        | 0.0134   |
|    ent_coef_loss   | 0.202    |
|    learning_rate   | 0.0003   |
|    n_updates       | 88523    |
---------------------------------
---------------------------------
| rollout/           |          |
|    collision_steps | 0.16     |
|    ep_len          | 149      |
|    episodes        | 632      |
|    grasp_rate      | 0.38     |
|    lift_rate       | 0.04     |
|    place_err_mm    | 273      |
|    safety_clamped  | 143      |
|    success_rate    | 0.04     |
| train/             |          |
|    actor_loss      | -8.53    |
|    critic_loss     | 5.8      |
|    ent_coef        | 0.0129   |
|    ent_coef_loss   | 0.277    |
|    learning_rate   | 0.0003   |
|    n_updates       | 88999    |
---------------------------------
---------------------------------
| rollout/           |          |
|    collision_steps | 0.16     |
|    ep_len          | 141      |
|    ep_len_mean     | 143      |
|    ep_rew_mean     | 7.59     |
|    episodes        | 639      |
|    grasp_rate      | 0.42     |
|    lift_rate       | 0.08     |
|    place_err_mm    | 258      |
|    safety_clamped  | 136      |
|    success_rate    | 0.07     |
| time/              |          |
|    episodes        | 640      |
|    fps             | 57       |
|    time_elapsed    | 1659     |
|    total_timesteps | 94949    |
| train/             |          |
|    actor_loss      | -10.8    |
|    critic_loss     | 14.8     |
|    ent_coef        | 0.0122   |
|    ent_coef_loss   | 1.57     |
|    learning_rate   | 0.0003   |
|    n_updates       | 89948    |
---------------------------------
---------------------------------
| rollout/           |          |
|    collision_steps | 0.16     |
|    ep_len          | 140      |
|    episodes        | 648      |
|    grasp_rate      | 0.42     |
|    lift_rate       | 0.1      |
|    place_err_mm    | 266      |
|    safety_clamped  | 136      |
|    success_rate    | 0.08     |
| train/             |          |
|    actor_loss      | -4.94    |
|    critic_loss     | 5.87     |
|    ent_coef        | 0.0119   |
|    ent_coef_loss   | -3.05    |
|    learning_rate   | 0.0003   |
|    n_updates       | 90999    |
---------------------------------
---------------------------------
| rollout/           |          |
|    collision_steps | 0.16     |
|    ep_len          | 142      |
|    ep_len_mean     | 143      |
|    ep_rew_mean     | 14.4     |
|    episodes        | 649      |
|    grasp_rate      | 0.4      |
|    lift_rate       | 0.1      |
|    place_err_mm    | 269      |
|    safety_clamped  | 138      |
|    success_rate    | 0.09     |
| time/              |          |
|    episodes        | 650      |
|    fps             | 57       |
|    time_elapsed    | 1682     |
|    total_timesteps | 96137    |
| train/             |          |
|    actor_loss      | -9.46    |
|    critic_loss     | 10.9     |
|    ent_coef        | 0.0115   |
|    ent_coef_loss   | 0.914    |
|    learning_rate   | 0.0003   |
|    n_updates       | 91136    |
---------------------------------
---------------------------------
| rollout/           |          |
|    collision_steps | 0        |
|    ep_len          | 135      |
|    ep_len_mean     | 145      |
|    ep_rew_mean     | 9.64     |
|    episodes        | 659      |
|    grasp_rate      | 0.42     |
|    lift_rate       | 0.14     |
|    place_err_mm    | 258      |
|    safety_clamped  | 131      |
|    success_rate    | 0.07     |
| time/              |          |
|    episodes        | 660      |
|    fps             | 57       |
|    time_elapsed    | 1709     |
|    total_timesteps | 97667    |
| train/             |          |
|    actor_loss      | -6.58    |
|    critic_loss     | 7.42     |
|    ent_coef        | 0.0117   |
|    ent_coef_loss   | -1.26    |
|    learning_rate   | 0.0003   |
|    n_updates       | 92666    |
---------------------------------
---------------------------------
| rollout/           |          |
|    collision_steps | 0        |
|    ep_len          | 135      |
|    episodes        | 663      |
|    grasp_rate      | 0.42     |
|    lift_rate       | 0.16     |
|    place_err_mm    | 254      |
|    safety_clamped  | 131      |
|    success_rate    | 0.12     |
| train/             |          |
|    actor_loss      | -8.39    |
|    critic_loss     | 8.09     |
|    ent_coef        | 0.0116   |
|    ent_coef_loss   | 1.62     |
|    learning_rate   | 0.0003   |
|    n_updates       | 92999    |
---------------------------------
---------------------------------
| rollout/           |          |
|    collision_steps | 0        |
|    ep_len          | 131      |
|    ep_len_mean     | 142      |
|    ep_rew_mean     | 16.4     |
|    episodes        | 669      |
|    grasp_rate      | 0.46     |
|    lift_rate       | 0.2      |
|    place_err_mm    | 253      |
|    safety_clamped  | 127      |
|    success_rate    | 0.09     |
| time/              |          |
|    episodes        | 670      |
|    fps             | 57       |
|    time_elapsed    | 1728     |
|    total_timesteps | 98751    |
| train/             |          |
|    actor_loss      | -7.78    |
|    critic_loss     | 15.3     |
|    ent_coef        | 0.0116   |
|    ent_coef_loss   | -1.31    |
|    learning_rate   | 0.0003   |
|    n_updates       | 93750    |
---------------------------------
---------------------------------
| rollout/           |          |
|    collision_steps | 0        |
|    ep_len          | 133      |
|    episodes        | 677      |
|    grasp_rate      | 0.44     |
|    lift_rate       | 0.18     |
|    place_err_mm    | 266      |
|    safety_clamped  | 129      |
|    success_rate    | 0.12     |
| train/             |          |
|    actor_loss      | -7.93    |
|    critic_loss     | 13.8     |
|    ent_coef        | 0.0114   |
|    ent_coef_loss   | -0.925   |
|    learning_rate   | 0.0003   |
|    n_updates       | 94999    |
---------------------------------
Eval num_timesteps=100000, episode_reward=-13.64 +/- 6.63
Episode length: 200.00 +/- 0.00
Success rate: 0.00%
---------------------------------
| eval/              |          |
|    mean_ep_length  | 200      |
|    mean_reward     | -13.6    |
|    success_rate    | 0        |
| time/              |          |
|    total_timesteps | 100000   |
---------------------------------
New best mean reward!
---------------------------------
| rollout/           |          |
|    collision_steps | 0        |
|    ep_len          | 131      |
|    ep_len_mean     | 141      |
|    ep_rew_mean     | 16.6     |
|    episodes        | 679      |
|    grasp_rate      | 0.44     |
|    lift_rate       | 0.18     |
|    place_err_mm    | 265      |
|    safety_clamped  | 127      |
|    success_rate    | 0.09     |
| time/              |          |
|    episodes        | 680      |
|    fps             | 56       |
|    time_elapsed    | 1761     |
|    total_timesteps | 100230   |
| train/             |          |
|    actor_loss      | -10.2    |
|    critic_loss     | 6.97     |
|    ent_coef        | 0.0112   |
|    ent_coef_loss   | -0.606   |
|    learning_rate   | 0.0003   |
|    n_updates       | 95229    |
---------------------------------
---------------------------------
| rollout/           |          |
|    collision_steps | 0        |
|    ep_len          | 140      |
|    ep_len_mean     | 141      |
|    ep_rew_mean     | 16.7     |
|    episodes        | 689      |
|    grasp_rate      | 0.38     |
|    lift_rate       | 0.14     |
|    place_err_mm    | 272      |
|    safety_clamped  | 136      |
|    success_rate    | 0.09     |
| time/              |          |
|    episodes        | 690      |
|    fps             | 56       |
|    time_elapsed    | 1793     |
|    total_timesteps | 101970   |
| train/             |          |
|    actor_loss      | -9.08    |
|    critic_loss     | 12.8     |
|    ent_coef        | 0.011    |
|    ent_coef_loss   | 0.172    |
|    learning_rate   | 0.0003   |
|    n_updates       | 96969    |
---------------------------------
---------------------------------
| rollout/           |          |
|    collision_steps | 0        |
|    ep_len          | 140      |
|    episodes        | 690      |
|    grasp_rate      | 0.38     |
|    lift_rate       | 0.14     |
|    place_err_mm    | 274      |
|    safety_clamped  | 136      |
|    success_rate    | 0.12     |
| train/             |          |
|    actor_loss      | -5.1     |
|    critic_loss     | 5.13     |
|    ent_coef        | 0.011    |
|    ent_coef_loss   | 0.149    |
|    learning_rate   | 0.0003   |
|    n_updates       | 96999    |
---------------------------------
---------------------------------
| rollout/           |          |
|    collision_steps | 0        |
|    ep_len          | 145      |
|    ep_len_mean     | 143      |
|    ep_rew_mean     | 13.8     |
|    episodes        | 699      |
|    grasp_rate      | 0.36     |
|    lift_rate       | 0.14     |
|    place_err_mm    | 279      |
|    safety_clamped  | 139      |
|    success_rate    | 0.08     |
| time/              |          |
|    episodes        | 700      |
|    fps             | 56       |
|    time_elapsed    | 1819     |
|    total_timesteps | 103450   |
| train/             |          |
|    actor_loss      | -5.82    |
|    critic_loss     | 7.83     |
|    ent_coef        | 0.0111   |
|    ent_coef_loss   | -0.525   |
|    learning_rate   | 0.0003   |
|    n_updates       | 98449    |
---------------------------------
---------------------------------
| rollout/           |          |
|    collision_steps | 0        |
|    ep_len          | 139      |
|    episodes        | 705      |
|    grasp_rate      | 0.42     |
|    lift_rate       | 0.14     |
|    place_err_mm    | 280      |
|    safety_clamped  | 133      |
|    success_rate    | 0.08     |
| train/             |          |
|    actor_loss      | -6.3     |
|    critic_loss     | 7.79     |
|    ent_coef        | 0.0112   |
|    ent_coef_loss   | -0.789   |
|    learning_rate   | 0.0003   |
|    n_updates       | 98999    |
---------------------------------
---------------------------------
| rollout/           |          |
|    collision_steps | 0        |
|    ep_len          | 141      |
|    ep_len_mean     | 139      |
|    ep_rew_mean     | 13.8     |
|    episodes        | 709      |
|    grasp_rate      | 0.42     |
|    lift_rate       | 0.14     |
|    place_err_mm    | 283      |
|    safety_clamped  | 136      |
|    success_rate    | 0.09     |
| time/              |          |
|    episodes        | 710      |
|    fps             | 56       |
|    time_elapsed    | 1843     |
|    total_timesteps | 104807   |
| train/             |          |
|    actor_loss      | -5.64    |
|    critic_loss     | 6.87     |
|    ent_coef        | 0.0107   |
|    ent_coef_loss   | -1       |
|    learning_rate   | 0.0003   |
|    n_updates       | 99806    |
---------------------------------
---------------------------------
| rollout/           |          |
|    collision_steps | 0        |
|    ep_len          | 149      |
|    episodes        | 717      |
|    grasp_rate      | 0.34     |
|    lift_rate       | 0.1      |
|    place_err_mm    | 289      |
|    safety_clamped  | 144      |
|    success_rate    | 0.06     |
| train/             |          |
|    actor_loss      | -8.13    |
|    critic_loss     | 11.5     |
|    ent_coef        | 0.0107   |
|    ent_coef_loss   | 0.622    |
|    learning_rate   | 0.0003   |
|    n_updates       | 100999   |
---------------------------------
---------------------------------
| rollout/           |          |
|    collision_steps | 0        |
|    ep_len          | 152      |
|    ep_len_mean     | 142      |
|    ep_rew_mean     | 12.7     |
|    episodes        | 719      |
|    grasp_rate      | 0.32     |
|    lift_rate       | 0.1      |
|    place_err_mm    | 295      |
|    safety_clamped  | 148      |
|    success_rate    | 0.09     |
| time/              |          |
|    episodes        | 720      |
|    fps             | 56       |
|    time_elapsed    | 1871     |
|    total_timesteps | 106447   |
| train/             |          |
|    actor_loss      | -8.16    |
|    critic_loss     | 10.8     |
|    ent_coef        | 0.011    |
|    ent_coef_loss   | 2.49     |
|    learning_rate   | 0.0003   |
|    n_updates       | 101446   |
---------------------------------
---------------------------------
| rollout/           |          |
|    collision_steps | 0        |
|    ep_len          | 154      |
|    ep_len_mean     | 143      |
|    ep_rew_mean     | 9.82     |
|    episodes        | 729      |
|    grasp_rate      | 0.36     |
|    lift_rate       | 0.12     |
|    place_err_mm    | 307      |
|    safety_clamped  | 150      |
|    success_rate    | 0.08     |
| time/              |          |
|    episodes        | 730      |
|    fps             | 56       |
|    time_elapsed    | 1897     |
|    total_timesteps | 107854   |
| train/             |          |
|    actor_loss      | -7.69    |
|    critic_loss     | 11.1     |
|    ent_coef        | 0.0109   |
|    ent_coef_loss   | -0.989   |
|    learning_rate   | 0.0003   |
|    n_updates       | 102853   |
---------------------------------
---------------------------------
| rollout/           |          |
|    collision_steps | 0        |
|    ep_len          | 152      |
|    episodes        | 730      |
|    grasp_rate      | 0.38     |
|    lift_rate       | 0.12     |
|    place_err_mm    | 308      |
|    safety_clamped  | 148      |
|    success_rate    | 0.02     |
| train/             |          |
|    actor_loss      | -9.35    |
|    critic_loss     | 10.4     |
|    ent_coef        | 0.0108   |
|    ent_coef_loss   | 0.671    |
|    learning_rate   | 0.0003   |
|    n_updates       | 102999   |
---------------------------------
---------------------------------
| rollout/           |          |
|    collision_steps | 0        |
|    ep_len          | 152      |
|    ep_len_mean     | 146      |
|    ep_rew_mean     | 5.66     |
|    episodes        | 739      |
|    grasp_rate      | 0.36     |
|    lift_rate       | 0.12     |
|    place_err_mm    | 305      |
|    safety_clamped  | 148      |
|    success_rate    | 0.07     |
| time/              |          |
|    episodes        | 740      |
|    fps             | 56       |
|    time_elapsed    | 1928     |
|    total_timesteps | 109594   |
| train/             |          |
|    actor_loss      | -10.8    |
|    critic_loss     | 7.2      |
|    ent_coef        | 0.0112   |
|    ent_coef_loss   | 0.244    |
|    learning_rate   | 0.0003   |
|    n_updates       | 104593   |
---------------------------------
---------------------------------
| rollout/           |          |
|    collision_steps | 0        |
|    ep_len          | 154      |
|    episodes        | 742      |
|    grasp_rate      | 0.34     |
|    lift_rate       | 0.12     |
|    place_err_mm    | 310      |
|    safety_clamped  | 150      |
|    success_rate    | 0.02     |
| train/             |          |
|    actor_loss      | -9.21    |
|    critic_loss     | 9.93     |
|    ent_coef        | 0.0111   |
|    ent_coef_loss   | -0.121   |
|    learning_rate   | 0.0003   |
|    n_updates       | 104999   |
---------------------------------
Eval num_timesteps=110000, episode_reward=-18.37 +/- 6.92
Episode length: 200.00 +/- 0.00
Success rate: 0.00%
---------------------------------
| eval/              |          |
|    mean_ep_length  | 200      |
|    mean_reward     | -18.4    |
|    success_rate    | 0        |
| time/              |          |
|    total_timesteps | 110000   |
---------------------------------
---------------------------------
| rollout/           |          |
|    collision_steps | 0        |
|    ep_len          | 152      |
|    ep_len_mean     | 149      |
|    ep_rew_mean     | -0.33    |
|    episodes        | 749      |
|    grasp_rate      | 0.36     |
|    lift_rate       | 0.1      |
|    place_err_mm    | 304      |
|    safety_clamped  | 148      |
|    success_rate    | 0.05     |
| time/              |          |
|    episodes        | 750      |
|    fps             | 56       |
|    time_elapsed    | 1961     |
|    total_timesteps | 111045   |
| train/             |          |
|    actor_loss      | -7.33    |
|    critic_loss     | 8.52     |
|    ent_coef        | 0.0109   |
|    ent_coef_loss   | 1.9      |
|    learning_rate   | 0.0003   |
|    n_updates       | 106044   |
---------------------------------
---------------------------------
| rollout/           |          |
|    collision_steps | 0        |
|    ep_len          | 157      |
|    episodes        | 756      |
|    grasp_rate      | 0.3      |
|    lift_rate       | 0.08     |
|    place_err_mm    | 299      |
|    safety_clamped  | 153      |
|    success_rate    | 0.04     |
| train/             |          |
|    actor_loss      | -11.1    |
|    critic_loss     | 8.04     |
|    ent_coef        | 0.0109   |
|    ent_coef_loss   | 1.51     |
|    learning_rate   | 0.0003   |
|    n_updates       | 106999   |
---------------------------------
---------------------------------
| rollout/           |          |
|    collision_steps | 0        |
|    ep_len          | 157      |
|    ep_len_mean     | 148      |
|    ep_rew_mean     | 1.77     |
|    episodes        | 759      |
|    grasp_rate      | 0.3      |
|    lift_rate       | 0.1      |
|    place_err_mm    | 298      |
|    safety_clamped  | 154      |
|    success_rate    | 0.06     |
| time/              |          |
|    episodes        | 760      |
|    fps             | 56       |
|    time_elapsed    | 1987     |
|    total_timesteps | 112487   |
| train/             |          |
|    actor_loss      | -5.09    |
|    critic_loss     | 12.7     |
|    ent_coef        | 0.0109   |
|    ent_coef_loss   | 1.49     |
|    learning_rate   | 0.0003   |
|    n_updates       | 107486   |
---------------------------------
---------------------------------
| rollout/           |          |
|    collision_steps | 0        |
|    ep_len          | 151      |
|    episodes        | 769      |
|    grasp_rate      | 0.32     |
|    lift_rate       | 0.14     |
|    place_err_mm    | 276      |
|    safety_clamped  | 148      |
|    success_rate    | 0.06     |
| train/             |          |
|    actor_loss      | -8.22    |
|    critic_loss     | 6.55     |
|    ent_coef        | 0.011    |
|    ent_coef_loss   | -0.907   |
|    learning_rate   | 0.0003   |
|    n_updates       | 108999   |
---------------------------------
---------------------------------
| rollout/           |          |
|    collision_steps | 0        |
|    ep_len          | 151      |
|    ep_len_mean     | 153      |
|    ep_rew_mean     | -2.13    |
|    episodes        | 769      |
|    grasp_rate      | 0.32     |
|    lift_rate       | 0.14     |
|    place_err_mm    | 276      |
|    safety_clamped  | 148      |
|    success_rate    | 0.05     |
| time/              |          |
|    episodes        | 770      |
|    fps             | 56       |
|    time_elapsed    | 2013     |
|    total_timesteps | 114018   |
| train/             |          |
|    actor_loss      | -5.74    |
|    critic_loss     | 13.8     |
|    ent_coef        | 0.011    |
|    ent_coef_loss   | -1       |
|    learning_rate   | 0.0003   |
|    n_updates       | 109017   |
---------------------------------
---------------------------------
| rollout/           |          |
|    collision_steps | 0        |
|    ep_len          | 147      |
|    ep_len_mean     | 151      |
|    ep_rew_mean     | 1.12     |
|    episodes        | 779      |
|    grasp_rate      | 0.34     |
|    lift_rate       | 0.2      |
|    place_err_mm    | 259      |
|    safety_clamped  | 143      |
|    success_rate    | 0.06     |
| time/              |          |
|    episodes        | 780      |
|    fps             | 56       |
|    time_elapsed    | 2035     |
|    total_timesteps | 115299   |
| train/             |          |
|    actor_loss      | -7.95    |
|    critic_loss     | 7.1      |
|    ent_coef        | 0.0104   |
|    ent_coef_loss   | -0.394   |
|    learning_rate   | 0.0003   |
|    n_updates       | 110298   |
---------------------------------
---------------------------------
| rollout/           |          |
|    collision_steps | 0        |
|    ep_len          | 148      |
|    episodes        | 784      |
|    grasp_rate      | 0.34     |
|    lift_rate       | 0.2      |
|    place_err_mm    | 259      |
|    safety_clamped  | 144      |
|    success_rate    | 0.1      |
| train/             |          |
|    actor_loss      | -9.18    |
|    critic_loss     | 24.8     |
|    ent_coef        | 0.0107   |
|    ent_coef_loss   | -0.589   |
|    learning_rate   | 0.0003   |
|    n_updates       | 110999   |
---------------------------------
---------------------------------
| rollout/           |          |
|    collision_steps | 0        |
|    ep_len          | 147      |
|    ep_len_mean     | 148      |
|    ep_rew_mean     | 3.7      |
|    episodes        | 789      |
|    grasp_rate      | 0.36     |
|    lift_rate       | 0.2      |
|    place_err_mm    | 256      |
|    safety_clamped  | 144      |
|    success_rate    | 0.07     |
| time/              |          |
|    episodes        | 790      |
|    fps             | 56       |
|    time_elapsed    | 2060     |
|    total_timesteps | 116777   |
| train/             |          |
|    actor_loss      | -11.1    |
|    critic_loss     | 15.3     |
|    ent_coef        | 0.0103   |
|    ent_coef_loss   | 2.51     |
|    learning_rate   | 0.0003   |
|    n_updates       | 111776   |
---------------------------------
---------------------------------
| rollout/           |          |
|    collision_steps | 0.14     |
|    ep_len          | 137      |
|    ep_len_mean     | 145      |
|    ep_rew_mean     | 6.46     |
|    episodes        | 799      |
|    grasp_rate      | 0.4      |
|    lift_rate       | 0.24     |
|    place_err_mm    | 239      |
|    safety_clamped  | 134      |
|    success_rate    | 0.09     |
| time/              |          |
|    episodes        | 800      |
|    fps             | 56       |
|    time_elapsed    | 2080     |
|    total_timesteps | 117909   |
| train/             |          |
|    actor_loss      | -10.7    |
|    critic_loss     | 12.3     |
|    ent_coef        | 0.0101   |
|    ent_coef_loss   | 1.43     |
|    learning_rate   | 0.0003   |
|    n_updates       | 112908   |
---------------------------------
---------------------------------
| rollout/           |          |
|    collision_steps | 0.72     |
|    ep_len          | 137      |
|    episodes        | 800      |
|    grasp_rate      | 0.4      |
|    lift_rate       | 0.24     |
|    place_err_mm    | 238      |
|    safety_clamped  | 134      |
|    success_rate    | 0.14     |
| train/             |          |
|    actor_loss      | -8.18    |
|    critic_loss     | 10.1     |
|    ent_coef        | 0.00999  |
|    ent_coef_loss   | 0.491    |
|    learning_rate   | 0.0003   |
|    n_updates       | 112999   |
---------------------------------
---------------------------------
| rollout/           |          |
|    collision_steps | 0.72     |
|    ep_len          | 132      |
|    ep_len_mean     | 145      |
|    ep_rew_mean     | 2.84     |
|    episodes        | 809      |
|    grasp_rate      | 0.42     |
|    lift_rate       | 0.24     |
|    place_err_mm    | 265      |
|    safety_clamped  | 128      |
|    success_rate    | 0.08     |
| time/              |          |
|    episodes        | 810      |
|    fps             | 56       |
|    time_elapsed    | 2103     |
|    total_timesteps | 119276   |
| train/             |          |
|    actor_loss      | -4.91    |
|    critic_loss     | 16       |
|    ent_coef        | 0.00981  |
|    ent_coef_loss   | -0.204   |
|    learning_rate   | 0.0003   |
|    n_updates       | 114275   |
---------------------------------
---------------------------------
| rollout/           |          |
|    collision_steps | 0.72     |
|    ep_len          | 136      |
|    episodes        | 815      |
|    grasp_rate      | 0.38     |
|    lift_rate       | 0.2      |
|    place_err_mm    | 279      |
|    safety_clamped  | 132      |
|    success_rate    | 0.12     |
| train/             |          |
|    actor_loss      | -6.44    |
|    critic_loss     | 11.1     |
|    ent_coef        | 0.00965  |
|    ent_coef_loss   | 0.0559   |
|    learning_rate   | 0.0003   |
|    n_updates       | 114999   |
---------------------------------
Eval num_timesteps=120000, episode_reward=-13.88 +/- 4.31
Episode length: 200.00 +/- 0.00
Success rate: 0.00%
---------------------------------
| eval/              |          |
|    mean_ep_length  | 200      |
|    mean_reward     | -13.9    |
|    success_rate    | 0        |
| time/              |          |
|    total_timesteps | 120000   |
---------------------------------
---------------------------------
| rollout/           |          |
|    collision_steps | 0.72     |
|    ep_len          | 133      |
|    ep_len_mean     | 142      |
|    ep_rew_mean     | 5.86     |
|    episodes        | 819      |
|    grasp_rate      | 0.42     |
|    lift_rate       | 0.2      |
|    place_err_mm    | 280      |
|    safety_clamped  | 129      |
|    success_rate    | 0.09     |
| time/              |          |
|    episodes        | 820      |
|    fps             | 56       |
|    time_elapsed    | 2133     |
|    total_timesteps | 120671   |
| train/             |          |
|    actor_loss      | -4.82    |
|    critic_loss     | 5.57     |
|    ent_coef        | 0.00988  |
|    ent_coef_loss   | 0.391    |
|    learning_rate   | 0.0003   |
|    n_updates       | 115670   |
---------------------------------
---------------------------------
| rollout/           |          |
|    collision_steps | 0.72     |
|    ep_len          | 139      |
|    episodes        | 827      |
|    grasp_rate      | 0.36     |
|    lift_rate       | 0.14     |
|    place_err_mm    | 290      |
|    safety_clamped  | 135      |
|    success_rate    | 0.08     |
| train/             |          |
|    actor_loss      | -6.64    |
|    critic_loss     | 20.9     |
|    ent_coef        | 0.01     |
|    ent_coef_loss   | 0.331    |
|    learning_rate   | 0.0003   |
|    n_updates       | 116999   |
---------------------------------
---------------------------------
| rollout/           |          |
|    collision_steps | 0.72     |
|    ep_len          | 140      |
|    ep_len_mean     | 145      |
|    ep_rew_mean     | 7.2      |
|    episodes        | 829      |
|    grasp_rate      | 0.36     |
|    lift_rate       | 0.12     |
|    place_err_mm    | 294      |
|    safety_clamped  | 136      |
|    success_rate    | 0.09     |
| time/              |          |
|    episodes        | 830      |
|    fps             | 56       |
|    time_elapsed    | 2161     |
|    total_timesteps | 122311   |
| train/             |          |
|    actor_loss      | -7.86    |
|    critic_loss     | 11.9     |
|    ent_coef        | 0.00973  |
|    ent_coef_loss   | -2.5     |
|    learning_rate   | 0.0003   |
|    n_updates       | 117310   |
---------------------------------
---------------------------------
| rollout/           |          |
|    collision_steps | 0.72     |
|    ep_len          | 140      |
|    ep_len_mean     | 143      |
|    ep_rew_mean     | 10       |
|    episodes        | 839      |
|    grasp_rate      | 0.34     |
|    lift_rate       | 0.14     |
|    place_err_mm    | 289      |
|    safety_clamped  | 136      |
|    success_rate    | 0.1      |
| time/              |          |
|    episodes        | 840      |
|    fps             | 56       |
|    time_elapsed    | 2188     |
|    total_timesteps | 123886   |
| train/             |          |
|    actor_loss      | -4.72    |
|    critic_loss     | 4.55     |
|    ent_coef        | 0.00958  |
|    ent_coef_loss   | -0.889   |
|    learning_rate   | 0.0003   |
|    n_updates       | 118885   |
---------------------------------
---------------------------------
| rollout/           |          |
|    collision_steps | 0.72     |
|    ep_len          | 142      |
|    episodes        | 840      |
|    grasp_rate      | 0.36     |
|    lift_rate       | 0.14     |
|    place_err_mm    | 295      |
|    safety_clamped  | 138      |
|    success_rate    | 0.08     |
| train/             |          |
|    actor_loss      | -6.27    |
|    critic_loss     | 8.26     |
|    ent_coef        | 0.00948  |
|    ent_coef_loss   | 0.598    |
|    learning_rate   | 0.0003   |
|    n_updates       | 118999   |
---------------------------------
---------------------------------
| rollout/           |          |
|    collision_steps | 0.58     |
|    ep_len          | 146      |
|    ep_len_mean     | 141      |
|    ep_rew_mean     | 9.97     |
|    episodes        | 849      |
|    grasp_rate      | 0.36     |
|    lift_rate       | 0.14     |
|    place_err_mm    | 296      |
|    safety_clamped  | 141      |
|    success_rate    | 0.1      |
| time/              |          |
|    episodes        | 850      |
|    fps             | 56       |
|    time_elapsed    | 2210     |
|    total_timesteps | 125173   |
| train/             |          |
|    actor_loss      | -4.35    |
|    critic_loss     | 11.2     |
|    ent_coef        | 0.00914  |
|    ent_coef_loss   | -3.24    |
|    learning_rate   | 0.0003   |
|    n_updates       | 120172   |
---------------------------------
---------------------------------
| rollout/           |          |
|    collision_steps | 0        |
|    ep_len          | 146      |
|    episodes        | 855      |
|    grasp_rate      | 0.36     |
|    lift_rate       | 0.12     |
|    place_err_mm    | 281      |
|    safety_clamped  | 142      |
|    success_rate    | 0.06     |
| train/             |          |
|    actor_loss      | -4.22    |
|    critic_loss     | 8.7      |
|    ent_coef        | 0.00935  |
|    ent_coef_loss   | -1.03    |
|    learning_rate   | 0.0003   |
|    n_updates       | 120999   |
---------------------------------
---------------------------------
| rollout/           |          |
|    collision_steps | 0        |
|    ep_len          | 152      |
|    ep_len_mean     | 143      |
|    ep_rew_mean     | 7.67     |
|    episodes        | 859      |
|    grasp_rate      | 0.32     |
|    lift_rate       | 0.1      |
|    place_err_mm    | 273      |
|    safety_clamped  | 148      |
|    success_rate    | 0.09     |
| time/              |          |
|    episodes        | 860      |
|    fps             | 56       |
|    time_elapsed    | 2237     |
|    total_timesteps | 126793   |
| train/             |          |
|    actor_loss      | -7.86    |
|    critic_loss     | 10.6     |
|    ent_coef        | 0.00898  |
|    ent_coef_loss   | 0.714    |
|    learning_rate   | 0.0003   |
|    n_updates       | 121792   |
---------------------------------
---------------------------------
| rollout/           |          |
|    collision_steps | 0        |
|    ep_len          | 152      |
|    episodes        | 868      |
|    grasp_rate      | 0.34     |
|    lift_rate       | 0.1      |
|    place_err_mm    | 279      |
|    safety_clamped  | 147      |
|    success_rate    | 0.04     |
| train/             |          |
|    actor_loss      | -6.41    |
|    critic_loss     | 8.61     |
|    ent_coef        | 0.00941  |
|    ent_coef_loss   | -1.71    |
|    learning_rate   | 0.0003   |
|    n_updates       | 122999   |
---------------------------------
---------------------------------
| rollout/           |          |
|    collision_steps | 0        |
|    ep_len          | 154      |
|    ep_len_mean     | 143      |
|    ep_rew_mean     | 4.85     |
|    episodes        | 869      |
|    grasp_rate      | 0.32     |
|    lift_rate       | 0.08     |
|    place_err_mm    | 278      |
|    safety_clamped  | 149      |
|    success_rate    | 0.08     |
| time/              |          |
|    episodes        | 870      |
|    fps             | 56       |
|    time_elapsed    | 2265     |
|    total_timesteps | 128363   |
| train/             |          |
|    actor_loss      | -10.2    |
|    critic_loss     | 7.14     |
|    ent_coef        | 0.00946  |
|    ent_coef_loss   | 0.977    |
|    learning_rate   | 0.0003   |
|    n_updates       | 123362   |
---------------------------------
---------------------------------
| rollout/           |          |
|    collision_steps | 0.2      |
|    ep_len          | 148      |
|    ep_len_mean     | 144      |
|    ep_rew_mean     | 0.29     |
|    episodes        | 879      |
|    grasp_rate      | 0.34     |
|    lift_rate       | 0.1      |
|    place_err_mm    | 271      |
|    safety_clamped  | 143      |
|    success_rate    | 0.07     |
| time/              |          |
|    episodes        | 880      |
|    fps             | 56       |
|    time_elapsed    | 2288     |
|    total_timesteps | 129692   |
| train/             |          |
|    actor_loss      | -5.41    |
|    critic_loss     | 8.51     |
|    ent_coef        | 0.00924  |
|    ent_coef_loss   | -0.173   |
|    learning_rate   | 0.0003   |
|    n_updates       | 124691   |
---------------------------------
---------------------------------
| rollout/           |          |
|    collision_steps | 0.2      |
|    ep_len          | 148      |
|    episodes        | 881      |
|    grasp_rate      | 0.34     |
|    lift_rate       | 0.1      |
|    place_err_mm    | 270      |
|    safety_clamped  | 143      |
|    success_rate    | 0.06     |
| train/             |          |
|    actor_loss      | -6.82    |
|    critic_loss     | 4.72     |
|    ent_coef        | 0.00911  |
|    ent_coef_loss   | -1.1     |
|    learning_rate   | 0.0003   |
|    n_updates       | 124999   |
---------------------------------
Eval num_timesteps=130000, episode_reward=-14.25 +/- 5.96
Episode length: 200.00 +/- 0.00
Success rate: 0.00%
---------------------------------
| eval/              |          |
|    mean_ep_length  | 200      |
|    mean_reward     | -14.3    |
|    success_rate    | 0        |
| time/              |          |
|    total_timesteps | 130000   |
---------------------------------
---------------------------------
| rollout/           |          |
|    collision_steps | 0.2      |
|    ep_len          | 147      |
|    ep_len_mean     | 144      |
|    ep_rew_mean     | 2.99     |
|    episodes        | 889      |
|    grasp_rate      | 0.34     |
|    lift_rate       | 0.1      |
|    place_err_mm    | 270      |
|    safety_clamped  | 143      |
|    success_rate    | 0.08     |
| time/              |          |
|    episodes        | 890      |
|    fps             | 56       |
|    time_elapsed    | 2321     |
|    total_timesteps | 131170   |
| train/             |          |
|    actor_loss      | -3.4     |
|    critic_loss     | 8.58     |
|    ent_coef        | 0.00948  |
|    ent_coef_loss   | -1.09    |
|    learning_rate   | 0.0003   |
|    n_updates       | 126169   |
---------------------------------
---------------------------------
| rollout/           |          |
|    collision_steps | 0.2      |
|    ep_len          | 147      |
|    episodes        | 895      |
|    grasp_rate      | 0.32     |
|    lift_rate       | 0.1      |
|    place_err_mm    | 267      |
|    safety_clamped  | 142      |
|    success_rate    | 0.08     |
| train/             |          |
|    actor_loss      | -6.95    |
|    critic_loss     | 7.86     |
|    ent_coef        | 0.00913  |
|    ent_coef_loss   | 0.817    |
|    learning_rate   | 0.0003   |
|    n_updates       | 126999   |
---------------------------------
---------------------------------
| rollout/           |          |
|    collision_steps | 0.2      |
|    ep_len          | 149      |
|    ep_len_mean     | 148      |
|    ep_rew_mean     | 1.85     |
|    episodes        | 899      |
|    grasp_rate      | 0.3      |
|    lift_rate       | 0.1      |
|    place_err_mm    | 276      |
|    safety_clamped  | 145      |
|    success_rate    | 0.07     |
| time/              |          |
|    episodes        | 900      |
|    fps             | 56       |
|    time_elapsed    | 2349     |
|    total_timesteps | 132719   |
| train/             |          |
|    actor_loss      | -5.94    |
|    critic_loss     | 5        |
|    ent_coef        | 0.00906  |
|    ent_coef_loss   | 0.64     |
|    learning_rate   | 0.0003   |
|    n_updates       | 127718   |
---------------------------------
---------------------------------
| rollout/           |          |
|    collision_steps | 0.2      |
|    ep_len          | 153      |
|    episodes        | 906      |
|    grasp_rate      | 0.28     |
|    lift_rate       | 0.1      |
|    place_err_mm    | 284      |
|    safety_clamped  | 149      |
|    success_rate    | 0.08     |
| train/             |          |
|    actor_loss      | -8.46    |
|    critic_loss     | 9.78     |
|    ent_coef        | 0.00892  |
|    ent_coef_loss   | -0.885   |
|    learning_rate   | 0.0003   |
|    n_updates       | 128999   |
---------------------------------
---------------------------------
| rollout/           |          |
|    collision_steps | 0.2      |
|    ep_len          | 153      |
|    ep_len_mean     | 151      |
|    ep_rew_mean     | 5.8      |
|    episodes        | 909      |
|    grasp_rate      | 0.3      |
|    lift_rate       | 0.1      |
|    place_err_mm    | 281      |
|    safety_clamped  | 149      |
|    success_rate    | 0.07     |
| time/              |          |
|    episodes        | 910      |
|    fps             | 56       |
|    time_elapsed    | 2379     |
|    total_timesteps | 134419   |
| train/             |          |
|    actor_loss      | -2.51    |
|    critic_loss     | 5.89     |
|    ent_coef        | 0.00873  |
|    ent_coef_loss   | -1.4     |
|    learning_rate   | 0.0003   |
|    n_updates       | 129418   |
---------------------------------
---------------------------------
| rollout/           |          |
|    collision_steps | 0.2      |
|    ep_len          | 146      |
|    ep_len_mean     | 149      |
|    ep_rew_mean     | 3.74     |
|    episodes        | 919      |
|    grasp_rate      | 0.36     |
|    lift_rate       | 0.12     |
|    place_err_mm    | 268      |
|    safety_clamped  | 142      |
|    success_rate    | 0.07     |
| time/              |          |
|    episodes        | 920      |
|    fps             | 56       |
|    time_elapsed    | 2401     |
|    total_timesteps | 135576   |
| train/             |          |
|    actor_loss      | -4.08    |
|    critic_loss     | 6.14     |
|    ent_coef        | 0.00911  |
|    ent_coef_loss   | -1.62    |
|    learning_rate   | 0.0003   |
|    n_updates       | 130575   |
---------------------------------
---------------------------------
| rollout/           |          |
|    collision_steps | 0.2      |
|    ep_len          | 144      |
|    episodes        | 922      |
|    grasp_rate      | 0.36     |
|    lift_rate       | 0.12     |
|    place_err_mm    | 268      |
|    safety_clamped  | 140      |
|    success_rate    | 0.1      |
| train/             |          |
|    actor_loss      | -5.27    |
|    critic_loss     | 6.4      |
|    ent_coef        | 0.0092   |
|    ent_coef_loss   | -1.47    |
|    learning_rate   | 0.0003   |
|    n_updates       | 130999   |
---------------------------------
---------------------------------
| rollout/           |          |
|    collision_steps | 0        |
|    ep_len          | 148      |
|    ep_len_mean     | 147      |
|    ep_rew_mean     | 6.65     |
|    episodes        | 929      |
|    grasp_rate      | 0.34     |
|    lift_rate       | 0.12     |
|    place_err_mm    | 260      |
|    safety_clamped  | 144      |
|    success_rate    | 0.08     |
| time/              |          |
|    episodes        | 930      |
|    fps             | 56       |
|    time_elapsed    | 2427     |
|    total_timesteps | 136994   |
| train/             |          |
|    actor_loss      | -7.21    |
|    critic_loss     | 5.58     |
|    ent_coef        | 0.00929  |
|    ent_coef_loss   | 0.96     |
|    learning_rate   | 0.0003   |
|    n_updates       | 131993   |
---------------------------------
---------------------------------
| rollout/           |          |
|    collision_steps | 0        |
|    ep_len          | 144      |
|    episodes        | 936      |
|    grasp_rate      | 0.4      |
|    lift_rate       | 0.14     |
|    place_err_mm    | 257      |
|    safety_clamped  | 140      |
|    success_rate    | 0.12     |
| train/             |          |
|    actor_loss      | -4.44    |
|    critic_loss     | 6.98     |
|    ent_coef        | 0.00934  |
|    ent_coef_loss   | -0.532   |
|    learning_rate   | 0.0003   |
|    n_updates       | 132999   |
---------------------------------
---------------------------------
| rollout/           |          |
|    collision_steps | 0        |
|    ep_len          | 145      |
|    ep_len_mean     | 146      |
|    ep_rew_mean     | 8.89     |
|    episodes        | 939      |
|    grasp_rate      | 0.4      |
|    lift_rate       | 0.14     |
|    place_err_mm    | 259      |
|    safety_clamped  | 141      |
|    success_rate    | 0.08     |
| time/              |          |
|    episodes        | 940      |
|    fps             | 56       |
|    time_elapsed    | 2455     |
|    total_timesteps | 138495   |
| train/             |          |
|    actor_loss      | -7.94    |
|    critic_loss     | 7.37     |
|    ent_coef        | 0.00935  |
|    ent_coef_loss   | -0.151   |
|    learning_rate   | 0.0003   |
|    n_updates       | 133494   |
---------------------------------
---------------------------------
| rollout/           |          |
|    collision_steps | 0        |
|    ep_len          | 147      |
|    ep_len_mean     | 148      |
|    ep_rew_mean     | 7.64     |
|    episodes        | 949      |
|    grasp_rate      | 0.44     |
|    lift_rate       | 0.1      |
|    place_err_mm    | 265      |
|    safety_clamped  | 142      |
|    success_rate    | 0.07     |
| time/              |          |
|    episodes        | 950      |
|    fps             | 56       |
|    time_elapsed    | 2484     |
|    total_timesteps | 139975   |
| train/             |          |
|    actor_loss      | -3.75    |
|    critic_loss     | 96.9     |
|    ent_coef        | 0.00938  |
|    ent_coef_loss   | -3.16    |
|    learning_rate   | 0.0003   |
|    n_updates       | 134974   |
---------------------------------
---------------------------------
| rollout/           |          |
|    collision_steps | 0        |
|    ep_len          | 145      |
|    episodes        | 950      |
|    grasp_rate      | 0.44     |
|    lift_rate       | 0.1      |
|    place_err_mm    | 266      |
|    safety_clamped  | 141      |
|    success_rate    | 0.06     |
| train/             |          |
|    actor_loss      | -6.65    |
|    critic_loss     | 12.8     |
|    ent_coef        | 0.00937  |
|    ent_coef_loss   | 1.89     |
|    learning_rate   | 0.0003   |
|    n_updates       | 134999   |
---------------------------------
Eval num_timesteps=140000, episode_reward=-12.08 +/- 4.64
Episode length: 200.00 +/- 0.00
Success rate: 0.00%
---------------------------------
| eval/              |          |
|    mean_ep_length  | 200      |
|    mean_reward     | -12.1    |
|    success_rate    | 0        |
| time/              |          |
|    total_timesteps | 140000   |
---------------------------------
New best mean reward!
---------------------------------
| rollout/           |          |
|    collision_steps | 0        |
|    ep_len          | 140      |
|    ep_len_mean     | 146      |
|    ep_rew_mean     | 10.8     |
|    episodes        | 959      |
|    grasp_rate      | 0.46     |
|    lift_rate       | 0.1      |
|    place_err_mm    | 268      |
|    safety_clamped  | 136      |
|    success_rate    | 0.08     |
| time/              |          |
|    episodes        | 960      |
|    fps             | 56       |
|    time_elapsed    | 2520     |
|    total_timesteps | 141346   |
| train/             |          |
|    actor_loss      | -6.45    |
|    critic_loss     | 7.08     |
|    ent_coef        | 0.00921  |
|    ent_coef_loss   | 0.792    |
|    learning_rate   | 0.0003   |
|    n_updates       | 136345   |
---------------------------------
---------------------------------
| rollout/           |          |
|    collision_steps | 0        |
|    ep_len          | 139      |
|    episodes        | 964      |
|    grasp_rate      | 0.46     |
|    lift_rate       | 0.1      |
|    place_err_mm    | 262      |
|    safety_clamped  | 134      |
|    success_rate    | 0.08     |
| train/             |          |
|    actor_loss      | -6.12    |
|    critic_loss     | 6.28     |
|    ent_coef        | 0.00946  |
|    ent_coef_loss   | 0.517    |
|    learning_rate   | 0.0003   |
|    n_updates       | 136999   |
---------------------------------
---------------------------------
| rollout/           |          |
|    collision_steps | 0        |
|    ep_len          | 143      |
|    ep_len_mean     | 143      |
|    ep_rew_mean     | 14.4     |
|    episodes        | 969      |
|    grasp_rate      | 0.42     |
|    lift_rate       | 0.12     |
|    place_err_mm    | 262      |
|    safety_clamped  | 138      |
|    success_rate    | 0.09     |
| time/              |          |
|    episodes        | 970      |
|    fps             | 55       |
|    time_elapsed    | 2549     |
|    total_timesteps | 142697   |
| train/             |          |
|    actor_loss      | -8.77    |
|    critic_loss     | 8.3      |
|    ent_coef        | 0.00976  |
|    ent_coef_loss   | 0.109    |
|    learning_rate   | 0.0003   |
|    n_updates       | 137696   |
---------------------------------
---------------------------------
| rollout/           |          |
|    collision_steps | 0        |
|    ep_len          | 144      |
|    episodes        | 978      |
|    grasp_rate      | 0.46     |
|    lift_rate       | 0.12     |
|    place_err_mm    | 274      |
|    safety_clamped  | 140      |
|    success_rate    | 0.08     |
| train/             |          |
|    actor_loss      | -5.57    |
|    critic_loss     | 25.6     |
|    ent_coef        | 0.0092   |
|    ent_coef_loss   | 1.17     |
|    learning_rate   | 0.0003   |
|    n_updates       | 138999   |
---------------------------------
---------------------------------
| rollout/           |          |
|    collision_steps | 0        |
|    ep_len          | 146      |
|    ep_len_mean     | 147      |
|    ep_rew_mean     | 13.6     |
|    episodes        | 979      |
|    grasp_rate      | 0.46     |
|    lift_rate       | 0.12     |
|    place_err_mm    | 274      |
|    safety_clamped  | 141      |
|    success_rate    | 0.09     |
| time/              |          |
|    episodes        | 980      |
|    fps             | 55       |
|    time_elapsed    | 2585     |
|    total_timesteps | 144366   |
| train/             |          |
|    actor_loss      | -8.53    |
|    critic_loss     | 11.7     |
|    ent_coef        | 0.00919  |
|    ent_coef_loss   | 1.51     |
|    learning_rate   | 0.0003   |
|    n_updates       | 139365   |
---------------------------------
---------------------------------
| rollout/           |          |
|    collision_steps | 0        |
|    ep_len          | 137      |
|    ep_len_mean     | 142      |
|    ep_rew_mean     | 18.1     |
|    episodes        | 989      |
|    grasp_rate      | 0.48     |
|    lift_rate       | 0.1      |
|    place_err_mm    | 257      |
|    safety_clamped  | 133      |
|    success_rate    | 0.1      |
| time/              |          |
|    episodes        | 990      |
|    fps             | 55       |
|    time_elapsed    | 2607     |
|    total_timesteps | 145386   |
| train/             |          |
|    actor_loss      | -7.28    |
|    critic_loss     | 9.52     |
|    ent_coef        | 0.00868  |
|    ent_coef_loss   | 2.15     |
|    learning_rate   | 0.0003   |
|    n_updates       | 140385   |
---------------------------------
---------------------------------
| rollout/           |          |
|    collision_steps | 0        |
|    ep_len          | 137      |
|    episodes        | 994      |
|    grasp_rate      | 0.48     |
|    lift_rate       | 0.1      |
|    place_err_mm    | 266      |
|    safety_clamped  | 132      |
|    success_rate    | 0.12     |
| train/             |          |
|    actor_loss      | -7.87    |
|    critic_loss     | 16.7     |
|    ent_coef        | 0.00868  |
|    ent_coef_loss   | 1.85     |
|    learning_rate   | 0.0003   |
|    n_updates       | 140999   |
---------------------------------
---------------------------------
| rollout/           |          |
|    collision_steps | 0        |
|    ep_len          | 135      |
|    ep_len_mean     | 140      |
|    ep_rew_mean     | 20.3     |
|    episodes        | 999      |
|    grasp_rate      | 0.46     |
|    lift_rate       | 0.1      |
|    place_err_mm    | 247      |
|    safety_clamped  | 130      |
|    success_rate    | 0.11     |
| time/              |          |
|    episodes        | 1000     |
|    fps             | 55       |
|    time_elapsed    | 2635     |
|    total_timesteps | 146747   |
| train/             |          |
|    actor_loss      | -7.11    |
|    critic_loss     | 8.03     |
|    ent_coef        | 0.00894  |
|    ent_coef_loss   | -1.39    |
|    learning_rate   | 0.0003   |
|    n_updates       | 141746   |
---------------------------------
---------------------------------
| rollout/           |          |
|    collision_steps | 0        |
|    ep_len          | 131      |
|    episodes        | 1009     |
|    grasp_rate      | 0.48     |
|    lift_rate       | 0.12     |
|    place_err_mm    | 236      |
|    safety_clamped  | 126      |
|    success_rate    | 0.2      |
| train/             |          |
|    actor_loss      | -7.17    |
|    critic_loss     | 7.1      |
|    ent_coef        | 0.009    |
|    ent_coef_loss   | 3.78     |
|    learning_rate   | 0.0003   |
|    n_updates       | 142999   |
---------------------------------
---------------------------------
| rollout/           |          |
|    collision_steps | 0        |
|    ep_len          | 131      |
|    ep_len_mean     | 137      |
|    ep_rew_mean     | 24.6     |
|    episodes        | 1009     |
|    grasp_rate      | 0.48     |
|    lift_rate       | 0.12     |
|    place_err_mm    | 236      |
|    safety_clamped  | 126      |
|    success_rate    | 0.13     |
| time/              |          |
|    episodes        | 1010     |
|    fps             | 55       |
|    time_elapsed    | 2662     |
|    total_timesteps | 148093   |
| train/             |          |
|    actor_loss      | -4.68    |
|    critic_loss     | 3.78     |
|    ent_coef        | 0.00891  |
|    ent_coef_loss   | -2.37    |
|    learning_rate   | 0.0003   |
|    n_updates       | 143092   |
---------------------------------
---------------------------------
| rollout/           |          |
|    collision_steps | 0        |
|    ep_len          | 141      |
|    ep_len_mean     | 143      |
|    ep_rew_mean     | 23.9     |
|    episodes        | 1019     |
|    grasp_rate      | 0.42     |
|    lift_rate       | 0.06     |
|    place_err_mm    | 236      |
|    safety_clamped  | 136      |
|    success_rate    | 0.12     |
| time/              |          |
|    episodes        | 1020     |
|    fps             | 55       |
|    time_elapsed    | 2697     |
|    total_timesteps | 149833   |
| train/             |          |
|    actor_loss      | -4.11    |
|    critic_loss     | 9.1      |
|    ent_coef        | 0.00886  |
|    ent_coef_loss   | 0.528    |
|    learning_rate   | 0.0003   |
|    n_updates       | 144832   |
---------------------------------
---------------------------------
| rollout/           |          |
|    collision_steps | 0        |
|    ep_len          | 143      |
|    episodes        | 1020     |
|    grasp_rate      | 0.4      |
|    lift_rate       | 0.06     |
|    place_err_mm    | 237      |
|    safety_clamped  | 138      |
|    success_rate    | 0.16     |
| train/             |          |
|    actor_loss      | -3.34    |
|    critic_loss     | 8.48     |
|    ent_coef        | 0.00878  |
|    ent_coef_loss   | -0.442   |
|    learning_rate   | 0.0003   |
|    n_updates       | 144999   |
---------------------------------
Eval num_timesteps=150000, episode_reward=-18.55 +/- 13.32
Episode length: 200.00 +/- 0.00
Success rate: 0.00%
---------------------------------
| eval/              |          |
|    mean_ep_length  | 200      |
|    mean_reward     | -18.6    |
|    success_rate    | 0        |
| time/              |          |
|    total_timesteps | 150000   |
---------------------------------
---------------------------------
| rollout/           |          |
|    collision_steps | 0        |
|    ep_len          | 141      |
|    ep_len_mean     | 144      |
|    ep_rew_mean     | 19       |
|    episodes        | 1029     |
|    grasp_rate      | 0.42     |
|    lift_rate       | 0.04     |
|    place_err_mm    | 236      |
|    safety_clamped  | 136      |
|    success_rate    | 0.11     |
| time/              |          |
|    episodes        | 1030     |
|    fps             | 55       |
|    time_elapsed    | 2736     |
|    total_timesteps | 151392   |
| train/             |          |
|    actor_loss      | -4.06    |
|    critic_loss     | 52.7     |
|    ent_coef        | 0.00856  |
|    ent_coef_loss   | -0.76    |
|    learning_rate   | 0.0003   |
|    n_updates       | 146391   |
---------------------------------
---------------------------------
| rollout/           |          |
|    collision_steps | 0.06     |
|    ep_len          | 141      |
|    episodes        | 1034     |
|    grasp_rate      | 0.38     |
|    lift_rate       | 0.04     |
|    place_err_mm    | 253      |
|    safety_clamped  | 136      |
|    success_rate    | 0.12     |
| train/             |          |
|    actor_loss      | -2.04    |
|    critic_loss     | 11.6     |
|    ent_coef        | 0.00881  |
|    ent_coef_loss   | -1.13    |
|    learning_rate   | 0.0003   |
|    n_updates       | 146999   |
---------------------------------
---------------------------------
| rollout/           |          |
|    collision_steps | 0.06     |
|    ep_len          | 149      |
|    ep_len_mean     | 144      |
|    ep_rew_mean     | 14.8     |
|    episodes        | 1039     |
|    grasp_rate      | 0.34     |
|    lift_rate       | 0.02     |
|    place_err_mm    | 260      |
|    safety_clamped  | 144      |
|    success_rate    | 0.1      |
| time/              |          |
|    episodes        | 1040     |
|    fps             | 55       |
|    time_elapsed    | 2767     |
|    total_timesteps | 152892   |
| train/             |          |
|    actor_loss      | -5.75    |
|    critic_loss     | 8.86     |
|    ent_coef        | 0.00843  |
|    ent_coef_loss   | 3        |
|    learning_rate   | 0.0003   |
|    n_updates       | 147891   |
---------------------------------
---------------------------------
| rollout/           |          |
|    collision_steps | 0.06     |
|    ep_len          | 146      |
|    episodes        | 1049     |
|    grasp_rate      | 0.36     |
|    lift_rate       | 0.06     |
|    place_err_mm    | 253      |
|    safety_clamped  | 142      |
|    success_rate    | 0.06     |
| train/             |          |
|    actor_loss      | -2.38    |
|    critic_loss     | 5.65     |
|    ent_coef        | 0.00822  |
|    ent_coef_loss   | -0.917   |
|    learning_rate   | 0.0003   |
|    n_updates       | 148999   |
---------------------------------
---------------------------------
| rollout/           |          |
|    collision_steps | 0.06     |
|    ep_len          | 146      |
|    ep_len_mean     | 140      |
|    ep_rew_mean     | 20.8     |
|    episodes        | 1049     |
|    grasp_rate      | 0.36     |
|    lift_rate       | 0.06     |
|    place_err_mm    | 253      |
|    safety_clamped  | 142      |
|    success_rate    | 0.12     |
| time/              |          |
|    episodes        | 1050     |
|    fps             | 55       |
|    time_elapsed    | 2790     |
|    total_timesteps | 154006   |
| train/             |          |
|    actor_loss      | -2.49    |
|    critic_loss     | 7.51     |
|    ent_coef        | 0.00823  |
|    ent_coef_loss   | 0.851    |
|    learning_rate   | 0.0003   |
|    n_updates       | 149005   |
---------------------------------
---------------------------------
| rollout/           |          |
|    collision_steps | 0.06     |
|    ep_len          | 147      |
|    ep_len_mean     | 140      |
|    ep_rew_mean     | 22.5     |
|    episodes        | 1059     |
|    grasp_rate      | 0.38     |
|    lift_rate       | 0.08     |
|    place_err_mm    | 242      |
|    safety_clamped  | 144      |
|    success_rate    | 0.13     |
| time/              |          |
|    episodes        | 1060     |
|    fps             | 55       |
|    time_elapsed    | 2814     |
|    total_timesteps | 155358   |
| train/             |          |
|    actor_loss      | -2.62    |
|    critic_loss     | 6.49     |
|    ent_coef        | 0.00847  |
|    ent_coef_loss   | 0.897    |
|    learning_rate   | 0.0003   |
|    n_updates       | 150357   |
---------------------------------
---------------------------------
| rollout/           |          |
|    collision_steps | 0.06     |
|    ep_len          | 145      |
|    episodes        | 1064     |
|    grasp_rate      | 0.42     |
|    lift_rate       | 0.08     |
|    place_err_mm    | 239      |
|    safety_clamped  | 142      |
|    success_rate    | 0.08     |
| train/             |          |
|    actor_loss      | -4.23    |
|    critic_loss     | 7.2      |
|    ent_coef        | 0.00846  |
|    ent_coef_loss   | -0.891   |
|    learning_rate   | 0.0003   |
|    n_updates       | 150999   |
---------------------------------
---------------------------------
| rollout/           |          |
|    collision_steps | 0.06     |
|    ep_len          | 144      |
|    ep_len_mean     | 142      |
|    ep_rew_mean     | 22.7     |
|    episodes        | 1069     |
|    grasp_rate      | 0.42     |
|    lift_rate       | 0.08     |
|    place_err_mm    | 235      |
|    safety_clamped  | 141      |
|    success_rate    | 0.13     |
| time/              |          |
|    episodes        | 1070     |
|    fps             | 55       |
|    time_elapsed    | 2843     |
|    total_timesteps | 156915   |
| train/             |          |
|    actor_loss      | -4.41    |
|    critic_loss     | 10.4     |
|    ent_coef        | 0.00842  |
|    ent_coef_loss   | 2.25     |
|    learning_rate   | 0.0003   |
|    n_updates       | 151914   |
---------------------------------
---------------------------------
| rollout/           |          |
|    collision_steps | 0.06     |
|    ep_len          | 142      |
|    episodes        | 1077     |
|    grasp_rate      | 0.42     |
|    lift_rate       | 0.12     |
|    place_err_mm    | 215      |
|    safety_clamped  | 138      |
|    success_rate    | 0.12     |
| train/             |          |
|    actor_loss      | -4.66    |
|    critic_loss     | 7.84     |
|    ent_coef        | 0.00793  |
|    ent_coef_loss   | 0.797    |
|    learning_rate   | 0.0003   |
|    n_updates       | 152999   |
---------------------------------
---------------------------------
| rollout/           |          |
|    collision_steps | 0.06     |
|    ep_len          | 140      |
|    ep_len_mean     | 139      |
|    ep_rew_mean     | 27.9     |
|    episodes        | 1079     |
|    grasp_rate      | 0.42     |
|    lift_rate       | 0.12     |
|    place_err_mm    | 216      |
|    safety_clamped  | 136      |
|    success_rate    | 0.14     |
| time/              |          |
|    episodes        | 1080     |
|    fps             | 55       |
|    time_elapsed    | 2868     |
|    total_timesteps | 158242   |
| train/             |          |
|    actor_loss      | -8.75    |
|    critic_loss     | 12.4     |
|    ent_coef        | 0.00784  |
|    ent_coef_loss   | 3.69     |
|    learning_rate   | 0.0003   |
|    n_updates       | 153241   |
---------------------------------
---------------------------------
| rollout/           |          |
|    collision_steps | 0        |
|    ep_len          | 140      |
|    ep_len_mean     | 145      |
|    ep_rew_mean     | 19       |
|    episodes        | 1089     |
|    grasp_rate      | 0.46     |
|    lift_rate       | 0.12     |
|    place_err_mm    | 213      |
|    safety_clamped  | 137      |
|    success_rate    | 0.11     |
| time/              |          |
|    episodes        | 1090     |
|    fps             | 55       |
|    time_elapsed    | 2900     |
|    total_timesteps | 159902   |
| train/             |          |
|    actor_loss      | -9.98    |
|    critic_loss     | 9.71     |
|    ent_coef        | 0.00803  |
|    ent_coef_loss   | 1.77     |
|    learning_rate   | 0.0003   |
|    n_updates       | 154901   |
---------------------------------
---------------------------------
| rollout/           |          |
|    collision_steps | 0        |
|    ep_len          | 140      |
|    episodes        | 1090     |
|    grasp_rate      | 0.46     |
|    lift_rate       | 0.12     |
|    place_err_mm    | 211      |
|    safety_clamped  | 137      |
|    success_rate    | 0.14     |
| train/             |          |
|    actor_loss      | -8.75    |
|    critic_loss     | 15.2     |
|    ent_coef        | 0.00798  |
|    ent_coef_loss   | -0.426   |
|    learning_rate   | 0.0003   |
|    n_updates       | 154999   |
---------------------------------
Eval num_timesteps=160000, episode_reward=-30.85 +/- 16.84
Episode length: 200.00 +/- 0.00
Success rate: 0.00%
---------------------------------
| eval/              |          |
|    mean_ep_length  | 200      |
|    mean_reward     | -30.9    |
|    success_rate    | 0        |
| time/              |          |
|    total_timesteps | 160000   |
---------------------------------
---------------------------------
| rollout/           |          |
|    collision_steps | 0        |
|    ep_len          | 146      |
|    ep_len_mean     | 146      |
|    ep_rew_mean     | 15.7     |
|    episodes        | 1099     |
|    grasp_rate      | 0.4      |
|    lift_rate       | 0.1      |
|    place_err_mm    | 217      |
|    safety_clamped  | 142      |
|    success_rate    | 0.1      |
| time/              |          |
|    episodes        | 1100     |
|    fps             | 54       |
|    time_elapsed    | 2934     |
|    total_timesteps | 161314   |
| train/             |          |
|    actor_loss      | -8.56    |
|    critic_loss     | 7.99     |
|    ent_coef        | 0.00805  |
|    ent_coef_loss   | -1.26    |
|    learning_rate   | 0.0003   |
|    n_updates       | 156313   |
---------------------------------
---------------------------------
| rollout/           |          |
|    collision_steps | 0        |
|    ep_len          | 145      |
|    episodes        | 1104     |
|    grasp_rate      | 0.4      |
|    lift_rate       | 0.1      |
|    place_err_mm    | 220      |
|    safety_clamped  | 142      |
|    success_rate    | 0.12     |
| train/             |          |
|    actor_loss      | -4.25    |
|    critic_loss     | 10.4     |
|    ent_coef        | 0.00789  |
|    ent_coef_loss   | -1.74    |
|    learning_rate   | 0.0003   |
|    n_updates       | 156999   |
---------------------------------
---------------------------------
| rollout/           |          |
|    collision_steps | 0        |
|    ep_len          | 145      |
|    ep_len_mean     | 146      |
|    ep_rew_mean     | 11.5     |
|    episodes        | 1109     |
|    grasp_rate      | 0.42     |
|    lift_rate       | 0.08     |
|    place_err_mm    | 224      |
|    safety_clamped  | 141      |
|    success_rate    | 0.08     |
| time/              |          |
|    episodes        | 1110     |
|    fps             | 54       |
|    time_elapsed    | 2963     |
|    total_timesteps | 162727   |
| train/             |          |
|    actor_loss      | -5.39    |
|    critic_loss     | 9.9      |
|    ent_coef        | 0.00834  |
|    ent_coef_loss   | -1.02    |
|    learning_rate   | 0.0003   |
|    n_updates       | 157726   |
---------------------------------
---------------------------------
| rollout/           |          |
|    collision_steps | 0        |
|    ep_len          | 146      |
|    episodes        | 1118     |
|    grasp_rate      | 0.4      |
|    lift_rate       | 0.12     |
|    place_err_mm    | 243      |
|    safety_clamped  | 141      |
|    success_rate    | 0.1      |
| train/             |          |
|    actor_loss      | -8.62    |
|    critic_loss     | 22.1     |
|    ent_coef        | 0.00816  |
|    ent_coef_loss   | 0.459    |
|    learning_rate   | 0.0003   |
|    n_updates       | 158999   |
---------------------------------
---------------------------------
| rollout/           |          |
|    collision_steps | 0        |
|    ep_len          | 143      |
|    ep_len_mean     | 144      |
|    ep_rew_mean     | 12.9     |
|    episodes        | 1119     |
|    grasp_rate      | 0.42     |
|    lift_rate       | 0.12     |
|    place_err_mm    | 241      |
|    safety_clamped  | 138      |
|    success_rate    | 0.09     |
| time/              |          |
|    episodes        | 1120     |
|    fps             | 54       |
|    time_elapsed    | 2994     |
|    total_timesteps | 164205   |
| train/             |          |
|    actor_loss      | -3.93    |
|    critic_loss     | 8.06     |
|    ent_coef        | 0.00809  |
|    ent_coef_loss   | 0.666    |
|    learning_rate   | 0.0003   |
|    n_updates       | 159204   |
---------------------------------
---------------------------------
| rollout/           |          |
|    collision_steps | 0.86     |
|    ep_len          | 144      |
|    ep_len_mean     | 142      |
|    ep_rew_mean     | 13.6     |
|    episodes        | 1129     |
|    grasp_rate      | 0.44     |
|    lift_rate       | 0.1      |
|    place_err_mm    | 246      |
|    safety_clamped  | 139      |
|    success_rate    | 0.09     |
| time/              |          |
|    episodes        | 1130     |
|    fps             | 54       |
|    time_elapsed    | 3023     |
|    total_timesteps | 165570   |
| train/             |          |
|    actor_loss      | -8.56    |
|    critic_loss     | 13.9     |
|    ent_coef        | 0.0085   |
|    ent_coef_loss   | -1.14    |
|    learning_rate   | 0.0003   |
|    n_updates       | 160569   |
---------------------------------
---------------------------------
| rollout/           |          |
|    collision_steps | 0.86     |
|    ep_len          | 141      |
|    episodes        | 1133     |
|    grasp_rate      | 0.44     |
|    lift_rate       | 0.1      |
|    place_err_mm    | 247      |
|    safety_clamped  | 136      |
|    success_rate    | 0.06     |
| train/             |          |
|    actor_loss      | -5.35    |
|    critic_loss     | 4.86     |
|    ent_coef        | 0.00871  |
|    ent_coef_loss   | -2.74    |
|    learning_rate   | 0.0003   |
|    n_updates       | 160999   |
---------------------------------
---------------------------------
| rollout/           |          |
|    collision_steps | 0.86     |
|    ep_len          | 138      |
|    ep_len_mean     | 139      |
|    ep_rew_mean     | 17       |
|    episodes        | 1139     |
|    grasp_rate      | 0.44     |
|    lift_rate       | 0.12     |
|    place_err_mm    | 246      |
|    safety_clamped  | 132      |
|    success_rate    | 0.11     |
| time/              |          |
|    episodes        | 1140     |
|    fps             | 54       |
|    time_elapsed    | 3049     |
|    total_timesteps | 166780   |
| train/             |          |
|    actor_loss      | -5.03    |
|    critic_loss     | 6.31     |
|    ent_coef        | 0.00836  |
|    ent_coef_loss   | 0.0198   |
|    learning_rate   | 0.0003   |
|    n_updates       | 161779   |
---------------------------------
---------------------------------
| rollout/           |          |
|    collision_steps | 0.86     |
|    ep_len          | 135      |
|    ep_len_mean     | 140      |
|    ep_rew_mean     | 20.3     |
|    episodes        | 1149     |
|    grasp_rate      | 0.46     |
|    lift_rate       | 0.12     |
|    place_err_mm    | 232      |
|    safety_clamped  | 130      |
|    success_rate    | 0.13     |
| time/              |          |
|    episodes        | 1150     |
|    fps             | 54       |
|    time_elapsed    | 3076     |
|    total_timesteps | 167992   |
| train/             |          |
|    actor_loss      | -3.51    |
|    critic_loss     | 50.9     |
|    ent_coef        | 0.00855  |
|    ent_coef_loss   | 1.6      |
|    learning_rate   | 0.0003   |
|    n_updates       | 162991   |
---------------------------------
---------------------------------
| rollout/           |          |
|    collision_steps | 0.86     |
|    ep_len          | 134      |
|    episodes        | 1150     |
|    grasp_rate      | 0.46     |
|    lift_rate       | 0.12     |
|    place_err_mm    | 228      |
|    safety_clamped  | 128      |
|    success_rate    | 0.14     |
| train/             |          |
|    actor_loss      | -6.3     |
|    critic_loss     | 12.9     |
|    ent_coef        | 0.00856  |
|    ent_coef_loss   | 0.455    |
|    learning_rate   | 0.0003   |
|    n_updates       | 162999   |
---------------------------------
---------------------------------
| rollout/           |          |
|    collision_steps | 0.86     |
|    ep_len          | 132      |
|    ep_len_mean     | 139      |
|    ep_rew_mean     | 16.6     |
|    episodes        | 1159     |
|    grasp_rate      | 0.4      |
|    lift_rate       | 0.12     |
|    place_err_mm    | 236      |
|    safety_clamped  | 127      |
|    success_rate    | 0.12     |
| time/              |          |
|    episodes        | 1160     |
|    fps             | 54       |
|    time_elapsed    | 3101     |
|    total_timesteps | 169306   |
| train/             |          |
|    actor_loss      | -8.67    |
|    critic_loss     | 24.9     |
|    ent_coef        | 0.00879  |
|    ent_coef_loss   | 0.595    |
|    learning_rate   | 0.0003   |
|    n_updates       | 164305   |
---------------------------------
---------------------------------
| rollout/           |          |
|    collision_steps | 0.86     |
|    ep_len          | 134      |
|    episodes        | 1163     |
|    grasp_rate      | 0.38     |
|    lift_rate       | 0.1      |
|    place_err_mm    | 239      |
|    safety_clamped  | 129      |
|    success_rate    | 0.16     |
| train/             |          |
|    actor_loss      | -6.22    |
|    critic_loss     | 21       |
|    ent_coef        | 0.00846  |
|    ent_coef_loss   | 1.1      |
|    learning_rate   | 0.0003   |
|    n_updates       | 164999   |
---------------------------------
Eval num_timesteps=170000, episode_reward=-16.00 +/- 5.41
Episode length: 200.00 +/- 0.00
Success rate: 0.00%
---------------------------------
| eval/              |          |
|    mean_ep_length  | 200      |
|    mean_reward     | -16      |
|    success_rate    | 0        |
| time/              |          |
|    total_timesteps | 170000   |
---------------------------------
---------------------------------
| rollout/           |          |
|    collision_steps | 0.86     |
|    ep_len          | 138      |
|    ep_len_mean     | 142      |
|    ep_rew_mean     | 12       |
|    episodes        | 1169     |
|    grasp_rate      | 0.34     |
|    lift_rate       | 0.08     |
|    place_err_mm    | 238      |
|    safety_clamped  | 135      |
|    success_rate    | 0.11     |
| time/              |          |
|    episodes        | 1170     |
|    fps             | 54       |
|    time_elapsed    | 3143     |
|    total_timesteps | 171126   |
| train/             |          |
|    actor_loss      | -3.03    |
|    critic_loss     | 6.15     |
|    ent_coef        | 0.00847  |
|    ent_coef_loss   | -2.21    |
|    learning_rate   | 0.0003   |
|    n_updates       | 166125   |
---------------------------------
---------------------------------
| rollout/           |          |
|    collision_steps | 0.86     |
|    ep_len          | 137      |
|    episodes        | 1177     |
|    grasp_rate      | 0.32     |
|    lift_rate       | 0.1      |
|    place_err_mm    | 236      |
|    safety_clamped  | 132      |
|    success_rate    | 0.18     |
| train/             |          |
|    actor_loss      | -4.07    |
|    critic_loss     | 8.51     |
|    ent_coef        | 0.00836  |
|    ent_coef_loss   | -3.12    |
|    learning_rate   | 0.0003   |
|    n_updates       | 166999   |
---------------------------------
---------------------------------
| rollout/           |          |
|    collision_steps | 0.04     |
|    ep_len          | 137      |
|    ep_len_mean     | 141      |
|    ep_rew_mean     | 12.9     |
|    episodes        | 1179     |
|    grasp_rate      | 0.36     |
|    lift_rate       | 0.1      |
|    place_err_mm    | 241      |
|    safety_clamped  | 133      |
|    success_rate    | 0.11     |
| time/              |          |
|    episodes        | 1180     |
|    fps             | 54       |
|    time_elapsed    | 3168     |
|    total_timesteps | 172320   |
| train/             |          |
|    actor_loss      | -5.67    |
|    critic_loss     | 7.54     |
|    ent_coef        | 0.00834  |
|    ent_coef_loss   | -1.11    |
|    learning_rate   | 0.0003   |
|    n_updates       | 167319   |
---------------------------------
---------------------------------
| rollout/           |          |
|    collision_steps | 0.04     |
|    ep_len          | 146      |
|    episodes        | 1188     |
|    grasp_rate      | 0.3      |
|    lift_rate       | 0.1      |
|    place_err_mm    | 241      |
|    safety_clamped  | 142      |
|    success_rate    | 0.16     |
| train/             |          |
|    actor_loss      | -5.79    |
|    critic_loss     | 13.3     |
|    ent_coef        | 0.00882  |
|    ent_coef_loss   | -0.276   |
|    learning_rate   | 0.0003   |
|    n_updates       | 168999   |
---------------------------------
---------------------------------
| rollout/           |          |
|    collision_steps | 0.04     |
|    ep_len          | 149      |
|    ep_len_mean     | 143      |
|    ep_rew_mean     | 11.8     |
|    episodes        | 1189     |
|    grasp_rate      | 0.28     |
|    lift_rate       | 0.08     |
|    place_err_mm    | 244      |
|    safety_clamped  | 145      |
|    success_rate    | 0.11     |
| time/              |          |
|    episodes        | 1190     |
|    fps             | 54       |
|    time_elapsed    | 3206     |
|    total_timesteps | 174240   |
| train/             |          |
|    actor_loss      | -3.15    |
|    critic_loss     | 8.35     |
|    ent_coef        | 0.0087   |
|    ent_coef_loss   | -0.988   |
|    learning_rate   | 0.0003   |
|    n_updates       | 169239   |
---------------------------------
---------------------------------
| rollout/           |          |
|    collision_steps | 0.04     |
|    ep_len          | 154      |
|    ep_len_mean     | 144      |
|    ep_rew_mean     | 11.3     |
|    episodes        | 1199     |
|    grasp_rate      | 0.28     |
|    lift_rate       | 0.06     |
|    place_err_mm    | 256      |
|    safety_clamped  | 150      |
|    success_rate    | 0.1      |
| time/              |          |
|    episodes        | 1200     |
|    fps             | 54       |
|    time_elapsed    | 3234     |
|    total_timesteps | 175740   |
| train/             |          |
|    actor_loss      | -8.83    |
|    critic_loss     | 12.1     |
|    ent_coef        | 0.00887  |
|    ent_coef_loss   | 1.96     |
|    learning_rate   | 0.0003   |
|    n_updates       | 170739   |
---------------------------------
---------------------------------
| rollout/           |          |
|    collision_steps | 0.04     |
|    ep_len          | 153      |
|    episodes        | 1201     |
|    grasp_rate      | 0.28     |
|    lift_rate       | 0.06     |
|    place_err_mm    | 257      |
|    safety_clamped  | 149      |
|    success_rate    | 0.06     |
| train/             |          |
|    actor_loss      | -8.9     |
|    critic_loss     | 11.4     |
|    ent_coef        | 0.009    |
|    ent_coef_loss   | -0.0857  |
|    learning_rate   | 0.0003   |
|    n_updates       | 170999   |
---------------------------------
---------------------------------
| rollout/           |          |
|    collision_steps | 0.04     |
|    ep_len          | 162      |
|    ep_len_mean     | 147      |
|    ep_rew_mean     | 9.73     |
|    episodes        | 1209     |
|    grasp_rate      | 0.26     |
|    lift_rate       | 0.04     |
|    place_err_mm    | 260      |
|    safety_clamped  | 158      |
|    success_rate    | 0.1      |
| time/              |          |
|    episodes        | 1210     |
|    fps             | 54       |
|    time_elapsed    | 3268     |
|    total_timesteps | 177420   |
| train/             |          |
|    actor_loss      | -3.28    |
|    critic_loss     | 5.93     |
|    ent_coef        | 0.00876  |
|    ent_coef_loss   | -2.03    |
|    learning_rate   | 0.0003   |
|    n_updates       | 172419   |
---------------------------------
---------------------------------
| rollout/           |          |
|    collision_steps | 0.04     |
|    ep_len          | 155      |
|    episodes        | 1214     |
|    grasp_rate      | 0.28     |
|    lift_rate       | 0.06     |
|    place_err_mm    | 253      |
|    safety_clamped  | 151      |
|    success_rate    | 0.06     |
| train/             |          |
|    actor_loss      | -3.45    |
|    critic_loss     | 7.35     |
|    ent_coef        | 0.009    |
|    ent_coef_loss   | 0.667    |
|    learning_rate   | 0.0003   |
|    n_updates       | 172999   |
---------------------------------
---------------------------------
| rollout/           |          |
|    collision_steps | 0.04     |
|    ep_len          | 155      |
|    ep_len_mean     | 146      |
|    ep_rew_mean     | 11.3     |
|    episodes        | 1219     |
|    grasp_rate      | 0.3      |
|    lift_rate       | 0.08     |
|    place_err_mm    | 262      |
|    safety_clamped  | 151      |
|    success_rate    | 0.1      |
| time/              |          |
|    episodes        | 1220     |
|    fps             | 54       |
|    time_elapsed    | 3295     |
|    total_timesteps | 178792   |
| train/             |          |
|    actor_loss      | -5.55    |
|    critic_loss     | 9.4      |
|    ent_coef        | 0.00875  |
|    ent_coef_loss   | -1.51    |
|    learning_rate   | 0.0003   |
|    n_updates       | 173791   |
---------------------------------
---------------------------------
| rollout/           |          |
|    collision_steps | 0.04     |
|    ep_len          | 157      |
|    episodes        | 1228     |
|    grasp_rate      | 0.28     |
|    lift_rate       | 0.1      |
|    place_err_mm    | 268      |
|    safety_clamped  | 153      |
|    success_rate    | 0.06     |
| train/             |          |
|    actor_loss      | -2.36    |
|    critic_loss     | 8.93     |
|    ent_coef        | 0.00846  |
|    ent_coef_loss   | -5.44    |
|    learning_rate   | 0.0003   |
|    n_updates       | 174999   |
---------------------------------
Eval num_timesteps=180000, episode_reward=-20.93 +/- 9.08
Episode length: 200.00 +/- 0.00
Success rate: 0.00%
---------------------------------
| eval/              |          |
|    mean_ep_length  | 200      |
|    mean_reward     | -20.9    |
|    success_rate    | 0        |
| time/              |          |
|    total_timesteps | 180000   |
---------------------------------
---------------------------------
| rollout/           |          |
|    collision_steps | 0        |
|    ep_len          | 158      |
|    ep_len_mean     | 147      |
|    ep_rew_mean     | 17.9     |
|    episodes        | 1229     |
|    grasp_rate      | 0.26     |
|    lift_rate       | 0.1      |
|    place_err_mm    | 267      |
|    safety_clamped  | 155      |
|    success_rate    | 0.12     |
| time/              |          |
|    episodes        | 1230     |
|    fps             | 54       |
|    time_elapsed    | 3333     |
|    total_timesteps | 180316   |
| train/             |          |
|    actor_loss      | -3.97    |
|    critic_loss     | 6.57     |
|    ent_coef        | 0.0084   |
|    ent_coef_loss   | -0.456   |
|    learning_rate   | 0.0003   |
|    n_updates       | 175315   |
---------------------------------
---------------------------------
| rollout/           |          |
|    collision_steps | 0        |
|    ep_len          | 155      |
|    ep_len_mean     | 151      |
|    ep_rew_mean     | 17.5     |
|    episodes        | 1239     |
|    grasp_rate      | 0.32     |
|    lift_rate       | 0.14     |
|    place_err_mm    | 275      |
|    safety_clamped  | 150      |
|    success_rate    | 0.11     |
| time/              |          |
|    episodes        | 1240     |
|    fps             | 54       |
|    time_elapsed    | 3368     |
|    total_timesteps | 181892   |
| train/             |          |
|    actor_loss      | -3.93    |
|    critic_loss     | 12.5     |
|    ent_coef        | 0.008    |
|    ent_coef_loss   | -0.514   |
|    learning_rate   | 0.0003   |
|    n_updates       | 176891   |
---------------------------------
---------------------------------
| rollout/           |          |
|    collision_steps | 0        |
|    ep_len          | 153      |
|    episodes        | 1240     |
|    grasp_rate      | 0.34     |
|    lift_rate       | 0.14     |
|    place_err_mm    | 277      |
|    safety_clamped  | 149      |
|    success_rate    | 0.08     |
| train/             |          |
|    actor_loss      | -2.84    |
|    critic_loss     | 4.41     |
|    ent_coef        | 0.00805  |
|    ent_coef_loss   | -3.15    |
|    learning_rate   | 0.0003   |
|    n_updates       | 176999   |
---------------------------------
---------------------------------
| rollout/           |          |
|    collision_steps | 0        |
|    ep_len          | 156      |
|    ep_len_mean     | 156      |
|    ep_rew_mean     | 7.32     |
|    episodes        | 1249     |
|    grasp_rate      | 0.28     |
|    lift_rate       | 0.14     |
|    place_err_mm    | 278      |
|    safety_clamped  | 152      |
|    success_rate    | 0.07     |
| time/              |          |
|    episodes        | 1250     |
|    fps             | 53       |
|    time_elapsed    | 3403     |
|    total_timesteps | 183632   |
| train/             |          |
|    actor_loss      | -5.19    |
|    critic_loss     | 10.2     |
|    ent_coef        | 0.00821  |
|    ent_coef_loss   | -0.269   |
|    learning_rate   | 0.0003   |
|    n_updates       | 178631   |
---------------------------------
---------------------------------
| rollout/           |          |
|    collision_steps | 0        |
|    ep_len          | 157      |
|    episodes        | 1252     |
|    grasp_rate      | 0.28     |
|    lift_rate       | 0.14     |
|    place_err_mm    | 280      |
|    safety_clamped  | 153      |
|    success_rate    | 0.08     |
| train/             |          |
|    actor_loss      | -4.47    |
|    critic_loss     | 11.8     |
|    ent_coef        | 0.00807  |
|    ent_coef_loss   | -2.52    |
|    learning_rate   | 0.0003   |
|    n_updates       | 178999   |
---------------------------------
---------------------------------
| rollout/           |          |
|    collision_steps | 0        |
|    ep_len          | 156      |
|    ep_len_mean     | 158      |
|    ep_rew_mean     | 8.66     |
|    episodes        | 1259     |
|    grasp_rate      | 0.3      |
|    lift_rate       | 0.14     |
|    place_err_mm    | 279      |
|    safety_clamped  | 153      |
|    success_rate    | 0.07     |
| time/              |          |
|    episodes        | 1260     |
|    fps             | 53       |
|    time_elapsed    | 3435     |
|    total_timesteps | 185150   |
| train/             |          |
|    actor_loss      | -7.96    |
|    critic_loss     | 60.4     |
|    ent_coef        | 0.00768  |
|    ent_coef_loss   | 3.18     |
|    learning_rate   | 0.0003   |
|    n_updates       | 180149   |
---------------------------------
---------------------------------
| rollout/           |          |
|    collision_steps | 0        |
|    ep_len          | 145      |
|    episodes        | 1269     |
|    grasp_rate      | 0.36     |
|    lift_rate       | 0.16     |
|    place_err_mm    | 256      |
|    safety_clamped  | 141      |
|    success_rate    | 0.14     |
| train/             |          |
|    actor_loss      | -7.97    |
|    critic_loss     | 12.7     |
|    ent_coef        | 0.00779  |
|    ent_coef_loss   | 1.85     |
|    learning_rate   | 0.0003   |
|    n_updates       | 180999   |
---------------------------------
---------------------------------
| rollout/           |          |
|    collision_steps | 0        |
|    ep_len          | 145      |
|    ep_len_mean     | 150      |
|    ep_rew_mean     | 16.7     |
|    episodes        | 1269     |
|    grasp_rate      | 0.36     |
|    lift_rate       | 0.16     |
|    place_err_mm    | 256      |
|    safety_clamped  | 141      |
|    success_rate    | 0.1      |
| time/              |          |
|    episodes        | 1270     |
|    fps             | 53       |
|    time_elapsed    | 3455     |
|    total_timesteps | 186148   |
| train/             |          |
|    actor_loss      | -7.35    |
|    critic_loss     | 7.75     |
|    ent_coef        | 0.00776  |
|    ent_coef_loss   | 0.0635   |
|    learning_rate   | 0.0003   |
|    n_updates       | 181147   |
---------------------------------
---------------------------------
| rollout/           |          |
|    collision_steps | 0        |
|    ep_len          | 148      |
|    ep_len_mean     | 153      |
|    ep_rew_mean     | 10.5     |
|    episodes        | 1279     |
|    grasp_rate      | 0.32     |
|    lift_rate       | 0.1      |
|    place_err_mm    | 258      |
|    safety_clamped  | 145      |
|    success_rate    | 0.08     |
| time/              |          |
|    episodes        | 1280     |
|    fps             | 53       |
|    time_elapsed    | 3482     |
|    total_timesteps | 187648   |
| train/             |          |
|    actor_loss      | -7.86    |
|    critic_loss     | 13.3     |
|    ent_coef        | 0.00809  |
|    ent_coef_loss   | 1.77     |
|    learning_rate   | 0.0003   |
|    n_updates       | 182647   |
---------------------------------
---------------------------------
| rollout/           |          |
|    collision_steps | 0        |
|    ep_len          | 145      |
|    episodes        | 1282     |
|    grasp_rate      | 0.34     |
|    lift_rate       | 0.1      |
|    place_err_mm    | 249      |
|    safety_clamped  | 141      |
|    success_rate    | 0.1      |
| train/             |          |
|    actor_loss      | -5.19    |
|    critic_loss     | 9.49     |
|    ent_coef        | 0.00809  |
|    ent_coef_loss   | 1.12     |
|    learning_rate   | 0.0003   |
|    n_updates       | 182999   |
---------------------------------
---------------------------------
| rollout/           |          |
|    collision_steps | 0        |
|    ep_len          | 142      |
|    ep_len_mean     | 147      |
|    ep_rew_mean     | 15.9     |
|    episodes        | 1289     |
|    grasp_rate      | 0.36     |
|    lift_rate       | 0.08     |
|    place_err_mm    | 235      |
|    safety_clamped  | 138      |
|    success_rate    | 0.09     |
| time/              |          |
|    episodes        | 1290     |
|    fps             | 53       |
|    time_elapsed    | 3508     |
|    total_timesteps | 188975   |
| train/             |          |
|    actor_loss      | -5.93    |
|    critic_loss     | 7.04     |
|    ent_coef        | 0.00793  |
|    ent_coef_loss   | 2.05     |
|    learning_rate   | 0.0003   |
|    n_updates       | 183974   |
---------------------------------
---------------------------------
| rollout/           |          |
|    collision_steps | 0        |
|    ep_len          | 142      |
|    episodes        | 1295     |
|    grasp_rate      | 0.32     |
|    lift_rate       | 0.08     |
|    place_err_mm    | 242      |
|    safety_clamped  | 138      |
|    success_rate    | 0.1      |
| train/             |          |
|    actor_loss      | -5.76    |
|    critic_loss     | 14.1     |
|    ent_coef        | 0.00781  |
|    ent_coef_loss   | -0.822   |
|    learning_rate   | 0.0003   |
|    n_updates       | 184999   |
---------------------------------
Eval num_timesteps=190000, episode_reward=-10.38 +/- 3.51
Episode length: 200.00 +/- 0.00
Success rate: 0.00%
---------------------------------
| eval/              |          |
|    mean_ep_length  | 200      |
|    mean_reward     | -10.4    |
|    success_rate    | 0        |
| time/              |          |
|    total_timesteps | 190000   |
---------------------------------
New best mean reward!
---------------------------------
| rollout/           |          |
|    collision_steps | 0        |
|    ep_len          | 142      |
|    ep_len_mean     | 149      |
|    ep_rew_mean     | 14.5     |
|    episodes        | 1299     |
|    grasp_rate      | 0.34     |
|    lift_rate       | 0.08     |
|    place_err_mm    | 246      |
|    safety_clamped  | 138      |
|    success_rate    | 0.09     |
| time/              |          |
|    episodes        | 1300     |
|    fps             | 53       |
|    time_elapsed    | 3547     |
|    total_timesteps | 190635   |
| train/             |          |
|    actor_loss      | -4.72    |
|    critic_loss     | 7.03     |
|    ent_coef        | 0.00767  |
|    ent_coef_loss   | -2.87    |
|    learning_rate   | 0.0003   |
|    n_updates       | 185634   |
---------------------------------
---------------------------------
| rollout/           |          |
|    collision_steps | 0        |
|    ep_len          | 136      |
|    ep_len_mean     | 144      |
|    ep_rew_mean     | 23.8     |
|    episodes        | 1309     |
|    grasp_rate      | 0.36     |
|    lift_rate       | 0.12     |
|    place_err_mm    | 238      |
|    safety_clamped  | 131      |
|    success_rate    | 0.12     |
| time/              |          |
|    episodes        | 1310     |
|    fps             | 53       |
|    time_elapsed    | 3572     |
|    total_timesteps | 191821   |
| train/             |          |
|    actor_loss      | -5.24    |
|    critic_loss     | 7.24     |
|    ent_coef        | 0.00825  |
|    ent_coef_loss   | -1.56    |
|    learning_rate   | 0.0003   |
|    n_updates       | 186820   |
---------------------------------
---------------------------------
| rollout/           |          |
|    collision_steps | 0        |
|    ep_len          | 134      |
|    episodes        | 1311     |
|    grasp_rate      | 0.38     |
|    lift_rate       | 0.16     |
|    place_err_mm    | 231      |
|    safety_clamped  | 129      |
|    success_rate    | 0.14     |
| train/             |          |
|    actor_loss      | -3.26    |
|    critic_loss     | 5        |
|    ent_coef        | 0.00809  |
|    ent_coef_loss   | -0.577   |
|    learning_rate   | 0.0003   |
|    n_updates       | 186999   |
---------------------------------
---------------------------------
| rollout/           |          |
|    collision_steps | 0        |
|    ep_len          | 139      |
|    ep_len_mean     | 143      |
|    ep_rew_mean     | 23.7     |
|    episodes        | 1319     |
|    grasp_rate      | 0.34     |
|    lift_rate       | 0.14     |
|    place_err_mm    | 245      |
|    safety_clamped  | 135      |
|    success_rate    | 0.12     |
| time/              |          |
|    episodes        | 1320     |
|    fps             | 53       |
|    time_elapsed    | 3598     |
|    total_timesteps | 193119   |
| train/             |          |
|    actor_loss      | -3.73    |
|    critic_loss     | 5.56     |
|    ent_coef        | 0.00782  |
|    ent_coef_loss   | -2.09    |
|    learning_rate   | 0.0003   |
|    n_updates       | 188118   |
---------------------------------
---------------------------------
| rollout/           |          |
|    collision_steps | 0        |
|    ep_len          | 137      |
|    episodes        | 1327     |
|    grasp_rate      | 0.4      |
|    lift_rate       | 0.18     |
|    place_err_mm    | 229      |
|    safety_clamped  | 132      |
|    success_rate    | 0.14     |
| train/             |          |
|    actor_loss      | -9.53    |
|    critic_loss     | 8.16     |
|    ent_coef        | 0.00762  |
|    ent_coef_loss   | 1.5      |
|    learning_rate   | 0.0003   |
|    n_updates       | 188999   |
---------------------------------
---------------------------------
| rollout/           |          |
|    collision_steps | 0        |
|    ep_len          | 137      |
|    ep_len_mean     | 141      |
|    ep_rew_mean     | 27.1     |
|    episodes        | 1329     |
|    grasp_rate      | 0.4      |
|    lift_rate       | 0.18     |
|    place_err_mm    | 235      |
|    safety_clamped  | 132      |
|    success_rate    | 0.13     |
| time/              |          |
|    episodes        | 1330     |
|    fps             | 53       |
|    time_elapsed    | 3623     |
|    total_timesteps | 194378   |
| train/             |          |
|    actor_loss      | -8.9     |
|    critic_loss     | 10.5     |
|    ent_coef        | 0.00785  |
|    ent_coef_loss   | 2.57     |
|    learning_rate   | 0.0003   |
|    n_updates       | 189377   |
---------------------------------
---------------------------------
| rollout/           |          |
|    collision_steps | 0        |
|    ep_len          | 137      |
|    ep_len_mean     | 140      |
|    ep_rew_mean     | 27.1     |
|    episodes        | 1339     |
|    grasp_rate      | 0.38     |
|    lift_rate       | 0.24     |
|    place_err_mm    | 251      |
|    safety_clamped  | 132      |
|    success_rate    | 0.13     |
| time/              |          |
|    episodes        | 1340     |
|    fps             | 53       |
|    time_elapsed    | 3658     |
|    total_timesteps | 195927   |
| train/             |          |
|    actor_loss      | -6.92    |
|    critic_loss     | 23.3     |
|    ent_coef        | 0.0086   |
|    ent_coef_loss   | 1.28     |
|    learning_rate   | 0.0003   |
|    n_updates       | 190926   |
---------------------------------
---------------------------------
| rollout/           |          |
|    collision_steps | 0        |
|    ep_len          | 139      |
|    episodes        | 1340     |
|    grasp_rate      | 0.38     |
|    lift_rate       | 0.24     |
|    place_err_mm    | 252      |
|    safety_clamped  | 134      |
|    success_rate    | 0.16     |
| train/             |          |
|    actor_loss      | -3.49    |
|    critic_loss     | 6.12     |
|    ent_coef        | 0.00857  |
|    ent_coef_loss   | -0.669   |
|    learning_rate   | 0.0003   |
|    n_updates       | 190999   |
---------------------------------
---------------------------------
| rollout/           |          |
|    collision_steps | 0        |
|    ep_len          | 139      |
|    ep_len_mean     | 139      |
|    ep_rew_mean     | 27.8     |
|    episodes        | 1349     |
|    grasp_rate      | 0.4      |
|    lift_rate       | 0.24     |
|    place_err_mm    | 245      |
|    safety_clamped  | 135      |
|    success_rate    | 0.14     |
| time/              |          |
|    episodes        | 1350     |
|    fps             | 53       |
|    time_elapsed    | 3694     |
|    total_timesteps | 197555   |
| train/             |          |
|    actor_loss      | -9.6     |
|    critic_loss     | 26.7     |
|    ent_coef        | 0.00938  |
|    ent_coef_loss   | -1.3     |
|    learning_rate   | 0.0003   |
|    n_updates       | 192554   |
---------------------------------
---------------------------------
| rollout/           |          |
|    collision_steps | 0        |
|    ep_len          | 140      |
|    episodes        | 1352     |
|    grasp_rate      | 0.38     |
|    lift_rate       | 0.26     |
|    place_err_mm    | 253      |
|    safety_clamped  | 136      |
|    success_rate    | 0.18     |
| train/             |          |
|    actor_loss      | -7.99    |
|    critic_loss     | 6.9      |
|    ent_coef        | 0.00918  |
|    ent_coef_loss   | 1.53     |
|    learning_rate   | 0.0003   |
|    n_updates       | 192999   |
---------------------------------
---------------------------------
| rollout/           |          |
|    collision_steps | 0        |
|    ep_len          | 146      |
|    ep_len_mean     | 141      |
|    ep_rew_mean     | 24.3     |
|    episodes        | 1359     |
|    grasp_rate      | 0.36     |
|    lift_rate       | 0.22     |
|    place_err_mm    | 266      |
|    safety_clamped  | 142      |
|    success_rate    | 0.13     |
| time/              |          |
|    episodes        | 1360     |
|    fps             | 53       |
|    time_elapsed    | 3731     |
|    total_timesteps | 199235   |
| train/             |          |
|    actor_loss      | -3.17    |
|    critic_loss     | 6.32     |
|    ent_coef        | 0.00876  |
|    ent_coef_loss   | -0.776   |
|    learning_rate   | 0.0003   |
|    n_updates       | 194234   |
---------------------------------
---------------------------------
| rollout/           |          |
|    collision_steps | 0        |
|    ep_len          | 148      |
|    episodes        | 1365     |
|    grasp_rate      | 0.34     |
|    lift_rate       | 0.16     |
|    place_err_mm    | 267      |
|    safety_clamped  | 144      |
|    success_rate    | 0.12     |
| train/             |          |
|    actor_loss      | -6.18    |
|    critic_loss     | 9.01     |
|    ent_coef        | 0.00894  |
|    ent_coef_loss   | -0.501   |
|    learning_rate   | 0.0003   |
|    n_updates       | 194999   |
---------------------------------
Eval num_timesteps=200000, episode_reward=-13.25 +/- 5.80
Episode length: 200.00 +/- 0.00
Success rate: 0.00%
---------------------------------
| eval/              |          |
|    mean_ep_length  | 200      |
|    mean_reward     | -13.2    |
|    success_rate    | 0        |
| time/              |          |
|    total_timesteps | 200000   |
---------------------------------
---------------------------------
| rollout/           |          |
|    collision_steps | 0        |
|    ep_len          | 151      |
|    ep_len_mean     | 144      |
|    ep_rew_mean     | 21.2     |
|    episodes        | 1369     |
|    grasp_rate      | 0.36     |
|    lift_rate       | 0.16     |
|    place_err_mm    | 263      |
|    safety_clamped  | 147      |
|    success_rate    | 0.11     |
| time/              |          |
|    episodes        | 1370     |
|    fps             | 53       |
|    time_elapsed    | 3762     |
|    total_timesteps | 200590   |
| train/             |          |
|    actor_loss      | -9.34    |
|    critic_loss     | 9.48     |
|    ent_coef        | 0.00856  |
|    ent_coef_loss   | 1.46     |
|    learning_rate   | 0.0003   |
|    n_updates       | 195589   |
---------------------------------
---------------------------------
| rollout/           |          |
|    collision_steps | 0        |
|    ep_len          | 150      |
|    ep_len_mean     | 143      |
|    ep_rew_mean     | 26.6     |
|    episodes        | 1379     |
|    grasp_rate      | 0.36     |
|    lift_rate       | 0.16     |
|    place_err_mm    | 265      |
|    safety_clamped  | 147      |
|    success_rate    | 0.13     |
| time/              |          |
|    episodes        | 1380     |
|    fps             | 53       |
|    time_elapsed    | 3791     |
|    total_timesteps | 201979   |
| train/             |          |
|    actor_loss      | -7.02    |
|    critic_loss     | 15.5     |
|    ent_coef        | 0.00842  |
|    ent_coef_loss   | -2.65    |
|    learning_rate   | 0.0003   |
|    n_updates       | 196978   |
---------------------------------
---------------------------------
| rollout/           |          |
|    collision_steps | 0        |
|    ep_len          | 152      |
|    episodes        | 1380     |
|    grasp_rate      | 0.36     |
|    lift_rate       | 0.14     |
|    place_err_mm    | 266      |
|    safety_clamped  | 148      |
|    success_rate    | 0.1      |
| train/             |          |
|    actor_loss      | -4.1     |
|    critic_loss     | 4.73     |
|    ent_coef        | 0.00836  |
|    ent_coef_loss   | -3.97    |
|    learning_rate   | 0.0003   |
|    n_updates       | 196999   |
---------------------------------
---------------------------------
| rollout/           |          |
|    collision_steps | 0.9      |
|    ep_len          | 151      |
|    ep_len_mean     | 145      |
|    ep_rew_mean     | 22.2     |
|    episodes        | 1389     |
|    grasp_rate      | 0.36     |
|    lift_rate       | 0.08     |
|    place_err_mm    | 261      |
|    safety_clamped  | 147      |
|    success_rate    | 0.13     |
| time/              |          |
|    episodes        | 1390     |
|    fps             | 53       |
|    time_elapsed    | 3823     |
|    total_timesteps | 203477   |
| train/             |          |
|    actor_loss      | -7.2     |
|    critic_loss     | 11.6     |
|    ent_coef        | 0.00874  |
|    ent_coef_loss   | 1.19     |
|    learning_rate   | 0.0003   |
|    n_updates       | 198476   |
---------------------------------
---------------------------------
| rollout/           |          |
|    collision_steps | 0.9      |
|    ep_len          | 147      |
|    episodes        | 1393     |
|    grasp_rate      | 0.38     |
|    lift_rate       | 0.12     |
|    place_err_mm    | 258      |
|    safety_clamped  | 143      |
|    success_rate    | 0.12     |
| train/             |          |
|    actor_loss      | -8.63    |
|    critic_loss     | 6.14     |
|    ent_coef        | 0.0086   |
|    ent_coef_loss   | 0.837    |
|    learning_rate   | 0.0003   |
|    n_updates       | 198999   |
---------------------------------
---------------------------------
| rollout/           |          |
|    collision_steps | 0.9      |
|    ep_len          | 143      |
|    ep_len_mean     | 142      |
|    ep_rew_mean     | 28.8     |
|    episodes        | 1399     |
|    grasp_rate      | 0.42     |
|    lift_rate       | 0.14     |
|    place_err_mm    | 248      |
|    safety_clamped  | 138      |
|    success_rate    | 0.15     |
| time/              |          |
|    episodes        | 1400     |
|    fps             | 53       |
|    time_elapsed    | 3854     |
|    total_timesteps | 204833   |
| train/             |          |
|    actor_loss      | -3.92    |
|    critic_loss     | 9.99     |
|    ent_coef        | 0.00874  |
|    ent_coef_loss   | -0.573   |
|    learning_rate   | 0.0003   |
|    n_updates       | 199832   |
---------------------------------
---------------------------------
| rollout/           |          |
|    collision_steps | 0.9      |
|    ep_len          | 136      |
|    episodes        | 1409     |
|    grasp_rate      | 0.46     |
|    lift_rate       | 0.16     |
|    place_err_mm    | 224      |
|    safety_clamped  | 132      |
|    success_rate    | 0.16     |
| train/             |          |
|    actor_loss      | -8.73    |
|    critic_loss     | 9.04     |
|    ent_coef        | 0.00862  |
|    ent_coef_loss   | 1.52     |
|    learning_rate   | 0.0003   |
|    n_updates       | 200999   |
---------------------------------
---------------------------------
| rollout/           |          |
|    collision_steps | 0.9      |
|    ep_len          | 136      |
|    ep_len_mean     | 143      |
|    ep_rew_mean     | 25.5     |
|    episodes        | 1409     |
|    grasp_rate      | 0.46     |
|    lift_rate       | 0.16     |
|    place_err_mm    | 224      |
|    safety_clamped  | 132      |
|    success_rate    | 0.14     |
| time/              |          |
|    episodes        | 1410     |
|    fps             | 53       |
|    time_elapsed    | 3880     |
|    total_timesteps | 206134   |
| train/             |          |
|    actor_loss      | -5.33    |
|    critic_loss     | 9.14     |
|    ent_coef        | 0.00851  |
|    ent_coef_loss   | 0.16     |
|    learning_rate   | 0.0003   |
|    n_updates       | 201133   |
---------------------------------
---------------------------------
| rollout/           |          |
|    collision_steps | 0.9      |
|    ep_len          | 134      |
|    ep_len_mean     | 142      |
|    ep_rew_mean     | 30.2     |
|    episodes        | 1419     |
|    grasp_rate      | 0.44     |
|    lift_rate       | 0.2      |
|    place_err_mm    | 231      |
|    safety_clamped  | 130      |
|    success_rate    | 0.16     |
| time/              |          |
|    episodes        | 1420     |
|    fps             | 53       |
|    time_elapsed    | 3904     |
|    total_timesteps | 207345   |
| train/             |          |
|    actor_loss      | -3.86    |
|    critic_loss     | 10.8     |
|    ent_coef        | 0.00881  |
|    ent_coef_loss   | -1.15    |
|    learning_rate   | 0.0003   |
|    n_updates       | 202344   |
---------------------------------
---------------------------------
| rollout/           |          |
|    collision_steps | 0.9      |
|    ep_len          | 137      |
|    episodes        | 1423     |
|    grasp_rate      | 0.4      |
|    lift_rate       | 0.2      |
|    place_err_mm    | 232      |
|    safety_clamped  | 133      |
|    success_rate    | 0.2      |
| train/             |          |
|    actor_loss      | -7.61    |
|    critic_loss     | 9.39     |
|    ent_coef        | 0.00861  |
|    ent_coef_loss   | -1.43    |
|    learning_rate   | 0.0003   |
|    n_updates       | 202999   |
---------------------------------
---------------------------------
| rollout/           |          |
|    collision_steps | 0.9      |
|    ep_len          | 142      |
|    ep_len_mean     | 147      |
|    ep_rew_mean     | 22.8     |
|    episodes        | 1429     |
|    grasp_rate      | 0.36     |
|    lift_rate       | 0.18     |
|    place_err_mm    | 235      |
|    safety_clamped  | 138      |
|    success_rate    | 0.14     |
| time/              |          |
|    episodes        | 1430     |
|    fps             | 53       |
|    time_elapsed    | 3939     |
|    total_timesteps | 209085   |
| train/             |          |
|    actor_loss      | -6.31    |
|    critic_loss     | 33.1     |
|    ent_coef        | 0.00853  |
|    ent_coef_loss   | -0.269   |
|    learning_rate   | 0.0003   |
|    n_updates       | 204084   |
---------------------------------
---------------------------------
| rollout/           |          |
|    collision_steps | 0.9      |
|    ep_len          | 143      |
|    episodes        | 1436     |
|    grasp_rate      | 0.38     |
|    lift_rate       | 0.2      |
|    place_err_mm    | 239      |
|    safety_clamped  | 139      |
|    success_rate    | 0.18     |
| train/             |          |
|    actor_loss      | -9.78    |
|    critic_loss     | 14.1     |
|    ent_coef        | 0.00952  |
|    ent_coef_loss   | -0.409   |
|    learning_rate   | 0.0003   |
|    n_updates       | 204999   |
---------------------------------
Eval num_timesteps=210000, episode_reward=-14.84 +/- 2.32
Episode length: 200.00 +/- 0.00
Success rate: 0.00%
---------------------------------
| eval/              |          |
|    mean_ep_length  | 200      |
|    mean_reward     | -14.8    |
|    success_rate    | 0        |
| time/              |          |
|    total_timesteps | 210000   |
---------------------------------
---------------------------------
| rollout/           |          |
|    collision_steps | 0        |
|    ep_len          | 143      |
|    ep_len_mean     | 146      |
|    ep_rew_mean     | 24.9     |
|    episodes        | 1439     |
|    grasp_rate      | 0.36     |
|    lift_rate       | 0.22     |
|    place_err_mm    | 229      |
|    safety_clamped  | 139      |
|    success_rate    | 0.15     |
| time/              |          |
|    episodes        | 1440     |
|    fps             | 52       |
|    time_elapsed    | 3976     |
|    total_timesteps | 210511   |
| train/             |          |
|    actor_loss      | -9.89    |
|    critic_loss     | 13.4     |
|    ent_coef        | 0.0095   |
|    ent_coef_loss   | -1.97    |
|    learning_rate   | 0.0003   |
|    n_updates       | 205510   |
---------------------------------
---------------------------------
| rollout/           |          |
|    collision_steps | 0        |
|    ep_len          | 145      |
|    ep_len_mean     | 144      |
|    ep_rew_mean     | 30       |
|    episodes        | 1449     |
|    grasp_rate      | 0.34     |
|    lift_rate       | 0.22     |
|    place_err_mm    | 239      |
|    safety_clamped  | 141      |
|    success_rate    | 0.16     |
| time/              |          |
|    episodes        | 1450     |
|    fps             | 52       |
|    time_elapsed    | 4006     |
|    total_timesteps | 211996   |
| train/             |          |
|    actor_loss      | -7.32    |
|    critic_loss     | 7.16     |
|    ent_coef        | 0.00913  |
|    ent_coef_loss   | 1.37     |
|    learning_rate   | 0.0003   |
|    n_updates       | 206995   |
---------------------------------
---------------------------------
| rollout/           |          |
|    collision_steps | 0        |
|    ep_len          | 143      |
|    episodes        | 1450     |
|    grasp_rate      | 0.36     |
|    lift_rate       | 0.22     |
|    place_err_mm    | 242      |
|    safety_clamped  | 140      |
|    success_rate    | 0.2      |
| train/             |          |
|    actor_loss      | -4.82    |
|    critic_loss     | 5.01     |
|    ent_coef        | 0.00913  |
|    ent_coef_loss   | -0.305   |
|    learning_rate   | 0.0003   |
|    n_updates       | 206999   |
---------------------------------
---------------------------------
| rollout/           |          |
|    collision_steps | 0        |
|    ep_len          | 148      |
|    ep_len_mean     | 142      |
|    ep_rew_mean     | 35.8     |
|    episodes        | 1459     |
|    grasp_rate      | 0.36     |
|    lift_rate       | 0.2      |
|    place_err_mm    | 250      |
|    safety_clamped  | 144      |
|    success_rate    | 0.18     |
| time/              |          |
|    episodes        | 1460     |
|    fps             | 52       |
|    time_elapsed    | 4033     |
|    total_timesteps | 213393   |
| train/             |          |
|    actor_loss      | -9.16    |
|    critic_loss     | 13.9     |
|    ent_coef        | 0.00811  |
|    ent_coef_loss   | 1.78     |
|    learning_rate   | 0.0003   |
|    n_updates       | 208392   |
---------------------------------
---------------------------------
| rollout/           |          |
|    collision_steps | 0        |
|    ep_len          | 147      |
|    episodes        | 1464     |
|    grasp_rate      | 0.38     |
|    lift_rate       | 0.18     |
|    place_err_mm    | 248      |
|    safety_clamped  | 143      |
|    success_rate    | 0.18     |
| train/             |          |
|    actor_loss      | -3.87    |
|    critic_loss     | 4.84     |
|    ent_coef        | 0.00822  |
|    ent_coef_loss   | 0.0248   |
|    learning_rate   | 0.0003   |
|    n_updates       | 208999   |
---------------------------------
---------------------------------
| rollout/           |          |
|    collision_steps | 0        |
|    ep_len          | 152      |
|    ep_len_mean     | 144      |
|    ep_rew_mean     | 34.1     |
|    episodes        | 1469     |
|    grasp_rate      | 0.34     |
|    lift_rate       | 0.16     |
|    place_err_mm    | 249      |
|    safety_clamped  | 148      |
|    success_rate    | 0.18     |
| time/              |          |
|    episodes        | 1470     |
|    fps             | 52       |
|    time_elapsed    | 4065     |
|    total_timesteps | 214953   |
| train/             |          |
|    actor_loss      | -7.22    |
|    critic_loss     | 9.79     |
|    ent_coef        | 0.00899  |
|    ent_coef_loss   | 0.507    |
|    learning_rate   | 0.0003   |
|    n_updates       | 209952   |
---------------------------------
---------------------------------
| rollout/           |          |
|    collision_steps | 0        |
|    ep_len          | 147      |
|    episodes        | 1476     |
|    grasp_rate      | 0.38     |
|    lift_rate       | 0.2      |
|    place_err_mm    | 247      |
|    safety_clamped  | 143      |
|    success_rate    | 0.18     |
| train/             |          |
|    actor_loss      | -8.42    |
|    critic_loss     | 9.34     |
|    ent_coef        | 0.00908  |
|    ent_coef_loss   | 0.291    |
|    learning_rate   | 0.0003   |
|    n_updates       | 210999   |
---------------------------------
---------------------------------
| rollout/           |          |
|    collision_steps | 0        |
|    ep_len          | 145      |
|    ep_len_mean     | 144      |
|    ep_rew_mean     | 33.9     |
|    episodes        | 1479     |
|    grasp_rate      | 0.38     |
|    lift_rate       | 0.2      |
|    place_err_mm    | 250      |
|    safety_clamped  | 142      |
|    success_rate    | 0.18     |
| time/              |          |
|    episodes        | 1480     |
|    fps             | 52       |
|    time_elapsed    | 4094     |
|    total_timesteps | 216355   |
| train/             |          |
|    actor_loss      | -6.76    |
|    critic_loss     | 8.98     |
|    ent_coef        | 0.00884  |
|    ent_coef_loss   | -2.59    |
|    learning_rate   | 0.0003   |
|    n_updates       | 211354   |
---------------------------------
---------------------------------
| rollout/           |          |
|    collision_steps | 0        |
|    ep_len          | 145      |
|    ep_len_mean     | 143      |
|    ep_rew_mean     | 31.2     |
|    episodes        | 1489     |
|    grasp_rate      | 0.36     |
|    lift_rate       | 0.16     |
|    place_err_mm    | 272      |
|    safety_clamped  | 142      |
|    success_rate    | 0.17     |
| time/              |          |
|    episodes        | 1490     |
|    fps             | 52       |
|    time_elapsed    | 4124     |
|    total_timesteps | 217797   |
| train/             |          |
|    actor_loss      | -9.38    |
|    critic_loss     | 8.98     |
|    ent_coef        | 0.00836  |
|    ent_coef_loss   | 0.621    |
|    learning_rate   | 0.0003   |
|    n_updates       | 212796   |
---------------------------------
---------------------------------
| rollout/           |          |
|    collision_steps | 0        |
|    ep_len          | 144      |
|    episodes        | 1492     |
|    grasp_rate      | 0.36     |
|    lift_rate       | 0.14     |
|    place_err_mm    | 264      |
|    safety_clamped  | 140      |
|    success_rate    | 0.16     |
| train/             |          |
|    actor_loss      | -8.48    |
|    critic_loss     | 12.6     |
|    ent_coef        | 0.00829  |
|    ent_coef_loss   | -0.621   |
|    learning_rate   | 0.0003   |
|    n_updates       | 212999   |
---------------------------------
---------------------------------
| rollout/           |          |
|    collision_steps | 0        |
|    ep_len          | 144      |
|    ep_len_mean     | 144      |
|    ep_rew_mean     | 32.6     |
|    episodes        | 1499     |
|    grasp_rate      | 0.36     |
|    lift_rate       | 0.14     |
|    place_err_mm    | 270      |
|    safety_clamped  | 140      |
|    success_rate    | 0.18     |
| time/              |          |
|    episodes        | 1500     |
|    fps             | 52       |
|    time_elapsed    | 4152     |
|    total_timesteps | 219255   |
| train/             |          |
|    actor_loss      | -3.81    |
|    critic_loss     | 6.17     |
|    ent_coef        | 0.00844  |
|    ent_coef_loss   | -3.92    |
|    learning_rate   | 0.0003   |
|    n_updates       | 214254   |
---------------------------------
---------------------------------
| rollout/           |          |
|    collision_steps | 0        |
|    ep_len          | 142      |
|    episodes        | 1506     |
|    grasp_rate      | 0.36     |
|    lift_rate       | 0.14     |
|    place_err_mm    | 263      |
|    safety_clamped  | 139      |
|    success_rate    | 0.16     |
| train/             |          |
|    actor_loss      | -8.49    |
|    critic_loss     | 14       |
|    ent_coef        | 0.00742  |
|    ent_coef_loss   | 1.86     |
|    learning_rate   | 0.0003   |
|    n_updates       | 214999   |
---------------------------------
Eval num_timesteps=220000, episode_reward=-19.47 +/- 4.73
Episode length: 200.00 +/- 0.00
Success rate: 0.00%
---------------------------------
| eval/              |          |
|    mean_ep_length  | 200      |
|    mean_reward     | -19.5    |
|    success_rate    | 0        |
| time/              |          |
|    total_timesteps | 220000   |
---------------------------------
---------------------------------
| rollout/           |          |
|    collision_steps | 0        |
|    ep_len          | 143      |
|    ep_len_mean     | 146      |
|    ep_rew_mean     | 29.2     |
|    episodes        | 1509     |
|    grasp_rate      | 0.36     |
|    lift_rate       | 0.16     |
|    place_err_mm    | 261      |
|    safety_clamped  | 140      |
|    success_rate    | 0.17     |
| time/              |          |
|    episodes        | 1510     |
|    fps             | 52       |
|    time_elapsed    | 4185     |
|    total_timesteps | 220688   |
| train/             |          |
|    actor_loss      | -8.35    |
|    critic_loss     | 16.5     |
|    ent_coef        | 0.00759  |
|    ent_coef_loss   | 0.589    |
|    learning_rate   | 0.0003   |
|    n_updates       | 215687   |
---------------------------------
---------------------------------
| rollout/           |          |
|    collision_steps | 0        |
|    ep_len          | 145      |
|    episodes        | 1519     |
|    grasp_rate      | 0.36     |
|    lift_rate       | 0.16     |
|    place_err_mm    | 258      |
|    safety_clamped  | 142      |
|    success_rate    | 0.14     |
| train/             |          |
|    actor_loss      | -8.5     |
|    critic_loss     | 11.5     |
|    ent_coef        | 0.00801  |
|    ent_coef_loss   | 2.42     |
|    learning_rate   | 0.0003   |
|    n_updates       | 216999   |
---------------------------------
---------------------------------
| rollout/           |          |
|    collision_steps | 0        |
|    ep_len          | 145      |
|    ep_len_mean     | 148      |
|    ep_rew_mean     | 24.6     |
|    episodes        | 1519     |
|    grasp_rate      | 0.36     |
|    lift_rate       | 0.16     |
|    place_err_mm    | 258      |
|    safety_clamped  | 142      |
|    success_rate    | 0.15     |
| time/              |          |
|    episodes        | 1520     |
|    fps             | 52       |
|    time_elapsed    | 4213     |
|    total_timesteps | 222195   |
| train/             |          |
|    actor_loss      | -7.66    |
|    critic_loss     | 7.14     |
|    ent_coef        | 0.00807  |
|    ent_coef_loss   | 1.1      |
|    learning_rate   | 0.0003   |
|    n_updates       | 217194   |
---------------------------------
