episode,seed,dr_seed,noise_seed,git_hash,cell,success_at_default_tol,grasp,lift,termination,steps,place_err_mm,tcp_err_at_release_mm,scatter_mm,release_step,obj_settled,max_step_dist_mm,action_smoothing,control_hz,max_joint_vel,n_substeps,obs_latency_steps,max_episode_steps,solver_timestep,solver_iterations,solver_impratio,solver_solref_scale,collision_steps,safety_clamped,safety_vetoed,clamp_rate,obj_r,obj_th,obj_yaw,obj_half_w,obj_half_h,obj_mass,mu_obj,mu_table,tgt_r,tgt_th,kp_scale_mean,kv_scale_mean,frictionloss_scale_mean,reward
0,30000,30000,30000,6a22834,ckpt_sac_full_00349944,0,0,0,timeout,200,195.54861977315664,nan,nan,-1,1,30.0,0.45,20.0,1.0,25,1,200,0.002,100,10.0,1.0,161,189,0,0.945,0.32705701425206696,-0.3852723407066261,-2.412306615453284,0.023248356419346666,0.03634407118723642,0.05713619631853544,1.811771820929556,1.2156651192880168,0.33532728300522646,0.2665723354347781,0.9283198274517569,0.984558076517463,1.020694126855675,-128.8243582706033
1,30001,30001,30001,6a22834,ckpt_sac_full_00349944,0,1,0,timeout,200,339.09224525531477,nan,nan,-1,0,30.0,0.45,20.0,1.0,25,1,200,0.002,100,10.0,1.0,0,149,0,0.745,0.3325176152262667,-0.24942285141218828,0.03228751597253465,0.0223440392261996,0.031212007881306614,0.03731188608934077,1.0931527093990399,1.1449436442425767,0.3570851997465893,0.662976419228492,0.9890619386082568,1.0483182264128017,0.9491347356540185,-10.493022581053701
2,30002,30002,30002,6a22834,ckpt_sac_full_00349944,0,0,0,timeout,200,287.4063470122846,nan,nan,-1,1,30.0,0.45,20.0,1.0,25,1,200,0.002,100,10.0,1.0,0,115,0,0.575,0.33214596386201695,-0.17798664132981545,-0.44616652917977406,0.027164928906732805,0.03184350572599488,0.06842173055377482,1.1353489337822151,0.7340100103704447,0.35465966532336257,0.6137724507545921,1.0400232922476478,1.0032652373978965,1.0716146407160902,-19.163943076642266
3,30003,30003,30003,6a22834,ckpt_sac_full_00349944,0,1,0,object_lost,134,386.3612853753899,nan,nan,-1,0,30.0,0.45,20.0,1.0,25,1,200,0.002,100,10.0,1.0,0,111,0,0.8283582089552238,0.3808204516853743,-0.3197116332399113,-2.8560330374370837,0.024067925443816814,0.03581465566623147,0.06978743615295413,1.6492513725047862,1.329287551551232,0.3248639045877714,0.6659663015954231,0.9728221085218524,0.9993673650555632,1.2151087006490093,-179.2409376409228
4,30004,30004,30004,6a22834,ckpt_sac_full_00349944,1,1,0,success,162,42.005834275701154,nan,nan,-1,1,30.0,0.45,20.0,1.0,25,1,200,0.002,100,10.0,1.0,0,149,0,0.9197530864197531,0.3171634861047361,-0.27964519878757743,-1.3622593623103016,0.026722859832980613,0.03458144386755109,0.05661632122044408,1.6596300257772505,0.9977400794349844,0.3791026415997995,0.5557279085939071,1.0872445116995448,1.0236822373336059,0.8632024642621747,190.58937751350825
5,30005,30005,30005,6a22834,ckpt_sac_full_00349944,0,1,0,timeout,200,293.513615465023,nan,nan,-1,1,30.0,0.45,20.0,1.0,25,1,200,0.002,100,10.0,1.0,108,180,0,0.9,0.3271498417260805,-0.18116229059618305,-0.5854497917938746,0.024938532560202033,0.038007082977966976,0.09048692911849676,1.2376916340017632,0.938811659982581,0.3417737992743752,0.5874492578554672,0.9793919842837386,1.0221707487712712,1.0679126545286006,-60.61832061354275
6,30006,30006,30006,6a22834,ckpt_sac_full_00349944,0,1,0,timeout,200,135.36384571251963,nan,nan,-1,1,30.0,0.45,20.0,1.0,25,1,200,0.002,100,10.0,1.0,0,185,0,0.925,0.3023878089383753,-0.4256280868906135,-0.7057494183861901,0.022258073657354115,0.03221164922364961,0.035580388464831816,1.4142503226320167,1.0764801193113014,0.304704413181816,0.576524317424441,1.067485378177647,1.0035494076307037,1.2869909711469054,-18.404631045917736
7,30007,30007,30007,6a22834,ckpt_sac_full_00349944,0,1,0,unsafe,28,427.8025568585589,nan,nan,-1,0,30.0,0.45,20.0,1.0,25,1,200,0.002,100,10.0,1.0,0,15,0,0.5357142857142857,0.35752758346805297,-0.7040377695299846,-0.43763253305335503,0.024960018505746712,0.0334888329116718,0.09901127120768934,1.3346544716296906,0.7060375639520589,0.30329945040456446,0.693131145610091,0.9560727553657679,0.9293201829393666,1.0404794768795607,-37.84874919253722
8,30008,30008,30008,6a22834,ckpt_sac_full_00349944,0,0,0,timeout,200,174.7326974724499,nan,nan,-1,0,30.0,0.45,20.0,1.0,25,1,200,0.002,100,10.0,1.0,0,168,0,0.84,0.3800860762147235,-0.3995344694953464,-0.15730713132752738,0.02178009150176172,0.03563518375810096,0.10433376476288106,1.3980335526707786,1.306087036330506,0.33171820696300425,0.23429225782791857,1.0751617073250028,1.0069630585087361,0.9605855114276735,-13.861235405653055
9,30009,30009,30009,6a22834,ckpt_sac_full_00349944,0,1,0,timeout,200,315.64666523697315,nan,nan,-1,1,30.0,0.45,20.0,1.0,25,1,200,0.002,100,10.0,1.0,0,186,0,0.93,0.3190639441226543,-0.505386229090332,-3.1362692281499998,0.024102039005192765,0.03679471537753926,0.05531370945553771,1.9014358457552272,1.3336196592629497,0.3053927859540511,0.5466226088278759,1.065120195511467,1.0524523659436802,1.1071953703043382,24.619732454579506
10,30010,30010,30010,6a22834,ckpt_sac_full_00349944,1,1,0,success,90,18.497422607585097,69.87948640722121,40.8586800908613,51,1,30.0,0.45,20.0,1.0,25,1,200,0.002,100,10.0,1.0,0,57,0,0.6333333333333333,0.35433462226681217,-0.1872204239327,1.933099539691371,0.023640255387884796,0.03864155335461733,0.08065749099315048,1.6019791749414867,1.047005268024412,0.35054875299539345,0.6798983678541652,1.0907717557869567,1.046376375253371,0.999449079645053,265.5026380924146
11,30011,30011,30011,6a22834,ckpt_sac_full_00349944,0,0,0,timeout,200,300.0730795976721,nan,nan,-1,1,30.0,0.45,20.0,1.0,25,1,200,0.002,100,10.0,1.0,0,188,0,0.94,0.3253338139664903,-0.47747692351906956,-1.1775747172764555,0.027285777490229743,0.03400846877092341,0.05048626616933033,1.413854680635321,0.9817366565663526,0.3404874229874509,0.29551225920761043,0.9839955633319507,1.1353577839148377,1.0930832062350995,-0.3643466137707803
12,30012,30012,30012,6a22834,ckpt_sac_full_00349944,0,0,0,timeout,200,117.04120074238952,nan,nan,-1,1,30.0,0.45,20.0,1.0,25,1,200,0.002,100,10.0,1.0,0,185,0,0.925,0.35793653529620784,-0.2299907604238327,-1.8902900004247234,0.02298378545038329,0.036296972913467555,0.043598733716582426,0.9397939809069189,0.9091038567766242,0.34557053691799433,0.2766582014446109,1.039653535204743,1.0483208519171152,1.03965465502178,-16.242358866248086
13,30013,30013,30013,6a22834,ckpt_sac_full_00349944,0,0,0,timeout,200,220.62132065766934,nan,nan,-1,1,30.0,0.45,20.0,1.0,25,1,200,0.002,100,10.0,1.0,0,147,0,0.735,0.304900879985751,-0.37683371833030427,-2.4081375644067338,0.020928896693662737,0.03166586154385383,0.051059478404410816,1.0011147457359773,0.6851321580056657,0.3109598210393862,0.3928746700747351,1.0829082221496715,1.0025962338576575,0.881442088685968,-15.151612157019121
14,30014,30014,30014,6a22834,ckpt_sac_full_00349944,1,1,1,success,98,5.269450668892518,7.301254146336783,7.5473081404797275,74,1,30.0,0.45,20.0,1.0,25,1,200,0.002,100,10.0,1.0,0,72,0,0.7346938775510204,0.3834728583352324,-0.3363433872365509,-2.034519335574054,0.02326872444769587,0.03218785747646115,0.08183477193591995,1.7158836977091296,0.6107023951578425,0.3304672029879568,0.47460310138999434,1.0090299835520018,1.0749019914640308,1.1688116746947075,283.77030376595184
15,30015,30015,30015,6a22834,ckpt_sac_full_00349944,0,1,0,unsafe,23,350.93970152941876,nan,nan,-1,1,30.0,0.45,20.0,1.0,25,1,200,0.002,100,10.0,1.0,0,11,0,0.4782608695652174,0.3507987531122389,-0.4134885929917352,1.8903843587232085,0.024466330567026833,0.032860894164399225,0.03497890269429775,1.418006259871246,1.0965785885336694,0.35121105396300123,0.6321898634469603,1.0565058568210173,1.0133017887230193,1.0023779091903076,-40.53418360643997
16,30016,30016,30016,6a22834,ckpt_sac_full_00349944,0,1,0,unsafe,23,291.7391080604101,nan,nan,-1,1,30.0,0.45,20.0,1.0,25,1,200,0.002,100,10.0,1.0,0,12,0,0.5217391304347826,0.36895236955523536,-0.33083932305839486,-0.66371758977697,0.023245631761559974,0.03153555311926235,0.09084911787951089,1.5881218941231512,0.9273771598678813,0.36832440733882127,0.4802786204020019,1.0933544471616403,0.974560357069197,1.025766010956104,-16.005008662522563
17,30017,30017,30017,6a22834,ckpt_sac_full_00349944,0,0,0,timeout,200,395.9341230375877,nan,nan,-1,0,30.0,0.45,20.0,1.0,25,1,200,0.002,100,10.0,1.0,0,171,0,0.855,0.34161843761715455,-0.42804227696838015,0.47496315761776176,0.02371614927016052,0.03841741235264233,0.09259522790177246,1.9862884056957262,0.9566192958795213,0.38222490454041075,0.7236776501944333,0.9612367019466389,1.1211041502121508,1.076359860637775,0.5157064865759913
18,30018,30018,30018,6a22834,ckpt_sac_full_00349944,1,1,0,success,114,29.273663273351772,15.277657344316477,26.822946929885358,99,1,30.0,0.45,20.0,1.0,25,1,200,0.002,100,10.0,1.0,0,75,0,0.6578947368421053,0.37834656525266563,-0.581315497296422,-1.0919334572817365,0.02214911993196861,0.03239666997583319,0.05765361780569946,1.8397163656326148,0.7324791491889044,0.3712108656250272,0.42104839237133596,1.031108664114701,1.015363765920426,1.0190851040149593,257.29755007244864
19,30019,30019,30019,6a22834,ckpt_sac_full_00349944,1,1,1,success,72,32.95802203062824,63.30494191353093,6.78191464781921,64,1,30.0,0.45,20.0,1.0,25,1,200,0.002,100,10.0,1.0,0,59,0,0.8194444444444444,0.33848509271833094,-0.19769076729104018,2.8467040126147864,0.020985975843084554,0.03260527336295301,0.0395143606072498,1.5752774014426691,0.6021623113290425,0.3098388514181124,0.6323019429338234,1.057424014597174,1.0194344496215355,1.1805114417608105,278.4750919515638
20,30020,30020,30020,6a22834,ckpt_sac_full_00349944,0,1,0,timeout,200,245.64052977138658,nan,nan,-1,1,30.0,0.45,20.0,1.0,25,1,200,0.002,100,10.0,1.0,0,187,0,0.935,0.32961517187180794,-0.4040275934931569,-1.426065774132482,0.020672199488538098,0.030547356907474427,0.0635292104074974,1.708123532003611,1.2924327310784407,0.33679738308026064,0.3775742554981819,1.0723086824255108,0.9878948739613708,1.0712054515590428,24.24782924439165
21,30021,30021,30021,6a22834,ckpt_sac_full_00349944,0,1,0,timeout,200,122.68470735975386,nan,nan,-1,1,30.0,0.45,20.0,1.0,25,1,200,0.002,100,10.0,1.0,0,179,0,0.895,0.32661643474595836,-0.23870512432265,-2.407290092628362,0.026778865494277576,0.036022315161634524,0.11610436140173523,0.9319605581879995,1.2143358915382518,0.3679716513190651,0.4324123414138295,1.054557094963403,1.021959061873035,0.9113362085309429,21.97500209624688
22,30022,30022,30022,6a22834,ckpt_sac_full_00349944,0,1,0,timeout,200,156.58503265871215,nan,nan,-1,1,30.0,0.45,20.0,1.0,25,1,200,0.002,100,10.0,1.0,0,168,0,0.84,0.34418657697597377,-0.2843796574399825,-2.1992354050049205,0.026922641879074703,0.034236357741943176,0.11790409660915885,1.3546491262311218,0.9705356315896958,0.3544688149148339,0.2830473920121235,1.0608989978936358,0.9780280049734879,1.1117834962834903,0.0006786723232948266
23,30023,30023,30023,6a22834,ckpt_sac_full_00349944,0,0,0,timeout,200,412.823441154565,nan,nan,-1,0,30.0,0.45,20.0,1.0,25,1,200,0.002,100,10.0,1.0,0,183,0,0.915,0.37962371939066814,-0.5077776151201323,1.5024427798535651,0.022241508130571505,0.03700588901143153,0.10639550181403104,1.6294541754380338,0.7096075964572044,0.32800126846766936,0.6963266005486962,1.024518209767943,0.9902097389863574,1.0741484191653377,2.7898156396196154
24,30024,30024,30024,6a22834,ckpt_sac_full_00349944,0,0,0,timeout,200,285.99547063351037,nan,nan,-1,1,30.0,0.45,20.0,1.0,25,1,200,0.002,100,10.0,1.0,141,180,0,0.9,0.31701718677293816,-0.3455169205939075,2.267843515664219,0.022342058440947925,0.03894515754049887,0.07572768565145405,1.0165964174884583,1.2307591418191164,0.38040886591956646,0.46486632339819317,0.9491620165549873,0.9950662222736321,1.2282452385502736,-109.06159050120242
25,30025,30025,30025,6a22834,ckpt_sac_full_00349944,0,0,0,object_lost,180,440.7657350143793,nan,nan,-1,0,30.0,0.45,20.0,1.0,25,1,200,0.002,100,10.0,1.0,0,155,0,0.8611111111111112,0.32134567249877805,-0.22433051177384422,3.1313609528431288,0.024054730252551882,0.038845120357388165,0.07867927526899669,1.5768227679869282,1.0333467168262385,0.372744337587982,0.2960085276967705,1.0431718506966143,1.0721826078004277,1.0089901576144347,-227.8389968968731
26,30026,30026,30026,6a22834,ckpt_sac_full_00349944,0,1,0,unsafe,41,368.4613562645604,nan,nan,-1,1,30.0,0.45,20.0,1.0,25,1,200,0.002,100,10.0,1.0,0,23,0,0.5609756097560976,0.3099519822229771,-0.48772223107765333,-2.514210725910443,0.025963351379420043,0.037136820394997445,0.0626983997393282,0.810560438599687,1.0850490786886438,0.3538482840981379,0.6712161615313245,0.9495991902646415,1.0581046160879057,1.2443059369627814,-16.0026992926039
27,30027,30027,30027,6a22834,ckpt_sac_full_00349944,0,0,0,timeout,200,374.9758847407398,nan,nan,-1,1,30.0,0.45,20.0,1.0,25,1,200,0.002,100,10.0,1.0,0,178,0,0.89,0.3179057698274225,-0.4687372248443553,-1.2580008096186106,0.02254415736470314,0.0399360534827981,0.11035257524108445,1.704973992159971,0.73908654198353,0.36292208611590204,0.5413496402006757,1.087156039106281,1.0284451964104013,1.0552805886165486,0.6418783225433886
28,30028,30028,30028,6a22834,ckpt_sac_full_00349944,0,0,0,timeout,200,96.71775816897795,nan,nan,-1,1,30.0,0.45,20.0,1.0,25,1,200,0.002,100,10.0,1.0,0,188,0,0.94,0.3426449467872615,-0.22208369884183576,-2.97473890628817,0.02152347789081758,0.03017878128348301,0.07508979485641742,0.8876509012852816,1.056742942418855,0.3784065976154669,0.2156702382895745,1.10722208198118,1.0113259176979716,1.0716627070892235,-10.687803266863638
29,30029,30029,30029,6a22834,ckpt_sac_full_00349944,0,0,0,timeout,200,239.07977501169148,nan,nan,-1,1,30.0,0.45,20.0,1.0,25,1,200,0.002,100,10.0,1.0,0,159,0,0.795,0.345052860144334,-0.3429878582199052,2.7394703513963785,0.026183483283536944,0.030445733273975865,0.04113164542935267,1.8401877693420214,0.9070404429328143,0.30630645953188573,0.4677323249015436,1.0202403978399697,0.9937726842868144,1.1527196901675887,-8.791838149262437
30,30030,30030,30030,6a22834,ckpt_sac_full_00349944,0,1,0,unsafe,26,376.3624888474345,nan,nan,-1,1,30.0,0.45,20.0,1.0,25,1,200,0.002,100,10.0,1.0,0,15,0,0.5769230769230769,0.31424133555613487,-0.6186152747012474,-0.22745372456710067,0.025038843170151533,0.03272400495108448,0.03611508724753288,1.9611106005041061,1.2236441705727068,0.3727661625219509,0.5268969538338265,1.0375028316159687,1.0534039812115414,1.0506805074711882,-15.667054362923741
31,30031,30031,30031,6a22834,ckpt_sac_full_00349944,0,0,0,timeout,200,295.599186253586,nan,nan,-1,1,30.0,0.45,20.0,1.0,25,1,200,0.002,100,10.0,1.0,0,190,0,0.95,0.3886783204097237,-0.5199534457895454,-3.088032693846051,0.023796057336702828,0.0401079783081198,0.06372577963116804,1.2494503628369478,1.0682455571265161,0.3401053502091004,0.25726495477433853,1.0159628643937209,1.0314678178826142,1.0661862412907503,-6.24766319520656
32,30032,30032,30032,6a22834,ckpt_sac_full_00349944,0,1,0,timeout,200,283.81548553508185,nan,nan,-1,1,30.0,0.45,20.0,1.0,25,1,200,0.002,100,10.0,1.0,1,188,0,0.94,0.3109194219146833,-0.5098951110348116,1.3983970367872978,0.02252987783411197,0.03015587763546867,0.053792294806806654,0.9664196274935456,0.9440838954639138,0.3627523206545806,0.5354805235277551,1.1056325750385343,0.9736466761028192,0.9985571638151477,-10.204706840933772
33,30033,30033,30033,6a22834,ckpt_sac_full_00349944,0,0,0,unsafe,41,338.6928477471741,nan,nan,-1,0,30.0,0.45,20.0,1.0,25,1,200,0.002,100,10.0,1.0,0,29,0,0.7073170731707317,0.33675387667765466,-0.6068438957370691,-1.9723717017792413,0.027316237857846426,0.03171436758596529,0.04157607890502278,1.2214955310589148,0.907768281964596,0.3876745904265989,0.35586801524223305,0.9630347869641839,0.9853494233558404,1.1233499399727171,-41.15721072671067
34,30034,30034,30034,6a22834,ckpt_sac_full_00349944,0,0,0,timeout,200,176.36227377429444,nan,nan,-1,0,30.0,0.45,20.0,1.0,25,1,200,0.002,100,10.0,1.0,8,177,0,0.885,0.34324194759495535,-0.3806597009960882,-2.3430685617740865,0.025105715058555883,0.038641497083794864,0.09939093383762936,1.200936345496191,1.1067957661023167,0.36944543949467124,0.18575105516794757,1.0402444122764785,0.9410048441350941,0.9743613625572746,-14.404548930165117
35,30035,30035,30035,6a22834,ckpt_sac_full_00349944,1,0,0,success,81,44.01368910270793,nan,nan,-1,1,30.0,0.45,20.0,1.0,25,1,200,0.002,100,10.0,1.0,0,62,0,0.7654320987654321,0.33465849459653035,-0.28208836563186784,-1.8235472949120335,0.025553668180716665,0.03565467611479952,0.07153530729768007,1.5312907423048703,0.7661406230496715,0.31059395990078903,0.32187687167326967,1.0480106535525182,0.9319514005328734,0.9587237762900063,201.9674473369726
36,30036,30036,30036,6a22834,ckpt_sac_full_00349944,0,0,0,timeout,200,454.93767240193546,nan,nan,-1,1,30.0,0.45,20.0,1.0,25,1,200,0.002,100,10.0,1.0,0,180,0,0.9,0.339697035922645,-0.5849942395647458,2.6540641562113185,0.025061487371497725,0.034427686701304895,0.04975979143277712,0.8725341274818453,0.7896571794940836,0.3887415609798907,0.6553859159862312,1.0245269789438916,0.959780072204811,1.2699163995058498,2.6264118656039765
37,30037,30037,30037,6a22834,ckpt_sac_full_00349944,0,1,0,timeout,200,322.98619266677406,nan,nan,-1,1,30.0,0.45,20.0,1.0,25,1,200,0.002,100,10.0,1.0,0,177,0,0.885,0.33323244401903834,-0.44134733018359923,-1.8279151557001723,0.021032299662868837,0.03034188769640651,0.11027546262947634,1.1860915342176068,0.9912613478721426,0.3882335859022621,0.46494802811437536,1.0617511111681457,1.0053100422532864,1.306996522795235,-0.7340999151629477
38,30038,30038,30038,6a22834,ckpt_sac_full_00349944,0,0,0,timeout,200,162.4905896509604,nan,nan,-1,1,30.0,0.45,20.0,1.0,25,1,200,0.002,100,10.0,1.0,0,182,0,0.91,0.38597109041153427,-0.20027048297937267,-0.6434354887304128,0.02305423274605303,0.03427041448579174,0.08433772499988537,1.2450207109224798,1.1529922982809997,0.36894788255818567,0.3123815475370987,1.0090916268554027,1.0736506506718126,0.9154334229225789,-5.859505840640369
39,30039,30039,30039,6a22834,ckpt_sac_full_00349944,0,1,0,timeout,200,306.0819926294136,nan,nan,-1,1,30.0,0.45,20.0,1.0,25,1,200,0.002,100,10.0,1.0,0,183,0,0.915,0.3741605329736079,-0.4893386541240778,1.8436856338628775,0.022974084509752402,0.031099714331381013,0.08236646601359315,1.660440573471595,1.2670189605170683,0.31633187764726856,0.5047497547957464,0.9855224128362828,1.075322061078603,0.9928325271943252,19.702999922941693
40,30040,30040,30040,6a22834,ckpt_sac_full_00349944,0,0,0,timeout,200,308.1340314703818,nan,nan,-1,1,30.0,0.45,20.0,1.0,25,1,200,0.002,100,10.0,1.0,0,173,0,0.865,0.3422951649967247,-0.2181711461964002,-2.7196226329788504,0.02213186136269832,0.037938633242730786,0.10778293657856822,1.9155416432485752,1.2433706666595616,0.3679431032032473,0.5523409987032271,1.0127866518898645,0.9722517397624514,0.9854544051175886,-3.3273558068563185
41,30041,30041,30041,6a22834,ckpt_sac_full_00349944,0,0,0,timeout,200,300.60345254000094,nan,nan,-1,1,30.0,0.45,20.0,1.0,25,1,200,0.002,100,10.0,1.0,0,191,0,0.955,0.3484298572086885,-0.6787643698342627,-3.0679735294931803,0.02053961267453676,0.029872762569650997,0.04575287027072402,1.1694747251340913,1.0576521326493225,0.31435203827760094,0.21445668845045063,0.9030813147715865,1.027125032489245,1.2990985031925741,0.596933683730253
42,30042,30042,30042,6a22834,ckpt_sac_full_00349944,0,1,0,object_lost,119,471.7536175926511,nan,nan,-1,0,30.0,0.45,20.0,1.0,25,1,200,0.002,100,10.0,1.0,0,105,0,0.8823529411764706,0.33968182814766956,-0.32147598343396044,-2.4672467293715337,0.025755173985363457,0.03037943467219143,0.06821087233663131,1.5517809974391756,0.7478256601001967,0.311520033539127,0.27258496497150225,1.0017126878296592,1.0077107993977765,1.0072164474693184,-206.28157927923837
43,30043,30043,30043,6a22834,ckpt_sac_full_00349944,0,1,0,unsafe,30,323.8333033732159,nan,nan,-1,1,30.0,0.45,20.0,1.0,25,1,200,0.002,100,10.0,1.0,0,20,0,0.6666666666666666,0.31757107718328936,-0.5360691538204865,1.801667047545143,0.02248633647414338,0.03525992218236197,0.06773690359362097,1.6743380742403162,1.1288271802945582,0.3390176039383866,0.48516648832797815,1.0202494131054938,0.9555517415956302,0.8677343696081287,-15.580484468005466
44,30044,30044,30044,6a22834,ckpt_sac_full_00349944,0,0,0,timeout,200,192.46077621499376,nan,nan,-1,1,30.0,0.45,20.0,1.0,25,1,200,0.002,100,10.0,1.0,0,186,0,0.93,0.38034561451662136,-0.28002734919538314,1.19996551760054,0.02443860211221316,0.031557487783260854,0.032042160176714636,1.3296805523888446,0.8249253427648057,0.3403515766866716,0.2974369098402631,1.0211399230559657,1.0208336347883131,1.1781046723758097,-5.807604058852936
45,30045,30045,30045,6a22834,ckpt_sac_full_00349944,0,0,0,timeout,200,447.6220532703189,nan,nan,-1,1,30.0,0.45,20.0,1.0,25,1,200,0.002,100,10.0,1.0,0,103,0,0.515,0.31465823955316213,-0.647639721661075,1.9995167559770133,0.02729828481372948,0.03078620478424611,0.05555055958815361,0.9634514839493432,0.6041370690005367,0.34359583544012934,0.7185457416757511,1.0202875713634103,1.0164527657022,0.9514229234593307,-10.889209072696987
46,30046,30046,30046,6a22834,ckpt_sac_full_00349944,0,1,0,timeout,200,349.36151361090174,nan,nan,-1,1,30.0,0.45,20.0,1.0,25,1,200,0.002,100,10.0,1.0,0,190,0,0.95,0.32886539774414136,-0.5786239025006599,-2.207188981144985,0.020863408670234514,0.03818127848877185,0.08533761239997172,1.9673479768194588,1.1552866869979816,0.3101904092688455,0.3813259582222941,1.0836969797354798,1.104035850593639,1.1849566572501127,28.18636469536139
47,30047,30047,30047,6a22834,ckpt_sac_full_00349944,0,0,0,timeout,200,295.4763623834102,nan,nan,-1,1,30.0,0.45,20.0,1.0,25,1,200,0.002,100,10.0,1.0,0,181,0,0.905,0.36717118864671233,-0.6683674114589249,2.2055450398418532,0.02743598071151476,0.029976807288770342,0.07100197404567209,0.9393358098777334,0.6077341308173487,0.3338359817162212,0.2460580475705121,0.9752461298890486,1.0063213178850288,1.089185790441467,-2.6095785416341455
48,30048,30048,30048,6a22834,ckpt_sac_full_00349944,0,0,0,timeout,200,321.984909302678,nan,nan,-1,1,30.0,0.45,20.0,1.0,25,1,200,0.002,100,10.0,1.0,0,176,0,0.88,0.3789777878046751,-0.41447375534990255,-2.844637765895247,0.022174458252141198,0.03096594008888924,0.07090537246859721,1.8433842718961553,1.0520382748277335,0.32958550788057733,0.5111358819706284,0.9989856581895041,1.0448012537588263,1.0101180526826525,3.444699829109158
49,30049,30049,30049,6a22834,ckpt_sac_full_00349944,1,1,1,success,98,28.230134218974737,23.314329878706925,12.759968892706075,86,1,30.0,0.45,20.0,1.0,25,1,200,0.002,100,10.0,1.0,1,70,0,0.7142857142857143,0.3762344113003583,-0.5963390149075111,1.2343465579023487,0.023048677286118806,0.03836944375301576,0.0897678142958662,1.1985391739680498,1.2594026798219873,0.3360966734110522,0.5700985527238807,1.0365002476077518,1.0429235320953898,1.0269488509835942,284.13725557267566
50,30050,30050,30050,6a22834,ckpt_sac_full_00349944,0,0,0,timeout,200,191.3726592040619,nan,nan,-1,0,30.0,0.45,20.0,1.0,25,1,200,0.002,100,10.0,1.0,0,174,0,0.87,0.37053384080847496,-0.32244990509653143,0.9408272122445336,0.027084366236205158,0.03917770166437711,0.061238704946775815,1.4049663215213595,0.655929892968088,0.36753053669730157,0.20413194551141473,1.0263857561270953,1.0168252011367702,0.8953586391034168,-25.661811866852045
51,30051,30051,30051,6a22834,ckpt_sac_full_00349944,0,0,0,timeout,200,232.94081610438602,nan,nan,-1,1,30.0,0.45,20.0,1.0,25,1,200,0.002,100,10.0,1.0,0,177,0,0.885,0.3651051061984031,-0.3502794622818338,-1.3153410294230532,0.020768641440941538,0.03707245828601553,0.05733213854461277,1.2893346347518844,0.6486074764223512,0.31235585137116334,0.24841900977793627,1.0528142635396924,1.0070197991896965,1.054276121564828,-8.629336155089224
52,30052,30052,30052,6a22834,ckpt_sac_full_00349944,0,1,0,object_lost,116,255.39924559914041,nan,nan,-1,0,30.0,0.45,20.0,1.0,25,1,200,0.002,100,10.0,1.0,0,105,0,0.9051724137931034,0.30043050177427155,-0.25467865201247897,-1.453423047094418,0.02338473409695303,0.034891581411093865,0.04727373722491755,1.247633995168942,1.0165692646485187,0.31995111583340025,0.502575371660138,0.9787635841548792,0.977720550486706,0.9854405494261682,-176.31860262197014
53,30053,30053,30053,6a22834,ckpt_sac_full_00349944,0,0,0,timeout,200,248.778748705811,nan,nan,-1,1,30.0,0.45,20.0,1.0,25,1,200,0.002,100,10.0,1.0,56,182,0,0.91,0.3343061955787656,-0.3811641672125126,2.984872413392,0.027385982134786886,0.03159869594915854,0.0689892733665701,1.887048780919416,0.7834016580627762,0.31712065877658807,0.4789922390374747,0.962622857022363,1.0369652608860245,1.0969659797421292,-51.73173996985689
54,30054,30054,30054,6a22834,ckpt_sac_full_00349944,0,1,0,timeout,200,114.92215631037287,nan,nan,-1,1,30.0,0.45,20.0,1.0,25,1,200,0.002,100,10.0,1.0,0,193,0,0.965,0.37398405251713757,-0.22426461317167745,-0.8385738444108459,0.02192431945006934,0.030147261078481105,0.09387479137970484,1.2267401020633986,1.0456031336141582,0.3158615456224106,0.22727779669397627,0.9440733508849447,1.0803779806266844,1.1034755504962153,21.602485428171917
55,30055,30055,30055,6a22834,ckpt_sac_full_00349944,0,0,0,timeout,200,147.12132860924092,nan,nan,-1,1,30.0,0.45,20.0,1.0,25,1,200,0.002,100,10.0,1.0,0,186,0,0.93,0.31572157296126485,-0.2715231279920489,0.5030485707090442,0.02693118671706557,0.031539858723026476,0.11991585191992588,1.8797041784381743,0.8827269851360628,0.3547332785378815,0.22134782166705616,0.9576116505198481,1.0466384394543602,1.0075913722016465,-3.7680233831928813
56,30056,30056,30056,6a22834,ckpt_sac_full_00349944,1,1,1,success,64,16.2972694986817,27.302319223568716,3.4878737577588703,59,1,30.0,0.45,20.0,1.0,25,1,200,0.002,100,10.0,1.0,0,44,0,0.6875,0.3880151974277561,-0.2730715988522358,2.0198565052519113,0.021664982785538894,0.035552257909759764,0.06674632535693359,1.804030036235568,0.6025765185284581,0.3847148729810136,0.2355431949102607,0.9934705830002256,1.025301980341357,0.9224084593573882,278.33641080017804
57,30057,30057,30057,6a22834,ckpt_sac_full_00349944,0,0,0,unsafe,30,292.27989769789815,nan,nan,-1,1,30.0,0.45,20.0,1.0,25,1,200,0.002,100,10.0,1.0,0,24,0,0.8,0.34446394868695085,-0.7156530675314567,2.8407939450810566,0.02218287666837095,0.03220999842676681,0.03646155671204126,1.0626867224791055,0.9713143584951494,0.30011784965015004,0.21452564397595553,1.0948742728676626,0.9585268365611819,1.0608179247239438,-37.96349619214964
58,30058,30058,30058,6a22834,ckpt_sac_full_00349944,0,0,0,timeout,200,351.139457141064,nan,nan,-1,1,30.0,0.45,20.0,1.0,25,1,200,0.002,100,10.0,1.0,0,190,0,0.95,0.30604365148492413,-0.4990888368213531,-3.0811834251215604,0.021222597545032414,0.03399099669505561,0.09862626923225432,1.0072060403312784,1.1931537887759835,0.38271515924452815,0.4329327164676134,0.9708671751696262,1.0794316613133195,1.1135634632961322,-0.6855688503298089
59,30059,30059,30059,6a22834,ckpt_sac_full_00349944,0,1,0,timeout,200,287.2578309276248,nan,nan,-1,1,30.0,0.45,20.0,1.0,25,1,200,0.002,100,10.0,1.0,0,172,0,0.86,0.3882430306079949,-0.7087001733641182,0.41292461711409567,0.02530389875877836,0.03662685845082102,0.06348092782939839,1.751195407868131,1.3125325956793503,0.30213079998811637,0.2443726685265257,0.9479362644592013,1.0513102006139028,1.1506839104991067,12.109070441918913
60,30060,30060,30060,6a22834,ckpt_sac_full_00349944,0,1,0,timeout,200,203.02702307919876,nan,nan,-1,1,30.0,0.45,20.0,1.0,25,1,200,0.002,100,10.0,1.0,0,181,0,0.905,0.3160940904894474,-0.34040401162044615,2.029451583755259,0.022090427927139115,0.037113006233888524,0.0895284076651551,1.1413996026601998,0.9088106429384574,0.3874044917850843,0.3063442947196173,1.064234195605125,0.8856830497439733,1.0385732764730493,22.559033935419738
61,30061,30061,30061,6a22834,ckpt_sac_full_00349944,1,1,1,success,79,24.921973083021086,25.303068941350926,6.389605484605017,75,1,30.0,0.45,20.0,1.0,25,1,200,0.002,100,10.0,1.0,0,62,0,0.7848101265822784,0.37030856117412303,-0.5761909892434927,-1.321072122705681,0.021319592494683962,0.03190066252596976,0.11129353013600882,1.4166376593401684,0.6734678442009674,0.35883273649527303,0.5237154018632603,0.939912874822854,0.9487552420373196,0.8540119696543786,286.82795318017213
62,30062,30062,30062,6a22834,ckpt_sac_full_00349944,0,1,0,timeout,200,441.52507906758507,nan,nan,-1,1,30.0,0.45,20.0,1.0,25,1,200,0.002,100,10.0,1.0,0,188,0,0.94,0.3694547468725968,-0.7295487859118931,2.798788936798984,0.024173903146234507,0.03537030395261187,0.08341343189865172,1.658171507044168,1.3865298890441506,0.38248627484142617,0.5095698212859853,1.1016744684951785,1.028005873351766,0.959783122417264,1.0977648975007752
63,30063,30063,30063,6a22834,ckpt_sac_full_00349944,0,1,0,unsafe,37,274.1434146523815,nan,nan,-1,0,30.0,0.45,20.0,1.0,25,1,200,0.002,100,10.0,1.0,0,20,0,0.5405405405405406,0.30410521438214505,-0.443092945175392,-0.17479105765968628,0.023338690746680806,0.03120032928965065,0.08168743256246692,0.8838810870316334,0.634317028381619,0.38460227019443066,0.34033245013322266,0.9638286451379913,1.0057064035223058,1.2650720781999638,-15.66470974555591
64,30064,30064,30064,6a22834,ckpt_sac_full_00349944,0,0,0,timeout,200,194.1175740415485,nan,nan,-1,0,30.0,0.45,20.0,1.0,25,1,200,0.002,100,10.0,1.0,0,171,0,0.855,0.3855090984052137,-0.35083941017422976,-0.5985196901840344,0.020430220799134348,0.03871051860093308,0.0692728154203791,1.3079299306669478,0.8023238294826597,0.34212391178546264,0.2270138295108449,1.016740843771022,1.046019940955975,1.2519189495074006,-17.839487632095654
65,30065,30065,30065,6a22834,ckpt_sac_full_00349944,0,0,0,timeout,200,393.7402504277702,nan,nan,-1,0,30.0,0.45,20.0,1.0,25,1,200,0.002,100,10.0,1.0,0,169,0,0.845,0.3759230134040188,-0.5746477745351736,2.531219356489574,0.02329888341943747,0.035386535606503136,0.09821599007835577,1.093757228010049,0.7594105491329595,0.36282776245743004,0.5456952631705728,1.078210553403398,1.059701169985407,1.0882717923705258,-0.018938515480853582
66,30066,30066,30066,6a22834,ckpt_sac_full_00349944,0,1,0,unsafe,26,266.28131257684043,nan,nan,-1,0,30.0,0.45,20.0,1.0,25,1,200,0.002,100,10.0,1.0,0,14,0,0.5384615384615384,0.33541127139533344,-0.4652335249119249,-2.324506245446418,0.026423174821102784,0.037182189989942285,0.10232385056199454,1.7651352474600277,0.915421763984461,0.3822197647671696,0.2686580124643097,1.0257928390622624,0.9806664823654401,0.9145575644106814,-17.70237836967469
67,30067,30067,30067,6a22834,ckpt_sac_full_00349944,0,1,0,timeout,200,455.3582561504565,nan,nan,-1,1,30.0,0.45,20.0,1.0,25,1,200,0.002,100,10.0,1.0,0,118,0,0.59,0.3230703291157611,-0.5512957156946592,2.693202759970095,0.021646263413736842,0.03237872081672959,0.07519833976880927,1.8423389425767522,0.9917862320234903,0.38674204451249333,0.6845848428530189,0.9596901738419247,1.0748012577362567,1.1299716103165351,15.268767254783539
68,30068,30068,30068,6a22834,ckpt_sac_full_00349944,0,0,0,unsafe,29,314.1539157617271,nan,nan,-1,0,30.0,0.45,20.0,1.0,25,1,200,0.002,100,10.0,1.0,0,21,0,0.7241379310344828,0.32248357221682383,-0.6611157397266811,-2.466024221444043,0.026348080155856123,0.03754272555275599,0.06580100991407158,0.8713259163249368,1.3790057440595165,0.38327279860167907,0.24699368327039356,1.0047710989110223,1.0366803133596363,1.2268541301379883,-38.66863378491588
69,30069,30069,30069,6a22834,ckpt_sac_full_00349944,0,1,0,timeout,200,245.5556228840489,nan,nan,-1,1,30.0,0.45,20.0,1.0,25,1,200,0.002,100,10.0,1.0,0,187,0,0.935,0.3436896080766332,-0.28931993394128347,-2.4968663885672346,0.024789999196610853,0.029862260754213745,0.11440625346164891,1.2100331162107485,1.1068656942657666,0.3416847313769824,0.5283136499159393,1.0488638814303761,0.997926476499951,0.9655203125092015,13.57237013310629
70,30070,30070,30070,6a22834,ckpt_sac_full_00349944,0,0,0,timeout,200,261.78713215306226,nan,nan,-1,1,30.0,0.45,20.0,1.0,25,1,200,0.002,100,10.0,1.0,0,191,0,0.955,0.302509987145286,-0.5469193412532138,1.6068778439871139,0.023176880866262295,0.03153863479067875,0.10607232550506338,1.3480537390946872,0.7346806574129966,0.3487510563105874,0.30988118769557904,1.006836419088935,0.8920428094728566,1.0468666092462144,-0.7851454353228647
71,30071,30071,30071,6a22834,ckpt_sac_full_00349944,0,0,0,timeout,200,333.5022743897846,nan,nan,-1,1,30.0,0.45,20.0,1.0,25,1,200,0.002,100,10.0,1.0,0,189,0,0.945,0.36135295653005695,-0.6184891840269713,-2.181157236024942,0.025738275222075332,0.03299233528832659,0.03085950982787067,1.1107866979873067,0.9024558372746827,0.3260421492230088,0.3938135154910322,1.0579321588365216,0.9958784067935634,0.9486630910481533,-1.85358373612287
72,30072,30072,30072,6a22834,ckpt_sac_full_00349944,0,1,0,timeout,200,421.47890225277956,nan,nan,-1,1,30.0,0.45,20.0,1.0,25,1,200,0.002,100,10.0,1.0,0,185,0,0.925,0.3375610319253311,-0.6039709869832683,-2.832434568360118,0.022497684149813645,0.03737827273472745,0.03771966578900389,1.2581537832319376,0.9328401368882435,0.38619515659877146,0.577381590351568,1.052250187735368,1.0446855212771051,1.0479902225321331,23.6945571017851
73,30073,30073,30073,6a22834,ckpt_sac_full_00349944,0,0,0,unsafe,36,352.89825897243344,nan,nan,-1,0,30.0,0.45,20.0,1.0,25,1,200,0.002,100,10.0,1.0,0,22,0,0.6111111111111112,0.35065109587020393,-0.6495711897256516,-1.1892990822489895,0.022934240054062586,0.0380399164572465,0.10191957496748828,1.805723912251636,0.6052399827669893,0.3523405208287998,0.4015306440150628,1.0824184056083925,0.9447734852389144,1.0654235499070601,-38.52231652589273
74,30074,30074,30074,6a22834,ckpt_sac_full_00349944,0,0,0,timeout,200,252.72777310169926,nan,nan,-1,1,30.0,0.45,20.0,1.0,25,1,200,0.002,100,10.0,1.0,0,164,0,0.82,0.3141796175255941,-0.2355658921735556,-0.4740530970368084,0.02224542552067545,0.03323789111841859,0.10058384877572411,1.6824896891143872,0.7940411983554952,0.38664144656074223,0.49208475358041215,1.065166190651663,1.009434801705394,0.9934762025219619,-4.620598265952086
75,30075,30075,30075,6a22834,ckpt_sac_full_00349944,0,1,0,timeout,200,47.420718441835476,49.611282701074224,4.264898018883833,128,1,30.0,0.45,20.0,1.0,25,1,200,0.002,100,10.0,1.0,0,161,0,0.805,0.31871178965693453,-0.30889739191232196,-0.19371480915378791,0.021083217420626472,0.033666183076083406,0.041693916635424835,1.0617323458384225,0.8101138799270368,0.34086596497139854,0.6437181927412484,1.0275948197878442,0.9097397628008675,1.04940962103542,31.965224577364
76,30076,30076,30076,6a22834,ckpt_sac_full_00349944,0,0,0,timeout,200,359.3636601016917,nan,nan,-1,1,30.0,0.45,20.0,1.0,25,1,200,0.002,100,10.0,1.0,0,187,0,0.935,0.3803591904632583,-0.5095671081977153,0.3458025458017473,0.020801239389702523,0.03723699959131817,0.08079939101580118,1.433781186359494,0.7102692224140976,0.3465097813075554,0.5134666491759127,0.9940851119645683,1.00588965120264,1.280235409731444,-0.7176739149053438
77,30077,30077,30077,6a22834,ckpt_sac_full_00349944,0,0,0,timeout,200,218.82673222096471,nan,nan,-1,1,30.0,0.45,20.0,1.0,25,1,200,0.002,100,10.0,1.0,0,147,0,0.735,0.32473827431879565,-0.21032148220592217,-1.6918287325992656,0.024189587281496044,0.0361523961741344,0.09906704943510646,1.3694128804112622,0.7891950713605191,0.3400590784905495,0.5750148217106208,1.0335419113018147,1.122441799475454,0.9656233766129141,-14.622647257945955
78,30078,30078,30078,6a22834,ckpt_sac_full_00349944,0,1,0,unsafe,29,348.4033914683829,nan,nan,-1,0,30.0,0.45,20.0,1.0,25,1,200,0.002,100,10.0,1.0,0,19,0,0.6551724137931034,0.3236632243426878,-0.48535626844001406,-0.8656022066757467,0.02746554036957342,0.0333787226261,0.09021156748451731,1.9732196404423732,1.3892732614363383,0.3430815044691091,0.6128702647701794,1.0514744287660949,1.0506868226971167,1.0870375605111202,-15.086693587039981
79,30079,30079,30079,6a22834,ckpt_sac_full_00349944,0,1,0,timeout,200,391.59312274752415,nan,nan,-1,1,30.0,0.45,20.0,1.0,25,1,200,0.002,100,10.0,1.0,0,172,0,0.86,0.3203359088269761,-0.5697104037384292,-0.23453694330753105,0.024549250500159547,0.029954329815021843,0.0685095237667297,1.8987946876964508,1.162547705862658,0.357082726484423,0.6149935027309572,1.0269888138829757,1.0682005864794202,1.2150205418535527,1.7584889410288813
80,30080,30080,30080,6a22834,ckpt_sac_full_00349944,0,0,0,timeout,200,367.95074714188917,nan,nan,-1,1,30.0,0.45,20.0,1.0,25,1,200,0.002,100,10.0,1.0,0,185,0,0.925,0.32016519505400437,-0.6719309872489202,-1.5867150636490266,0.02705821001444809,0.03171850622524318,0.03634061721085894,1.1828699745426192,1.141035793976094,0.3331420949572352,0.47655962125335743,1.0743839128753645,1.0807959117824535,0.8652956279387156,-1.7070353652367574
81,30081,30081,30081,6a22834,ckpt_sac_full_00349944,0,0,0,timeout,200,366.82653660603944,nan,nan,-1,1,30.0,0.45,20.0,1.0,25,1,200,0.002,100,10.0,1.0,0,120,0,0.6,0.3036849355156479,-0.3482996660548582,2.2325872377655323,0.023335239266176245,0.037747397745527836,0.039324550003670355,1.9309104528092,0.7765950614798824,0.33624491454615224,0.5213572389337844,1.0635727304833738,1.0062506655771235,1.045301362387867,-24.94792004427256
82,30082,30082,30082,6a22834,ckpt_sac_full_00349944,0,0,0,timeout,200,161.54513506366925,nan,nan,-1,0,30.0,0.45,20.0,1.0,25,1,200,0.002,100,10.0,1.0,0,179,0,0.895,0.3819299054364662,-0.18799239466579554,0.7543780449289175,0.026504954117383205,0.03130210906227789,0.0500194057732783,1.7452963521534575,1.2111043663010932,0.3704906635157596,0.27908927506161657,1.038721630113034,1.055864590214139,1.2278410638007855,-28.719712055663845
83,30083,30083,30083,6a22834,ckpt_sac_full_00349944,0,0,0,timeout,200,313.3433142719275,nan,nan,-1,1,30.0,0.45,20.0,1.0,25,1,200,0.002,100,10.0,1.0,0,136,0,0.68,0.30022676922825586,-0.484348096217484,0.083779696351022,0.023553991517423087,0.03204634447043842,0.03450347700497333,1.9777356839495495,0.6781045351236316,0.34998190671799534,0.5329853153636654,1.0061317255597777,0.9922862202655125,1.1101649485076412,-11.317236725214384
84,30084,30084,30084,6a22834,ckpt_sac_full_00349944,0,1,0,timeout,200,298.51207900023917,nan,nan,-1,1,30.0,0.45,20.0,1.0,25,1,200,0.002,100,10.0,1.0,0,178,0,0.89,0.3406242738621457,-0.4269941937841967,-0.5240392221105306,0.024355927902247807,0.03059923330166062,0.06877087839880877,1.34202929454605,0.7494389943702351,0.3544113869718072,0.41342772893402535,1.0199225878126992,0.9647234175321392,0.957782879502107,19.443449873163402
85,30085,30085,30085,6a22834,ckpt_sac_full_00349944,0,0,0,unsafe,30,334.6992678073927,nan,nan,-1,0,30.0,0.45,20.0,1.0,25,1,200,0.002,100,10.0,1.0,0,19,0,0.6333333333333333,0.33995028478302114,-0.5054200657551293,0.3925919991317506,0.023978662445618932,0.039507216715522195,0.09962932707175132,1.268847478717537,1.2589603589971672,0.31386079400820827,0.5632285173473512,1.0405572612382874,1.0169162125641595,1.0252481730925025,-38.68479520035125
86,30086,30086,30086,6a22834,ckpt_sac_full_00349944,0,0,0,timeout,200,240.33823791892436,nan,nan,-1,0,30.0,0.45,20.0,1.0,25,1,200,0.002,100,10.0,1.0,0,178,0,0.89,0.3761014712136363,-0.3160075578206305,-1.970201691715107,0.025082384520180977,0.030620119139652548,0.04357840718539094,1.9444955051432868,0.8746419995432061,0.3530682043200855,0.40979712241067584,0.9970365438992438,1.0638876493450289,1.072956597457726,-10.737010725954029
87,30087,30087,30087,6a22834,ckpt_sac_full_00349944,0,1,0,timeout,200,164.56061614995872,nan,nan,-1,1,30.0,0.45,20.0,1.0,25,1,200,0.002,100,10.0,1.0,0,187,0,0.935,0.3129649034063176,-0.19676078475976244,2.151390418151677,0.024728541938994698,0.03830779727467018,0.04452189489234244,1.9421570591615298,1.3636009342343602,0.3362765994791512,0.26733427064604387,1.0726088078896738,1.0714032371118711,1.0217291269225988,26.818572962342422
88,30088,30088,30088,6a22834,ckpt_sac_full_00349944,0,1,0,timeout,200,178.80708217293406,nan,nan,-1,0,30.0,0.45,20.0,1.0,25,1,200,0.002,100,10.0,1.0,1,179,0,0.895,0.3086614589433256,-0.4951264707657331,-0.1879088032413545,0.021814998878570697,0.03910556037811225,0.03805816126811919,1.1860201517944116,1.2026060008953459,0.3503581475051791,0.2142141368495822,1.0380631251954973,0.9780096841188121,1.0344219548547713,10.06142475846156
89,30089,30089,30089,6a22834,ckpt_sac_full_00349944,0,1,0,timeout,200,206.61480721297417,nan,nan,-1,1,30.0,0.45,20.0,1.0,25,1,200,0.002,100,10.0,1.0,0,163,0,0.815,0.31344281071335933,-0.2877505460472277,1.0519561934576567,0.022986844053363084,0.030583607882789406,0.04443203635794696,1.9747578918749165,1.0253643284655065,0.37532716710100794,0.4675596717259252,1.0353608439874442,1.0397936336118154,0.7808249834464098,-9.955975218338537
90,30090,30090,30090,6a22834,ckpt_sac_full_00349944,0,1,0,timeout,200,578.8906965983962,nan,nan,-1,0,30.0,0.45,20.0,1.0,25,1,200,0.002,100,10.0,1.0,0,160,0,0.8,0.3063111584257946,-0.2316105790111766,-0.05556062566033759,0.02066824327458579,0.03521092807321689,0.07588420868276723,1.604047063921437,0.9985266273729252,0.3343749431726792,0.6760079244657491,1.0771750586046385,1.0507985862631595,0.9997845892296335,-34.96172857225075
91,30091,30091,30091,6a22834,ckpt_sac_full_00349944,0,0,0,timeout,200,415.0662192302541,nan,nan,-1,1,30.0,0.45,20.0,1.0,25,1,200,0.002,100,10.0,1.0,0,174,0,0.87,0.3423714973737232,-0.5589356077408763,1.1697531410690667,0.023845492268671074,0.032306213715697724,0.03855082623542266,1.2715678796240055,1.1388277149082882,0.3855841232642578,0.6494068379142076,0.9375083035343906,1.0773722764189702,1.1906205947967776,0.3085646898083376
92,30092,30092,30092,6a22834,ckpt_sac_full_00349944,0,1,0,timeout,200,198.42813962284313,268.07777436539675,124.05704461800205,39,1,30.0,0.45,20.0,1.0,25,1,200,0.002,100,10.0,1.0,0,168,0,0.84,0.3661167403252442,-0.36171142385528005,1.9027646596770733,0.02289917573720332,0.03918778003967638,0.03415368563385178,1.1139562060880288,0.8006600277277355,0.33390656551314424,0.5832410895403762,1.0113901981852116,1.0490401392749271,1.247114769583428,44.007163858567104
93,30093,30093,30093,6a22834,ckpt_sac_full_00349944,0,0,0,timeout,200,169.47423624693,nan,nan,-1,1,30.0,0.45,20.0,1.0,25,1,200,0.002,100,10.0,1.0,0,165,0,0.825,0.31217251149351827,-0.3128893996899371,-1.8140552845162485,0.02111091495596436,0.032753246075359024,0.0730285150266981,1.6155294292880955,0.6931527375431978,0.33882059351689253,0.2090102642027334,1.0590993409813867,1.0341081666048644,1.1283053421826998,-3.680839489251354
94,30094,30094,30094,6a22834,ckpt_sac_full_00349944,0,0,0,timeout,200,365.70978195287944,nan,nan,-1,1,30.0,0.45,20.0,1.0,25,1,200,0.002,100,10.0,1.0,0,181,0,0.905,0.36723420161404174,-0.4074821725390905,-1.7650030574283118,0.02709290581265043,0.03649673209781548,0.11439819249900092,1.3655188168931751,1.3920588378679297,0.3529495921228324,0.6312481693259197,0.9735456532986494,1.0593060584230152,1.0723359733011497,2.5297723287744516
95,30095,30095,30095,6a22834,ckpt_sac_full_00349944,0,1,0,timeout,200,298.839943714866,nan,nan,-1,1,30.0,0.45,20.0,1.0,25,1,200,0.002,100,10.0,1.0,0,185,0,0.925,0.32257644720687223,-0.549624055013697,-2.9138527865469164,0.02355549334602011,0.03183974218121732,0.05779853743107455,0.8022128390444533,1.1801397487318996,0.3532376391272594,0.44783560809313605,0.9525447245744223,1.019915278393601,1.101325665862025,20.850797607963088
96,30096,30096,30096,6a22834,ckpt_sac_full_00349944,1,1,1,success,128,17.69849718792009,16.566808602894714,8.787046799729884,122,1,30.0,0.45,20.0,1.0,25,1,200,0.002,100,10.0,1.0,0,100,0,0.78125,0.3750923887769804,-0.6513841986255585,-1.7267514059564637,0.027382689121546056,0.03870934017968228,0.08326604166965751,1.959455419640076,1.0197549952299947,0.35010159339084623,0.6133752079729518,1.057568150283838,1.0718625610534291,1.0759806829545533,286.77775485534494
97,30097,30097,30097,6a22834,ckpt_sac_full_00349944,0,0,0,timeout,200,284.09314936992706,nan,nan,-1,1,30.0,0.45,20.0,1.0,25,1,200,0.002,100,10.0,1.0,0,175,0,0.875,0.38261379536511986,-0.2667328155550351,-3.1115162626780575,0.026125716992961803,0.03848105810914834,0.10075280354155314,0.9857492100068005,1.208337374577461,0.37843217685301017,0.4981256393057431,1.0352522471671501,1.0245636102401665,1.0324400663383737,-8.67727575346953
98,30098,30098,30098,6a22834,ckpt_sac_full_00349944,0,1,0,object_lost,66,565.6774546449376,nan,nan,-1,0,30.0,0.45,20.0,1.0,25,1,200,0.002,100,10.0,1.0,0,55,0,0.8333333333333334,0.3018496099516148,-0.6011870015070655,-0.570114549001008,0.026990566478191473,0.03517009988179782,0.1157158995563915,1.8653630439268674,0.8532167256405162,0.3500617114293245,0.6408226033451806,1.0095631776164742,0.9974626404116584,1.0564533074359008,-158.42068100910933
99,30099,30099,30099,6a22834,ckpt_sac_full_00349944,0,1,0,timeout,200,310.2928911047813,nan,nan,-1,1,30.0,0.45,20.0,1.0,25,1,200,0.002,100,10.0,1.0,0,187,0,0.935,0.3077953656092116,-0.6199108960566456,-1.5100488377261088,0.0230953305371154,0.036975092309364244,0.10452385327790738,1.7004303721333995,1.0636979905887811,0.3115196179124964,0.27433412851840516,1.0602882472185589,1.063756911310757,1.1032645635817337,25.72130326637529
100,30100,30100,30100,6a22834,ckpt_sac_full_00349944,0,1,0,unsafe,27,365.62487319829484,nan,nan,-1,1,30.0,0.45,20.0,1.0,25,1,200,0.002,100,10.0,1.0,0,13,0,0.48148148148148145,0.3085035955537484,-0.6087886053337792,-2.951525396588404,0.02644187926995074,0.03936409074382205,0.04983911700518965,1.4004983190610294,0.8805156988725,0.3245889851398387,0.6185064169449168,0.9580544902558342,0.9683001077540607,1.139133973009945,-39.041850501991036
101,30101,30101,30101,6a22834,ckpt_sac_full_00349944,0,1,0,timeout,200,59.913418412751945,56.54447224348432,20.52525701216713,58,0,30.0,0.45,20.0,1.0,25,1,200,0.002,100,10.0,1.0,0,179,0,0.895,0.3260174501864474,-0.7010273107180787,2.7606491863007907,0.027561923571435568,0.030286126695296005,0.044341748501010025,1.8749528457952758,0.8900384179740697,0.3037779641513722,0.47343907493062715,1.0262178702868818,1.0286665180090249,0.9516901149916642,14.288377999657571
102,30102,30102,30102,6a22834,ckpt_sac_full_00349944,0,0,0,unsafe,26,210.56393286987958,nan,nan,-1,0,30.0,0.45,20.0,1.0,25,1,200,0.002,100,10.0,1.0,0,18,0,0.6923076923076923,0.33154787609199954,-0.3503680824620613,0.47789921648011413,0.0265902159669187,0.037566799260455544,0.040542862903632265,1.4980533730394874,0.8654719969986469,0.3820158958757395,0.23213769724402078,0.9654256147808244,1.075362307365812,0.8803974632683913,-41.20766285374151
103,30103,30103,30103,6a22834,ckpt_sac_full_00349944,0,0,0,object_lost,93,579.5018757657346,nan,nan,-1,0,30.0,0.45,20.0,1.0,25,1,200,0.002,100,10.0,1.0,0,67,0,0.7204301075268817,0.3593473132061335,-0.3550628524676725,0.992629124889417,0.022871357722495548,0.030863994418022872,0.06915598413885608,1.3484124065019603,0.846754784376276,0.3498969789492833,0.4276103460323228,1.0555111860981055,1.0429863421748746,0.9626784228076742,-190.61337926449136
104,30104,30104,30104,6a22834,ckpt_sac_full_00349944,0,0,0,timeout,200,221.99051078733032,nan,nan,-1,1,30.0,0.45,20.0,1.0,25,1,200,0.002,100,10.0,1.0,0,182,0,0.91,0.34318691532588597,-0.3224237589877374,0.6895720953932978,0.02485579364138188,0.033469221564105686,0.0331511680069982,1.7127279472717616,1.2826322633927945,0.3136548100349113,0.2978538315834664,1.0480963818180176,1.0505976981814786,1.0263380041771082,-0.40533304951238036
105,30105,30105,30105,6a22834,ckpt_sac_full_00349944,0,0,0,timeout,200,412.38763567312867,nan,nan,-1,1,30.0,0.45,20.0,1.0,25,1,200,0.002,100,10.0,1.0,0,169,0,0.845,0.35807033096671675,-0.5483570593156302,-3.044784299588632,0.022393785006032545,0.0343918027269393,0.06635722812022499,1.2446528726297799,0.8430756129964178,0.3677132210008995,0.6029360622189798,0.9761335898624407,1.055806274470247,1.095160148452369,3.6159259449461
106,30106,30106,30106,6a22834,ckpt_sac_full_00349944,0,1,0,timeout,200,249.8150609851972,nan,nan,-1,1,30.0,0.45,20.0,1.0,25,1,200,0.002,100,10.0,1.0,0,181,0,0.905,0.30769313578717783,-0.42013390896946995,2.5067280498067044,0.022107599208209025,0.03461290814529926,0.04931250361431937,1.7337274660824646,1.281845533322474,0.38949951624503587,0.39994812820030234,0.963600553206436,0.9820374635411124,0.9263587881322477,12.526181704902084
107,30107,30107,30107,6a22834,ckpt_sac_full_00349944,0,1,0,timeout,200,111.80416490951974,172.58856701295971,82.67038490452828,148,1,30.0,0.45,20.0,1.0,25,1,200,0.002,100,10.0,1.0,0,181,0,0.905,0.3840300788336776,-0.3469091839604396,-0.763309676224345,0.02621484361866768,0.031103400885816805,0.04114899363262633,1.7972032473076598,0.8586123300587718,0.3227299879214283,0.48013094828800246,0.9633247842552122,0.9674500208240033,1.0714632071293395,53.22125098123214
108,30108,30108,30108,6a22834,ckpt_sac_full_00349944,0,0,0,timeout,200,330.1275226167625,nan,nan,-1,1,30.0,0.45,20.0,1.0,25,1,200,0.002,100,10.0,1.0,0,188,0,0.94,0.3510127218672284,-0.6531274942787039,-0.695337552882302,0.02357823020595744,0.03176746354797263,0.05533908296319391,1.459174085184777,0.6877373653268192,0.3736625792274009,0.22884586949866162,1.0887487550453872,1.0349888491019275,0.7950126402937346,-0.0653457110402613
109,30109,30109,30109,6a22834,ckpt_sac_full_00349944,0,0,0,timeout,200,361.45001738172886,nan,nan,-1,0,30.0,0.45,20.0,1.0,25,1,200,0.002,100,10.0,1.0,0,185,0,0.925,0.339645354812727,-0.4290005288991956,-2.3282309974958104,0.024127823057506933,0.037851974738890876,0.11409530353978957,1.6211229792887483,1.0488994505765978,0.3250230941310819,0.7201670113800186,1.0750295052741727,0.9758159008593468,1.0338912223829726,-2.7430637200263406
110,30110,30110,30110,6a22834,ckpt_sac_full_00349944,0,0,0,timeout,200,314.7185683588012,nan,nan,-1,1,30.0,0.45,20.0,1.0,25,1,200,0.002,100,10.0,1.0,0,135,0,0.675,0.3123169186454925,-0.3079302009920747,1.4211538747523162,0.020555592862513437,0.0298361318484156,0.032304996728320094,1.0723596759345098,1.0120490917515506,0.36648834862992125,0.6860455664082441,0.9926230394609511,0.9950114524603967,1.0738289922697477,-8.141909160499576
111,30111,30111,30111,6a22834,ckpt_sac_full_00349944,0,1,0,timeout,200,88.44667497529574,nan,nan,-1,0,30.0,0.45,20.0,1.0,25,1,200,0.002,100,10.0,1.0,0,170,0,0.85,0.33993413546581686,-0.35158205919987745,1.4575216128696438,0.027206165239643025,0.03523939336048587,0.10397337283591715,1.415062015495214,1.258274715584474,0.388509860318369,0.19042695074465354,0.9717087198296571,1.1214572650317667,1.1208627419124204,2.6198228219846205
112,30112,30112,30112,6a22834,ckpt_sac_full_00349944,0,0,0,timeout,200,360.88180854162545,nan,nan,-1,1,30.0,0.45,20.0,1.0,25,1,200,0.002,100,10.0,1.0,0,175,0,0.875,0.35190541541655723,-0.4313436960515174,-0.014615100543631687,0.02683813116317322,0.03147330993126253,0.05427028223774789,0.8007275771679617,0.9387127832118438,0.37071465036744367,0.6002338826618931,1.0753270101897254,0.9634045050673039,0.9689845410700842,4.745153845270337
113,30113,30113,30113,6a22834,ckpt_sac_full_00349944,0,1,0,unsafe,34,304.3452210050031,nan,nan,-1,0,30.0,0.45,20.0,1.0,25,1,200,0.002,100,10.0,1.0,0,19,0,0.5588235294117647,0.31656954440165486,-0.39967156434796813,1.6799441322677025,0.02669300057011634,0.031983477266894926,0.04958600387672727,1.0528859296954427,1.0479683485993827,0.3532255499617871,0.5338944592712687,0.9837824742127003,1.0584654852941928,1.1902416907663926,-14.796018695236
114,30114,30114,30114,6a22834,ckpt_sac_full_00349944,0,1,0,object_lost,143,236.60882003851964,75.54365476087686,214.89038521256384,83,0,30.0,0.45,20.0,1.0,25,1,200,0.002,100,10.0,1.0,0,119,0,0.8321678321678322,0.38411857117823556,-0.5832763068363633,2.787694275133928,0.021449206356175917,0.03672733527988263,0.11842033108586598,0.8919705169983376,1.2901467075508115,0.30522716102017927,0.5112826939340763,0.9835254016478849,1.0384126256835406,0.799557601268098,-150.49634654281863
115,30115,30115,30115,6a22834,ckpt_sac_full_00349944,0,0,0,timeout,200,311.32530719782517,nan,nan,-1,1,30.0,0.45,20.0,1.0,25,1,200,0.002,100,10.0,1.0,0,179,0,0.895,0.3261036183795359,-0.34953395971933976,-0.8491695773676282,0.024135214889394727,0.03591868079099143,0.08981850581393043,1.881631982751045,0.8729372781470263,0.3537143851807491,0.5499910305516672,1.0347607952422404,1.0175643906524652,1.040112223043689,1.7060643819213899
116,30116,30116,30116,6a22834,ckpt_sac_full_00349944,0,0,0,unsafe,48,394.31860989652296,nan,nan,-1,0,30.0,0.45,20.0,1.0,25,1,200,0.002,100,10.0,1.0,0,40,0,0.8333333333333334,0.35234781113726926,-0.6884705048606241,-2.430149604189694,0.02204720809498608,0.030521896513571258,0.0860790909797978,1.8279856241076002,1.1493467122672754,0.36054845780443384,0.48114584733637983,0.9851036382115589,1.0295773072312737,1.2186200849841629,-39.88802216132528
117,30117,30117,30117,6a22834,ckpt_sac_full_00349944,0,1,0,timeout,200,240.37084773201383,nan,nan,-1,1,30.0,0.45,20.0,1.0,25,1,200,0.002,100,10.0,1.0,0,186,0,0.93,0.3412605555046241,-0.524904411547108,1.513666383506183,0.02715959691610691,0.03545667613616156,0.05185552626688388,1.61438887578506,0.8988931155894797,0.31778732333700355,0.23340939668414273,1.1325907093726548,0.936993510408613,0.9446540666513707,21.175867511093767
118,30118,30118,30118,6a22834,ckpt_sac_full_00349944,0,0,0,timeout,200,279.60558958693866,nan,nan,-1,1,30.0,0.45,20.0,1.0,25,1,200,0.002,100,10.0,1.0,0,171,0,0.855,0.34933650253855253,-0.609534735046548,-1.808991462416787,0.02195937326930451,0.03351329284208759,0.09236546631421845,1.6278716360625027,1.2645017795571483,0.35608287432351365,0.21826636284380754,1.018190591522023,0.9984629037155691,1.0442106936171016,1.1427334924764712
119,30119,30119,30119,6a22834,ckpt_sac_full_00349944,0,0,0,timeout,200,250.08274553019479,nan,nan,-1,1,30.0,0.45,20.0,1.0,25,1,200,0.002,100,10.0,1.0,0,178,0,0.89,0.3881520504951472,-0.37249824009285026,1.3665827735738345,0.026537309478482266,0.03335253789025674,0.07020701390213487,1.7149246942316592,0.7436031271100393,0.3512530884073279,0.33082918793763844,1.0291274235646692,0.9712429132605115,1.061423050443422,-4.930032923187453
120,30120,30120,30120,6a22834,ckpt_sac_full_00349944,0,0,0,timeout,200,263.2030393724181,nan,nan,-1,1,30.0,0.45,20.0,1.0,25,1,200,0.002,100,10.0,1.0,0,185,0,0.925,0.38701656128945516,-0.5320539536738663,-1.004319318284121,0.02421620315720597,0.031564269189071556,0.08402995918453723,0.8362246818637469,1.0328917928789079,0.3409992548102386,0.2335798669704686,0.9715134571947137,0.8681774001387127,1.2257595050104468,-2.628260063699359
121,30121,30121,30121,6a22834,ckpt_sac_full_00349944,0,1,0,timeout,200,50.181522966661014,52.458971984332216,3.477491083367834,68,1,30.0,0.45,20.0,1.0,25,1,200,0.002,100,10.0,1.0,0,171,0,0.855,0.3310060807708367,-0.21094364979561064,-0.7834700083701196,0.022130869047928808,0.03699016221863861,0.05565586805225792,1.7058848204161645,1.3531051006743677,0.3644889334158783,0.591284250367728,0.9966145558387675,1.0943753385642039,0.7906589987911545,36.40832337251064
122,30122,30122,30122,6a22834,ckpt_sac_full_00349944,0,1,0,timeout,200,461.43571301180714,nan,nan,-1,1,30.0,0.45,20.0,1.0,25,1,200,0.002,100,10.0,1.0,0,183,0,0.915,0.3793989634918696,-0.701313058885736,-1.3225852563405924,0.027096657623409785,0.03127621545109779,0.043181567602676586,0.9928105066510134,0.7833282644587855,0.32844648253681163,0.7175658198250552,1.002957415082726,1.052842376589692,0.8951574219088114,26.401965985242278
123,30123,30123,30123,6a22834,ckpt_sac_full_00349944,0,1,0,timeout,200,73.35472423609438,nan,nan,-1,1,30.0,0.45,20.0,1.0,25,1,200,0.002,100,10.0,1.0,0,168,0,0.84,0.3415680063823819,-0.6921977486011474,0.7311174462306971,0.026141133451294256,0.031242539197775237,0.0658471391616735,1.3220801305078371,1.307461648410583,0.36407290851577123,0.3102420652155929,0.9543400173316979,1.049874565503852,1.136918298653453,10.852587689859966
124,30124,30124,30124,6a22834,ckpt_sac_full_00349944,0,1,0,timeout,200,316.2767027617382,nan,nan,-1,1,30.0,0.45,20.0,1.0,25,1,200,0.002,100,10.0,1.0,0,136,0,0.68,0.32066788436951027,-0.28093497134527556,0.9144625525248324,0.02741475854336669,0.035445002309219195,0.06930682010849074,1.4314759595238722,1.29409022081243,0.3173754556735769,0.6380970478044687,1.0830498829454036,1.0636479596128865,1.1109633623684934,-12.766238436823043
125,30125,30125,30125,6a22834,ckpt_sac_full_00349944,0,0,0,timeout,200,388.9944784637555,nan,nan,-1,1,30.0,0.45,20.0,1.0,25,1,200,0.002,100,10.0,1.0,0,173,0,0.865,0.35610201031955624,-0.4780863226970251,1.2993988532996203,0.02664475518771598,0.03694789901392229,0.04581572494913782,1.467587606855686,0.9713551664069382,0.3674789366379891,0.6576423324959606,0.9730898890260978,0.9494352349000349,1.0045634683598008,-0.2245842247107757
126,30126,30126,30126,6a22834,ckpt_sac_full_00349944,0,0,0,timeout,200,181.0352710591378,nan,nan,-1,1,30.0,0.45,20.0,1.0,25,1,200,0.002,100,10.0,1.0,0,180,0,0.9,0.3497836819322995,-0.32807959769712663,-1.991841819206557,0.024769635329418026,0.03791225158521809,0.1031000719523054,1.0017681808716459,0.6848130993953201,0.3213564881354695,0.41688817154568336,1.0701449738605586,1.0880375897980175,0.8277777597843929,-6.222037274784924
127,30127,30127,30127,6a22834,ckpt_sac_full_00349944,0,0,0,timeout,200,156.50528016082887,nan,nan,-1,1,30.0,0.45,20.0,1.0,25,1,200,0.002,100,10.0,1.0,119,184,0,0.92,0.33471337794629036,-0.21206960738328573,-1.8422974733249364,0.02626389591619926,0.03786791896249015,0.06417738674279874,0.9602238593768759,1.1574959058855843,0.34692423305775133,0.45225498371995054,1.0577880536097504,0.9846669754334328,1.2220490041879457,-91.86033155137814
128,30128,30128,30128,6a22834,ckpt_sac_full_00349944,0,0,0,timeout,200,186.88807051146634,nan,nan,-1,1,30.0,0.45,20.0,1.0,25,1,200,0.002,100,10.0,1.0,0,190,0,0.95,0.3502415813017125,-0.1948905928657113,3.084436736789071,0.02567925721997915,0.036944573100323605,0.07543303472930915,1.4265510232376646,0.7824357735485825,0.3269732828247069,0.30593767298485947,0.9813734248485597,0.9939004919908079,0.8631408210639853,-11.71284814190226
129,30129,30129,30129,6a22834,ckpt_sac_full_00349944,0,1,0,timeout,200,110.43461815113957,nan,nan,-1,1,30.0,0.45,20.0,1.0,25,1,200,0.002,100,10.0,1.0,0,189,0,0.945,0.34617452979079105,-0.1937164865898049,0.01372403087057883,0.02377188836123381,0.03149259494451108,0.08741796692233962,1.080278990466471,0.6666471544850745,0.3769344954680267,0.21393547622327588,1.0018419194672938,0.92525493086049,1.113920246214502,20.337097084337632
130,30130,30130,30130,6a22834,ckpt_sac_full_00349944,0,0,0,object_lost,180,184.07872344536824,nan,nan,-1,0,30.0,0.45,20.0,1.0,25,1,200,0.002,100,10.0,1.0,0,156,0,0.8666666666666667,0.31215430129977007,-0.2511799338145651,-2.7780482562373257,0.02170949399709391,0.03593350921453738,0.11451192218377712,1.8515239178833618,1.3696944679278298,0.3751862990951075,0.4590969491953272,1.0236088221899802,1.112985246695896,0.9794272104135131,-199.25531323279228
131,30131,30131,30131,6a22834,ckpt_sac_full_00349944,0,0,0,timeout,200,334.4878074247922,nan,nan,-1,1,30.0,0.45,20.0,1.0,25,1,200,0.002,100,10.0,1.0,7,177,0,0.885,0.3619611219810201,-0.6831502385971668,-0.33736142805533653,0.022355385377861556,0.03949076376192036,0.1079559962734519,1.2444937537804446,1.1741624082449507,0.3013485522002349,0.3651529422337797,1.0099151871948393,1.1016188326441938,1.1385265739703025,-6.999541034841389
132,30132,30132,30132,6a22834,ckpt_sac_full_00349944,0,1,0,timeout,200,419.33993318094383,nan,nan,-1,1,30.0,0.45,20.0,1.0,25,1,200,0.002,100,10.0,1.0,0,183,0,0.915,0.3015854107178164,-0.6911155659023858,0.10927451901188734,0.022434059763101578,0.032450205189540345,0.11283265675923618,1.5610552674485794,1.0794544736429077,0.3209721744093788,0.6588784662475997,1.0504335430154037,1.066263622206348,1.0007763801427039,32.2014341957078
133,30133,30133,30133,6a22834,ckpt_sac_full_00349944,0,1,0,timeout,200,304.0880392256199,nan,nan,-1,1,30.0,0.45,20.0,1.0,25,1,200,0.002,100,10.0,1.0,0,179,0,0.895,0.332281388315256,-0.500967378746817,-1.1806207117633547,0.024456689416967024,0.03479920930305551,0.056515930920411864,0.9232095866493681,0.620011852168376,0.3557933904209999,0.4133414774150055,0.9596341732432835,1.0364644432280046,1.0339653980946653,26.799928123379154
134,30134,30134,30134,6a22834,ckpt_sac_full_00349944,0,0,0,object_lost,197,224.3592805139159,nan,nan,-1,0,30.0,0.45,20.0,1.0,25,1,200,0.002,100,10.0,1.0,0,161,0,0.817258883248731,0.30384247049846524,-0.19497561672738406,0.3111968957229392,0.02656507396050749,0.03667268670721988,0.07080416445118774,1.25477277298314,0.9644871042049752,0.30265148884829274,0.6686408672953202,1.0062159735742862,1.0416747107491706,1.0910442347068052,-208.37299226119148
135,30135,30135,30135,6a22834,ckpt_sac_full_00349944,0,1,0,timeout,200,175.84354720257286,nan,nan,-1,0,30.0,0.45,20.0,1.0,25,1,200,0.002,100,10.0,1.0,0,179,0,0.895,0.327000547753539,-0.326875293532365,1.0068124895162276,0.026269544495692274,0.02976764383518255,0.03928002251741845,1.9280117081144046,1.2745122799341604,0.34433187340489396,0.6482378043878347,1.0935019654909575,1.0434216099767697,1.0339142984107212,-8.507415392742509
136,30136,30136,30136,6a22834,ckpt_sac_full_00349944,0,0,0,timeout,200,175.91426625457643,nan,nan,-1,1,30.0,0.45,20.0,1.0,25,1,200,0.002,100,10.0,1.0,0,168,0,0.84,0.3437484622923547,-0.5275632343117382,-1.3198099003514288,0.02321822226228667,0.030213241447894466,0.08425433827031209,1.3059226228623746,0.8722787380931591,0.305562577002223,0.1860077746944968,1.0809253038494926,1.01865633980802,0.9613249217628439,-1.2585942489920543
137,30137,30137,30137,6a22834,ckpt_sac_full_00349944,1,1,0,success,97,13.313641242261335,70.28812726155134,49.234386604518015,77,1,30.0,0.45,20.0,1.0,25,1,200,0.002,100,10.0,1.0,0,68,0,0.7010309278350515,0.32917927927509205,-0.3353622350392817,-1.9875614301700892,0.027004469029263418,0.03860582780181095,0.07039737085995584,0.8845407168974591,1.1716628945763174,0.34598754983675095,0.6446014428372842,1.1625964576498566,1.0592859882723225,1.189288828722599,269.7170397461548
138,30138,30138,30138,6a22834,ckpt_sac_full_00349944,0,0,0,object_lost,177,571.5193928327241,nan,nan,-1,0,30.0,0.45,20.0,1.0,25,1,200,0.002,100,10.0,1.0,0,169,0,0.9548022598870056,0.356845344222558,-0.3779849917017472,-2.2305895885616582,0.02118641027665288,0.040185592018761124,0.0733903928225261,0.9601083575090643,1.3929722427265163,0.3653161633709617,0.500691553470299,0.9921987845432415,0.9119913248055341,1.1018032997747027,-197.2585045064514
139,30139,30139,30139,6a22834,ckpt_sac_full_00349944,0,1,0,unsafe,24,394.2778587329625,nan,nan,-1,0,30.0,0.45,20.0,1.0,25,1,200,0.002,100,10.0,1.0,0,8,0,0.3333333333333333,0.35203458571421037,-0.4613923112988746,-0.31150180626522506,0.026896445922605525,0.03825794223620873,0.05808377073006006,1.767998938587672,0.7860262696141774,0.3626804968686334,0.7053979320139426,1.006309807961104,1.03526622251897,1.1029157666542235,-39.49791997609728
140,30140,30140,30140,6a22834,ckpt_sac_full_00349944,0,1,0,unsafe,27,370.398487547444,nan,nan,-1,0,30.0,0.45,20.0,1.0,25,1,200,0.002,100,10.0,1.0,0,18,0,0.6666666666666666,0.35512028017884534,-0.4373900285179427,1.0796074829145503,0.02214280880043486,0.03263059975700461,0.05771038443237184,0.8753201641402251,1.1473918541510595,0.38559469872190355,0.574540143211425,1.122315316326251,1.0115169395632244,1.2285079794521798,-16.201002209776128
141,30141,30141,30141,6a22834,ckpt_sac_full_00349944,0,0,0,timeout,200,203.50356098363915,nan,nan,-1,1,30.0,0.45,20.0,1.0,25,1,200,0.002,100,10.0,1.0,0,190,0,0.95,0.34484103902316043,-0.28542442163815057,2.4113232450555033,0.02370152583374698,0.038094457767377694,0.10092206720988234,1.7991475372846788,0.7523973082032915,0.30523214604375476,0.30293751327962715,1.0591518877375476,0.9917000194257304,1.0478854605986068,3.4577735590261343
142,30142,30142,30142,6a22834,ckpt_sac_full_00349944,0,0,0,timeout,200,482.78373570749466,nan,nan,-1,1,30.0,0.45,20.0,1.0,25,1,200,0.002,100,10.0,1.0,0,182,0,0.91,0.37828675641451687,-0.6978489837660227,1.018998485564972,0.022151778604694233,0.03509794228484283,0.032141639369608475,1.3998869608485573,1.2796207748251294,0.316622657466424,0.446001348871751,1.076614620907532,0.9646192202093998,0.9360677111608635,-16.27209385942413
143,30143,30143,30143,6a22834,ckpt_sac_full_00349944,0,0,0,timeout,200,383.2054604010855,nan,nan,-1,1,30.0,0.45,20.0,1.0,25,1,200,0.002,100,10.0,1.0,0,142,0,0.71,0.30516558381309394,-0.5690112811716133,-1.148141004378214,0.025985916849099386,0.03358681409111098,0.11376800794996164,1.8670228428164124,0.9356864091100077,0.32069449883899726,0.7269550204936887,1.0243746971130876,1.1082910141104,0.945107019150285,-5.371470785639183
144,30144,30144,30144,6a22834,ckpt_sac_full_00349944,0,1,0,unsafe,30,338.89428037516393,nan,nan,-1,1,30.0,0.45,20.0,1.0,25,1,200,0.002,100,10.0,1.0,0,17,0,0.5666666666666667,0.3579552627957634,-0.5316102642071323,-1.0911586812906506,0.0260446955090485,0.03327902965108531,0.04369248772079033,1.4600493458303014,1.2688219796210403,0.33455684306696465,0.4868520715967175,1.071427618852946,1.0083048578976708,0.9911430722990867,-38.90062996935047
145,30145,30145,30145,6a22834,ckpt_sac_full_00349944,0,1,0,timeout,200,57.90313173860148,58.917446636791155,33.14650465719818,162,1,30.0,0.45,20.0,1.0,25,1,200,0.002,100,10.0,1.0,0,131,0,0.655,0.3261078054500555,-0.4285591116523689,1.7304589694078212,0.024439888986044152,0.039516259294355115,0.06098935587532919,1.0120971740241018,0.9116831548419393,0.389781391143249,0.6588458885219941,1.0713567780513644,1.0181094966247772,1.1824139121614485,58.83349152442794
146,30146,30146,30146,6a22834,ckpt_sac_full_00349944,0,1,0,timeout,200,400.3150914974768,nan,nan,-1,1,30.0,0.45,20.0,1.0,25,1,200,0.002,100,10.0,1.0,0,179,0,0.895,0.3308525438382137,-0.5283388325138333,1.1364389867571925,0.02217787007496426,0.03016998261693223,0.0750840500658077,1.8855168265032884,1.305266642519999,0.3592390216555656,0.5525550775353811,1.0205703128070334,1.015286400956061,0.9410639779136155,22.521193050322516
147,30147,30147,30147,6a22834,ckpt_sac_full_00349944,0,0,0,timeout,200,374.99912697097415,nan,nan,-1,0,30.0,0.45,20.0,1.0,25,1,200,0.002,100,10.0,1.0,0,176,0,0.88,0.3414460935551283,-0.29099975097298536,1.0657637563519868,0.025864825924632663,0.0329562085113415,0.09849849481341949,1.32585243145231,0.7223714006167882,0.3583275134758493,0.686341715535582,1.032530535897895,1.0476050621862414,1.021937394445664,-6.840661479468814
148,30148,30148,30148,6a22834,ckpt_sac_full_00349944,0,0,0,unsafe,35,327.36601868608045,nan,nan,-1,0,30.0,0.45,20.0,1.0,25,1,200,0.002,100,10.0,1.0,0,28,0,0.8,0.3487663640868188,-0.5880162661635147,-2.7015985048726074,0.025169758035435648,0.03597140784282949,0.05777435065780262,1.5313817338470495,1.2315256272814346,0.3861775701609202,0.3303498548801055,1.013952335334586,1.0404847380985172,1.1505027787177928,-40.97230943918908
149,30149,30149,30149,6a22834,ckpt_sac_full_00349944,0,0,0,timeout,200,439.39525124894715,nan,nan,-1,1,30.0,0.45,20.0,1.0,25,1,200,0.002,100,10.0,1.0,0,190,0,0.95,0.38605985350396377,-0.7092228920006761,-0.3059475599382937,0.024045454957871693,0.03416193994182589,0.11536648216671146,1.4588819366206702,1.0702161682022013,0.3010580940974554,0.6599237320409878,1.048135386420682,0.9953665900669776,1.1948448362718282,-0.1657068326049308
150,30150,30150,30150,6a22834,ckpt_sac_full_00349944,0,1,0,unsafe,26,356.5531707492932,nan,nan,-1,1,30.0,0.45,20.0,1.0,25,1,200,0.002,100,10.0,1.0,0,13,0,0.5,0.3341648025489114,-0.6279987211640143,-2.533421616518391,0.025495149970808945,0.037003692521844454,0.05567015495811532,0.8678542965230605,1.267296100037019,0.3183066224936947,0.5243855758077381,0.9998992134024796,0.9889273319168866,0.9772997482612948,-15.26620057422803
151,30151,30151,30151,6a22834,ckpt_sac_full_00349944,0,0,0,timeout,200,305.1479561596049,nan,nan,-1,1,30.0,0.45,20.0,1.0,25,1,200,0.002,100,10.0,1.0,0,187,0,0.935,0.35226287510524984,-0.3727892819714819,-1.7609107107881437,0.02182624176919352,0.033343980178394364,0.06514392391625423,1.2765826634655526,1.2289810125322624,0.37206254172757897,0.4737089540310084,0.9927657898067208,1.0469481970603112,1.089409286604537,0.5371372492718886
152,30152,30152,30152,6a22834,ckpt_sac_full_00349944,0,1,0,timeout,200,468.79505321811394,nan,nan,-1,1,30.0,0.45,20.0,1.0,25,1,200,0.002,100,10.0,1.0,0,176,0,0.88,0.35863544873180864,-0.5680028901615594,2.473052602521829,0.02192338516291573,0.03450496412935922,0.0954326017398567,0.9928391221345402,1.3516370258461008,0.37269240234709944,0.71977328057223,0.9896245131028366,1.008647006099023,1.0696162185714828,16.01053347509104
153,30153,30153,30153,6a22834,ckpt_sac_full_00349944,0,0,0,unsafe,39,363.00894412917006,nan,nan,-1,1,30.0,0.45,20.0,1.0,25,1,200,0.002,100,10.0,1.0,0,21,0,0.5384615384615384,0.35753589982865636,-0.4815111683037283,0.14803315660684158,0.02169057855296472,0.03119590353100539,0.045645054815418265,1.9264319270460812,1.314352842980189,0.36775175946511796,0.5673573924027064,0.9683792292465502,1.0145671201208848,1.239221857994378,-40.294846204426236
154,30154,30154,30154,6a22834,ckpt_sac_full_00349944,0,1,0,timeout,200,203.20063186047992,nan,nan,-1,1,30.0,0.45,20.0,1.0,25,1,200,0.002,100,10.0,1.0,0,180,0,0.9,0.3524419010117996,-0.35563830158154064,0.7949172840624912,0.020771420401794534,0.034698686928785936,0.09256633685762294,1.4586336342566937,1.1564574557258505,0.34746703651451316,0.33292822338279515,1.0472217730853468,1.038878852095731,1.03979975787,15.378443982302299
155,30155,30155,30155,6a22834,ckpt_sac_full_00349944,0,1,0,unsafe,23,259.70983247509105,nan,nan,-1,0,30.0,0.45,20.0,1.0,25,1,200,0.002,100,10.0,1.0,0,20,0,0.8695652173913043,0.36287151674409124,-0.38000638103680195,-0.7430476544587012,0.027112421252673467,0.03269748450282016,0.05466551599357642,1.186055802510039,0.6740110342307689,0.3420164660727012,0.3690704515920972,1.1023796933792926,1.0629430335100152,1.1914357118896284,-16.969177094264843
156,30156,30156,30156,6a22834,ckpt_sac_full_00349944,0,0,0,timeout,200,367.4081412265003,nan,nan,-1,1,30.0,0.45,20.0,1.0,25,1,200,0.002,100,10.0,1.0,0,189,0,0.945,0.30908659804676125,-0.42457004819101196,-0.46193396297031786,0.027300901474169696,0.03605546346921287,0.1170404826697674,1.807883278037753,1.171390825774134,0.3547655345468729,0.7034782457494683,0.9697417107833154,1.0870816899164608,0.9173429403241079,-9.264038704432874
157,30157,30157,30157,6a22834,ckpt_sac_full_00349944,0,1,0,timeout,200,248.21602127914056,nan,nan,-1,1,30.0,0.45,20.0,1.0,25,1,200,0.002,100,10.0,1.0,0,188,0,0.94,0.3625582420940361,-0.43753459763792957,0.7398482518623175,0.02512641770586713,0.0311582644874463,0.06993118881818661,1.5284873628321152,1.2259479053248725,0.3001252697999717,0.3050867324791621,1.0500359799799543,1.012059995074552,0.7857512001699682,-1.048775389742134
158,30158,30158,30158,6a22834,ckpt_sac_full_00349944,0,1,0,timeout,200,407.316293813577,nan,nan,-1,1,30.0,0.45,20.0,1.0,25,1,200,0.002,100,10.0,1.0,0,191,0,0.955,0.32659652710173526,-0.6455696381578471,-0.33727078165051827,0.026247926016241006,0.0319958697908496,0.08547695741545602,0.9408510068598611,0.9199326934571256,0.3086039514031488,0.7039713217082184,1.0261498502234,1.028320065311973,0.891321538721599,22.006966858687587
159,30159,30159,30159,6a22834,ckpt_sac_full_00349944,1,1,1,success,71,17.711939690060717,24.55948234096713,13.930311843783537,66,1,30.0,0.45,20.0,1.0,25,1,200,0.002,100,10.0,1.0,0,49,0,0.6901408450704225,0.3287333659687974,-0.6099954213516087,-2.621927591791787,0.02135981561475532,0.030088846603800307,0.08173634476765007,1.403014618695218,0.7115743183602051,0.3404399281007634,0.443904854927524,0.9578327360138664,1.036529809491355,1.0276186377505065,286.62988008305314
160,30160,30160,30160,6a22834,ckpt_sac_full_00349944,0,0,0,timeout,200,377.0890295313985,nan,nan,-1,1,30.0,0.45,20.0,1.0,25,1,200,0.002,100,10.0,1.0,0,179,0,0.895,0.35128688381996476,-0.4984887323351951,1.3513453207339081,0.02349874623395148,0.030996880983507877,0.06898929501743412,1.726760790674439,0.6616003188742945,0.3209770021955006,0.6894764798860803,1.0411971388783843,1.0483787514000904,1.154652804206845,1.5952552594064473
161,30161,30161,30161,6a22834,ckpt_sac_full_00349944,1,1,0,success,95,44.627941054430934,81.96452493430716,47.66288520978876,59,1,30.0,0.45,20.0,1.0,25,1,200,0.002,100,10.0,1.0,0,73,0,0.7684210526315789,0.33146796307425686,-0.6703810496809027,-1.030230394177761,0.020752767234680135,0.0347504005887202,0.05699410468263588,1.2349879892652247,1.0049632498475687,0.3555817271554934,0.63058207296358,1.0708838047869498,1.0366807468702715,0.99584867736765,244.6372276074581
162,30162,30162,30162,6a22834,ckpt_sac_full_00349944,0,1,0,object_lost,87,259.0283036360504,nan,nan,-1,0,30.0,0.45,20.0,1.0,25,1,200,0.002,100,10.0,1.0,0,74,0,0.8505747126436781,0.3538012675984822,-0.5356615764774111,-0.7675106740888928,0.02088571056026412,0.03564232086095379,0.08737554088580485,1.5206901959475,0.9837891168485913,0.32060245416905264,0.35939779923256154,1.078744394429467,0.9878802946511362,0.98375583655454,-179.82130101608365
163,30163,30163,30163,6a22834,ckpt_sac_full_00349944,0,1,0,unsafe,34,395.2953949991556,nan,nan,-1,1,30.0,0.45,20.0,1.0,25,1,200,0.002,100,10.0,1.0,0,26,0,0.7647058823529411,0.3111150081372006,-0.7258575991830792,2.2850918659126043,0.02130511124804288,0.03871354748007454,0.031060884646818797,1.5712531843330528,0.6687224841300694,0.3167604446621541,0.6288109259661422,1.04080196954143,1.0488471206305927,1.162176508643677,-14.493726625194768
164,30164,30164,30164,6a22834,ckpt_sac_full_00349944,0,1,0,unsafe,28,382.0495522265945,nan,nan,-1,1,30.0,0.45,20.0,1.0,25,1,200,0.002,100,10.0,1.0,0,16,0,0.5714285714285714,0.35963955875969716,-0.5348814223847655,-2.4018502040162066,0.026068772983224187,0.04021329560912338,0.0573458507404157,1.167188849473278,0.7329826860698128,0.3650507728181695,0.5704666515570418,1.0422672328116493,1.0922411090097495,1.0028777387537584,-15.64173947931448
165,30165,30165,30165,6a22834,ckpt_sac_full_00349944,0,0,0,unsafe,28,317.36114510510197,nan,nan,-1,0,30.0,0.45,20.0,1.0,25,1,200,0.002,100,10.0,1.0,0,16,0,0.5714285714285714,0.3457338351015997,-0.381274823117682,-2.241505124476219,0.02447849322381083,0.029936240002693196,0.03580111633521061,1.6351631004980103,0.7254725162174741,0.38471506408688083,0.5094869379837825,1.014335052234959,0.9472793807920052,1.2271913040484597,-40.93740242536854
166,30166,30166,30166,6a22834,ckpt_sac_full_00349944,0,1,0,object_lost,65,627.1986509671556,nan,nan,-1,0,30.0,0.45,20.0,1.0,25,1,200,0.002,100,10.0,1.0,0,52,0,0.8,0.3594715832708344,-0.4298224470896337,-1.1705168218791888,0.02675505036124995,0.0329870271019938,0.07406465967516002,1.0761486590998475,1.0952123172144406,0.37609370857163255,0.6716475101619431,1.0911689965274194,1.0286516068815048,1.0506808137649246,-157.27008073487488
167,30167,30167,30167,6a22834,ckpt_sac_full_00349944,0,1,0,timeout,200,32.05209667333332,51.9259746101602,45.932910547507014,103,1,30.0,0.45,20.0,1.0,25,1,200,0.002,100,10.0,1.0,1,165,0,0.825,0.35320811057420715,-0.6037704747742592,-2.584578513841792,0.021832428551851548,0.03764051379737792,0.031000126992066068,1.8900950734459918,1.3621077353930044,0.3123900640312095,0.5539866794167889,1.0813112181358153,1.0234299234276443,1.1953318515119549,59.88234550132381
168,30168,30168,30168,6a22834,ckpt_sac_full_00349944,0,0,0,timeout,200,337.0520014853438,nan,nan,-1,0,30.0,0.45,20.0,1.0,25,1,200,0.002,100,10.0,1.0,0,168,0,0.84,0.30590368946028934,-0.41624099776075807,-1.150576443673712,0.023582724911984917,0.03050888314651227,0.1111782865919457,1.6957529597254757,0.9662433215201214,0.3372071535700258,0.6842593827285924,1.0331710828142866,0.9373288336796116,0.8781536564391612,-5.475560503686214
169,30169,30169,30169,6a22834,ckpt_sac_full_00349944,0,0,0,object_lost,119,414.66242953761224,nan,nan,-1,0,30.0,0.45,20.0,1.0,25,1,200,0.002,100,10.0,1.0,0,103,0,0.865546218487395,0.32139596148048233,-0.2274637545771151,-2.2006703352385237,0.027178949205229126,0.040157929125264225,0.04270260055665649,0.8738826667850098,1.0311802109611476,0.34635264979564145,0.4926166711969669,1.1126894082719054,1.0407583986332039,1.00278158042043,-195.32802477268734
170,30170,30170,30170,6a22834,ckpt_sac_full_00349944,0,0,0,timeout,200,210.66692980771796,nan,nan,-1,1,30.0,0.45,20.0,1.0,25,1,200,0.002,100,10.0,1.0,0,177,0,0.885,0.3311253483985076,-0.2740808952949882,-1.5738964184905313,0.025814856473087455,0.03355362528582328,0.0774926453498296,0.8075464623710329,0.870352844029311,0.36711878232107,0.3304968171320566,1.058546833801769,1.0608039348262157,1.2145872018427326,-7.2073486256233465
171,30171,30171,30171,6a22834,ckpt_sac_full_00349944,0,1,0,timeout,200,349.7962885706672,nan,nan,-1,1,30.0,0.45,20.0,1.0,25,1,200,0.002,100,10.0,1.0,0,192,0,0.96,0.33711032331741386,-0.5178789849312596,-0.7438045057684817,0.027383527122250787,0.03767062163718866,0.08844395921862261,0.9914441463355386,1.0417919790015855,0.348458741218297,0.620618777421843,1.0492969476607643,1.0552159125494078,0.8586254030667985,23.954740982303115
172,30172,30172,30172,6a22834,ckpt_sac_full_00349944,0,0,0,unsafe,38,225.12213071330132,nan,nan,-1,0,30.0,0.45,20.0,1.0,25,1,200,0.002,100,10.0,1.0,0,29,0,0.7631578947368421,0.34924412010186456,-0.19711880668580817,-2.110267783570479,0.02353259814760123,0.036901439572039965,0.06195543962810995,1.7674383314111748,0.9946692973702415,0.32928695199832814,0.46917502905758734,1.0201551480526563,0.9885775302606141,1.0564754349725298,-42.82628369787159
173,30173,30173,30173,6a22834,ckpt_sac_full_00349944,0,0,0,timeout,200,203.0727032570589,nan,nan,-1,1,30.0,0.45,20.0,1.0,25,1,200,0.002,100,10.0,1.0,0,183,0,0.915,0.362761853504708,-0.3106790902698486,-2.416705201505713,0.027568650556508586,0.038214711247331924,0.08608622418504736,1.1952051659408944,1.2712104946920153,0.36346413262144894,0.25586551201889274,1.0701367674826103,1.0922429914951874,1.0744540974261032,-5.991294949673458
174,30174,30174,30174,6a22834,ckpt_sac_full_00349944,0,0,0,timeout,200,291.04713140367505,nan,nan,-1,1,30.0,0.45,20.0,1.0,25,1,200,0.002,100,10.0,1.0,0,179,0,0.895,0.3699926592477054,-0.40561265969918014,-2.1050215104808165,0.020713052922538562,0.03209186998458321,0.031437025858652407,0.899512752470035,1.0459508149755479,0.3780871213909369,0.43412267388083503,0.9804837855657222,1.0067906957589228,1.0195865201150038,-2.261725329743675
175,30175,30175,30175,6a22834,ckpt_sac_full_00349944,0,0,0,timeout,200,173.0382802012643,nan,nan,-1,1,30.0,0.45,20.0,1.0,25,1,200,0.002,100,10.0,1.0,0,174,0,0.87,0.3577258009082981,-0.39849577636929073,-1.3327776057491219,0.026799122271943733,0.0342252282656046,0.09599706502072512,1.2893848299782236,0.7853202502914063,0.3524728548845911,0.1964252031877726,0.8921861822914031,0.9935607220308844,0.9537819689534667,-7.951911261071801
176,30176,30176,30176,6a22834,ckpt_sac_full_00349944,0,0,0,unsafe,32,260.5796508822019,nan,nan,-1,1,30.0,0.45,20.0,1.0,25,1,200,0.002,100,10.0,1.0,0,24,0,0.75,0.3211482885465878,-0.5378630255945367,-0.4175325230251863,0.02647947475140566,0.029932642945822513,0.06294907904609344,0.8729712615170651,1.2479641419808232,0.3075590230803495,0.31473165844254347,1.063206774605518,0.9691264866186236,0.9814342292555418,-40.577552245909075
177,30177,30177,30177,6a22834,ckpt_sac_full_00349944,0,0,0,object_lost,187,378.81514775415417,nan,nan,-1,0,30.0,0.45,20.0,1.0,25,1,200,0.002,100,10.0,1.0,0,164,0,0.8770053475935828,0.33803078133184017,-0.2498760090173468,-0.7671659124784633,0.024607831258013694,0.03960837373926864,0.033574718074112546,1.3992778897653277,1.3716538627851182,0.3222272733354606,0.3000461017494088,1.0556324185616945,1.0673121417535987,0.752885751939141,-201.93071690866526
178,30178,30178,30178,6a22834,ckpt_sac_full_00349944,0,0,0,unsafe,30,237.97817144440728,nan,nan,-1,0,30.0,0.45,20.0,1.0,25,1,200,0.002,100,10.0,1.0,0,23,0,0.7666666666666667,0.34436069563432503,-0.43260563295638677,-0.7268385323508237,0.02628587680357543,0.030043332478182222,0.0784853211977288,1.3859008581984604,0.6864404972143203,0.37151522778336316,0.24152598602493636,1.1378295314037916,1.003779812000698,0.9766960125342746,-41.007097299978476
179,30179,30179,30179,6a22834,ckpt_sac_full_00349944,0,1,0,object_lost,121,226.10021076126006,nan,nan,-1,0,30.0,0.45,20.0,1.0,25,1,200,0.002,100,10.0,1.0,0,96,0,0.7933884297520661,0.3513149055684454,-0.6800119907876601,-1.932436188848147,0.02558538299433738,0.038044413478316885,0.08717296764237495,1.6752007008653207,0.8295219675580915,0.342301618800191,0.7212689954295287,1.0240433661679873,0.9994242758301458,0.9012108747238297,-181.54299308930388
180,30180,30180,30180,6a22834,ckpt_sac_full_00349944,0,1,0,timeout,200,302.0891530188551,nan,nan,-1,1,30.0,0.45,20.0,1.0,25,1,200,0.002,100,10.0,1.0,0,178,0,0.89,0.3358635673350637,-0.5419668736709597,0.49055060143779095,0.025510554024257732,0.03299743991685752,0.06648132833992255,1.6066885807617142,1.3450698261637304,0.3088228116999812,0.4641971003575357,0.967304574763336,0.9524220275224031,1.0396957878700706,27.382563988661875
181,30181,30181,30181,6a22834,ckpt_sac_full_00349944,1,1,1,success,148,12.986585289098077,21.269485100189545,11.944716009096455,135,1,30.0,0.45,20.0,1.0,25,1,200,0.002,100,10.0,1.0,0,111,0,0.75,0.3660125925163632,-0.7073490512926965,-0.6433176838800998,0.023294648559489883,0.03502926853073222,0.1149637411686665,1.8773594134412805,0.737901891324837,0.3217481236188464,0.3218168041099253,0.9528761735796409,1.013137264790943,1.1603801065052304,276.60442653080565
182,30182,30182,30182,6a22834,ckpt_sac_full_00349944,0,0,0,timeout,200,149.8411402184754,nan,nan,-1,0,30.0,0.45,20.0,1.0,25,1,200,0.002,100,10.0,1.0,0,178,0,0.89,0.3570264411877209,-0.29697323548938637,-1.1525388779819417,0.020719670081505024,0.03786519302358305,0.06565352585422811,1.7760648479215546,0.6673332981481651,0.38924213698468824,0.3805041275732086,1.071249969454584,1.0522764602405348,0.8668349975550194,-17.353672684198866
183,30183,30183,30183,6a22834,ckpt_sac_full_00349944,1,1,0,success,63,43.33161647662451,78.30509808092837,18.922243980275073,55,1,30.0,0.45,20.0,1.0,25,1,200,0.002,100,10.0,1.0,0,49,0,0.7777777777777778,0.36861858949541193,-0.21651569522344494,-0.01988516993024625,0.02107408866003652,0.030675361605268073,0.09057051123338436,1.1070395047757617,0.6298243172971257,0.31333958797668465,0.5529969486188002,0.9743906227988656,1.033045994712728,1.0257715773720593,240.2277607447683
184,30184,30184,30184,6a22834,ckpt_sac_full_00349944,0,0,0,timeout,200,297.39853096288255,nan,nan,-1,1,30.0,0.45,20.0,1.0,25,1,200,0.002,100,10.0,1.0,0,159,0,0.795,0.30763289869268795,-0.2925742391864685,2.507666034554962,0.02604808322774624,0.03728131602180105,0.11838478441229074,1.444182101732228,1.0588255842941865,0.3102296141505657,0.6152537778160665,0.9622399898083316,1.086728607574522,1.2379101962898558,-6.722176795843985
185,30185,30185,30185,6a22834,ckpt_sac_full_00349944,1,1,1,success,84,23.144736156794917,31.29829113990481,2.2083723443569707,77,1,30.0,0.45,20.0,1.0,25,1,200,0.002,100,10.0,1.0,2,62,0,0.7380952380952381,0.35965962855021966,-0.4929155899035054,2.010701020228675,0.0259327296080839,0.038774279038811206,0.047476112482831165,0.8050980843109514,1.3069235615595476,0.3310842941420524,0.2721874222805623,1.0352466006161216,0.9664861074540543,1.06367312576739,278.76128703315675
186,30186,30186,30186,6a22834,ckpt_sac_full_00349944,0,0,0,timeout,200,52.09694935959078,nan,nan,-1,1,30.0,0.45,20.0,1.0,25,1,200,0.002,100,10.0,1.0,0,175,0,0.875,0.3379312216465191,-0.17120666703521048,-0.2584497899940912,0.022359024845612665,0.03215069819866389,0.07067355521867692,1.2651206686237597,1.2993533218433215,0.3266796493693907,0.2606325076951206,1.0660483103572251,1.10412719893213,1.0270345525620548,-10.894594934265884
187,30187,30187,30187,6a22834,ckpt_sac_full_00349944,0,0,0,timeout,200,319.9438623559031,nan,nan,-1,1,30.0,0.45,20.0,1.0,25,1,200,0.002,100,10.0,1.0,0,185,0,0.925,0.3495153815188521,-0.7125545852291851,-2.2144704857561575,0.021182126751252757,0.036715136912653955,0.11283639508860552,1.2243245724557856,1.1248357584025954,0.34868698218728134,0.2960984112598863,1.0426721165783064,1.0821241106508104,1.2066775698293026,0.7363223401024125
188,30188,30188,30188,6a22834,ckpt_sac_full_00349944,0,0,0,timeout,200,174.63265888664878,nan,nan,-1,1,30.0,0.45,20.0,1.0,25,1,200,0.002,100,10.0,1.0,0,169,0,0.845,0.3753572438062946,-0.27928792220342136,-2.470973698981303,0.025662837996983844,0.037406758756797484,0.09108662628921713,0.9646081507069151,0.9564930972500256,0.3878588926319643,0.3867938325660827,0.9638719177064026,1.031005133185193,1.07704213783475,-20.541352305651532
189,30189,30189,30189,6a22834,ckpt_sac_full_00349944,0,0,0,timeout,200,444.55342829017627,nan,nan,-1,1,30.0,0.45,20.0,1.0,25,1,200,0.002,100,10.0,1.0,0,183,0,0.915,0.3797501764259028,-0.6949629630041374,2.202217228997201,0.023918499799926152,0.03151876739660251,0.06834588016380194,0.8727999242028912,0.7786876588560457,0.3408776306329621,0.5641814676492232,0.9809571566922664,1.0424685176037247,1.1707242871629573,2.427247907100914
190,30190,30190,30190,6a22834,ckpt_sac_full_00349944,0,1,0,timeout,200,219.7010210622431,nan,nan,-1,1,30.0,0.45,20.0,1.0,25,1,200,0.002,100,10.0,1.0,0,194,0,0.97,0.3358723924254675,-0.32771967277795144,-2.213295350157106,0.027457159634285508,0.035039860865225286,0.0507487910467827,1.4971276127190112,1.1366523995474564,0.31026045782265205,0.24668303713432654,1.0919158228860084,1.0582687160849504,1.3249900718883132,20.074312774089723
191,30191,30191,30191,6a22834,ckpt_sac_full_00349944,0,0,0,timeout,200,293.1323401884479,nan,nan,-1,1,30.0,0.45,20.0,1.0,25,1,200,0.002,100,10.0,1.0,0,172,0,0.86,0.35669144619702153,-0.5495484409064137,-0.8690049859942404,0.022310774325503217,0.033746377818481645,0.07931147371134464,1.9318513967471584,1.2043579774125144,0.3246693067354086,0.34637438163787765,1.0116469641757484,0.995685382534432,1.0585916689047397,-3.092515264272833
192,30192,30192,30192,6a22834,ckpt_sac_full_00349944,0,0,0,timeout,200,306.95022525734026,nan,nan,-1,1,30.0,0.45,20.0,1.0,25,1,200,0.002,100,10.0,1.0,0,153,0,0.765,0.3405227201544678,-0.26488848758445765,-2.7490335651144875,0.021246203013239727,0.03228810433529215,0.07222107137827578,1.8299892703745166,1.065956853679636,0.3898681822040878,0.6185793410640132,1.041265283081512,1.047174550157104,0.9912291688351764,-9.40981703540906
193,30193,30193,30193,6a22834,ckpt_sac_full_00349944,0,1,0,timeout,200,193.7284049547191,nan,nan,-1,0,30.0,0.45,20.0,1.0,25,1,200,0.002,100,10.0,1.0,0,173,0,0.865,0.3369470349340132,-0.3745839861743402,0.32804056180798424,0.02120593067823609,0.035163927784391674,0.053116974496744275,1.8136901244439194,0.8971999509178438,0.3782203844089126,0.36543338673742776,1.009293719038754,1.0589900006358266,1.1833226502939833,13.730755898765349
194,30194,30194,30194,6a22834,ckpt_sac_full_00349944,0,1,0,unsafe,28,238.54434265643425,nan,nan,-1,0,30.0,0.45,20.0,1.0,25,1,200,0.002,100,10.0,1.0,0,18,0,0.6428571428571429,0.35686976491360656,-0.2295332540767071,-2.614820534733884,0.026323897473041105,0.030450190596683885,0.039100220130463326,1.9425406321878795,1.1908591827409172,0.3708490541875361,0.43736752643991755,1.0812686708672967,1.0623570494967307,0.9838902994372423,-41.084126729278495
195,30195,30195,30195,6a22834,ckpt_sac_full_00349944,0,1,0,timeout,200,198.91108316537552,nan,nan,-1,0,30.0,0.45,20.0,1.0,25,1,200,0.002,100,10.0,1.0,0,174,0,0.87,0.3897063326634088,-0.4431050101215425,1.5572697026344011,0.021884135542999224,0.03608610374684644,0.0833683121584623,1.3712135068434934,1.2166844579359144,0.3397215768217214,0.213507940047786,1.0544799777346927,1.033817786047213,0.9953236794641332,2.167967807249363
196,30196,30196,30196,6a22834,ckpt_sac_full_00349944,0,1,0,timeout,200,358.00835681199027,nan,nan,-1,1,30.0,0.45,20.0,1.0,25,1,200,0.002,100,10.0,1.0,0,176,0,0.88,0.3822452153963221,-0.31947551070872426,2.8371141428946203,0.023773658968182353,0.03034368320217525,0.08187315568619963,0.8773720619214436,1.1387468549811608,0.3707529202529594,0.6223865864716206,1.0346555232239607,0.9811540670829066,1.1488779166963674,23.099767754927882
197,30197,30197,30197,6a22834,ckpt_sac_full_00349944,0,1,0,timeout,200,331.2306089483613,nan,nan,-1,1,30.0,0.45,20.0,1.0,25,1,200,0.002,100,10.0,1.0,0,181,0,0.905,0.30893073740075616,-0.3836969643468542,-2.190833179100924,0.02214339658543449,0.030940658532760214,0.08479402885046385,1.2491214201348595,0.7674789558037782,0.3359069557181457,0.5912736829410946,1.0574479770603726,0.949596820287565,1.1054483540764328,24.77354275126044
198,30198,30198,30198,6a22834,ckpt_sac_full_00349944,0,1,0,timeout,200,424.79811974894847,nan,nan,-1,1,30.0,0.45,20.0,1.0,25,1,200,0.002,100,10.0,1.0,0,185,0,0.925,0.34637828637992896,-0.6405615728420176,1.3409735969680394,0.026217752032583228,0.0301659995543244,0.055797014349382154,1.1272078206672846,0.8805887607045153,0.3578000003219777,0.603287533829467,1.045854393090812,1.0605795537017288,1.0494815239745603,23.799781822818538
199,30199,30199,30199,6a22834,ckpt_sac_full_00349944,0,0,0,timeout,200,352.1073897458808,nan,nan,-1,1,30.0,0.45,20.0,1.0,25,1,200,0.002,100,10.0,1.0,0,181,0,0.905,0.38526646487668054,-0.30670964353468755,0.8617866997430319,0.02407032016188443,0.03122421258883134,0.08307841492550885,1.0819114906257692,1.2706970516209435,0.347364884420129,0.6731659649652647,1.1348198221383174,0.9873976087671332,1.0464688662498305,-0.09316716107297156
200,30200,30200,30200,6a22834,ckpt_sac_full_00349944,0,0,0,timeout,200,449.88093922653076,nan,nan,-1,1,30.0,0.45,20.0,1.0,25,1,200,0.002,100,10.0,1.0,0,177,0,0.885,0.3568560653394967,-0.6301836605365688,-1.095617745847715,0.021449918221282824,0.03681312420984891,0.05130048421099745,1.7884448619473379,1.0744821910121956,0.35163190570414093,0.6940270732782007,1.0176812127579875,1.003527498343227,1.0092254779433945,2.909212378234338
201,30201,30201,30201,6a22834,ckpt_sac_full_00349944,0,0,0,timeout,200,388.4705138188863,nan,nan,-1,1,30.0,0.45,20.0,1.0,25,1,200,0.002,100,10.0,1.0,0,179,0,0.895,0.3600056166876806,-0.6102534720853328,-2.125624076648558,0.023857905197703397,0.0387234999279718,0.06817930416833237,1.0287585986569923,1.1192099148271277,0.37990941455099225,0.5091489438621395,1.0586785765512978,1.0639956697177548,1.0813676724860426,-8.603709500874258
202,30202,30202,30202,6a22834,ckpt_sac_full_00349944,0,0,0,timeout,200,122.10405413258015,nan,nan,-1,1,30.0,0.45,20.0,1.0,25,1,200,0.002,100,10.0,1.0,0,187,0,0.935,0.3430663167061728,-0.1962015554741391,1.9687075560197158,0.023285403868250138,0.03915470302325675,0.11183317173913135,1.5524282061509505,0.7601553919096686,0.36366969848178027,0.22324650115621097,1.010607922255307,0.9730380171226576,1.302676565609485,-13.1485345172097
203,30203,30203,30203,6a22834,ckpt_sac_full_00349944,0,0,0,timeout,200,271.19782423266315,nan,nan,-1,1,30.0,0.45,20.0,1.0,25,1,200,0.002,100,10.0,1.0,0,178,0,0.89,0.34600343012898577,-0.3025363617668474,-1.191243237458377,0.02450458596927274,0.030784101089198507,0.10763209505862019,1.8084877864545177,1.026938186711066,0.35279988234907156,0.4943937745032371,0.9303987933860093,0.9885284162643548,1.1096544877045988,-5.347944242207942
204,30204,30204,30204,6a22834,ckpt_sac_full_00349944,0,0,0,timeout,200,355.6512895024376,nan,nan,-1,1,30.0,0.45,20.0,1.0,25,1,200,0.002,100,10.0,1.0,0,181,0,0.905,0.3272587204660363,-0.3896637142841246,0.6076647204335397,0.02600500854941017,0.034855201184312255,0.08893216357158593,1.7170598481120405,1.0321757143805574,0.3851199523800259,0.644349784472866,1.051454245641436,0.9098965631673257,1.127982383837609,-2.634169816473188
205,30205,30205,30205,6a22834,ckpt_sac_full_00349944,0,1,0,timeout,200,305.6682339256892,nan,nan,-1,1,30.0,0.45,20.0,1.0,25,1,200,0.002,100,10.0,1.0,0,179,0,0.895,0.35335233696391266,-0.3450467382361583,-2.0434751560891815,0.021727979557494406,0.03563712754008752,0.07524509780316521,1.3672296868079337,0.8194668795146615,0.3282490708853783,0.46390100774542814,0.9969086461013019,1.0206093296519063,1.0150953348869747,21.922193353042083
206,30206,30206,30206,6a22834,ckpt_sac_full_00349944,0,1,0,object_lost,139,468.8451776854319,nan,nan,-1,0,30.0,0.45,20.0,1.0,25,1,200,0.002,100,10.0,1.0,0,110,0,0.7913669064748201,0.37594216156791055,-0.43547648051494003,-0.5741790605458585,0.024900781232993056,0.032932373468689435,0.06146797022557572,1.7716064667694544,1.273835828591951,0.311505192606651,0.22735661267810894,1.0081778375103596,0.9806776519644828,1.011237795617785,-170.34253562076336
207,30207,30207,30207,6a22834,ckpt_sac_full_00349944,0,1,0,timeout,200,284.6840284755557,nan,nan,-1,0,30.0,0.45,20.0,1.0,25,1,200,0.002,100,10.0,1.0,0,190,0,0.95,0.35445023008267823,-0.4020960438816895,2.7410516609891884,0.021353447517278606,0.03386220376828874,0.0682056408312369,1.9336137105362823,0.8021998791711025,0.3590689066895867,0.5024671665075755,0.979926847427954,1.0541562687810972,0.9700109429674746,18.410195887812446
208,30208,30208,30208,6a22834,ckpt_sac_full_00349944,0,0,0,timeout,200,292.1752333742772,nan,nan,-1,1,30.0,0.45,20.0,1.0,25,1,200,0.002,100,10.0,1.0,0,189,0,0.945,0.38842964507343924,-0.19451137916597738,2.462619004317891,0.02043625945421244,0.036343609389266215,0.030770443049850663,1.0279968169235474,0.7049919056142488,0.30976423414500176,0.5861529305047828,1.0227269834984016,0.9795326486352199,0.8566002565278146,-8.144724277340531
209,30209,30209,30209,6a22834,ckpt_sac_full_00349944,1,1,0,success,91,35.9182852589333,56.10600155890403,33.06716409910427,80,1,30.0,0.45,20.0,1.0,25,1,200,0.002,100,10.0,1.0,0,71,0,0.7802197802197802,0.33964424903265716,-0.28973388803576583,-2.7858371582932113,0.02126039944817139,0.030646444148719046,0.07859318862625395,1.2241184160225342,0.7881249634779803,0.32269594580414573,0.6994729076569806,0.949231996726588,1.0658867336803313,0.9996760395338291,242.33033072581517
210,30210,30210,30210,6a22834,ckpt_sac_full_00349944,0,0,0,timeout,200,320.57054310199663,nan,nan,-1,0,30.0,0.45,20.0,1.0,25,1,200,0.002,100,10.0,1.0,0,179,0,0.895,0.33831006330920077,-0.5571607001052014,0.5868553854016505,0.022240182458838218,0.03703267670443215,0.06082523298844555,1.6731813647310356,0.6184345175439385,0.37296236269558214,0.37514249384174775,1.0221171742581288,1.0826096498764368,1.1225236550639557,-6.899540402914375
211,30211,30211,30211,6a22834,ckpt_sac_full_00349944,0,0,0,unsafe,29,230.82994545898524,nan,nan,-1,0,30.0,0.45,20.0,1.0,25,1,200,0.002,100,10.0,1.0,0,22,0,0.7586206896551724,0.3180447465192524,-0.5143469044083048,-1.8463107700727652,0.02378186534810525,0.03704444952555547,0.09695783764063118,1.9577192124501823,1.1464126119484965,0.3392826315788842,0.19789330812161857,1.0765453448088413,0.9828289839274958,1.1276712787962386,-39.89617848982543
212,30212,30212,30212,6a22834,ckpt_sac_full_00349944,0,1,0,timeout,200,367.70775034282957,nan,nan,-1,1,30.0,0.45,20.0,1.0,25,1,200,0.002,100,10.0,1.0,0,183,0,0.915,0.3703210384927145,-0.6513812824107766,0.48231685122809376,0.02275485901307365,0.03194619075993081,0.07733929205953291,0.9603751332797053,0.8074737426121175,0.30481684070829956,0.5390909511415305,1.0603544922742605,1.079106522139748,1.2294830423260033,21.007927339994385
213,30213,30213,30213,6a22834,ckpt_sac_full_00349944,0,0,0,timeout,200,180.2760381778353,nan,nan,-1,1,30.0,0.45,20.0,1.0,25,1,200,0.002,100,10.0,1.0,0,188,0,0.94,0.3314570083880306,-0.3458392434136198,2.323661614331912,0.022612926118009708,0.03130282317632227,0.07469611009751179,1.4229425744697997,0.7728749194807758,0.3531723013515654,0.2055458509542074,1.0213531222199879,1.0719850442477294,0.943043134595763,-9.720557616950282
214,30214,30214,30214,6a22834,ckpt_sac_full_00349944,0,0,0,timeout,200,308.6979738814096,nan,nan,-1,1,30.0,0.45,20.0,1.0,25,1,200,0.002,100,10.0,1.0,0,183,0,0.915,0.3485125247872916,-0.3746300430836593,-2.137151279913378,0.025432155821360544,0.03031251310782682,0.11180034791647006,1.9017272133255532,0.8134494959328196,0.30815047082764907,0.5567374466573725,1.0969885399804935,1.0121944178211881,1.2440307509975268,4.355797066233488
215,30215,30215,30215,6a22834,ckpt_sac_full_00349944,0,1,0,timeout,200,357.1819633083229,nan,nan,-1,1,30.0,0.45,20.0,1.0,25,1,200,0.002,100,10.0,1.0,19,182,0,0.91,0.33285950247394064,-0.6720436365384326,2.8649750577233917,0.021706706082180897,0.03728468869585084,0.06228517099219201,1.3733041194837745,0.6897661433450217,0.3074690594477535,0.4974046462104229,1.0449448881253418,0.9755929272098939,1.1559745348992498,12.981449132828947
216,30216,30216,30216,6a22834,ckpt_sac_full_00349944,0,1,0,object_lost,178,326.5537902421552,115.45614403154492,451.18901324410075,58,0,30.0,0.45,20.0,1.0,25,1,200,0.002,100,10.0,1.0,0,156,0,0.8764044943820225,0.3161283416047137,-0.5465377757038815,-0.788542551370127,0.02142791359336071,0.03834471077370812,0.051477396476118736,1.4244957949757904,1.0911209494803704,0.30942298609355195,0.3061109804350186,1.0308298903069875,1.0674229406913482,0.9834911120388035,-170.51000256942572
217,30217,30217,30217,6a22834,ckpt_sac_full_00349944,1,1,1,success,98,29.090094222093214,37.229492876224285,26.125186986325836,89,1,30.0,0.45,20.0,1.0,25,1,200,0.002,100,10.0,1.0,0,76,0,0.7755102040816326,0.36870362633144027,-0.31295481561267907,2.989824962052392,0.02206678936009891,0.03138551114835823,0.11619399030479943,1.967789622810959,1.3785574624386099,0.3196234887880434,0.6276126149095276,0.9771874980230063,1.0518805093023877,0.8719456282126778,269.3346514140624
218,30218,30218,30218,6a22834,ckpt_sac_full_00349944,0,0,0,timeout,200,343.5546656782217,nan,nan,-1,1,30.0,0.45,20.0,1.0,25,1,200,0.002,100,10.0,1.0,0,186,0,0.93,0.34941030506026016,-0.2780579557009643,-1.6763018267995682,0.020703266235584047,0.03967911602357443,0.07564483430096462,1.5436610881349586,1.2676745843011552,0.33616320190939136,0.6033771518664428,1.0925881804552093,1.1187406979912402,1.0199340929023966,-12.364171301568586
219,30219,30219,30219,6a22834,ckpt_sac_full_00349944,0,0,0,unsafe,51,373.95508044415254,nan,nan,-1,0,30.0,0.45,20.0,1.0,25,1,200,0.002,100,10.0,1.0,0,37,0,0.7254901960784313,0.31098805760047027,-0.6903701097266759,-1.9326769105131087,0.02099270565242373,0.039546343264256226,0.06535336235590042,1.1696333683590356,0.9827541208669591,0.3797936595137368,0.4368426330847072,1.0601016100194156,1.0548241392850064,0.9931961424239766,-41.837505652259466
220,30220,30220,30220,6a22834,ckpt_sac_full_00349944,0,0,0,timeout,200,293.1782452635936,nan,nan,-1,1,30.0,0.45,20.0,1.0,25,1,200,0.002,100,10.0,1.0,0,188,0,0.94,0.3319125633233014,-0.6197166455772826,-1.3392920082299735,0.02264912554193581,0.03820254759112655,0.040218160325853416,1.9291019935292524,0.7851206589304952,0.32595046717606124,0.32325077534775487,0.9588791744610773,1.0259442133171777,1.1639267446039854,-1.8161296948553154
221,30221,30221,30221,6a22834,ckpt_sac_full_00349944,0,0,0,timeout,200,224.19000370857077,nan,nan,-1,0,30.0,0.45,20.0,1.0,25,1,200,0.002,100,10.0,1.0,0,175,0,0.875,0.3767111468746796,-0.40224553428592785,-2.028837055876388,0.026978406656717576,0.033233211403650376,0.049456543501231076,1.7057801428712511,1.241721017246458,0.32190095356346715,0.2777482488590484,1.0666422998254077,1.0312231837186108,1.0937162326876748,-8.875699016094318
222,30222,30222,30222,6a22834,ckpt_sac_full_00349944,0,1,0,unsafe,27,263.56935913047073,nan,nan,-1,1,30.0,0.45,20.0,1.0,25,1,200,0.002,100,10.0,1.0,0,20,0,0.7407407407407407,0.3531865698293558,-0.29682779412420324,0.9623514388238226,0.02547060949610938,0.034326702058574396,0.06984501004685661,1.844271422869436,1.2875128005084768,0.38087847152332566,0.43301859730613335,1.014781037306345,1.0758479470600413,0.908678279864774,-14.974593285685792
223,30223,30223,30223,6a22834,ckpt_sac_full_00349944,0,0,0,timeout,200,131.86467344170538,nan,nan,-1,1,30.0,0.45,20.0,1.0,25,1,200,0.002,100,10.0,1.0,0,181,0,0.905,0.3067795814974495,-0.18532351474766673,2.313764312906434,0.024461523915326758,0.03303725322229023,0.041631344986040375,1.9583848594336666,0.935466353644548,0.3546463531243734,0.1926546372229192,1.0054899222978328,1.0160945963532582,1.157495901302164,-10.62500598340773
224,30224,30224,30224,6a22834,ckpt_sac_full_00349944,0,1,0,timeout,200,271.7268138630252,nan,nan,-1,0,30.0,0.45,20.0,1.0,25,1,200,0.002,100,10.0,1.0,0,182,0,0.91,0.3019890734198989,-0.43496730637031006,0.01365302679614011,0.024693664145102576,0.03674130952050985,0.10251692029640037,1.200715463616027,1.3676282005352078,0.3089646867622784,0.5242917863345716,1.0206706402414647,1.0706378959775555,1.0502849798675251,-2.923783199562502
225,30225,30225,30225,6a22834,ckpt_sac_full_00349944,0,0,0,unsafe,37,308.21080514808074,nan,nan,-1,1,30.0,0.45,20.0,1.0,25,1,200,0.002,100,10.0,1.0,0,28,0,0.7567567567567568,0.30269296489033626,-0.6165104953917516,-1.542489255355832,0.025210057544559024,0.036664492697003705,0.10371912424403189,1.776137358478842,0.7393826586994627,0.38122632661379413,0.28661573479155245,0.9739463641593809,1.0828441439430174,0.8606824838150169,-39.63612263783933
226,30226,30226,30226,6a22834,ckpt_sac_full_00349944,0,1,0,unsafe,26,342.8621648435358,nan,nan,-1,0,30.0,0.45,20.0,1.0,25,1,200,0.002,100,10.0,1.0,0,12,0,0.46153846153846156,0.3865703253035427,-0.40972699957337494,-2.248159279668328,0.02472704464278507,0.03818856645799282,0.08613732466144902,1.702736331194047,1.131118565900863,0.3485238664068089,0.5519302939924944,1.0540409782045468,1.0527981943837896,1.087221535993903,-40.136506276927406
227,30227,30227,30227,6a22834,ckpt_sac_full_00349944,0,1,0,unsafe,32,301.05778441114416,nan,nan,-1,1,30.0,0.45,20.0,1.0,25,1,200,0.002,100,10.0,1.0,0,15,0,0.46875,0.31323769158547926,-0.4912135193648782,-0.5648375839551671,0.02421877782254448,0.0394522000629145,0.09685104667582539,1.2689577322442966,1.2987586150959476,0.35594813920358453,0.4370597199957524,1.0187791513638047,0.9808710327693257,1.1505301304479145,-40.01403041008641
228,30228,30228,30228,6a22834,ckpt_sac_full_00349944,0,1,0,timeout,200,547.3638021661416,nan,nan,-1,0,30.0,0.45,20.0,1.0,25,1,200,0.002,100,10.0,1.0,0,175,0,0.875,0.35358917716326427,-0.6177180166769534,-2.8947198103286795,0.022189913043571482,0.03542142508100715,0.11838633362584745,0.9374574324351415,0.7612991832843152,0.3236700251842613,0.712641356709929,1.0036833572369621,1.0413047087421392,1.0682334053014315,7.743023363028381
229,30229,30229,30229,6a22834,ckpt_sac_full_00349944,0,0,0,timeout,200,153.9922172384925,nan,nan,-1,1,30.0,0.45,20.0,1.0,25,1,200,0.002,100,10.0,1.0,0,180,0,0.9,0.32327719624862106,-0.27127439150861715,3.121441269947044,0.02171461773248771,0.034612499184838844,0.09146900670014457,1.1457010962846672,1.3324229980970985,0.3838305987543733,0.25658925114221554,1.0443571858445135,1.0249005458172082,1.1036001823979547,-6.239638638190402
230,30230,30230,30230,6a22834,ckpt_sac_full_00349944,0,0,0,unsafe,35,348.50948435383407,nan,nan,-1,1,30.0,0.45,20.0,1.0,25,1,200,0.002,100,10.0,1.0,0,16,0,0.45714285714285713,0.3507973927820236,-0.45952423757987254,-2.6570249351406043,0.02511395416725623,0.03469466996747069,0.05545775994365526,1.9658312891397938,1.0492062199275787,0.33389917441767164,0.60263106899721,1.0135544491245865,1.0071168375957011,1.2254670335637534,-39.66929405998468
231,30231,30231,30231,6a22834,ckpt_sac_full_00349944,0,0,0,timeout,200,369.66947854723486,nan,nan,-1,1,30.0,0.45,20.0,1.0,25,1,200,0.002,100,10.0,1.0,0,178,0,0.89,0.35527209063845355,-0.30189278587014007,0.37356856965535945,0.02496506847921531,0.02977508635998237,0.11557404621073497,0.9661222984932637,1.0420599768318777,0.38583656081451345,0.7291481266323996,1.0554700199818174,1.0357326033061496,1.0230591654525367,0.6150992152653751
232,30232,30232,30232,6a22834,ckpt_sac_full_00349944,0,0,0,timeout,200,379.87417177846464,nan,nan,-1,1,30.0,0.45,20.0,1.0,25,1,200,0.002,100,10.0,1.0,0,183,0,0.915,0.33966089702863644,-0.4958050087527168,2.071555301673545,0.024002679593462927,0.03657572224775845,0.07263759448451347,1.9765307639205818,0.8342337758923213,0.3298999801714817,0.6114484581277728,1.1009642170655078,1.0606438066134283,1.1252744065165983,-0.5782316781152069
233,30233,30233,30233,6a22834,ckpt_sac_full_00349944,0,0,0,timeout,200,320.942196944911,nan,nan,-1,1,30.0,0.45,20.0,1.0,25,1,200,0.002,100,10.0,1.0,0,181,0,0.905,0.38329582296159664,-0.39278156554906407,0.11963734790491642,0.02644659976211177,0.034690297574919114,0.09838512622350755,1.5249223529317626,1.3568787172731502,0.34314870589702035,0.5161127702412812,1.1245100650833986,1.0279614748181218,1.1200169917594471,-2.8212153535457984
234,30234,30234,30234,6a22834,ckpt_sac_full_00349944,0,1,0,timeout,200,183.2420050798112,nan,nan,-1,0,30.0,0.45,20.0,1.0,25,1,200,0.002,100,10.0,1.0,0,185,0,0.925,0.3689625334262959,-0.3001130977552639,-0.19059209147607437,0.024914818128214684,0.03814660864578302,0.05430976578795284,1.4573604580358808,1.3883801909137627,0.37917930003507466,0.21460672087735871,1.0271188728821214,1.0256313034789521,0.8850462613532135,-14.44307960407295
235,30235,30235,30235,6a22834,ckpt_sac_full_00349944,0,0,0,timeout,200,390.0179916132644,nan,nan,-1,1,30.0,0.45,20.0,1.0,25,1,200,0.002,100,10.0,1.0,117,185,0,0.925,0.352791322127757,-0.7138680684769322,0.6250032152187299,0.02581133127502888,0.036905282858792694,0.03673743827156804,1.7888632995480243,0.7151220995534883,0.3582772877339091,0.38818748301138356,1.049754890481005,1.038101845669099,1.0587004263206716,-86.1810217287157
236,30236,30236,30236,6a22834,ckpt_sac_full_00349944,1,1,1,success,103,37.69506008827529,37.219071843129974,3.081066378003518,100,1,30.0,0.45,20.0,1.0,25,1,200,0.002,100,10.0,1.0,0,78,0,0.7572815533980582,0.372817712693673,-0.6438681640970517,2.5106740060755657,0.025327666436294558,0.03225269721636988,0.05387600496584931,1.1896885675421025,1.3262799835995338,0.3520207739075048,0.4882210663551954,1.0965031381140533,0.9735036353106084,1.1708232966181769,284.67719419409826
237,30237,30237,30237,6a22834,ckpt_sac_full_00349944,0,0,0,timeout,200,328.2721937780226,nan,nan,-1,1,30.0,0.45,20.0,1.0,25,1,200,0.002,100,10.0,1.0,136,189,0,0.945,0.38216855564722724,-0.7026774761110162,-2.885567214518186,0.022470698348510277,0.03466248620447574,0.0711896205880892,1.9367217607075236,1.0495652333577474,0.3557439139631507,0.2446997468748991,1.0352122196030087,1.0919652000237485,0.9786057284946355,-105.24915430361266
238,30238,30238,30238,6a22834,ckpt_sac_full_00349944,0,0,0,unsafe,33,303.44300037824235,nan,nan,-1,0,30.0,0.45,20.0,1.0,25,1,200,0.002,100,10.0,1.0,0,23,0,0.696969696969697,0.3117456021060951,-0.6844284900899628,-2.5635568004047347,0.025837706042548748,0.03953217999927458,0.054346418535370186,1.8058577609064037,1.0853429707584252,0.3250336416722763,0.3068880394807101,0.9789014058722059,1.0312641312668083,0.9375257332185376,-40.32383548267488
239,30239,30239,30239,6a22834,ckpt_sac_full_00349944,0,0,0,timeout,200,223.34396597877955,nan,nan,-1,1,30.0,0.45,20.0,1.0,25,1,200,0.002,100,10.0,1.0,0,181,0,0.905,0.3547827451612531,-0.48190970827997853,-2.218128978169498,0.025639931524706224,0.03425966665803754,0.07337144483181016,1.6618729862985375,0.9928738116651867,0.3741219860920394,0.17604712627867938,0.9836453618496134,1.012510988752621,0.9434075475621253,-2.552010614201146
240,30240,30240,30240,6a22834,ckpt_sac_full_00349944,0,1,0,unsafe,26,428.7805249159281,nan,nan,-1,0,30.0,0.45,20.0,1.0,25,1,200,0.002,100,10.0,1.0,0,19,0,0.7307692307692307,0.3363039754139432,-0.7053010358788996,-3.1215159675434894,0.0236871660310244,0.03535908827506103,0.09403326361134157,1.4019175891842655,0.7773774259371996,0.329691206661683,0.6902787763144267,1.040702527438706,1.0630732669151208,1.1098420266231324,-38.94789330244531
241,30241,30241,30241,6a22834,ckpt_sac_full_00349944,0,1,0,timeout,200,318.51325323940387,nan,nan,-1,1,30.0,0.45,20.0,1.0,25,1,200,0.002,100,10.0,1.0,0,177,0,0.885,0.3719278881580322,-0.5227486320210525,1.1232846825684373,0.0252628143539137,0.03685039262651341,0.04756817458223998,1.9458621720471434,0.6299018097359611,0.3360210516286116,0.4326456273640442,1.0647419264903302,1.0553304184284202,1.2177620669398472,11.438822073239075
242,30242,30242,30242,6a22834,ckpt_sac_full_00349944,0,1,0,timeout,200,356.539252265622,nan,nan,-1,1,30.0,0.45,20.0,1.0,25,1,200,0.002,100,10.0,1.0,0,187,0,0.935,0.3329033978709103,-0.6269144053935951,-2.307539146603729,0.024168866888614107,0.03530190658371334,0.05088399502607355,0.9821395793972016,1.1019206104754704,0.3443434589394348,0.4402805316060747,1.0074655567539401,0.9904263113616096,1.166610805362983,25.279968666605804
243,30243,30243,30243,6a22834,ckpt_sac_full_00349944,0,0,0,unsafe,31,301.6324489180399,nan,nan,-1,1,30.0,0.45,20.0,1.0,25,1,200,0.002,100,10.0,1.0,0,18,0,0.5806451612903226,0.3527969531621642,-0.5339619395683172,3.129784011185839,0.025394219803244633,0.039166361134071306,0.11015456825439524,0.8117481302725389,1.329429928368488,0.3609968668033027,0.33145899793604783,1.1039718584528202,0.9899960126697411,1.1976131202756086,-40.08756190413527
244,30244,30244,30244,6a22834,ckpt_sac_full_00349944,0,1,0,timeout,200,295.995712860971,nan,nan,-1,1,30.0,0.45,20.0,1.0,25,1,200,0.002,100,10.0,1.0,0,186,0,0.93,0.3748780559441236,-0.3637240883796062,0.7407211647265486,0.025256213406494386,0.02985446694566481,0.03467466415205422,1.5349528696033423,1.2485950992801884,0.307860983498634,0.5950636094621854,1.0262269748545343,1.0091547613781535,1.1527926988012371,17.02798419726233
245,30245,30245,30245,6a22834,ckpt_sac_full_00349944,1,1,0,success,90,29.92580037362764,57.21201207524217,28.67534564186679,67,1,30.0,0.45,20.0,1.0,25,1,200,0.002,100,10.0,1.0,0,69,0,0.7666666666666667,0.3543154256000464,-0.22909492948181276,0.17667402677871946,0.026058222239411004,0.03526961557307862,0.08191981926900188,1.062623649567957,0.9998500540861921,0.33696817597047873,0.659832603158255,1.0477176166537772,0.9795812295607584,1.027003010571283,277.48779960811174
246,30246,30246,30246,6a22834,ckpt_sac_full_00349944,0,0,0,timeout,200,423.90132381275396,nan,nan,-1,1,30.0,0.45,20.0,1.0,25,1,200,0.002,100,10.0,1.0,0,190,0,0.95,0.37113260899728956,-0.6919068187099728,0.41269263001415046,0.022641559436302222,0.03202938342611929,0.08352829291185768,1.47371009657134,1.3482161006289848,0.31759792602910236,0.5854870488541873,1.1046574163837057,1.0428871911341189,0.8950096635496232,2.2860701808034682
247,30247,30247,30247,6a22834,ckpt_sac_full_00349944,0,1,0,timeout,200,386.44104424274843,nan,nan,-1,1,30.0,0.45,20.0,1.0,25,1,200,0.002,100,10.0,1.0,0,191,0,0.955,0.31344473147387175,-0.5918691317782192,1.3623947639016283,0.02597283642204382,0.03691119080503742,0.045110481223753385,1.4560171984688348,0.9167834760698038,0.31603631225679385,0.6524248683805274,1.0581367171827756,1.0874325163778893,0.8305655713400559,23.82051049209848
248,30248,30248,30248,6a22834,ckpt_sac_full_00349944,0,0,0,unsafe,40,281.8105316378118,nan,nan,-1,1,30.0,0.45,20.0,1.0,25,1,200,0.002,100,10.0,1.0,0,27,0,0.675,0.3266240546720645,-0.5122082819346877,-2.4787479064268796,0.02633633566510155,0.03599175500886866,0.10190660823811822,1.0260962400043205,0.7559972288103994,0.3406144995430583,0.36149635722812845,1.0746356630664267,1.054924161596108,1.1570580829334554,-40.16855855985445
249,30249,30249,30249,6a22834,ckpt_sac_full_00349944,0,1,0,object_lost,130,244.27510139431791,nan,nan,-1,0,30.0,0.45,20.0,1.0,25,1,200,0.002,100,10.0,1.0,0,113,0,0.8692307692307693,0.30961451653892,-0.4264433175032356,0.4713571280749296,0.023867730508262446,0.03565799613746751,0.09081934579366319,1.3762936673896924,1.043551095209642,0.31548026378900706,0.7288734020350998,1.0666312576378367,1.014029892049938,1.2420935588257633,-184.13440571959
250,30250,30250,30250,6a22834,ckpt_sac_full_00349944,0,1,0,timeout,200,313.1938178276803,nan,nan,-1,1,30.0,0.45,20.0,1.0,25,1,200,0.002,100,10.0,1.0,0,186,0,0.93,0.32521457689474287,-0.2930779622157329,-2.867536234069519,0.027564129096614324,0.03770862378041246,0.05018393040459779,1.7220290122607758,1.0069187810424225,0.3542759937696766,0.616436875463533,1.0666250130467034,1.0445497674805981,1.0886889696346973,13.137005188760781
251,30251,30251,30251,6a22834,ckpt_sac_full_00349944,0,1,0,timeout,200,265.3474012461234,nan,nan,-1,1,30.0,0.45,20.0,1.0,25,1,200,0.002,100,10.0,1.0,0,174,0,0.87,0.36533392627509326,-0.3920033597894179,-1.3206506623247516,0.02353155322107422,0.033446327982118766,0.08019801757666022,1.7603902220626453,1.0989848528540294,0.382880506813041,0.2896514199313452,1.0346338545661222,1.0711708924465007,0.8498926428782005,19.457277937645603
252,30252,30252,30252,6a22834,ckpt_sac_full_00349944,0,1,0,timeout,200,32.226420684398796,45.16838506418464,13.713991164986464,85,0,30.0,0.45,20.0,1.0,25,1,200,0.002,100,10.0,1.0,4,170,0,0.85,0.3826983422642185,-0.6948858904483893,0.8287632214917169,0.027368744285080984,0.040248988776912874,0.1170567181005849,1.0264156030473177,0.6222840517789531,0.3819794339227503,0.542407619684696,1.0208407999140452,1.0812875464052665,0.9404084988789665,43.78131137205567
253,30253,30253,30253,6a22834,ckpt_sac_full_00349944,0,1,0,unsafe,30,312.6302348072363,nan,nan,-1,1,30.0,0.45,20.0,1.0,25,1,200,0.002,100,10.0,1.0,0,15,0,0.5,0.34897291262283703,-0.3492854034506482,0.5436779702658678,0.02750938821930758,0.03208842375038925,0.0768644820292975,1.614381199615209,1.045112863153396,0.3743972768338118,0.5342659859652046,1.0633446042117356,1.061102943790437,0.9760403456701456,-17.240232916542972
254,30254,30254,30254,6a22834,ckpt_sac_full_00349944,0,0,0,timeout,200,280.9558701577003,nan,nan,-1,1,30.0,0.45,20.0,1.0,25,1,200,0.002,100,10.0,1.0,0,185,0,0.925,0.30344654782174524,-0.726314862571341,0.6284729836608727,0.023764971183708388,0.030317679153759592,0.0679509068014807,1.2578789015263117,1.320579594556851,0.3057316761767935,0.2323914569710258,1.0835095151940943,1.00728363858351,1.2408244322623951,-3.085810234410162
255,30255,30255,30255,6a22834,ckpt_sac_full_00349944,0,0,0,object_lost,136,487.8148352297165,nan,nan,-1,0,30.0,0.45,20.0,1.0,25,1,200,0.002,100,10.0,1.0,0,117,0,0.8602941176470589,0.33882004189723314,-0.196491956201567,3.099097444287411,0.026824516164906463,0.03233825527620728,0.0774408908641898,1.0959789382309864,0.9003749282318709,0.33103252441689823,0.40727159678342073,0.966215311213941,1.1139722244665182,1.0724815825123408,-198.03500248836406
256,30256,30256,30256,6a22834,ckpt_sac_full_00349944,0,0,0,timeout,200,379.248886381397,nan,nan,-1,0,30.0,0.45,20.0,1.0,25,1,200,0.002,100,10.0,1.0,0,182,0,0.91,0.37926070310161525,-0.44916972615358103,0.3118526407057156,0.02095284878331473,0.03863731503354143,0.1104050024466872,1.6604990266714708,1.2953113312588465,0.30024554762886146,0.5795587346554499,0.9990323140401041,1.076802490832524,1.1030256865212116,0.41096110733181784
257,30257,30257,30257,6a22834,ckpt_sac_full_00349944,0,0,0,timeout,200,151.4692027205589,nan,nan,-1,1,30.0,0.45,20.0,1.0,25,1,200,0.002,100,10.0,1.0,0,183,0,0.915,0.3381792459553708,-0.21697093387927946,-1.007568693989772,0.026971883628492815,0.03251523783040413,0.046765135182347525,1.6712301059864525,0.8167834134056997,0.30544361491567684,0.4519271645998349,0.9595138081373705,1.033583096816777,1.0319241753015858,-6.9984761680081595
258,30258,30258,30258,6a22834,ckpt_sac_full_00349944,0,1,0,timeout,200,396.17438201699036,nan,nan,-1,1,30.0,0.45,20.0,1.0,25,1,200,0.002,100,10.0,1.0,0,190,0,0.95,0.3239301328495993,-0.6387236321428728,-1.135291910097564,0.021728216671614686,0.03458522296334925,0.11895916404377552,1.7612241351856273,0.9315145566802315,0.3812678387459957,0.5884841609354261,1.076870259018478,1.0329793615530556,0.938287069241464,29.523136953515618
259,30259,30259,30259,6a22834,ckpt_sac_full_00349944,0,1,0,timeout,200,252.87659169917555,nan,nan,-1,1,30.0,0.45,20.0,1.0,25,1,200,0.002,100,10.0,1.0,0,183,0,0.915,0.3773665496620266,-0.21118642192598702,-1.011290565300878,0.02550244785042179,0.03387582832361613,0.05346945831554942,1.9545865290204956,1.116338285784818,0.3618762388965189,0.6429122416381781,1.0369374971886403,1.0776992718079765,1.0755578356903468,16.306487549757605
260,30260,30260,30260,6a22834,ckpt_sac_full_00349944,0,0,0,timeout,200,280.3575803291179,nan,nan,-1,0,30.0,0.45,20.0,1.0,25,1,200,0.002,100,10.0,1.0,0,194,0,0.97,0.36692133199751875,-0.5237693664356645,2.9754113275475627,0.025516936017940705,0.03776060395918001,0.06567582930889745,1.1093159736457945,1.2156102885758222,0.31075676167322835,0.30203672953626415,1.0460722126780269,0.8970663542269902,1.1363388429698458,-5.869622317174141
261,30261,30261,30261,6a22834,ckpt_sac_full_00349944,0,0,0,timeout,200,310.9535244105555,nan,nan,-1,1,30.0,0.45,20.0,1.0,25,1,200,0.002,100,10.0,1.0,0,186,0,0.93,0.3007924042856028,-0.5865860517654531,2.8108520119882012,0.025406428007876833,0.03221655545619475,0.09036414761714841,1.4197128171587496,1.1958905934471509,0.32942369219203166,0.44884300954696627,0.9839747107694848,1.0131610661240933,0.8404124525612041,-4.204566920962739
262,30262,30262,30262,6a22834,ckpt_sac_full_00349944,1,1,1,success,144,32.30792953918408,6.869498429595556,9.579025927417804,137,1,30.0,0.45,20.0,1.0,25,1,200,0.002,100,10.0,1.0,0,116,0,0.8055555555555556,0.3819895958234998,-0.6817320022336175,-1.9534823597961124,0.020402513687486506,0.03631712665525389,0.03116900245020858,1.190064724063828,0.8544456865562622,0.3440617937271716,0.40634549241952134,1.1329259978063833,1.0984118347696852,0.9406449639830428,278.009362291977
263,30263,30263,30263,6a22834,ckpt_sac_full_00349944,0,1,0,timeout,200,251.88431767157587,nan,nan,-1,1,30.0,0.45,20.0,1.0,25,1,200,0.002,100,10.0,1.0,0,179,0,0.895,0.34723303432514285,-0.18601641816232595,0.8851952434892834,0.02529149438112973,0.03576952194569408,0.11787092721687704,1.585173188965154,0.6330410108255259,0.32219822055800273,0.5276392684097183,1.044380896353658,1.0569067305651672,1.255995713399173,16.2853572024647
264,30264,30264,30264,6a22834,ckpt_sac_full_00349944,0,1,1,timeout,200,13.39811723553305,21.493482924910467,4.160105770876395,199,0,30.0,0.45,20.0,1.0,25,1,200,0.002,100,10.0,1.0,0,171,0,0.855,0.3860330896627256,-0.6307123476580163,2.751021650317388,0.020784960607499178,0.03421066053280486,0.044717569116229774,1.7773436387666293,1.2755671030885685,0.33050419655097507,0.3079379276856369,1.0169063809284242,0.9698872893069306,1.138985456366064,60.76528698135998
265,30265,30265,30265,6a22834,ckpt_sac_full_00349944,0,1,0,timeout,200,297.4981756051758,nan,nan,-1,1,30.0,0.45,20.0,1.0,25,1,200,0.002,100,10.0,1.0,0,190,0,0.95,0.381684895527201,-0.20436696983094393,-0.07001138758409597,0.025969354513719733,0.03310263833759441,0.038986530555358744,1.1295110404559745,0.7231494562481062,0.30646591935352163,0.5850447189407522,0.9972050914827543,1.0215338074001006,1.0878188012413075,-6.349155363658822
266,30266,30266,30266,6a22834,ckpt_sac_full_00349944,0,1,0,timeout,200,404.4555177999875,nan,nan,-1,1,30.0,0.45,20.0,1.0,25,1,200,0.002,100,10.0,1.0,0,175,0,0.875,0.3640694431220091,-0.5437090800204204,-2.950057710464443,0.02090392993598979,0.03866315108606332,0.046046932760712936,0.8251269212824732,0.6296126583932286,0.36342534178071445,0.49723235468553106,1.0608271348719964,1.102939505504874,1.050109083822663,15.645511553807767
267,30267,30267,30267,6a22834,ckpt_sac_full_00349944,0,0,0,unsafe,30,366.63379135146556,nan,nan,-1,1,30.0,0.45,20.0,1.0,25,1,200,0.002,100,10.0,1.0,0,23,0,0.7666666666666667,0.36679674203665724,-0.6600876050387051,1.4586876791086336,0.02306212225325947,0.03900245873813191,0.07458222535271825,1.5031500128366222,0.63769075485099,0.30744265172434376,0.45335369449144725,1.1063888123020185,0.9970419112823423,0.9869232141414749,-38.934278455566314
268,30268,30268,30268,6a22834,ckpt_sac_full_00349944,0,0,0,timeout,200,215.06447289924864,nan,nan,-1,1,30.0,0.45,20.0,1.0,25,1,200,0.002,100,10.0,1.0,0,193,0,0.965,0.3571771669969497,-0.24745630751770575,0.19738700964714395,0.02543621554466202,0.03415078328534244,0.06482205026257568,1.6353334374442747,0.8037749420060705,0.3076271896858453,0.4172478507749038,1.0278454987963133,0.9585207256058675,1.167852763724142,-4.653297186693124
269,30269,30269,30269,6a22834,ckpt_sac_full_00349944,0,1,0,unsafe,35,360.29840847532694,nan,nan,-1,1,30.0,0.45,20.0,1.0,25,1,200,0.002,100,10.0,1.0,0,19,0,0.5428571428571428,0.3407566016078842,-0.5659055933909695,0.9181215568034116,0.026246672741946163,0.03823377260021806,0.041000437247659546,1.5490364457588348,0.8339952610574745,0.320532943308849,0.5834465307914602,1.0714395398574192,0.9417830500352938,1.14691185399071,-15.133493815592558
270,30270,30270,30270,6a22834,ckpt_sac_full_00349944,0,1,0,unsafe,28,285.79784945187606,nan,nan,-1,0,30.0,0.45,20.0,1.0,25,1,200,0.002,100,10.0,1.0,0,20,0,0.7142857142857143,0.30807773884988904,-0.5501259037967897,-0.22673528236401586,0.025502631193657612,0.03572051084375652,0.08390768494304507,0.8902024294293893,1.1319025292825722,0.3655953225668614,0.30887881539441936,1.1328809350440028,0.939685795705239,1.3369986512141456,-16.15408622657833
271,30271,30271,30271,6a22834,ckpt_sac_full_00349944,0,0,0,timeout,200,304.97877292048713,nan,nan,-1,1,30.0,0.45,20.0,1.0,25,1,200,0.002,100,10.0,1.0,0,179,0,0.895,0.3802672249073635,-0.4134148949930418,0.33655124122356916,0.026379038170198366,0.03245756699746852,0.10927296003931947,1.904267409440742,1.0623934401867599,0.32839312379812685,0.46367006120674314,1.027138328520843,1.0226646678877171,1.0889990894604122,2.337201736529776
272,30272,30272,30272,6a22834,ckpt_sac_full_00349944,0,0,0,timeout,200,277.82413118732677,nan,nan,-1,1,30.0,0.45,20.0,1.0,25,1,200,0.002,100,10.0,1.0,0,182,0,0.91,0.36005367917659625,-0.28452463844633274,-2.379674623866038,0.025361003715058693,0.033530424342092684,0.0579416553743556,1.2649003964061525,0.8019653733407921,0.36422796698587495,0.22377848563276986,0.9265117087983195,0.9885612956408705,1.0611335342872714,-16.365403415437683
273,30273,30273,30273,6a22834,ckpt_sac_full_00349944,0,1,0,timeout,200,249.5268137227645,nan,nan,-1,1,30.0,0.45,20.0,1.0,25,1,200,0.002,100,10.0,1.0,0,191,0,0.955,0.3036510994777876,-0.39763661214053714,2.8086279356743384,0.02644531733212756,0.03221778822052588,0.05658342159836585,1.534626744918714,1.0478153433287898,0.3124995695956699,0.39876701662016617,0.996279211716986,1.0154592840400523,0.9678895401428271,21.571886556772238
274,30274,30274,30274,6a22834,ckpt_sac_full_00349944,0,0,0,timeout,200,271.00371479102165,nan,nan,-1,1,30.0,0.45,20.0,1.0,25,1,200,0.002,100,10.0,1.0,0,183,0,0.915,0.3583576997367187,-0.5455281508965255,-1.4609552486913544,0.020926822301525556,0.030456062357554853,0.06214151820625937,1.6487995490732335,0.6092999131353642,0.38858091782948484,0.19113083403184186,1.0010219585265847,1.1049887086332504,1.2292013891918012,-2.1480037837500388
275,30275,30275,30275,6a22834,ckpt_sac_full_00349944,0,0,0,timeout,200,331.17619451979033,nan,nan,-1,1,30.0,0.45,20.0,1.0,25,1,200,0.002,100,10.0,1.0,0,188,0,0.94,0.32587327935171045,-0.47862657312273355,-1.182115424637677,0.021497269294138963,0.03563496862741779,0.06679077463785153,1.0132238947598704,1.3496118661775873,0.3501571422387639,0.5429704145321498,1.1050038194959615,1.0574864422084798,1.1017590343638748,-4.155135854262561
276,30276,30276,30276,6a22834,ckpt_sac_full_00349944,0,1,0,timeout,200,214.00064079148035,nan,nan,-1,1,30.0,0.45,20.0,1.0,25,1,200,0.002,100,10.0,1.0,0,189,0,0.945,0.3237953213907166,-0.21309096597128918,-2.1599704401611013,0.023702691872445524,0.03456152441334772,0.0794645183286217,1.4264244714005474,1.2477086158080797,0.31640143056938486,0.4470422035909949,1.012396668386873,1.0012098149963775,1.2282944438208943,-2.965210051321622
277,30277,30277,30277,6a22834,ckpt_sac_full_00349944,0,0,0,timeout,200,374.7554815107342,nan,nan,-1,1,30.0,0.45,20.0,1.0,25,1,200,0.002,100,10.0,1.0,0,187,0,0.935,0.3694203847319374,-0.5950892517449942,-2.1657783245676594,0.024004258368219854,0.040239644066425564,0.03382771563095019,1.220695359125526,1.3497220873368763,0.30762174655402275,0.5998808687263717,0.9507985954659575,0.9699556030138333,1.048943434640138,-0.14406181437505228
278,30278,30278,30278,6a22834,ckpt_sac_full_00349944,0,0,0,unsafe,104,333.3989795760609,nan,nan,-1,0,30.0,0.45,20.0,1.0,25,1,200,0.002,100,10.0,1.0,0,86,0,0.8269230769230769,0.31758763162232045,-0.6361838161686509,-1.3669061473531845,0.02463698067734403,0.03173899366975693,0.07151922475206601,1.2703972134424075,1.0325717278137363,0.328564883493041,0.4500102538585017,1.0793982448212753,0.9557352590128888,1.1362428677402,-45.19071708571851
279,30279,30279,30279,6a22834,ckpt_sac_full_00349944,0,0,0,unsafe,37,138.9180230047658,nan,nan,-1,1,30.0,0.45,20.0,1.0,25,1,200,0.002,100,10.0,1.0,0,28,0,0.7567567567567568,0.3067844485463684,-0.20521096661024674,2.7702809375940367,0.020726252051935512,0.032487420193105764,0.035785221929363724,1.898628130595955,0.7709828247949922,0.3621899745264104,0.17991733783970973,1.0302988760544391,1.004744733204818,1.1226381678353134,-42.32543417925516
280,30280,30280,30280,6a22834,ckpt_sac_full_00349944,0,1,0,unsafe,56,324.7407349683497,nan,nan,-1,1,30.0,0.45,20.0,1.0,25,1,200,0.002,100,10.0,1.0,0,45,0,0.8035714285714286,0.3379883464843293,-0.3305286578357956,2.306475835278973,0.023929805845252377,0.030349283833841934,0.03068474359363605,1.5321735357394761,1.271879455850529,0.3243642997186134,0.6686316275063926,1.029778994456851,1.0766815812442163,1.1624487668266354,-19.27692009849036
281,30281,30281,30281,6a22834,ckpt_sac_full_00349944,0,0,0,unsafe,41,335.69185708356093,nan,nan,-1,0,30.0,0.45,20.0,1.0,25,1,200,0.002,100,10.0,1.0,0,28,0,0.6829268292682927,0.34580585677405173,-0.5904613267467067,2.440384886275222,0.021900210491236964,0.029760316468092247,0.0987359405569614,1.1656843227485785,0.797865825456251,0.3558922822686534,0.4063179621284966,1.0941839640868702,1.013936240154254,1.10390799597435,-40.94306572847067
282,30282,30282,30282,6a22834,ckpt_sac_full_00349944,0,0,0,timeout,200,438.0791697690734,nan,nan,-1,1,30.0,0.45,20.0,1.0,25,1,200,0.002,100,10.0,1.0,0,184,0,0.92,0.3641044236131821,-0.603520599394644,-1.6666954764525432,0.02247544976755423,0.033468150657217505,0.09813236409905597,1.4135610489095933,0.8499006099048546,0.35294615884302366,0.6739574474028904,1.041716320076395,1.0449459838525066,1.1363797997678382,2.820664300391467
283,30283,30283,30283,6a22834,ckpt_sac_full_00349944,0,1,0,timeout,200,64.97508938679731,nan,nan,-1,1,30.0,0.45,20.0,1.0,25,1,200,0.002,100,10.0,1.0,0,179,0,0.895,0.3233222884565204,-0.22935167301866,-1.313648893115991,0.02494028535171791,0.032667810735313385,0.059575842843187496,1.2282881239347907,1.0395196695533726,0.3000024648604984,0.2717274034535783,1.069041744803778,1.0093610236601518,0.9097126398649882,18.324521038029516
284,30284,30284,30284,6a22834,ckpt_sac_full_00349944,0,0,0,timeout,200,288.20993295018945,nan,nan,-1,1,30.0,0.45,20.0,1.0,25,1,200,0.002,100,10.0,1.0,153,182,0,0.91,0.33626949385166605,-0.4764302293929474,1.4301249405625676,0.02103483650520381,0.04019123735052042,0.05400584479139062,1.8481910080459072,0.9942827727970185,0.38272978139811165,0.4941384900841953,1.0277974180584148,1.0348224022596704,1.078895154762698,-118.54299835142913
285,30285,30285,30285,6a22834,ckpt_sac_full_00349944,0,0,0,unsafe,32,322.98581410313494,nan,nan,-1,0,30.0,0.45,20.0,1.0,25,1,200,0.002,100,10.0,1.0,0,22,0,0.6875,0.3234378067711286,-0.5319407750708987,-0.44351254655678973,0.020918314206841947,0.03750183094719771,0.05646922099562027,1.7366094298250139,0.8758449849493557,0.3322947017008026,0.49850257665136655,1.0540552088323,0.9925374481001875,0.9808622164345983,-39.811554253420354
286,30286,30286,30286,6a22834,ckpt_sac_full_00349944,0,0,0,timeout,200,154.0850207687052,nan,nan,-1,1,30.0,0.45,20.0,1.0,25,1,200,0.002,100,10.0,1.0,0,184,0,0.92,0.3762723999863717,-0.2501806336187788,-2.8719764705109645,0.024147554707674018,0.032144088532892065,0.04873678071837623,1.8845373974054072,0.7122813235099437,0.3551679491554896,0.21318380418150945,0.9900894567675713,1.0149702886515843,1.0698818357757065,-3.912916671442886
287,30287,30287,30287,6a22834,ckpt_sac_full_00349944,0,0,0,unsafe,38,309.5323906242165,nan,nan,-1,0,30.0,0.45,20.0,1.0,25,1,200,0.002,100,10.0,1.0,0,23,0,0.6052631578947368,0.33063001671732695,-0.5856002876398179,2.1816202664232263,0.0270776744809712,0.032202590184544126,0.03151788432167975,0.9566483475215245,0.6030366078376921,0.37913025790595445,0.3080036004146226,1.0316487077175072,0.9293960833454026,0.958054510246524,-39.34108226928277
288,30288,30288,30288,6a22834,ckpt_sac_full_00349944,1,1,1,success,84,34.980030888284055,34.323608316418294,5.280621693679639,79,1,30.0,0.45,20.0,1.0,25,1,200,0.002,100,10.0,1.0,0,70,0,0.8333333333333334,0.3755637950445305,-0.639373091266366,3.1215904998393116,0.02242402773950405,0.03790337669540194,0.08758563544609668,1.1574102699036155,0.8390699889649688,0.3559072953779969,0.5465080669849242,1.0166244314243196,0.9903813303376422,1.1691997092814268,289.6229752332608
289,30289,30289,30289,6a22834,ckpt_sac_full_00349944,0,0,0,timeout,200,373.7877828130978,nan,nan,-1,1,30.0,0.45,20.0,1.0,25,1,200,0.002,100,10.0,1.0,0,185,0,0.925,0.3843913992351884,-0.6535244730122941,0.12356543314718582,0.02686987622234491,0.03315651417319132,0.06024923333438275,1.506027417784236,1.3189260799888447,0.3793243581550822,0.32874112844375725,0.9754008923928427,0.9954595033047994,1.0166427274830239,-0.4802456415927693
290,30290,30290,30290,6a22834,ckpt_sac_full_00349944,0,1,0,unsafe,28,349.404548422868,nan,nan,-1,1,30.0,0.45,20.0,1.0,25,1,200,0.002,100,10.0,1.0,0,10,0,0.35714285714285715,0.37428977406111263,-0.3348901699014999,1.5228088194884917,0.020937683101278307,0.03446656151019831,0.07917658523256062,1.1807956289828692,0.7955952740310136,0.3526790341401297,0.6614462149154294,1.0382043420073634,1.0561552131533574,0.9038435051826212,-15.719050917766623
291,30291,30291,30291,6a22834,ckpt_sac_full_00349944,0,0,0,timeout,200,323.24190717899194,nan,nan,-1,0,30.0,0.45,20.0,1.0,25,1,200,0.002,100,10.0,1.0,0,174,0,0.87,0.3118431571223471,-0.4151158611316773,2.2491412433239537,0.025699963035499186,0.03415818442612622,0.09424377847431138,1.766880633119662,1.3515413888907253,0.3173059688529172,0.6633033793102567,0.9361514478862755,1.0166962707543452,0.9562639632324283,1.5256820477330797
292,30292,30292,30292,6a22834,ckpt_sac_full_00349944,0,0,0,timeout,200,266.83245397059716,nan,nan,-1,1,30.0,0.45,20.0,1.0,25,1,200,0.002,100,10.0,1.0,0,179,0,0.895,0.357052808240497,-0.2950443443195977,-0.9775653727415596,0.023612387510221905,0.03276900758058312,0.03460562578168283,1.7247916903383416,0.986944047603618,0.32237032655555115,0.5060685122222892,0.983106362102294,1.0446445770922035,1.2199272356580324,-4.093683628127085
293,30293,30293,30293,6a22834,ckpt_sac_full_00349944,0,0,0,unsafe,60,369.3470934552991,nan,nan,-1,0,30.0,0.45,20.0,1.0,25,1,200,0.002,100,10.0,1.0,0,37,0,0.6166666666666667,0.37756391016945934,-0.6017702628404689,-0.6823854418137079,0.026306121109766534,0.03627163712832779,0.08370741631352802,1.2443801265546117,0.723671708336528,0.3534480509433213,0.4493378323655294,0.9975616121028654,1.0719339332677393,0.8931376651609051,-40.68499249987259
294,30294,30294,30294,6a22834,ckpt_sac_full_00349944,0,1,0,timeout,200,223.04573029136006,nan,nan,-1,1,30.0,0.45,20.0,1.0,25,1,200,0.002,100,10.0,1.0,0,154,0,0.77,0.3766418738955809,-0.17056775118230894,2.932174343154702,0.020783666773128547,0.031562561220160705,0.11285774983953795,1.0867868318984184,1.0108846375989222,0.3456425506267389,0.43286020353684185,1.009247042737765,1.0610342286555616,0.967817158787003,9.694106328114428
295,30295,30295,30295,6a22834,ckpt_sac_full_00349944,1,1,0,success,177,44.42702939694025,46.505622361481436,5.093798859768043,129,1,30.0,0.45,20.0,1.0,25,1,200,0.002,100,10.0,1.0,0,130,0,0.7344632768361582,0.3347956376357402,-0.2769222241086282,-0.49824693275907617,0.024239134591797825,0.039206315810686274,0.10656780260449888,1.506644633301192,1.2092873219808316,0.3642215284434828,0.5730221148583046,0.9736346775257773,1.0169287543800674,0.9508520745222087,245.18036475390645
296,30296,30296,30296,6a22834,ckpt_sac_full_00349944,0,0,0,timeout,200,376.08099160311383,nan,nan,-1,1,30.0,0.45,20.0,1.0,25,1,200,0.002,100,10.0,1.0,0,177,0,0.885,0.3277083918057721,-0.4752912801145093,-0.15424452395463684,0.027553924334556203,0.033924565108498984,0.037452182868367656,1.22010800003123,0.7428013456423993,0.35100296617483007,0.6974659128163366,1.0349344332211987,0.9900663876358377,0.8953140438760958,-0.5199738207197782
297,30297,30297,30297,6a22834,ckpt_sac_full_00349944,0,0,0,timeout,200,375.4329618241227,nan,nan,-1,1,30.0,0.45,20.0,1.0,25,1,200,0.002,100,10.0,1.0,0,172,0,0.86,0.30667460003645625,-0.4330525509371578,-1.5589522298565641,0.022779800473779685,0.03740793868357338,0.04855266084021176,1.0019623958102473,1.0191460050217667,0.3811710047716906,0.704389383333512,0.9685410708932045,1.0961570504934117,1.0059150029148278,-1.0798745229546158
298,30298,30298,30298,6a22834,ckpt_sac_full_00349944,0,1,0,unsafe,28,364.7859313568218,nan,nan,-1,1,30.0,0.45,20.0,1.0,25,1,200,0.002,100,10.0,1.0,0,18,0,0.6428571428571429,0.3191485083785983,-0.6010191826954493,-1.3798502341497865,0.026254612269622047,0.033534779099503344,0.11472838664074632,1.6847251371051941,1.2809805329280415,0.3443868101606377,0.5548853179364669,0.937394792298693,1.0334203529457107,0.8765294236623898,-13.583918784299918
299,30299,30299,30299,6a22834,ckpt_sac_full_00349944,0,0,0,timeout,200,223.86397509450504,nan,nan,-1,1,30.0,0.45,20.0,1.0,25,1,200,0.002,100,10.0,1.0,1,152,0,0.76,0.3248490169259891,-0.27311591398497137,-2.4382951002534474,0.026796118843645758,0.03786991606058534,0.10938099982748135,0.8127636288718233,1.094027478070034,0.3099997323556897,0.42448655757691295,0.9616627392678677,1.0221133230927948,0.9732137082113723,-9.84756844995179
300,30300,30300,30300,6a22834,ckpt_sac_full_00349944,0,1,0,object_lost,137,454.4427554635526,nan,nan,-1,0,30.0,0.45,20.0,1.0,25,1,200,0.002,100,10.0,1.0,0,118,0,0.8613138686131386,0.35044067792967243,-0.35456845522376473,-2.659880340765211,0.025843485630998118,0.04012865987303811,0.060847721336181576,1.2093176513451547,0.6576825731770993,0.366357519203232,0.21971230555931498,1.108892926159925,1.0677394324848732,1.12172780241625,-172.84565904022227
301,30301,30301,30301,6a22834,ckpt_sac_full_00349944,0,0,0,timeout,200,187.39201697846497,nan,nan,-1,1,30.0,0.45,20.0,1.0,25,1,200,0.002,100,10.0,1.0,0,188,0,0.94,0.3277285578642795,-0.5159903705622966,-2.4566994831572098,0.023051821981356226,0.04020869417508625,0.032167226479293855,1.9999950691389754,1.0810047853441584,0.3276777705813895,0.21307226585486544,1.032719605595927,0.9483012530495991,1.1612177823369576,-3.044486817014029
302,30302,30302,30302,6a22834,ckpt_sac_full_00349944,0,0,0,timeout,200,272.2299308879042,nan,nan,-1,0,30.0,0.45,20.0,1.0,25,1,200,0.002,100,10.0,1.0,0,157,0,0.785,0.3895553839577309,-0.4853321102933048,1.7250556147766112,0.021571306951845358,0.03693611096732782,0.0812862398280353,0.9322854830463049,1.3402281116086476,0.3881279916519432,0.3047540124425787,0.9994745856353007,1.0250867463847264,1.107208652834871,-20.109664305449233
303,30303,30303,30303,6a22834,ckpt_sac_full_00349944,1,1,1,success,69,33.82727514576776,30.727006922597642,9.392601973096195,64,1,30.0,0.45,20.0,1.0,25,1,200,0.002,100,10.0,1.0,0,43,0,0.6231884057971014,0.3621432910935346,-0.4264394229118007,-2.711053620624684,0.02057212454863217,0.03190531195547181,0.11665654182958073,1.5748373013929728,1.1470672906981998,0.37923991847893657,0.38476901132930647,1.092948475624038,0.9984619783980103,1.0349549218148293,283.95618713897846
304,30304,30304,30304,6a22834,ckpt_sac_full_00349944,0,1,0,timeout,200,287.88327061711266,nan,nan,-1,1,30.0,0.45,20.0,1.0,25,1,200,0.002,100,10.0,1.0,0,182,0,0.91,0.3893656249497912,-0.4029036254426412,0.8025273014200813,0.025073920097137787,0.0355359763833108,0.03648461953138377,1.4355667852632195,1.2840453111909864,0.32625098250270657,0.29670898528427875,0.9469928568118373,1.0050942468362478,1.0125841521694485,-4.659317306923943
305,30305,30305,30305,6a22834,ckpt_sac_full_00349944,0,0,0,timeout,200,398.9434821815907,nan,nan,-1,0,30.0,0.45,20.0,1.0,25,1,200,0.002,100,10.0,1.0,0,179,0,0.895,0.34316080979251884,-0.5009327378775994,2.38366851318363,0.023937487923942874,0.03655877511493968,0.0768564876861745,1.9779068957815977,1.196678945030313,0.37224998039093216,0.677699327534086,1.0286037644252297,1.0428004558389574,1.0514023015306786,-2.4855869341448673
306,30306,30306,30306,6a22834,ckpt_sac_full_00349944,0,0,0,timeout,200,332.40214651556323,nan,nan,-1,1,30.0,0.45,20.0,1.0,25,1,200,0.002,100,10.0,1.0,0,167,0,0.835,0.37277734480592084,-0.20961679979113834,-0.3275648527684454,0.022172474003220453,0.03898145648085952,0.037166302902421615,1.112454380416825,1.2876282330058215,0.3823806808446807,0.35876503035865204,1.114665467673841,1.0346178121888905,0.9163527670008575,-23.316478605205823
307,30307,30307,30307,6a22834,ckpt_sac_full_00349944,0,0,0,timeout,200,278.5203090498224,nan,nan,-1,1,30.0,0.45,20.0,1.0,25,1,200,0.002,100,10.0,1.0,0,154,0,0.77,0.31435754114515346,-0.35699146646033275,0.4366131391765222,0.026071347124810608,0.03110447306771621,0.09898201071314076,1.883345235849538,1.0051474431291,0.3044729176628257,0.6208298097674516,1.0062079263448815,1.0255733781391279,0.7930566234765946,-10.345614935950868
308,30308,30308,30308,6a22834,ckpt_sac_full_00349944,1,1,1,success,119,36.17350799120151,44.90625430298113,11.473826180948524,115,1,30.0,0.45,20.0,1.0,25,1,200,0.002,100,10.0,1.0,0,90,0,0.7563025210084033,0.36696057562311357,-0.7203702986312736,-0.8327233425209091,0.021346959892565267,0.036723673603492504,0.11248659758000225,1.5032619191859529,1.2185677190947874,0.3245555825259811,0.48857613962455415,0.9994846992061307,1.0321776765767117,1.1084536251767532,283.04944315504645
309,30309,30309,30309,6a22834,ckpt_sac_full_00349944,0,0,0,timeout,200,322.0331688662628,nan,nan,-1,1,30.0,0.45,20.0,1.0,25,1,200,0.002,100,10.0,1.0,0,187,0,0.935,0.3658536731322131,-0.6537581103381715,-2.071030760437648,0.027519909355507678,0.03413777477407195,0.06669125777806892,1.3537379312269944,0.890974655292988,0.37002970704684524,0.2817719824261638,1.0006269740077995,0.9591791783782874,0.9817958448649425,-1.033957137606767
310,30310,30310,30310,6a22834,ckpt_sac_full_00349944,0,1,0,unsafe,28,294.79905315040224,nan,nan,-1,0,30.0,0.45,20.0,1.0,25,1,200,0.002,100,10.0,1.0,0,22,0,0.7857142857142857,0.32862518514560973,-0.5675241180434775,0.6515082526690956,0.021633770077184405,0.03708802159505754,0.041056834754930965,1.894787175300665,1.33540882894991,0.3404728599562743,0.3345915716418038,1.1010812380226551,1.085143313721734,1.150967141573793,-39.8166327359511
311,30311,30311,30311,6a22834,ckpt_sac_full_00349944,0,1,0,timeout,200,274.04350515319686,nan,nan,-1,1,30.0,0.45,20.0,1.0,25,1,200,0.002,100,10.0,1.0,0,182,0,0.91,0.3454341607733416,-0.5260079351037857,2.756245554085311,0.021224057455310107,0.03215626935225202,0.07244035278518554,1.4073274876921384,0.9221343230120649,0.37059016008292983,0.28533099845583376,1.0792032133107885,1.0038908864033287,0.8234574007352712,0.6907910776683199
312,30312,30312,30312,6a22834,ckpt_sac_full_00349944,0,0,0,timeout,200,388.1496831641176,nan,nan,-1,1,30.0,0.45,20.0,1.0,25,1,200,0.002,100,10.0,1.0,0,174,0,0.87,0.3568594150189039,-0.5118597919564973,-1.9597643542490912,0.022579305321542318,0.03007568790168594,0.10457404725154787,1.9786911260688163,1.1772807758938706,0.34095653460547193,0.6264729513913747,1.1225319829887777,0.9881545281303551,1.2785632897075638,5.177291497425461
313,30313,30313,30313,6a22834,ckpt_sac_full_00349944,0,1,0,timeout,200,122.49152268232294,162.9477428600551,66.6671102172883,58,0,30.0,0.45,20.0,1.0,25,1,200,0.002,100,10.0,1.0,0,174,0,0.87,0.37670318522448176,-0.47384763251886974,2.5844036609927414,0.02730167791672818,0.031099686701372167,0.0410932739418378,1.0172550813369121,1.3391606610735731,0.3191921114265385,0.3541614426894462,1.0470689704848413,1.0044718598445594,1.195434820014202,0.12568174119816494
314,30314,30314,30314,6a22834,ckpt_sac_full_00349944,0,0,0,unsafe,38,329.4301438889588,nan,nan,-1,0,30.0,0.45,20.0,1.0,25,1,200,0.002,100,10.0,1.0,0,25,0,0.6578947368421053,0.33436836300239603,-0.6870419082387773,-1.1512916021139055,0.02574610305300582,0.03409396980853061,0.11528335872658863,1.6614524569879126,0.8225939503692047,0.3684113761993547,0.28284870074844964,1.0888526413097481,1.0628312399547188,1.0487560082329068,-38.63409653290026
315,30315,30315,30315,6a22834,ckpt_sac_full_00349944,0,0,0,timeout,200,215.96604821716926,nan,nan,-1,1,30.0,0.45,20.0,1.0,25,1,200,0.002,100,10.0,1.0,0,185,0,0.925,0.3450142128174827,-0.4689761657623009,-1.7805640956538793,0.026659592589625965,0.032141249020127695,0.10199999284479334,0.8036471140551442,0.6982136097030996,0.3750748759931811,0.2221686888783494,1.0435727774767611,0.9374046481402312,1.1528455149916363,-2.1391169180348175
316,30316,30316,30316,6a22834,ckpt_sac_full_00349944,0,0,0,timeout,200,346.56083849603414,nan,nan,-1,1,30.0,0.45,20.0,1.0,25,1,200,0.002,100,10.0,1.0,164,188,0,0.94,0.36660341350294834,-0.40891042313386555,-1.7162389285813113,0.024416946508501642,0.03621391727396876,0.09045025812356133,0.8868866077644844,1.3701563142884599,0.33339273837502953,0.6149938910704953,1.0620517969306766,1.0183302638164455,1.0118339861568169,-122.72263721052279
317,30317,30317,30317,6a22834,ckpt_sac_full_00349944,0,0,0,object_lost,132,512.4685704429124,nan,nan,-1,0,30.0,0.45,20.0,1.0,25,1,200,0.002,100,10.0,1.0,0,102,0,0.7727272727272727,0.3069098129605864,-0.6318704294901936,-0.5377637410597229,0.027532677285799265,0.03298360558144258,0.07335885131920197,1.6573260379156327,1.2335642254376769,0.35668096066195,0.4597965515422505,1.0431963453191124,0.9863667816903633,1.0907990879472504,-182.27042348620085
318,30318,30318,30318,6a22834,ckpt_sac_full_00349944,0,0,0,timeout,200,203.792120994405,nan,nan,-1,1,30.0,0.45,20.0,1.0,25,1,200,0.002,100,10.0,1.0,0,187,0,0.935,0.3733789997912311,-0.39839855698844695,1.0060888850717786,0.025945654687455043,0.03170813464846328,0.037744922300939794,1.3831662739114987,0.8561461665503747,0.3858164791746414,0.1867870663054709,0.964253850095715,1.1110810472770136,1.1012894298898848,-2.122744979643943
319,30319,30319,30319,6a22834,ckpt_sac_full_00349944,0,1,0,timeout,200,191.03690326088187,nan,nan,-1,1,30.0,0.45,20.0,1.0,25,1,200,0.002,100,10.0,1.0,0,182,0,0.91,0.32112012929590733,-0.2872142751967648,1.9776092538223846,0.021850437461788812,0.03005840980536718,0.048354812317715504,0.8603326635710521,0.934154732659092,0.3547701901972181,0.48308634470222045,1.0332034647501511,1.1002622774307467,0.9694511456994702,22.589983301344677
320,30320,30320,30320,6a22834,ckpt_sac_full_00349944,0,0,0,timeout,200,243.08378997341106,nan,nan,-1,0,30.0,0.45,20.0,1.0,25,1,200,0.002,100,10.0,1.0,0,167,0,0.835,0.3655373795768563,-0.3081213012156742,-1.1561683336983644,0.023946176459555355,0.030482918706681614,0.04188420238449214,1.087966901082807,1.0445570476038806,0.33053981198762583,0.3886498867765207,1.0610478055963874,1.0876985558925008,1.119769905448785,-22.89605238951768
321,30321,30321,30321,6a22834,ckpt_sac_full_00349944,0,0,0,timeout,200,392.69390133496245,nan,nan,-1,0,30.0,0.45,20.0,1.0,25,1,200,0.002,100,10.0,1.0,0,185,0,0.925,0.38408120023596304,-0.6605211906383798,-2.2524924168388583,0.02120140480610865,0.0327603752891023,0.08220143498520618,1.4323453605380507,0.7371914572081193,0.3625339058505168,0.4252901968446543,1.0528956013550963,0.9581544211100912,1.112862302017786,-4.096008496938735
322,30322,30322,30322,6a22834,ckpt_sac_full_00349944,0,0,0,timeout,200,144.17344868400974,nan,nan,-1,1,30.0,0.45,20.0,1.0,25,1,200,0.002,100,10.0,1.0,0,183,0,0.915,0.33219199337614136,-0.21573899228006832,1.5703925836094177,0.02101073212266843,0.03119178954786227,0.04723176693484827,1.5658540054920926,1.040968859334476,0.309239739107211,0.45962574827541147,1.1059787505960181,1.0227548892466778,1.175710115330573,-2.957233154096744
323,30323,30323,30323,6a22834,ckpt_sac_full_00349944,0,1,0,timeout,200,169.16924679317285,nan,nan,-1,1,30.0,0.45,20.0,1.0,25,1,200,0.002,100,10.0,1.0,0,178,0,0.89,0.3117634249662522,-0.3593657951480373,-1.7289404845642766,0.026635085278274392,0.030854360820079325,0.05392056479037918,1.8640899538298827,1.3332583262278672,0.33637992787509446,0.2609332495607611,1.0243417875973015,1.0579652499927734,1.1423828048526883,13.730572406194579
324,30324,30324,30324,6a22834,ckpt_sac_full_00349944,0,0,0,timeout,200,252.9889340202815,nan,nan,-1,0,30.0,0.45,20.0,1.0,25,1,200,0.002,100,10.0,1.0,0,178,0,0.89,0.31882846523013,-0.4413945176472131,0.600920191678787,0.02168091549426646,0.03824084301152765,0.10120376994495607,1.9434227067409047,0.9302675124512985,0.3150342885606537,0.4356708779804194,1.0203419650342818,0.9459266387582385,1.0184636630496202,-2.639996739069737
325,30325,30325,30325,6a22834,ckpt_sac_full_00349944,1,1,1,success,67,14.34418459196714,28.027531220684857,10.317193731133422,60,1,30.0,0.45,20.0,1.0,25,1,200,0.002,100,10.0,1.0,0,49,0,0.7313432835820896,0.343663481956919,-0.34429538144729344,1.579026145797081,0.027077625799981443,0.037136492643997106,0.058973095587082316,1.5130077572372804,1.3496570617622716,0.38849360999675614,0.39364679189758794,1.037577873927974,0.9832265195178359,1.2140760514746642,279.76547388318625
326,30326,30326,30326,6a22834,ckpt_sac_full_00349944,0,0,0,timeout,200,396.73071823164656,nan,nan,-1,1,30.0,0.45,20.0,1.0,25,1,200,0.002,100,10.0,1.0,0,190,0,0.95,0.34421536390178187,-0.6324848915399705,2.95607777126565,0.02335856710963557,0.031090668628574014,0.09461514574579954,1.4830325388681207,0.6174719324124028,0.3431831173961495,0.5685830546401125,1.0301856053394984,0.9837652393973988,1.0601115701064971,1.7189441034713464
327,30327,30327,30327,6a22834,ckpt_sac_full_00349944,0,0,0,unsafe,29,323.581110203154,nan,nan,-1,0,30.0,0.45,20.0,1.0,25,1,200,0.002,100,10.0,1.0,0,11,0,0.3793103448275862,0.3843714900233537,-0.33525043291326373,2.257957202606711,0.023356521729695667,0.03614849696250284,0.03463230942827421,0.9208592077242167,0.9133806237995417,0.35585985111357765,0.5609658408173261,1.0533337331918948,1.006474789005312,1.0224947161249855,-40.134083360282474
328,30328,30328,30328,6a22834,ckpt_sac_full_00349944,0,1,0,timeout,200,374.1964420501863,nan,nan,-1,1,30.0,0.45,20.0,1.0,25,1,200,0.002,100,10.0,1.0,33,185,0,0.925,0.36250502821615954,-0.6770699923104518,-0.8025240534868003,0.024758698584401665,0.030084944508960196,0.0649191677686065,1.670050917858328,0.819914247079367,0.36012389826560337,0.6422550676263488,0.9524069555334044,1.051282198925325,0.9748609304492181,-8.440314721130997
329,30329,30329,30329,6a22834,ckpt_sac_full_00349944,0,1,0,unsafe,30,328.7870743412984,nan,nan,-1,0,30.0,0.45,20.0,1.0,25,1,200,0.002,100,10.0,1.0,0,13,0,0.43333333333333335,0.3172192211670123,-0.4128533842477429,-0.23070029824399452,0.021538297954903876,0.032098510589035914,0.10503790522028454,1.696589518532861,0.8563751537236488,0.35009548605854407,0.613102272889638,1.094739793416686,1.0920947613860499,0.9142750645316375,-13.878993195058705
330,30330,30330,30330,6a22834,ckpt_sac_full_00349944,0,1,0,object_lost,140,138.0468356910847,nan,nan,-1,0,30.0,0.45,20.0,1.0,25,1,200,0.002,100,10.0,1.0,0,131,0,0.9357142857142857,0.34180169326835025,-0.2564204066271518,2.713699986375845,0.027071257671051025,0.02975553611081895,0.11135129115898496,1.052368746329554,0.7017912967872832,0.3649481315315008,0.6205492007391538,1.0435950698375493,1.0841824638926219,1.0564660591564083,-180.46598364404414
331,30331,30331,30331,6a22834,ckpt_sac_full_00349944,0,1,0,timeout,200,365.71504703791055,nan,nan,-1,1,30.0,0.45,20.0,1.0,25,1,200,0.002,100,10.0,1.0,0,172,0,0.86,0.3314054910775348,-0.2080535541587173,-0.8789863521195125,0.02298033353235472,0.03682609571547695,0.030501537656476833,1.944023290656377,1.2282527796641682,0.3830290364585831,0.2743926934264397,0.9454503774903095,1.1220767909318015,1.1171931538448756,6.679480054708688
332,30332,30332,30332,6a22834,ckpt_sac_full_00349944,0,1,0,timeout,200,419.5590263539931,nan,nan,-1,1,30.0,0.45,20.0,1.0,25,1,200,0.002,100,10.0,1.0,0,185,0,0.925,0.3376221306173822,-0.4803739777181497,1.8546218920576028,0.02199593858902733,0.0378634160172558,0.10320020165747931,1.705913339239856,0.6892188584167375,0.33670582557930945,0.5919267277626956,1.0302428689519616,0.9987931033774068,1.1862837639096993,24.103080497301406
333,30333,30333,30333,6a22834,ckpt_sac_full_00349944,0,1,0,unsafe,43,230.14146039276147,nan,nan,-1,0,30.0,0.45,20.0,1.0,25,1,200,0.002,100,10.0,1.0,0,33,0,0.7674418604651163,0.32803419551117197,-0.46746145160824537,2.538452774883016,0.021099871621826406,0.03873538136547652,0.1087277811410011,1.3789203849719935,0.6175652515329872,0.34303474425908376,0.3202495763909523,1.019648001678253,1.0645753660282289,1.0491242796748244,-17.30046946877779
334,30334,30334,30334,6a22834,ckpt_sac_full_00349944,0,0,0,timeout,200,381.83771705167726,nan,nan,-1,1,30.0,0.45,20.0,1.0,25,1,200,0.002,100,10.0,1.0,0,178,0,0.89,0.3782066889704667,-0.7000860963351349,3.0690509587125634,0.02571851096858007,0.03218772167566308,0.10182200485113062,1.7025693560482815,0.9491305544904176,0.3456770963908377,0.4305131138427187,0.9970531153700245,1.0488540623913405,0.9634423563349951,-2.2682041487505713
335,30335,30335,30335,6a22834,ckpt_sac_full_00349944,0,1,0,timeout,200,402.2607920753122,nan,nan,-1,1,30.0,0.45,20.0,1.0,25,1,200,0.002,100,10.0,1.0,0,191,0,0.955,0.31960082233643555,-0.7062299930919137,-3.094981533009552,0.026152512989509036,0.03691388429316844,0.03664380675307231,1.897629545028596,1.049698158878904,0.3895625362388626,0.41318016283244624,1.0519968978782341,1.101904247284825,1.0125933259177784,28.49373909300988
336,30336,30336,30336,6a22834,ckpt_sac_full_00349944,0,1,0,timeout,200,293.56129777855887,nan,nan,-1,1,30.0,0.45,20.0,1.0,25,1,200,0.002,100,10.0,1.0,0,177,0,0.885,0.38886559618288274,-0.2935564071740611,0.2996692162294212,0.025030021542281754,0.03889265246180407,0.06265118331699185,0.8869237492713228,1.1897047013653261,0.3365098813068343,0.6166715832046196,0.9391753479161306,0.959670214352337,0.9835301595004176,10.784372929600625
337,30337,30337,30337,6a22834,ckpt_sac_full_00349944,0,0,0,unsafe,33,259.775147920888,nan,nan,-1,0,30.0,0.45,20.0,1.0,25,1,200,0.002,100,10.0,1.0,0,25,0,0.7575757575757576,0.3276021779221324,-0.3475759358984088,1.4411097282117922,0.023083328289746543,0.03354823461860281,0.09654760286405939,1.3400539265764169,0.8149642677033558,0.38846683759590767,0.3721798179563148,1.0610383996150294,0.9720035787238698,0.841529260136938,-42.429194463696675
338,30338,30338,30338,6a22834,ckpt_sac_full_00349944,0,1,0,unsafe,26,248.76639198981889,nan,nan,-1,1,30.0,0.45,20.0,1.0,25,1,200,0.002,100,10.0,1.0,0,20,0,0.7692307692307693,0.3163069191479567,-0.46280332947189634,2.9145865410557485,0.02466913310543649,0.03569631333138303,0.08163760602460646,1.482078750633541,1.3664116843402996,0.3539270611707463,0.28793907706992855,1.0401240895673065,1.0111823688784658,1.0181751122432572,-16.142185122410943
339,30339,30339,30339,6a22834,ckpt_sac_full_00349944,0,0,0,timeout,200,409.17652382543423,nan,nan,-1,1,30.0,0.45,20.0,1.0,25,1,200,0.002,100,10.0,1.0,0,177,0,0.885,0.38611718690043006,-0.42301292575273536,2.0301410745744155,0.022020405285975334,0.0330482655266589,0.05950505361216175,1.245678759370746,0.9645115459354925,0.383527364966137,0.6945860225122713,0.9992875257839727,1.0537339639643128,1.0603319128340547,1.3989199584959964
340,30340,30340,30340,6a22834,ckpt_sac_full_00349944,0,1,0,timeout,200,330.3761590220271,nan,nan,-1,1,30.0,0.45,20.0,1.0,25,1,200,0.002,100,10.0,1.0,0,186,0,0.93,0.3052757324618709,-0.7108961709681512,-0.4743235430167432,0.027212885840720787,0.03594735898539172,0.11745152585498889,1.6628178594214196,0.6667445319600351,0.3716512734160492,0.2844037991696992,1.0353852963135335,1.019490027294697,1.2144450169246688,-0.8990873263868827
341,30341,30341,30341,6a22834,ckpt_sac_full_00349944,1,1,0,success,150,25.902169160758728,62.757985423145534,41.64560472094064,128,1,30.0,0.45,20.0,1.0,25,1,200,0.002,100,10.0,1.0,0,93,0,0.62,0.31462220906621663,-0.5538520261478568,-0.292565479601377,0.024376018878253043,0.037838634817687324,0.08889583927822352,1.3615991906879463,0.89084805865286,0.37379576941247716,0.6691361791922236,1.0649430295597884,1.053396618535772,0.991743355376085,263.91971114154944
342,30342,30342,30342,6a22834,ckpt_sac_full_00349944,0,1,0,unsafe,28,369.94659458397655,nan,nan,-1,0,30.0,0.45,20.0,1.0,25,1,200,0.002,100,10.0,1.0,0,12,0,0.42857142857142855,0.35144468530418216,-0.40646421250811726,1.7654082580057642,0.02545942784433648,0.030334395799442204,0.11398572474397702,1.355234597226306,0.9245007492831229,0.36384818692943544,0.6803032643302843,1.0669546831899364,1.0623388970178584,1.0566495709940886,-13.88808821732359
343,30343,30343,30343,6a22834,ckpt_sac_full_00349944,0,1,0,timeout,200,500.1468867915157,nan,nan,-1,0,30.0,0.45,20.0,1.0,25,1,200,0.002,100,10.0,1.0,0,185,0,0.925,0.380646942084819,-0.5813323154904592,0.22860393124341183,0.021833832882783667,0.03645620215144332,0.06445097168978406,1.330112718775624,1.206828316776707,0.35453802851385385,0.2852014393704907,0.9351439966096461,1.043928002648375,1.2178053830315878,5.779872456755203
344,30344,30344,30344,6a22834,ckpt_sac_full_00349944,0,0,0,timeout,200,365.77113782079437,nan,nan,-1,1,30.0,0.45,20.0,1.0,25,1,200,0.002,100,10.0,1.0,0,188,0,0.94,0.3349795476096567,-0.5108764342232108,-0.39033755094623945,0.022035920057751436,0.033222004739599784,0.0646003935508846,0.953230946877086,0.7820855856986034,0.3178318037464907,0.7081720948654648,1.0194841482958665,0.9874442509537452,0.9763917955181985,-0.005927639848589496
345,30345,30345,30345,6a22834,ckpt_sac_full_00349944,0,1,0,timeout,200,368.694682820515,nan,nan,-1,1,30.0,0.45,20.0,1.0,25,1,200,0.002,100,10.0,1.0,0,179,0,0.895,0.33232673354092135,-0.5258357121289678,-0.229447593295248,0.0234611578064919,0.03804030761744308,0.04017617307580913,1.2370936090549531,1.0526794856455348,0.35844705038063424,0.6919755227478404,0.980978744163418,1.0395073843001021,1.0621086426117128,22.827111184413607
346,30346,30346,30346,6a22834,ckpt_sac_full_00349944,0,0,0,timeout,200,383.47159012953676,nan,nan,-1,0,30.0,0.45,20.0,1.0,25,1,200,0.002,100,10.0,1.0,0,183,0,0.915,0.3640944713568995,-0.5069604732652373,-0.49102801364738147,0.026574633308933202,0.03212763143477684,0.0658032673277597,1.4549443562968,0.897425478244566,0.33862050104381,0.6461381591419717,1.0468623520361795,1.0570634671663917,1.025606752690381,-3.3109675617541554
347,30347,30347,30347,6a22834,ckpt_sac_full_00349944,0,0,0,timeout,200,311.8980475607275,nan,nan,-1,1,30.0,0.45,20.0,1.0,25,1,200,0.002,100,10.0,1.0,0,176,0,0.88,0.31813862727073355,-0.5701279265598742,-2.1297186383911453,0.02177474402285269,0.029804243807062435,0.035792371234301304,1.327440341961191,1.1355652806187682,0.3319356757793309,0.5277834567713192,1.019042291535434,1.050807005758977,1.2786670298440557,-2.7097569448856773
348,30348,30348,30348,6a22834,ckpt_sac_full_00349944,0,0,0,unsafe,33,268.5620913725236,nan,nan,-1,0,30.0,0.45,20.0,1.0,25,1,200,0.002,100,10.0,1.0,0,25,0,0.7575757575757576,0.312578363093577,-0.693316105803988,2.6620311689395963,0.02177761605321206,0.03915096111379822,0.05709035864103999,1.3012759131279994,0.7998616790028676,0.3601839216229969,0.23817702927388817,0.9659025732635635,1.0487674922453842,0.9789685426474022,-39.64896326819217
349,30349,30349,30349,6a22834,ckpt_sac_full_00349944,0,1,0,unsafe,22,258.92313995720605,nan,nan,-1,1,30.0,0.45,20.0,1.0,25,1,200,0.002,100,10.0,1.0,0,12,0,0.5454545454545454,0.35393656942804846,-0.33541808055896877,2.1927113184379374,0.024514985659525017,0.03364436785449817,0.08916133059764039,0.833870647477529,1.1943147627909665,0.35269119673182775,0.41027785074703915,1.1382656186827356,1.0161963290032459,0.9616554212923998,-17.047580252256196
350,30350,30350,30350,6a22834,ckpt_sac_full_00349944,0,0,0,unsafe,36,325.7179374555653,nan,nan,-1,1,30.0,0.45,20.0,1.0,25,1,200,0.002,100,10.0,1.0,0,25,0,0.6944444444444444,0.32667011716300465,-0.5912901689432796,-1.473609087472755,0.025780501846914234,0.039479893437192555,0.04375660553661882,0.9817780177325284,1.2462027963813394,0.3791662526339917,0.3491972463444104,0.9767624685578962,1.011322635122312,0.9255512426779188,-41.74424628409234
351,30351,30351,30351,6a22834,ckpt_sac_full_00349944,0,0,0,unsafe,33,272.1273608464107,nan,nan,-1,0,30.0,0.45,20.0,1.0,25,1,200,0.002,100,10.0,1.0,0,16,0,0.48484848484848486,0.3079200246429386,-0.551806410270361,2.6356924757573497,0.02618765251630962,0.03899782455953083,0.1049010955758615,0.985297888208969,1.2172549333792893,0.319573446887325,0.34393539983330174,1.0165622045544358,0.979464743232812,0.9441564780911158,-39.32438831665547
352,30352,30352,30352,6a22834,ckpt_sac_full_00349944,0,0,0,timeout,200,227.9734587535491,nan,nan,-1,1,30.0,0.45,20.0,1.0,25,1,200,0.002,100,10.0,1.0,0,156,0,0.78,0.31473582718246823,-0.3335098220161862,-2.0470505589516916,0.027587472485367644,0.03901741890549514,0.10724551566599436,1.5648697585743607,0.9107643192189497,0.3347074158526764,0.43290102813646386,1.0779283619011473,1.073768558229507,0.9142110856703798,-15.79084896888483
353,30353,30353,30353,6a22834,ckpt_sac_full_00349944,0,1,0,timeout,200,256.5739710606884,nan,nan,-1,1,30.0,0.45,20.0,1.0,25,1,200,0.002,100,10.0,1.0,0,170,0,0.85,0.3665289419960163,-0.5127804954295092,0.8491459402761317,0.02547430373985522,0.031101938002473316,0.11534677281420197,1.4891337808033853,1.1686458455318918,0.37880798171053287,0.29443040422042316,0.9898633213246019,0.9872293393850204,1.0132181616220444,8.541534111039232
354,30354,30354,30354,6a22834,ckpt_sac_full_00349944,0,0,0,unsafe,30,285.4287686885956,nan,nan,-1,0,30.0,0.45,20.0,1.0,25,1,200,0.002,100,10.0,1.0,0,23,0,0.7666666666666667,0.31655611730618927,-0.6132245964752808,-0.9389811189806236,0.0212561182967413,0.03897286103808306,0.11813213215195922,1.9900022315779327,1.225078769102861,0.3397890115216376,0.28255415773744563,0.9665078908557546,1.0063101132222028,0.9878676241002585,-39.55372078548564
355,30355,30355,30355,6a22834,ckpt_sac_full_00349944,0,0,0,unsafe,26,298.1897389756316,nan,nan,-1,0,30.0,0.45,20.0,1.0,25,1,200,0.002,100,10.0,1.0,0,12,0,0.46153846153846156,0.3504743266693648,-0.32364439132118866,-3.0847579844049275,0.0238872454239386,0.03743338523364335,0.11950910958516305,1.4075479366497392,0.620925004594869,0.3115812522597941,0.5970736679133914,0.966309519335019,0.9778629202621224,0.8721770811647873,-42.42501283596088
356,30356,30356,30356,6a22834,ckpt_sac_full_00349944,0,1,0,timeout,200,336.68800972744924,nan,nan,-1,1,30.0,0.45,20.0,1.0,25,1,200,0.002,100,10.0,1.0,0,181,0,0.905,0.34413041565408925,-0.646033964797366,-1.3614242622826542,0.025267228063949317,0.03687680301418365,0.09085378108387693,1.9366712370202905,0.8348681855803131,0.315923899152448,0.3797035531446091,1.0469176786263523,1.061757340862844,0.9862570107284079,-16.578208030578224
357,30357,30357,30357,6a22834,ckpt_sac_full_00349944,0,1,0,unsafe,26,254.7052283891385,nan,nan,-1,1,30.0,0.45,20.0,1.0,25,1,200,0.002,100,10.0,1.0,0,19,0,0.7307692307692307,0.31528148212377155,-0.3175294241949433,-0.7580920346641764,0.021494562723819326,0.03713919990053946,0.071532743380857,1.686121358411829,0.6488771349841566,0.31806215144336647,0.4939131262730784,1.0719448715680884,0.9374255445742133,1.0125382699702423,-15.534873947894782
358,30358,30358,30358,6a22834,ckpt_sac_full_00349944,0,0,0,timeout,200,414.47630329292156,nan,nan,-1,1,30.0,0.45,20.0,1.0,25,1,200,0.002,100,10.0,1.0,0,184,0,0.92,0.33797634927177156,-0.6670200656112175,1.5705349199954606,0.026168082736252176,0.03031775981350605,0.053237764673408065,1.0637795644635568,0.8281672462964479,0.3132429878747223,0.5802939123349914,1.1372728076190413,1.053221863193315,1.2908033769597707,0.4647877653652874
359,30359,30359,30359,6a22834,ckpt_sac_full_00349944,0,0,0,timeout,200,267.3165772755256,nan,nan,-1,1,30.0,0.45,20.0,1.0,25,1,200,0.002,100,10.0,1.0,0,187,0,0.935,0.3220500588946209,-0.6392860523663383,-0.04117302150025948,0.022542112325960623,0.03902230955451375,0.11515449792874097,0.8652533137564458,1.3606788484158936,0.37341288635727865,0.1826382375924916,1.0379602938162238,0.978492106036408,0.9459846548176134,-1.6664106295005314
360,30360,30360,30360,6a22834,ckpt_sac_full_00349944,0,1,0,timeout,200,280.84879500226504,nan,nan,-1,1,30.0,0.45,20.0,1.0,25,1,200,0.002,100,10.0,1.0,0,184,0,0.92,0.34198011828885655,-0.5156572849918962,-2.452354239517412,0.02474851426879418,0.030772646286813667,0.06686385864295996,1.0279063617256115,1.0053317389515841,0.3734091916120278,0.3952159595399959,1.0514795809563857,0.9856499755770294,0.9145369593303339,24.46036678184171
361,30361,30361,30361,6a22834,ckpt_sac_full_00349944,0,0,0,timeout,200,207.60788912680007,nan,nan,-1,1,30.0,0.45,20.0,1.0,25,1,200,0.002,100,10.0,1.0,0,165,0,0.825,0.3578985524029555,-0.20882150997453863,-1.1049175676388798,0.02100265777694099,0.034599756831220754,0.035115141562912185,1.6649950677458423,0.7880513626066268,0.38063541017669633,0.636010275246112,1.0055042480744825,1.116962496389606,1.0040621645823158,-17.95011055568919
362,30362,30362,30362,6a22834,ckpt_sac_full_00349944,0,0,0,timeout,200,122.587179467784,nan,nan,-1,1,30.0,0.45,20.0,1.0,25,1,200,0.002,100,10.0,1.0,0,170,0,0.85,0.3411278181248136,-0.36303371052002326,-1.2655055613076442,0.027217610823008942,0.030948256574390008,0.07088094118203088,1.4419502945581537,0.9741131435515002,0.3343482474290884,0.1985794161493213,1.030654515752903,1.1774514858803697,1.0297309065379103,-25.695414195240854
363,30363,30363,30363,6a22834,ckpt_sac_full_00349944,0,1,0,timeout,200,272.61299428738215,nan,nan,-1,1,30.0,0.45,20.0,1.0,25,1,200,0.002,100,10.0,1.0,0,184,0,0.92,0.3080181252165525,-0.38337041902444496,-1.1323357106748748,0.020890955872322772,0.037359168654529415,0.08977916448289197,1.2740494737637569,0.9965661556332219,0.3239929580358728,0.6672012393572113,1.0468495302592118,1.0253826357882632,1.0647000611908846,23.222540646234428
364,30364,30364,30364,6a22834,ckpt_sac_full_00349944,0,0,0,timeout,200,155.44993299604582,nan,nan,-1,1,30.0,0.45,20.0,1.0,25,1,200,0.002,100,10.0,1.0,0,178,0,0.89,0.36457011865778255,-0.18640075095884812,-2.473547753608285,0.021205150008168555,0.03243115739726658,0.05768444988968458,1.6466009454997648,1.1766177475612905,0.3519254354759877,0.31746236071801526,1.098020810380912,1.0739665673799859,1.010835904722852,-42.207016647255045
365,30365,30365,30365,6a22834,ckpt_sac_full_00349944,1,1,1,success,68,21.6890428421181,13.095468434934478,8.80069821024662,63,1,30.0,0.45,20.0,1.0,25,1,200,0.002,100,10.0,1.0,0,50,0,0.7352941176470589,0.37401443419393565,-0.4359145904705373,-2.440535088860103,0.0222698931450768,0.03486919903361359,0.09994793117435063,1.1494965404131765,1.282350467955515,0.3391621582430712,0.44862546177452506,1.0028680003731245,1.014239460880027,1.1272388006018614,286.5480082528662
366,30366,30366,30366,6a22834,ckpt_sac_full_00349944,0,1,0,timeout,200,294.040352446991,nan,nan,-1,1,30.0,0.45,20.0,1.0,25,1,200,0.002,100,10.0,1.0,0,177,0,0.885,0.31698362785218,-0.42362524869853946,-0.12942590305479085,0.02711417121514234,0.03066265212267237,0.056573670767026255,1.1637103397963495,0.7968967998409177,0.3036758173991413,0.392457606778679,1.0070518303886158,0.969654861452212,0.8279387782286739,17.0817756706216
367,30367,30367,30367,6a22834,ckpt_sac_full_00349944,0,1,0,unsafe,24,276.4493358566966,nan,nan,-1,0,30.0,0.45,20.0,1.0,25,1,200,0.002,100,10.0,1.0,0,17,0,0.7083333333333334,0.34429778353991886,-0.3348014427334168,-0.7877635033251598,0.02318967719069566,0.03098222560407825,0.11130631828056918,0.8020547391857612,0.6885386460452574,0.3273995234447979,0.5067347925473161,0.9606314982335603,1.0273670624635363,0.8745179616770767,-17.447590867583777
368,30368,30368,30368,6a22834,ckpt_sac_full_00349944,1,1,0,success,98,42.7168490912399,92.78424986640492,41.725448991458556,74,1,30.0,0.45,20.0,1.0,25,1,200,0.002,100,10.0,1.0,0,63,0,0.6428571428571429,0.3151555151078876,-0.3492756291095599,0.7580132719018371,0.024159965846864254,0.03190632856462208,0.08255431441750448,1.4792281775428258,1.0333458026065179,0.3415522056321413,0.7186366579784446,1.1056240763245735,1.0645187346271154,0.8236910392584295,237.02587063372465
369,30369,30369,30369,6a22834,ckpt_sac_full_00349944,0,0,0,timeout,200,414.6871758914587,nan,nan,-1,1,30.0,0.45,20.0,1.0,25,1,200,0.002,100,10.0,1.0,0,181,0,0.905,0.3541767861607312,-0.4872781424189223,2.632097250334083,0.023557314769869275,0.03741504827389519,0.033160390076878744,1.5743423881110699,1.047822083038838,0.37486268944749523,0.57433460494165,1.123298331595404,0.9422605891809859,1.0751728448344822,3.0819175459650996
370,30370,30370,30370,6a22834,ckpt_sac_full_00349944,0,1,0,timeout,200,361.10022577173567,nan,nan,-1,1,30.0,0.45,20.0,1.0,25,1,200,0.002,100,10.0,1.0,0,187,0,0.935,0.36033705778781894,-0.5954000456255049,1.7250301766059666,0.02255124523092393,0.031495956600231016,0.08890245239079034,0.8454834873442891,0.8347826386777568,0.38104135945942436,0.5075598018755055,1.033783820218486,0.9446928600916833,0.9621012959127331,28.963422276374278
371,30371,30371,30371,6a22834,ckpt_sac_full_00349944,0,1,0,timeout,200,257.0911704227229,nan,nan,-1,1,30.0,0.45,20.0,1.0,25,1,200,0.002,100,10.0,1.0,0,190,0,0.95,0.35977962249499756,-0.21859571365898756,-2.043670378334549,0.023491647606016037,0.032757417382376516,0.09304207111962783,1.090429536742326,1.0322403825926003,0.3824069571831368,0.47404698363765263,0.9900237914864464,1.0275565352573721,0.911239230742491,22.70449810032613
372,30372,30372,30372,6a22834,ckpt_sac_full_00349944,0,0,0,timeout,200,190.41193964945097,nan,nan,-1,1,30.0,0.45,20.0,1.0,25,1,200,0.002,100,10.0,1.0,0,150,0,0.75,0.30676221270048476,-0.191494416549556,-0.782689977437232,0.02168409393071703,0.03439489471407963,0.08690891669256404,1.766824622124979,0.8042893145797442,0.31755822966281055,0.43322332679136166,0.9806964212840482,1.1205862691842936,1.048390565530839,-11.867906419686767
373,30373,30373,30373,6a22834,ckpt_sac_full_00349944,1,1,0,success,136,36.46592993480412,52.48206556226126,20.906026909558637,87,1,30.0,0.45,20.0,1.0,25,1,200,0.002,100,10.0,1.0,0,109,0,0.8014705882352942,0.3782107921100086,-0.587102308599555,-0.8475222485069365,0.025904265149420323,0.03965736935611745,0.09155750203335153,1.214266118476492,0.7090903441829871,0.30061757958242497,0.5420688770113672,0.9476409354468124,1.0216642204537378,0.9759667189373579,268.7195061772792
374,30374,30374,30374,6a22834,ckpt_sac_full_00349944,0,1,0,timeout,200,366.97151060624026,nan,nan,-1,1,30.0,0.45,20.0,1.0,25,1,200,0.002,100,10.0,1.0,0,190,0,0.95,0.3253362356306479,-0.2821660364225142,2.5456528741166933,0.02434192527923747,0.03680979991258892,0.08216791025122885,1.0684057346721194,1.023653842550789,0.35867674056039456,0.6072104712556885,0.9773052302050411,1.0483650633257482,1.1725311662301912,-15.90437630610621
375,30375,30375,30375,6a22834,ckpt_sac_full_00349944,0,1,0,timeout,200,80.72668992522107,128.56033740357614,58.53795799263316,62,0,30.0,0.45,20.0,1.0,25,1,200,0.002,100,10.0,1.0,1,166,0,0.83,0.37080131609652955,-0.4156098431842549,1.1834549489801542,0.025961776745084757,0.03869679912544646,0.0517075756762774,0.9139184895651602,1.1278006541448495,0.37794811014009794,0.5864102135872516,0.9615475582629797,0.9875096238572836,0.9215487901859314,14.673987940438808
376,30376,30376,30376,6a22834,ckpt_sac_full_00349944,0,0,0,object_lost,101,589.2424098490435,nan,nan,-1,0,30.0,0.45,20.0,1.0,25,1,200,0.002,100,10.0,1.0,0,89,0,0.8811881188118812,0.34936815319681336,-0.20729545153310314,-0.2934254917786281,0.021856695266724985,0.03764666185541015,0.08828417486591365,1.4588588077973488,1.164093333268505,0.37622712249700807,0.680536677700766,1.070672041659779,1.039322971077119,0.8234748173565465,-186.6127731907818
377,30377,30377,30377,6a22834,ckpt_sac_full_00349944,1,1,1,success,188,29.674311033230502,26.48486204135477,3.4864772942206854,183,1,30.0,0.45,20.0,1.0,25,1,200,0.002,100,10.0,1.0,0,171,0,0.9095744680851063,0.3894268812894417,-0.7115926979202091,-2.8251680705304656,0.02463800048428954,0.03511347715695711,0.03607125050654375,1.6334951283934047,1.0285327752911717,0.3490278020390739,0.20738987045284948,1.0192807921944318,1.0555884085647025,1.0533743908720654,266.41347563525
378,30378,30378,30378,6a22834,ckpt_sac_full_00349944,0,0,0,timeout,200,175.2740339805543,nan,nan,-1,1,30.0,0.45,20.0,1.0,25,1,200,0.002,100,10.0,1.0,0,179,0,0.895,0.3116031064617206,-0.2558772651719219,1.1136169336869068,0.02122576832284887,0.03594944742717971,0.1113741315534524,1.9526761202086131,0.7456014168427936,0.36310448058590733,0.3002398559762877,0.9968241329226707,0.9915471861972621,1.1724635113846804,-6.018632855042625
379,30379,30379,30379,6a22834,ckpt_sac_full_00349944,1,1,0,success,93,39.89708698908133,27.418447877725946,7.355221552131985,84,1,30.0,0.45,20.0,1.0,25,1,200,0.002,100,10.0,1.0,0,67,0,0.7204301075268817,0.38730000634258666,-0.556942369339253,0.09482844128108514,0.02260184323207699,0.035986595368475476,0.06729951298703328,1.745239602886168,1.063662853489285,0.3234320233691036,0.45025706156248896,0.9833357325955115,0.9858781336698925,0.9975728868357989,248.08653032502093
380,30380,30380,30380,6a22834,ckpt_sac_full_00349944,0,0,0,timeout,200,75.9883847470487,nan,nan,-1,1,30.0,0.45,20.0,1.0,25,1,200,0.002,100,10.0,1.0,0,191,0,0.955,0.35804661695350604,-0.1701064493714245,0.5363330807809712,0.021499791764034434,0.0374614233340577,0.08279714363383811,0.9096009126185466,1.0990345307001192,0.32731630206419693,0.276907197305301,1.0252253999949614,1.0152079572651826,1.113672949808786,-5.051452140459223
381,30381,30381,30381,6a22834,ckpt_sac_full_00349944,1,1,0,success,85,42.55915687765288,112.63805459647327,63.354626974451044,50,1,30.0,0.45,20.0,1.0,25,1,200,0.002,100,10.0,1.0,2,54,0,0.6352941176470588,0.3111763863309758,-0.2700695387901112,-0.03317622371473394,0.02306732248603394,0.038334444655067565,0.0438656434959666,1.75128847832355,0.7460496593404528,0.30049263148934574,0.5628050411237162,0.9831696875287435,1.0663197330937793,1.0828850637200458,268.74319459179895
382,30382,30382,30382,6a22834,ckpt_sac_full_00349944,0,1,0,unsafe,28,233.7505577430966,nan,nan,-1,1,30.0,0.45,20.0,1.0,25,1,200,0.002,100,10.0,1.0,0,21,0,0.75,0.3154705131393334,-0.4986235621286299,2.5773463205503546,0.02708462792501263,0.03976104211037562,0.1172345407296288,0.8156762597542565,1.2642560043081215,0.35887032354851006,0.19779000328041374,1.0924650765327872,1.0144671530173763,0.986483903078726,-40.2031434545536
383,30383,30383,30383,6a22834,ckpt_sac_full_00349944,0,0,0,unsafe,37,195.06938090782702,nan,nan,-1,0,30.0,0.45,20.0,1.0,25,1,200,0.002,100,10.0,1.0,0,31,0,0.8378378378378378,0.31198813300352957,-0.3373383847907699,-0.23299619481822909,0.020437370713601705,0.034664858090693904,0.05582608010846819,1.6207305688212594,0.9996923600193444,0.30030668256201043,0.30454277588441614,1.079502618025259,0.9835508977109153,1.1108423122779172,-42.12515535273947
384,30384,30384,30384,6a22834,ckpt_sac_full_00349944,0,0,0,unsafe,31,319.9336091375,nan,nan,-1,1,30.0,0.45,20.0,1.0,25,1,200,0.002,100,10.0,1.0,0,18,0,0.5806451612903226,0.31270361445243766,-0.6358679039736786,-0.6263019456885814,0.02490291302149284,0.03358866278177164,0.0971057910263691,1.1791826057689898,0.9849171863585102,0.31335537534568575,0.43241922681925793,1.0660352166301494,1.0874139323888694,0.9776676888771297,-41.25065509950979
385,30385,30385,30385,6a22834,ckpt_sac_full_00349944,0,0,0,timeout,200,224.8591531427347,nan,nan,-1,1,30.0,0.45,20.0,1.0,25,1,200,0.002,100,10.0,1.0,0,165,0,0.825,0.34098381876047396,-0.307102384627022,1.4005316769097247,0.02439281923442045,0.0357226954423258,0.08834128190910193,1.3782137019355418,1.3586924552675248,0.37018845404104606,0.4000730199417169,0.9655190776349987,0.995926995288582,0.9162186501942642,-9.68335816497563
386,30386,30386,30386,6a22834,ckpt_sac_full_00349944,0,1,0,timeout,200,307.2119026344023,nan,nan,-1,1,30.0,0.45,20.0,1.0,25,1,200,0.002,100,10.0,1.0,0,192,0,0.96,0.3735766086935882,-0.30848092153429374,2.4519240573460044,0.02727310645263276,0.030753599987566372,0.11583582556889237,1.5028641748219926,0.9797927556164601,0.3152332215462072,0.5495858105832984,1.0236298692652086,0.97323558694481,1.1645557811667038,-2.270079482309516
387,30387,30387,30387,6a22834,ckpt_sac_full_00349944,0,1,0,timeout,200,259.16349620933426,nan,nan,-1,1,30.0,0.45,20.0,1.0,25,1,200,0.002,100,10.0,1.0,0,193,0,0.965,0.3278445393779366,-0.618683005038939,-1.4714557121006067,0.020899572231074044,0.031032742267676473,0.03222615866819441,1.8616396378006526,0.6062827170944123,0.3361604210447208,0.17060915124828593,1.0269823603012607,1.0232986997179656,1.0662003907617024,0.4962847517974067
388,30388,30388,30388,6a22834,ckpt_sac_full_00349944,1,1,1,success,76,20.547081408910092,28.814675989649132,9.66886351607398,67,1,30.0,0.45,20.0,1.0,25,1,200,0.002,100,10.0,1.0,0,61,0,0.8026315789473685,0.32970601233419233,-0.30381256390543215,0.8633428416790219,0.02363269204818482,0.03973721579963991,0.10921044003679015,0.8844958531774509,1.116414382752056,0.3153797439926787,0.47412343115121597,1.0834206980896801,0.9711955688473639,1.3135004504688883,277.2654508179735
389,30389,30389,30389,6a22834,ckpt_sac_full_00349944,0,1,0,timeout,200,295.0081993919517,nan,nan,-1,1,30.0,0.45,20.0,1.0,25,1,200,0.002,100,10.0,1.0,0,193,0,0.965,0.3098024383452969,-0.6712913873641332,-2.4654854775196164,0.02394751298849932,0.03552818371755728,0.10008329874315251,0.8301775422356279,0.6966774782417923,0.38863948067753873,0.22833006801705796,0.9906203379791598,1.011368080136672,1.0685333534832275,-1.976835738393489
390,30390,30390,30390,6a22834,ckpt_sac_full_00349944,0,1,0,timeout,200,246.3307198695785,nan,nan,-1,1,30.0,0.45,20.0,1.0,25,1,200,0.002,100,10.0,1.0,0,183,0,0.915,0.35551827074077214,-0.17575575689747047,-2.676978969766389,0.024161475111318293,0.038226256230980145,0.07189028682628845,1.292738348988288,0.6718730177647194,0.3852268953684513,0.6312072030610935,0.9617439217238392,0.9791441982954214,1.0559805517860745,16.599062506144783
391,30391,30391,30391,6a22834,ckpt_sac_full_00349944,0,0,0,timeout,200,344.0225678980585,nan,nan,-1,1,30.0,0.45,20.0,1.0,25,1,200,0.002,100,10.0,1.0,0,187,0,0.935,0.3833489184019261,-0.6704515171551428,1.4738186233941075,0.026090555806224557,0.0343692089909777,0.06130917827198763,0.844129437014905,0.8604879819947246,0.3149384020720614,0.33627780708628907,1.033357702621595,1.0478219388512475,1.0444085504107192,-6.794431787290483
392,30392,30392,30392,6a22834,ckpt_sac_full_00349944,0,1,0,timeout,200,305.22713629424896,nan,nan,-1,1,30.0,0.45,20.0,1.0,25,1,200,0.002,100,10.0,1.0,0,178,0,0.89,0.37452641710875145,-0.3037851169557032,-1.5759176635923833,0.023217542782885743,0.03574553404256659,0.035306838705504565,0.87586985615015,0.6608619296331816,0.3518780996174498,0.6516551531326233,1.0106681798190522,0.9901185370573317,1.1134030334755238,21.713737018106066
393,30393,30393,30393,6a22834,ckpt_sac_full_00349944,0,1,0,timeout,200,149.77766586657418,nan,nan,-1,1,30.0,0.45,20.0,1.0,25,1,200,0.002,100,10.0,1.0,0,169,0,0.845,0.3496870952891168,-0.30188654175025537,0.47242854749301566,0.022705063975122168,0.03591723298953868,0.05483397036198992,1.0447749873661156,1.2808197783982391,0.3331098421146214,0.17291363698342327,1.0670787737198197,1.1117244651490084,1.064966481711314,8.771561101724322
394,30394,30394,30394,6a22834,ckpt_sac_full_00349944,0,1,0,timeout,200,63.21032436320467,49.532035642038686,21.002899969233987,63,0,30.0,0.45,20.0,1.0,25,1,200,0.002,100,10.0,1.0,0,172,0,0.86,0.38666282208371794,-0.3780069800851172,-1.2015006564204178,0.022797816294011473,0.03417987649070211,0.06134439750058744,1.2330648272358762,0.724525990007117,0.31929824588154515,0.5487311760855942,0.9910900475056295,1.062160684545543,1.1240499765517802,22.58352605606901
395,30395,30395,30395,6a22834,ckpt_sac_full_00349944,0,0,0,timeout,200,460.6176463670978,nan,nan,-1,1,30.0,0.45,20.0,1.0,25,1,200,0.002,100,10.0,1.0,0,165,0,0.825,0.3471293353659704,-0.6110064671755513,0.5444657908353472,0.0249978267893844,0.03581230011220471,0.11926465975175901,1.3795505872236231,1.09505130344235,0.3556233809273794,0.5979573244081352,0.9701671839018049,0.9855649464102644,1.115085529157763,0.08990389112937285
396,30396,30396,30396,6a22834,ckpt_sac_full_00349944,0,0,0,timeout,200,346.28121681527097,nan,nan,-1,1,30.0,0.45,20.0,1.0,25,1,200,0.002,100,10.0,1.0,0,191,0,0.955,0.38153148479274585,-0.6691877142700006,0.4229519566070188,0.02384357798832303,0.035992469160010136,0.09186920030387241,0.847043852090815,1.003102485095587,0.31045757174638866,0.38450290486034555,1.0156704744691805,1.0795938580696087,1.1382129458135664,0.9144717638344425
397,30397,30397,30397,6a22834,ckpt_sac_full_00349944,0,0,0,timeout,200,343.99084403346984,nan,nan,-1,1,30.0,0.45,20.0,1.0,25,1,200,0.002,100,10.0,1.0,0,183,0,0.915,0.34364576939582864,-0.6365236524901874,-2.6730070087155022,0.022354192024602395,0.0375477747873522,0.07699195645115128,1.7487497188836079,0.7633874988443261,0.3657193503752194,0.4078423853115393,1.0808728388966973,1.0250171242532695,1.1634467409500324,0.7128336923939247
398,30398,30398,30398,6a22834,ckpt_sac_full_00349944,0,0,0,timeout,200,343.50663074918015,nan,nan,-1,1,30.0,0.45,20.0,1.0,25,1,200,0.002,100,10.0,1.0,0,180,0,0.9,0.35109872458668784,-0.437243620063272,-3.013618283071665,0.02048565188375996,0.03494474740275036,0.09337651066527967,1.7841782314968373,0.9063464759989648,0.37957349632393855,0.5076249913560774,1.0138370737298532,0.941167734262461,1.0750167119291398,1.6083849480032624
399,30399,30399,30399,6a22834,ckpt_sac_full_00349944,1,1,0,success,96,8.522924237630333,57.62472972110417,38.70458936177636,64,1,30.0,0.45,20.0,1.0,25,1,200,0.002,100,10.0,1.0,0,70,0,0.7291666666666666,0.3692507923595856,-0.25612219502664,0.6788632469621341,0.023992276641730304,0.03963417984918875,0.11265262976358362,1.544856193281295,1.1737700037136414,0.33974817425414316,0.6723360140998543,1.056230117971758,1.1265965958285333,0.7556159069180748,243.05714313959834
400,30400,30400,30400,6a22834,ckpt_sac_full_00349944,0,1,0,timeout,200,408.6723437128628,nan,nan,-1,1,30.0,0.45,20.0,1.0,25,1,200,0.002,100,10.0,1.0,0,177,0,0.885,0.3382800309509366,-0.5719321159198025,2.9425767107295293,0.024979034601364098,0.03051850643088344,0.09465385561197003,1.0498385142213018,1.1049973501845058,0.3527616617201413,0.6913817201817924,1.0699132432865315,1.1091651387089172,0.8919455668530368,27.2024745919825
401,30401,30401,30401,6a22834,ckpt_sac_full_00349944,1,1,1,success,81,36.185928304240974,31.73905445156245,9.217195076300689,73,1,30.0,0.45,20.0,1.0,25,1,200,0.002,100,10.0,1.0,0,64,0,0.7901234567901234,0.36930279692233026,-0.6760480625615649,-1.523912275609236,0.025951333293098948,0.03938303614374162,0.07507100396161154,1.8059986917162918,1.0092980469952622,0.3647473994815215,0.42307391709055664,1.0080471287509198,1.002204877144032,1.1228039175077602,288.5168755811131
402,30402,30402,30402,6a22834,ckpt_sac_full_00349944,0,1,0,unsafe,27,354.8846181358242,nan,nan,-1,1,30.0,0.45,20.0,1.0,25,1,200,0.002,100,10.0,1.0,0,19,0,0.7037037037037037,0.3560072160890413,-0.44299004693268795,0.8690030641860744,0.026427719468253882,0.038529206681460766,0.04922278692888915,1.3248066543012715,1.3181803750035948,0.3857305182949661,0.5457996028621981,1.0451652346980267,0.9882217029234049,1.1003869778439492,-16.13741416628875
403,30403,30403,30403,6a22834,ckpt_sac_full_00349944,0,1,0,timeout,200,369.6234673628442,nan,nan,-1,1,30.0,0.45,20.0,1.0,25,1,200,0.002,100,10.0,1.0,0,176,0,0.88,0.316911586779865,-0.6947957148504198,0.5724721719050145,0.02688930568053444,0.03302596292518184,0.06099079782189801,1.109744837967476,1.31351477794559,0.3355105366754224,0.7270592359315899,1.0962717391563295,1.027885229939275,1.1781680561663321,16.427514054706357
404,30404,30404,30404,6a22834,ckpt_sac_full_00349944,0,0,0,timeout,200,271.25196362087854,nan,nan,-1,0,30.0,0.45,20.0,1.0,25,1,200,0.002,100,10.0,1.0,0,191,0,0.955,0.3653213466016622,-0.5567116536820902,0.23153876184674171,0.0273822629991869,0.03470047551012024,0.10908867512129196,1.8774391536063664,1.295630679096087,0.35057811195625743,0.22379353960422674,1.0124329380013801,1.0107906586534228,1.0064558076969727,-4.2368635732382485
405,30405,30405,30405,6a22834,ckpt_sac_full_00349944,0,0,0,timeout,200,317.42836270539476,nan,nan,-1,1,30.0,0.45,20.0,1.0,25,1,200,0.002,100,10.0,1.0,0,193,0,0.965,0.35845379313805575,-0.7252198558407552,2.741350393391171,0.02617704453756524,0.03411669684642966,0.05242170016822541,1.4894531014480328,1.3067270428428128,0.3220713807514004,0.23994720655183951,1.0100700935050615,1.0618740590990228,0.9048449334976771,-1.1179699962819527
406,30406,30406,30406,6a22834,ckpt_sac_full_00349944,0,1,0,timeout,200,198.25102805984343,nan,nan,-1,1,30.0,0.45,20.0,1.0,25,1,200,0.002,100,10.0,1.0,0,185,0,0.925,0.34914763762931744,-0.45770080712386335,-2.696701582087254,0.023047486188979484,0.03252519775487361,0.07327203589445133,0.9622205173682583,0.64565239401512,0.34048162264775456,0.178679627695038,1.0610075376122006,1.0108206616630073,1.1421361988905194,-0.8555315019128196
407,30407,30407,30407,6a22834,ckpt_sac_full_00349944,0,0,0,timeout,200,375.633624096138,nan,nan,-1,1,30.0,0.45,20.0,1.0,25,1,200,0.002,100,10.0,1.0,0,183,0,0.915,0.3420586614637685,-0.5312627388994202,1.6608784718527314,0.027134634295861958,0.0397950948635588,0.05778880383547508,1.179112271161253,0.9549553897211267,0.32328895361844195,0.4449805371889968,0.9690738392934166,1.0261505354969547,1.1079917581806347,-0.10525733001090756
408,30408,30408,30408,6a22834,ckpt_sac_full_00349944,0,0,0,timeout,200,319.268155706014,nan,nan,-1,1,30.0,0.45,20.0,1.0,25,1,200,0.002,100,10.0,1.0,0,185,0,0.925,0.37573856495061786,-0.2904423282520248,-2.4145969376004053,0.020974122008495556,0.03650357333913479,0.11764050046510927,1.4472507770046006,1.052538354120577,0.31012204669968546,0.5982696953586842,1.028818647007679,0.9629700287727869,1.0492309270068132,-3.6196667504042326
409,30409,30409,30409,6a22834,ckpt_sac_full_00349944,1,1,0,success,157,31.740849576543948,66.533699382759,39.98757235216322,118,1,30.0,0.45,20.0,1.0,25,1,200,0.002,100,10.0,1.0,0,110,0,0.7006369426751592,0.32239145920291823,-0.5287617156481439,1.5794730825179348,0.02340844925193986,0.03904301369118523,0.10496601697598175,1.296021142506154,1.038560417721779,0.327303164511051,0.7152277532110635,1.0771467675240887,1.0596301842798876,0.9420266220052531,269.46850250028507
410,30410,30410,30410,6a22834,ckpt_sac_full_00349944,0,0,0,unsafe,27,318.01427803758975,nan,nan,-1,0,30.0,0.45,20.0,1.0,25,1,200,0.002,100,10.0,1.0,0,8,0,0.2962962962962963,0.3582106502792214,-0.267225815470496,-1.9677709703525557,0.026394577870051998,0.03062165530720581,0.10201643034173365,1.309250238684589,0.7652715596946909,0.31719817553768825,0.7059116083339724,1.0675118648574529,1.0139772814088996,1.0330877449724651,-39.79014426671861
411,30411,30411,30411,6a22834,ckpt_sac_full_00349944,0,1,0,unsafe,21,298.2381192227406,nan,nan,-1,1,30.0,0.45,20.0,1.0,25,1,200,0.002,100,10.0,1.0,0,17,0,0.8095238095238095,0.33097619100764775,-0.5229322604819062,2.523547315508253,0.02263641667575063,0.035732151705519744,0.06116099448002231,0.8995264418713678,0.9015740243588836,0.35478060791176,0.3698250636272701,1.0872727568305793,1.0123114704683722,0.9894871593858676,-17.712565904481487
412,30412,30412,30412,6a22834,ckpt_sac_full_00349944,0,0,0,object_lost,183,498.37620360618956,nan,nan,-1,0,30.0,0.45,20.0,1.0,25,1,200,0.002,100,10.0,1.0,0,170,0,0.9289617486338798,0.3017146537098262,-0.3501101488538886,-0.7162605868659226,0.026149345733507166,0.03791999162507437,0.09345720547367599,1.8128712919655412,1.0245264296930663,0.3425375970134525,0.3852563897888595,1.0522924017509927,1.0407864823375008,1.001058146180897,-223.96080706923163
413,30413,30413,30413,6a22834,ckpt_sac_full_00349944,0,1,0,object_lost,194,417.0332944738614,nan,nan,-1,0,30.0,0.45,20.0,1.0,25,1,200,0.002,100,10.0,1.0,0,171,0,0.8814432989690721,0.3333837751617901,-0.19817326087606046,-1.556078178933157,0.026533819250041165,0.04023266032241626,0.0705194783152486,1.1861889724355128,1.393156321634864,0.3040868066945502,0.42460755550213,0.9392181990152558,1.0241830104836398,1.1212264279318802,-171.32493515445822
414,30414,30414,30414,6a22834,ckpt_sac_full_00349944,0,1,0,timeout,200,275.0714413795364,nan,nan,-1,1,30.0,0.45,20.0,1.0,25,1,200,0.002,100,10.0,1.0,0,175,0,0.875,0.3799776733514458,-0.3267516293816445,-0.8566193377228455,0.027197393751761917,0.03851914773274016,0.11690658016236953,1.8614302583752385,1.3317796229012724,0.3032489776744074,0.3396143308036558,1.0244967894643042,0.9711393641684943,0.9936316952049388,11.879430015557983
415,30415,30415,30415,6a22834,ckpt_sac_full_00349944,0,1,0,unsafe,28,207.23428431463773,nan,nan,-1,1,30.0,0.45,20.0,1.0,25,1,200,0.002,100,10.0,1.0,0,14,0,0.5,0.3398261223000293,-0.30339809763590014,0.7522651197769998,0.022964577306874706,0.030417098979042188,0.08643618897183222,1.2920496204300767,1.3979849711611472,0.30841484519689955,0.338373700065709,1.1188557805020107,0.9951320162315891,1.2307318551543172,-15.11725395417293
416,30416,30416,30416,6a22834,ckpt_sac_full_00349944,0,0,0,timeout,200,321.1660835159977,nan,nan,-1,1,30.0,0.45,20.0,1.0,25,1,200,0.002,100,10.0,1.0,0,182,0,0.91,0.3872638356511652,-0.64375108537714,1.0161295322896997,0.02353144401623115,0.03017327814641623,0.11874875056659998,1.5079795410092718,1.3846688476347664,0.3888556929386089,0.21296484580263525,1.107415867614612,1.0454477710007761,1.103943458942506,-0.6902221161492171
417,30417,30417,30417,6a22834,ckpt_sac_full_00349944,0,1,0,object_lost,106,584.99065196669,nan,nan,-1,0,30.0,0.45,20.0,1.0,25,1,200,0.002,100,10.0,1.0,0,80,0,0.7547169811320755,0.30301563927520814,-0.23105386463769834,1.1626531868876437,0.025547310467030196,0.03871706920605339,0.07552837108132854,1.3881003796098907,0.9244655276301381,0.35421964708839043,0.5377972602242262,0.8942258771145486,1.0933159452640142,1.1292279290792724,-195.73662368843668
418,30418,30418,30418,6a22834,ckpt_sac_full_00349944,0,0,0,timeout,200,332.61502367086393,nan,nan,-1,1,30.0,0.45,20.0,1.0,25,1,200,0.002,100,10.0,1.0,0,173,0,0.865,0.31789673631482734,-0.23855828516573235,-2.4910192159661335,0.02697743256194548,0.03981295168716501,0.07316536884043154,1.3235907992897213,1.1443093960145687,0.3866450542671962,0.7277518832521666,1.037063625494397,1.0843642390790984,1.0445892776635113,-0.10287445894047798
419,30419,30419,30419,6a22834,ckpt_sac_full_00349944,0,1,0,timeout,200,465.54753932675584,nan,nan,-1,0,30.0,0.45,20.0,1.0,25,1,200,0.002,100,10.0,1.0,0,180,0,0.9,0.35620364960308387,-0.7229204794821196,2.2435698999420435,0.024089176243158428,0.03675043033225893,0.07620960881470101,1.344937711337143,1.3355516445278195,0.38443124210412283,0.6355733899088919,0.9648183294354522,0.9898969593531993,1.106973534258843,25.25775605648737
420,30420,30420,30420,6a22834,ckpt_sac_full_00349944,0,0,0,unsafe,25,208.55379887333436,nan,nan,-1,0,30.0,0.45,20.0,1.0,25,1,200,0.002,100,10.0,1.0,0,19,0,0.76,0.3668148602675965,-0.19411049838185335,2.861897171440205,0.026026731146093374,0.032287618893691826,0.0949709711143652,1.6183116318951107,1.3469001987277422,0.3045646262175083,0.40667768463644416,1.0878338884745358,1.0973844759163034,0.9034401554153946,-42.03977532925181
421,30421,30421,30421,6a22834,ckpt_sac_full_00349944,0,0,0,timeout,200,320.49973215831284,nan,nan,-1,1,30.0,0.45,20.0,1.0,25,1,200,0.002,100,10.0,1.0,0,184,0,0.92,0.32615591565627317,-0.3391637027111191,-2.5737216173434803,0.026677657038386395,0.03456310309201762,0.04433799039896232,1.3770133574207915,0.6812040295374753,0.3897098470215475,0.5733500839983664,0.9611491791418784,1.0163889065495304,1.134736530351506,-1.0210156232769876
422,30422,30422,30422,6a22834,ckpt_sac_full_00349944,1,1,1,success,119,4.564990220537912,14.284560551528994,7.330943584438257,116,1,30.0,0.45,20.0,1.0,25,1,200,0.002,100,10.0,1.0,0,97,0,0.8151260504201681,0.38680574647038424,-0.5831552475882641,-1.6749111806537116,0.021392743455602804,0.03478887119758421,0.10169429782817813,0.8000153237922085,1.0705494356727059,0.35234377384235244,0.2609268641463031,1.0099404131129477,1.064260416883479,1.0366017816922657,277.13778996925566
423,30423,30423,30423,6a22834,ckpt_sac_full_00349944,0,1,0,timeout,200,278.1867951252157,nan,nan,-1,1,30.0,0.45,20.0,1.0,25,1,200,0.002,100,10.0,1.0,0,186,0,0.93,0.3365444865060878,-0.3451926733011265,-3.1340716707863816,0.024441951254596715,0.03548797413178516,0.06240545253410332,1.6072988698457094,0.9512335120972533,0.3031054092777168,0.5154590131822383,0.9913694589892798,1.1551590847680926,1.121508044228285,19.752360504992637
424,30424,30424,30424,6a22834,ckpt_sac_full_00349944,0,0,0,object_lost,191,378.79029388561014,nan,nan,-1,0,30.0,0.45,20.0,1.0,25,1,200,0.002,100,10.0,1.0,0,156,0,0.8167539267015707,0.35622875208798843,-0.17887082777743668,1.590818774753636,0.021340236117910687,0.033747452386801796,0.07397926590749615,0.8004155197755978,0.6220136233212777,0.3423346220246075,0.35612462447299736,0.9784278475073437,1.0658699799570008,1.0097663388199414,-200.6147783042609
425,30425,30425,30425,6a22834,ckpt_sac_full_00349944,0,0,0,unsafe,27,229.2038688361438,nan,nan,-1,0,30.0,0.45,20.0,1.0,25,1,200,0.002,100,10.0,1.0,0,18,0,0.6666666666666666,0.38704890606417525,-0.2597799341313347,2.9184693366477337,0.024339490461591517,0.030607142540818623,0.0847197499494872,1.6324770618173852,0.9497804648674639,0.3875076383710384,0.3381775010660021,1.041959166684709,1.0282188327103403,1.0486376730397449,-42.421914173687675
426,30426,30426,30426,6a22834,ckpt_sac_full_00349944,1,1,1,success,97,43.53962790881971,50.67226593272875,0.2331784708608648,94,1,30.0,0.45,20.0,1.0,25,1,200,0.002,100,10.0,1.0,0,82,0,0.845360824742268,0.3685779281337658,-0.681816076413565,-2.4609459915918093,0.022791098521362452,0.03411039141616748,0.08201020097822999,1.9938726230919446,0.7134066166851835,0.3817259443551637,0.6045614431666194,1.1133743739876836,1.0102036460348547,1.0836181423034774,284.20349339357085
427,30427,30427,30427,6a22834,ckpt_sac_full_00349944,0,0,0,timeout,200,94.00601945882009,nan,nan,-1,1,30.0,0.45,20.0,1.0,25,1,200,0.002,100,10.0,1.0,4,181,0,0.905,0.3425344115098014,-0.42607852491732284,2.7156795449379993,0.022438725784570034,0.037919656809238075,0.09028710629249538,1.177465520713203,0.9061973317345118,0.36506787098078364,0.2608144806099554,1.0605317208568057,1.0200305459137573,0.99575386280942,-11.954044954603136
428,30428,30428,30428,6a22834,ckpt_sac_full_00349944,0,1,1,timeout,200,44.27431155883449,31.173733365742013,0.0,200,1,30.0,0.45,20.0,1.0,25,1,200,0.002,100,10.0,1.0,0,165,0,0.825,0.3560135216011664,-0.2918614873623771,0.47964300990658826,0.023869675871769646,0.031174308982370006,0.11988878761266697,1.2059831272607204,0.7922436761805915,0.3528610363453682,0.3585765311351766,0.9612380863475193,1.017867227103943,0.9240299817073707,52.30078670467462
429,30429,30429,30429,6a22834,ckpt_sac_full_00349944,0,0,0,timeout,200,244.8128120867938,nan,nan,-1,1,30.0,0.45,20.0,1.0,25,1,200,0.002,100,10.0,1.0,0,185,0,0.925,0.3292004768727442,-0.6136719381758577,-0.46654294574501964,0.026173564063754727,0.039680038103811224,0.04397297048887915,0.8096027292142312,0.8109071859119191,0.3230500797516068,0.18391804503646192,1.1139065665926875,0.8945068147866081,1.1448779335133865,-0.5832648280169528
430,30430,30430,30430,6a22834,ckpt_sac_full_00349944,0,0,0,timeout,200,344.0896477104032,nan,nan,-1,1,30.0,0.45,20.0,1.0,25,1,200,0.002,100,10.0,1.0,0,182,0,0.91,0.3296111908152254,-0.5098173377162085,2.0179381800565475,0.024950088322046187,0.03953687395967739,0.11610761320467926,1.9755410046381485,0.6552110433099356,0.3121955411408074,0.6308042094930894,1.0194983189752578,0.9689000773778437,1.0999473949577911,2.4903704038507817
431,30431,30431,30431,6a22834,ckpt_sac_full_00349944,0,0,0,timeout,200,81.53778366850439,nan,nan,-1,1,30.0,0.45,20.0,1.0,25,1,200,0.002,100,10.0,1.0,0,176,0,0.88,0.30884196537775555,-0.1842811618850606,2.441524066972141,0.021985914908812708,0.033511036599740085,0.09540251793110233,1.4118758814880072,1.2005920332084077,0.3528187505389004,0.1906996928660621,1.030658241187751,1.0189960651221714,0.9556926292008885,-6.465459041062546
432,30432,30432,30432,6a22834,ckpt_sac_full_00349944,0,1,0,unsafe,23,305.4557745929355,nan,nan,-1,0,30.0,0.45,20.0,1.0,25,1,200,0.002,100,10.0,1.0,0,12,0,0.5217391304347826,0.33354596648184914,-0.4437590479573664,-2.7108877723370752,0.026611834947355452,0.03968179244972887,0.07703504434418716,1.9991581736097306,1.2124044924141693,0.31096975146123823,0.5441522823918198,1.047242968127622,1.004404241749711,0.9573523896422985,-16.418183498107325
433,30433,30433,30433,6a22834,ckpt_sac_full_00349944,0,0,0,unsafe,33,349.9667865188399,nan,nan,-1,0,30.0,0.45,20.0,1.0,25,1,200,0.002,100,10.0,1.0,0,29,0,0.8787878787878788,0.3323614883978246,-0.6087808356124829,2.344643423972249,0.025355018452397765,0.03484981159201851,0.11509683380782683,1.798906901609254,1.0360258371887598,0.3871416148735623,0.3958526603349991,1.0209399085475634,1.087107908091981,1.0338020274041166,-39.35403328805884
434,30434,30434,30434,6a22834,ckpt_sac_full_00349944,0,0,0,timeout,200,495.8926159632074,nan,nan,-1,1,30.0,0.45,20.0,1.0,25,1,200,0.002,100,10.0,1.0,0,191,0,0.955,0.37734986769165724,-0.7117353968708817,2.4257026278262774,0.021853994855097245,0.03755233803508413,0.05674456607283024,1.8892127924592277,0.7012696250700307,0.3840008825580982,0.7105315721855114,1.0214612181590177,1.1362441969576278,1.3654168724152558,1.520640564163931
435,30435,30435,30435,6a22834,ckpt_sac_full_00349944,0,0,0,timeout,200,124.15753574437754,nan,nan,-1,1,30.0,0.45,20.0,1.0,25,1,200,0.002,100,10.0,1.0,73,190,0,0.95,0.33400381000675483,-0.212244190417072,2.9708995597376244,0.022637659657799587,0.03804374576095564,0.07914160290782525,1.7639775040515489,1.0561107746014553,0.3291444617321664,0.3431983767546574,1.046459832171902,1.1355136450108871,0.8941995340228281,-60.18435229943939
436,30436,30436,30436,6a22834,ckpt_sac_full_00349944,0,1,0,timeout,200,370.4932550478318,nan,nan,-1,1,30.0,0.45,20.0,1.0,25,1,200,0.002,100,10.0,1.0,0,182,0,0.91,0.3312499817676342,-0.3696488472945845,-3.1325223408035523,0.027116647417394377,0.037713454953692445,0.10276427628941916,1.2089834763342098,1.0161832764531302,0.3321471659048408,0.5977653285152709,1.0548170315229748,1.0021596354008255,0.9218237277240418,-0.7155966148658656
437,30437,30437,30437,6a22834,ckpt_sac_full_00349944,0,1,0,object_lost,118,429.31224974608995,nan,nan,-1,0,30.0,0.45,20.0,1.0,25,1,200,0.002,100,10.0,1.0,0,108,0,0.9152542372881356,0.3390392295568885,-0.19729911987803772,-2.129232055999486,0.021296164367614535,0.033196018820573166,0.08469576564877551,1.13701848395987,0.9789241048762058,0.3029026749370839,0.46475910659114783,1.0005285986209107,1.0790536379319593,1.1978859453975814,-189.2827400342075
438,30438,30438,30438,6a22834,ckpt_sac_full_00349944,0,1,0,timeout,200,405.1666884930683,nan,nan,-1,1,30.0,0.45,20.0,1.0,25,1,200,0.002,100,10.0,1.0,0,184,0,0.92,0.3541106549615502,-0.6875470872805989,2.6373156837423597,0.022320934155385063,0.03513220161827717,0.09553369726211897,1.1546809476029645,1.3156600313829905,0.37000632100272496,0.40276797860470576,1.002079134763977,1.0175204096604171,1.0776990383442686,-1.9431752427433637
439,30439,30439,30439,6a22834,ckpt_sac_full_00349944,0,0,0,timeout,200,356.11271502355476,nan,nan,-1,0,30.0,0.45,20.0,1.0,25,1,200,0.002,100,10.0,1.0,0,134,0,0.67,0.3071482792491751,-0.4543120625489505,1.9374095399921432,0.024853848098165647,0.03621826051645533,0.11348182590066778,1.0423573710284513,1.2541181310653227,0.34291554382302675,0.6718001773208558,1.072687636782815,1.0865894118109751,1.0248363413276362,-10.060742716852271
440,30440,30440,30440,6a22834,ckpt_sac_full_00349944,0,1,0,timeout,200,302.03654827563855,nan,nan,-1,1,30.0,0.45,20.0,1.0,25,1,200,0.002,100,10.0,1.0,4,179,0,0.895,0.3270414685253235,-0.5372401005484476,-2.405433157664887,0.027239589016549,0.030327370336504875,0.03493560899406633,1.6192686186269123,0.8217499337053494,0.306587259038683,0.29666895190428566,1.0466605134322127,1.093512588944934,0.8605203530560722,11.801033868425778
441,30441,30441,30441,6a22834,ckpt_sac_full_00349944,0,1,0,unsafe,32,428.89717079433893,nan,nan,-1,0,30.0,0.45,20.0,1.0,25,1,200,0.002,100,10.0,1.0,0,24,0,0.75,0.3369514276713559,-0.6784321521474619,-1.7192993666598015,0.02725716838647727,0.035061923319576756,0.10438929672945525,1.365398947616983,1.3823846248584548,0.38497704365530516,0.5836288170097744,1.1431314736555966,0.991995938112429,1.047459920298589,-13.97307916105403
442,30442,30442,30442,6a22834,ckpt_sac_full_00349944,0,0,0,timeout,200,371.56333011088594,nan,nan,-1,1,30.0,0.45,20.0,1.0,25,1,200,0.002,100,10.0,1.0,0,175,0,0.875,0.3568872209408372,-0.29586599825436966,-0.1810619140607561,0.023068100338921427,0.03613751535692063,0.11883632564086243,0.8694951440328547,0.6696301015364725,0.37675920259647455,0.7249905406273709,0.947172227990464,0.9932003810110352,1.1920271726963643,-30.588404533053026
443,30443,30443,30443,6a22834,ckpt_sac_full_00349944,0,1,0,timeout,200,328.59716508786386,nan,nan,-1,1,30.0,0.45,20.0,1.0,25,1,200,0.002,100,10.0,1.0,0,176,0,0.88,0.35263045415488553,-0.48337497838582955,-2.352579930818058,0.021745542071505374,0.03778106455589027,0.08121143764451039,1.4767907974871333,1.2529073139380684,0.3523478972487305,0.3939669446538095,1.0121221739115946,1.0599819612531818,1.1107230910808892,-9.210988566168911
444,30444,30444,30444,6a22834,ckpt_sac_full_00349944,0,1,0,timeout,200,216.7478304919204,nan,nan,-1,1,30.0,0.45,20.0,1.0,25,1,200,0.002,100,10.0,1.0,0,195,0,0.975,0.3468346815268805,-0.2341924466952559,1.924904278125739,0.020559701196576147,0.03416845208245081,0.06616608091257614,1.0648584515642565,1.2175913152673767,0.31199626341072,0.49981629968240615,1.01790188218698,0.9623627884434248,1.160127999164569,20.116705776205027
445,30445,30445,30445,6a22834,ckpt_sac_full_00349944,0,1,0,timeout,200,323.2892065412511,nan,nan,-1,1,30.0,0.45,20.0,1.0,25,1,200,0.002,100,10.0,1.0,0,180,0,0.9,0.3801613729321979,-0.6712590808767401,3.0073376252816937,0.024680646375273722,0.03188790129253129,0.08088331361470004,1.7397784366664737,1.3105511838661612,0.3475648281676266,0.30555726637186614,1.051318001157883,1.017728664770994,1.0918232880752177,21.413618156526578
446,30446,30446,30446,6a22834,ckpt_sac_full_00349944,0,1,0,object_lost,162,188.8286292572045,nan,nan,-1,0,30.0,0.45,20.0,1.0,25,1,200,0.002,100,10.0,1.0,0,147,0,0.9074074074074074,0.3205956481148398,-0.2769847159814288,-1.0971938356334014,0.026162477271645126,0.03424863651555606,0.09006185220619789,0.9434311575917914,1.2313750583014218,0.3325035809301943,0.5320286476519539,1.1284972347216995,1.0374525501526894,1.181061292815199,-179.62424937521362
447,30447,30447,30447,6a22834,ckpt_sac_full_00349944,0,1,0,timeout,200,371.9331181058327,nan,nan,-1,1,30.0,0.45,20.0,1.0,25,1,200,0.002,100,10.0,1.0,0,162,0,0.81,0.31765945735371925,-0.3428530675086198,-2.0033782941359153,0.026550924171276524,0.029898145612819713,0.059831172485132575,1.4450810276727917,1.0767517737022358,0.32323659045489295,0.6832649212313281,1.052402771959864,0.9310203861724299,0.9267754028094914,-4.190745570034485
448,30448,30448,30448,6a22834,ckpt_sac_full_00349944,0,0,0,timeout,200,231.2297118556437,nan,nan,-1,1,30.0,0.45,20.0,1.0,25,1,200,0.002,100,10.0,1.0,0,153,0,0.765,0.3886517599484619,-0.2428717042780396,-2.705684355539325,0.024854365465337373,0.034074012706148356,0.11725257785414801,1.1330513313197441,1.0585315912838826,0.3046881828479876,0.3800815248114322,0.9664524666406721,1.0130005862328662,0.953699910840972,-19.208550033912342
449,30449,30449,30449,6a22834,ckpt_sac_full_00349944,0,1,0,unsafe,26,267.9734025716247,nan,nan,-1,1,30.0,0.45,20.0,1.0,25,1,200,0.002,100,10.0,1.0,0,5,0,0.19230769230769232,0.3525228821568679,-0.2784261329876628,-2.521481503287271,0.02536033369454865,0.03171629996111207,0.0702687634282948,1.5805158494610085,0.6046914907386954,0.3523907089902035,0.5011875080895255,1.075342946349345,1.015852981940371,1.1831948380168797,-41.14995867130368
450,30450,30450,30450,6a22834,ckpt_sac_full_00349944,0,0,0,object_lost,89,435.76975468597954,nan,nan,-1,0,30.0,0.45,20.0,1.0,25,1,200,0.002,100,10.0,1.0,0,61,0,0.6853932584269663,0.3629377514633455,-0.20369555492561342,-0.6025214424978453,0.023117976657584936,0.033483282486696804,0.031725802210750234,0.8802677404821144,1.1024731190522052,0.3249710105035568,0.29438506578865453,1.0477585379793308,1.0592959616419846,0.7579507671404098,-191.89394454688946
451,30451,30451,30451,6a22834,ckpt_sac_full_00349944,0,0,0,object_lost,170,504.39014744441704,nan,nan,-1,1,30.0,0.45,20.0,1.0,25,1,200,0.002,100,10.0,1.0,0,152,0,0.8941176470588236,0.3842917644930202,-0.29687061106650353,1.9966829815304115,0.022632826305810483,0.03746224923722163,0.041955508591122286,1.471281024146867,1.1656383697359631,0.32703985467350266,0.3900450407913835,0.950907196464771,0.9806480001351653,1.00932681705026,-194.71036618729758
452,30452,30452,30452,6a22834,ckpt_sac_full_00349944,0,1,0,unsafe,25,302.9375606669765,nan,nan,-1,1,30.0,0.45,20.0,1.0,25,1,200,0.002,100,10.0,1.0,0,17,0,0.68,0.3341290038170445,-0.5525250450736215,0.5243582832797973,0.024253834640911548,0.03156063625673705,0.06768109269591391,1.0913114423110744,1.375745977941657,0.3894761325839994,0.29923112313357303,0.9909821791121939,1.0760741183245612,1.118586941717643,-16.230264720537626
453,30453,30453,30453,6a22834,ckpt_sac_full_00349944,0,0,0,timeout,200,333.20629117217544,nan,nan,-1,1,30.0,0.45,20.0,1.0,25,1,200,0.002,100,10.0,1.0,0,175,0,0.875,0.30443417972595166,-0.7010291815483896,1.990758186372875,0.024612757909679255,0.03751738445872012,0.10969877538537695,1.2187829785151727,0.6730837440632539,0.3682749595568944,0.30345471460698026,1.0665174034542024,0.9372165030562275,1.012655988063324,-5.009700136095358
454,30454,30454,30454,6a22834,ckpt_sac_full_00349944,0,0,0,timeout,200,404.668758035024,nan,nan,-1,1,30.0,0.45,20.0,1.0,25,1,200,0.002,100,10.0,1.0,0,171,0,0.855,0.3647931610085391,-0.5029068837886688,1.7843512917145237,0.023902581745088594,0.030269031025177334,0.11671275304597277,1.5910991464613031,1.0078513748119193,0.3631163590032504,0.6759357987199833,0.9728430830501177,1.0452921529358659,1.0670824980218048,0.4869314012332731
455,30455,30455,30455,6a22834,ckpt_sac_full_00349944,0,0,0,timeout,200,385.67880715817364,nan,nan,-1,1,30.0,0.45,20.0,1.0,25,1,200,0.002,100,10.0,1.0,0,181,0,0.905,0.36971044904752615,-0.34926125288035026,2.549545887042264,0.02046935061286019,0.03514384163845227,0.03868925554283519,1.0818942611686966,1.191888447942112,0.3815584996731662,0.42336346876762204,0.9380741002610128,1.0831560412065702,1.097192729176212,-11.80862129938319
456,30456,30456,30456,6a22834,ckpt_sac_full_00349944,0,1,0,timeout,200,90.8237671286003,nan,nan,-1,1,30.0,0.45,20.0,1.0,25,1,200,0.002,100,10.0,1.0,0,181,0,0.905,0.33670890532785913,-0.22358067935245463,1.7919692456769845,0.02303380505034071,0.036539671335766945,0.07314903636653292,1.192388171323028,1.137774259127558,0.37703134611181366,0.3098235975654001,0.9326570349017207,1.1046082683694816,0.8861086881727828,20.271986319939597
457,30457,30457,30457,6a22834,ckpt_sac_full_00349944,0,0,0,timeout,200,287.891886195695,nan,nan,-1,1,30.0,0.45,20.0,1.0,25,1,200,0.002,100,10.0,1.0,0,179,0,0.895,0.3049387925533844,-0.5892484921869249,3.0220791668952325,0.0247437350920352,0.030576672127060927,0.11273755262550936,1.8070896581239886,1.2080973360654186,0.37196126804968815,0.3615662323303019,1.0577860137777055,1.0118737256694517,1.113747740729169,-8.872357718232541
458,30458,30458,30458,6a22834,ckpt_sac_full_00349944,0,1,0,timeout,200,173.47088806371752,nan,nan,-1,1,30.0,0.45,20.0,1.0,25,1,200,0.002,100,10.0,1.0,0,181,0,0.905,0.3793081762684624,-0.17874549921774285,1.5065036286269082,0.02263790649665805,0.034147761612534744,0.08139882896978809,1.0016172475028207,0.9681030389832378,0.36409193537196655,0.5615450832609835,1.054540766753523,1.0651612001460664,1.0568694542544377,7.807433776034267
459,30459,30459,30459,6a22834,ckpt_sac_full_00349944,0,1,0,timeout,200,209.61691578549298,nan,nan,-1,1,30.0,0.45,20.0,1.0,25,1,200,0.002,100,10.0,1.0,87,177,0,0.885,0.3484948489919271,-0.21127445221114882,-0.061514906338976605,0.024301240751614613,0.03988044875672868,0.04333566338670334,0.8843972689743269,1.3633064120140466,0.3826238914099705,0.2769901231377605,0.9470324755162173,1.0292202553112202,0.9636435312181362,-41.61182581064931
460,30460,30460,30460,6a22834,ckpt_sac_full_00349944,0,1,0,timeout,200,346.22562733413224,nan,nan,-1,1,30.0,0.45,20.0,1.0,25,1,200,0.002,100,10.0,1.0,0,183,0,0.915,0.3515919976041121,-0.2863287630958736,2.8615296692757815,0.02165371091328844,0.038569509591463755,0.05549104432346306,1.3845975356084743,1.1291004554323945,0.32647015137857693,0.20214063414153316,0.9755833261035178,1.0716960311176118,1.1086742501771096,5.701441144757329
461,30461,30461,30461,6a22834,ckpt_sac_full_00349944,0,0,0,timeout,200,261.0814981641806,nan,nan,-1,0,30.0,0.45,20.0,1.0,25,1,200,0.002,100,10.0,1.0,0,173,0,0.865,0.3394590476169187,-0.4994421634574637,-1.5685016217832464,0.027366124613881836,0.03500767163989516,0.06752834124689754,1.1457987104057796,0.9011811174109184,0.3656598300771758,0.29661746722594917,1.0266701402590805,1.0222540839688696,0.8948949284729194,-0.96066662380204
462,30462,30462,30462,6a22834,ckpt_sac_full_00349944,0,1,0,timeout,200,393.77112328523214,nan,nan,-1,1,30.0,0.45,20.0,1.0,25,1,200,0.002,100,10.0,1.0,0,192,0,0.96,0.3559792813610687,-0.7260636917567453,0.15445486918295837,0.02305282593067366,0.036071978514785184,0.03755595384655875,1.7441150096470992,1.3807204137927687,0.3469858113068398,0.36093833873095377,0.9940225668434397,0.983214865676872,1.2645834992291207,25.96627387777386
463,30463,30463,30463,6a22834,ckpt_sac_full_00349944,0,1,0,timeout,200,350.8453401020109,nan,nan,-1,1,30.0,0.45,20.0,1.0,25,1,200,0.002,100,10.0,1.0,0,179,0,0.895,0.35710248154420976,-0.40125442539097506,0.021349581355326386,0.025331524505483132,0.03723629907925011,0.06753510899547159,1.4865124196941912,0.6039942427199226,0.34434530207713243,0.6637190632346363,0.9866042430837304,1.1004692992871064,0.9922264777055645,23.437363164594103
464,30464,30464,30464,6a22834,ckpt_sac_full_00349944,0,1,0,timeout,200,277.88721019262,nan,nan,-1,1,30.0,0.45,20.0,1.0,25,1,200,0.002,100,10.0,1.0,0,183,0,0.915,0.31560327472442007,-0.3076101453042166,0.5367966464321836,0.02478058344636311,0.03290798896149136,0.10536651938825559,0.9531186341769087,0.620527222691084,0.3464462117859124,0.6105476240827534,1.1228930985618366,1.019213197332146,0.9490000186566196,0.5191002635443981
465,30465,30465,30465,6a22834,ckpt_sac_full_00349944,0,0,0,timeout,200,295.3682355770157,nan,nan,-1,1,30.0,0.45,20.0,1.0,25,1,200,0.002,100,10.0,1.0,0,190,0,0.95,0.3036478267008812,-0.46283799382930996,1.5099051255735034,0.023741438241273328,0.034050749822818416,0.07004238909292995,1.749609535862953,1.1781706716739324,0.33158683353814544,0.720510931973157,0.9915348601258512,1.0087268735463855,0.9766898761621061,-3.471063236288003
466,30466,30466,30466,6a22834,ckpt_sac_full_00349944,0,0,0,timeout,200,342.8276149539598,nan,nan,-1,1,30.0,0.45,20.0,1.0,25,1,200,0.002,100,10.0,1.0,0,188,0,0.94,0.3523729307391451,-0.4912391861261184,2.5166616006348947,0.02163308690746382,0.03449229078694117,0.04430576173281185,1.4411878841922379,0.7371521316817992,0.32712513185366265,0.4402748664443529,1.0370722934314531,0.9830538187346277,1.0291277265753924,1.3010462906899842
467,30467,30467,30467,6a22834,ckpt_sac_full_00349944,0,1,0,timeout,200,392.76629741865673,nan,nan,-1,1,30.0,0.45,20.0,1.0,25,1,200,0.002,100,10.0,1.0,0,186,0,0.93,0.34152828736753443,-0.66824639808497,-2.4844508226062243,0.02150593750552245,0.034759541711591,0.10962021811583553,1.6265276099452013,0.8353855383591658,0.3161620381798997,0.5419582382861782,0.9637759267759028,1.0608159401405772,1.1332844495180212,19.174652991641167
468,30468,30468,30468,6a22834,ckpt_sac_full_00349944,0,1,0,timeout,200,362.1151468438653,nan,nan,-1,1,30.0,0.45,20.0,1.0,25,1,200,0.002,100,10.0,1.0,0,189,0,0.945,0.3493667228820939,-0.6247190506588356,-2.0618141688562988,0.02201609730256189,0.035974768687091166,0.10716602952858437,0.9342151176407066,1.0755260765296382,0.3160363702177702,0.5914842676811298,0.9917047235934077,1.0439855488600167,1.117227783391116,24.20877308451305
469,30469,30469,30469,6a22834,ckpt_sac_full_00349944,0,1,0,timeout,200,375.01275154000285,nan,nan,-1,1,30.0,0.45,20.0,1.0,25,1,200,0.002,100,10.0,1.0,0,177,0,0.885,0.38960682954309095,-0.5205675141451429,1.6557160875173222,0.02681656707940775,0.03800334255864753,0.04812847490357506,1.7666816677908748,1.0526969558327297,0.36449219373391545,0.4990148116321418,1.0016969774376585,0.9568307076451825,0.9853619693935805,24.675045940585782
470,30470,30470,30470,6a22834,ckpt_sac_full_00349944,0,1,0,timeout,200,297.5917679316617,nan,nan,-1,1,30.0,0.45,20.0,1.0,25,1,200,0.002,100,10.0,1.0,0,177,0,0.885,0.3122077231708053,-0.33690775519675487,2.4499381055218095,0.024845183483506127,0.030900838362509224,0.08167302426682355,0.9944263911700197,0.8055405210789702,0.3868470038433514,0.3469005155934297,0.9954384332067402,1.0406393603158777,1.0206589355272375,23.092121200342064
471,30471,30471,30471,6a22834,ckpt_sac_full_00349944,0,0,0,timeout,200,350.58929196207754,nan,nan,-1,1,30.0,0.45,20.0,1.0,25,1,200,0.002,100,10.0,1.0,0,186,0,0.93,0.37975087320955386,-0.45648086268633015,2.314446864187797,0.025639771614234804,0.038347587515663445,0.05726978875190558,1.4630701413781868,0.7555297525806338,0.36689396849396655,0.4493176624298415,0.9797548031180296,0.9549928182393798,0.9396630310576559,0.20058517723141622
472,30472,30472,30472,6a22834,ckpt_sac_full_00349944,0,0,0,timeout,200,436.6602488254107,nan,nan,-1,1,30.0,0.45,20.0,1.0,25,1,200,0.002,100,10.0,1.0,0,185,0,0.925,0.32678483052204454,-0.5610896974586773,2.113152016455474,0.023822581282369595,0.03354437871866912,0.05881690405417534,1.1649247860605265,0.6614840487385742,0.3484790184866523,0.6993176830365617,1.0625029526866785,0.9533274009277549,0.9610400016977368,-1.0808720764460826
473,30473,30473,30473,6a22834,ckpt_sac_full_00349944,0,0,0,timeout,200,359.3683679446683,nan,nan,-1,1,30.0,0.45,20.0,1.0,25,1,200,0.002,100,10.0,1.0,0,181,0,0.905,0.3164620870526711,-0.5209504761893363,-0.6724492877392119,0.025578632227219303,0.0396729749785619,0.11241523699702208,1.807620358728728,0.801450452502849,0.32367706155176884,0.5312079042344109,1.0572269982982536,1.0330816251702684,1.2138889409082956,2.6951863018028566
474,30474,30474,30474,6a22834,ckpt_sac_full_00349944,0,1,0,timeout,200,408.6064606571948,nan,nan,-1,1,30.0,0.45,20.0,1.0,25,1,200,0.002,100,10.0,1.0,0,186,0,0.93,0.3000528336979547,-0.6734008192689698,-1.430034239333406,0.022179309097454553,0.030653686624295677,0.04463839549613345,1.1357033050627634,1.2904043865650037,0.3627709773624893,0.5057910722421313,1.034727929808078,1.0535340439047471,1.1348516653048764,24.777741853309294
475,30475,30475,30475,6a22834,ckpt_sac_full_00349944,0,1,0,timeout,200,50.08751382787463,40.834026998210916,68.538787766137,79,1,30.0,0.45,20.0,1.0,25,1,200,0.002,100,10.0,1.0,0,173,0,0.865,0.32900853007803815,-0.32708137537054527,-1.914774639136606,0.02124154831112345,0.04002629958187934,0.11374660792310388,0.866744639631865,0.7749135321257539,0.3838027231441104,0.27760012470852086,1.0653129325977362,1.027786588323628,0.9915566082970702,29.093602565839266
476,30476,30476,30476,6a22834,ckpt_sac_full_00349944,0,1,0,unsafe,20,250.740378258922,nan,nan,-1,1,30.0,0.45,20.0,1.0,25,1,200,0.002,100,10.0,1.0,0,17,0,0.85,0.3895560373144041,-0.2680390935085826,-2.0225510504474,0.027523037330314092,0.03412672910939646,0.09415492754101026,1.7011232193255184,0.7035040076873922,0.33813990713466546,0.4180405227863213,1.049761956096269,1.0231194030953394,0.8227982217097509,-17.475237181414215
477,30477,30477,30477,6a22834,ckpt_sac_full_00349944,0,0,0,timeout,200,250.68160268756594,nan,nan,-1,1,30.0,0.45,20.0,1.0,25,1,200,0.002,100,10.0,1.0,0,187,0,0.935,0.3242945424566238,-0.6413751492301404,0.05245624187528941,0.02272022118502964,0.038971637279355854,0.047683914819365084,0.9806753540874874,1.186115184687685,0.3145942289352125,0.29517285415016653,1.065610293660083,0.9341469104598461,1.1507098098256625,1.1293363553587794
478,30478,30478,30478,6a22834,ckpt_sac_full_00349944,0,0,0,timeout,200,355.03733249784585,nan,nan,-1,1,30.0,0.45,20.0,1.0,25,1,200,0.002,100,10.0,1.0,73,184,0,0.92,0.3567767267609886,-0.7131113248148471,-2.5756281426758827,0.026167932655472737,0.03646097196723152,0.06509310140567173,1.5794321242620226,0.8631406917637481,0.35452605079998056,0.333035960547014,1.1065287984656067,1.0377756731548378,1.1690384807450585,-54.97029594135044
479,30479,30479,30479,6a22834,ckpt_sac_full_00349944,0,1,0,timeout,200,281.4134606223639,nan,nan,-1,1,30.0,0.45,20.0,1.0,25,1,200,0.002,100,10.0,1.0,0,191,0,0.955,0.32039253335199164,-0.4305893379723435,-1.3383719787208936,0.02586796704230521,0.03501259679317802,0.06783201818018006,1.935307079218378,1.2278877986495234,0.32328804228974567,0.49555414602103715,1.0109852694758494,1.0822246752585223,1.023266992569114,22.056550414894836
480,30480,30480,30480,6a22834,ckpt_sac_full_00349944,0,0,0,timeout,200,415.9016302584756,nan,nan,-1,1,30.0,0.45,20.0,1.0,25,1,200,0.002,100,10.0,1.0,0,191,0,0.955,0.36913824951156177,-0.7280820905280283,0.06229076557815283,0.02289864861309651,0.034683816276208604,0.09929323762940534,1.4375653509898316,0.8543493465664879,0.3055300690908732,0.5188824613217045,1.0402907109008763,1.035177790933935,1.0221232725996017,4.256699601947998
481,30481,30481,30481,6a22834,ckpt_sac_full_00349944,0,0,0,timeout,200,117.39828488911569,nan,nan,-1,1,30.0,0.45,20.0,1.0,25,1,200,0.002,100,10.0,1.0,0,185,0,0.925,0.31756459310497087,-0.2500701715941753,-2.7131450221737285,0.023549000192504357,0.03451898492546007,0.08440830341180972,1.4246046882390329,1.20876074674015,0.3800013711455052,0.33719481125339906,1.079749341498585,0.9046488650212361,1.1031736328587645,-19.984406013385538
482,30482,30482,30482,6a22834,ckpt_sac_full_00349944,0,0,0,timeout,200,212.88749399662967,nan,nan,-1,1,30.0,0.45,20.0,1.0,25,1,200,0.002,100,10.0,1.0,0,174,0,0.87,0.3806762161962292,-0.24156575583955292,0.6822896864731214,0.024002361361033335,0.03494503728875676,0.045821481040949144,1.1599346740189298,1.3303620818503579,0.3397624711013719,0.3477795800523159,1.1151087348224047,1.0310535290356735,1.0762815231779213,-9.102460982649218
483,30483,30483,30483,6a22834,ckpt_sac_full_00349944,0,0,0,timeout,200,431.58797731104806,nan,nan,-1,0,30.0,0.45,20.0,1.0,25,1,200,0.002,100,10.0,1.0,0,185,0,0.925,0.38393426425341726,-0.6870938682693023,1.201612780691799,0.02318772772725166,0.0318314420037368,0.09724141573866325,1.3403783119148884,1.163585380664618,0.3126294882490291,0.6325732769366498,0.9426115516651462,1.100288722940131,0.9123723132796233,-1.4425402586805687
484,30484,30484,30484,6a22834,ckpt_sac_full_00349944,0,0,0,timeout,200,308.4331520959498,nan,nan,-1,1,30.0,0.45,20.0,1.0,25,1,200,0.002,100,10.0,1.0,0,179,0,0.895,0.3373730617316639,-0.32360421746653184,0.7692170329507322,0.026206314471708864,0.03730357467286363,0.09773753505127172,0.9011090106234108,0.6897739386808661,0.3859467238606858,0.6316343974415621,0.9684676866802479,1.0053379178454103,0.9084751445310066,-5.496698458065851
485,30485,30485,30485,6a22834,ckpt_sac_full_00349944,0,1,0,unsafe,28,214.51020336917114,nan,nan,-1,0,30.0,0.45,20.0,1.0,25,1,200,0.002,100,10.0,1.0,0,23,0,0.8214285714285714,0.32943186411754205,-0.409341304519936,-2.8529911835356776,0.024972032698766695,0.03041528507277321,0.10828008491828475,0.8556308186490252,1.1418485342197815,0.30984926224406045,0.2711734612198711,0.9627776214236452,0.9251132611062785,0.8810357705104641,-40.8692699920654
486,30486,30486,30486,6a22834,ckpt_sac_full_00349944,0,0,0,timeout,200,325.7214285570362,nan,nan,-1,0,30.0,0.45,20.0,1.0,25,1,200,0.002,100,10.0,1.0,8,186,0,0.93,0.34797884933745615,-0.5921013864416953,-3.019823979545,0.02684721850919732,0.03722709829012569,0.0904510370489501,0.9859954608052319,1.2088593342391105,0.3863096491539595,0.2768134623144146,0.9829058759669341,1.0306756145035134,1.042182283775852,-5.881761634360306
487,30487,30487,30487,6a22834,ckpt_sac_full_00349944,0,1,0,timeout,200,421.1577012520757,nan,nan,-1,1,30.0,0.45,20.0,1.0,25,1,200,0.002,100,10.0,1.0,0,184,0,0.92,0.37059310472703005,-0.4047497163535427,0.9985131545935788,0.023983067874652927,0.031001873069686905,0.04054567772792408,1.6006025879722339,1.3576240806184348,0.3234813264545954,0.6852773688122091,1.0363293509722884,1.0307959614725066,0.9974388484400469,25.317584669366973
488,30488,30488,30488,6a22834,ckpt_sac_full_00349944,0,0,0,timeout,200,266.40809712842787,nan,nan,-1,0,30.0,0.45,20.0,1.0,25,1,200,0.002,100,10.0,1.0,53,177,0,0.885,0.36857042734129275,-0.5356881357581189,-0.9887166658037589,0.025243046592833218,0.04007844434625306,0.05824535790418155,1.9596246229426197,1.2634214187698651,0.3476919624412419,0.3220978745784229,0.9908387814975766,1.0622816250688112,1.0937203809681177,-43.36620796911822
489,30489,30489,30489,6a22834,ckpt_sac_full_00349944,0,0,0,unsafe,32,232.4852893961412,nan,nan,-1,0,30.0,0.45,20.0,1.0,25,1,200,0.002,100,10.0,1.0,0,14,0,0.4375,0.32703531488464194,-0.3101449918148239,2.8966409376708526,0.02465773189145862,0.030713511501389342,0.10907235428499046,1.7922444448877535,1.3772906777942846,0.3150089259289143,0.4287675920522519,1.007273241320428,1.023718504568415,1.0449365316031556,-39.975578554308825
490,30490,30490,30490,6a22834,ckpt_sac_full_00349944,0,1,0,timeout,200,74.32544952019572,34.96456259363923,73.76317369670727,59,1,30.0,0.45,20.0,1.0,25,1,200,0.002,100,10.0,1.0,70,165,0,0.825,0.34920492938615477,-0.2531251678945658,-0.4724097546027406,0.02391172075835489,0.03651630039576095,0.11816304105538827,1.8961787445391671,0.6262704335055022,0.3387360730446239,0.19087579108954195,1.043406048156504,1.017937472275911,1.1782614403936822,-24.103286590545387
491,30491,30491,30491,6a22834,ckpt_sac_full_00349944,0,1,0,unsafe,34,396.1500981798221,nan,nan,-1,1,30.0,0.45,20.0,1.0,25,1,200,0.002,100,10.0,1.0,0,18,0,0.5294117647058824,0.3203267649679265,-0.598761981735979,0.6100763201951835,0.026416205541418835,0.03476329266794809,0.07980044154361018,1.0695319626848567,0.6096844882141736,0.3776782987698787,0.5959640382768266,1.046458926783448,1.0493528828804397,0.9657129823641611,-13.83061129790454
492,30492,30492,30492,6a22834,ckpt_sac_full_00349944,0,0,0,timeout,200,297.79964983298964,nan,nan,-1,1,30.0,0.45,20.0,1.0,25,1,200,0.002,100,10.0,1.0,1,164,0,0.82,0.3312968940441996,-0.32402820061260446,2.9699641829756835,0.02191164013577706,0.034548588671512975,0.03628094323557324,1.5903115890880481,1.0144687041158191,0.3537466190245525,0.5897785251845196,1.0358594919879414,1.0224570650782177,1.073032055399069,-10.094418619601129
493,30493,30493,30493,6a22834,ckpt_sac_full_00349944,0,0,0,timeout,200,382.2413455309386,nan,nan,-1,1,30.0,0.45,20.0,1.0,25,1,200,0.002,100,10.0,1.0,0,194,0,0.97,0.38170178027124235,-0.7248465148240082,0.6283646690513525,0.024041962619272265,0.03313213950351211,0.06438517687117276,1.3649445213292737,0.9009392957788924,0.31836852831854073,0.4150785737699282,1.0109743874126054,1.0063612792009315,0.9072177202670773,3.209906383437809
494,30494,30494,30494,6a22834,ckpt_sac_full_00349944,0,1,0,timeout,200,392.3531227102397,nan,nan,-1,1,30.0,0.45,20.0,1.0,25,1,200,0.002,100,10.0,1.0,0,137,0,0.685,0.3124214565516384,-0.6215878219010302,0.29740062434045056,0.026570185068142082,0.032952115003946104,0.039341734340647805,1.9811096580132663,1.3022516719749464,0.30308326056571566,0.7099180586076071,1.062814086097559,1.041407758640568,0.9443849607115787,-11.674890481737691
495,30495,30495,30495,6a22834,ckpt_sac_full_00349944,0,1,0,timeout,200,372.30214103719646,nan,nan,-1,1,30.0,0.45,20.0,1.0,25,1,200,0.002,100,10.0,1.0,0,180,0,0.9,0.3739064556540972,-0.33229215065254436,0.11925839389225734,0.025920526287890298,0.03228687800532075,0.03844249007958453,1.8249172708736086,1.2475575079616599,0.3771331621133896,0.6716065129550335,1.055893711124924,1.0609298520153265,1.0497618252572938,17.35435075790388
496,30496,30496,30496,6a22834,ckpt_sac_full_00349944,0,0,0,timeout,200,343.45861358064,nan,nan,-1,1,30.0,0.45,20.0,1.0,25,1,200,0.002,100,10.0,1.0,0,189,0,0.945,0.37891688703485943,-0.6886341961586543,0.6286243245755956,0.02503306093924211,0.03551043333020401,0.07347462978548097,1.1463073769313006,1.1773952378024486,0.32266658227096523,0.25136181796837836,1.012952064263706,1.0886613634701967,1.2604471031018654,-11.410116878056378
497,30497,30497,30497,6a22834,ckpt_sac_full_00349944,1,1,1,success,174,31.9270398603786,12.713470514806344,8.089815799686077,164,1,30.0,0.45,20.0,1.0,25,1,200,0.002,100,10.0,1.0,2,140,0,0.8045977011494253,0.3687316130384146,-0.6186197474939852,0.33095560661066115,0.02586453999500296,0.037721428119372,0.06499197362426284,1.2576940443365916,1.206244474237467,0.3365770824168156,0.4536899696546256,1.0446400197764558,1.0987159567145597,1.0889491817568293,269.2403386464033
498,30498,30498,30498,6a22834,ckpt_sac_full_00349944,0,0,0,timeout,200,261.0593112646603,nan,nan,-1,1,30.0,0.45,20.0,1.0,25,1,200,0.002,100,10.0,1.0,0,178,0,0.89,0.3878340431409021,-0.5124574308565549,-0.13087851153806263,0.02040226272363709,0.03327639077739772,0.06562329490407467,1.343040832621813,1.0725100720335237,0.37174644907826887,0.1929691783884031,0.9599080615401296,1.0530572343942914,1.1549810928564677,-4.944446081954183
499,30499,30499,30499,6a22834,ckpt_sac_full_00349944,0,0,0,timeout,200,380.29559381323713,nan,nan,-1,1,30.0,0.45,20.0,1.0,25,1,200,0.002,100,10.0,1.0,0,177,0,0.885,0.38751549702606136,-0.6432254219653109,1.6721475319390144,0.0214587853284842,0.029824714625903664,0.10187369016255887,1.7512580168143015,0.7163845180878017,0.3578778151063783,0.45556155204047594,1.0081332848155167,1.053568212832196,1.2157906747157834,-10.397998152384538
500,30500,30500,30500,6a22834,ckpt_sac_full_00349944,0,0,0,timeout,200,455.17759083889155,nan,nan,-1,1,30.0,0.45,20.0,1.0,25,1,200,0.002,100,10.0,1.0,0,180,0,0.9,0.3523833482692481,-0.6868047453316343,1.2387821048638115,0.02497685053135242,0.03738900740932803,0.11485798636565804,1.3099614814672633,1.0571434583566792,0.3084764635485403,0.7115108405344271,1.0523311434939506,1.10376215479665,0.9426409630852396,2.970912202159496
501,30501,30501,30501,6a22834,ckpt_sac_full_00349944,0,1,0,timeout,200,252.98550221801392,nan,nan,-1,1,30.0,0.45,20.0,1.0,25,1,200,0.002,100,10.0,1.0,0,185,0,0.925,0.34691342175052575,-0.5268211003045108,2.5468157796501085,0.022562907158715277,0.03330040245234557,0.060515067100994496,1.4320769325743559,1.3372862194239399,0.38375370482599513,0.2504012986720281,0.9764939048443758,1.080010546955924,0.9621235334785583,20.88759909777301
502,30502,30502,30502,6a22834,ckpt_sac_full_00349944,0,0,0,timeout,200,199.90255195180168,nan,nan,-1,1,30.0,0.45,20.0,1.0,25,1,200,0.002,100,10.0,1.0,0,183,0,0.915,0.3574965919991144,-0.453696400737501,0.08071042029954922,0.023122821552069146,0.03088482810099872,0.06204986605447416,1.918186055172392,1.0271376397660843,0.35337536240551437,0.20396479120686073,0.9675518782239526,0.9868739665136187,0.9652863153191299,-3.557380149359
503,30503,30503,30503,6a22834,ckpt_sac_full_00349944,0,1,0,timeout,200,336.81280344817594,nan,nan,-1,0,30.0,0.45,20.0,1.0,25,1,200,0.002,100,10.0,1.0,0,136,0,0.68,0.30648473855737524,-0.3334960805375253,-0.15901261960529212,0.024075215419642068,0.03971854676624141,0.030701815888190494,1.5952680420039909,0.7915016586346466,0.3741239657060248,0.6611684675113412,1.0287785655831758,1.052523782461393,1.0747984848505612,3.7199730583678425
504,30504,30504,30504,6a22834,ckpt_sac_full_00349944,0,0,0,unsafe,25,218.47802821177189,nan,nan,-1,1,30.0,0.45,20.0,1.0,25,1,200,0.002,100,10.0,1.0,0,19,0,0.76,0.34037906725444733,-0.2948489545329586,-1.939223924295516,0.025359703394683682,0.03943571095332382,0.0887526265205763,1.7901926035290332,0.6549021275415742,0.3244183027327418,0.3737958947495825,1.0129162924504107,0.9853344533812596,1.0587204098163143,-42.0874986486847
505,30505,30505,30505,6a22834,ckpt_sac_full_00349944,0,0,0,timeout,200,205.0175851444869,nan,nan,-1,1,30.0,0.45,20.0,1.0,25,1,200,0.002,100,10.0,1.0,0,171,0,0.855,0.32872021791853434,-0.25301255319061433,-1.7259884424724392,0.021201291068571493,0.03429461115251034,0.03854490543659111,0.8731027021247465,0.9353211895433398,0.3477714393590406,0.30117649278609665,0.9949952589081786,1.0799990197793654,1.1582846030491032,-12.361002163908925
506,30506,30506,30506,6a22834,ckpt_sac_full_00349944,0,0,0,unsafe,27,221.04495548877009,nan,nan,-1,0,30.0,0.45,20.0,1.0,25,1,200,0.002,100,10.0,1.0,0,22,0,0.8148148148148148,0.3685085584908785,-0.23833189638447377,-2.354398613091405,0.020670771640276902,0.0328444286351306,0.06800839369488876,0.9647794922461175,1.205712395648924,0.3274230377480678,0.3926849115201503,1.0330699662481435,0.9805692792784519,1.3209461444904638,-41.404573775028354
507,30507,30507,30507,6a22834,ckpt_sac_full_00349944,0,1,0,timeout,200,394.4111839777058,nan,nan,-1,1,30.0,0.45,20.0,1.0,25,1,200,0.002,100,10.0,1.0,89,185,0,0.925,0.33122716034811295,-0.7147513371428084,1.1468145225094997,0.023540103483787347,0.03923839609056723,0.1107366734028704,1.4923639889166853,1.257930150449384,0.3308466018462939,0.35192761697059427,1.0609832383155144,1.0135120681903087,0.8802616617387957,-40.711649299901836
508,30508,30508,30508,6a22834,ckpt_sac_full_00349944,0,0,0,timeout,200,251.1203593580709,nan,nan,-1,1,30.0,0.45,20.0,1.0,25,1,200,0.002,100,10.0,1.0,0,162,0,0.81,0.3095195599641318,-0.2637051952037636,-2.27851803289881,0.023489210968260787,0.0307890194614715,0.07612233839002189,0.9063139380695543,0.621968332363357,0.3582133590890938,0.4973540894931225,1.0608958749078001,1.0041419643606593,1.128966250273554,-21.234648044554906
509,30509,30509,30509,6a22834,ckpt_sac_full_00349944,0,0,0,timeout,200,376.55284982876515,nan,nan,-1,1,30.0,0.45,20.0,1.0,25,1,200,0.002,100,10.0,1.0,0,189,0,0.945,0.3892228941844387,-0.409210181097814,-1.2514464429432615,0.023393620963704082,0.03657681802115927,0.08402264952096103,1.8091541225372123,0.6375067253310283,0.37584582289435686,0.5850033610891143,1.097704689490318,0.9140190047464546,0.9879303805662394,0.40868010791348214
510,30510,30510,30510,6a22834,ckpt_sac_full_00349944,0,1,0,timeout,200,422.90720333951816,nan,nan,-1,1,30.0,0.45,20.0,1.0,25,1,200,0.002,100,10.0,1.0,0,175,0,0.875,0.3890925599000794,-0.518662579507915,0.23529405838301587,0.022066451335363748,0.03690749398194306,0.09237567818165991,1.0879487869067241,0.8958047297490861,0.3856781822442312,0.6076569868845699,1.0334507055020425,0.9564002802602548,1.1602003410200208,14.29966820355618
511,30511,30511,30511,6a22834,ckpt_sac_full_00349944,0,1,0,timeout,200,51.8794106535869,36.572637993883816,4.258680886470476,171,1,30.0,0.45,20.0,1.0,25,1,200,0.002,100,10.0,1.0,122,182,0,0.91,0.3495648129048449,-0.6474262421784598,-2.4151569171288196,0.026499097469839424,0.03922427228447763,0.03586461217429735,1.5215662925769438,0.9981705025380803,0.33662008414861616,0.27305862171825335,0.9773663067443312,1.0607322018016212,1.0113063894543517,-38.903951782150145
512,30512,30512,30512,6a22834,ckpt_sac_full_00349944,0,1,0,timeout,200,122.6107689680705,nan,nan,-1,1,30.0,0.45,20.0,1.0,25,1,200,0.002,100,10.0,1.0,1,188,0,0.94,0.34985517214295614,-0.20256296248421568,-0.6827592447589801,0.023847728298731788,0.03711168722130225,0.0812875536399771,1.3800088523823832,1.2365480370430495,0.3076653724746737,0.2254052547677444,1.014754688614746,1.0776993614105435,1.0372106406566204,13.036898786491914
513,30513,30513,30513,6a22834,ckpt_sac_full_00349944,0,1,0,object_lost,121,550.5466441564658,nan,nan,-1,0,30.0,0.45,20.0,1.0,25,1,200,0.002,100,10.0,1.0,0,97,0,0.8016528925619835,0.3363076819658905,-0.5032738157742438,-2.085642295348995,0.022108269542486382,0.039575401919303775,0.035179190194952574,1.5355055462157967,0.6600681833143024,0.3713417383735291,0.49335425797623245,0.9470582017009296,1.0570125758901816,0.9238398019880493,-168.41231735759305
514,30514,30514,30514,6a22834,ckpt_sac_full_00349944,0,0,0,timeout,200,316.80362876174996,nan,nan,-1,0,30.0,0.45,20.0,1.0,25,1,200,0.002,100,10.0,1.0,0,166,0,0.83,0.3304168576463947,-0.5527090102338352,-2.1079874051918646,0.026465917060419127,0.036844088690929755,0.08738569184329664,0.8865657665518223,1.2767055881434908,0.37629272716083906,0.3669692766486883,0.9737529779675442,0.9348447355264342,0.9066325561038049,-4.368729885036186
515,30515,30515,30515,6a22834,ckpt_sac_full_00349944,0,0,0,timeout,200,166.05529046164568,nan,nan,-1,1,30.0,0.45,20.0,1.0,25,1,200,0.002,100,10.0,1.0,1,180,0,0.9,0.3627891040033663,-0.2860566971801495,0.8660431505579478,0.0242792090296277,0.03753338369403551,0.04359697891734818,0.898724375525334,0.6416992157011149,0.31448973944252945,0.17121075704307245,0.975191385132253,1.068685225947739,1.0502852343172382,-7.680103483245007
516,30516,30516,30516,6a22834,ckpt_sac_full_00349944,1,1,0,success,152,26.11091824569888,112.21312522502011,93.50463334770511,116,1,30.0,0.45,20.0,1.0,25,1,200,0.002,100,10.0,1.0,0,89,0,0.5855263157894737,0.3115094144638209,-0.460429847631289,0.5824292102761324,0.02652335368281038,0.03944443272807271,0.05508229024321652,1.3319157159551156,1.3280633195493745,0.3861528043884655,0.684547443433656,1.0182834795032676,1.0486988324364521,0.9825498835361557,262.05836456649246
517,30517,30517,30517,6a22834,ckpt_sac_full_00349944,0,0,0,timeout,200,385.1265888404711,nan,nan,-1,0,30.0,0.45,20.0,1.0,25,1,200,0.002,100,10.0,1.0,0,170,0,0.85,0.3555403651018501,-0.4863016928164889,0.19243710119710888,0.02127598286039118,0.039628828526269824,0.08696232924825381,1.3685973860738527,1.3966104166719913,0.36880056521958543,0.6469539488624906,0.9650626650299688,1.0830123072450293,0.8705714785624648,-0.3910199447335747
518,30518,30518,30518,6a22834,ckpt_sac_full_00349944,0,1,0,timeout,200,135.23336001964748,58.37566648211336,45.64237068640308,98,0,30.0,0.45,20.0,1.0,25,1,200,0.002,100,10.0,1.0,0,164,0,0.82,0.3758443252879774,-0.28618924423209424,2.976448575640716,0.022942992506563856,0.037260002645902665,0.10314762124573737,1.2191890119144713,1.125504385727889,0.30797643200387387,0.2139604003626225,0.9453083046944951,0.9639631736331614,1.000518986618255,21.30546548545464
519,30519,30519,30519,6a22834,ckpt_sac_full_00349944,0,1,0,unsafe,30,415.4348743913659,nan,nan,-1,1,30.0,0.45,20.0,1.0,25,1,200,0.002,100,10.0,1.0,0,14,0,0.4666666666666667,0.3189201384369868,-0.6193525982109237,-1.8449099807184086,0.02558066672787625,0.037890516472059925,0.0878167874810119,1.576790068996262,1.045086061489141,0.37812749180122807,0.6457336609973249,1.0088662427947999,0.9418439184097209,0.9641146783026955,-14.485362242826426
520,30520,30520,30520,6a22834,ckpt_sac_full_00349944,0,1,0,unsafe,28,236.56347756902633,nan,nan,-1,1,30.0,0.45,20.0,1.0,25,1,200,0.002,100,10.0,1.0,0,21,0,0.75,0.36740979384076927,-0.38741220570559404,-1.2298845638978413,0.022747546271822433,0.03377861370198696,0.03897805209007875,1.2187842314850907,1.2168530375901754,0.3148489291271336,0.293583566565094,1.0508126114844114,1.0092376692188736,0.8964484721131122,-17.752147487372056
521,30521,30521,30521,6a22834,ckpt_sac_full_00349944,0,1,0,timeout,200,458.3867886357066,nan,nan,-1,1,30.0,0.45,20.0,1.0,25,1,200,0.002,100,10.0,1.0,0,192,0,0.96,0.31918225267022393,-0.27589776582101405,-0.26011633576457704,0.02653531827053956,0.035385418335702225,0.07863609738885988,1.0932046021502249,1.1641859653142816,0.3509943710784803,0.7111022750694983,1.1202291793083419,0.9879361514410242,1.2922335619963548,11.890974634148984
522,30522,30522,30522,6a22834,ckpt_sac_full_00349944,0,0,0,timeout,200,128.07557033681968,nan,nan,-1,1,30.0,0.45,20.0,1.0,25,1,200,0.002,100,10.0,1.0,0,184,0,0.92,0.325160654634049,-0.24834952406971034,-1.4606596652843193,0.024577911515668013,0.030229625543414223,0.08916186668682766,1.1425692562958194,0.9060254642953797,0.323698945249728,0.31051166797255314,0.9878745265428576,1.1735072351871925,1.0795721612795701,-1.3126350935156028
523,30523,30523,30523,6a22834,ckpt_sac_full_00349944,0,1,0,timeout,200,198.39763461308894,nan,nan,-1,1,30.0,0.45,20.0,1.0,25,1,200,0.002,100,10.0,1.0,0,187,0,0.935,0.3217135094228276,-0.25304571647942314,1.2638171584922482,0.022686886235228784,0.03282442165664706,0.05664416051916978,1.8370359907850315,1.179293605836544,0.35623989642797566,0.4223649028912215,1.0050518997647533,1.0820881875058288,0.983149052313938,15.223111384783072
524,30524,30524,30524,6a22834,ckpt_sac_full_00349944,0,0,0,unsafe,63,341.9211836685342,nan,nan,-1,1,30.0,0.45,20.0,1.0,25,1,200,0.002,100,10.0,1.0,0,48,0,0.7619047619047619,0.3195350362840471,-0.5892161365715867,3.0936725404169376,0.0249210133600244,0.029934487409000368,0.09915683483930036,1.8989935930223067,0.7370885830789292,0.3540308484958616,0.4661306357307368,0.9749843586309703,1.0512961465537485,1.098596359860486,-42.28261746996058
525,30525,30525,30525,6a22834,ckpt_sac_full_00349944,0,1,0,timeout,200,298.7000678952813,nan,nan,-1,1,30.0,0.45,20.0,1.0,25,1,200,0.002,100,10.0,1.0,0,189,0,0.945,0.3356183318802882,-0.4748086284252566,0.5374246035250656,0.021741092084730122,0.03695796775242558,0.04220804116268849,1.3849806644551572,1.252337090399445,0.3307991120113426,0.5776152607175348,1.0386971279155082,0.9295259652938684,0.9091439205349261,23.892949297935477
526,30526,30526,30526,6a22834,ckpt_sac_full_00349944,0,1,0,timeout,200,214.55591845454447,nan,nan,-1,1,30.0,0.45,20.0,1.0,25,1,200,0.002,100,10.0,1.0,0,187,0,0.935,0.3570681727174683,-0.31405901438989003,-1.0505276460727595,0.020813969105946645,0.033971141968653196,0.10659196080031146,0.9462932020410054,0.9521146051600997,0.32306939712850924,0.41974898149187484,1.047558915180243,1.0415405206403785,0.998826688121721,-7.998485050249401
527,30527,30527,30527,6a22834,ckpt_sac_full_00349944,0,0,0,unsafe,63,289.9932599446055,nan,nan,-1,0,30.0,0.45,20.0,1.0,25,1,200,0.002,100,10.0,1.0,0,51,0,0.8095238095238095,0.3134918660206587,-0.47918617478845493,-2.9523195773615885,0.024127467635626617,0.037262768649688,0.041201203904855,1.4835905596499193,0.8845425265264033,0.32882720090173,0.44492130776380634,1.0245095227003156,1.0046181489430084,1.1760081277369197,-43.80802577547256
528,30528,30528,30528,6a22834,ckpt_sac_full_00349944,0,1,0,timeout,200,254.8454894645446,nan,nan,-1,1,30.0,0.45,20.0,1.0,25,1,200,0.002,100,10.0,1.0,0,181,0,0.905,0.3494247382423812,-0.4134872703808652,-3.03436137530428,0.025988651749845763,0.03382149676194179,0.06219082381127146,1.6755680619153213,1.3635639322411428,0.3863166631074689,0.31653510286907666,1.1274257698622652,1.026073396321926,0.9186736800068368,20.318319137893887
529,30529,30529,30529,6a22834,ckpt_sac_full_00349944,1,1,1,success,99,25.554627946468614,33.92636161897031,8.304341964370996,93,1,30.0,0.45,20.0,1.0,25,1,200,0.002,100,10.0,1.0,0,66,0,0.6666666666666666,0.3619868438434019,-0.30333979563859803,0.12652735864773135,0.023163476036945466,0.035545690874750235,0.0808152496373242,1.930797347608374,0.8217864459575597,0.38535346644098445,0.6231027876207915,0.9508605151914521,1.0275090198504115,1.1900926136854189,285.42989050788447
530,30530,30530,30530,6a22834,ckpt_sac_full_00349944,0,1,0,timeout,200,455.03250033961586,nan,nan,-1,1,30.0,0.45,20.0,1.0,25,1,200,0.002,100,10.0,1.0,0,187,0,0.935,0.3636775557229221,-0.6874394189289278,-0.8209335869848133,0.026040250467922653,0.030615721505203353,0.09583627093995079,1.301128192409203,0.8466284137867295,0.38896833485375804,0.5135145746354184,1.0552452288790115,1.0258515677908357,0.9948212819393829,21.009603328422518
531,30531,30531,30531,6a22834,ckpt_sac_full_00349944,0,0,0,timeout,200,379.0881414429167,nan,nan,-1,1,30.0,0.45,20.0,1.0,25,1,200,0.002,100,10.0,1.0,0,183,0,0.915,0.30608433392475176,-0.7290727249153581,-1.9253864700520833,0.02108876772612618,0.030691207905912284,0.07629308929476993,1.3356351874221923,0.6643221425659926,0.3124730410531368,0.5897356996968739,1.0002778547579827,0.9882489528044199,0.8854444480604735,-3.3021496076606667
532,30532,30532,30532,6a22834,ckpt_sac_full_00349944,0,1,0,unsafe,43,216.92348521558927,nan,nan,-1,0,30.0,0.45,20.0,1.0,25,1,200,0.002,100,10.0,1.0,0,27,0,0.627906976744186,0.30572862523492034,-0.4107336233114561,-0.3030045838538724,0.021126002472249255,0.030957406152549924,0.08868494631471921,1.937673351584264,1.2824916279256893,0.33136251168428243,0.388194194268474,1.0409099764413126,0.9839968477195752,1.1321815330979041,-17.586547293035494
533,30533,30533,30533,6a22834,ckpt_sac_full_00349944,0,0,0,timeout,200,210.56312434471772,nan,nan,-1,0,30.0,0.45,20.0,1.0,25,1,200,0.002,100,10.0,1.0,0,178,0,0.89,0.3870773817096148,-0.37162873248738315,1.4204603487535143,0.023364129563117862,0.03940414859343052,0.07224655153913451,1.8451116613495013,0.9457553160547724,0.3238572470863804,0.25501108634324676,0.9706909950362805,1.124403807189082,1.1030951641595137,-16.17628820838286
534,30534,30534,30534,6a22834,ckpt_sac_full_00349944,0,0,0,timeout,200,447.9667127689147,nan,nan,-1,1,30.0,0.45,20.0,1.0,25,1,200,0.002,100,10.0,1.0,0,183,0,0.915,0.36382715619420725,-0.6774621004766868,-1.763341690824837,0.021938340216348523,0.03207850202421897,0.10247235264160964,1.3061782976284855,1.0150409975526113,0.3374157211264642,0.694343489018664,1.0257601222264554,1.002440484707657,1.0875208547021502,2.260205721777216
535,30535,30535,30535,6a22834,ckpt_sac_full_00349944,0,1,0,unsafe,28,255.6038223618034,nan,nan,-1,0,30.0,0.45,20.0,1.0,25,1,200,0.002,100,10.0,1.0,0,15,0,0.5357142857142857,0.3179330760015906,-0.28696126538182076,2.802201123656184,0.026058251160627176,0.03001931815607421,0.04592081215651108,0.9347482561847728,0.7951062494040824,0.38042584258096745,0.444216358380769,1.0662813286302695,1.0689972020776617,1.0364258735423855,-17.001535033692853
536,30536,30536,30536,6a22834,ckpt_sac_full_00349944,0,0,0,timeout,200,340.3418263333998,nan,nan,-1,1,30.0,0.45,20.0,1.0,25,1,200,0.002,100,10.0,1.0,0,181,0,0.905,0.3606659205254219,-0.30475888966843473,-0.19761884764709592,0.023173830721605216,0.037763303707683445,0.06121574804583933,1.406023930158832,1.0974275218121252,0.3721063288342489,0.6483159180525178,1.0951640789408557,1.1090883632087851,1.133677964323003,0.5792064987056829
537,30537,30537,30537,6a22834,ckpt_sac_full_00349944,0,0,0,timeout,200,245.50374431897885,nan,nan,-1,1,30.0,0.45,20.0,1.0,25,1,200,0.002,100,10.0,1.0,0,180,0,0.9,0.36337556592356873,-0.28523719299722367,-0.6728742046708711,0.023780248635127805,0.03520374974423169,0.04864149745120799,1.9890443743234918,1.2662443263892986,0.3474197205333673,0.5747257086836886,0.9415476032414899,1.0193257979580903,1.0235725278175007,-2.7618736221369327
538,30538,30538,30538,6a22834,ckpt_sac_full_00349944,0,1,0,timeout,200,180.1139584795667,nan,nan,-1,1,30.0,0.45,20.0,1.0,25,1,200,0.002,100,10.0,1.0,68,182,0,0.91,0.34616052347268855,-0.34044241619008675,1.6762560621155806,0.025353350266632126,0.03550153512375625,0.10774090499405539,1.776347907029252,0.7600553023018403,0.3404223554667534,0.211070730456077,1.048517153808459,1.0520015859957252,1.080754777697136,-41.014917897779384
539,30539,30539,30539,6a22834,ckpt_sac_full_00349944,1,1,1,success,72,30.211118861496626,19.814880738549544,2.4537180378875822,69,1,30.0,0.45,20.0,1.0,25,1,200,0.002,100,10.0,1.0,0,48,0,0.6666666666666666,0.36395197571872384,-0.5448247458611887,0.35429696139045186,0.022018134829712852,0.03340222858107883,0.03110513027807689,1.3348985879214545,0.6551958248111116,0.33756600620500093,0.5097304775144922,1.0929916790159093,1.1026558949326937,1.2503930240032295,284.00337002101696
540,30540,30540,30540,6a22834,ckpt_sac_full_00349944,0,0,0,unsafe,27,310.8695987839679,nan,nan,-1,0,30.0,0.45,20.0,1.0,25,1,200,0.002,100,10.0,1.0,0,16,0,0.5925925925925926,0.3249911683674554,-0.41360491477314165,0.7707352870245345,0.026588936723361926,0.03995722500249266,0.05916957922021722,0.8357763463822161,1.1592871413924315,0.3324209124819673,0.5682108098288856,1.0193323059435888,1.0479120933451973,1.1521017606663024,-39.52182697626391
541,30541,30541,30541,6a22834,ckpt_sac_full_00349944,0,0,0,timeout,200,453.12837170122606,nan,nan,-1,1,30.0,0.45,20.0,1.0,25,1,200,0.002,100,10.0,1.0,0,185,0,0.925,0.32292389791968307,-0.6746684879714654,1.397904042639695,0.02124518631700153,0.030150685591835254,0.10775080922277736,1.9110245183588235,1.1920375272451929,0.37130348818947784,0.6754413354054711,1.04933061681586,0.9544406873517703,0.9314456622315709,4.886352209650224
542,30542,30542,30542,6a22834,ckpt_sac_full_00349944,0,1,0,timeout,200,301.67771922204093,nan,nan,-1,1,30.0,0.45,20.0,1.0,25,1,200,0.002,100,10.0,1.0,0,183,0,0.915,0.3136763177889164,-0.3801525845693645,2.2219518804905647,0.02349053986449275,0.03608285408419491,0.04332140628227644,0.9796585035221186,1.0783153786500626,0.3163251780038556,0.5745967879295625,0.992413148503396,1.0010334272261363,1.1684965481480343,0.5123241474664835
543,30543,30543,30543,6a22834,ckpt_sac_full_00349944,0,1,0,timeout,200,57.75368600299586,19.34892828416533,41.20646072722235,72,0,30.0,0.45,20.0,1.0,25,1,200,0.002,100,10.0,1.0,0,184,0,0.92,0.3755189614385427,-0.5185623601391888,-1.9349189684573056,0.024531950310151162,0.03990023393750275,0.04534009506499552,1.2884874635757833,0.6282749858512287,0.31621657879525455,0.3512203991934454,0.9959558258665366,0.9609776513447742,0.9435477555768313,32.992679942978015
544,30544,30544,30544,6a22834,ckpt_sac_full_00349944,0,0,0,unsafe,32,290.7955086903016,nan,nan,-1,0,30.0,0.45,20.0,1.0,25,1,200,0.002,100,10.0,1.0,0,17,0,0.53125,0.32261367666333185,-0.47391777504459365,-1.105594755215154,0.027418967520276744,0.0337094854469033,0.04563191553116985,1.0093593793591265,1.2532342060295059,0.3435079699562151,0.42565582180527783,0.9970618973654913,0.9934249324676223,0.9750009778007731,-39.14827838863968
545,30545,30545,30545,6a22834,ckpt_sac_full_00349944,0,0,0,timeout,200,380.692243861245,nan,nan,-1,1,30.0,0.45,20.0,1.0,25,1,200,0.002,100,10.0,1.0,0,168,0,0.84,0.3272567098286077,-0.5278661257392266,2.034115016677262,0.02077544633672846,0.03451381529932555,0.03396553206122933,1.6741266001017423,1.3575578998809072,0.3279280161496184,0.7121593110963262,1.0642438687790479,1.0502769897514825,1.1118083925466324,2.638270117627987
546,30546,30546,30546,6a22834,ckpt_sac_full_00349944,0,1,0,timeout,200,66.46318383885833,nan,nan,-1,1,30.0,0.45,20.0,1.0,25,1,200,0.002,100,10.0,1.0,0,187,0,0.935,0.3718288797524494,-0.26878585799495663,1.2059606170406774,0.027097797700933485,0.03710823275180183,0.11219716872584556,0.8183910469291193,1.3411885136595543,0.34106684500714607,0.19315969589756232,1.066229575762895,0.9817668277415743,1.014498523502673,14.310791906772451
547,30547,30547,30547,6a22834,ckpt_sac_full_00349944,0,1,0,timeout,200,241.6884413508818,nan,nan,-1,1,30.0,0.45,20.0,1.0,25,1,200,0.002,100,10.0,1.0,0,184,0,0.92,0.36546315283683817,-0.418481097654227,1.46280524159926,0.024521172529730448,0.03167071151746875,0.05392912401096174,1.8842933620691005,1.2885346431980909,0.3620758365065852,0.3131026990289544,1.004108067985584,0.9761410561133212,1.1567830390871339,17.852422895374044
548,30548,30548,30548,6a22834,ckpt_sac_full_00349944,0,0,0,timeout,200,241.03055614689532,nan,nan,-1,1,30.0,0.45,20.0,1.0,25,1,200,0.002,100,10.0,1.0,0,179,0,0.895,0.3745215155700101,-0.30813829213453786,-0.381495555343776,0.020658088673082355,0.03141993816440634,0.10023791776531212,1.1428317908175463,0.9526729262160655,0.30388104051316384,0.38899350304210323,0.9653586670859174,1.0362960541378095,1.1687101968368578,-5.311689009726141
549,30549,30549,30549,6a22834,ckpt_sac_full_00349944,0,1,0,timeout,200,449.31436361944117,nan,nan,-1,1,30.0,0.45,20.0,1.0,25,1,200,0.002,100,10.0,1.0,0,188,0,0.94,0.31375440471664473,-0.30274676495669484,-0.7562634892813134,0.02673685862260058,0.03457301445152613,0.11663370702041102,1.125455469821314,1.0434758821029537,0.3389068789298506,0.5399449114677339,1.035413274973328,0.9765564237539267,0.9625558247221977,9.610201694880086
550,30550,30550,30550,6a22834,ckpt_sac_full_00349944,0,0,0,unsafe,29,353.3984868457737,nan,nan,-1,1,30.0,0.45,20.0,1.0,25,1,200,0.002,100,10.0,1.0,0,16,0,0.5517241379310345,0.35398921219469415,-0.43997437674570644,-2.6785047228444214,0.021188046113316393,0.031978988792129015,0.11087764136402771,1.189400968310843,1.32896041990934,0.3627712179648175,0.5853593266703183,0.9918440401217147,1.042193844699992,1.2403469358995483,-39.456984022014524
551,30551,30551,30551,6a22834,ckpt_sac_full_00349944,0,0,0,timeout,200,362.8482278712609,nan,nan,-1,1,30.0,0.45,20.0,1.0,25,1,200,0.002,100,10.0,1.0,0,118,0,0.59,0.3306755613730846,-0.4775257004048993,0.12998933991514416,0.026206487067639,0.03415396353735948,0.07336065376677589,1.786943067095918,0.9889111685303962,0.344770838818238,0.6523444060172279,1.0979746020224677,0.9019748354166747,1.092586084936146,-19.528747580835716
552,30552,30552,30552,6a22834,ckpt_sac_full_00349944,0,0,0,timeout,200,367.661474039408,nan,nan,-1,0,30.0,0.45,20.0,1.0,25,1,200,0.002,100,10.0,1.0,0,186,0,0.93,0.371782711749335,-0.6418172592679674,-1.7877241439852078,0.02677133887943512,0.033155879635812624,0.10479460785621487,1.6522713754524994,1.1971222895946574,0.3156695325006266,0.47639735215211165,0.9858302891928307,0.9704573468314598,1.1160387718146279,-2.9437509974901683
553,30553,30553,30553,6a22834,ckpt_sac_full_00349944,0,1,0,unsafe,36,438.6512130037369,nan,nan,-1,0,30.0,0.45,20.0,1.0,25,1,200,0.002,100,10.0,1.0,0,28,0,0.7777777777777778,0.3366900719295107,-0.6674178940630907,-0.015814773396083837,0.02075726532341236,0.031368489538143515,0.07556209478379994,1.97672792217702,1.2440324073875746,0.3899405569774587,0.6146469027692547,1.0402447021872951,0.9399011702802798,0.9304505701617136,-16.06390781102769
554,30554,30554,30554,6a22834,ckpt_sac_full_00349944,0,0,0,unsafe,43,360.71143964285375,nan,nan,-1,0,30.0,0.45,20.0,1.0,25,1,200,0.002,100,10.0,1.0,0,24,0,0.5581395348837209,0.32772309578511716,-0.615006495708663,-0.6027151340393675,0.02649835544012459,0.030506134194591538,0.05175041657039903,1.3916602737667985,0.9128148762225186,0.3593991973822986,0.4794647253005605,1.1551712780981873,0.9868937361692659,1.1299817267504677,-41.72180647307663
555,30555,30555,30555,6a22834,ckpt_sac_full_00349944,1,1,0,success,69,34.50687163664555,57.18738232091919,21.52826560849374,60,1,30.0,0.45,20.0,1.0,25,1,200,0.002,100,10.0,1.0,0,49,0,0.7101449275362319,0.3823079846445615,-0.287667840473707,2.5918091624894357,0.021406762549648062,0.03306387479870429,0.08671909013372643,1.2456162695037198,0.8917783217560669,0.33963098990891327,0.4555498043257315,1.0026599311022455,1.0712893752232306,1.2870443377414498,241.91891134750804
556,30556,30556,30556,6a22834,ckpt_sac_full_00349944,0,1,0,timeout,200,381.39798621808933,nan,nan,-1,0,30.0,0.45,20.0,1.0,25,1,200,0.002,100,10.0,1.0,0,187,0,0.935,0.3183911315417965,-0.44951996514277237,0.39440898944806024,0.020443505528088327,0.03585319999422393,0.10987717863306717,1.445563005920134,0.9796694828931294,0.3510289200090701,0.7295129146750579,1.1088635342060607,1.0611131698865717,1.1543874837637238,-40.11316319664479
557,30557,30557,30557,6a22834,ckpt_sac_full_00349944,0,0,0,timeout,200,369.85232133664886,nan,nan,-1,1,30.0,0.45,20.0,1.0,25,1,200,0.002,100,10.0,1.0,0,183,0,0.915,0.3780221686646919,-0.36554186202878247,-2.238417910236558,0.026003530351529597,0.03452912219674316,0.03532249602771924,0.8093450771539517,0.6114713377138351,0.3382566244153693,0.6560989997370111,0.9765600914281601,1.0787462418162659,1.0992172623996135,2.352929120279232
558,30558,30558,30558,6a22834,ckpt_sac_full_00349944,0,1,0,timeout,200,188.35515013366165,nan,nan,-1,1,30.0,0.45,20.0,1.0,25,1,200,0.002,100,10.0,1.0,0,193,0,0.965,0.34720687020126845,-0.23107293426812875,-1.1683494726299872,0.026410165632083395,0.03574890253614764,0.04450118145861082,0.8786210391027152,1.231753532218102,0.3114062163371218,0.41508370280341916,1.0091624464945537,1.0537848251149617,1.0210389889112315,-3.530657406646179
559,30559,30559,30559,6a22834,ckpt_sac_full_00349944,0,0,0,timeout,200,287.2152929314741,nan,nan,-1,1,30.0,0.45,20.0,1.0,25,1,200,0.002,100,10.0,1.0,0,188,0,0.94,0.36727074178549557,-0.6386912343421418,1.6715882553339458,0.02130252319865482,0.03375297086139358,0.0409792445014808,1.2266475766128382,1.222513357854697,0.3334530641041881,0.20271078685372498,1.0056025006736662,0.9654905177904042,1.092230849484005,-1.8724850809711537
560,30560,30560,30560,6a22834,ckpt_sac_full_00349944,0,0,0,timeout,200,263.91355107224973,nan,nan,-1,1,30.0,0.45,20.0,1.0,25,1,200,0.002,100,10.0,1.0,0,178,0,0.89,0.301987538706495,-0.5870170483552333,-2.7776097935353072,0.02440269572969745,0.03179953978188889,0.09844409643164605,1.4667654230626592,0.9187970016080071,0.3073516945257267,0.30895616960368877,0.9704179305820096,1.132424014580815,1.2765761979901977,-3.019239642952348
561,30561,30561,30561,6a22834,ckpt_sac_full_00349944,0,1,0,object_lost,156,239.88494770503783,nan,nan,-1,0,30.0,0.45,20.0,1.0,25,1,200,0.002,100,10.0,1.0,0,136,0,0.8717948717948718,0.3504072744057866,-0.34048212676279443,-1.5984757352647605,0.02371827989779145,0.0302365094485229,0.10783555670762057,1.4824289411717666,1.1711706047752428,0.3556939169100608,0.6328957033308671,1.0845862201011052,1.0843880845176337,1.0025509621565876,-195.3456593299621
562,30562,30562,30562,6a22834,ckpt_sac_full_00349944,0,0,0,timeout,200,345.7960719891232,nan,nan,-1,1,30.0,0.45,20.0,1.0,25,1,200,0.002,100,10.0,1.0,0,195,0,0.975,0.37053503740878924,-0.7237952439776354,-1.2898070373509574,0.021120411132818602,0.031299135946822855,0.10920549904107006,1.4755598526011668,1.2373247672171925,0.31348581872923786,0.33062451131731474,1.1017494682575164,1.0505415776264975,1.0052673347290444,-0.7786386273177529
563,30563,30563,30563,6a22834,ckpt_sac_full_00349944,0,1,0,unsafe,28,244.0204200468131,nan,nan,-1,0,30.0,0.45,20.0,1.0,25,1,200,0.002,100,10.0,1.0,0,18,0,0.6428571428571429,0.30668304771562316,-0.4893812426978241,-2.312530555939717,0.02580822188287367,0.03318529826171204,0.052599537360627516,1.3732658597587326,1.2429863680815503,0.3531105899613436,0.2542193986404909,1.0152694413593586,1.0427192246662702,1.0995298611617081,-16.30311587796887
564,30564,30564,30564,6a22834,ckpt_sac_full_00349944,0,0,0,timeout,200,383.488210437588,nan,nan,-1,1,30.0,0.45,20.0,1.0,25,1,200,0.002,100,10.0,1.0,0,179,0,0.895,0.30803570192840307,-0.49307069052888075,-1.2294193884649525,0.027510403335359535,0.036547036136480804,0.055704692030560055,1.4825773164525953,0.7019172529878016,0.3757692785908677,0.5908262688967354,1.0479850645354394,0.9989914430128327,0.9353871815865985,0.18422189028424032
565,30565,30565,30565,6a22834,ckpt_sac_full_00349944,0,0,0,timeout,200,387.14181896554635,nan,nan,-1,1,30.0,0.45,20.0,1.0,25,1,200,0.002,100,10.0,1.0,0,185,0,0.925,0.3356276936136619,-0.6351857874911241,-2.0749657036977243,0.026237731155055097,0.03585323132504906,0.0674517711873911,1.791055517003917,0.6967876691673707,0.3287282960025394,0.5342212043111797,1.064798863975874,1.0131532831765597,0.9790368452795679,4.349627887439187
566,30566,30566,30566,6a22834,ckpt_sac_full_00349944,0,0,0,timeout,200,534.7672868495532,nan,nan,-1,1,30.0,0.45,20.0,1.0,25,1,200,0.002,100,10.0,1.0,0,176,0,0.88,0.3853756797172996,-0.6896073132969027,-1.456895846419837,0.020677101742230135,0.03784177291281958,0.042581266784899215,1.0007204082655459,0.8274431070780343,0.3873674861919257,0.6636107167517815,0.9983366605724177,1.0565079079855013,1.1159813540666357,3.206178145644662
567,30567,30567,30567,6a22834,ckpt_sac_full_00349944,0,1,0,timeout,200,301.39781635015663,nan,nan,-1,1,30.0,0.45,20.0,1.0,25,1,200,0.002,100,10.0,1.0,0,188,0,0.94,0.3492237926698437,-0.42352402857807714,0.861641887290582,0.025493995014031764,0.03774134585798113,0.11904862574349218,1.3100270692861447,0.6585041327778481,0.3223473728736732,0.5280239907885816,0.9967983529570477,0.9967200351311167,1.1879133112561615,19.349872136950612
568,30568,30568,30568,6a22834,ckpt_sac_full_00349944,0,1,0,timeout,200,351.8481994302924,nan,nan,-1,1,30.0,0.45,20.0,1.0,25,1,200,0.002,100,10.0,1.0,0,188,0,0.94,0.3017912283818728,-0.538254885341092,-0.6507083387786912,0.022169541799445247,0.03650090821678664,0.04767333636002772,1.3056397242569884,0.9971395135273413,0.38854180753656686,0.3290523784941034,0.9738306112393025,1.0658791981123952,0.988426905746746,29.39382393384705
569,30569,30569,30569,6a22834,ckpt_sac_full_00349944,0,0,0,timeout,200,425.054242737758,nan,nan,-1,1,30.0,0.45,20.0,1.0,25,1,200,0.002,100,10.0,1.0,0,177,0,0.885,0.35200873959571316,-0.6504065129585814,1.7718994730037831,0.022333008271051082,0.034506982539439644,0.03493081950935025,0.8641189050062513,1.1932687010630374,0.35248545647024127,0.619416433047286,0.9115667581753175,1.0463946132768591,0.8099566525111834,3.06902900857212
570,30570,30570,30570,6a22834,ckpt_sac_full_00349944,1,1,1,success,76,16.4256197278169,5.872931595333641,14.016768123642978,70,1,30.0,0.45,20.0,1.0,25,1,200,0.002,100,10.0,1.0,0,65,0,0.8552631578947368,0.3307042195511527,-0.6388625843834694,-0.6456188321358725,0.0251651181464768,0.03073951415041821,0.058554211956798066,1.5647079198495313,0.608066769142412,0.3600495007698399,0.25944361362379176,1.0461716566944657,0.9856919007699437,1.2803311405235314,284.67988739423134
571,30571,30571,30571,6a22834,ckpt_sac_full_00349944,0,0,0,unsafe,29,245.12036875003685,nan,nan,-1,1,30.0,0.45,20.0,1.0,25,1,200,0.002,100,10.0,1.0,0,17,0,0.5862068965517241,0.31521303204851764,-0.41416469906919556,1.9961543655526528,0.02304396018451277,0.03654491561114625,0.08956172765549858,1.050392382279333,0.9408453858962593,0.3559077636571811,0.32270709993737207,1.0423242504033108,0.9836715629677417,1.0972155042048366,-40.5440949760163
572,30572,30572,30572,6a22834,ckpt_sac_full_00349944,0,0,0,timeout,200,469.17683463463646,nan,nan,-1,1,30.0,0.45,20.0,1.0,25,1,200,0.002,100,10.0,1.0,0,191,0,0.955,0.36273045550192884,-0.718185341096012,1.653743700338576,0.025521170049656025,0.03913382115071323,0.09702287149617018,0.8805212204574167,0.9304688885050052,0.3602364254097702,0.6920025759889908,1.0957658211833228,1.089735020286564,0.9531200606523871,0.5555814622425181
573,30573,30573,30573,6a22834,ckpt_sac_full_00349944,0,1,0,unsafe,53,353.3021330014326,nan,nan,-1,0,30.0,0.45,20.0,1.0,25,1,200,0.002,100,10.0,1.0,0,39,0,0.7358490566037735,0.3691663714348987,-0.3522371606062102,-2.6188628370047757,0.025718670207443436,0.0383681089834673,0.1007109716458505,1.5152766197010046,1.035248152446779,0.3737441372447151,0.6264674341829207,0.9825468036273826,0.9971334100877618,1.0608068988005879,-42.7848080565446
574,30574,30574,30574,6a22834,ckpt_sac_full_00349944,0,1,0,timeout,200,310.9850948179403,nan,nan,-1,1,30.0,0.45,20.0,1.0,25,1,200,0.002,100,10.0,1.0,0,186,0,0.93,0.3635987418106235,-0.5032469700778681,-1.0774342044303364,0.02287498590792413,0.03844365859361851,0.07562075851261775,1.6385364839562553,1.0516742599051478,0.3685419314110315,0.47014557748717406,1.0475492751355608,0.9480388419434629,1.0854897482173487,19.86493881485613
575,30575,30575,30575,6a22834,ckpt_sac_full_00349944,0,1,0,unsafe,93,356.0892916372952,nan,nan,-1,1,30.0,0.45,20.0,1.0,25,1,200,0.002,100,10.0,1.0,0,84,0,0.9032258064516129,0.3536678522891728,-0.4713160440543601,-0.9632613558500442,0.026442368982640622,0.031201252859411353,0.04018240721802414,1.1527264220288993,0.9390812374582471,0.36557035363536367,0.4888820055754676,1.0502853943445856,1.0536288783656356,0.9529284197119385,-20.803028822836588
576,30576,30576,30576,6a22834,ckpt_sac_full_00349944,0,0,0,timeout,200,236.09237050415604,nan,nan,-1,1,30.0,0.45,20.0,1.0,25,1,200,0.002,100,10.0,1.0,0,180,0,0.9,0.3319474445533963,-0.5226404623167158,2.6270996775916453,0.024816052007590576,0.031365528940498995,0.05317112086366879,1.5357061544738793,1.1453895168921049,0.31811950558007657,0.22763240978038138,1.1120455281294694,1.0257135846406231,1.0344363724987164,-2.9872062435984943
577,30577,30577,30577,6a22834,ckpt_sac_full_00349944,0,0,0,timeout,200,464.1493483887495,nan,nan,-1,1,30.0,0.45,20.0,1.0,25,1,200,0.002,100,10.0,1.0,0,165,0,0.825,0.3127332754471706,-0.6289255592650701,-2.5847918511309915,0.021046469320190005,0.03847073382918919,0.11810039125834187,0.8531132411909172,1.152600250566433,0.36773598467628954,0.5546889216709779,0.9283072633836807,1.072041465865145,0.9431969316947035,-3.9224055450332194
578,30578,30578,30578,6a22834,ckpt_sac_full_00349944,0,0,0,timeout,200,361.10916682805856,nan,nan,-1,1,30.0,0.45,20.0,1.0,25,1,200,0.002,100,10.0,1.0,0,182,0,0.91,0.3437328293753329,-0.5770608774477302,-1.116846169663615,0.026480213047756305,0.03597722810188204,0.10390100202301586,1.178899824426113,0.7361211827328343,0.3481944656583849,0.5143193296996592,0.9397177559589339,1.0294237481621056,1.114628688176273,-0.6246470906612807
579,30579,30579,30579,6a22834,ckpt_sac_full_00349944,0,0,0,timeout,200,364.9729149107965,nan,nan,-1,1,30.0,0.45,20.0,1.0,25,1,200,0.002,100,10.0,1.0,0,193,0,0.965,0.3066826989048564,-0.667767547045335,1.675342216058242,0.02547108497997289,0.03620865476184279,0.0880946983983529,1.2154327980117219,1.290948861211192,0.32255879781293756,0.41170246711689,1.007350416518396,1.03123851592962,0.8764043789923955,1.0822641897486003
580,30580,30580,30580,6a22834,ckpt_sac_full_00349944,0,1,0,timeout,200,81.11496016131422,nan,nan,-1,0,30.0,0.45,20.0,1.0,25,1,200,0.002,100,10.0,1.0,0,187,0,0.935,0.36754529549221343,-0.24411969710628262,1.2207245851238335,0.0240192111117701,0.03367546898295615,0.06603985075195533,1.984254975590839,1.342193017389948,0.30429633151790764,0.177797015329274,0.9932491369707394,0.9433577408895378,1.0339295852555561,-9.887764234470385
581,30581,30581,30581,6a22834,ckpt_sac_full_00349944,1,1,1,success,105,28.39187144357855,32.44912670707539,23.212842315556685,97,1,30.0,0.45,20.0,1.0,25,1,200,0.002,100,10.0,1.0,0,78,0,0.7428571428571429,0.34278478142855745,-0.31330388994067865,-2.7606424202776516,0.02565180103519192,0.032549877477033105,0.05923012818868186,1.5721426647473744,0.6992454677834528,0.3646383810192455,0.23068690181915225,0.9378343166808517,1.10304739828503,0.9888670150826552,260.51142634568873
582,30582,30582,30582,6a22834,ckpt_sac_full_00349944,0,0,0,timeout,200,394.971994029077,nan,nan,-1,1,30.0,0.45,20.0,1.0,25,1,200,0.002,100,10.0,1.0,0,189,0,0.945,0.38025429613576883,-0.5010522229335038,1.652020471797428,0.026277413176513244,0.035591171695091114,0.10602655528555288,1.301539983189841,1.082153942353957,0.3446527292104688,0.5773283156177633,1.0943493967480147,0.994379803679655,0.996672333398198,-0.6127573418300545
583,30583,30583,30583,6a22834,ckpt_sac_full_00349944,0,1,0,object_lost,96,530.1947036620269,nan,nan,-1,0,30.0,0.45,20.0,1.0,25,1,200,0.002,100,10.0,1.0,0,79,0,0.8229166666666666,0.3670707412878229,-0.7059482149006773,2.215846325426016,0.024072374812894613,0.03795702036769185,0.03198650035936435,1.4714281100287234,0.7904840138447039,0.33139148373460053,0.5015420681027728,0.9965377615331349,0.9831735148408871,1.065600679944443,-155.35749270787437
584,30584,30584,30584,6a22834,ckpt_sac_full_00349944,1,1,1,success,76,17.341534688614683,15.588060811886644,7.304448581377529,69,1,30.0,0.45,20.0,1.0,25,1,200,0.002,100,10.0,1.0,3,51,0,0.6710526315789473,0.34490343878108076,-0.4810953901265933,0.42141037809941784,0.027306020850215183,0.03936865430238994,0.07871737884742923,1.6415393162914358,0.8004624036391417,0.3615882419881004,0.4184818885223674,1.0669506062237246,1.0705998081972603,1.0258455812213896,280.02081629561667
585,30585,30585,30585,6a22834,ckpt_sac_full_00349944,0,0,0,timeout,200,232.26424296305242,nan,nan,-1,0,30.0,0.45,20.0,1.0,25,1,200,0.002,100,10.0,1.0,0,165,0,0.825,0.34215812916186517,-0.375084055900969,-0.40286496129494553,0.02183311955842741,0.03909646466069655,0.10152144809277149,1.3071571776426891,1.1719315308139304,0.3638808618340733,0.34945165693178826,0.9753316075207371,0.9625038069089565,1.351488102573246,-11.815817991420335
586,30586,30586,30586,6a22834,ckpt_sac_full_00349944,0,0,0,timeout,200,197.66983766922388,nan,nan,-1,1,30.0,0.45,20.0,1.0,25,1,200,0.002,100,10.0,1.0,20,185,0,0.925,0.3320590137840332,-0.44683353368072826,2.106414173822154,0.02359278532780119,0.0336896336490305,0.09936365396749007,0.9097810860925136,1.3734340910214318,0.3679882629662119,0.29781051358713984,1.015983185724633,1.0792354925349923,1.1497254819291713,-19.4541237093925
587,30587,30587,30587,6a22834,ckpt_sac_full_00349944,1,1,1,success,93,24.515344682821077,20.86051616888561,4.43197577537828,80,1,30.0,0.45,20.0,1.0,25,1,200,0.002,100,10.0,1.0,0,67,0,0.7204301075268817,0.32903928544229727,-0.35096383365853556,-0.554519545151106,0.021452806360489744,0.03756544487271773,0.06478977311837888,0.9671460005111737,0.6416780212959711,0.3399920248216195,0.20946612755857738,1.0319853583793666,1.09908206141114,1.0031091439506266,277.4453639530526
588,30588,30588,30588,6a22834,ckpt_sac_full_00349944,0,0,0,object_lost,81,415.33615555784945,nan,nan,-1,0,30.0,0.45,20.0,1.0,25,1,200,0.002,100,10.0,1.0,0,66,0,0.8148148148148148,0.3542845340737824,-0.3306337078683283,-2.830897959884569,0.026948622509711917,0.04020992656751343,0.031949491912048,0.8639511363011543,0.9181009025843244,0.32426873068406037,0.592768996776738,1.0453418533369432,0.9474959422456545,0.8163314256661611,-200.69276999232042
589,30589,30589,30589,6a22834,ckpt_sac_full_00349944,0,1,0,timeout,200,362.5737190440834,nan,nan,-1,1,30.0,0.45,20.0,1.0,25,1,200,0.002,100,10.0,1.0,0,177,0,0.885,0.33136260370597537,-0.588137919230395,-2.2498588201381775,0.02050782793360701,0.03416687512880113,0.05169563874566942,0.934580400562936,1.3380574404918932,0.3798384122300536,0.39215248931419394,1.0604906898708217,0.9881039039325213,1.0038474138377376,28.27568320833967
590,30590,30590,30590,6a22834,ckpt_sac_full_00349944,0,0,0,timeout,200,249.49777729644214,nan,nan,-1,1,30.0,0.45,20.0,1.0,25,1,200,0.002,100,10.0,1.0,0,173,0,0.865,0.3495511814127951,-0.4931099931125834,-1.7179566874200676,0.02366063871580243,0.03757035670888625,0.036340838126016684,0.8972237818550927,0.7320517825990827,0.3307646940545398,0.2672459519969251,0.9657423506135486,1.1023172583664294,1.0690719933182815,-5.1149582962335804
591,30591,30591,30591,6a22834,ckpt_sac_full_00349944,1,1,1,success,93,27.76956244608081,29.850291342354808,8.431868487172295,87,1,30.0,0.45,20.0,1.0,25,1,200,0.002,100,10.0,1.0,2,73,0,0.7849462365591398,0.34215833146707886,-0.6442063160921014,1.0179981677929772,0.02666628692616482,0.03934908829334593,0.06725685047922053,1.0141081814839132,1.1226922478016947,0.36903252115790763,0.5817272074203116,1.0664363928474958,0.9901327510797294,0.870474916109166,283.88524550964513
592,30592,30592,30592,6a22834,ckpt_sac_full_00349944,1,0,0,success,167,44.83498732990779,nan,nan,-1,1,30.0,0.45,20.0,1.0,25,1,200,0.002,100,10.0,1.0,0,160,0,0.9580838323353293,0.3457950798433409,-0.20129805530432843,-2.3648035820761284,0.0241918020633793,0.030258222077391053,0.1036294873886222,1.2121237007081305,1.257099668337892,0.3139693824743807,0.22874425598341777,1.015260507371048,1.009496449558423,1.1432235840788283,198.7436183862059
593,30593,30593,30593,6a22834,ckpt_sac_full_00349944,0,0,0,timeout,200,310.1088171266279,nan,nan,-1,1,30.0,0.45,20.0,1.0,25,1,200,0.002,100,10.0,1.0,0,188,0,0.94,0.3210143967849667,-0.4055233018589572,0.4201031535887587,0.02253440082975724,0.03122513701760214,0.06496627123281334,1.7332469048603936,0.8849056825614698,0.36466356739829897,0.5170068139994247,1.0475220444410234,1.1037874352818993,0.9914501527728194,-1.372675513893895
594,30594,30594,30594,6a22834,ckpt_sac_full_00349944,0,1,0,timeout,200,354.98871863871875,nan,nan,-1,1,30.0,0.45,20.0,1.0,25,1,200,0.002,100,10.0,1.0,0,180,0,0.9,0.38240005846223973,-0.4174504911916579,-3.0229615913214007,0.023844901910364594,0.036681414385194656,0.06819251984675878,1.1650289926475283,1.0661657781989022,0.3291738783011584,0.5574518866510828,0.9681434388952896,1.0070069336831775,1.0968123035401496,22.783141864082207
595,30595,30595,30595,6a22834,ckpt_sac_full_00349944,0,0,0,timeout,200,189.01659491867892,nan,nan,-1,1,30.0,0.45,20.0,1.0,25,1,200,0.002,100,10.0,1.0,0,186,0,0.93,0.3410174893956733,-0.37733579151087926,-2.2380476276455674,0.02268157798295677,0.029981029019517914,0.04793294903383871,1.9355537799491067,0.7766276818043144,0.34949399210118,0.19851878324631347,0.9393570004859736,0.9432510175678883,1.1114676123550367,1.05035760742233
596,30596,30596,30596,6a22834,ckpt_sac_full_00349944,1,1,0,success,169,38.981852063863236,27.368921227337157,38.77643099083524,103,1,30.0,0.45,20.0,1.0,25,1,200,0.002,100,10.0,1.0,0,136,0,0.8047337278106509,0.3846246435322584,-0.7148926993999243,1.5826083628452814,0.025684664541506096,0.03332147897424982,0.08168827029207712,0.8770084513781624,1.1697352331348512,0.3245609750725888,0.3897923539611615,1.056371236254907,1.0141528710860175,1.1531483257129032,265.2854240118834
597,30597,30597,30597,6a22834,ckpt_sac_full_00349944,0,1,0,timeout,200,142.2116330539373,nan,nan,-1,1,30.0,0.45,20.0,1.0,25,1,200,0.002,100,10.0,1.0,13,178,0,0.89,0.35085999092452297,-0.38628692306625656,-1.833292139515647,0.026164907762718216,0.03513961161530013,0.11277701465676003,1.5772263773927797,1.05619691661377,0.38785025270792084,0.19918654473972808,0.9689016851724167,1.029084879157555,1.0810664170348259,14.937462772143872
598,30598,30598,30598,6a22834,ckpt_sac_full_00349944,0,1,0,unsafe,33,415.2333034744577,nan,nan,-1,1,30.0,0.45,20.0,1.0,25,1,200,0.002,100,10.0,1.0,0,12,0,0.36363636363636365,0.3792568450199665,-0.438190297508581,-0.029802035022453932,0.024135525304955725,0.03317748162081609,0.09595692569625598,1.6574520400354793,1.1918354570463379,0.3836113591060171,0.7088672392541172,1.0303003954545216,1.0087747966668257,1.1284008351475312,-14.84130103822045
599,30599,30599,30599,6a22834,ckpt_sac_full_00349944,0,0,0,unsafe,30,329.7522111723541,nan,nan,-1,0,30.0,0.45,20.0,1.0,25,1,200,0.002,100,10.0,1.0,0,19,0,0.6333333333333333,0.3283793466135711,-0.6380271078945249,1.0501650151683855,0.02431851873651395,0.03319640375568808,0.048381017102868504,1.8433277455747874,0.7883793827119018,0.33215128049694187,0.4060717045321475,0.9856710275745504,1.0225004226038104,0.936416925850905,-38.6286360777599
600,30600,30600,30600,6a22834,ckpt_sac_full_00349944,0,0,0,timeout,200,229.75016027482516,nan,nan,-1,1,30.0,0.45,20.0,1.0,25,1,200,0.002,100,10.0,1.0,1,171,0,0.855,0.34510317873572954,-0.4917704925150459,-2.850190015889531,0.021919668749324456,0.03534320597378576,0.08252170644328435,1.7248697421870784,0.9990926758546244,0.3116050496214331,0.39202241364851187,1.0781124181833903,1.0657238060027543,1.082342849698835,-11.338650655613819
601,30601,30601,30601,6a22834,ckpt_sac_full_00349944,0,1,0,timeout,200,237.3722663035839,nan,nan,-1,1,30.0,0.45,20.0,1.0,25,1,200,0.002,100,10.0,1.0,13,170,0,0.85,0.3322886259341078,-0.5431750259283021,-1.158178315893864,0.026709113816906282,0.038473117029572665,0.048655636745978295,0.8167052094427996,0.819739631314418,0.33548452046729166,0.21277686368561682,1.1250832281173948,1.057144598725619,1.1130638454092117,-23.063824541316826
602,30602,30602,30602,6a22834,ckpt_sac_full_00349944,0,0,0,timeout,200,415.46714657415026,nan,nan,-1,1,30.0,0.45,20.0,1.0,25,1,200,0.002,100,10.0,1.0,0,175,0,0.875,0.3754827220001344,-0.5003964592728944,0.8769061380617638,0.021329107162581008,0.0332745226988295,0.037355887004217526,1.7101810336720247,1.1006500336253489,0.35164365575189954,0.7138781268158618,1.0550124444576816,1.0131515378155511,1.091726850018134,3.710755778444488
603,30603,30603,30603,6a22834,ckpt_sac_full_00349944,0,1,0,timeout,200,220.69416007566372,nan,nan,-1,1,30.0,0.45,20.0,1.0,25,1,200,0.002,100,10.0,1.0,0,188,0,0.94,0.31608720652346545,-0.356574476740424,2.528787079064621,0.024426684829757225,0.033480610444850734,0.07162421008577875,1.6187876843772608,0.6550286869120412,0.30506034482959377,0.3328707768673759,0.9771706590197743,1.0435419171418188,1.184400931642902,17.386896269137612
604,30604,30604,30604,6a22834,ckpt_sac_full_00349944,0,0,0,object_lost,92,395.2837532363834,nan,nan,-1,0,30.0,0.45,20.0,1.0,25,1,200,0.002,100,10.0,1.0,0,74,0,0.8043478260869565,0.38118760957938,-0.22250249072684203,-2.626484560799312,0.023754037981296286,0.03378445582026603,0.04396056672624737,1.2721937194481856,0.6411536273534242,0.3784340566928375,0.4174256495639439,0.9888517452979766,1.0557742255525475,0.7750590140533915,-190.14989238671848
605,30605,30605,30605,6a22834,ckpt_sac_full_00349944,0,0,0,timeout,200,312.39614285997783,nan,nan,-1,0,30.0,0.45,20.0,1.0,25,1,200,0.002,100,10.0,1.0,0,186,0,0.93,0.34508931645548135,-0.6198859155232341,2.2957538006322853,0.022457813124720952,0.03667626637748212,0.09656980602979649,1.995723481372092,1.3151672481693453,0.36514367077054727,0.28866365510955827,1.0471809435509427,1.0021542972244748,1.153896329961138,-2.958859386603219
606,30606,30606,30606,6a22834,ckpt_sac_full_00349944,0,0,0,unsafe,30,355.0952540651654,nan,nan,-1,1,30.0,0.45,20.0,1.0,25,1,200,0.002,100,10.0,1.0,0,23,0,0.7666666666666667,0.3687359154874017,-0.5249531956671107,1.250077263436829,0.025744449792345976,0.030023790602396797,0.07821637614343369,1.3983085774126573,1.390819042585651,0.3221512175832429,0.5421951995527505,1.0728267673523937,1.0416307721305302,1.0597874834671357,-39.43914431573431
607,30607,30607,30607,6a22834,ckpt_sac_full_00349944,0,0,0,timeout,200,444.71461627408706,nan,nan,-1,1,30.0,0.45,20.0,1.0,25,1,200,0.002,100,10.0,1.0,0,183,0,0.915,0.3813219697409711,-0.5649907286665632,2.636786570711278,0.022424175791260426,0.03783745954570709,0.05337041811248125,0.9169700260200591,0.8775690413505295,0.34686780962020203,0.664816257603221,1.0409201943296604,0.9623352453962833,1.1286484066320228,3.1648810791001654
608,30608,30608,30608,6a22834,ckpt_sac_full_00349944,0,0,0,timeout,200,183.1570105120054,nan,nan,-1,1,30.0,0.45,20.0,1.0,25,1,200,0.002,100,10.0,1.0,23,167,0,0.835,0.30876676585747076,-0.2468156531354263,1.4800546794193838,0.026161980990248596,0.03993685717576477,0.0548782699307951,1.7859461085066397,1.3666139439598621,0.33736211276394074,0.4733477911981514,0.9638719493313724,0.9554468046971031,1.115098080560066,-33.628876438322735
609,30609,30609,30609,6a22834,ckpt_sac_full_00349944,0,1,0,unsafe,22,207.24242895606957,nan,nan,-1,1,30.0,0.45,20.0,1.0,25,1,200,0.002,100,10.0,1.0,0,17,0,0.7727272727272727,0.35523041686389595,-0.33043019448780375,-2.2835729055052876,0.023245994137564882,0.034363618716916046,0.09441306763635121,0.9214763930955833,1.3943210952035283,0.3624450647259739,0.2531317870506888,0.9801434707223408,1.025793148237594,1.0161139335012228,-17.193749186319273
610,30610,30610,30610,6a22834,ckpt_sac_full_00349944,0,1,0,timeout,200,328.7517240630665,nan,nan,-1,1,30.0,0.45,20.0,1.0,25,1,200,0.002,100,10.0,1.0,0,185,0,0.925,0.32121009634775044,-0.4296208602309862,-1.7685347886999268,0.022976958855829174,0.030354299586997553,0.04097625360569994,1.4016602928038209,1.0152217822680718,0.33633863139640774,0.5889954714787976,0.951040663797813,0.933150935163024,1.3239235032668866,24.354985203607995
611,30611,30611,30611,6a22834,ckpt_sac_full_00349944,0,1,0,timeout,200,252.29586049849263,nan,nan,-1,0,30.0,0.45,20.0,1.0,25,1,200,0.002,100,10.0,1.0,0,185,0,0.925,0.36401625183242947,-0.26228597672466114,1.1064825647005092,0.02393591076863469,0.03506290813039025,0.10714346213972764,1.685943050694701,1.3170153883301534,0.32317261364884947,0.46264637174513135,1.0342743279745663,1.0086242650644894,0.8152494437461173,0.9217263079579647
612,30612,30612,30612,6a22834,ckpt_sac_full_00349944,0,0,0,timeout,200,331.83021486705496,nan,nan,-1,0,30.0,0.45,20.0,1.0,25,1,200,0.002,100,10.0,1.0,0,170,0,0.85,0.33030398128869637,-0.5167572162490446,-0.7058851695675616,0.021985101377766447,0.034190184113189685,0.09515638289515393,1.2418925361993574,0.9211084874049023,0.3470058172310695,0.5300394825132788,0.9897680944879342,1.0952973672010273,1.2268793629268797,-5.867430823064017
613,30613,30613,30613,6a22834,ckpt_sac_full_00349944,0,0,0,unsafe,39,306.6060598378607,nan,nan,-1,0,30.0,0.45,20.0,1.0,25,1,200,0.002,100,10.0,1.0,0,29,0,0.7435897435897436,0.3421305674601052,-0.6496273332431362,1.2920295382550373,0.02323939244674919,0.03346873378566563,0.060642056370454785,1.3800452077078842,0.8530012094483497,0.3550357526658529,0.2592051915050676,1.0261907318587602,1.0105392288992607,0.9645133208663751,-39.59096766425911
614,30614,30614,30614,6a22834,ckpt_sac_full_00349944,0,1,0,timeout,200,290.51309655020503,nan,nan,-1,1,30.0,0.45,20.0,1.0,25,1,200,0.002,100,10.0,1.0,0,185,0,0.925,0.3077596444085207,-0.6458191162352243,2.097491904564408,0.02236454478572956,0.031152968959135132,0.10739525193495693,1.8629475646802147,0.697604599325538,0.36351749421537244,0.23833466113028826,1.0151480387531577,1.0592648470312602,1.0082933613843386,35.02857808448531
615,30615,30615,30615,6a22834,ckpt_sac_full_00349944,0,0,0,timeout,200,420.08823062335784,nan,nan,-1,1,30.0,0.45,20.0,1.0,25,1,200,0.002,100,10.0,1.0,0,177,0,0.885,0.3381020304357115,-0.683015965502591,2.1380264417764607,0.02718076023907462,0.03352065437362988,0.09253199671073983,1.1026394580424612,0.9905491672786042,0.31265392221113397,0.6250824735288104,1.054457958750541,1.0922455897406265,1.126152176107376,1.4090067536167625
616,30616,30616,30616,6a22834,ckpt_sac_full_00349944,0,1,0,timeout,200,75.43743472555384,93.29440744980897,15.317283164330725,103,0,30.0,0.45,20.0,1.0,25,1,200,0.002,100,10.0,1.0,0,150,0,0.75,0.31024504673301717,-0.48797682824609256,-0.09845292223747837,0.027093715572250026,0.035282437308407855,0.10514059167305692,1.1928186547397608,1.156506982658882,0.3505121297451546,0.7211042705041786,1.0629829033190685,0.907529243899721,1.2207005108370588,34.76608572245423
617,30617,30617,30617,6a22834,ckpt_sac_full_00349944,0,0,0,timeout,200,235.9389545795585,nan,nan,-1,1,30.0,0.45,20.0,1.0,25,1,200,0.002,100,10.0,1.0,0,166,0,0.83,0.35138846773280963,-0.6232094743247886,-0.4102883264133945,0.025772434837117608,0.0382705553165557,0.07394186231932977,1.514101262042609,1.3377564683830383,0.32538548032781517,0.2645411032778974,1.0251916206561469,1.0962823298942765,1.1567265080970883,-6.381751061666096
618,30618,30618,30618,6a22834,ckpt_sac_full_00349944,1,1,0,success,137,38.27099672795976,35.600457395137575,24.412280459770017,93,1,30.0,0.45,20.0,1.0,25,1,200,0.002,100,10.0,1.0,0,104,0,0.7591240875912408,0.38176842061834404,-0.482851361299713,1.8610503358638324,0.023667857416178446,0.03578309764436095,0.0541331319328347,0.8012153063494045,0.7342348143395325,0.3179485685893992,0.6297825631977936,1.0097611851614143,1.054370722819567,0.9350158245539623,269.8856156273087
619,30619,30619,30619,6a22834,ckpt_sac_full_00349944,0,1,0,unsafe,33,372.00915085022785,nan,nan,-1,0,30.0,0.45,20.0,1.0,25,1,200,0.002,100,10.0,1.0,0,16,0,0.48484848484848486,0.3560582119441082,-0.40584144205664024,-2.9706099591681263,0.025361423865352534,0.03148155844192505,0.053009796952569015,1.6240518204237107,1.0866016223464794,0.363443810425874,0.6780671496366506,0.9940445395742022,1.0078166909311839,1.231016628681993,-15.148060106284593
620,30620,30620,30620,6a22834,ckpt_sac_full_00349944,0,0,0,timeout,200,115.19335641742049,nan,nan,-1,1,30.0,0.45,20.0,1.0,25,1,200,0.002,100,10.0,1.0,0,143,0,0.715,0.33954199119719786,-0.17803725510469792,-0.8246018319060751,0.026813838439124556,0.036970102300036625,0.0381003977897049,1.6874956451661434,0.7634638609470596,0.3300537753420667,0.2686599704629589,0.965432797182378,1.0183223578897822,1.0901368730838914,-25.516208955042377
621,30621,30621,30621,6a22834,ckpt_sac_full_00349944,0,1,0,timeout,200,133.3984291202824,nan,nan,-1,0,30.0,0.45,20.0,1.0,25,1,200,0.002,100,10.0,1.0,0,183,0,0.915,0.3292682326038982,-0.46476347309393107,-0.6718124878913945,0.023868848808755,0.03297064220822379,0.05601964660757329,1.20650400725979,0.780780371017197,0.3383424216129807,0.6214608945916213,1.0191758590435032,1.031101150333113,1.016208425101616,-23.685266947171037
622,30622,30622,30622,6a22834,ckpt_sac_full_00349944,0,0,0,timeout,200,244.15014080457698,nan,nan,-1,1,30.0,0.45,20.0,1.0,25,1,200,0.002,100,10.0,1.0,0,186,0,0.93,0.3745369834500562,-0.3721686170703318,-0.7117862048194126,0.02474831406100446,0.031214119101798117,0.07254959163954333,1.827808250575209,0.9618860686664187,0.3391242642097087,0.32130883115418196,0.9903058322346582,1.0510026384069897,1.075694471131929,-0.5343310959167584
623,30623,30623,30623,6a22834,ckpt_sac_full_00349944,0,0,0,timeout,200,286.14175375979084,nan,nan,-1,1,30.0,0.45,20.0,1.0,25,1,200,0.002,100,10.0,1.0,0,172,0,0.86,0.38614040107782305,-0.5149812962926217,-1.5582698069893326,0.02521403346524325,0.03606749398197887,0.11356236380127187,0.9812847495043058,1.3150937384875658,0.30178231408188055,0.3308026406570427,0.8990284856156848,1.0232298660460046,1.0790887012464745,1.2669121002515706
624,30624,30624,30624,6a22834,ckpt_sac_full_00349944,1,1,0,success,132,42.86073680380588,62.263807923078595,30.893233807281412,111,1,30.0,0.45,20.0,1.0,25,1,200,0.002,100,10.0,1.0,0,94,0,0.7121212121212122,0.31569173652636656,-0.19726621280247536,-1.534579401525957,0.02433054639572475,0.030067913766092306,0.07919916122626738,1.5288761493063332,1.265924768761283,0.3713683874480814,0.5507054913362592,1.0340745022919562,1.025626602858065,0.9896888899108207,233.1037644059657
625,30625,30625,30625,6a22834,ckpt_sac_full_00349944,0,1,0,object_lost,174,397.9645020985621,nan,nan,-1,0,30.0,0.45,20.0,1.0,25,1,200,0.002,100,10.0,1.0,0,148,0,0.8505747126436781,0.34444464844243117,-0.3738289311972117,-0.5834478719433118,0.022527658891894994,0.03419942468651325,0.09489230727228408,0.8091286241243627,0.766861108575022,0.3245267245953522,0.44994413929846544,1.051289332748659,0.984809623814437,1.047401773448839,-194.81323790155272
626,30626,30626,30626,6a22834,ckpt_sac_full_00349944,0,0,0,timeout,200,421.1832710759638,nan,nan,-1,1,30.0,0.45,20.0,1.0,25,1,200,0.002,100,10.0,1.0,0,184,0,0.92,0.38819447545096025,-0.611634611023938,2.7141852725561817,0.02041032430560036,0.03501270376400109,0.03267390021444638,1.283184291311116,0.6694854131403079,0.30764059684910405,0.6726574993137839,0.9691995904121586,1.0456960259147767,0.8988368565008916,1.8584697495712832
627,30627,30627,30627,6a22834,ckpt_sac_full_00349944,0,0,0,timeout,200,301.49037619833683,nan,nan,-1,1,30.0,0.45,20.0,1.0,25,1,200,0.002,100,10.0,1.0,0,189,0,0.945,0.3478947559457919,-0.6917601444019514,0.3129907505607381,0.022300645415546674,0.03415215935757701,0.04459555423353281,1.7136609006023071,0.9407746477662497,0.3597791860833302,0.23902242862659803,1.0730067917795432,1.0108517733010838,0.9196890945219927,1.3952355158783052
628,30628,30628,30628,6a22834,ckpt_sac_full_00349944,0,0,0,timeout,200,293.4715178166743,nan,nan,-1,1,30.0,0.45,20.0,1.0,25,1,200,0.002,100,10.0,1.0,0,177,0,0.885,0.3043729988236727,-0.3489790502077636,2.493426892430441,0.021901504409510674,0.03610007140144852,0.03370644380739469,1.0324304413131866,0.9837059861832234,0.38450209341592423,0.5619295624485188,1.0838047622910256,0.9963677987691426,0.9930722017950253,-5.023878696598554
629,30629,30629,30629,6a22834,ckpt_sac_full_00349944,0,1,0,timeout,200,403.42054518187246,nan,nan,-1,1,30.0,0.45,20.0,1.0,25,1,200,0.002,100,10.0,1.0,0,189,0,0.945,0.3097474289671355,-0.6948196477866125,-2.0551579842177436,0.020828872500760934,0.03353312429725743,0.03713277582092774,1.3636081049656044,1.0416537240938066,0.33826260359881155,0.6312068031126686,0.9917739246927024,1.0401265813609097,1.0003084684681272,-0.9926766901429876
630,30630,30630,30630,6a22834,ckpt_sac_full_00349944,0,1,0,timeout,200,419.84117650288204,nan,nan,-1,1,30.0,0.45,20.0,1.0,25,1,200,0.002,100,10.0,1.0,46,188,0,0.94,0.3208931568145782,-0.7235425405747005,-0.3405826970965382,0.023903201939320346,0.03937718574880765,0.09363178927857317,1.403316763338994,1.1451167699014029,0.3534522315784376,0.5786233804198476,1.0496767831656475,1.023318774853134,0.8609989785346313,-36.45511761782811
631,30631,30631,30631,6a22834,ckpt_sac_full_00349944,0,0,0,timeout,200,421.4762358067476,nan,nan,-1,1,30.0,0.45,20.0,1.0,25,1,200,0.002,100,10.0,1.0,0,173,0,0.865,0.3408595974934209,-0.5292328987307394,-2.4532347600029314,0.024504001850123892,0.03674517941553438,0.11308287370137922,1.0419834054693067,0.9458278407428269,0.38034235727565113,0.595262010371345,1.1274371657504951,1.0725128197076186,1.2262020649574215,3.1698796406959255
632,30632,30632,30632,6a22834,ckpt_sac_full_00349944,0,0,0,unsafe,27,225.0724977586478,nan,nan,-1,0,30.0,0.45,20.0,1.0,25,1,200,0.002,100,10.0,1.0,0,17,0,0.6296296296296297,0.3426701692746019,-0.22556331077842118,1.6796270056997642,0.025791151086989858,0.03478989834905624,0.09807927058764794,1.5414068279818802,0.9221336706501906,0.357416504333383,0.42602353262356496,1.0815126980043257,1.0946265770437729,1.066844895142224,-41.006658123058045
633,30633,30633,30633,6a22834,ckpt_sac_full_00349944,0,0,0,timeout,200,193.58678303532508,nan,nan,-1,1,30.0,0.45,20.0,1.0,25,1,200,0.002,100,10.0,1.0,0,168,0,0.84,0.33260595672807636,-0.19492692037087622,2.7415228815413304,0.024155491971829816,0.03945800583985031,0.04394828371451898,1.5837695180762472,0.6899180717380662,0.3377274770886702,0.39677568960901566,1.0288098544388575,0.958239872211478,0.8515328727463808,-17.87083925369543
634,30634,30634,30634,6a22834,ckpt_sac_full_00349944,0,0,0,timeout,200,185.27272341709508,nan,nan,-1,1,30.0,0.45,20.0,1.0,25,1,200,0.002,100,10.0,1.0,0,177,0,0.885,0.34629913731158984,-0.43187607027050257,-0.6412534183895686,0.024617508166485325,0.03461593876159244,0.07848630670142537,0.8983932574181072,1.0042911063676878,0.3666982225037273,0.242994650534767,1.0247990504290543,1.0119991321184978,1.0323857179901732,-3.49915675437461
635,30635,30635,30635,6a22834,ckpt_sac_full_00349944,0,0,0,timeout,200,137.62127136964295,nan,nan,-1,1,30.0,0.45,20.0,1.0,25,1,200,0.002,100,10.0,1.0,0,188,0,0.94,0.3671590917556613,-0.25189744259827007,0.18806782586830373,0.024873771496423218,0.03104340170810446,0.10917041434343537,1.0741966825466875,1.2947293723113642,0.34562302179113324,0.18598551487548087,0.9839734097976933,0.9912851381953486,0.9219109097660673,-5.874496813637349
636,30636,30636,30636,6a22834,ckpt_sac_full_00349944,0,1,0,unsafe,31,373.43159244409316,nan,nan,-1,1,30.0,0.45,20.0,1.0,25,1,200,0.002,100,10.0,1.0,0,16,0,0.5161290322580645,0.37342589821669503,-0.5441664707939908,-2.076476775449056,0.0267761555625281,0.03723713589704454,0.10495025647488808,1.0468046162113906,0.7041479830210536,0.3337293616143491,0.5570786929555388,1.0870034716364705,1.0745636445522975,0.9762013670058755,-14.758498291071547
637,30637,30637,30637,6a22834,ckpt_sac_full_00349944,0,1,0,timeout,200,268.9588765785685,nan,nan,-1,1,30.0,0.45,20.0,1.0,25,1,200,0.002,100,10.0,1.0,0,179,0,0.895,0.3653190176286596,-0.6150891875592274,1.1920434219769112,0.02198150368962116,0.03592631693951796,0.04067624125954909,1.7236290651722486,0.9484050650506668,0.31329162342680905,0.25356103135222463,1.0259247114058792,0.9896666448694573,1.107270283001072,2.509951685630528
638,30638,30638,30638,6a22834,ckpt_sac_full_00349944,0,0,0,timeout,200,343.28442967219496,nan,nan,-1,1,30.0,0.45,20.0,1.0,25,1,200,0.002,100,10.0,1.0,0,184,0,0.92,0.36723567152244885,-0.5078745597532189,-1.7786660517758561,0.027334988384144502,0.03156923355955747,0.053288726958470554,1.0999633160023183,1.2759847242181765,0.3573062435624774,0.5091640306867596,0.9609895597176534,0.9786821478967475,0.9961801089957067,-3.888662271147005
639,30639,30639,30639,6a22834,ckpt_sac_full_00349944,0,0,0,unsafe,33,367.49164593563034,nan,nan,-1,0,30.0,0.45,20.0,1.0,25,1,200,0.002,100,10.0,1.0,0,20,0,0.6060606060606061,0.3371105050524589,-0.5848427591511282,2.7857858029785127,0.0269844378120928,0.03432860241379966,0.05198480492842579,1.4463938109761723,1.309897376343925,0.33205654902119974,0.5778457163367625,0.9203811729950819,1.040186909897305,1.0942678611830403,-38.24094451826714
640,30640,30640,30640,6a22834,ckpt_sac_full_00349944,0,0,0,timeout,200,398.4883859764912,nan,nan,-1,1,30.0,0.45,20.0,1.0,25,1,200,0.002,100,10.0,1.0,0,183,0,0.915,0.32130187300010987,-0.5938233372640147,-0.9207688931327938,0.02341364737629489,0.036890229959484586,0.1181630429203266,0.8524694481120806,1.0208341493278097,0.33860414768212876,0.5275137905131212,1.0104620848096542,1.0867606980433113,0.9915391510172964,2.2608105098790734
641,30641,30641,30641,6a22834,ckpt_sac_full_00349944,0,0,0,timeout,200,237.99805239525872,nan,nan,-1,1,30.0,0.45,20.0,1.0,25,1,200,0.002,100,10.0,1.0,0,182,0,0.91,0.30940267548230194,-0.4931448180308292,2.2895871512211405,0.020978721903402473,0.038104066129843926,0.08592652331449763,1.6250359800016225,0.6449436562837044,0.32464535905243297,0.2646212811392317,1.0908061410715884,1.0154168496420988,1.0933450310328072,-0.08659163913114672
642,30642,30642,30642,6a22834,ckpt_sac_full_00349944,0,0,0,timeout,200,366.2219957224999,nan,nan,-1,1,30.0,0.45,20.0,1.0,25,1,200,0.002,100,10.0,1.0,0,188,0,0.94,0.3889766417138057,-0.5405327239217618,-1.9342304270564403,0.02331815582126789,0.03039379377629845,0.06719049395939919,1.1597092448614468,1.2243861254656903,0.31253464626400645,0.5027228180865557,1.0586238327091153,1.0591199334422405,0.8971020438112205,0.4424777195026975
643,30643,30643,30643,6a22834,ckpt_sac_full_00349944,0,1,0,timeout,200,284.03564455115054,nan,nan,-1,1,30.0,0.45,20.0,1.0,25,1,200,0.002,100,10.0,1.0,0,181,0,0.905,0.34416311991504545,-0.37706693069234226,1.132961945521342,0.02160724486213557,0.029764665792294264,0.0975231914005487,1.5407703486440134,0.6921939769462641,0.37057095728457173,0.5947469944208383,1.0020524235974457,1.0274975749903141,1.115689050571481,28.73847497923489
644,30644,30644,30644,6a22834,ckpt_sac_full_00349944,0,0,0,timeout,200,290.18926690850185,nan,nan,-1,0,30.0,0.45,20.0,1.0,25,1,200,0.002,100,10.0,1.0,0,176,0,0.88,0.3388155922731979,-0.5759555365986992,0.48530472326972074,0.024702443517927695,0.03272599541316386,0.08431245118054108,1.8482601421256548,1.144100730260988,0.3095481293163091,0.3072339141523961,1.0686479209533961,1.0489888913292629,0.8553662607108776,-19.310518454524928
645,30645,30645,30645,6a22834,ckpt_sac_full_00349944,0,0,0,timeout,200,120.70176284944559,nan,nan,-1,1,30.0,0.45,20.0,1.0,25,1,200,0.002,100,10.0,1.0,0,176,0,0.88,0.3345006870283709,-0.27784028373421826,-0.3943144535509031,0.026023410869835492,0.031173551379617432,0.045768544948121645,0.8036809290974982,1.290430962299597,0.368235282819221,0.27025306872822075,1.1236526857715108,0.9779441213192408,1.1247068542697773,-5.0976443141579
646,30646,30646,30646,6a22834,ckpt_sac_full_00349944,0,1,0,unsafe,35,364.49109531072753,nan,nan,-1,0,30.0,0.45,20.0,1.0,25,1,200,0.002,100,10.0,1.0,0,18,0,0.5142857142857142,0.31422534990497347,-0.6273019272958168,2.6883801201555215,0.02653743895678631,0.03830236386925768,0.08722513954605098,0.844474853131199,0.8725534660517873,0.37413575492303847,0.47173056325416185,1.0353451719546671,1.0638942847348385,1.1657058675419567,-14.753838342738476
647,30647,30647,30647,6a22834,ckpt_sac_full_00349944,0,0,0,timeout,200,199.8219795198034,nan,nan,-1,1,30.0,0.45,20.0,1.0,25,1,200,0.002,100,10.0,1.0,0,173,0,0.865,0.3428315854558166,-0.3119467761253597,2.117171639228176,0.021912379408915238,0.030746561423232493,0.05203100790699149,0.9868290615828529,0.9894412724189503,0.3732268351047771,0.24731924238842815,1.1303640102941344,1.000537065407773,0.9367818877739345,-3.042669553014885
648,30648,30648,30648,6a22834,ckpt_sac_full_00349944,0,0,0,timeout,200,217.41751103355114,nan,nan,-1,1,30.0,0.45,20.0,1.0,25,1,200,0.002,100,10.0,1.0,0,180,0,0.9,0.38689168425860393,-0.23740492398987617,-1.932625231663471,0.027192367614911526,0.038326641327388535,0.060656110262752416,1.6860543804053,0.6379185127431314,0.3443753308554117,0.36283422234118634,1.0488716651495271,0.9319462857186561,1.1488001272170785,-3.2460352365410285
649,30649,30649,30649,6a22834,ckpt_sac_full_00349944,0,1,0,timeout,200,321.10840609767956,nan,nan,-1,1,30.0,0.45,20.0,1.0,25,1,200,0.002,100,10.0,1.0,0,189,0,0.945,0.33366153493682027,-0.19014025668489276,-1.5157248378581247,0.027498266025532084,0.03575154038044115,0.09221309430017663,1.1751609688438016,0.9614206465145876,0.3785077428494637,0.6602612031057928,1.0602048381069422,1.0479937416181073,1.1137283199306838,18.33824909355394
650,30650,30650,30650,6a22834,ckpt_sac_full_00349944,1,1,1,success,94,28.303669593536775,30.080581689914265,4.0279780566824135,91,1,30.0,0.45,20.0,1.0,25,1,200,0.002,100,10.0,1.0,0,77,0,0.8191489361702128,0.3814474357876745,-0.6756669502406164,0.35075457453034264,0.02395820370316142,0.030319711403937268,0.11549675875622605,1.9667063355291268,1.3690207502994252,0.3021956967575648,0.3826546160916702,1.0804701030041073,1.0481953465089933,0.9646777325774759,283.9620013748199
651,30651,30651,30651,6a22834,ckpt_sac_full_00349944,0,0,0,timeout,200,273.71865756378696,nan,nan,-1,1,30.0,0.45,20.0,1.0,25,1,200,0.002,100,10.0,1.0,0,181,0,0.905,0.36793740533896946,-0.3194348617466361,2.761643613836295,0.024024277028329256,0.03792055622927921,0.041293019444057326,1.8224402452068063,0.894736833186633,0.3136301094198206,0.20291377748369743,0.9543843568605821,1.0921165059139841,1.079042500486993,-9.805139809108208
652,30652,30652,30652,6a22834,ckpt_sac_full_00349944,0,1,0,object_lost,57,590.1949697103844,nan,nan,-1,0,30.0,0.45,20.0,1.0,25,1,200,0.002,100,10.0,1.0,0,36,0,0.631578947368421,0.3348655954466796,-0.3695491344233425,-0.14641695922267806,0.021830242552077442,0.0305512547879702,0.03977932670819731,0.9558623214773243,0.6487648518726583,0.3799197876531272,0.6600778601970847,1.1531947179059225,1.0780769761362898,1.1988894479565788,-174.95155982166528
653,30653,30653,30653,6a22834,ckpt_sac_full_00349944,0,1,0,timeout,200,346.58314686510926,nan,nan,-1,1,30.0,0.45,20.0,1.0,25,1,200,0.002,100,10.0,1.0,0,185,0,0.925,0.30537657415158503,-0.519743391914895,-0.35602515637072685,0.020763909908058233,0.03231961757930819,0.10459833397858165,1.8466134502369946,0.671717765169794,0.3213786850878205,0.6192825410326417,1.0247644767576105,1.0472169228579988,1.0451592957551918,24.856139922607024
654,30654,30654,30654,6a22834,ckpt_sac_full_00349944,0,1,0,object_lost,121,509.8132619083838,nan,nan,-1,0,30.0,0.45,20.0,1.0,25,1,200,0.002,100,10.0,1.0,0,98,0,0.8099173553719008,0.3737794454342718,-0.2039924371536821,1.3502743841567506,0.02178024561572727,0.037734973733126044,0.03936972370640285,0.8742022630831765,0.613649785878006,0.32214590886898004,0.3667640222391132,1.0707809060554923,1.0327657485951924,1.0909546694880004,-190.01635580132285
655,30655,30655,30655,6a22834,ckpt_sac_full_00349944,1,1,1,success,90,19.834444846743413,41.72225594658277,1.406338238002731,86,1,30.0,0.45,20.0,1.0,25,1,200,0.002,100,10.0,1.0,27,58,0,0.6444444444444445,0.3577663156610103,-0.4063571525646608,-2.516187886850144,0.024954002910814132,0.036267794276701924,0.09559996660044323,1.2792898834398818,0.9173324726139291,0.3892545617535206,0.5241452170053407,0.951576084892704,1.0305696933179103,1.0575292191135035,263.4253159747061
656,30656,30656,30656,6a22834,ckpt_sac_full_00349944,0,0,0,timeout,200,299.4740496256841,nan,nan,-1,1,30.0,0.45,20.0,1.0,25,1,200,0.002,100,10.0,1.0,0,181,0,0.905,0.3896228938631958,-0.41501885185355636,2.303737439653508,0.026358639380683422,0.03941815405896898,0.09295825301201334,1.4833084756233135,1.3391792093515988,0.34686697405508793,0.43022252628076346,1.038055917877503,1.0185649968243067,0.8720608760259755,-6.871128750443144
657,30657,30657,30657,6a22834,ckpt_sac_full_00349944,0,0,0,timeout,200,321.92620593333123,nan,nan,-1,1,30.0,0.45,20.0,1.0,25,1,200,0.002,100,10.0,1.0,0,183,0,0.915,0.3508160868429891,-0.40624132851215883,1.4170240329309216,0.025355456217509134,0.030640010221434085,0.08783979133739986,1.88553286972127,1.079694351099173,0.33287270755907195,0.5730189589773411,1.0144870405002657,1.0236436627872207,1.2018751597581239,0.10953659038262442
658,30658,30658,30658,6a22834,ckpt_sac_full_00349944,0,1,0,timeout,200,147.7814303114949,nan,nan,-1,0,30.0,0.45,20.0,1.0,25,1,200,0.002,100,10.0,1.0,0,179,0,0.895,0.30140609098598553,-0.4835763268161831,-0.051349027381126344,0.027082328293070706,0.03254799843922326,0.09764781814021396,1.6824470654333985,1.0497235127302988,0.3226849951467698,0.21454370449213914,0.9503712746218921,0.9681316308511791,1.122846920842396,9.154192365876403
659,30659,30659,30659,6a22834,ckpt_sac_full_00349944,0,1,0,timeout,200,266.9220415923941,nan,nan,-1,1,30.0,0.45,20.0,1.0,25,1,200,0.002,100,10.0,1.0,0,180,0,0.9,0.38776741799638753,-0.5316826735631381,1.7421104247970902,0.025367930629293864,0.033033662301090304,0.07880398199971367,1.260338895716392,0.6103866813028483,0.31850714024212656,0.2114200623147942,1.0605726545282785,1.0432388257496732,0.99267772115326,9.332877388196842
660,30660,30660,30660,6a22834,ckpt_sac_full_00349944,0,1,0,timeout,200,350.25977536591625,nan,nan,-1,1,30.0,0.45,20.0,1.0,25,1,200,0.002,100,10.0,1.0,0,172,0,0.86,0.3761504161204064,-0.49631244404006797,-1.1587462290744694,0.022235372450268746,0.033393692475224904,0.07299918419045204,1.349763307122347,1.16345511683457,0.3190772846427403,0.3093227470705579,1.06950820413161,1.020254428172256,1.0625207219286366,10.56421819439252
661,30661,30661,30661,6a22834,ckpt_sac_full_00349944,0,0,0,timeout,200,214.31327250945174,nan,nan,-1,1,30.0,0.45,20.0,1.0,25,1,200,0.002,100,10.0,1.0,0,179,0,0.895,0.32270631815289086,-0.44487907930405785,-1.4176261513837825,0.02131256131397379,0.03152024705284955,0.0433911609018177,1.5024343119796466,0.8029518473921905,0.3492279322476727,0.20705043518128974,1.042970336700171,0.9807451057041694,0.9745742574492614,-10.581089098794372
662,30662,30662,30662,6a22834,ckpt_sac_full_00349944,0,1,0,timeout,200,261.5694421922879,nan,nan,-1,1,30.0,0.45,20.0,1.0,25,1,200,0.002,100,10.0,1.0,0,192,0,0.96,0.34260545328814934,-0.2740893798747251,-1.001074903156601,0.02493016233948467,0.035367998880484794,0.11373325611521401,1.189260388489048,0.7381896096703283,0.328581953478565,0.5779086776094994,1.0073154256536736,0.9997317882554143,1.2270643901037914,-2.1348425363499075
663,30663,30663,30663,6a22834,ckpt_sac_full_00349944,0,0,0,timeout,200,316.6164406011646,nan,nan,-1,1,30.0,0.45,20.0,1.0,25,1,200,0.002,100,10.0,1.0,0,187,0,0.935,0.3596847240885744,-0.6926913005987212,-0.3634508557260241,0.026967535427340126,0.0377536479091514,0.09753292824423153,1.6371961541836444,0.901368649741839,0.3615315625354831,0.24075842602578956,1.0065900910538745,1.0245007167328781,1.2479986441390567,-1.538237153383073
664,30664,30664,30664,6a22834,ckpt_sac_full_00349944,0,0,0,timeout,200,299.0312800594919,nan,nan,-1,1,30.0,0.45,20.0,1.0,25,1,200,0.002,100,10.0,1.0,0,191,0,0.955,0.3861482781390928,-0.3712178766382884,-2.3063501157438324,0.020926359368011953,0.03685681327332559,0.0759318388678452,0.889412363787399,1.3580221230522187,0.3702610839818822,0.4405168319052426,1.0431599378347827,0.997282778760564,1.093984802000216,-6.595978135801526
665,30665,30665,30665,6a22834,ckpt_sac_full_00349944,0,1,0,object_lost,120,185.56166552597094,nan,nan,-1,0,30.0,0.45,20.0,1.0,25,1,200,0.002,100,10.0,1.0,0,104,0,0.8666666666666667,0.3231858372250018,-0.22612622902647628,-0.6363643426086525,0.02722829504749432,0.03660591960239499,0.09724457757014053,1.9096980905254675,0.9184052460396357,0.3415785638845044,0.5220344077293275,1.0019377254635449,0.9880902993273329,1.0912030140285776,-171.27572703652038
666,30666,30666,30666,6a22834,ckpt_sac_full_00349944,0,0,0,timeout,200,493.4501388805299,nan,nan,-1,1,30.0,0.45,20.0,1.0,25,1,200,0.002,100,10.0,1.0,0,185,0,0.925,0.37612533103733353,-0.726648146547532,-2.4804950426240904,0.023891319098628454,0.04012253137621208,0.04132527701134775,1.977870617515993,0.9957960251048085,0.3667296246204024,0.6843359656056284,1.038527789269247,1.0346591492958577,1.0426572908406748,1.693270846134161
667,30667,30667,30667,6a22834,ckpt_sac_full_00349944,0,1,0,timeout,200,348.8037909473206,nan,nan,-1,1,30.0,0.45,20.0,1.0,25,1,200,0.002,100,10.0,1.0,0,188,0,0.94,0.30788209140034,-0.34948456469580513,1.7038484274738748,0.02435699152561923,0.029888612637837614,0.044192382391862614,1.1083919235780995,1.1822348398301425,0.32140917632906785,0.5715362660409076,1.0332785931831392,1.081703531498682,1.0200429545535914,16.403289291881773
668,30668,30668,30668,6a22834,ckpt_sac_full_00349944,0,0,0,timeout,200,240.2325067741118,nan,nan,-1,1,30.0,0.45,20.0,1.0,25,1,200,0.002,100,10.0,1.0,0,164,0,0.82,0.33564597051636846,-0.33854593380482506,-0.21161591887597364,0.02076249393306356,0.030714313565796434,0.047157073457485904,1.9397549852082387,1.0107065825328139,0.3063322229506717,0.4362021041461298,1.0042708238812241,1.0153145957306628,1.1512586048294464,-9.162430883381996
669,30669,30669,30669,6a22834,ckpt_sac_full_00349944,0,1,0,timeout,200,229.9655942266535,nan,nan,-1,1,30.0,0.45,20.0,1.0,25,1,200,0.002,100,10.0,1.0,0,191,0,0.955,0.3133763405929873,-0.5237177431529874,-2.3276741215554346,0.02077533465582172,0.03254285634416956,0.06460620305430403,1.8558822489950866,1.1285621131909798,0.3191809868672548,0.21632447710672253,1.0371978538261628,0.9445573378194894,1.0920366095348903,-0.17015975596740826
670,30670,30670,30670,6a22834,ckpt_sac_full_00349944,0,0,0,timeout,200,120.29083670476247,nan,nan,-1,0,30.0,0.45,20.0,1.0,25,1,200,0.002,100,10.0,1.0,0,176,0,0.88,0.3702095399985097,-0.23873757386868533,0.7105700929111243,0.0265172138237264,0.03755595071196779,0.06000526476933328,1.53674881472028,1.1825266358862279,0.31599562060616715,0.28247371418328987,0.9729088861979165,1.0248437270961104,1.0747011755241542,-25.099970660342002
671,30671,30671,30671,6a22834,ckpt_sac_full_00349944,0,1,0,timeout,200,309.4681808224987,nan,nan,-1,1,30.0,0.45,20.0,1.0,25,1,200,0.002,100,10.0,1.0,0,188,0,0.94,0.3124324306854098,-0.38461282841369526,-2.481817705542014,0.024913819691884578,0.03677838654357667,0.11994642728080354,1.8121370246857589,0.8914841289696182,0.369122136988831,0.5176148175188016,1.159088640936271,1.0001464521607863,1.2153200651368818,20.888149882675044
672,30672,30672,30672,6a22834,ckpt_sac_full_00349944,0,0,0,timeout,200,154.51778252588593,nan,nan,-1,1,30.0,0.45,20.0,1.0,25,1,200,0.002,100,10.0,1.0,0,185,0,0.925,0.34830641401569973,-0.24659495264590248,-0.8097875757180506,0.021116978989614735,0.034833900751633194,0.1000054858501871,1.3960255147450162,0.7536490280251733,0.388933432727783,0.3245622767940002,1.1011841582994986,1.0824883164852876,1.062511984912718,-1.7810097122365165
673,30673,30673,30673,6a22834,ckpt_sac_full_00349944,0,0,0,timeout,200,221.49712264325487,nan,nan,-1,1,30.0,0.45,20.0,1.0,25,1,200,0.002,100,10.0,1.0,0,180,0,0.9,0.31942913262714323,-0.34180620712608745,2.6128154087305164,0.021919989364839118,0.03464778494487398,0.058274218427106346,0.8577666393248938,1.0776542545021868,0.38732388313720945,0.42412897166174846,1.0235121986904305,1.0482281392670254,1.078278439370878,-9.48019820861333
674,30674,30674,30674,6a22834,ckpt_sac_full_00349944,0,0,0,timeout,200,342.98736893056565,nan,nan,-1,0,30.0,0.45,20.0,1.0,25,1,200,0.002,100,10.0,1.0,0,185,0,0.925,0.3498153751964744,-0.44925326680620953,0.8298003569755514,0.0221909162169763,0.03638110362905465,0.07818458316391523,0.9681461976534329,1.045362296923004,0.37902919976321753,0.5285793705990139,0.980008818736441,1.0371072190069062,1.074345921923134,-2.0665389651238746
675,30675,30675,30675,6a22834,ckpt_sac_full_00349944,0,1,0,object_lost,112,606.2408964875594,nan,nan,-1,0,30.0,0.45,20.0,1.0,25,1,200,0.002,100,10.0,1.0,0,93,0,0.8303571428571429,0.32188158396026606,-0.6857966870732404,0.35130602344626416,0.02220521974358344,0.03954040981242442,0.11385658292840943,1.2302917340907373,0.8541313827119253,0.38466042585678945,0.7178148881964261,1.011684040806842,0.9866859062151798,1.0595219783437788,-156.52048016724012
676,30676,30676,30676,6a22834,ckpt_sac_full_00349944,0,0,0,timeout,200,277.8977951176435,nan,nan,-1,1,30.0,0.45,20.0,1.0,25,1,200,0.002,100,10.0,1.0,0,186,0,0.93,0.35032125539438314,-0.453153898540144,2.426044117791288,0.023398244773444783,0.04009249036271678,0.08425418597779535,1.0467383380940345,0.641136048237327,0.3092014698873008,0.5157473126149799,1.0539673990081726,1.0030218351761935,1.0289529553981562,-1.353625751923069
677,30677,30677,30677,6a22834,ckpt_sac_full_00349944,0,1,0,timeout,200,389.22823413337693,nan,nan,-1,1,30.0,0.45,20.0,1.0,25,1,200,0.002,100,10.0,1.0,0,180,0,0.9,0.36264708742069846,-0.6840259299845095,-2.8426300730123693,0.026149476705669583,0.03550174029195972,0.07346911108779726,1.1380480318144996,1.1022434911218177,0.33533951725526334,0.5193923320634581,1.0668779237834638,0.9854430209934743,0.9571212783705498,18.90026870730253
678,30678,30678,30678,6a22834,ckpt_sac_full_00349944,0,1,0,timeout,200,481.8939836290806,nan,nan,-1,1,30.0,0.45,20.0,1.0,25,1,200,0.002,100,10.0,1.0,0,166,0,0.83,0.3003003758710569,-0.49241432074996255,-2.245386094628657,0.02304160334284154,0.034755084320903455,0.05427126745850621,0.9548698729752615,0.7328328287937345,0.30923531983953423,0.4875696572144569,0.970037276145703,1.0512445279583897,0.9852108948950941,-7.23804683579239
679,30679,30679,30679,6a22834,ckpt_sac_full_00349944,0,0,0,timeout,200,86.047767056859,nan,nan,-1,1,30.0,0.45,20.0,1.0,25,1,200,0.002,100,10.0,1.0,0,190,0,0.95,0.3664793282883352,-0.6761876929443902,2.41082079039421,0.023758550145935316,0.03350158341944327,0.04864554667015512,0.8902977804469026,0.7130187020849077,0.3680059583075117,0.5318886426873538,1.0763088843008646,1.005439329077412,0.9284624294701797,-15.406555190072757
680,30680,30680,30680,6a22834,ckpt_sac_full_00349944,0,0,0,timeout,200,154.15682003254238,nan,nan,-1,1,30.0,0.45,20.0,1.0,25,1,200,0.002,100,10.0,1.0,1,191,0,0.955,0.3379020431934291,-0.31281396371322406,2.0490106460538646,0.02575864536490295,0.03411725091115509,0.0934579813812434,1.0107745523947953,1.2792234093337447,0.31539653715609595,0.2191353737250735,1.0417932682336353,1.0040590901445554,1.018858372052822,-7.142480369383784
681,30681,30681,30681,6a22834,ckpt_sac_full_00349944,0,1,0,object_lost,124,607.4257162426075,nan,nan,-1,0,30.0,0.45,20.0,1.0,25,1,200,0.002,100,10.0,1.0,0,111,0,0.8951612903225806,0.34587426856502446,-0.6305037087693104,0.3751990426874823,0.0219026709829672,0.03759038119795854,0.09700266216500351,1.1803478747600766,0.9921282927839759,0.3326940565732902,0.6597775858418871,1.0588511433940242,0.9698504986492519,1.120746906775571,-161.72361428798627
682,30682,30682,30682,6a22834,ckpt_sac_full_00349944,1,1,1,success,149,39.99355293745838,44.92010139734561,1.0752237143573962,146,1,30.0,0.45,20.0,1.0,25,1,200,0.002,100,10.0,1.0,0,97,0,0.6510067114093959,0.3286064529754585,-0.7015397890003765,-0.7428274418997227,0.02739538246209394,0.0376113974021208,0.07301771184485509,1.5394862487857968,1.108649865029629,0.3268350006235539,0.7035633636485319,0.992622341583637,1.0849357267668045,0.9203811595263569,273.82604680769487
683,30683,30683,30683,6a22834,ckpt_sac_full_00349944,0,1,0,timeout,200,237.7400758358449,nan,nan,-1,1,30.0,0.45,20.0,1.0,25,1,200,0.002,100,10.0,1.0,0,191,0,0.955,0.34600191622925075,-0.5277733901408588,1.6620773375024545,0.024776672423296068,0.03024977832396267,0.11311805938543866,1.7838379570832186,0.6446829221853161,0.3448516436019266,0.18944548064493627,1.0325667729738626,1.0138329915528255,0.9596131851851399,-4.348246494974496
684,30684,30684,30684,6a22834,ckpt_sac_full_00349944,0,1,0,unsafe,33,261.40493348639677,nan,nan,-1,1,30.0,0.45,20.0,1.0,25,1,200,0.002,100,10.0,1.0,0,23,0,0.696969696969697,0.31944186508046674,-0.5806184036032215,-0.7190156427349064,0.026875142127120458,0.03654180958508897,0.09249811485110941,1.6934813217554865,0.8880778393591199,0.36204672920016046,0.20213402714034945,1.0542831511566384,0.9945256912217965,1.0105025156913627,-16.883574161969634
685,30685,30685,30685,6a22834,ckpt_sac_full_00349944,1,1,1,success,101,37.12500151125076,24.145265690236304,0.07766024073791977,98,1,30.0,0.45,20.0,1.0,25,1,200,0.002,100,10.0,1.0,0,83,0,0.8217821782178217,0.3688929721397044,-0.5255321762447573,-1.7052137894448849,0.026449639297804816,0.034692636065695566,0.0819563873059214,1.1227123310143934,1.011168755746913,0.3826995980644583,0.4896304956189539,0.97130980805952,0.9785413761078853,0.9590713248531242,269.7402778966657
686,30686,30686,30686,6a22834,ckpt_sac_full_00349944,0,1,0,timeout,200,514.1038173046462,nan,nan,-1,1,30.0,0.45,20.0,1.0,25,1,200,0.002,100,10.0,1.0,0,189,0,0.945,0.3813472654999103,-0.7279159212363439,-1.8332221715415336,0.02590729758239148,0.031898857271391384,0.096350460220256,1.8281306206713785,1.3311648648865237,0.37229871408963344,0.6321520794997422,0.9956726237382565,1.0240706611054562,1.1682596311283344,27.31807701543241
687,30687,30687,30687,6a22834,ckpt_sac_full_00349944,0,0,0,unsafe,33,391.513821991091,nan,nan,-1,0,30.0,0.45,20.0,1.0,25,1,200,0.002,100,10.0,1.0,0,23,0,0.696969696969697,0.33162089018594443,-0.6900926859259489,-2.1182948833664668,0.023134829336535708,0.039314516313982084,0.05039014980043967,0.8862225232432571,1.3276157507447206,0.34157306181301206,0.5508660364181257,1.065164973225785,1.034455804042374,1.0459499036617899,-40.12193843638392
688,30688,30688,30688,6a22834,ckpt_sac_full_00349944,0,0,0,timeout,200,284.32366631010507,nan,nan,-1,1,30.0,0.45,20.0,1.0,25,1,200,0.002,100,10.0,1.0,0,179,0,0.895,0.37330060670030796,-0.625836165010884,0.8755955839424336,0.024983576356704878,0.04020023277500311,0.10395647002470414,1.1276339475891852,0.8943752380471015,0.3822563985705063,0.18171722948206645,1.0531280780674586,1.0212098452882679,1.1266655741321911,-4.100485785973959
689,30689,30689,30689,6a22834,ckpt_sac_full_00349944,0,0,0,timeout,200,274.5202302177615,nan,nan,-1,0,30.0,0.45,20.0,1.0,25,1,200,0.002,100,10.0,1.0,2,177,0,0.885,0.3429244539234174,-0.5356757286839244,-0.18373944500499206,0.022795333971573867,0.03997027552581803,0.10753085832129353,1.9982039060334658,0.6888419772667796,0.3450114371838418,0.31340379226495274,0.9636013858733401,0.9585338519779457,1.0063788611471305,-9.348443757009166
690,30690,30690,30690,6a22834,ckpt_sac_full_00349944,0,0,0,timeout,200,163.85792240342386,nan,nan,-1,1,30.0,0.45,20.0,1.0,25,1,200,0.002,100,10.0,1.0,81,175,0,0.875,0.3340860388870501,-0.20873486569576116,-0.3753985769565933,0.02094202012117534,0.03620167430317481,0.11116016172127959,1.0906581800235355,0.9779330232940706,0.33397591704966334,0.4113730319692882,0.9450594149396027,1.0379921651736015,1.2142995700742336,-68.1611898732631
691,30691,30691,30691,6a22834,ckpt_sac_full_00349944,0,1,0,timeout,200,48.403096045970116,67.9188593254314,8.82092564103518,85,1,30.0,0.45,20.0,1.0,25,1,200,0.002,100,10.0,1.0,0,157,0,0.785,0.3287439274888051,-0.43430636820876184,0.5447002275559236,0.02266157624420367,0.035947697766692106,0.10559139936684357,1.1024189382938476,1.318523347407661,0.33550293805306197,0.7069087569025335,1.0619920352063454,1.0047801501853195,0.9932441389338056,34.49052028789755
692,30692,30692,30692,6a22834,ckpt_sac_full_00349944,0,0,0,timeout,200,160.5488192692252,nan,nan,-1,1,30.0,0.45,20.0,1.0,25,1,200,0.002,100,10.0,1.0,0,181,0,0.905,0.3338144997587679,-0.31173913258202424,2.2824544195906222,0.023824883398762754,0.03574446101182192,0.09782708754982043,1.4637995316399164,1.0068484006984688,0.3671242463876637,0.17109716368823183,1.1163638569742262,1.1288823990537085,1.1922647525087329,-4.182102036000201
693,30693,30693,30693,6a22834,ckpt_sac_full_00349944,0,0,0,unsafe,89,313.4136403675546,nan,nan,-1,0,30.0,0.45,20.0,1.0,25,1,200,0.002,100,10.0,1.0,0,72,0,0.8089887640449438,0.3009702193813014,-0.5635211370225972,-0.4523710697450891,0.027132233706900197,0.0299626088454209,0.09613387311700473,1.4064589464503285,0.7339239874184665,0.3671774702813331,0.357141381548313,1.0429724157787206,1.0413062106380437,1.1782000985139116,-46.0596504726353
694,30694,30694,30694,6a22834,ckpt_sac_full_00349944,1,1,0,success,79,44.61267187573146,29.015886460969647,11.247820705483766,68,1,30.0,0.45,20.0,1.0,25,1,200,0.002,100,10.0,1.0,0,53,0,0.6708860759493671,0.3730061251442752,-0.6192565384015196,2.684176496570693,0.0211907142768767,0.03803398907104232,0.11974007433770595,1.2022947160991002,0.7460784980846251,0.31263775387762993,0.39986310655222684,1.1203494888689305,1.0096254929508799,0.8681623151028721,248.19192777440225
695,30695,30695,30695,6a22834,ckpt_sac_full_00349944,0,1,0,timeout,200,411.93486950799496,nan,nan,-1,1,30.0,0.45,20.0,1.0,25,1,200,0.002,100,10.0,1.0,0,182,0,0.91,0.3709104229677238,-0.34430677448838154,0.3015421359726176,0.024058323174945218,0.032342769996842026,0.1093199001418329,1.2395199845207487,1.376733774872831,0.3368868719799266,0.5589919985115861,0.9732988194371491,1.0074820488781924,1.0400244367526728,12.618369154226864
696,30696,30696,30696,6a22834,ckpt_sac_full_00349944,0,1,0,unsafe,34,419.78240936137473,nan,nan,-1,1,30.0,0.45,20.0,1.0,25,1,200,0.002,100,10.0,1.0,0,21,0,0.6176470588235294,0.32489937898521454,-0.6423403230711133,0.4936434856941325,0.02675694926662625,0.03702433611636406,0.09180384636259842,1.7615267722573826,1.0641557966423087,0.38366863769338244,0.6131250806762144,1.0081674920943418,1.07761359187741,1.0591514887061395,-38.811209855672885
697,30697,30697,30697,6a22834,ckpt_sac_full_00349944,0,0,0,timeout,200,535.5050885651152,nan,nan,-1,1,30.0,0.45,20.0,1.0,25,1,200,0.002,100,10.0,1.0,0,180,0,0.9,0.3759416083325198,-0.6930280721476174,1.7180970658702845,0.02086759660722987,0.04007651534255889,0.058712064132684164,0.9669408376591737,0.7329289420365974,0.37823249165765677,0.7200718980341074,1.0155017248892437,1.044837461002561,0.9399171271741192,3.5400653738935497
698,30698,30698,30698,6a22834,ckpt_sac_full_00349944,0,0,0,timeout,200,245.44119220459746,nan,nan,-1,1,30.0,0.45,20.0,1.0,25,1,200,0.002,100,10.0,1.0,159,184,0,0.92,0.33606538355271015,-0.5564655446839851,-0.5725703375564932,0.02555093496824774,0.03265204771514774,0.06292899280815284,1.3424628102621488,1.1405684358752937,0.38002782642654553,0.18998774326462023,0.9761549722608731,0.9614620816933094,0.9804441812168735,-123.66782482086124
699,30699,30699,30699,6a22834,ckpt_sac_full_00349944,0,1,0,timeout,200,215.90696772850038,82.02780255910818,122.50154371999517,52,1,30.0,0.45,20.0,1.0,25,1,200,0.002,100,10.0,1.0,0,158,0,0.79,0.3033301334877495,-0.25107390956356207,-2.7336174424766733,0.026192477254266485,0.03336941968396209,0.04268416427975017,0.9810239015549682,0.8632895947887532,0.3138458749289171,0.2395910417735426,1.0226771445402125,1.1110091247973146,1.008856946527479,18.843629055368872
700,30700,30700,30700,6a22834,ckpt_sac_full_00349944,1,1,0,success,67,30.200169786688225,81.3276510668896,36.528986822562466,48,1,30.0,0.45,20.0,1.0,25,1,200,0.002,100,10.0,1.0,0,52,0,0.7761194029850746,0.36989406390060586,-0.20308921332945962,-1.1987802304599429,0.020550515846092434,0.035566840357649454,0.09262152073704312,1.4490614024463477,0.9406752712303114,0.3150906396923273,0.5780760592743588,1.0235146724697826,1.032828916425077,1.1723354674856272,238.61820882486438
701,30701,30701,30701,6a22834,ckpt_sac_full_00349944,0,1,0,unsafe,29,360.3988152679011,nan,nan,-1,1,30.0,0.45,20.0,1.0,25,1,200,0.002,100,10.0,1.0,0,14,0,0.4827586206896552,0.3097225475772485,-0.5948226110920724,3.1300341473089857,0.024879570815882202,0.032185760246727035,0.06596718933376267,1.7874591728485967,0.950620672424706,0.33544089227993473,0.5794724769733108,1.0228898773886093,1.0898711121838922,1.1336915720614125,-14.053253415714666
702,30702,30702,30702,6a22834,ckpt_sac_full_00349944,0,1,0,object_lost,102,301.15459666204424,21.27132810984502,331.96112852538204,53,0,30.0,0.45,20.0,1.0,25,1,200,0.002,100,10.0,1.0,0,89,0,0.8725490196078431,0.3621315782985491,-0.5596976642756805,1.1100525782368624,0.021526008966065713,0.03757486087079425,0.10880720788762803,0.8026466079174593,0.6862207536101694,0.3012003832488258,0.3665710589386181,1.1330831154343028,1.0168258080882835,1.1848283973355491,-143.80947692418178
703,30703,30703,30703,6a22834,ckpt_sac_full_00349944,0,1,0,timeout,200,328.7005498397726,nan,nan,-1,1,30.0,0.45,20.0,1.0,25,1,200,0.002,100,10.0,1.0,0,178,0,0.89,0.3861586570331439,-0.5836442130404136,-2.5975252535654434,0.020731671410615753,0.03131093745321833,0.06013545737507476,1.6484931857650875,1.134728610055554,0.35365474314844453,0.3210399483426107,0.9989056637574373,0.9899737532214312,1.0098043704283473,22.534785030824285
704,30704,30704,30704,6a22834,ckpt_sac_full_00349944,0,1,0,unsafe,25,235.65401012443903,nan,nan,-1,1,30.0,0.45,20.0,1.0,25,1,200,0.002,100,10.0,1.0,0,16,0,0.64,0.32672650626950195,-0.26632967090421683,0.2547969957471352,0.023567914621432297,0.03920897238468515,0.043013248843872205,1.56766632176409,0.6531493074829721,0.34305837365613046,0.45005585746190263,1.0718135808458353,1.1114427599072954,1.1222917653177005,-41.53501008225952
705,30705,30705,30705,6a22834,ckpt_sac_full_00349944,0,1,0,timeout,200,348.1058329684858,nan,nan,-1,1,30.0,0.45,20.0,1.0,25,1,200,0.002,100,10.0,1.0,0,169,0,0.845,0.38947991361043366,-0.38951122734752264,0.5638722351525391,0.027131464752976037,0.03653375076824539,0.10846162117372395,1.2578392441760253,0.7163676334129616,0.361512672578372,0.526204201598528,1.0693050101959902,1.0497653167120227,1.0099544258993727,-13.491246924216195
706,30706,30706,30706,6a22834,ckpt_sac_full_00349944,0,1,0,unsafe,27,284.42005714879986,nan,nan,-1,0,30.0,0.45,20.0,1.0,25,1,200,0.002,100,10.0,1.0,0,9,0,0.3333333333333333,0.34187008576901445,-0.25481217987129745,-1.3471647143314878,0.02557854485031789,0.03686294403184722,0.03829435031114355,1.463513019381852,0.9537517546196722,0.3414836521890332,0.6015135620301322,0.9756406751535461,1.016435422643632,1.0857935288026321,-41.458064932014636
707,30707,30707,30707,6a22834,ckpt_sac_full_00349944,0,0,0,timeout,200,138.82685415276163,nan,nan,-1,1,30.0,0.45,20.0,1.0,25,1,200,0.002,100,10.0,1.0,0,177,0,0.885,0.33907952295367993,-0.17497660416647487,2.808546993427165,0.02078601058653017,0.036731909020431386,0.055116608467121145,0.9711847444157287,0.9852002227608021,0.3610750520144713,0.3004427915754664,1.0820448374836682,1.0733649793823807,1.0326679148470492,-2.8658518491783407
708,30708,30708,30708,6a22834,ckpt_sac_full_00349944,0,0,0,timeout,200,133.14719331929717,nan,nan,-1,1,30.0,0.45,20.0,1.0,25,1,200,0.002,100,10.0,1.0,0,192,0,0.96,0.30770955995706484,-0.33453368557149327,-0.4707840501432088,0.024641725028444274,0.03295504015076551,0.08988332249134799,1.7652241156532442,1.05549802612576,0.30436853953830323,0.22169000005168582,0.9847898912229599,1.0037390034091977,1.0946959959615512,-3.2480563672492777
709,30709,30709,30709,6a22834,ckpt_sac_full_00349944,0,0,0,unsafe,24,363.22816822050646,nan,nan,-1,0,30.0,0.45,20.0,1.0,25,1,200,0.002,100,10.0,1.0,0,7,0,0.2916666666666667,0.38731504014735674,-0.4472721838020327,1.563971503017977,0.027394347918843633,0.03601243854516214,0.05167431825490026,1.1743840952667064,0.8890464532995942,0.3032588279197191,0.6285206766526922,1.05533439739215,1.0245228610219226,0.9658271968896723,-40.745280690917035
710,30710,30710,30710,6a22834,ckpt_sac_full_00349944,0,1,0,timeout,200,243.2079121895544,nan,nan,-1,1,30.0,0.45,20.0,1.0,25,1,200,0.002,100,10.0,1.0,0,178,0,0.89,0.3613192964086825,-0.18942249093969432,-2.715346789104217,0.027243483588086807,0.03254049531451654,0.11045755682064222,1.6189508509949686,1.235168312044438,0.3633958909084186,0.47514744304341044,0.9787874567087977,0.9948746112382232,1.037471359820426,16.108654921116017
711,30711,30711,30711,6a22834,ckpt_sac_full_00349944,0,0,0,timeout,200,318.88610399337955,nan,nan,-1,1,30.0,0.45,20.0,1.0,25,1,200,0.002,100,10.0,1.0,0,183,0,0.915,0.37054328400473685,-0.43640531297967283,-1.0117908580798534,0.02732799199635199,0.036978192520148626,0.09904754882310395,1.3723960467413512,0.8710797413780892,0.34201401527747516,0.49475424322673456,1.005639497239687,1.0462835486325743,1.1036208047046374,-1.197537323984431
712,30712,30712,30712,6a22834,ckpt_sac_full_00349944,0,1,0,unsafe,31,204.58264182110668,nan,nan,-1,1,30.0,0.45,20.0,1.0,25,1,200,0.002,100,10.0,1.0,0,24,0,0.7741935483870968,0.36690627450381674,-0.18412650435953248,0.9387389983949888,0.021666836874942506,0.03246639982200152,0.1117932908252681,1.495189752007836,0.7438692209591923,0.36424711364968726,0.378012862848711,0.9820457596628381,1.0914791548295895,0.8774795540775163,-17.645667113956982
713,30713,30713,30713,6a22834,ckpt_sac_full_00349944,0,0,0,timeout,200,309.8315015536074,nan,nan,-1,1,30.0,0.45,20.0,1.0,25,1,200,0.002,100,10.0,1.0,0,187,0,0.935,0.34873812331533244,-0.7042613837977231,-2.1328333229338785,0.023858606942669117,0.03121279349092867,0.03302122705563016,1.7205711068558212,0.7124361751182765,0.38831085571143076,0.1862372279791662,1.0325918393410622,1.1067196842774545,0.8599396677593292,0.3774213140165855
714,30714,30714,30714,6a22834,ckpt_sac_full_00349944,0,1,0,timeout,200,469.9323607201271,nan,nan,-1,1,30.0,0.45,20.0,1.0,25,1,200,0.002,100,10.0,1.0,0,188,0,0.94,0.37175279048768667,-0.6800196914886234,-0.36440338576416664,0.024365930772247732,0.036522186274939174,0.04282710890850555,1.6478966630063234,1.3987320452385983,0.3614914836458692,0.6862007412422746,1.0307768066277359,0.9957300484976533,1.0492916825968837,-1.365192053747854
715,30715,30715,30715,6a22834,ckpt_sac_full_00349944,0,0,0,unsafe,31,381.65241090053695,nan,nan,-1,1,30.0,0.45,20.0,1.0,25,1,200,0.002,100,10.0,1.0,0,16,0,0.5161290322580645,0.36223113724398526,-0.42659917679202336,-0.8303383047417818,0.020640507956918453,0.038742219787402415,0.08513543862915124,0.8286484686522562,1.3821354451642636,0.34922645525590923,0.7041536093628233,1.0827166052248407,1.0014388303915276,0.9921024371592798,-39.26679197780215
716,30716,30716,30716,6a22834,ckpt_sac_full_00349944,0,1,0,timeout,200,402.3240597886759,nan,nan,-1,1,30.0,0.45,20.0,1.0,25,1,200,0.002,100,10.0,1.0,0,188,0,0.94,0.32732833266986316,-0.5103372901301936,-2.6751479487214835,0.021316573826958406,0.03023852099117275,0.09144620206346388,1.0104260797797244,0.7736860072275644,0.3856150527210601,0.5423689120118128,1.0539900113224625,0.9370988646477558,1.021104679231684,23.291161094267757
717,30717,30717,30717,6a22834,ckpt_sac_full_00349944,1,1,1,success,86,38.10359453223263,37.71068067774047,5.597118025646886,81,1,30.0,0.45,20.0,1.0,25,1,200,0.002,100,10.0,1.0,0,56,0,0.6511627906976745,0.3767296516378654,-0.6533223729581054,-2.915482855106444,0.025930830027086543,0.038162159432248335,0.03875168674121868,0.8686324149402066,0.8978997775418733,0.37241221133137364,0.5528646501559075,0.9995540275387207,1.0176544464420771,1.087952000061065,288.191112032399
718,30718,30718,30718,6a22834,ckpt_sac_full_00349944,0,1,0,timeout,200,323.3186922238306,nan,nan,-1,1,30.0,0.45,20.0,1.0,25,1,200,0.002,100,10.0,1.0,0,183,0,0.915,0.327566259649609,-0.5793518314080163,1.2425217485487066,0.023655347110682793,0.030659420180134803,0.07541314268836548,1.4602113000799144,0.6099318080282335,0.30722926933336714,0.46220176021222564,0.995707273550423,0.9932392300359444,1.133325314608177,26.04468911307876
719,30719,30719,30719,6a22834,ckpt_sac_full_00349944,0,1,0,unsafe,27,426.0260625750623,nan,nan,-1,1,30.0,0.45,20.0,1.0,25,1,200,0.002,100,10.0,1.0,0,17,0,0.6296296296296297,0.32277749216001755,-0.6703478768541875,2.7350628090230824,0.023613672095387606,0.030919963597459053,0.06281243930389295,0.9617200003044349,1.267076598363521,0.34533508692111653,0.7087108875263262,0.9867593017062777,1.0660124240992397,1.3454250478239225,-39.94221216014441
720,30720,30720,30720,6a22834,ckpt_sac_full_00349944,0,1,0,object_lost,55,523.1022025609277,nan,nan,-1,0,30.0,0.45,20.0,1.0,25,1,200,0.002,100,10.0,1.0,0,37,0,0.6727272727272727,0.3408870446595779,-0.6156121579860439,1.7713158693843605,0.024060881767345055,0.030590002044779966,0.10636249737392485,1.199275778927981,1.0925171987291429,0.35571356964247985,0.4835371061526101,0.9672900383608763,1.0393368725688965,1.0789479985158992,-138.08152557380532
721,30721,30721,30721,6a22834,ckpt_sac_full_00349944,0,1,0,timeout,200,260.25869851438557,nan,nan,-1,1,30.0,0.45,20.0,1.0,25,1,200,0.002,100,10.0,1.0,0,169,0,0.845,0.3690656069519741,-0.4770559277206562,-0.2605672133088919,0.026000477835225605,0.03651441656475759,0.04504785564147876,1.4268524430041531,0.9943604847495473,0.3366237712909781,0.3985170335525964,1.0895983537403133,0.9969302671309268,0.9723475003200617,-4.838712134999498
722,30722,30722,30722,6a22834,ckpt_sac_full_00349944,0,0,0,unsafe,28,233.87103636565644,nan,nan,-1,1,30.0,0.45,20.0,1.0,25,1,200,0.002,100,10.0,1.0,0,16,0,0.5714285714285714,0.30857198655814966,-0.3950371954191315,-1.432423361997195,0.022404835098672096,0.03604504914517532,0.07973043447670859,1.7903989991891482,1.0414765847461478,0.3428943147086635,0.3312168937379384,1.1577339719426167,1.1183176605758425,1.0380333335606624,-39.5755893270348
723,30723,30723,30723,6a22834,ckpt_sac_full_00349944,0,1,0,timeout,200,442.72090534752476,nan,nan,-1,1,30.0,0.45,20.0,1.0,25,1,200,0.002,100,10.0,1.0,0,172,0,0.86,0.3194261400654452,-0.6090133770052835,1.4534049189742095,0.02255051229527067,0.03217294617929089,0.06448496223481145,1.8431534344925438,0.7595022112293943,0.3834971937901296,0.6965342976726749,0.9563604649387772,1.1160746962201942,0.920751969123758,14.048743372071915
724,30724,30724,30724,6a22834,ckpt_sac_full_00349944,0,0,0,timeout,200,253.41388803332282,nan,nan,-1,1,30.0,0.45,20.0,1.0,25,1,200,0.002,100,10.0,1.0,0,189,0,0.945,0.3771586806750028,-0.5298543018356007,-2.9013798918746323,0.02262998596517956,0.034865079867481316,0.040845399075858164,0.998867086123312,1.1556626274490485,0.3419418200322982,0.2094818793068343,0.9680357262933847,0.9264403139202919,1.0741493369846076,1.5863079106282245
725,30725,30725,30725,6a22834,ckpt_sac_full_00349944,0,1,0,timeout,200,234.34312460608558,nan,nan,-1,1,30.0,0.45,20.0,1.0,25,1,200,0.002,100,10.0,1.0,0,181,0,0.905,0.35097874131697615,-0.22715793315951072,0.2433898756689712,0.020911934784305114,0.030701853004457814,0.09676348615295932,1.7077695260394112,1.3522734988962344,0.3857420757215645,0.3402272414784423,1.0733182309663252,0.9400876694820756,1.0708852170721883,20.550246015715402
726,30726,30726,30726,6a22834,ckpt_sac_full_00349944,0,0,0,timeout,200,289.8809738814516,nan,nan,-1,1,30.0,0.45,20.0,1.0,25,1,200,0.002,100,10.0,1.0,0,190,0,0.95,0.32594544027463807,-0.564934918065397,-2.251878485826486,0.02570578546699689,0.034710001319088114,0.10647077460332703,1.7146531641353957,0.7963138130716414,0.3147509498249475,0.2634063837967128,1.086420161166917,1.0453917391595198,1.1750862305490912,-0.027002938735513703
727,30727,30727,30727,6a22834,ckpt_sac_full_00349944,0,1,0,timeout,200,380.2048978231122,nan,nan,-1,1,30.0,0.45,20.0,1.0,25,1,200,0.002,100,10.0,1.0,0,184,0,0.92,0.3081960838264652,-0.5707551199831553,-2.0653680759643773,0.02102906520900087,0.03422314950373667,0.07905305514342706,1.1186454026344388,1.0626087073758441,0.31111891623341487,0.45816532958498446,1.0211791417292881,1.1342309900655343,1.0698909833462595,24.736992206398124
728,30728,30728,30728,6a22834,ckpt_sac_full_00349944,0,1,0,object_lost,107,540.7456888455974,nan,nan,-1,0,30.0,0.45,20.0,1.0,25,1,200,0.002,100,10.0,1.0,0,91,0,0.8504672897196262,0.3194352794539832,-0.6312828954446575,2.591290864348763,0.024300637315944416,0.03090688495710133,0.091797268392088,1.1601059676970338,1.388534953175468,0.3094646292432069,0.6415864230929559,1.0525459558077945,1.0589237143201444,1.1586915313979982,-158.04093149949674
729,30729,30729,30729,6a22834,ckpt_sac_full_00349944,0,0,0,timeout,200,169.78054936461902,nan,nan,-1,1,30.0,0.45,20.0,1.0,25,1,200,0.002,100,10.0,1.0,0,184,0,0.92,0.3422543687842793,-0.527875816581624,-2.726035103407375,0.023755978621619114,0.0332735537687919,0.04659114105235664,1.4372203134946924,1.2268121210967955,0.3296011328937924,0.1869022289264945,1.0702164356118236,1.0344414294503965,0.9951650843984086,-6.799368018524473
730,30730,30730,30730,6a22834,ckpt_sac_full_00349944,0,1,0,timeout,200,274.1189931818399,nan,nan,-1,1,30.0,0.45,20.0,1.0,25,1,200,0.002,100,10.0,1.0,0,187,0,0.935,0.30494179296708857,-0.378432285837111,-2.8366676777593214,0.02420411297446573,0.029979108285793428,0.11718905813026338,1.2160136557496404,1.254129133573214,0.30069205058285386,0.5423357475071733,1.0696585223231145,1.0810344279982622,1.1582488181451456,21.98965519082311
731,30731,30731,30731,6a22834,ckpt_sac_full_00349944,1,1,1,success,81,33.173257453140174,39.05810492519671,9.583356497264951,66,1,30.0,0.45,20.0,1.0,25,1,200,0.002,100,10.0,1.0,0,52,0,0.6419753086419753,0.3249707693085497,-0.2253771634142937,2.814026116738086,0.025747995978186753,0.0335820913651856,0.046217949806322045,0.9317275592304184,1.121179729160778,0.33872514950941496,0.613374721489947,1.046147903401078,0.9414397787817181,0.9573481666898181,275.27264653816445
732,30732,30732,30732,6a22834,ckpt_sac_full_00349944,0,0,0,timeout,200,426.34463335016176,nan,nan,-1,1,30.0,0.45,20.0,1.0,25,1,200,0.002,100,10.0,1.0,0,180,0,0.9,0.3857785468072211,-0.5373110308820853,1.3160153294171693,0.02682526689729103,0.03049035427458252,0.03165858504353748,0.870338709138443,1.1130401541927908,0.3403928983884686,0.6403776623922961,1.0444691364194345,1.0442030396674677,1.1637775698504713,-20.68094158519936
733,30733,30733,30733,6a22834,ckpt_sac_full_00349944,0,1,0,unsafe,89,311.8599720074163,nan,nan,-1,1,30.0,0.45,20.0,1.0,25,1,200,0.002,100,10.0,1.0,0,54,0,0.6067415730337079,0.3082748075489341,-0.2329370302625437,-1.3697510966425543,0.023538215183654246,0.03818386378107325,0.08344197435702977,1.4124911180659985,0.612271924977769,0.35588791307924145,0.6024984301002365,0.9734945349294412,1.004966227131153,1.0317859797319495,-24.67060430737539
734,30734,30734,30734,6a22834,ckpt_sac_full_00349944,0,0,0,timeout,200,446.24100885412037,nan,nan,-1,1,30.0,0.45,20.0,1.0,25,1,200,0.002,100,10.0,1.0,0,188,0,0.94,0.38728404816368167,-0.6694411334895563,-1.8286036892835928,0.025402005107926166,0.03700230825296163,0.08816799720264115,1.2547069332522773,0.6029107279574111,0.3249869382410253,0.6434854875110387,1.0155243859989356,1.032664223204477,1.0060137719132005,0.16426253735809437
735,30735,30735,30735,6a22834,ckpt_sac_full_00349944,0,1,0,timeout,200,431.6768224353069,nan,nan,-1,1,30.0,0.45,20.0,1.0,25,1,200,0.002,100,10.0,1.0,0,189,0,0.945,0.3322218749498917,-0.716591259394921,1.8675513017859204,0.021414897033364143,0.03992370875291809,0.04728807895823797,1.1045546675735936,0.6835879561349714,0.32359153446863986,0.5481614176901088,1.049221192094589,1.015289871044174,1.1038959893057767,27.113681213721172
736,30736,30736,30736,6a22834,ckpt_sac_full_00349944,0,0,0,unsafe,34,280.40360840891793,nan,nan,-1,1,30.0,0.45,20.0,1.0,25,1,200,0.002,100,10.0,1.0,0,23,0,0.6764705882352942,0.3117138115499684,-0.6326488795368297,-2.7086763074185223,0.027540167121513907,0.04010492491998108,0.05003652540080401,1.0836926777868956,1.3809586208402123,0.31371021636144986,0.2843045528346318,1.0251921738024958,0.9499166939763471,1.0071681976678457,-39.96723361217837
737,30737,30737,30737,6a22834,ckpt_sac_full_00349944,0,0,0,unsafe,30,314.63284127593965,nan,nan,-1,0,30.0,0.45,20.0,1.0,25,1,200,0.002,100,10.0,1.0,0,24,0,0.8,0.3725243806866816,-0.70635697339408,-2.832804753297364,0.02204210588769137,0.031559816046098844,0.03850265573770073,1.5243763993938635,0.6108969888624174,0.35390957862196365,0.18730195340072006,1.0601984796936794,1.0358319377276504,1.0873358348027047,-37.86733394997158
738,30738,30738,30738,6a22834,ckpt_sac_full_00349944,0,0,0,object_lost,165,434.44772281492925,nan,nan,-1,0,30.0,0.45,20.0,1.0,25,1,200,0.002,100,10.0,1.0,0,144,0,0.8727272727272727,0.3854385774098349,-0.3314771977613448,0.8913787891869003,0.024082018777132088,0.03636043090929405,0.10727372283523959,1.6338091419695628,0.9961523368084967,0.3603745347568123,0.19142030416904227,0.9149567754574086,0.9970349409176587,1.0288837868093226,-201.1128378174349
739,30739,30739,30739,6a22834,ckpt_sac_full_00349944,0,1,0,unsafe,25,212.0458209104833,nan,nan,-1,1,30.0,0.45,20.0,1.0,25,1,200,0.002,100,10.0,1.0,0,23,0,0.92,0.3092369024279595,-0.4433693599325156,-2.5988128415224447,0.023738905617369382,0.03151861558093459,0.09729193221147178,1.4780324407094554,1.034187093559026,0.32582986664061686,0.23396774595298683,0.9949527310320524,1.0322288126045276,1.1194394669540988,-16.00662537553802
740,30740,30740,30740,6a22834,ckpt_sac_full_00349944,0,1,0,unsafe,39,318.0570828023585,nan,nan,-1,1,30.0,0.45,20.0,1.0,25,1,200,0.002,100,10.0,1.0,0,24,0,0.6153846153846154,0.38343124094912484,-0.49411413249462605,1.8424297540788226,0.027579400115229333,0.0337145282803468,0.09501584441489432,1.0923009138305257,1.3945663242110036,0.34928612206869186,0.4038411031826193,1.0645686096295217,1.053684488609899,1.1687124723680142,-16.6970393990388
741,30741,30741,30741,6a22834,ckpt_sac_full_00349944,0,0,0,timeout,200,197.28530986592915,nan,nan,-1,0,30.0,0.45,20.0,1.0,25,1,200,0.002,100,10.0,1.0,0,176,0,0.88,0.38833546899569105,-0.298759985467587,-1.427361530594597,0.021024699172276503,0.03373038485297867,0.09102716188247381,1.6025694178673016,1.0341171457509915,0.3456602627265815,0.28975584217406425,0.9783706388577258,0.9739016387029544,1.1378041629320987,-16.929727885260952
742,30742,30742,30742,6a22834,ckpt_sac_full_00349944,0,1,0,timeout,200,238.90576473932651,nan,nan,-1,1,30.0,0.45,20.0,1.0,25,1,200,0.002,100,10.0,1.0,0,191,0,0.955,0.3064990156820667,-0.6471784652005532,-1.1099442466012222,0.026341535292222308,0.032169403140703136,0.046590677148887344,1.522800430256824,1.0429534587777058,0.31316022028874413,0.40911282955495565,1.0023491923200483,0.9573076958678193,0.7833725456277939,4.829858064499251
743,30743,30743,30743,6a22834,ckpt_sac_full_00349944,0,1,0,timeout,200,381.66281247666694,nan,nan,-1,1,30.0,0.45,20.0,1.0,25,1,200,0.002,100,10.0,1.0,0,190,0,0.95,0.30559591077475956,-0.6602357598748214,2.937722708170515,0.023204854334120034,0.03337749977650894,0.05766397655878018,1.167302185977998,1.2779456542925296,0.3368646215702954,0.4027936770267308,1.0758899625381555,1.0224806228318495,1.1871705414523652,-0.025063488923739073
744,30744,30744,30744,6a22834,ckpt_sac_full_00349944,0,0,0,timeout,200,453.05164895857087,nan,nan,-1,1,30.0,0.45,20.0,1.0,25,1,200,0.002,100,10.0,1.0,0,185,0,0.925,0.35108874326220796,-0.6461355675878138,0.9912772874980895,0.02575959680339017,0.03680776272128237,0.07770073385796776,0.8268464634140114,0.6579920962918271,0.30858400400389874,0.5078382561788777,1.0179075586020627,0.935101327795244,1.1250399612657889,-0.046486105125082215
745,30745,30745,30745,6a22834,ckpt_sac_full_00349944,1,1,1,success,81,36.559398556283796,20.922515379003357,2.3198898153975156,77,1,30.0,0.45,20.0,1.0,25,1,200,0.002,100,10.0,1.0,2,62,0,0.7654320987654321,0.37735942639861736,-0.5730814394338604,0.4151725121480272,0.023221460332262956,0.036043645681476326,0.08357611034101421,1.234542302431621,1.217618927968128,0.3285761245247937,0.407060378582389,1.011085565915421,1.031531255375629,1.1778114768695063,280.07746460994787
746,30746,30746,30746,6a22834,ckpt_sac_full_00349944,0,1,0,timeout,200,225.99309854100485,nan,nan,-1,1,30.0,0.45,20.0,1.0,25,1,200,0.002,100,10.0,1.0,0,177,0,0.885,0.3286638704442937,-0.2674658315369179,2.870147979043792,0.026064773220179163,0.034538771202024685,0.11508051472160549,1.958380835118421,1.3065613886971563,0.3315281305350597,0.5876809409733345,1.0028285147967584,1.0571568441281725,0.9616971792482791,22.398637595600167
747,30747,30747,30747,6a22834,ckpt_sac_full_00349944,0,1,0,timeout,200,330.33784734861206,nan,nan,-1,0,30.0,0.45,20.0,1.0,25,1,200,0.002,100,10.0,1.0,0,181,0,0.905,0.37623939751313223,-0.41445904074575707,0.18105448106778343,0.02368316389792645,0.03487512554504127,0.08838690473863536,1.4834989809954473,0.7950051240924795,0.30898853284919275,0.5967542780586814,1.0170111904293573,1.095920632105053,0.9143674188299985,20.475506627608578
748,30748,30748,30748,6a22834,ckpt_sac_full_00349944,0,0,0,timeout,200,135.03567453128466,nan,nan,-1,0,30.0,0.45,20.0,1.0,25,1,200,0.002,100,10.0,1.0,0,173,0,0.865,0.3343967496967772,-0.2505032212185369,3.014915402004089,0.02330831684369785,0.040049666591494185,0.09174058674152918,1.5166729449602068,0.6916394568434924,0.37600349486618667,0.6758561778640161,0.9413041961112177,1.0307722152666847,1.0948609603088415,-43.10119033223505
749,30749,30749,30749,6a22834,ckpt_sac_full_00349944,0,1,0,timeout,200,245.89839623192447,nan,nan,-1,1,30.0,0.45,20.0,1.0,25,1,200,0.002,100,10.0,1.0,0,179,0,0.895,0.3786894267777654,-0.17082480492630703,-1.6984698502423707,0.02093562398767485,0.035706249885098504,0.07498920151488327,1.993112423441433,0.7429925363178549,0.3701868194829254,0.4348039622207266,1.0532756053967247,0.9676824255689531,1.0465645166636492,-19.90886064450109
750,30750,30750,30750,6a22834,ckpt_sac_full_00349944,0,0,0,timeout,200,387.55209303262626,nan,nan,-1,1,30.0,0.45,20.0,1.0,25,1,200,0.002,100,10.0,1.0,0,179,0,0.895,0.36360611706097323,-0.3626242138587898,3.1009396133208726,0.02067557237279257,0.0359378218708952,0.07622177469339633,1.6567621429836987,1.336921526242311,0.37657589389008006,0.6999311500791991,1.0340749296954264,1.0101920165864675,0.9661013803215484,3.577278033708354
751,30751,30751,30751,6a22834,ckpt_sac_full_00349944,0,0,0,timeout,200,382.32129657384525,nan,nan,-1,1,30.0,0.45,20.0,1.0,25,1,200,0.002,100,10.0,1.0,0,162,0,0.81,0.32913060362087304,-0.45396737393661013,0.6348403283879547,0.022060246463463586,0.03358823050131212,0.11713994568310378,1.6416519740570066,1.057888043266307,0.3777986754724622,0.693245963664142,0.9739715152326555,1.1039991428744675,0.8858881043121989,1.458729310510328
752,30752,30752,30752,6a22834,ckpt_sac_full_00349944,0,0,0,timeout,200,276.5808359167917,nan,nan,-1,0,30.0,0.45,20.0,1.0,25,1,200,0.002,100,10.0,1.0,0,187,0,0.935,0.3469779710723967,-0.4765231033688386,-2.7225133153442482,0.024497594206609137,0.0373066941774147,0.10580922560977438,1.3720171468031226,1.2726459148045575,0.36083456569713024,0.3538392788296219,1.0107980166662935,0.9302258512336119,1.1004008177512365,-7.668711174541582
753,30753,30753,30753,6a22834,ckpt_sac_full_00349944,0,1,0,timeout,200,246.59454768630508,nan,nan,-1,1,30.0,0.45,20.0,1.0,25,1,200,0.002,100,10.0,1.0,0,194,0,0.97,0.3430632394006222,-0.4262848863038116,-2.3849529086271466,0.027281616675494374,0.03878034701518012,0.0318734425804844,0.9115892184223665,0.7473398241604372,0.31292374223039043,0.21315885220298592,1.0361525773593399,0.9907574659578737,1.1724917330909101,17.350007202724548
754,30754,30754,30754,6a22834,ckpt_sac_full_00349944,0,0,0,timeout,200,268.78804486553946,nan,nan,-1,1,30.0,0.45,20.0,1.0,25,1,200,0.002,100,10.0,1.0,0,189,0,0.945,0.36979086180546916,-0.5783891002517468,2.5695786402792073,0.02494925555827511,0.032549275525295476,0.0752798803949741,1.4917978727015058,1.0640738874170783,0.3536103114486271,0.1925562599612234,1.09446859694394,1.0087313495434218,1.0894106871522378,0.6488530938427437
755,30755,30755,30755,6a22834,ckpt_sac_full_00349944,0,1,0,timeout,200,424.56611055163654,nan,nan,-1,1,30.0,0.45,20.0,1.0,25,1,200,0.002,100,10.0,1.0,0,185,0,0.925,0.32275545777844933,-0.7061981745755147,1.886957776125361,0.02569280490938025,0.037263915068722876,0.11903051703041781,1.4019203246815013,1.0499254702792262,0.3053233988564099,0.5713160507470968,1.053902468695966,0.8659888338881334,1.0163641371325571,21.16498000621617
756,30756,30756,30756,6a22834,ckpt_sac_full_00349944,0,1,0,object_lost,118,260.6578466560432,220.6529657234234,478.74171076587146,42,0,30.0,0.45,20.0,1.0,25,1,200,0.002,100,10.0,1.0,0,105,0,0.8898305084745762,0.36852015454688913,-0.5730312087342162,0.3470749058277054,0.02555608539865325,0.03170735632560498,0.03865203084228639,1.512257688067244,0.6744960198119242,0.34888353759881374,0.3221712034991087,1.0825866502231516,1.020858593250563,1.0180443057852375,-165.26033244093998
757,30757,30757,30757,6a22834,ckpt_sac_full_00349944,1,1,1,success,78,17.782342977175237,13.539384843815418,15.89844516750703,72,1,30.0,0.45,20.0,1.0,25,1,200,0.002,100,10.0,1.0,0,60,0,0.7692307692307693,0.37191897759801895,-0.3974997273709263,-2.1585787739917577,0.02589964098613633,0.03503511523115151,0.05292121357972264,1.6237656608228273,0.9357147428616132,0.32691967325984095,0.4293292843795092,0.9631802327924442,1.0739425694026852,1.1919214437091954,281.26774554049155
758,30758,30758,30758,6a22834,ckpt_sac_full_00349944,0,0,0,timeout,200,245.7861618303779,nan,nan,-1,1,30.0,0.45,20.0,1.0,25,1,200,0.002,100,10.0,1.0,0,188,0,0.94,0.34500911094420605,-0.5247876820307539,-1.8717298982199857,0.021325427656290617,0.03622338104474151,0.05988266561421428,0.8587710351945934,0.9957050116862979,0.3455820160722648,0.2047814386530236,1.0619579799484125,0.9976821910848175,1.201018168155899,-5.464370287292731
759,30759,30759,30759,6a22834,ckpt_sac_full_00349944,0,1,0,unsafe,26,411.67328298218166,nan,nan,-1,1,30.0,0.45,20.0,1.0,25,1,200,0.002,100,10.0,1.0,0,19,0,0.7307692307692307,0.32044310233541046,-0.7223687084796772,-1.8836457708292675,0.026559871022768796,0.033930757759874315,0.11504078119586006,0.8567867167104057,1.0899987711707984,0.35068350330281484,0.5930544798437611,1.0805985742929847,1.040986002861471,1.0106573513365535,-14.047777627583585
760,30760,30760,30760,6a22834,ckpt_sac_full_00349944,0,0,0,unsafe,28,342.52296362084695,nan,nan,-1,0,30.0,0.45,20.0,1.0,25,1,200,0.002,100,10.0,1.0,0,18,0,0.6428571428571429,0.3152181618045469,-0.6108731731425843,1.0397676610824114,0.021959298195067346,0.03922447915746744,0.07038860011288631,0.9296673946417615,1.3246545606125293,0.3831165282392354,0.3936339496564036,1.0447301278705896,0.9627860776948802,1.066053249217609,-39.86950861507938
761,30761,30761,30761,6a22834,ckpt_sac_full_00349944,0,0,0,timeout,200,390.0095205349932,nan,nan,-1,1,30.0,0.45,20.0,1.0,25,1,200,0.002,100,10.0,1.0,0,184,0,0.92,0.32085060247301367,-0.581647665224315,0.6244241868337794,0.02445608472147256,0.030672466807014666,0.038182985248708744,0.8593737275398932,1.1236860522324632,0.3562398531837985,0.5351606050470765,0.9433708406031638,1.0820482228671613,1.1253247865322504,0.4112151380413
762,30762,30762,30762,6a22834,ckpt_sac_full_00349944,0,1,0,timeout,200,430.0149405096681,nan,nan,-1,1,30.0,0.45,20.0,1.0,25,1,200,0.002,100,10.0,1.0,0,181,0,0.905,0.3764364740909123,-0.6916479055261495,-1.1454389459309344,0.02526723265669394,0.03967071786115529,0.09469258185365495,1.2208632456714694,1.387414473708989,0.3777958470422449,0.4331402644595247,1.0826431194386101,0.9956411425657953,0.9887953662692126,26.528632602471593
763,30763,30763,30763,6a22834,ckpt_sac_full_00349944,0,1,0,timeout,200,443.00897950096504,nan,nan,-1,1,30.0,0.45,20.0,1.0,25,1,200,0.002,100,10.0,1.0,0,174,0,0.87,0.3627680715029884,-0.54006708970518,1.4547490465911368,0.02383252151710038,0.035026370129122804,0.09376948558573972,1.177273984369283,0.8111965174616709,0.373855847782174,0.6443193856780605,1.0634620676553965,1.0281226923620366,0.8990599087040674,20.813504275316728
764,30764,30764,30764,6a22834,ckpt_sac_full_00349944,0,0,0,timeout,200,307.61922099392035,nan,nan,-1,1,30.0,0.45,20.0,1.0,25,1,200,0.002,100,10.0,1.0,0,169,0,0.845,0.38416511214020516,-0.5746695139620092,-2.5136888918183833,0.022964403943865626,0.030633750960248066,0.07151487260775206,1.1128971550887328,0.6326607406829862,0.3558888309671146,0.36908140439122156,1.0160995556508114,1.05281115200545,1.0734540521708773,-2.1858727902705954
765,30765,30765,30765,6a22834,ckpt_sac_full_00349944,0,0,0,timeout,200,279.49864160408447,nan,nan,-1,1,30.0,0.45,20.0,1.0,25,1,200,0.002,100,10.0,1.0,0,176,0,0.88,0.3715433577865766,-0.3128911623788281,2.4355856952770356,0.027268823939599608,0.02990713737255157,0.03861695385519646,1.897504552387148,0.7165657399200643,0.3525685079982989,0.4737256632088407,0.9410699219596669,1.0027596789409576,0.9756956846696326,-3.0830318712321523
766,30766,30766,30766,6a22834,ckpt_sac_full_00349944,0,0,0,timeout,200,291.2832853285525,nan,nan,-1,1,30.0,0.45,20.0,1.0,25,1,200,0.002,100,10.0,1.0,0,184,0,0.92,0.31022643077118134,-0.5396237206789621,2.154692126000084,0.024227022367558256,0.039715835789715895,0.09631470117332103,1.9577352287074574,0.989914439590875,0.36709624755930553,0.3351710614838779,1.0618189173009127,1.0146428621910732,0.8881827785823102,-1.9352348275852327
767,30767,30767,30767,6a22834,ckpt_sac_full_00349944,0,0,0,timeout,200,322.71054952954717,nan,nan,-1,1,30.0,0.45,20.0,1.0,25,1,200,0.002,100,10.0,1.0,0,109,0,0.545,0.32364478842732913,-0.23552363372554258,0.7701219972548583,0.025255931947288018,0.03478856289321028,0.03250013254285256,1.2516408457405364,1.0437229553979812,0.357845307700728,0.6704831465289015,1.0595500374312035,0.9585841809888167,1.1706743967774909,-15.992976836062924
768,30768,30768,30768,6a22834,ckpt_sac_full_00349944,0,0,0,timeout,200,162.43289548878514,nan,nan,-1,1,30.0,0.45,20.0,1.0,25,1,200,0.002,100,10.0,1.0,0,171,0,0.855,0.3392555805667559,-0.4152723762194135,-1.2971588733364154,0.020686318473008083,0.03695537065820225,0.07287473705015615,0.9563811028324898,0.9666098425403776,0.30392356652131475,0.25479367469450415,1.0167529364802992,1.132120895840307,1.2112602266902197,-13.528941452489542
769,30769,30769,30769,6a22834,ckpt_sac_full_00349944,0,1,0,timeout,200,299.2267308036188,nan,nan,-1,1,30.0,0.45,20.0,1.0,25,1,200,0.002,100,10.0,1.0,0,191,0,0.955,0.3440292847301023,-0.6266731940703365,2.0550996557302312,0.02555754594694006,0.03495562341184741,0.044725357464030335,1.8117317021191583,0.749617120059569,0.34933625436221566,0.2150777039264494,1.0371222827137558,0.9851472943123964,1.1278788597444886,-0.1701452799082267
770,30770,30770,30770,6a22834,ckpt_sac_full_00349944,0,0,0,timeout,200,449.2107254117533,nan,nan,-1,1,30.0,0.45,20.0,1.0,25,1,200,0.002,100,10.0,1.0,0,184,0,0.92,0.3562987290991765,-0.7057491710599914,-2.179542339602772,0.02657831956539189,0.03860351068694464,0.05784424674727742,1.7281536185331166,0.7122916950747147,0.3068898394226569,0.707160867738384,1.026693192192613,1.0709269560863672,1.1283071653326724,2.550301609251892
771,30771,30771,30771,6a22834,ckpt_sac_full_00349944,0,1,0,timeout,200,150.1131632116988,nan,nan,-1,0,30.0,0.45,20.0,1.0,25,1,200,0.002,100,10.0,1.0,0,178,0,0.89,0.3238045662816095,-0.174353380286706,0.868365605172424,0.026430696928796755,0.034771376375420944,0.031076391486684365,1.6975426731770944,1.0355885457297307,0.34062298700098076,0.6706482150377192,1.1371348903422853,1.04234369327899,1.169555903048977,17.027169254639542
772,30772,30772,30772,6a22834,ckpt_sac_full_00349944,0,1,0,timeout,200,310.6825736577668,nan,nan,-1,1,30.0,0.45,20.0,1.0,25,1,200,0.002,100,10.0,1.0,0,185,0,0.925,0.3153328338704471,-0.3312370961892074,2.480153924613931,0.024510672753125778,0.03123649466921585,0.11043321105417732,1.8366906323791585,0.7040085601215571,0.3663343120864515,0.37896590059127716,1.0146487517509866,1.0720865253193004,0.9118453678919995,11.753759182307927
773,30773,30773,30773,6a22834,ckpt_sac_full_00349944,0,0,0,timeout,200,142.46973112065714,nan,nan,-1,1,30.0,0.45,20.0,1.0,25,1,200,0.002,100,10.0,1.0,77,180,0,0.9,0.34446133752239816,-0.21202477239189077,-0.39073998888766104,0.02558485393096635,0.037937747750249426,0.06810782953891871,1.135217134982145,0.7681349746971567,0.31346589676930386,0.4828017414228565,1.016109690830458,1.015154667392211,0.7655872362767892,-60.9154210730025
774,30774,30774,30774,6a22834,ckpt_sac_full_00349944,0,0,0,timeout,200,321.0203254746063,nan,nan,-1,1,30.0,0.45,20.0,1.0,25,1,200,0.002,100,10.0,1.0,0,179,0,0.895,0.3234402721783292,-0.3700766824756599,-2.7718815891433386,0.022902669886515643,0.03530609046516755,0.05701634214671214,1.278653169701999,1.3636189194912574,0.3729025607969105,0.42914882969300244,1.055077590461511,1.0940476290072074,1.1432218805574543,0.5682945931587382
775,30775,30775,30775,6a22834,ckpt_sac_full_00349944,0,1,0,timeout,200,309.1972224907914,nan,nan,-1,1,30.0,0.45,20.0,1.0,25,1,200,0.002,100,10.0,1.0,0,187,0,0.935,0.3788038692353883,-0.2862397720080012,2.932177336410681,0.02449951730475477,0.03623684514001873,0.06856925933404791,1.0789419080669043,1.223315054258184,0.32653260152331814,0.5010909181754586,0.9984737750756876,0.9718565762586807,1.0364926907666714,21.13232467205148
776,30776,30776,30776,6a22834,ckpt_sac_full_00349944,1,1,1,success,83,5.638080264557221,22.763607772744376,9.377364673905833,79,1,30.0,0.45,20.0,1.0,25,1,200,0.002,100,10.0,1.0,0,68,0,0.8192771084337349,0.36100503060071154,-0.5749147680039308,2.2221948730375827,0.0242834024953985,0.03521612813918571,0.11533140880432825,1.7370706780494025,0.9231202991781425,0.3220609043700131,0.3516720008126845,1.0513611511844423,1.069225172966994,1.2062672535305317,283.9517681854858
777,30777,30777,30777,6a22834,ckpt_sac_full_00349944,0,0,0,timeout,200,161.70538622055707,nan,nan,-1,1,30.0,0.45,20.0,1.0,25,1,200,0.002,100,10.0,1.0,129,183,0,0.915,0.30112253616000806,-0.20166264096853537,2.885796261021139,0.027154288092521628,0.03676204027498892,0.050238941644029325,1.5918093044463242,1.2273135734472769,0.38367805336105854,0.34218030130168586,1.0018387484607651,1.0602987841961988,1.0669909253890304,-102.99277454557802
778,30778,30778,30778,6a22834,ckpt_sac_full_00349944,0,0,0,unsafe,33,294.5561484160058,nan,nan,-1,0,30.0,0.45,20.0,1.0,25,1,200,0.002,100,10.0,1.0,0,23,0,0.696969696969697,0.30663797901388157,-0.6309777116682123,1.395266714095297,0.02569230305697745,0.030472185487061588,0.11437226530195965,1.5944874642424156,1.225171313104819,0.3019890710351993,0.3779393323897613,1.0125973053221524,1.0428620016894503,1.0202480369420437,-39.36365774743017
779,30779,30779,30779,6a22834,ckpt_sac_full_00349944,0,1,0,unsafe,42,251.00591868328553,nan,nan,-1,0,30.0,0.45,20.0,1.0,25,1,200,0.002,100,10.0,1.0,0,33,0,0.7857142857142857,0.32323546015090865,-0.5184241673951843,3.1146109568134595,0.026647423643843118,0.03213518392357879,0.06992007115892537,1.2930316203512286,0.7122178874318179,0.36683590690199347,0.24649875412370184,1.077872789906251,0.999481323336549,1.2050136869977324,-41.88129919275107
780,30780,30780,30780,6a22834,ckpt_sac_full_00349944,0,0,0,timeout,200,314.5273595908281,nan,nan,-1,1,30.0,0.45,20.0,1.0,25,1,200,0.002,100,10.0,1.0,0,188,0,0.94,0.31911567215018816,-0.5766795811014602,-0.3024130256628208,0.026717962266289298,0.03296347790929144,0.09425397045138037,1.9015632803549245,0.819155544769554,0.31241631976137335,0.42044380896049943,1.0835797962027818,1.085503987820891,1.135948920552622,2.2978194136408683
781,30781,30781,30781,6a22834,ckpt_sac_full_00349944,0,0,0,unsafe,29,360.8886283264219,nan,nan,-1,1,30.0,0.45,20.0,1.0,25,1,200,0.002,100,10.0,1.0,0,21,0,0.7241379310344828,0.34850086403083413,-0.6437646925274111,-2.1866421133913327,0.024504319345937425,0.0397459634987433,0.10109064559905978,1.7893327371557264,0.7857039334046809,0.32286116463462394,0.4847798828203411,1.124823667837078,1.0385227396501608,1.066752686620094,-40.16592808010117
782,30782,30782,30782,6a22834,ckpt_sac_full_00349944,0,0,0,timeout,200,326.27267733434985,nan,nan,-1,1,30.0,0.45,20.0,1.0,25,1,200,0.002,100,10.0,1.0,0,180,0,0.9,0.35026957874237796,-0.4905368306269807,-1.324744730722211,0.020411782516931574,0.035319128474040215,0.03234515377163146,1.014604078766492,0.6745961818194047,0.36652544851886004,0.4432825205685282,1.09120386898187,1.0000660086565525,1.0541015390091029,-0.39392648162347244
783,30783,30783,30783,6a22834,ckpt_sac_full_00349944,0,0,0,timeout,200,308.6140772119121,nan,nan,-1,0,30.0,0.45,20.0,1.0,25,1,200,0.002,100,10.0,1.0,0,155,0,0.775,0.35965864320750945,-0.6714838414800184,0.8067959271810055,0.025176311576459748,0.03772974124177237,0.08373104986627983,1.0229542380781749,1.0096956702137616,0.3764620005619792,0.44185453618042886,1.0585746690555842,1.0702607644829853,1.0142394971988207,-18.433221410530784
784,30784,30784,30784,6a22834,ckpt_sac_full_00349944,0,0,0,timeout,200,325.4746755633914,nan,nan,-1,1,30.0,0.45,20.0,1.0,25,1,200,0.002,100,10.0,1.0,0,183,0,0.915,0.3754997555352227,-0.5573328148932193,-0.8262074582660746,0.020753323466397425,0.030790370191713635,0.05134735977548102,1.5775006968236767,1.1789501664331818,0.37350935143744446,0.23853402978005753,1.144621648417919,0.9694547112875574,0.9553933716419593,-12.531823828820688
785,30785,30785,30785,6a22834,ckpt_sac_full_00349944,0,1,0,timeout,200,389.84556378581306,nan,nan,-1,1,30.0,0.45,20.0,1.0,25,1,200,0.002,100,10.0,1.0,0,179,0,0.895,0.3867621830472322,-0.4378679029382755,0.07157704558663092,0.02455853766372618,0.03493276746222091,0.09710795338765402,1.1860214934544984,0.7955147406435694,0.31877412112910763,0.7280885684049908,0.9547426101333089,1.0020696682515362,1.145281170662912,-0.316937191561818
786,30786,30786,30786,6a22834,ckpt_sac_full_00349944,0,0,0,timeout,200,337.65046783725785,nan,nan,-1,0,30.0,0.45,20.0,1.0,25,1,200,0.002,100,10.0,1.0,0,185,0,0.925,0.3252494578878344,-0.518458217987798,1.602893875333324,0.026523250981435504,0.03571040580767529,0.07940001456424298,1.1660790942026908,1.2708681026346293,0.3137492717554795,0.5078688327039078,1.0435383318962848,0.9953622887541446,0.9995908676180218,1.1075845772346375
787,30787,30787,30787,6a22834,ckpt_sac_full_00349944,0,0,0,timeout,200,434.6549289712953,nan,nan,-1,0,30.0,0.45,20.0,1.0,25,1,200,0.002,100,10.0,1.0,0,164,0,0.82,0.3228360611490706,-0.35893404828024295,0.4735233154434031,0.021825239925265735,0.0330594814662519,0.11724735777011351,1.9556289668040012,1.3407199550975906,0.32114281545143786,0.6446213237581709,1.0445966474389152,1.0551508632237618,1.1532496697537686,-36.505353109449025
788,30788,30788,30788,6a22834,ckpt_sac_full_00349944,0,0,0,timeout,200,293.95690228820314,nan,nan,-1,1,30.0,0.45,20.0,1.0,25,1,200,0.002,100,10.0,1.0,0,178,0,0.89,0.3751718879639482,-0.32856728498409743,-2.92878143628548,0.023484667704515395,0.0400860271135173,0.10757970577535975,1.2184682212702205,1.3046904654252505,0.36244402590274855,0.5818679973353958,1.0052185460570056,1.0662038689729765,1.162537996768401,-2.217246921690395
789,30789,30789,30789,6a22834,ckpt_sac_full_00349944,0,0,0,timeout,200,369.1374392674639,nan,nan,-1,1,30.0,0.45,20.0,1.0,25,1,200,0.002,100,10.0,1.0,0,180,0,0.9,0.3841484997066586,-0.35009568294575416,1.5632420491255328,0.02133357832838469,0.037097566472825104,0.06531101135140269,1.1741791578388143,1.1142115030401127,0.3523340092304181,0.6893804177601859,1.0093849685265543,1.0527392441096548,1.0399306980145293,0.7136461283216035
790,30790,30790,30790,6a22834,ckpt_sac_full_00349944,0,0,0,timeout,200,372.7314961589853,nan,nan,-1,1,30.0,0.45,20.0,1.0,25,1,200,0.002,100,10.0,1.0,0,186,0,0.93,0.36860779339324845,-0.3732895039807316,2.9279469730620624,0.024700448690931336,0.0359678771368207,0.11513593794568092,1.3380365036141357,0.8979492445366625,0.34724349831381995,0.7206657568496392,1.0388376799541967,1.0833744155477132,1.0900254291221674,-1.8937295409247457
791,30791,30791,30791,6a22834,ckpt_sac_full_00349944,0,0,0,timeout,200,314.63236670445133,nan,nan,-1,1,30.0,0.45,20.0,1.0,25,1,200,0.002,100,10.0,1.0,0,191,0,0.955,0.3745970957932242,-0.7254189852818104,-2.512229240482785,0.024617952847861953,0.0315371313263293,0.04529510188040065,1.3153963959158754,1.3187636280173618,0.31235974039338243,0.22187345586340507,1.0003427233769888,1.014434724223004,1.1238729826691578,0.8464897105448438
792,30792,30792,30792,6a22834,ckpt_sac_full_00349944,0,0,0,unsafe,53,264.3893242805628,nan,nan,-1,0,30.0,0.45,20.0,1.0,25,1,200,0.002,100,10.0,1.0,0,40,0,0.7547169811320755,0.387166310598809,-0.510474410256714,-2.187513439173787,0.024785252159018632,0.0324280147400897,0.04930813075856276,1.6943345383133717,1.280255571696563,0.31573636679196376,0.22721992183762169,1.0117173258949583,1.0438963431773383,1.0350811311250934,-41.21249861321695
793,30793,30793,30793,6a22834,ckpt_sac_full_00349944,0,1,0,timeout,200,325.75335680785986,nan,nan,-1,1,30.0,0.45,20.0,1.0,25,1,200,0.002,100,10.0,1.0,0,180,0,0.9,0.3610510957491675,-0.5409080921300405,3.043401310014767,0.02332375958437398,0.03550968843051637,0.08913231818750517,1.7239397143343265,1.3604463357972865,0.3436848038213253,0.4628472956664273,1.047400052093503,1.0613212407660202,1.1195478911935097,25.69447902784243
794,30794,30794,30794,6a22834,ckpt_sac_full_00349944,0,1,0,timeout,200,337.6215199924676,nan,nan,-1,1,30.0,0.45,20.0,1.0,25,1,200,0.002,100,10.0,1.0,0,184,0,0.92,0.3899864524149334,-0.7295453638352438,2.113844505786786,0.02287772770131723,0.03882066742569567,0.10734637335203064,0.8360408594178285,0.6678715426614721,0.3223850920516121,0.2164783690752747,1.0158931387418189,1.0662612154270203,1.1179242946373802,1.2966415992565397
795,30795,30795,30795,6a22834,ckpt_sac_full_00349944,0,1,0,timeout,200,433.7594722223545,nan,nan,-1,1,30.0,0.45,20.0,1.0,25,1,200,0.002,100,10.0,1.0,0,188,0,0.94,0.3271800474259113,-0.5493509982191153,-1.5316956312908887,0.020573813613633942,0.03660836473697348,0.06032296694909978,1.0110107424644397,1.396607164139215,0.3056491430570803,0.6760681953322931,0.9936238397800808,1.0629887596788472,1.1378351613478075,24.713135163136858
796,30796,30796,30796,6a22834,ckpt_sac_full_00349944,0,1,0,timeout,200,251.20119700895827,nan,nan,-1,0,30.0,0.45,20.0,1.0,25,1,200,0.002,100,10.0,1.0,0,185,0,0.925,0.3820372373804552,-0.4125389489193223,2.6698410669720634,0.02452635631470925,0.034655603820870164,0.0748990518118603,1.556072006699378,1.2361479534888278,0.3821959638215023,0.35090629811945917,1.1218207149812842,1.0640955467926918,0.9145048894583796,18.309484444740566
797,30797,30797,30797,6a22834,ckpt_sac_full_00349944,0,1,1,timeout,200,65.29223505844054,73.00565635567635,0.0,200,0,30.0,0.45,20.0,1.0,25,1,200,0.002,100,10.0,1.0,23,141,0,0.705,0.3405553740441508,-0.7224149468100942,1.2000694565157675,0.02487355819048369,0.031176963957500817,0.03393808709437128,1.737607473898426,0.6445538496501628,0.337752623762877,0.6608137902323062,1.0513493404487553,1.0515469933930857,1.1152711669267525,53.45797843259826
798,30798,30798,30798,6a22834,ckpt_sac_full_00349944,0,1,0,timeout,200,22.68172604217719,42.172792328216595,23.393998506965676,79,1,30.0,0.45,20.0,1.0,25,1,200,0.002,100,10.0,1.0,0,178,0,0.89,0.35207530650130975,-0.5548635034907419,-0.4807979775028528,0.02242434753879665,0.031136650739173235,0.11128391355966122,1.8574741009751343,1.0239742318035412,0.3887580362607616,0.35121188662151426,1.0959172077889467,0.9769319228193709,1.226895874389591,77.11452802288863
799,30799,30799,30799,6a22834,ckpt_sac_full_00349944,0,0,0,timeout,200,245.31802230904677,nan,nan,-1,1,30.0,0.45,20.0,1.0,25,1,200,0.002,100,10.0,1.0,0,169,0,0.845,0.32152629399578786,-0.34416702891418743,-0.6683738337817928,0.02119952201044036,0.03632461015454885,0.07842361564837412,1.3000226976383311,0.6728864041702817,0.3223931135647339,0.44613840690495304,0.9957678116293792,1.037184970132281,0.9644125308533023,-14.161071630830087
800,30800,30800,30800,6a22834,ckpt_sac_full_00349944,0,0,0,timeout,200,421.30179499194367,nan,nan,-1,1,30.0,0.45,20.0,1.0,25,1,200,0.002,100,10.0,1.0,0,179,0,0.895,0.38638690263513775,-0.5257412737299982,1.4280474243248262,0.026522271717559436,0.035199630834234344,0.1061351609982927,1.5952039392253559,1.3226775105854964,0.32650385817856037,0.7290384530263394,0.9751502642295476,0.9825558064585327,0.8749615181958933,0.3050398777961209
801,30801,30801,30801,6a22834,ckpt_sac_full_00349944,0,0,0,timeout,200,240.31448628814238,nan,nan,-1,1,30.0,0.45,20.0,1.0,25,1,200,0.002,100,10.0,1.0,0,181,0,0.905,0.3504737247096874,-0.522072326730889,3.1272272743255876,0.025814433014786364,0.03404864151765686,0.040316024553408505,1.3406678027675394,1.120344996683332,0.32462812464353735,0.2886443230562042,0.9974581528009215,0.9929186693119375,1.1046186155437114,-6.911352732968481
802,30802,30802,30802,6a22834,ckpt_sac_full_00349944,0,0,0,timeout,200,209.17348962168498,nan,nan,-1,1,30.0,0.45,20.0,1.0,25,1,200,0.002,100,10.0,1.0,0,176,0,0.88,0.36146721558077155,-0.3369027032009499,2.116946459542417,0.02353207626975208,0.03247120891214246,0.05247303462664511,1.9613304154143034,1.1283445467598088,0.31363625762856573,0.34404947499779626,0.9947123298301531,1.079884876084703,1.066873504557181,-3.7261202126301916
803,30803,30803,30803,6a22834,ckpt_sac_full_00349944,1,1,1,success,91,33.522729187178406,10.61502197478365,6.172842691204377,88,1,30.0,0.45,20.0,1.0,25,1,200,0.002,100,10.0,1.0,0,57,0,0.6263736263736264,0.3379163733299034,-0.29142713760985817,-2.831149816269136,0.021298931196872373,0.03873774269815493,0.11104612222652596,1.369653311320095,0.73525679584328,0.38224052204648246,0.5909701189659263,0.9653028583534342,0.9982188043521092,1.5076747073862364,284.7693078664498
804,30804,30804,30804,6a22834,ckpt_sac_full_00349944,0,1,0,timeout,200,305.187941259485,nan,nan,-1,1,30.0,0.45,20.0,1.0,25,1,200,0.002,100,10.0,1.0,0,184,0,0.92,0.3263525413568027,-0.19859980579771108,2.0408765728032776,0.02376660893340107,0.03152890284597075,0.07511199484419963,1.1766433085522492,1.0712169457681033,0.3039126792897628,0.6044354016175428,1.0494768947272128,0.9717176452355439,1.077332512317802,11.989252188677087
805,30805,30805,30805,6a22834,ckpt_sac_full_00349944,0,1,0,timeout,200,223.11127680510327,nan,nan,-1,0,30.0,0.45,20.0,1.0,25,1,200,0.002,100,10.0,1.0,0,180,0,0.9,0.37178165736419033,-0.28444318807667124,-1.410593014302719,0.023331651375851987,0.037970158085889945,0.05569283595895742,1.6482554901366637,1.1476980508343446,0.3670066387726998,0.4285555311867152,1.0599318114331495,1.0072379088512833,1.0871507557904911,-14.74787518543829
806,30806,30806,30806,6a22834,ckpt_sac_full_00349944,0,0,0,timeout,200,258.2667565775649,nan,nan,-1,0,30.0,0.45,20.0,1.0,25,1,200,0.002,100,10.0,1.0,0,171,0,0.855,0.3135619671065301,-0.3577712445435193,0.8870263116997164,0.02667550695802979,0.037058573981370344,0.1065295696435754,1.8338251578770037,1.1039065311180174,0.38048485924076914,0.3798911051552038,0.9638838890954055,0.9929616205572448,1.0999847923639046,-13.437099256859637
807,30807,30807,30807,6a22834,ckpt_sac_full_00349944,0,0,0,unsafe,85,268.0022032322718,nan,nan,-1,0,30.0,0.45,20.0,1.0,25,1,200,0.002,100,10.0,1.0,0,73,0,0.8588235294117647,0.36365758614010546,-0.34549762004816614,2.102423815064057,0.02652519740394018,0.03164234372921555,0.03128310899643181,1.462074826623999,0.6567147455962429,0.33704885693339504,0.40630893893483533,1.0092833035009103,1.0589613747401379,1.0384575262768052,-51.906360255509114
808,30808,30808,30808,6a22834,ckpt_sac_full_00349944,0,0,0,unsafe,30,212.6431847289231,nan,nan,-1,0,30.0,0.45,20.0,1.0,25,1,200,0.002,100,10.0,1.0,0,18,0,0.6,0.3199843492972372,-0.3510849266744811,0.41052633347076917,0.023913115285124388,0.03134526810658963,0.08464807398134558,1.2497812685241203,1.2568512556828821,0.3643359864670288,0.26670862253125927,0.9980420309317515,1.0070439561151645,1.0560830753494144,-41.04749971325276
809,30809,30809,30809,6a22834,ckpt_sac_full_00349944,0,1,0,timeout,200,385.5200710787042,nan,nan,-1,1,30.0,0.45,20.0,1.0,25,1,200,0.002,100,10.0,1.0,0,183,0,0.915,0.3327558838404927,-0.6150095315186267,1.7127459088775474,0.025021855206593432,0.02990180106010071,0.10991147876848828,1.414035890151107,0.7675301029190945,0.31486535570078417,0.6516887739955927,0.9609761660124887,0.9818487388616511,1.0986331573962294,27.973883886977355
810,30810,30810,30810,6a22834,ckpt_sac_full_00349944,0,0,0,object_lost,156,472.2764162025885,nan,nan,-1,0,30.0,0.45,20.0,1.0,25,1,200,0.002,100,10.0,1.0,0,133,0,0.8525641025641025,0.3534193551166352,-0.41547260349331916,0.24249636572904532,0.025266159403597624,0.03784270985163944,0.03314913839946437,1.3710029701339401,0.9870193815400183,0.37162603005055905,0.3933929132921917,0.9910416049168445,1.0385277851808479,0.9508995972986026,-195.81621231791615
811,30811,30811,30811,6a22834,ckpt_sac_full_00349944,0,0,0,object_lost,186,490.33621027074724,nan,nan,-1,1,30.0,0.45,20.0,1.0,25,1,200,0.002,100,10.0,1.0,0,169,0,0.9086021505376344,0.37707948004264186,-0.265027997013895,-1.8979326703670838,0.02597441103563943,0.0342116972434501,0.031457612378514396,0.8172482017278081,0.9597276282721927,0.36079577955897707,0.3634310021467601,1.0118103480891674,1.0623501381723328,1.0402804233707004,-198.47053527222454
812,30812,30812,30812,6a22834,ckpt_sac_full_00349944,0,0,0,timeout,200,397.7467173686926,nan,nan,-1,1,30.0,0.45,20.0,1.0,25,1,200,0.002,100,10.0,1.0,0,182,0,0.91,0.3680551531830877,-0.550064232246092,-2.8829184555746767,0.022208839063978466,0.03781928679115545,0.09761882648949019,1.4272786977552374,1.2496120953694834,0.32122204846670427,0.6618309607854937,1.1018219699305947,1.0453902132013293,1.0398943412080888,3.0655634348225966
813,30813,30813,30813,6a22834,ckpt_sac_full_00349944,0,0,0,timeout,200,204.171464473057,nan,nan,-1,1,30.0,0.45,20.0,1.0,25,1,200,0.002,100,10.0,1.0,22,180,0,0.9,0.389964210981621,-0.6068116361613605,1.5777991947806855,0.02367871755775543,0.03722991236315984,0.0651107769209513,1.9924934841985706,0.8434100151681861,0.3552568234199615,0.19197228370978628,1.0109458580534518,1.0576892090508714,1.0626599887229187,-32.20946821068122
814,30814,30814,30814,6a22834,ckpt_sac_full_00349944,0,1,0,object_lost,197,520.4121331110653,nan,nan,-1,0,30.0,0.45,20.0,1.0,25,1,200,0.002,100,10.0,1.0,0,184,0,0.934010152284264,0.38684151932046107,-0.3380279453453133,0.7713687341563626,0.022994476864012632,0.034360289738280925,0.11455619762606245,1.120250517867137,0.8088121642495544,0.318155591884889,0.41056718535824654,1.0798274924390727,1.0632143976988222,1.0370352036666493,-173.47320975757341
815,30815,30815,30815,6a22834,ckpt_sac_full_00349944,0,0,0,timeout,200,339.2449821151283,nan,nan,-1,1,30.0,0.45,20.0,1.0,25,1,200,0.002,100,10.0,1.0,0,177,0,0.885,0.3011275356782019,-0.6937993877318914,1.5212820581086453,0.026472942387284586,0.035997562822946104,0.11259006994173969,1.210493380928691,0.8687034839550205,0.34345877168597755,0.5268075193898247,1.0722585213588351,1.1088826876647755,0.8972012867425052,-1.2150833980319635
816,30816,30816,30816,6a22834,ckpt_sac_full_00349944,0,1,0,timeout,200,298.9832479386195,nan,nan,-1,1,30.0,0.45,20.0,1.0,25,1,200,0.002,100,10.0,1.0,0,191,0,0.955,0.3892563897845732,-0.5984638098240799,1.2041596466557065,0.02362840532881663,0.03461955521501425,0.043270851587249956,1.888256934845527,0.6107381485262328,0.32414154348041596,0.3680197024811465,1.1065541475219973,1.109989394219346,1.0389929191267133,-1.436471840777052
817,30817,30817,30817,6a22834,ckpt_sac_full_00349944,0,1,0,unsafe,26,277.5287810120619,nan,nan,-1,1,30.0,0.45,20.0,1.0,25,1,200,0.002,100,10.0,1.0,0,20,0,0.7692307692307693,0.31728916777657235,-0.5349746874105403,2.7925789878100824,0.02697300994783742,0.03536290824909635,0.11066058667648236,1.7554951337240292,1.1935170969488256,0.35582369494444815,0.3040107633202055,1.0856310795706428,0.9824673195217927,0.9964963569377283,-16.685146199543418
818,30818,30818,30818,6a22834,ckpt_sac_full_00349944,0,0,0,timeout,200,132.40721311324592,nan,nan,-1,1,30.0,0.45,20.0,1.0,25,1,200,0.002,100,10.0,1.0,67,180,0,0.9,0.36283747891194557,-0.18577861659691675,1.3237478789203516,0.025261206579819007,0.03894410056613045,0.06437493989549656,1.2238744483950845,0.6193068619572126,0.3118674431692934,0.5746656123260326,1.052871286532691,0.9872245127383553,1.0788741340462504,-55.21747515829725
819,30819,30819,30819,6a22834,ckpt_sac_full_00349944,0,0,0,timeout,200,253.34927852824936,nan,nan,-1,1,30.0,0.45,20.0,1.0,25,1,200,0.002,100,10.0,1.0,0,188,0,0.94,0.36661888441242607,-0.30914956922529435,2.0798423990872204,0.02355557623466716,0.030093115307702596,0.06560141235806977,1.967761347365336,1.0294895445833663,0.31163943626201934,0.4400639725631478,1.0877693771940087,1.0246634284968112,0.952091207396537,-7.766664594520787
820,30820,30820,30820,6a22834,ckpt_sac_full_00349944,0,0,0,object_lost,142,192.95955712386882,nan,nan,-1,0,30.0,0.45,20.0,1.0,25,1,200,0.002,100,10.0,1.0,0,106,0,0.7464788732394366,0.33906827261608996,-0.3200006228276218,3.0646836659788628,0.025641730633717743,0.03702982024689619,0.057999378327894605,1.54246058001258,1.3489097449156175,0.3165304663960679,0.5295194710943436,1.052421899427918,1.1000415978051212,1.0190261733455035,-194.81876659367057
821,30821,30821,30821,6a22834,ckpt_sac_full_00349944,0,1,0,timeout,200,177.87563832684143,nan,nan,-1,1,30.0,0.45,20.0,1.0,25,1,200,0.002,100,10.0,1.0,0,183,0,0.915,0.3475940417192901,-0.5230241572117097,0.09025467697208134,0.022334428497636137,0.030286491429276724,0.0722548464142071,1.5052227889200522,1.1945568090979042,0.3053005207257493,0.20652956642188555,1.0718249480273072,1.0225831283050266,1.0549321372718845,26.50471961006902
822,30822,30822,30822,6a22834,ckpt_sac_full_00349944,0,0,0,timeout,200,192.34388219364675,nan,nan,-1,1,30.0,0.45,20.0,1.0,25,1,200,0.002,100,10.0,1.0,0,190,0,0.95,0.38973918446363687,-0.3004888310011485,0.8057192066610019,0.02554222263929839,0.03717654526453449,0.0700444661710829,1.5807218738055728,0.9767029531133717,0.31741931614927515,0.2500202290935983,1.025978667897912,1.0410401214294696,1.0705135934605785,-2.6777296744859456
823,30823,30823,30823,6a22834,ckpt_sac_full_00349944,0,0,0,timeout,200,148.00083958658485,nan,nan,-1,1,30.0,0.45,20.0,1.0,25,1,200,0.002,100,10.0,1.0,0,185,0,0.925,0.3683635052437827,-0.2011711491129674,-2.9298602606272652,0.024967776104127346,0.03921006110305069,0.08059813335409094,1.3869776690144877,0.9210067343400627,0.3466130968326172,0.40653211388006355,1.1041538072826664,1.0354200246669791,1.158307801447303,-4.456465237478469
824,30824,30824,30824,6a22834,ckpt_sac_full_00349944,0,1,0,timeout,200,216.26730895769086,nan,nan,-1,1,30.0,0.45,20.0,1.0,25,1,200,0.002,100,10.0,1.0,0,178,0,0.89,0.38453677748424697,-0.4458200000517619,0.935348799016869,0.021460319311083553,0.036958643788297704,0.03753872790477661,1.594481476415635,1.1963082738655682,0.31632534393878337,0.19607949195121818,1.0372566704302124,0.987011890275974,0.9129706275217153,14.057293522146772
825,30825,30825,30825,6a22834,ckpt_sac_full_00349944,0,0,0,timeout,200,120.60890186252921,nan,nan,-1,1,30.0,0.45,20.0,1.0,25,1,200,0.002,100,10.0,1.0,0,177,0,0.885,0.3235646148237413,-0.2506922430529364,1.735874532752729,0.020808688490435177,0.03859067828182106,0.04755776591517073,1.4547369235809993,1.388725571483626,0.30592020992521113,0.579072471919855,1.1058428695030458,0.9924613160901613,1.0323332203898417,-22.00985154229502
826,30826,30826,30826,6a22834,ckpt_sac_full_00349944,0,1,0,unsafe,26,195.54181977712014,nan,nan,-1,0,30.0,0.45,20.0,1.0,25,1,200,0.002,100,10.0,1.0,0,18,0,0.6923076923076923,0.314225715587881,-0.33537177633511955,-1.396798142054712,0.02091431539849487,0.03202597171427921,0.07868116539733092,1.5681048118355165,0.758631195111197,0.3172000887618439,0.2872963370572961,1.0016742916157746,0.9910509064583805,0.9657044420053593,-16.644020034706855
827,30827,30827,30827,6a22834,ckpt_sac_full_00349944,0,0,0,timeout,200,525.2968313326256,nan,nan,-1,1,30.0,0.45,20.0,1.0,25,1,200,0.002,100,10.0,1.0,0,182,0,0.91,0.3808139698921092,-0.6802947624554208,2.524429206741705,0.023640778979112684,0.03637724616595005,0.058098732508948106,1.8000307918226177,0.6470725806383001,0.37651396395999287,0.6246168560384296,1.0184660573269537,0.9722339380620596,1.0728334687776742,1.490209652576728
828,30828,30828,30828,6a22834,ckpt_sac_full_00349944,0,0,0,timeout,200,184.1421686845042,nan,nan,-1,1,30.0,0.45,20.0,1.0,25,1,200,0.002,100,10.0,1.0,0,179,0,0.895,0.33973102141057593,-0.274923036942475,-2.1204294991700285,0.025314689480987116,0.037369060092481754,0.03868282296528103,1.6119301658021081,0.7408225117663695,0.30845857028321066,0.29284085640084867,1.0608937160014535,1.108315344627576,0.8689935685219814,-5.479585224610626
829,30829,30829,30829,6a22834,ckpt_sac_full_00349944,0,0,0,unsafe,32,270.65040711587045,nan,nan,-1,1,30.0,0.45,20.0,1.0,25,1,200,0.002,100,10.0,1.0,0,23,0,0.71875,0.3169619335834683,-0.5516604927003935,-0.6251666478803557,0.020406758720988957,0.03661748114074918,0.08459337397131389,1.5103178658898906,0.7132976967152483,0.34039550147711795,0.2929935732692449,1.0414620733339603,1.0301551487318907,1.176551540704386,-39.56475055877056
830,30830,30830,30830,6a22834,ckpt_sac_full_00349944,0,1,0,timeout,200,401.0771605978892,nan,nan,-1,1,30.0,0.45,20.0,1.0,25,1,200,0.002,100,10.0,1.0,0,183,0,0.915,0.3325293101824654,-0.7139243813099911,2.106617374562533,0.02443931315674761,0.04000287476323348,0.05354806705792837,1.9290120400561912,0.8960978117098904,0.32614529079459315,0.4880468522768483,1.0966944293888272,1.0149188644568223,1.1385747818976748,24.32033555110147
831,30831,30831,30831,6a22834,ckpt_sac_full_00349944,0,0,0,timeout,200,305.61541772599395,nan,nan,-1,1,30.0,0.45,20.0,1.0,25,1,200,0.002,100,10.0,1.0,0,180,0,0.9,0.3051627557684808,-0.4851608144918531,2.5392992429242867,0.0209338673863057,0.032245688918676046,0.048160132432547964,1.457857334560337,1.289941266177995,0.3018321900182897,0.5303687277650778,0.9696302311152519,1.0716043332703793,1.1777736107417582,3.8384088893820927
832,30832,30832,30832,6a22834,ckpt_sac_full_00349944,0,1,0,timeout,200,286.5808728480583,nan,nan,-1,0,30.0,0.45,20.0,1.0,25,1,200,0.002,100,10.0,1.0,0,190,0,0.95,0.3238766884758153,-0.4686720987196196,-2.036863945083599,0.02218778726131629,0.03722496961391937,0.08226365249467484,1.1732109938532371,0.7188766989895181,0.34834240554134455,0.3305662316946538,0.994234758529837,1.0137973417167039,1.0495386071158181,12.148892605080315
833,30833,30833,30833,6a22834,ckpt_sac_full_00349944,0,0,0,unsafe,40,374.33776449992166,nan,nan,-1,0,30.0,0.45,20.0,1.0,25,1,200,0.002,100,10.0,1.0,0,28,0,0.7,0.30218239781898343,-0.6405861606573524,0.7801526773964089,0.02202041931233205,0.0345113122372306,0.07068180406519317,1.1112148999906084,0.7151962928541662,0.3021708205335851,0.7079800270335094,1.0438417711156471,1.059033984987572,1.1236840757370792,-40.58429783026619
834,30834,30834,30834,6a22834,ckpt_sac_full_00349944,0,0,0,unsafe,37,384.2775832287672,nan,nan,-1,0,30.0,0.45,20.0,1.0,25,1,200,0.002,100,10.0,1.0,0,29,0,0.7837837837837838,0.33805146614789333,-0.5820487289943677,2.0344209142445084,0.027123368974198092,0.03706266512189026,0.11955541580288001,1.466715520585484,0.6748065234745063,0.3544676885710195,0.5910056760902545,1.0069011969936188,1.0151392017338783,1.1175275019946382,-39.75334404752598
835,30835,30835,30835,6a22834,ckpt_sac_full_00349944,0,1,0,object_lost,129,328.98693210928906,nan,nan,-1,0,30.0,0.45,20.0,1.0,25,1,200,0.002,100,10.0,1.0,0,111,0,0.8604651162790697,0.33882366056051844,-0.36530534430030015,2.1624276768968143,0.021559069230807765,0.03334540520317738,0.04608458032837344,1.3336982159781514,0.7109748562772569,0.359030838801228,0.43552022299020443,1.0552404566589613,1.0704977704226788,1.1989582601298292,-183.9756692601919
836,30836,30836,30836,6a22834,ckpt_sac_full_00349944,0,0,0,object_lost,177,575.3882760795489,nan,nan,-1,0,30.0,0.45,20.0,1.0,25,1,200,0.002,100,10.0,1.0,0,149,0,0.8418079096045198,0.36117584294955324,-0.3315749490441308,0.9375409293937329,0.026920499613836947,0.03452579213592064,0.07912328665386029,1.1096300615457046,1.1290470595635953,0.34703690852907243,0.44636094707899016,0.9574138159189393,0.9939712393930161,1.1658165987036084,-194.73094527517426
837,30837,30837,30837,6a22834,ckpt_sac_full_00349944,0,0,0,timeout,200,260.5929270892097,nan,nan,-1,1,30.0,0.45,20.0,1.0,25,1,200,0.002,100,10.0,1.0,0,178,0,0.89,0.3867232556205196,-0.19858229752871648,0.9767161601531225,0.02109891272675925,0.03090294535790757,0.06716921432325411,1.8428348185657442,1.1392989732707552,0.3850427145215649,0.49037081749618994,1.002470263663147,1.1380014014754718,0.9639626778921833,-5.595191619387507
838,30838,30838,30838,6a22834,ckpt_sac_full_00349944,0,0,0,timeout,200,266.6811608651838,nan,nan,-1,0,30.0,0.45,20.0,1.0,25,1,200,0.002,100,10.0,1.0,0,186,0,0.93,0.3851502202545946,-0.17226150827118636,2.6276856910560173,0.022022382393690938,0.03480059755625567,0.037439328790363866,0.8718455575584872,1.0649460501609633,0.3364668363616934,0.5432320889186292,1.0689337933741585,1.058098239644367,1.000674298526341,-6.557798096206356
839,30839,30839,30839,6a22834,ckpt_sac_full_00349944,0,0,0,timeout,200,146.76937858899154,nan,nan,-1,1,30.0,0.45,20.0,1.0,25,1,200,0.002,100,10.0,1.0,0,189,0,0.945,0.35908066954233986,-0.28199840903528256,1.6579330084955206,0.02742893076412485,0.03438578667681314,0.0469530851884543,0.9279123083671813,0.7605377329102643,0.3363481919428901,0.3184374777663054,1.1056499478500954,1.0114095101830394,0.9082731283730991,-1.6913767765921643
840,30840,30840,30840,6a22834,ckpt_sac_full_00349944,0,0,0,timeout,200,237.64216447056552,nan,nan,-1,0,30.0,0.45,20.0,1.0,25,1,200,0.002,100,10.0,1.0,0,160,0,0.8,0.3093371778168958,-0.2450044700468368,1.3933872102086333,0.021795894560727183,0.034505315809904374,0.11968757594815913,1.3575005701301697,1.1021620673246373,0.35948740449641303,0.48370200013480136,1.0757854747214266,0.9735096232888772,1.227852166246553,-13.463437584317182
841,30841,30841,30841,6a22834,ckpt_sac_full_00349944,0,0,0,timeout,200,415.32117691700165,nan,nan,-1,1,30.0,0.45,20.0,1.0,25,1,200,0.002,100,10.0,1.0,0,177,0,0.885,0.3372807294462723,-0.5443950709528028,-1.5221554006105407,0.025271033291322662,0.033275897961816375,0.08307028210073554,0.814283074946089,1.020458162678464,0.3779846296153843,0.5969431784830426,1.0232660204376296,1.082067692166199,0.9693564130946962,4.242940375260536
842,30842,30842,30842,6a22834,ckpt_sac_full_00349944,0,0,0,timeout,200,277.5294046927237,nan,nan,-1,1,30.0,0.45,20.0,1.0,25,1,200,0.002,100,10.0,1.0,0,177,0,0.885,0.34825825814935873,-0.5329757151562693,-0.599215962043607,0.02055790350079287,0.030797615759800653,0.07737029157131316,1.3472744551338895,0.8296739178319623,0.36393716826000777,0.3837398773364653,1.0448492139848302,1.0301877827630994,1.0819192589132391,-1.4096600160819053
843,30843,30843,30843,6a22834,ckpt_sac_full_00349944,0,0,0,timeout,200,449.97045134426963,nan,nan,-1,1,30.0,0.45,20.0,1.0,25,1,200,0.002,100,10.0,1.0,0,181,0,0.905,0.38706063501799304,-0.5851111518787648,-1.1689722391909618,0.022382594140222773,0.03157748433681229,0.10610399599059694,1.6750065038686381,1.1227108428631696,0.3549883526866868,0.6866539095302834,1.0087249814471737,1.0241556029015189,0.9727629535588739,2.9616839842279914
844,30844,30844,30844,6a22834,ckpt_sac_full_00349944,0,0,0,timeout,200,372.62233248260725,nan,nan,-1,1,30.0,0.45,20.0,1.0,25,1,200,0.002,100,10.0,1.0,0,183,0,0.915,0.3325328366371998,-0.44444142250133645,2.0964130608144265,0.024368487275970446,0.03175345453058596,0.06375024840332748,1.0137742142393205,1.0914384031084585,0.3839346277506111,0.589573045681459,1.0075935792302024,0.9545205959860733,1.20786391703159,4.108068707228144
845,30845,30845,30845,6a22834,ckpt_sac_full_00349944,0,1,0,timeout,200,247.51398355747938,nan,nan,-1,1,30.0,0.45,20.0,1.0,25,1,200,0.002,100,10.0,1.0,0,184,0,0.92,0.30585290735614246,-0.18086771297064952,-0.8346705746331824,0.02581206898558601,0.03223431456702029,0.06047310968776874,1.218234930626171,1.0778042967099215,0.36801177420429504,0.4419391521750828,1.0476094622553087,1.1104682349476294,1.0199138174815827,18.97458790625822
846,30846,30846,30846,6a22834,ckpt_sac_full_00349944,0,1,1,timeout,200,111.82076903977314,122.41446654259606,0.0,200,0,30.0,0.45,20.0,1.0,25,1,200,0.002,100,10.0,1.0,0,177,0,0.885,0.37242382889118314,-0.19029768090151067,0.04473972067689447,0.02517168033921432,0.031154827199203913,0.05067156145486711,0.9790852496542568,1.1852639450458624,0.33131356609944157,0.32592394492142596,1.0640775850705921,1.0674439248341578,1.06087568508431,85.85293157622968
847,30847,30847,30847,6a22834,ckpt_sac_full_00349944,0,1,0,object_lost,157,554.0902271541912,nan,nan,-1,0,30.0,0.45,20.0,1.0,25,1,200,0.002,100,10.0,1.0,0,138,0,0.8789808917197452,0.3241055167912288,-0.6831960176213159,0.846394027137543,0.02581511842781619,0.03559515397528848,0.09403228515719086,1.2065444805224637,1.331855654462836,0.32924506158594863,0.6578076342816015,1.039550350108103,1.0160018467111402,1.0292681985342962,-158.57375344835273
848,30848,30848,30848,6a22834,ckpt_sac_full_00349944,0,0,0,timeout,200,83.98758412086583,nan,nan,-1,1,30.0,0.45,20.0,1.0,25,1,200,0.002,100,10.0,1.0,0,182,0,0.91,0.3154471066916894,-0.3876409907642909,-1.1377657389006028,0.025409044903515376,0.030424734770367633,0.11937807765442038,0.8589378325653596,0.9390542950472545,0.3375218652137338,0.20713686114140945,1.075421618546269,0.9899822439180517,1.111222560578367,-4.28153146071444
849,30849,30849,30849,6a22834,ckpt_sac_full_00349944,0,1,0,object_lost,145,423.6020979180234,nan,nan,-1,0,30.0,0.45,20.0,1.0,25,1,200,0.002,100,10.0,1.0,0,133,0,0.9172413793103448,0.3665910227322337,-0.569141065597581,-0.5857893632691273,0.022700230157822337,0.03954371468617092,0.0904143281252697,1.7440244465825236,1.1626242988527138,0.38619048453267196,0.507661991248692,1.0403038431297442,1.0570293016624634,1.0049092708360827,-178.1009439306155
850,30850,30850,30850,6a22834,ckpt_sac_full_00349944,0,1,0,unsafe,23,389.30583786670786,nan,nan,-1,1,30.0,0.45,20.0,1.0,25,1,200,0.002,100,10.0,1.0,0,16,0,0.6956521739130435,0.3498342116271613,-0.5418746274937938,-2.59459770168534,0.022222081599889438,0.03596686824472016,0.06684773601400103,1.2460857823118379,0.9559180251156805,0.34270114750108793,0.6367982496693689,1.005850654782102,1.0048026060072937,1.1268267101427503,-15.72471679862673
851,30851,30851,30851,6a22834,ckpt_sac_full_00349944,0,0,0,timeout,200,395.37026100885817,nan,nan,-1,1,30.0,0.45,20.0,1.0,25,1,200,0.002,100,10.0,1.0,0,188,0,0.94,0.35529506117917287,-0.4481723654163629,-0.23442345144401333,0.02153988223904613,0.03292829321262409,0.04051894261310809,1.0556747206536703,0.8898235207053252,0.3814892551087039,0.6825514119259188,1.0263719259915882,1.0574080537379238,1.018998384761781,3.0822602472059604
852,30852,30852,30852,6a22834,ckpt_sac_full_00349944,0,1,0,timeout,200,388.2534010899202,nan,nan,-1,1,30.0,0.45,20.0,1.0,25,1,200,0.002,100,10.0,1.0,0,179,0,0.895,0.3535013216389276,-0.6375189067726085,-1.4901048362704694,0.026059037266070017,0.03512266558197458,0.0506948917829997,1.6649383839216945,0.8371013125095795,0.3369932952605475,0.5536640418630788,1.030784201446474,1.0322029924554468,1.055723957891444,22.696313865287078
853,30853,30853,30853,6a22834,ckpt_sac_full_00349944,0,1,0,timeout,200,348.7338814717853,nan,nan,-1,1,30.0,0.45,20.0,1.0,25,1,200,0.002,100,10.0,1.0,0,179,0,0.895,0.3024625203013685,-0.4862083142490255,-2.013431404904949,0.02631885030784918,0.03536702698938628,0.04731867476915391,1.2241443343889076,1.136913236038752,0.312691470699767,0.18333518477147695,1.0312022683549418,0.9968304541898462,1.115248770410688,22.198863228714156
854,30854,30854,30854,6a22834,ckpt_sac_full_00349944,0,1,0,timeout,200,201.78666678041682,nan,nan,-1,1,30.0,0.45,20.0,1.0,25,1,200,0.002,100,10.0,1.0,70,184,0,0.92,0.36554448356784053,-0.5743741009833497,2.9806054589487685,0.021782603835726135,0.03744324314082121,0.05905143889681644,1.274076766516657,0.9855801305485012,0.3506997897457708,0.22294788886711384,1.0259074988329833,0.9900547066543252,1.2236615415302983,-31.893283395116672
855,30855,30855,30855,6a22834,ckpt_sac_full_00349944,0,0,0,timeout,200,209.13576005882211,nan,nan,-1,1,30.0,0.45,20.0,1.0,25,1,200,0.002,100,10.0,1.0,0,185,0,0.925,0.3408337760848407,-0.4511500141757841,2.519445702980404,0.024975803135254333,0.03266492008784333,0.04608546095044464,1.445867180943863,1.3007923251773543,0.3715188249353611,0.18796578930185578,1.068346851682809,0.9370688521450263,1.068869470696593,-8.965464690477793
856,30856,30856,30856,6a22834,ckpt_sac_full_00349944,0,0,0,timeout,200,413.18964353883365,nan,nan,-1,1,30.0,0.45,20.0,1.0,25,1,200,0.002,100,10.0,1.0,0,180,0,0.9,0.3712096906056175,-0.6512764465985522,0.5279988232069353,0.020624587278706117,0.033566032904188074,0.03413343493161245,1.1229342979620895,1.1435390243961496,0.36086764185383163,0.5879453691489246,1.0664878677856324,1.0598255789010838,1.0892895409915542,-5.731841709776275
857,30857,30857,30857,6a22834,ckpt_sac_full_00349944,0,1,0,object_lost,76,521.8951833436382,nan,nan,-1,0,30.0,0.45,20.0,1.0,25,1,200,0.002,100,10.0,1.0,0,66,0,0.868421052631579,0.33038266819914774,-0.5789960207440386,2.7975288041890103,0.021384956989902736,0.03561056659448697,0.11340270381268709,1.4078714858008072,1.2718348932208738,0.3270137531424452,0.4474395256692819,0.9912123521218799,1.0262528824932136,1.0464044870287768,-180.24701304991237
858,30858,30858,30858,6a22834,ckpt_sac_full_00349944,0,0,0,timeout,200,351.29686621802335,nan,nan,-1,1,30.0,0.45,20.0,1.0,25,1,200,0.002,100,10.0,1.0,0,183,0,0.915,0.3068533619644239,-0.5608619087151451,0.7703623586487085,0.024129528581207944,0.03590947784891549,0.04618032528135103,1.1738659245116243,0.7765275738056271,0.3161298945157203,0.5118237200429363,1.0131950703433084,1.0509158152146312,1.1179701704669611,2.6834018014945635
859,30859,30859,30859,6a22834,ckpt_sac_full_00349944,0,0,0,timeout,200,236.86116731654997,nan,nan,-1,1,30.0,0.45,20.0,1.0,25,1,200,0.002,100,10.0,1.0,0,182,0,0.91,0.3479391584835241,-0.32353035725983426,-2.6331374933846283,0.022202084591842256,0.0399767487416989,0.11812663585557892,0.8790874418148987,0.7724553519656857,0.3119284046415137,0.6906246605657035,0.9916237907057744,1.0146761836765565,1.115281231012109,-3.980875371233427
860,30860,30860,30860,6a22834,ckpt_sac_full_00349944,0,0,0,timeout,200,360.9944771321625,nan,nan,-1,1,30.0,0.45,20.0,1.0,25,1,200,0.002,100,10.0,1.0,0,179,0,0.895,0.37849639032362004,-0.34330920586063557,0.1707167974103836,0.026542244932225494,0.029925205185259967,0.08746452434293431,0.9211791365599483,1.3457605429597557,0.32578162385837756,0.6688527529145449,1.028644776893947,1.0106754157087463,1.214192368123009,1.4102495015131047
861,30861,30861,30861,6a22834,ckpt_sac_full_00349944,0,1,0,object_lost,133,233.50083927219032,nan,nan,-1,0,30.0,0.45,20.0,1.0,25,1,200,0.002,100,10.0,1.0,0,115,0,0.8646616541353384,0.32911480579020086,-0.26809998612167074,-1.3947218487757298,0.022561667975181023,0.03298664576654941,0.07626885963976418,1.165090228574611,1.3967278505848473,0.3734558724295108,0.5611731706349454,0.9727369533855451,1.0868269465426823,1.0068361288666479,-177.8828370282879
862,30862,30862,30862,6a22834,ckpt_sac_full_00349944,0,0,0,timeout,200,88.24018602753004,nan,nan,-1,1,30.0,0.45,20.0,1.0,25,1,200,0.002,100,10.0,1.0,0,186,0,0.93,0.3658773046670153,-0.19473135580298973,-2.5380619124931423,0.025539013489463455,0.032715631839325625,0.08470314257105765,1.2225655651132004,1.2637796667515646,0.32704191956768625,0.18984812985715716,1.0941875496310651,1.0250075829918763,1.0156172228765254,-4.814957344670878
863,30863,30863,30863,6a22834,ckpt_sac_full_00349944,0,1,0,timeout,200,291.5695821125614,nan,nan,-1,1,30.0,0.45,20.0,1.0,25,1,200,0.002,100,10.0,1.0,27,188,0,0.94,0.3662423861821992,-0.2866270984282887,-0.8708370785584241,0.024945981274725075,0.035438619100186225,0.04876468297129488,1.289683030463957,0.8047777622225434,0.36248529934269136,0.5725807119558223,1.0325276051350465,1.007673620081104,1.1398570802255463,-22.089382889612047
864,30864,30864,30864,6a22834,ckpt_sac_full_00349944,0,0,0,timeout,200,437.2517623683934,nan,nan,-1,1,30.0,0.45,20.0,1.0,25,1,200,0.002,100,10.0,1.0,0,181,0,0.905,0.38567666942566886,-0.5916783589499398,-1.7770089728087988,0.02103257628551654,0.03763716935032889,0.06660806708867563,1.1403642450188367,1.3799578101129897,0.3689552627425161,0.6316018651457899,1.0242860693137499,1.00782919172606,1.1376731274909733,-4.81020556166993
865,30865,30865,30865,6a22834,ckpt_sac_full_00349944,0,0,0,timeout,200,352.78077210306435,nan,nan,-1,1,30.0,0.45,20.0,1.0,25,1,200,0.002,100,10.0,1.0,0,183,0,0.915,0.37541446933349554,-0.4663001546753696,2.87549879208433,0.023394848773438833,0.034883041727531455,0.0591730741236369,1.3107115051785687,1.3746095827400464,0.33897857885544996,0.5653271610704842,0.9491437468538292,1.1027905685650718,0.944508164757951,1.2485091995100162
866,30866,30866,30866,6a22834,ckpt_sac_full_00349944,0,1,0,timeout,200,222.56817376335454,nan,nan,-1,1,30.0,0.45,20.0,1.0,25,1,200,0.002,100,10.0,1.0,0,183,0,0.915,0.35337419067075376,-0.19792164197029083,3.131314323618028,0.023786246585442032,0.03184816147108285,0.05123464494960757,1.3599134576909622,1.221631098350973,0.3672686779262151,0.44398712486816944,0.9977218668509547,1.1640985758864457,1.039153279248503,14.680911132410742
867,30867,30867,30867,6a22834,ckpt_sac_full_00349944,0,1,0,timeout,200,229.50111896062177,nan,nan,-1,1,30.0,0.45,20.0,1.0,25,1,200,0.002,100,10.0,1.0,0,180,0,0.9,0.3811279860278899,-0.2019194126631303,-2.220227628253806,0.023148060896899424,0.029843699743166186,0.07303263371438454,1.8337923572214214,0.6741630445631834,0.38572719788054893,0.3436428410667175,0.9378370344628759,1.0765629815702202,0.9480592775562791,14.696546210763458
868,30868,30868,30868,6a22834,ckpt_sac_full_00349944,0,0,0,timeout,200,310.92752957395635,nan,nan,-1,1,30.0,0.45,20.0,1.0,25,1,200,0.002,100,10.0,1.0,0,178,0,0.89,0.37755635071100213,-0.3056277719475932,1.305885651174152,0.02455773174829286,0.035734367186905244,0.10340403074225439,1.1465240279040885,1.0684372036118228,0.32871607610972314,0.6088364630874024,1.0101782448559098,0.9812215300460627,1.2089949985211614,0.7131510019876808
869,30869,30869,30869,6a22834,ckpt_sac_full_00349944,0,0,0,timeout,200,182.52031600803844,nan,nan,-1,1,30.0,0.45,20.0,1.0,25,1,200,0.002,100,10.0,1.0,0,183,0,0.915,0.3208187369535192,-0.19578297950880563,1.33626837074807,0.025725143682167044,0.03227743216706214,0.0886012711975745,1.983605599431102,1.2761182515691223,0.3393067430865291,0.42047545116522345,1.1087929806448595,1.0218844830871647,1.1706746918816324,-7.648142020329912
870,30870,30870,30870,6a22834,ckpt_sac_full_00349944,0,1,0,timeout,200,410.7316440632452,nan,nan,-1,1,30.0,0.45,20.0,1.0,25,1,200,0.002,100,10.0,1.0,0,181,0,0.905,0.38534687050665206,-0.5948583422604913,0.4442391563241004,0.023946933653486432,0.031868279276637906,0.0664152416163977,1.3668222042414964,0.7122992023370548,0.3227580629209001,0.6311844571781453,1.0281805419379446,1.0352780811964852,1.1515516715432041,0.4338675066733971
871,30871,30871,30871,6a22834,ckpt_sac_full_00349944,0,0,0,timeout,200,242.3328044025237,nan,nan,-1,1,30.0,0.45,20.0,1.0,25,1,200,0.002,100,10.0,1.0,99,182,0,0.91,0.3496038997857444,-0.4888399405156719,2.343855405189334,0.026117236262474405,0.035507542973180206,0.030650125590586233,1.8392821038551304,1.378282349498464,0.3740668936097286,0.19771198322901679,1.0232999949212607,0.9884065456128737,0.7703708421454203,-79.58655480634849
872,30872,30872,30872,6a22834,ckpt_sac_full_00349944,0,0,0,timeout,200,361.41911258564227,nan,nan,-1,1,30.0,0.45,20.0,1.0,25,1,200,0.002,100,10.0,1.0,0,179,0,0.895,0.36311384528603285,-0.39124781599486813,-2.174796469941685,0.02517378679459393,0.033969413514535134,0.07978894544677417,0.9324522072215219,1.1961017911295795,0.36711881945663744,0.5380181615460548,0.9776580039952129,1.0179704112809242,1.0308153377589844,-5.514742100111339
873,30873,30873,30873,6a22834,ckpt_sac_full_00349944,0,0,0,timeout,200,245.09249329988813,nan,nan,-1,1,30.0,0.45,20.0,1.0,25,1,200,0.002,100,10.0,1.0,0,176,0,0.88,0.37605100990300094,-0.3974345484587113,3.134242995502478,0.021574232259938684,0.032675375970430076,0.06234620516648831,0.8864634405972787,1.2346385436027616,0.32397496593240194,0.5107880703798231,0.9916236524407781,1.0802419114218302,1.214224156180003,-9.560212598679898
874,30874,30874,30874,6a22834,ckpt_sac_full_00349944,0,0,0,timeout,200,367.5662629125537,nan,nan,-1,0,30.0,0.45,20.0,1.0,25,1,200,0.002,100,10.0,1.0,0,177,0,0.885,0.3501738715703033,-0.4678593454976604,-1.9762256975708006,0.025328390393872278,0.038917393221544756,0.11843767583239061,1.0319858271370643,1.3164712561192744,0.32652751748104164,0.6765214547551857,1.0561453840167208,1.0481577857510784,1.2441161270345407,-0.9809413923258375
875,30875,30875,30875,6a22834,ckpt_sac_full_00349944,0,0,0,timeout,200,328.1109785311375,nan,nan,-1,1,30.0,0.45,20.0,1.0,25,1,200,0.002,100,10.0,1.0,0,187,0,0.935,0.314221151751972,-0.4797907625092774,0.5346483532672353,0.024261436768000893,0.033311569706825576,0.054065280785786346,1.620586062146415,0.8003902745528051,0.34407626391695845,0.3821795179900664,1.002631892634009,1.0193397530525525,1.1192641493921887,2.1746909422447396
876,30876,30876,30876,6a22834,ckpt_sac_full_00349944,0,1,0,unsafe,27,356.8489438348024,nan,nan,-1,1,30.0,0.45,20.0,1.0,25,1,200,0.002,100,10.0,1.0,0,20,0,0.7407407407407407,0.31597095470173064,-0.5559329812542988,2.241526443283962,0.023097037291274894,0.03164442735090819,0.056071476652796264,1.930279528875646,1.0565535099338397,0.3637832760461339,0.5083948724753118,1.0839819731392026,1.0339444992591258,1.1427956063467137,-14.981355031590589
877,30877,30877,30877,6a22834,ckpt_sac_full_00349944,0,1,0,timeout,200,329.85640071927884,nan,nan,-1,1,30.0,0.45,20.0,1.0,25,1,200,0.002,100,10.0,1.0,0,186,0,0.93,0.3661867913532186,-0.5161504247667282,0.7961477588984418,0.023502405474598576,0.032202301457812076,0.05656626575799305,1.607129872559102,0.9062646620894249,0.32767321979043096,0.5532284825935584,0.9062289828845762,0.9244139395329042,1.1830991064004588,13.87993155739691
878,30878,30878,30878,6a22834,ckpt_sac_full_00349944,0,0,0,timeout,200,369.3233849169248,nan,nan,-1,1,30.0,0.45,20.0,1.0,25,1,200,0.002,100,10.0,1.0,0,172,0,0.86,0.3433527108628232,-0.44703323884259183,2.441401786022121,0.023970505559751908,0.040136925909010704,0.039149369296720755,0.8548813152263196,1.3733899046442306,0.3478728099362723,0.5975591527260947,0.9818923681170144,1.1207976327423337,1.2513685503726295,2.677738223457846
879,30879,30879,30879,6a22834,ckpt_sac_full_00349944,0,0,0,timeout,200,201.28291323683072,nan,nan,-1,1,30.0,0.45,20.0,1.0,25,1,200,0.002,100,10.0,1.0,0,183,0,0.915,0.33127201205549767,-0.48164057925202575,-0.19384909860279764,0.023451896412506446,0.031608473270077445,0.06337161802907015,1.3097099016385405,0.7390047725848632,0.3192160969843662,0.18599747549546058,0.925859545902921,1.1184604409168102,1.077448615401602,-2.382762477061704
880,30880,30880,30880,6a22834,ckpt_sac_full_00349944,0,0,0,unsafe,31,249.01569767229725,nan,nan,-1,1,30.0,0.45,20.0,1.0,25,1,200,0.002,100,10.0,1.0,0,18,0,0.5806451612903226,0.3229467191113258,-0.4267248634089147,1.5735720992053368,0.02669252062962214,0.03413661814565997,0.03430400506506717,1.887726309948584,1.125492515207823,0.3383639651136848,0.33973246334694546,1.0140620306340717,1.092989098376031,1.1412188527969809,-40.528182833791135
881,30881,30881,30881,6a22834,ckpt_sac_full_00349944,0,1,0,timeout,200,318.3114439628332,nan,nan,-1,1,30.0,0.45,20.0,1.0,25,1,200,0.002,100,10.0,1.0,0,150,0,0.75,0.3325846160175269,-0.2233525866724394,-0.29314871587483315,0.023165775232208006,0.035869542544467614,0.04154267355489,0.9052281895337386,0.9702839839627315,0.3584006211465929,0.6936912224074295,0.9964701072306372,1.0725676315089814,1.0861501177962445,-3.859666543367611
882,30882,30882,30882,6a22834,ckpt_sac_full_00349944,0,0,0,timeout,200,210.55767442749658,nan,nan,-1,1,30.0,0.45,20.0,1.0,25,1,200,0.002,100,10.0,1.0,0,186,0,0.93,0.3359276242713425,-0.49927324880169466,-2.292627220298083,0.025217355670188023,0.039069433843651094,0.10674261264007485,1.8521003851668845,0.6100221429677669,0.33625282996043687,0.21742387801510105,1.0034768393207438,1.0130302841702072,1.0136047597135098,-1.0150394685663344
883,30883,30883,30883,6a22834,ckpt_sac_full_00349944,0,1,0,unsafe,36,443.9028264084018,nan,nan,-1,1,30.0,0.45,20.0,1.0,25,1,200,0.002,100,10.0,1.0,0,24,0,0.6666666666666666,0.32324449874888567,-0.6608954964870172,1.8590759214153358,0.0275469308620944,0.030748704431981362,0.08536377116059957,1.85016096039677,1.166581919417867,0.3668136569126784,0.7234486310456434,1.017727462184164,0.9986307810381531,1.0923877214669653,-14.618073214670048
884,30884,30884,30884,6a22834,ckpt_sac_full_00349944,0,0,0,timeout,200,357.109774642068,nan,nan,-1,0,30.0,0.45,20.0,1.0,25,1,200,0.002,100,10.0,1.0,0,158,0,0.79,0.31682658638260747,-0.4674893345221672,2.7700988641245194,0.022996407477239314,0.032380960415190924,0.08887710700292974,1.02670100685111,1.3290715518737788,0.34011930466177487,0.6783992319398453,0.9384428673651088,1.0455117201795565,0.9186343532858972,-0.9888562578195659
885,30885,30885,30885,6a22834,ckpt_sac_full_00349944,0,0,0,timeout,200,349.56106069292434,nan,nan,-1,1,30.0,0.45,20.0,1.0,25,1,200,0.002,100,10.0,1.0,0,184,0,0.92,0.3752163161922991,-0.44723953441510955,1.3409661531424124,0.02343528232688017,0.03841328314103006,0.0645463305533244,1.8657931918389705,1.1934897440919308,0.3144868213633496,0.6029730742411163,1.008244953483118,1.0815438951895033,1.0526463002453537,-0.5987992332105527
886,30886,30886,30886,6a22834,ckpt_sac_full_00349944,1,1,0,success,71,15.588419052422275,74.1195577098643,45.659431548474466,53,1,30.0,0.45,20.0,1.0,25,1,200,0.002,100,10.0,1.0,0,55,0,0.7746478873239436,0.33344897878584534,-0.381916207251768,-1.6624320706920728,0.024135544113977732,0.03883582770570494,0.08211397354227432,1.4791593233742737,1.0096845141434798,0.35119223851635567,0.5870397763378917,1.0828751162883983,1.081604576578128,0.8142788739005271,269.15856888476503
887,30887,30887,30887,6a22834,ckpt_sac_full_00349944,0,1,0,timeout,200,213.3161660261079,nan,nan,-1,0,30.0,0.45,20.0,1.0,25,1,200,0.002,100,10.0,1.0,0,177,0,0.885,0.3767063205688711,-0.2827463767057223,0.528864221451852,0.025960064550409164,0.03711971327952907,0.08776214110186224,1.608465698753093,0.7102033999802553,0.31884063032989873,0.2724249060987989,1.0458072631440247,0.9676737092138079,1.0279690571682274,-4.832208088798769
888,30888,30888,30888,6a22834,ckpt_sac_full_00349944,0,1,0,timeout,200,366.5303396934999,nan,nan,-1,0,30.0,0.45,20.0,1.0,25,1,200,0.002,100,10.0,1.0,0,185,0,0.925,0.3452345067001494,-0.6312914991612021,-0.1713725305256335,0.025500557139620524,0.040139547405956835,0.1078061574137196,1.24710340998068,0.9116168471234529,0.38482723981870925,0.4138060023879714,0.9817041718096313,1.1074193327336483,1.0883650862821335,-4.983279267898579
889,30889,30889,30889,6a22834,ckpt_sac_full_00349944,0,1,0,unsafe,22,240.9947591043457,nan,nan,-1,1,30.0,0.45,20.0,1.0,25,1,200,0.002,100,10.0,1.0,0,14,0,0.6363636363636364,0.320869710343157,-0.33518949408771925,1.7269394912583191,0.023926950269101674,0.034206400581203146,0.0395271437131547,1.0105067792634652,1.2839267273369837,0.3355838793664617,0.4155190968475674,1.0621219592661348,1.072210112819572,1.0175877089050047,-16.313594701861902
890,30890,30890,30890,6a22834,ckpt_sac_full_00349944,0,0,0,timeout,200,340.13954375551407,nan,nan,-1,1,30.0,0.45,20.0,1.0,25,1,200,0.002,100,10.0,1.0,0,184,0,0.92,0.3382133351369427,-0.443451995772731,1.2560315823949093,0.025566485272571642,0.036535532974472436,0.07613123543979858,1.6034761738194918,0.9781962280668028,0.31926061202025835,0.5871894532524027,0.995952057758173,1.037680910429621,0.991283798322077,3.608062515641481
891,30891,30891,30891,6a22834,ckpt_sac_full_00349944,0,0,0,unsafe,31,275.12506656300917,nan,nan,-1,1,30.0,0.45,20.0,1.0,25,1,200,0.002,100,10.0,1.0,0,25,0,0.8064516129032258,0.30487697846563505,-0.7292683022431034,-1.0109254364930536,0.02453193773177645,0.038182300304234466,0.08306108442374044,1.994979173580364,1.2210060810847072,0.30623514791151946,0.2036873578153742,1.0180332106440773,1.0376109966796192,1.222922911910638,-37.916813200673616
892,30892,30892,30892,6a22834,ckpt_sac_full_00349944,0,1,0,unsafe,51,239.74912172266585,nan,nan,-1,1,30.0,0.45,20.0,1.0,25,1,200,0.002,100,10.0,1.0,0,38,0,0.7450980392156863,0.33197001038138235,-0.27646385146661046,-1.8744155270529395,0.02573917634376274,0.0303937578088305,0.044141355009088376,0.8858449437237659,1.2082349687235756,0.3498103941872351,0.4471596017247309,1.056853693068033,1.0152792123455538,0.9372813099334936,-19.74993185556814
893,30893,30893,30893,6a22834,ckpt_sac_full_00349944,0,0,0,object_lost,93,563.7258096883767,nan,nan,-1,0,30.0,0.45,20.0,1.0,25,1,200,0.002,100,10.0,1.0,0,77,0,0.8279569892473119,0.3507215266121359,-0.24713131034467267,2.5443772511558755,0.02419059038366017,0.03478012200040642,0.11407175703518681,1.986925361034792,1.3407077918884216,0.3817630926287895,0.47761026971051446,0.944405480034244,1.0516785411079783,1.1043602776594468,-203.9692812444242
894,30894,30894,30894,6a22834,ckpt_sac_full_00349944,0,0,0,timeout,200,249.45962188224317,nan,nan,-1,1,30.0,0.45,20.0,1.0,25,1,200,0.002,100,10.0,1.0,0,194,0,0.97,0.307580265850096,-0.6377892655894275,2.284318545612118,0.025719034166561155,0.03973259994071917,0.06858105095395053,1.5462312605641668,0.9267456197949322,0.37408622848956385,0.2192415713435919,0.9858240593674467,1.0533997725011905,0.9444874923591243,0.644568090563694
895,30895,30895,30895,6a22834,ckpt_sac_full_00349944,0,1,0,unsafe,25,371.7098578571727,nan,nan,-1,0,30.0,0.45,20.0,1.0,25,1,200,0.002,100,10.0,1.0,0,9,0,0.36,0.33037373739841663,-0.48466087240213174,-1.2189959649990547,0.024718164003038664,0.03834032952178962,0.06800965650328024,1.835048210234281,0.6071335599306696,0.34502388189915545,0.6782697314763925,0.9276293259087406,0.9861488536581449,1.1601515463668182,-40.724904027806105
896,30896,30896,30896,6a22834,ckpt_sac_full_00349944,1,1,1,success,118,37.04718022622143,29.227239110593338,12.900168365843179,113,1,30.0,0.45,20.0,1.0,25,1,200,0.002,100,10.0,1.0,0,97,0,0.8220338983050848,0.32746660505549235,-0.4357157943835859,1.3042872275645125,0.02239160143908026,0.03804461091981843,0.07021273916925155,1.9859324963070948,0.7788285101016208,0.33213870068503526,0.1930536463039341,1.0151354230406935,1.0276054246381252,1.3277696081372854,271.0882015417941
897,30897,30897,30897,6a22834,ckpt_sac_full_00349944,0,0,0,timeout,200,371.5165488592961,nan,nan,-1,1,30.0,0.45,20.0,1.0,25,1,200,0.002,100,10.0,1.0,0,188,0,0.94,0.375213045797328,-0.673709931441496,1.9797595071491232,0.02072420966405658,0.036911611922294786,0.057689130177539086,1.3241164027183845,1.2650363126442015,0.30169394655266285,0.5397582402208483,1.0325420750741165,0.9814556666736486,1.207182941801163,-2.721554410203468
898,30898,30898,30898,6a22834,ckpt_sac_full_00349944,0,1,0,timeout,200,312.95512381038486,nan,nan,-1,1,30.0,0.45,20.0,1.0,25,1,200,0.002,100,10.0,1.0,0,187,0,0.935,0.3070293675658453,-0.7058956566212355,3.0261488637997065,0.02209301271247733,0.03482601740557467,0.09628904454487629,1.9904400347827635,0.8072442142547056,0.360635293033959,0.2457731615169535,0.9842447352863635,1.0249200674950074,0.9096903199804226,0.3061763877251137
899,30899,30899,30899,6a22834,ckpt_sac_full_00349944,0,0,0,timeout,200,163.28231077077913,nan,nan,-1,1,30.0,0.45,20.0,1.0,25,1,200,0.002,100,10.0,1.0,0,183,0,0.915,0.3537991033814909,-0.3003743141370472,0.17064783636878067,0.025322343392490322,0.034410748770008714,0.0328193296377949,0.9210585034881731,0.6628298940949819,0.3105620549468247,0.44343214471348985,1.0316607500584805,1.0750607161370307,1.0988181466349423,-15.707927084125906
900,30900,30900,30900,6a22834,ckpt_sac_full_00349944,0,1,0,timeout,200,162.59440150582006,nan,nan,-1,1,30.0,0.45,20.0,1.0,25,1,200,0.002,100,10.0,1.0,0,186,0,0.93,0.32341056702868076,-0.3067767650143562,2.114020463975537,0.026989505578080674,0.03697183550507609,0.11571391529630023,1.8816517327556626,0.649670489943844,0.37349982442625307,0.3934466712445056,1.0373296725674273,1.0750225841355425,1.271529097951206,6.982234572807673
901,30901,30901,30901,6a22834,ckpt_sac_full_00349944,0,0,0,timeout,200,411.96703044722847,nan,nan,-1,1,30.0,0.45,20.0,1.0,25,1,200,0.002,100,10.0,1.0,0,182,0,0.91,0.342700371184594,-0.6136907195781622,-2.1696638097370498,0.020967659317828437,0.03523055518837108,0.05594982501725962,1.719218378115533,0.6371817414814821,0.31965998011775254,0.7263970021447987,1.0080114519411205,0.975010297003734,1.1302127520813388,5.730113123019456
902,30902,30902,30902,6a22834,ckpt_sac_full_00349944,1,1,1,success,96,40.520260144137346,45.39207363650139,5.981702164539368,91,1,30.0,0.45,20.0,1.0,25,1,200,0.002,100,10.0,1.0,0,78,0,0.8125,0.33664210593964705,-0.6385780181796289,0.47440269503542964,0.022484964390138036,0.03441253968244198,0.06237091873474619,1.846994514365792,0.6395535276366725,0.31180244025133086,0.6391929939506058,1.0779623004921282,1.0069316190119781,0.8975447317104865,286.40779994717843
903,30903,30903,30903,6a22834,ckpt_sac_full_00349944,1,1,0,success,122,43.22412778846232,nan,nan,-1,1,30.0,0.45,20.0,1.0,25,1,200,0.002,100,10.0,1.0,0,102,0,0.8360655737704918,0.3626918762604645,-0.40909888081544366,-0.5332862085927772,0.023954367999047793,0.0400607359855317,0.03860844660548341,0.8250697797516813,1.154332886729936,0.3198942566652423,0.24659572923778886,1.0010571571115743,1.0759836544851813,0.8446247807290694,227.65202182303034
904,30904,30904,30904,6a22834,ckpt_sac_full_00349944,0,0,0,unsafe,38,386.8479976211071,nan,nan,-1,1,30.0,0.45,20.0,1.0,25,1,200,0.002,100,10.0,1.0,0,16,0,0.42105263157894735,0.3367813088988135,-0.6560786992713576,0.6035825608147345,0.0271139514564173,0.034240110424081885,0.05208152538266717,1.950727459058083,1.1137759169793084,0.31530939544620323,0.6102186249722021,1.0967986522428197,1.0091495398715682,1.260565954084774,-36.87906189931366
905,30905,30905,30905,6a22834,ckpt_sac_full_00349944,0,0,0,timeout,200,165.91864427989515,nan,nan,-1,1,30.0,0.45,20.0,1.0,25,1,200,0.002,100,10.0,1.0,0,181,0,0.905,0.31138398649606225,-0.17906586638759336,0.5851412624487442,0.020877076095762778,0.030210087120114745,0.08552179417783459,1.351673360380392,0.9580334494223433,0.38685269456038385,0.26356814042370186,1.0116321094507303,0.984406243800404,0.8569287931858228,-9.044570152092266
906,30906,30906,30906,6a22834,ckpt_sac_full_00349944,0,1,0,timeout,200,385.7885056073671,nan,nan,-1,1,30.0,0.45,20.0,1.0,25,1,200,0.002,100,10.0,1.0,0,179,0,0.895,0.3639992498646608,-0.28002625838546813,0.2962050252670352,0.023234753524593657,0.03336576901711151,0.035939161628644446,1.6790017318882926,0.6190288945335184,0.3618772121247399,0.5893476599039179,1.1216078335479955,0.9942991532598645,1.0945820631676182,10.010813368569309
907,30907,30907,30907,6a22834,ckpt_sac_full_00349944,0,1,0,unsafe,40,344.7650381301652,nan,nan,-1,0,30.0,0.45,20.0,1.0,25,1,200,0.002,100,10.0,1.0,0,23,0,0.575,0.3530965546247767,-0.36726644971462524,1.6782806953970875,0.021892498974772377,0.03508424061641381,0.050030021873661304,1.1502851462081853,0.7503803352434399,0.38614472301611447,0.5945851248920061,0.9986257539108693,0.9916206901971911,1.079392057025483,-41.224519787467514
908,30908,30908,30908,6a22834,ckpt_sac_full_00349944,1,1,0,success,125,42.64558661859211,20.790222435216577,23.64565050167785,85,1,30.0,0.45,20.0,1.0,25,1,200,0.002,100,10.0,1.0,15,85,0,0.68,0.3775353194168965,-0.5982586488531451,-2.0715622110965546,0.026445779428431897,0.0357553571340126,0.044475606163617086,0.8239014455488975,0.9768463054288488,0.33852877091221967,0.4578514820138237,1.0078122979116357,1.0267309560359923,1.1274438272193852,273.70370768874284
909,30909,30909,30909,6a22834,ckpt_sac_full_00349944,0,1,0,timeout,200,452.53449577266633,nan,nan,-1,1,30.0,0.45,20.0,1.0,25,1,200,0.002,100,10.0,1.0,0,120,0,0.6,0.3147195306865321,-0.5943861877910867,2.111048048417249,0.026232328429862357,0.037773360751017705,0.08440848484234617,1.760596083703997,0.6200063630422887,0.3853137127517947,0.7130344717559229,0.9584203205192278,1.0901964586746826,0.9355662320778588,1.1050052284482932
910,30910,30910,30910,6a22834,ckpt_sac_full_00349944,0,0,0,unsafe,48,274.93551454192107,nan,nan,-1,1,30.0,0.45,20.0,1.0,25,1,200,0.002,100,10.0,1.0,0,34,0,0.7083333333333334,0.33879163586516475,-0.6363447953180492,0.011911338311393127,0.025031277573109086,0.03020191067941671,0.07417325012617931,0.8605007380812697,0.7310322486212736,0.31200264403451683,0.2648710794905758,1.1595786466505011,0.957468198995039,1.0955983789233086,-41.34164428262175
911,30911,30911,30911,6a22834,ckpt_sac_full_00349944,0,1,0,timeout,200,96.83913923083237,nan,nan,-1,0,30.0,0.45,20.0,1.0,25,1,200,0.002,100,10.0,1.0,0,185,0,0.925,0.3485416572839142,-0.18689418825901172,2.2893775053158985,0.023628252376579516,0.040190293302196374,0.04725767012475582,0.9982754298063264,0.7896320289476848,0.3130871735027127,0.2176792636826449,1.0760808976752134,1.0153163820598574,0.8629688906468361,-4.528421108643017
912,30912,30912,30912,6a22834,ckpt_sac_full_00349944,0,0,0,timeout,200,188.30783510724007,nan,nan,-1,1,30.0,0.45,20.0,1.0,25,1,200,0.002,100,10.0,1.0,2,185,0,0.925,0.3707827204049977,-0.25672877990865584,1.382110434910011,0.026053464232674076,0.03821868527647558,0.06755448768753519,1.5833970795974706,1.1139222775086486,0.3359630772750488,0.28710332721285153,1.0303756932709043,1.012363676529919,1.0046149316573825,-8.670335652717748
913,30913,30913,30913,6a22834,ckpt_sac_full_00349944,0,0,0,timeout,200,389.29985050573663,nan,nan,-1,1,30.0,0.45,20.0,1.0,25,1,200,0.002,100,10.0,1.0,0,169,0,0.845,0.3872984229964281,-0.36709392326836343,-1.1475852428664042,0.026627011362427965,0.03475614982602807,0.04283246348718171,1.5229925380766287,0.7480946676288894,0.3809895727791068,0.6893699461986083,1.0028695749905148,0.9363136683518828,1.109505270972793,2.6607271370215204
914,30914,30914,30914,6a22834,ckpt_sac_full_00349944,0,0,0,timeout,200,390.8988746574456,nan,nan,-1,1,30.0,0.45,20.0,1.0,25,1,200,0.002,100,10.0,1.0,0,188,0,0.94,0.36223739389806114,-0.5954433729599844,-1.948177847190387,0.02609085942364273,0.037034160244835156,0.05856826040989495,1.3495172907954123,0.7486140877875678,0.3241264375515576,0.5084386687036648,0.9912698404504259,1.0331699512016683,1.1549286452561522,0.8092572914459787
915,30915,30915,30915,6a22834,ckpt_sac_full_00349944,0,1,0,timeout,200,350.5806726915175,nan,nan,-1,0,30.0,0.45,20.0,1.0,25,1,200,0.002,100,10.0,1.0,0,186,0,0.93,0.3410522487862148,-0.6628546449941953,2.165831898382403,0.020697426505301028,0.03223589874007062,0.09209674404357357,1.9428811778583333,0.9627443700022369,0.32128933434828555,0.18988432659752055,1.0257769362751232,0.9777453139233556,0.9993195653904454,22.436034071823325
916,30916,30916,30916,6a22834,ckpt_sac_full_00349944,0,1,0,unsafe,26,346.9053024493979,nan,nan,-1,0,30.0,0.45,20.0,1.0,25,1,200,0.002,100,10.0,1.0,0,15,0,0.5769230769230769,0.3241674762848904,-0.6311723909764224,1.0587077400485283,0.023458002872148012,0.03193305119539495,0.09912848113581002,1.938263477770593,1.1173108550639008,0.36292725634507367,0.4149895878366697,0.9932270551767849,1.1065888642279842,0.9017844674868591,-14.112261929954805
917,30917,30917,30917,6a22834,ckpt_sac_full_00349944,0,1,0,unsafe,69,322.37108716830534,nan,nan,-1,0,30.0,0.45,20.0,1.0,25,1,200,0.002,100,10.0,1.0,0,46,0,0.6666666666666666,0.35130462970950876,-0.26278081831462624,-0.7110469822094809,0.02304165021303543,0.031978483053693225,0.05020915582776808,1.0906935465537477,1.030941004000944,0.3320540010463573,0.7184811863361822,0.9721704429697483,1.069860409753781,0.946935385748271,-18.063619937699443
918,30918,30918,30918,6a22834,ckpt_sac_full_00349944,0,0,0,timeout,200,312.40602861214904,nan,nan,-1,1,30.0,0.45,20.0,1.0,25,1,200,0.002,100,10.0,1.0,0,178,0,0.89,0.3243148380128673,-0.42880678947686535,-1.3226848492620356,0.022310008155388552,0.030290704279208422,0.0772972727955043,1.5255204980302262,1.1356077403987088,0.35258153212020354,0.5303525973286574,0.9853281054746381,1.0220771281645713,1.0655828464495922,-4.6074668688247185
919,30919,30919,30919,6a22834,ckpt_sac_full_00349944,0,1,0,timeout,200,252.43702603125007,nan,nan,-1,1,30.0,0.45,20.0,1.0,25,1,200,0.002,100,10.0,1.0,0,191,0,0.955,0.31328762560455065,-0.570244993365232,-2.7041294841496413,0.022600359681775095,0.039639063765010606,0.10014223480877996,1.631104629808204,0.7238090268429924,0.3052702230747683,0.18321592028871012,0.9668381921155699,1.0615860286544057,1.06710826330899,25.348497748667608
920,30920,30920,30920,6a22834,ckpt_sac_full_00349944,0,0,0,timeout,200,223.08673406609665,nan,nan,-1,1,30.0,0.45,20.0,1.0,25,1,200,0.002,100,10.0,1.0,0,175,0,0.875,0.3643025960993688,-0.39920458773042783,0.4391425326196856,0.02634599772979798,0.03145358612247497,0.10194564999954518,1.057531120532371,0.9773009294723201,0.324173261425345,0.26426185942904207,1.0365700827313804,1.0257998343327621,1.252582518092951,-19.43215725533798
921,30921,30921,30921,6a22834,ckpt_sac_full_00349944,0,0,0,unsafe,35,295.6433179085849,nan,nan,-1,1,30.0,0.45,20.0,1.0,25,1,200,0.002,100,10.0,1.0,0,19,0,0.5428571428571428,0.3581614898326404,-0.47594675292199906,2.2640964059117,0.026272222974128873,0.03707053627862956,0.06908820695186646,0.9400179979289509,0.9442116768935711,0.36304371378783723,0.3681936205408811,1.0408988289489522,1.0221628512786791,0.9792964657402847,-39.760762248454526
922,30922,30922,30922,6a22834,ckpt_sac_full_00349944,0,1,0,object_lost,111,499.25487765417205,nan,nan,-1,0,30.0,0.45,20.0,1.0,25,1,200,0.002,100,10.0,1.0,0,100,0,0.9009009009009009,0.30341110195022003,-0.6811804269197081,-0.9627349413500128,0.024131809304740008,0.03141201834418744,0.10778894713778912,0.9765882351779741,1.018970804902166,0.31502680195776656,0.47751212455431846,0.9487515497866823,1.0385535544575806,0.9504860542382965,-183.74537763831324
923,30923,30923,30923,6a22834,ckpt_sac_full_00349944,0,1,0,unsafe,27,382.31452968163916,nan,nan,-1,1,30.0,0.45,20.0,1.0,25,1,200,0.002,100,10.0,1.0,0,12,0,0.4444444444444444,0.37710598897728376,-0.5213546689657634,2.43650238771611,0.022793803033006037,0.031656142720608904,0.11235864029918204,1.7430069983490932,0.6129443505048673,0.3147250303523763,0.6305351858890806,1.1154558735231734,1.0306844094526229,1.022279590809231,-39.671019742861034
924,30924,30924,30924,6a22834,ckpt_sac_full_00349944,0,0,0,timeout,200,126.9359984117516,nan,nan,-1,1,30.0,0.45,20.0,1.0,25,1,200,0.002,100,10.0,1.0,30,183,0,0.915,0.3509076755318361,-0.18565225483970493,-1.1073648390137367,0.020920626434735762,0.039187900516727124,0.10269025136245807,1.2738139892703986,1.188084612992796,0.30622499528044334,0.441189365722673,1.0042493249156663,0.9311111249102765,1.0655239434408776,-25.435879721018495
925,30925,30925,30925,6a22834,ckpt_sac_full_00349944,0,0,0,timeout,200,289.3622405296888,nan,nan,-1,1,30.0,0.45,20.0,1.0,25,1,200,0.002,100,10.0,1.0,0,181,0,0.905,0.34038636251448934,-0.22851048307478528,-0.7668732532621827,0.02672390143514733,0.03409760328498019,0.03926863659279783,0.8572698182938859,1.3936469863065997,0.3405675410560547,0.5750912203962906,1.1490387979644774,1.0107145207440547,1.132754200625397,-4.014572221489828
926,30926,30926,30926,6a22834,ckpt_sac_full_00349944,0,0,0,timeout,200,216.34649362652573,nan,nan,-1,1,30.0,0.45,20.0,1.0,25,1,200,0.002,100,10.0,1.0,0,181,0,0.905,0.38814776588043354,-0.48094433587186286,-0.9004004706226838,0.022130619487284585,0.037573521273060774,0.09654424227002872,1.8833269823176133,0.6086294783742737,0.302944591401592,0.20014974817266146,1.0324792775497762,0.9618044827966941,0.8836419546031556,-7.923726390643398
927,30927,30927,30927,6a22834,ckpt_sac_full_00349944,0,0,0,timeout,200,387.6096672476895,nan,nan,-1,1,30.0,0.45,20.0,1.0,25,1,200,0.002,100,10.0,1.0,0,186,0,0.93,0.3709693675932467,-0.6668098658073415,-2.091976132548032,0.021595881406788357,0.03619221336393326,0.048471269208773295,0.9201154285984512,0.8256435274521925,0.3621304234941168,0.3524011337306911,0.9662670272207387,1.036620802848982,1.1053825550757084,-3.953650486071985
928,30928,30928,30928,6a22834,ckpt_sac_full_00349944,0,0,0,timeout,200,253.01610146952052,nan,nan,-1,1,30.0,0.45,20.0,1.0,25,1,200,0.002,100,10.0,1.0,0,176,0,0.88,0.32794749751432484,-0.5505293847767774,-1.2190192537466993,0.023958320401113013,0.033698486187702624,0.08608973018105823,1.3323714250192051,1.0986126170289114,0.35686764459260545,0.4142562774478139,0.9819914427629558,1.0666672376306603,0.9814074987516974,-5.30204709251992
929,30929,30929,30929,6a22834,ckpt_sac_full_00349944,0,1,0,unsafe,24,288.2404549720358,nan,nan,-1,1,30.0,0.45,20.0,1.0,25,1,200,0.002,100,10.0,1.0,0,18,0,0.75,0.34846094260205207,-0.5253467079236053,1.2349273779563852,0.022831844302959533,0.03568319259514015,0.06282722631300175,1.4955607827725497,0.7787053462753384,0.33527368485014364,0.32274868110867694,1.0525088272875718,1.0520194982928393,0.9811257659994085,-14.911227092719344
930,30930,30930,30930,6a22834,ckpt_sac_full_00349944,0,0,0,timeout,200,257.8861562250865,nan,nan,-1,1,30.0,0.45,20.0,1.0,25,1,200,0.002,100,10.0,1.0,0,176,0,0.88,0.3104536952433244,-0.29834406619843606,-0.22910988391877796,0.022449173969497454,0.03202182017226312,0.04252757547174263,1.8819405605970227,1.3566747371283931,0.304996207924571,0.5361268202042092,1.081732858602225,0.9885469546075984,1.0787242127170105,-15.32946159473553
931,30931,30931,30931,6a22834,ckpt_sac_full_00349944,0,1,0,timeout,200,406.7119525898925,nan,nan,-1,0,30.0,0.45,20.0,1.0,25,1,200,0.002,100,10.0,1.0,0,185,0,0.925,0.3204223571726185,-0.6874311868398999,-0.643167031693773,0.027088093013659255,0.03494029301790404,0.04061964937644585,0.8573768123073637,1.0095010297650178,0.34399934294888085,0.6016340173963376,0.9554679635393064,1.0478555445909792,1.0362084543719932,-10.984134798874093
932,30932,30932,30932,6a22834,ckpt_sac_full_00349944,0,1,0,timeout,200,252.83522488130805,nan,nan,-1,1,30.0,0.45,20.0,1.0,25,1,200,0.002,100,10.0,1.0,0,184,0,0.92,0.30694212526865183,-0.5216521156059716,-1.2943856321849831,0.023638456322024503,0.03106311453980103,0.08572092486980729,0.8343942710123236,0.6103187572571397,0.31197425908677623,0.3851039109931807,0.9599758957533314,1.0243027651399141,0.980125793246496,-0.6618847517192575
933,30933,30933,30933,6a22834,ckpt_sac_full_00349944,0,1,0,unsafe,28,339.36625606026627,nan,nan,-1,1,30.0,0.45,20.0,1.0,25,1,200,0.002,100,10.0,1.0,0,14,0,0.5,0.3537910803291575,-0.41262320197106916,1.0198228740608712,0.024096975836144743,0.039546439199737826,0.06270748847635088,1.9845070787456431,0.6174390516191454,0.3345633918391303,0.6052606343022146,1.0799377992635595,0.9713930623552465,1.0111754397865402,-16.57984244425748
934,30934,30934,30934,6a22834,ckpt_sac_full_00349944,1,1,1,success,106,34.166755115558026,39.3677510028855,13.41001373550398,96,1,30.0,0.45,20.0,1.0,25,1,200,0.002,100,10.0,1.0,0,64,0,0.6037735849056604,0.31782913831548887,-0.18079691467668513,-0.527457292611746,0.021553125259844493,0.03546217282905934,0.08192224334166676,0.8310886863470812,0.9861780402679909,0.37108362863596944,0.7122526758545313,0.9829522207022416,1.060300923030854,0.9467467240617147,279.9037656468471
935,30935,30935,30935,6a22834,ckpt_sac_full_00349944,0,1,0,timeout,200,521.4769712630659,nan,nan,-1,1,30.0,0.45,20.0,1.0,25,1,200,0.002,100,10.0,1.0,0,186,0,0.93,0.38796713834538277,-0.7290819369956443,-2.1346416557596513,0.02596147754289101,0.0341470909273296,0.11176233769868944,1.5443912693945,0.7798488591910757,0.389474467736962,0.5969489494047339,0.9837232836206239,1.0812600645923882,1.1060025510032303,29.0946322861018
936,30936,30936,30936,6a22834,ckpt_sac_full_00349944,0,1,0,timeout,200,272.5487450198746,nan,nan,-1,0,30.0,0.45,20.0,1.0,25,1,200,0.002,100,10.0,1.0,0,191,0,0.955,0.3130100730782078,-0.5914528373787913,-1.9974507157586194,0.02072095438268621,0.035831790125136084,0.10674751120028307,1.2824041947078966,0.6158458422228734,0.35253392823389595,0.38069008667436155,1.028049046447953,1.0028512909257477,0.9247143485745679,-1.6981592943004413
937,30937,30937,30937,6a22834,ckpt_sac_full_00349944,0,0,0,timeout,200,60.80860268879632,nan,nan,-1,1,30.0,0.45,20.0,1.0,25,1,200,0.002,100,10.0,1.0,104,177,0,0.885,0.3058716543714616,-0.24730076388536404,0.7566378951873141,0.025512562145404982,0.038902228951813396,0.036464838711444555,1.3475279134822422,0.8891099038348038,0.35651812170731445,0.319673167473732,1.0105875487485332,1.0394781187839666,0.9533312568098438,-84.86952826028039
938,30938,30938,30938,6a22834,ckpt_sac_full_00349944,0,1,0,timeout,200,321.2753479039485,nan,nan,-1,1,30.0,0.45,20.0,1.0,25,1,200,0.002,100,10.0,1.0,0,166,0,0.83,0.3328251894541938,-0.4695740091787269,3.0400478541993694,0.025771933119215672,0.03983696170075272,0.10140594736780537,1.8266739283506825,1.0727129243898976,0.3642608170115623,0.5667829167640442,1.0738758367386423,1.0907830311225497,1.0497564895995228,-8.035901320033876
939,30939,30939,30939,6a22834,ckpt_sac_full_00349944,0,0,0,timeout,200,243.02106528245884,nan,nan,-1,1,30.0,0.45,20.0,1.0,25,1,200,0.002,100,10.0,1.0,0,173,0,0.865,0.3328993533684678,-0.5443938916438792,2.9353184825273235,0.025806630466883123,0.0337541429923211,0.059628927972394274,1.197632235287232,0.9811136234985034,0.3866501239327582,0.23298854419055318,1.0028618682016872,1.117205012716394,1.0038436157976638,-4.645296225161051
940,30940,30940,30940,6a22834,ckpt_sac_full_00349944,0,0,0,unsafe,21,271.04275094865164,nan,nan,-1,1,30.0,0.45,20.0,1.0,25,1,200,0.002,100,10.0,1.0,0,10,0,0.47619047619047616,0.3800572513763917,-0.31493813697669854,1.3346492136118009,0.021558763493356288,0.03871474684302897,0.08618099737724993,1.6276514442642886,0.7044290000211025,0.34248933844011226,0.44425940276585163,1.0333225925282143,0.9864753830429296,1.0314723794898761,-42.33764517388979
941,30941,30941,30941,6a22834,ckpt_sac_full_00349944,0,1,0,object_lost,174,209.69567033798808,nan,nan,-1,0,30.0,0.45,20.0,1.0,25,1,200,0.002,100,10.0,1.0,0,154,0,0.8850574712643678,0.30527360969512346,-0.1778440297174665,-2.351037776202123,0.022774308972114642,0.039549344834505056,0.08300903525777609,1.6524511419891117,1.0080509489031424,0.3813329028474928,0.6720392092872151,0.978682788313513,1.0212216588100351,1.027512343178925,-185.01274621914988
942,30942,30942,30942,6a22834,ckpt_sac_full_00349944,0,0,0,timeout,200,269.08214550963913,nan,nan,-1,0,30.0,0.45,20.0,1.0,25,1,200,0.002,100,10.0,1.0,0,187,0,0.935,0.3471999538710856,-0.6132063550558401,-1.6910191396081937,0.02396971832313062,0.0316690789562448,0.08498920445107724,1.605663050857118,0.8029276772313597,0.36854209558379375,0.17210432438458442,1.0384630284304386,1.1093889813915137,1.0247500015650624,-6.145622625665388
943,30943,30943,30943,6a22834,ckpt_sac_full_00349944,0,1,0,timeout,200,382.09446970140567,nan,nan,-1,1,30.0,0.45,20.0,1.0,25,1,200,0.002,100,10.0,1.0,0,175,0,0.875,0.37597290342676415,-0.6560035659436536,2.6622853519733836,0.024145709170483795,0.03419692470476433,0.08526262438982929,0.9885759301411967,1.0353246465432502,0.33347948853312565,0.40909514517410484,1.027602506673707,1.0207013432156127,1.1800299856749792,17.00288511586966
944,30944,30944,30944,6a22834,ckpt_sac_full_00349944,0,0,0,timeout,200,296.89456348092864,nan,nan,-1,1,30.0,0.45,20.0,1.0,25,1,200,0.002,100,10.0,1.0,0,179,0,0.895,0.30724866383770766,-0.4391190627362775,-2.5780316099145777,0.025668087425481545,0.03212830229101804,0.06204220237990579,0.97107457279489,0.8148115956241061,0.3011171417910879,0.582053433179464,1.0210100140891385,1.0550072089823008,1.0169558117993185,-2.227993015032303
945,30945,30945,30945,6a22834,ckpt_sac_full_00349944,0,0,0,timeout,200,228.69219017828246,nan,nan,-1,0,30.0,0.45,20.0,1.0,25,1,200,0.002,100,10.0,1.0,0,182,0,0.91,0.33967926165107476,-0.3843634930963147,-0.9808810081792658,0.02060105794237915,0.03201270575943009,0.10539280078831238,1.9399982757455556,1.1875237329317265,0.34652417131679875,0.3030014206899797,0.9272571111832802,0.995777765966576,0.9775874287505315,-4.7318779338068415
946,30946,30946,30946,6a22834,ckpt_sac_full_00349944,0,0,0,timeout,200,358.587130883058,nan,nan,-1,1,30.0,0.45,20.0,1.0,25,1,200,0.002,100,10.0,1.0,147,185,0,0.925,0.3412475393342876,-0.7260525391975474,0.49295075683057465,0.02133106242885352,0.03977273739142114,0.10383525445780101,1.5852072317326191,0.745658621045065,0.3415953368362508,0.2863248673896762,0.9444459994598926,1.0095539211202107,1.2973276586991687,-107.06442159188094
947,30947,30947,30947,6a22834,ckpt_sac_full_00349944,0,0,0,timeout,200,160.49206773909248,nan,nan,-1,0,30.0,0.45,20.0,1.0,25,1,200,0.002,100,10.0,1.0,0,173,0,0.865,0.38621448708381045,-0.18667412840908804,-2.669067217122627,0.026198939751073423,0.0392514832008288,0.057729235021847465,1.4721667066937192,0.863219706188154,0.33081683234822956,0.19943147210206544,1.0238073613229648,0.9205186239390871,0.9713002145567167,-27.844098432198443
948,30948,30948,30948,6a22834,ckpt_sac_full_00349944,0,1,0,unsafe,27,234.0566767468602,nan,nan,-1,1,30.0,0.45,20.0,1.0,25,1,200,0.002,100,10.0,1.0,0,14,0,0.5185185185185185,0.3508328297333245,-0.28972630115880554,-0.16056969736544602,0.026946315815243316,0.037587264155261056,0.1006730766044406,1.1196349356362325,1.2806683540853723,0.34075467427097933,0.3877034498537585,1.010803346475888,1.0111466085566014,1.0268185749029561,-16.21436226869649
949,30949,30949,30949,6a22834,ckpt_sac_full_00349944,0,0,0,timeout,200,310.316647381817,nan,nan,-1,1,30.0,0.45,20.0,1.0,25,1,200,0.002,100,10.0,1.0,0,181,0,0.905,0.367074768074842,-0.4962053107687161,0.009044612418538822,0.02241103584830789,0.03207347292337887,0.032542638842560326,0.8517067308230546,0.7597516517830317,0.35999021249446955,0.4438093135077481,1.1014974992796243,0.9270950263316202,1.0900394453689453,-10.849076648958276
950,30950,30950,30950,6a22834,ckpt_sac_full_00349944,0,0,0,timeout,200,123.88147846088876,nan,nan,-1,1,30.0,0.45,20.0,1.0,25,1,200,0.002,100,10.0,1.0,0,176,0,0.88,0.3245198471161109,-0.23792748637668276,2.6700993611871633,0.022219943612847792,0.0375498532035116,0.03893235863925096,1.5817342644102297,1.0371808689437372,0.3461822159131863,0.2735605737891363,0.9618713690819772,1.0353003255583366,1.1856324777671166,-11.563662925421887
951,30951,30951,30951,6a22834,ckpt_sac_full_00349944,0,0,0,unsafe,24,396.48726026261653,nan,nan,-1,0,30.0,0.45,20.0,1.0,25,1,200,0.002,100,10.0,1.0,0,15,0,0.625,0.34449503289380323,-0.5186354260606332,-0.9339896525330427,0.025578093234335755,0.03417775409094451,0.06037944653789018,1.8911724930827927,0.7506891007113218,0.33421732416377203,0.7258549172024577,1.0826933013307074,0.9637027691145893,0.9534743626943021,-40.6490206824526
952,30952,30952,30952,6a22834,ckpt_sac_full_00349944,0,0,0,timeout,200,224.98722581766637,nan,nan,-1,1,30.0,0.45,20.0,1.0,25,1,200,0.002,100,10.0,1.0,0,171,0,0.855,0.3351428623481699,-0.34898328661733174,2.1352122722485483,0.025188451292341,0.036742330538496785,0.09889993349721779,1.4172065527977364,0.6446584447061687,0.3688777607007837,0.33496444582911333,1.0893179681854621,1.1265001289137484,0.9197910829231913,-10.716004015887611
953,30953,30953,30953,6a22834,ckpt_sac_full_00349944,0,1,0,timeout,200,432.1924275359068,nan,nan,-1,1,30.0,0.45,20.0,1.0,25,1,200,0.002,100,10.0,1.0,0,182,0,0.91,0.34488360753772557,-0.6272793805194922,-0.11551059652516571,0.02711269298657235,0.032995923975535586,0.08644775390027909,1.0553785641043247,1.0176858423898447,0.33569565783711,0.6809715116330838,1.0053933284442238,1.0678228928660085,1.098723509655524,-0.6444559121432214
954,30954,30954,30954,6a22834,ckpt_sac_full_00349944,0,0,0,unsafe,39,397.3735782254619,nan,nan,-1,1,30.0,0.45,20.0,1.0,25,1,200,0.002,100,10.0,1.0,0,32,0,0.8205128205128205,0.35228167094445995,-0.7285998195551322,1.6827211148027805,0.02519570392158098,0.029791789388081334,0.06283423144209682,1.6895280020926573,0.9635384528909562,0.30014475760578524,0.5705294767846203,0.9803137880261951,1.1202116792369432,1.3006766612410572,-38.599465584934926
955,30955,30955,30955,6a22834,ckpt_sac_full_00349944,0,0,0,timeout,200,267.0066716997586,nan,nan,-1,1,30.0,0.45,20.0,1.0,25,1,200,0.002,100,10.0,1.0,0,146,0,0.73,0.31446262702128647,-0.24291188845836686,-2.2002881301145365,0.027351334546879665,0.030704654039306663,0.05806118897331894,0.8562215813453251,1.1292812468964988,0.35654485746513104,0.5985583446126223,1.0357400014183284,1.0329252572389813,1.0545109129930212,-25.455402976711095
956,30956,30956,30956,6a22834,ckpt_sac_full_00349944,0,0,0,timeout,200,178.73207240512627,nan,nan,-1,1,30.0,0.45,20.0,1.0,25,1,200,0.002,100,10.0,1.0,0,184,0,0.92,0.3229373507831013,-0.2947413667194825,-1.7373636767297056,0.020695225484088836,0.03180864292897688,0.047949238831241955,0.8493576630293994,1.312199006197752,0.3002262870224464,0.48974161390777987,1.141379748773235,1.050667769408727,1.1158571922592824,-0.10034644946349652
957,30957,30957,30957,6a22834,ckpt_sac_full_00349944,0,1,0,unsafe,30,454.5815042346996,nan,nan,-1,1,30.0,0.45,20.0,1.0,25,1,200,0.002,100,10.0,1.0,0,13,0,0.43333333333333335,0.353565008296961,-0.640119844037345,2.2795296753284244,0.02511200864164495,0.039794865119274825,0.03225139550154162,1.676174203995071,0.8874309091606286,0.3865423324003408,0.6797230077147334,1.099509406338165,1.022327839351939,0.7861255960789382,-13.66444073492275
958,30958,30958,30958,6a22834,ckpt_sac_full_00349944,0,0,0,timeout,200,223.3896979509546,nan,nan,-1,1,30.0,0.45,20.0,1.0,25,1,200,0.002,100,10.0,1.0,0,168,0,0.84,0.37507434890823016,-0.455094339071523,0.9801762231159428,0.026551630380697955,0.04023372956667486,0.08173326321527893,1.171737485138966,1.1562571077911157,0.3794461003886507,0.18108193381360502,1.03666599802519,1.0704405694099346,1.0829463250841092,-10.086974274360376
959,30959,30959,30959,6a22834,ckpt_sac_full_00349944,0,0,0,timeout,200,203.16581845616258,nan,nan,-1,1,30.0,0.45,20.0,1.0,25,1,200,0.002,100,10.0,1.0,0,185,0,0.925,0.38693048172235656,-0.40130401487639517,-1.5477503096248924,0.02378488945834462,0.03699903873335305,0.07767855668743381,0.86186518817055,0.629978955394598,0.3754446793753706,0.2427144270562946,0.9480777368861284,0.9895816565967033,1.0254022662153042,-11.568732420523487
960,30960,30960,30960,6a22834,ckpt_sac_full_00349944,0,0,0,timeout,200,329.982136777477,nan,nan,-1,1,30.0,0.45,20.0,1.0,25,1,200,0.002,100,10.0,1.0,0,169,0,0.845,0.30144291089045955,-0.3190148889679595,3.067052207826345,0.020610364278722357,0.03507039913415592,0.05550012328524406,1.187128153979287,1.0020373634213589,0.3673269857584083,0.6958105079131436,1.0502108680000175,1.0883839539497313,1.1085622759301814,-1.877097796480626
961,30961,30961,30961,6a22834,ckpt_sac_full_00349944,0,1,0,timeout,200,427.39545319819445,nan,nan,-1,1,30.0,0.45,20.0,1.0,25,1,200,0.002,100,10.0,1.0,0,173,0,0.865,0.3056103831984616,-0.3115877477752604,-1.1753181840977498,0.025128928191294527,0.029977081046351252,0.09301340492871628,1.7919608110591696,1.364010071332275,0.36170959795250207,0.6683053167193329,1.0163960668247836,1.0844889722549576,1.131796917924441,11.273643657346247
962,30962,30962,30962,6a22834,ckpt_sac_full_00349944,0,1,0,unsafe,19,400.0066854008972,nan,nan,-1,1,30.0,0.45,20.0,1.0,25,1,200,0.002,100,10.0,1.0,0,17,0,0.8947368421052632,0.3422395663615959,-0.6933255349574452,-0.008392698063876658,0.024260203337969143,0.034644660441224925,0.09724473530220103,0.9863617077230323,1.205281579716917,0.33876010282609237,0.5549238145504753,1.0122594428302711,1.0279106542003147,0.9159301323703533,-14.893861178848354
963,30963,30963,30963,6a22834,ckpt_sac_full_00349944,0,1,0,timeout,200,197.30521578879194,nan,nan,-1,0,30.0,0.45,20.0,1.0,25,1,200,0.002,100,10.0,1.0,0,153,0,0.765,0.3510278690919876,-0.24815978385082144,1.917265342735087,0.023981541097025615,0.039719696298697434,0.07425231098860939,1.4698841043976745,0.9751762837564208,0.3507691037040718,0.44786021107703344,1.0905989901845532,1.0166892749721719,1.266384961629179,-0.1449621152374243
964,30964,30964,30964,6a22834,ckpt_sac_full_00349944,0,1,0,timeout,200,268.12168316507774,nan,nan,-1,1,30.0,0.45,20.0,1.0,25,1,200,0.002,100,10.0,1.0,0,189,0,0.945,0.30831794895132514,-0.6612834780188686,-1.6979819339730091,0.024508580428726955,0.035864309880329424,0.0686429906727389,1.414005534102368,1.115940280232866,0.3225668771403654,0.32692130717789114,1.103057784965832,0.9903491871859966,1.0299824358996594,24.44830652034411
965,30965,30965,30965,6a22834,ckpt_sac_full_00349944,0,1,0,unsafe,31,359.932695995029,nan,nan,-1,0,30.0,0.45,20.0,1.0,25,1,200,0.002,100,10.0,1.0,0,22,0,0.7096774193548387,0.3439703037106179,-0.501269850025753,1.1238350864854771,0.025932465671303008,0.03585167727266855,0.0536869059236796,1.4424217581338374,0.8816305265107267,0.37597843058406877,0.542710865282703,1.0920231650833692,1.0402398690505097,1.1593535547232783,-40.77601880150382
966,30966,30966,30966,6a22834,ckpt_sac_full_00349944,0,0,0,timeout,200,309.7922952623864,nan,nan,-1,0,30.0,0.45,20.0,1.0,25,1,200,0.002,100,10.0,1.0,0,182,0,0.91,0.33878032280542725,-0.6829322937734905,1.1516678151405122,0.02140459541247292,0.039940415914748534,0.09630575448363904,1.8753075853579002,1.28654138278496,0.38842509216091076,0.17363667146257067,0.9806265927019581,1.014387643595325,0.8775009421150807,-7.510226423897365
967,30967,30967,30967,6a22834,ckpt_sac_full_00349944,0,0,0,timeout,200,359.7370896931583,nan,nan,-1,1,30.0,0.45,20.0,1.0,25,1,200,0.002,100,10.0,1.0,0,187,0,0.935,0.3691306333277758,-0.5690196554234005,1.6629283108755732,0.026551134998047756,0.03842573285272621,0.08151770971651379,1.4784187888630274,0.845226054715946,0.3476776222751958,0.42220307575415006,1.0563842753922075,1.0457430434527983,1.1612267758298025,-0.18572251945340484
968,30968,30968,30968,6a22834,ckpt_sac_full_00349944,0,1,0,unsafe,33,332.16332966326104,nan,nan,-1,1,30.0,0.45,20.0,1.0,25,1,200,0.002,100,10.0,1.0,0,21,0,0.6363636363636364,0.3878520841148594,-0.394807675561228,1.2798992750586775,0.02501999420198287,0.03789157395065776,0.07252045066074618,1.2185845639837751,0.805116704974273,0.3111555072944185,0.5553638204584629,0.9895570200995926,0.9691846344035204,0.9334196747150709,-16.122452055535177
969,30969,30969,30969,6a22834,ckpt_sac_full_00349944,0,0,0,timeout,200,130.1196482800761,nan,nan,-1,1,30.0,0.45,20.0,1.0,25,1,200,0.002,100,10.0,1.0,0,178,0,0.89,0.326721642618188,-0.18606028266016172,0.4285031071664793,0.023856498010908996,0.030376988385832353,0.0460720472889813,1.1550161423768792,1.3187807837053112,0.38783548362239556,0.17393214978369007,1.0216818651161754,0.9834846807441845,1.2857356554990629,-4.349598959238064
970,30970,30970,30970,6a22834,ckpt_sac_full_00349944,0,0,0,timeout,200,374.7575935904725,nan,nan,-1,1,30.0,0.45,20.0,1.0,25,1,200,0.002,100,10.0,1.0,0,160,0,0.8,0.30767366953245584,-0.6934936923775394,2.0722761692863907,0.02748115477718299,0.03254102732884475,0.04007732208575979,1.142962995282274,1.0545267564458705,0.3069759180193732,0.37881995114294814,1.0426086747961543,1.084820350320656,1.0024493945035182,-8.314266768818134
971,30971,30971,30971,6a22834,ckpt_sac_full_00349944,0,0,0,timeout,200,272.8019653147841,nan,nan,-1,1,30.0,0.45,20.0,1.0,25,1,200,0.002,100,10.0,1.0,0,181,0,0.905,0.3030489126999555,-0.6916423358440019,1.5153329479413236,0.026953097395365656,0.03964279315848236,0.08642279774350166,1.0936414316886507,1.1313690457981194,0.37962268129659477,0.2277008977618158,1.0001746258347792,1.0643642227748098,1.058536625972871,1.1298230113575505
972,30972,30972,30972,6a22834,ckpt_sac_full_00349944,0,1,0,unsafe,27,361.88030640746206,nan,nan,-1,1,30.0,0.45,20.0,1.0,25,1,200,0.002,100,10.0,1.0,0,19,0,0.7037037037037037,0.3368702348943615,-0.5361324231814719,-1.1337496412288606,0.024156667365679306,0.03895499965197365,0.06976782030981807,1.6770437979425037,1.1267298877663192,0.31887518098348744,0.6247669513395364,1.005935432919619,0.9843229776779013,1.007888287421891,-16.348299209528406
973,30973,30973,30973,6a22834,ckpt_sac_full_00349944,0,1,0,unsafe,31,385.7834358275948,nan,nan,-1,0,30.0,0.45,20.0,1.0,25,1,200,0.002,100,10.0,1.0,0,21,0,0.6774193548387096,0.3193787586394279,-0.6730747227408078,-1.536804790354353,0.023648859572353128,0.037850114317199264,0.11319282816701423,1.8680236854599888,0.95830617832797,0.3012942980599671,0.6647981108062596,1.0150165802697162,1.0404858500560348,1.005704940054627,-14.751040970851676
974,30974,30974,30974,6a22834,ckpt_sac_full_00349944,0,0,0,timeout,200,188.74156707991656,nan,nan,-1,1,30.0,0.45,20.0,1.0,25,1,200,0.002,100,10.0,1.0,0,192,0,0.96,0.3653420463436331,-0.22570157586497452,0.5474186140312205,0.02547649438506078,0.03870605756412617,0.10886060957464429,1.6265150742970405,1.0762960572962827,0.33967327654991575,0.3246757462422947,0.977003847898257,1.0938301182787806,1.1693913770496467,-7.444171608396741
975,30975,30975,30975,6a22834,ckpt_sac_full_00349944,0,1,0,unsafe,31,264.39748475648423,nan,nan,-1,1,30.0,0.45,20.0,1.0,25,1,200,0.002,100,10.0,1.0,0,12,0,0.3870967741935484,0.3037132198756528,-0.3420216443596271,-0.2008177716073356,0.020692696358573067,0.03354020693489021,0.10329330656803776,1.1722676269331624,1.0306553326256391,0.3836012817658101,0.41308107127642385,0.9672394375611624,1.1200207008201122,1.1049771345330195,-16.03756802819973
976,30976,30976,30976,6a22834,ckpt_sac_full_00349944,0,1,0,timeout,200,147.80819077310173,nan,nan,-1,1,30.0,0.45,20.0,1.0,25,1,200,0.002,100,10.0,1.0,0,187,0,0.935,0.35407448642499195,-0.332551901857003,3.0714464244578457,0.02332674579663077,0.03325603028690162,0.06267821134076054,1.5911554062979911,1.3575559922909939,0.3879953555634626,0.20658956810620868,0.9952821071054725,1.0629232051733852,1.3618483866828326,19.24771892669049
977,30977,30977,30977,6a22834,ckpt_sac_full_00349944,0,0,0,timeout,200,169.32035608208406,nan,nan,-1,1,30.0,0.45,20.0,1.0,25,1,200,0.002,100,10.0,1.0,0,188,0,0.94,0.335748405977562,-0.2461813674518722,-0.1135820388419213,0.020728342449615647,0.03445666724561591,0.08329060820890477,1.949029373375182,1.0487352050689345,0.30856022384305615,0.47599244291972803,1.0279562854661362,1.051204712508251,1.0356661503817257,-2.6469581020277984
978,30978,30978,30978,6a22834,ckpt_sac_full_00349944,0,1,0,timeout,200,383.551731728625,nan,nan,-1,1,30.0,0.45,20.0,1.0,25,1,200,0.002,100,10.0,1.0,0,184,0,0.92,0.3895106184105394,-0.38190269366088414,-2.2631801107882117,0.021681121765907918,0.030816062689506842,0.08217414096011436,1.7651576043716863,0.786092122304514,0.33501977227477,0.6077961669812113,1.052390826383194,1.0106414066769724,0.8167465539601027,16.08270479213068
979,30979,30979,30979,6a22834,ckpt_sac_full_00349944,0,1,0,timeout,200,411.4118649005925,nan,nan,-1,1,30.0,0.45,20.0,1.0,25,1,200,0.002,100,10.0,1.0,0,176,0,0.88,0.31163255436828263,-0.5668051916425683,0.8643304836973336,0.02142683244283954,0.03244191940512121,0.0976050018743686,1.5085273727878947,1.0531314184273737,0.3173634249929296,0.6608053585206931,1.0574072507981978,1.0049304346871755,1.1410653543103828,14.799529638253155
980,30980,30980,30980,6a22834,ckpt_sac_full_00349944,0,0,0,timeout,200,390.15267415699293,nan,nan,-1,1,30.0,0.45,20.0,1.0,25,1,200,0.002,100,10.0,1.0,0,175,0,0.875,0.36917712488867993,-0.3603324456733431,-1.2568855076941317,0.024184564313095236,0.03157612317873863,0.07580858574973068,1.04082632024602,0.8216353406403673,0.38063742509054643,0.36723480799350233,1.000509170532821,1.033028528980504,1.0526514530706472,-16.733670590421923
981,30981,30981,30981,6a22834,ckpt_sac_full_00349944,0,0,0,timeout,200,366.0060813426871,nan,nan,-1,1,30.0,0.45,20.0,1.0,25,1,200,0.002,100,10.0,1.0,0,179,0,0.895,0.3506278822119656,-0.44539704290574184,-0.42898852260404796,0.025335357963838685,0.03693035143967984,0.047247678017648884,1.9309993175656583,1.2618206311984697,0.3135941649461771,0.6707267165625745,0.9880479374806781,0.9895950364913979,1.090493813313119,2.4838697199012665
982,30982,30982,30982,6a22834,ckpt_sac_full_00349944,0,1,0,unsafe,25,350.07720855368717,nan,nan,-1,1,30.0,0.45,20.0,1.0,25,1,200,0.002,100,10.0,1.0,0,12,0,0.48,0.33948105014603946,-0.516138195454896,1.9446273428801586,0.02254658482837808,0.03531917587913972,0.044438905527876715,1.6614955192805663,1.2092012668557826,0.3272814070537566,0.5816040654398041,1.057153100335776,1.0000598181298515,0.9442015543293891,-15.730811178332132
983,30983,30983,30983,6a22834,ckpt_sac_full_00349944,0,0,0,timeout,200,376.4841380999539,nan,nan,-1,1,30.0,0.45,20.0,1.0,25,1,200,0.002,100,10.0,1.0,0,181,0,0.905,0.3857089474730491,-0.5393978445947032,3.13685435736482,0.022088716576227834,0.03823621384224704,0.0769857099915353,1.1949254507216138,1.3228281066887568,0.3142093939748714,0.5679999486367933,1.0104190407279872,1.0894841080785151,0.9395630654175772,1.7144217375203092
984,30984,30984,30984,6a22834,ckpt_sac_full_00349944,0,0,0,timeout,200,275.5132802054535,nan,nan,-1,1,30.0,0.45,20.0,1.0,25,1,200,0.002,100,10.0,1.0,0,174,0,0.87,0.3680238975566061,-0.3577948339787427,-1.9792628912871266,0.022553302037399862,0.03807978047714,0.063217089892388,1.8281183662900402,0.8047551143180738,0.33977707356725734,0.43801878752112183,0.9816543122859073,0.925851442708573,1.2258170814271563,-6.458152815775508
985,30985,30985,30985,6a22834,ckpt_sac_full_00349944,0,1,0,unsafe,29,246.0970786280587,nan,nan,-1,1,30.0,0.45,20.0,1.0,25,1,200,0.002,100,10.0,1.0,0,24,0,0.8275862068965517,0.3249876228319778,-0.4116011470501209,-1.9515004586055797,0.023166824489031415,0.033113750114292594,0.11731270452032254,1.0509909105318267,0.6847838964990792,0.36606987969752913,0.3005681872022885,1.0246199062456196,1.0866985907676392,1.204753767336729,-16.246410949561465
986,30986,30986,30986,6a22834,ckpt_sac_full_00349944,0,0,0,timeout,200,322.7437522462382,nan,nan,-1,1,30.0,0.45,20.0,1.0,25,1,200,0.002,100,10.0,1.0,0,176,0,0.88,0.34632047607988564,-0.6785040632008397,-2.0804430203051996,0.02267757566598547,0.03209671124875559,0.05132948550068347,1.861638136681969,1.1738626839670112,0.3695037569851971,0.25769042500895506,1.116793993579606,0.9909177068004936,0.9817786597881832,-4.474550577680476
987,30987,30987,30987,6a22834,ckpt_sac_full_00349944,0,1,0,timeout,200,262.88521958950736,nan,nan,-1,1,30.0,0.45,20.0,1.0,25,1,200,0.002,100,10.0,1.0,0,186,0,0.93,0.3152645075053544,-0.4969475701407938,-1.8995100054867435,0.023781353410291667,0.03237367313904075,0.1005095671081898,1.469710148851648,1.222878390504571,0.3693508869583566,0.2847433450760406,1.0385645349609536,1.0292579029535296,1.0399730510796528,21.101595148040456
988,30988,30988,30988,6a22834,ckpt_sac_full_00349944,0,1,0,unsafe,32,320.5808327632739,nan,nan,-1,0,30.0,0.45,20.0,1.0,25,1,200,0.002,100,10.0,1.0,0,20,0,0.625,0.3266433503610757,-0.4542489587249682,1.620342102619329,0.026305622055076958,0.030943443587096456,0.09449280371631572,1.0143511742266993,1.2340004274595113,0.303631583816314,0.6054419994442546,1.0745539809673947,0.9942961510127978,1.1112275397686933,-39.4892508052965
989,30989,30989,30989,6a22834,ckpt_sac_full_00349944,0,0,0,unsafe,22,293.99044282784547,nan,nan,-1,0,30.0,0.45,20.0,1.0,25,1,200,0.002,100,10.0,1.0,0,13,0,0.5909090909090909,0.33155874283165027,-0.5663074307651185,-0.31071689785522594,0.022008928939084613,0.03931765621470013,0.11274778638032931,1.4548164121412162,1.0883708979194284,0.301799560998557,0.3916194168308506,1.0130834109385976,0.9715523467523269,1.0243802801473696,-41.5469701657342
990,30990,30990,30990,6a22834,ckpt_sac_full_00349944,0,1,0,unsafe,30,389.37743863344684,nan,nan,-1,1,30.0,0.45,20.0,1.0,25,1,200,0.002,100,10.0,1.0,0,22,0,0.7333333333333333,0.35058239452004414,-0.707100361880164,2.732273195415379,0.025885778703108705,0.03349879472868446,0.07347432029555624,1.8175265145406383,0.9646707018002001,0.3004962005619212,0.5637311643107842,1.0934368790603284,1.0165626979228828,1.2816974491347635,-14.514381310567892
991,30991,30991,30991,6a22834,ckpt_sac_full_00349944,0,0,0,timeout,200,275.5482927772277,nan,nan,-1,1,30.0,0.45,20.0,1.0,25,1,200,0.002,100,10.0,1.0,0,185,0,0.925,0.331900185866157,-0.30276525633608664,3.0397905639465836,0.02467583479115266,0.038372569698871865,0.11842777080425049,1.2126088383997813,1.3243329459102848,0.30776628306674086,0.4680978071433188,1.050639439445786,1.0360845273858281,1.0252531579778275,-6.165810794005112
992,30992,30992,30992,6a22834,ckpt_sac_full_00349944,0,0,0,unsafe,51,336.62661751155804,nan,nan,-1,0,30.0,0.45,20.0,1.0,25,1,200,0.002,100,10.0,1.0,0,38,0,0.7450980392156863,0.3272167809955135,-0.538661594566677,1.271562487956932,0.02254233077739284,0.03185374645994079,0.07156929238011743,1.73228574333511,0.9588923462319081,0.36914110222439467,0.46485598022278274,0.9347610198377581,1.0744428229285536,1.2023651429024698,-41.7799610378662
993,30993,30993,30993,6a22834,ckpt_sac_full_00349944,0,0,0,timeout,200,404.2724832143353,nan,nan,-1,1,30.0,0.45,20.0,1.0,25,1,200,0.002,100,10.0,1.0,0,182,0,0.91,0.37528179158279923,-0.6102703318395869,0.01185285300070893,0.0270425042583959,0.0327266878048257,0.09818400187901877,1.316883469233064,1.0271986300508191,0.36189531106236594,0.4308289556776811,1.0674902062287968,0.9642524254849624,0.927558307275566,2.9031422048655995
994,30994,30994,30994,6a22834,ckpt_sac_full_00349944,0,0,0,timeout,200,247.90162736626792,nan,nan,-1,1,30.0,0.45,20.0,1.0,25,1,200,0.002,100,10.0,1.0,0,174,0,0.87,0.3698475672629649,-0.544702841602407,2.3850066453703507,0.02430487760100587,0.03999065124850336,0.03192622991364357,1.9035792564332712,1.397368426703999,0.3305926266117231,0.24045909306806593,0.9447830916663149,0.9617590061998609,1.0019747206948932,-5.76227441377653
995,30995,30995,30995,6a22834,ckpt_sac_full_00349944,0,0,0,object_lost,169,449.86826737945813,nan,nan,-1,0,30.0,0.45,20.0,1.0,25,1,200,0.002,100,10.0,1.0,0,142,0,0.8402366863905325,0.3526439360133572,-0.4542352936473866,-2.1323088061735165,0.022791617598368463,0.03068547879043991,0.05473677112933188,1.8573657278891902,1.3754789297619525,0.3003369578931239,0.2761393704698828,1.068888719949757,1.1093541506041775,1.0883134418696923,-204.6910746715415
996,30996,30996,30996,6a22834,ckpt_sac_full_00349944,1,1,1,success,85,11.240891709879559,21.38787554243483,28.663292838144947,68,1,30.0,0.45,20.0,1.0,25,1,200,0.002,100,10.0,1.0,0,62,0,0.7294117647058823,0.3612764602395113,-0.3681569149757553,2.9549545731928193,0.020437717390542995,0.038726883379097944,0.07515251648734253,1.5315680987904863,1.203063919546156,0.36503135464086206,0.43439276928770343,1.031261424956987,1.0719346857828234,1.197888988602042,282.864158771934
997,30997,30997,30997,6a22834,ckpt_sac_full_00349944,0,0,0,timeout,200,364.14773891782454,nan,nan,-1,1,30.0,0.45,20.0,1.0,25,1,200,0.002,100,10.0,1.0,0,181,0,0.905,0.347882490962172,-0.47639397945066403,-0.38447059970925146,0.027346985221743482,0.03569532393617654,0.06827271018759634,1.40050190525381,1.044958938329376,0.36853783701146714,0.588607142291059,0.9035080864127265,1.0389623907787522,1.1119659959053239,-2.4916926554655174
998,30998,30998,30998,6a22834,ckpt_sac_full_00349944,0,0,0,timeout,200,317.1070412873741,nan,nan,-1,1,30.0,0.45,20.0,1.0,25,1,200,0.002,100,10.0,1.0,0,174,0,0.87,0.3834636807189389,-0.46057544722137594,-0.45890358193450576,0.020508599593868346,0.039390156266592084,0.06773787367330003,1.598379941584501,0.9931512335704689,0.32615785663685704,0.4403491655852222,0.9875277803640375,1.0055140305076842,0.985391310299194,0.17632158889347221
999,30999,30999,30999,6a22834,ckpt_sac_full_00349944,1,1,1,success,95,33.23537717210981,34.35257103516163,2.1853198845655877,91,1,30.0,0.45,20.0,1.0,25,1,200,0.002,100,10.0,1.0,0,63,0,0.6631578947368421,0.33526121179248286,-0.21481601910068404,2.6272318993688124,0.022656954282578017,0.03400733769748575,0.09645139604702017,1.4738189958036254,1.170467225737733,0.35885565269886427,0.6113253886705706,1.054897593571363,1.089077537792868,1.259292620604758,278.85346078478625
