episode,seed,dr_seed,noise_seed,git_hash,cell,success_at_default_tol,grasp,lift,termination,steps,place_err_mm,tcp_err_at_release_mm,scatter_mm,release_step,obj_settled,max_step_dist_mm,action_smoothing,control_hz,max_joint_vel,n_substeps,obs_latency_steps,max_episode_steps,solver_timestep,solver_iterations,solver_impratio,solver_solref_scale,collision_steps,safety_clamped,safety_vetoed,clamp_rate,obj_r,obj_th,obj_yaw,obj_half_w,obj_half_h,obj_mass,mu_obj,mu_table,tgt_r,tgt_th,kp_scale_mean,kv_scale_mean,frictionloss_scale_mean,reward
0,30000,30000,30000,35ace65,ckpt_sac_full_00049992,0,0,0,timeout,200,172.71637811626138,,,-1,1,30.0,0.45,20.0,1.0,25,1,200,0.002,100,10.0,1.0,0,181,0,0.905,0.3270570142520669,-0.3852723407066261,-2.412306615453284,0.0232483564193466,0.0363440711872364,0.0571361963185354,1.811771820929556,1.2156651192880168,0.3353272830052264,0.2665723354347781,0.9283198274517568,0.984558076517463,1.020694126855675,-0.6793597202365375
1,30001,30001,30001,35ace65,ckpt_sac_full_00049992,0,0,0,timeout,200,290.65356969593705,,,-1,1,30.0,0.45,20.0,1.0,25,1,200,0.002,100,10.0,1.0,0,164,0,0.82,0.3325176152262667,-0.2494228514121882,0.0322875159725346,0.0223440392261996,0.0312120078813066,0.0373118860893407,1.09315270939904,1.1449436442425769,0.3570851997465893,0.662976419228492,0.9890619386082568,1.0483182264128017,0.9491347356540184,-11.334180182065255
2,30002,30002,30002,35ace65,ckpt_sac_full_00049992,0,0,0,timeout,200,277.044693658021,,,-1,1,30.0,0.45,20.0,1.0,25,1,200,0.002,100,10.0,1.0,0,187,0,0.935,0.3321459638620169,-0.1779866413298154,-0.446166529179774,0.0271649289067328,0.0318435057259948,0.0684217305537748,1.1353489337822151,0.7340100103704447,0.3546596653233625,0.6137724507545921,1.0400232922476478,1.0032652373978963,1.0716146407160902,-16.11884766950137
3,30003,30003,30003,35ace65,ckpt_sac_full_00049992,0,0,0,timeout,200,332.4189348609552,,,-1,1,30.0,0.45,20.0,1.0,25,1,200,0.002,100,10.0,1.0,0,173,0,0.865,0.3808204516853743,-0.3197116332399113,-2.856033037437084,0.0240679254438168,0.0358146556662314,0.0697874361529541,1.6492513725047862,1.329287551551232,0.3248639045877714,0.6659663015954231,0.9728221085218524,0.9993673650555632,1.215108700649009,-0.1535543528932839
4,30004,30004,30004,35ace65,ckpt_sac_full_00049992,0,0,0,timeout,200,288.0725221021206,,,-1,1,30.0,0.45,20.0,1.0,25,1,200,0.002,100,10.0,1.0,0,188,0,0.94,0.3171634861047361,-0.2796451987875774,-1.3622593623103016,0.0267228598329806,0.034581443867551,0.056616321220444,1.6596300257772505,0.9977400794349844,0.3791026415997995,0.5557279085939071,1.0872445116995448,1.023682237333606,0.8632024642621747,-19.90651620081864
5,30005,30005,30005,35ace65,ckpt_sac_full_00049992,0,0,0,timeout,200,251.33040096961028,,,-1,0,30.0,0.45,20.0,1.0,25,1,200,0.002,100,10.0,1.0,0,184,0,0.92,0.3271498417260805,-0.181162290596183,-0.5854497917938746,0.024938532560202,0.0380070829779669,0.0904869291184967,1.2376916340017632,0.938811659982581,0.3417737992743752,0.5874492578554672,0.9793919842837386,1.0221707487712712,1.0679126545286006,-18.711077325337087
6,30006,30006,30006,35ace65,ckpt_sac_full_00049992,0,0,0,timeout,200,291.6479257633438,,,-1,1,30.0,0.45,20.0,1.0,25,1,200,0.002,100,10.0,1.0,0,194,0,0.97,0.3023878089383753,-0.4256280868906135,-0.7057494183861901,0.0222580736573541,0.0322116492236496,0.0355803884648318,1.4142503226320169,1.0764801193113014,0.304704413181816,0.576524317424441,1.067485378177647,1.0035494076307037,1.2869909711469054,-25.17636844521306
7,30007,30007,30007,35ace65,ckpt_sac_full_00049992,0,0,0,timeout,200,426.76494255568014,,,-1,0,30.0,0.45,20.0,1.0,25,1,200,0.002,100,10.0,1.0,0,171,0,0.855,0.3575275834680529,-0.7040377695299846,-0.437632533053355,0.0249600185057467,0.0334888329116718,0.0990112712076893,1.3346544716296906,0.7060375639520589,0.3032994504045644,0.693131145610091,0.956072755365768,0.9293201829393666,1.0404794768795609,-3.0160028944270936
8,30008,30008,30008,35ace65,ckpt_sac_full_00049992,0,0,0,timeout,200,226.53973316025005,,,-1,1,30.0,0.45,20.0,1.0,25,1,200,0.002,100,10.0,1.0,0,188,0,0.94,0.3800860762147235,-0.3995344694953464,-0.1573071313275273,0.0217800915017617,0.0356351837581009,0.104333764762881,1.3980335526707786,1.306087036330506,0.3317182069630042,0.2342922578279185,1.0751617073250028,1.006963058508736,0.9605855114276736,-14.316787445325428
9,30009,30009,30009,35ace65,ckpt_sac_full_00049992,0,0,0,timeout,200,313.93816971211544,,,-1,0,30.0,0.45,20.0,1.0,25,1,200,0.002,100,10.0,1.0,0,190,0,0.95,0.3190639441226543,-0.505386229090332,-3.13626922815,0.0241020390051927,0.0367947153775392,0.0553137094555377,1.9014358457552272,1.3336196592629497,0.3053927859540511,0.5466226088278759,1.065120195511467,1.0524523659436802,1.1071953703043382,-19.27308961546925
10,30010,30010,30010,35ace65,ckpt_sac_full_00049992,0,0,0,timeout,200,253.4498281265696,,,-1,1,30.0,0.45,20.0,1.0,25,1,200,0.002,100,10.0,1.0,1,185,0,0.925,0.3543346222668121,-0.1872204239327,1.933099539691371,0.0236402553878847,0.0386415533546173,0.0806574909931504,1.601979174941487,1.047005268024412,0.3505487529953934,0.6798983678541652,1.0907717557869567,1.046376375253371,0.999449079645053,-10.242219330189716
11,30011,30011,30011,35ace65,ckpt_sac_full_00049992,0,0,0,timeout,200,251.3864721459392,,,-1,1,30.0,0.45,20.0,1.0,25,1,200,0.002,100,10.0,1.0,0,189,0,0.945,0.3253338139664903,-0.4774769235190695,-1.1775747172764557,0.0272857774902297,0.0340084687709234,0.0504862661693303,1.413854680635321,0.9817366565663526,0.3404874229874509,0.2955122592076104,0.9839955633319508,1.1353577839148377,1.0930832062350997,-8.27391889776717
12,30012,30012,30012,35ace65,ckpt_sac_full_00049992,0,0,0,timeout,200,176.86295880535772,,,-1,1,30.0,0.45,20.0,1.0,25,1,200,0.002,100,10.0,1.0,0,181,0,0.905,0.3579365352962078,-0.2299907604238327,-1.8902900004247236,0.0229837854503832,0.0362969729134675,0.0435987337165824,0.9397939809069188,0.9091038567766242,0.3455705369179943,0.2766582014446109,1.039653535204743,1.0483208519171152,1.03965465502178,-10.045568965095256
13,30013,30013,30013,35ace65,ckpt_sac_full_00049992,0,0,0,timeout,200,231.26250447966405,,,-1,1,30.0,0.45,20.0,1.0,25,1,200,0.002,100,10.0,1.0,0,192,0,0.96,0.304900879985751,-0.3768337183303042,-2.4081375644067338,0.0209288966936627,0.0316658615438538,0.0510594784044108,1.0011147457359773,0.6851321580056657,0.3109598210393862,0.3928746700747351,1.0829082221496715,1.0025962338576575,0.881442088685968,-17.080570585091102
14,30014,30014,30014,35ace65,ckpt_sac_full_00049992,0,0,0,timeout,200,285.8199451901178,,,-1,1,30.0,0.45,20.0,1.0,25,1,200,0.002,100,10.0,1.0,0,186,0,0.93,0.3834728583352324,-0.3363433872365509,-2.034519335574054,0.0232687244476958,0.0321878574764611,0.0818347719359199,1.7158836977091296,0.6107023951578425,0.3304672029879568,0.4746031013899943,1.0090299835520018,1.0749019914640308,1.1688116746947077,-14.482473435442914
15,30015,30015,30015,35ace65,ckpt_sac_full_00049992,0,0,0,timeout,200,350.5460500918468,,,-1,1,30.0,0.45,20.0,1.0,25,1,200,0.002,100,10.0,1.0,0,180,0,0.9,0.3507987531122389,-0.4134885929917352,1.8903843587232083,0.0244663305670268,0.0328608941643992,0.0349789026942977,1.418006259871246,1.0965785885336694,0.3512110539630012,0.6321898634469603,1.0565058568210173,1.0133017887230191,1.0023779091903076,-9.080994977741312
16,30016,30016,30016,35ace65,ckpt_sac_full_00049992,0,0,0,timeout,200,290.9335344186004,,,-1,1,30.0,0.45,20.0,1.0,25,1,200,0.002,100,10.0,1.0,0,187,0,0.935,0.3689523695552353,-0.3308393230583948,-0.66371758977697,0.0232456317615599,0.0315355531192623,0.0908491178795108,1.5881218941231512,0.9273771598678812,0.3683244073388212,0.4802786204020019,1.0933544471616403,0.974560357069197,1.025766010956104,-17.7271036705934
17,30017,30017,30017,35ace65,ckpt_sac_full_00049992,0,1,0,timeout,200,348.74169107223827,,,-1,1,30.0,0.45,20.0,1.0,25,1,200,0.002,100,10.0,1.0,28,164,0,0.82,0.3416184376171545,-0.4280422769683801,0.4749631576177617,0.0237161492701605,0.0384174123526423,0.0925952279017724,1.9862884056957264,0.9566192958795212,0.3822249045404107,0.7236776501944333,0.9612367019466388,1.1211041502121508,1.076359860637775,0.2205975520239901
18,30018,30018,30018,35ace65,ckpt_sac_full_00049992,0,0,0,timeout,200,360.1764578055256,,,-1,1,30.0,0.45,20.0,1.0,25,1,200,0.002,100,10.0,1.0,0,166,0,0.83,0.3783465652526656,-0.581315497296422,-1.0919334572817363,0.0221491199319686,0.0323966699758331,0.0576536178056994,1.8397163656326148,0.7324791491889044,0.3712108656250272,0.4210483923713359,1.031108664114701,1.015363765920426,1.019085104014959,-13.911461904694056
19,30019,30019,30019,35ace65,ckpt_sac_full_00049992,0,0,0,timeout,200,245.93741787036976,,,-1,1,30.0,0.45,20.0,1.0,25,1,200,0.002,100,10.0,1.0,0,181,0,0.905,0.3384850927183309,-0.1976907672910401,2.8467040126147864,0.0209859758430845,0.032605273362953,0.0395143606072498,1.5752774014426691,0.6021623113290425,0.3098388514181124,0.6323019429338234,1.057424014597174,1.0194344496215355,1.1805114417608105,-12.27853383262412
20,30020,30020,30020,35ace65,ckpt_sac_full_00049992,0,0,0,timeout,200,253.9539489776641,,,-1,1,30.0,0.45,20.0,1.0,25,1,200,0.002,100,10.0,1.0,0,192,0,0.96,0.3296151718718079,-0.4040275934931569,-1.426065774132482,0.020672199488538,0.0305473569074744,0.0635292104074974,1.708123532003611,1.2924327310784407,0.3367973830802606,0.3775742554981819,1.0723086824255108,0.9878948739613708,1.0712054515590428,-9.361456100793244
21,30021,30021,30021,35ace65,ckpt_sac_full_00049992,0,0,0,timeout,200,232.0353131514335,,,-1,1,30.0,0.45,20.0,1.0,25,1,200,0.002,100,10.0,1.0,0,195,0,0.975,0.3266164347459583,-0.23870512432265,-2.407290092628362,0.0267788654942775,0.0360223151616345,0.1161043614017352,0.9319605581879996,1.2143358915382518,0.3679716513190651,0.4324123414138295,1.054557094963403,1.021959061873035,0.9113362085309428,-23.960090784558417
22,30022,30022,30022,35ace65,ckpt_sac_full_00049992,0,0,0,timeout,200,195.82841674736275,,,-1,1,30.0,0.45,20.0,1.0,25,1,200,0.002,100,10.0,1.0,0,191,0,0.955,0.3441865769759737,-0.2843796574399825,-2.1992354050049205,0.0269226418790747,0.0342363577419431,0.1179040966091588,1.3546491262311218,0.9705356315896958,0.3544688149148339,0.2830473920121235,1.0608989978936358,0.978028004973488,1.1117834962834905,-17.670533439582037
23,30023,30023,30023,35ace65,ckpt_sac_full_00049992,0,0,0,timeout,200,403.5052012223838,,,-1,0,30.0,0.45,20.0,1.0,25,1,200,0.002,100,10.0,1.0,0,170,0,0.85,0.3796237193906681,-0.5077776151201323,1.5024427798535651,0.0222415081305715,0.0370058890114315,0.106395501814031,1.6294541754380338,0.7096075964572044,0.3280012684676693,0.6963266005486962,1.024518209767943,0.9902097389863574,1.0741484191653377,-9.249378666482778
24,30024,30024,30024,35ace65,ckpt_sac_full_00049992,0,0,0,timeout,200,268.80684040667416,,,-1,1,30.0,0.45,20.0,1.0,25,1,200,0.002,100,10.0,1.0,0,185,0,0.925,0.3170171867729381,-0.3455169205939075,2.267843515664219,0.0223420584409479,0.0389451575404988,0.075727685651454,1.0165964174884583,1.2307591418191164,0.3804088659195664,0.4648663233981931,0.9491620165549872,0.995066222273632,1.2282452385502736,-10.005443708645398
25,30025,30025,30025,35ace65,ckpt_sac_full_00049992,0,0,0,timeout,200,185.3404697207076,,,-1,1,30.0,0.45,20.0,1.0,25,1,200,0.002,100,10.0,1.0,0,195,0,0.975,0.321345672498778,-0.2243305117738442,3.1313609528431288,0.0240547302525518,0.0388451203573881,0.0786792752689966,1.5768227679869282,1.0333467168262385,0.372744337587982,0.2960085276967705,1.0431718506966143,1.0721826078004275,1.008990157614435,-20.556733341441504
26,30026,30026,30026,35ace65,ckpt_sac_full_00049992,0,0,0,timeout,200,368.7295007368261,,,-1,1,30.0,0.45,20.0,1.0,25,1,200,0.002,100,10.0,1.0,0,173,0,0.865,0.3099519822229771,-0.4877222310776533,-2.514210725910443,0.02596335137942,0.0371368203949974,0.0626983997393282,0.810560438599687,1.0850490786886438,0.3538482840981379,0.6712161615313245,0.9495991902646416,1.0581046160879055,1.2443059369627814,-5.137385777289583
27,30027,30027,30027,35ace65,ckpt_sac_full_00049992,0,0,0,timeout,200,339.2531192723962,,,-1,1,30.0,0.45,20.0,1.0,25,1,200,0.002,100,10.0,1.0,9,177,0,0.885,0.3179057698274225,-0.4687372248443553,-1.2580008096186106,0.0225441573647031,0.0399360534827981,0.1103525752410844,1.704973992159971,0.73908654198353,0.362922086115902,0.5413496402006757,1.087156039106281,1.028445196410401,1.0552805886165486,-13.29778345021312
28,30028,30028,30028,35ace65,ckpt_sac_full_00049992,0,0,0,timeout,200,160.3929622454838,,,-1,1,30.0,0.45,20.0,1.0,25,1,200,0.002,100,10.0,1.0,0,184,0,0.92,0.3426449467872615,-0.2220836988418357,-2.97473890628817,0.0215234778908175,0.030178781283483,0.0750897948564174,0.8876509012852816,1.056742942418855,0.3784065976154669,0.2156702382895745,1.10722208198118,1.0113259176979716,1.0716627070892235,-16.181632081263484
29,30029,30029,30029,35ace65,ckpt_sac_full_00049992,0,0,0,timeout,200,237.35671180559967,,,-1,1,30.0,0.45,20.0,1.0,25,1,200,0.002,100,10.0,1.0,0,183,0,0.915,0.345052860144334,-0.3429878582199052,2.7394703513963785,0.0261834832835369,0.0304457332739758,0.0411316454293526,1.8401877693420212,0.9070404429328144,0.3063064595318857,0.4677323249015436,1.0202403978399697,0.9937726842868144,1.152719690167589,2.9862505245864046
30,30030,30030,30030,35ace65,ckpt_sac_full_00049992,0,0,0,timeout,200,375.57026469356526,,,-1,1,30.0,0.45,20.0,1.0,25,1,200,0.002,100,10.0,1.0,0,182,0,0.91,0.3142413355561348,-0.6186152747012474,-0.2274537245671006,0.0250388431701515,0.0327240049510844,0.0361150872475328,1.961110600504106,1.2236441705727068,0.3727661625219509,0.5268969538338265,1.037502831615969,1.0534039812115414,1.0506805074711882,-9.543908043317924
31,30031,30031,30031,35ace65,ckpt_sac_full_00049992,0,0,0,timeout,200,279.1568767211711,,,-1,0,30.0,0.45,20.0,1.0,25,1,200,0.002,100,10.0,1.0,0,168,0,0.84,0.3886783204097237,-0.5199534457895454,-3.088032693846051,0.0237960573367028,0.0401079783081198,0.063725779631168,1.2494503628369478,1.068245557126516,0.3401053502091004,0.2572649547743385,1.0159628643937209,1.0314678178826142,1.0661862412907503,-4.93395940294587
32,30032,30032,30032,35ace65,ckpt_sac_full_00049992,0,0,0,timeout,200,339.2898949121494,,,-1,1,30.0,0.45,20.0,1.0,25,1,200,0.002,100,10.0,1.0,0,191,0,0.955,0.3109194219146833,-0.5098951110348116,1.3983970367872978,0.0225298778341119,0.0301558776354686,0.0537922948068066,0.9664196274935456,0.9440838954639138,0.3627523206545806,0.5354805235277551,1.1056325750385343,0.9736466761028192,0.9985571638151476,-11.999641240292435
33,30033,30033,30033,35ace65,ckpt_sac_full_00049992,0,0,0,timeout,200,338.31493123568987,,,-1,1,30.0,0.45,20.0,1.0,25,1,200,0.002,100,10.0,1.0,0,190,0,0.95,0.3367538766776546,-0.6068438957370691,-1.9723717017792413,0.0273162378578464,0.0317143675859652,0.0415760789050227,1.2214955310589148,0.907768281964596,0.3876745904265989,0.355868015242233,0.963034786964184,0.9853494233558404,1.1233499399727171,-14.94150170835292
34,30034,30034,30034,35ace65,ckpt_sac_full_00049992,0,0,0,timeout,200,200.39480185704824,,,-1,0,30.0,0.45,20.0,1.0,25,1,200,0.002,100,10.0,1.0,0,188,0,0.94,0.3432419475949553,-0.3806597009960882,-2.3430685617740865,0.0251057150585558,0.0386414970837948,0.0993909338376293,1.200936345496191,1.106795766102317,0.3694454394946712,0.1857510551679475,1.0402444122764785,0.941004844135094,0.9743613625572746,-19.52775925755117
35,30035,30035,30035,35ace65,ckpt_sac_full_00049992,0,0,0,timeout,200,193.32454951323527,,,-1,1,30.0,0.45,20.0,1.0,25,1,200,0.002,100,10.0,1.0,0,190,0,0.95,0.3346584945965303,-0.2820883656318678,-1.8235472949120333,0.0255536681807166,0.0356546761147995,0.07153530729768,1.5312907423048705,0.7661406230496715,0.310593959900789,0.3218768716732696,1.0480106535525182,0.9319514005328734,0.9587237762900064,-11.026051180530306
36,30036,30036,30036,35ace65,ckpt_sac_full_00049992,0,0,0,timeout,200,425.69957272152135,,,-1,1,30.0,0.45,20.0,1.0,25,1,200,0.002,100,10.0,1.0,0,184,0,0.92,0.339697035922645,-0.5849942395647458,2.6540641562113185,0.0250614873714977,0.0344276867013048,0.0497597914327771,0.8725341274818453,0.7896571794940836,0.3887415609798907,0.6553859159862312,1.0245269789438916,0.959780072204811,1.2699163995058498,-13.915426621629177
37,30037,30037,30037,35ace65,ckpt_sac_full_00049992,0,0,0,timeout,200,319.6969031459313,,,-1,1,30.0,0.45,20.0,1.0,25,1,200,0.002,100,10.0,1.0,0,188,0,0.94,0.3332324440190383,-0.4413473301835992,-1.8279151557001725,0.0210322996628688,0.0303418876964065,0.1102754626294763,1.1860915342176068,0.9912613478721426,0.3882335859022621,0.4649480281143753,1.0617511111681457,1.0053100422532864,1.306996522795235,-15.019680563149892
38,30038,30038,30038,35ace65,ckpt_sac_full_00049992,0,0,0,timeout,200,180.9670119670992,,,-1,1,30.0,0.45,20.0,1.0,25,1,200,0.002,100,10.0,1.0,115,194,0,0.97,0.3859710904115342,-0.2002704829793726,-0.6434354887304128,0.023054232746053,0.0342704144857917,0.0843377249998853,1.2450207109224798,1.1529922982809997,0.3689478825581856,0.3123815475370987,1.0090916268554029,1.0736506506718126,0.9154334229225788,-90.23976264175624
39,30039,30039,30039,35ace65,ckpt_sac_full_00049992,0,0,0,timeout,200,333.17567722808616,,,-1,1,30.0,0.45,20.0,1.0,25,1,200,0.002,100,10.0,1.0,0,169,0,0.845,0.3741605329736079,-0.4893386541240778,1.843685633862877,0.0229740845097524,0.031099714331381,0.0823664660135931,1.660440573471595,1.2670189605170683,0.3163318776472685,0.5047497547957464,0.9855224128362828,1.075322061078603,0.9928325271943252,-4.354664100151187
40,30040,30040,30040,35ace65,ckpt_sac_full_00049992,0,0,0,timeout,200,267.9915391480159,,,-1,1,30.0,0.45,20.0,1.0,25,1,200,0.002,100,10.0,1.0,0,184,0,0.92,0.3422951649967247,-0.2181711461964002,-2.7196226329788504,0.0221318613626983,0.0379386332427307,0.1077829365785682,1.9155416432485752,1.2433706666595616,0.3679431032032473,0.5523409987032271,1.0127866518898645,0.9722517397624514,0.9854544051175886,-16.845626189287724
41,30041,30041,30041,35ace65,ckpt_sac_full_00049992,0,0,0,timeout,200,288.2132347240026,,,-1,1,30.0,0.45,20.0,1.0,25,1,200,0.002,100,10.0,1.0,0,179,0,0.895,0.3484298572086885,-0.6787643698342627,-3.0679735294931803,0.0205396126745367,0.0298727625696509,0.045752870270724,1.1694747251340911,1.0576521326493225,0.3143520382776009,0.2144566884504506,0.9030813147715864,1.027125032489245,1.299098503192574,-13.54270834136931
42,30042,30042,30042,35ace65,ckpt_sac_full_00049992,0,0,0,timeout,200,192.51047454398864,,,-1,1,30.0,0.45,20.0,1.0,25,1,200,0.002,100,10.0,1.0,0,195,0,0.975,0.3396818281476695,-0.3214759834339604,-2.4672467293715337,0.0257551739853634,0.0303794346721914,0.0682108723366313,1.5517809974391756,0.7478256601001967,0.311520033539127,0.2725849649715022,1.0017126878296592,1.0077107993977763,1.0072164474693184,-12.41410671987679
43,30043,30043,30043,35ace65,ckpt_sac_full_00049992,0,0,0,timeout,200,321.44255522923083,,,-1,1,30.0,0.45,20.0,1.0,25,1,200,0.002,100,10.0,1.0,0,177,0,0.885,0.3175710771832893,-0.5360691538204865,1.801667047545143,0.0224863364741433,0.0352599221823619,0.0677369035936209,1.6743380742403162,1.1288271802945582,0.3390176039383866,0.4851664883279781,1.0202494131054938,0.9555517415956302,0.8677343696081287,-10.171704598675753
44,30044,30044,30044,35ace65,ckpt_sac_full_00049992,0,0,0,timeout,200,208.74895313831664,,,-1,1,30.0,0.45,20.0,1.0,25,1,200,0.002,100,10.0,1.0,0,191,0,0.955,0.3803456145166213,-0.2800273491953831,1.19996551760054,0.0244386021122131,0.0315574877832608,0.0320421601767146,1.3296805523888446,0.8249253427648057,0.3403515766866716,0.2974369098402631,1.0211399230559657,1.0208336347883131,1.1781046723758095,-10.914261496089154
45,30045,30045,30045,35ace65,ckpt_sac_full_00049992,0,0,0,timeout,200,412.2696495085943,,,-1,1,30.0,0.45,20.0,1.0,25,1,200,0.002,100,10.0,1.0,0,169,0,0.845,0.3146582395531621,-0.647639721661075,1.9995167559770133,0.0272982848137294,0.0307862047842461,0.0555505595881536,0.9634514839493432,0.6041370690005367,0.3435958354401293,0.7185457416757511,1.0202875713634103,1.0164527657022,0.9514229234593308,-2.295603855948804
46,30046,30046,30046,35ace65,ckpt_sac_full_00049992,0,0,0,timeout,200,295.9950943298688,,,-1,0,30.0,0.45,20.0,1.0,25,1,200,0.002,100,10.0,1.0,0,191,0,0.955,0.3288653977441413,-0.5786239025006599,-2.207188981144985,0.0208634086702345,0.0381812784887718,0.0853376123999717,1.9673479768194588,1.1552866869979816,0.3101904092688455,0.3813259582222941,1.0836969797354798,1.104035850593639,1.184956657250113,-22.03478600752575
47,30047,30047,30047,35ace65,ckpt_sac_full_00049992,0,0,0,timeout,200,310.88410691285776,,,-1,1,30.0,0.45,20.0,1.0,25,1,200,0.002,100,10.0,1.0,0,183,0,0.915,0.3671711886467123,-0.6683674114589249,2.205545039841853,0.0274359807115147,0.0299768072887703,0.071001974045672,0.9393358098777334,0.6077341308173487,0.3338359817162212,0.2460580475705121,0.9752461298890486,1.0063213178850288,1.089185790441467,-19.711611366012665
48,30048,30048,30048,35ace65,ckpt_sac_full_00049992,0,0,0,timeout,200,330.0252031525376,,,-1,1,30.0,0.45,20.0,1.0,25,1,200,0.002,100,10.0,1.0,0,167,0,0.835,0.3789777878046751,-0.4144737553499025,-2.844637765895247,0.0221744582521411,0.0309659400888892,0.0709053724685972,1.8433842718961555,1.0520382748277337,0.3295855078805773,0.5111358819706284,0.998985658189504,1.0448012537588265,1.0101180526826523,-4.510842418742183
49,30049,30049,30049,35ace65,ckpt_sac_full_00049992,0,0,0,timeout,200,393.8442417654371,,,-1,1,30.0,0.45,20.0,1.0,25,1,200,0.002,100,10.0,1.0,0,170,0,0.85,0.3762344113003583,-0.5963390149075111,1.2343465579023487,0.0230486772861188,0.0383694437530157,0.0897678142958662,1.1985391739680498,1.2594026798219873,0.3360966734110522,0.5700985527238807,1.0365002476077518,1.0429235320953898,1.0269488509835942,-7.24971333200391
50,30050,30050,30050,35ace65,ckpt_sac_full_00049992,0,0,0,timeout,200,192.05427572900533,,,-1,1,30.0,0.45,20.0,1.0,25,1,200,0.002,100,10.0,1.0,0,190,0,0.95,0.3705338408084749,-0.3224499050965314,0.9408272122445336,0.0270843662362051,0.0391777016643771,0.0612387049467758,1.4049663215213597,0.655929892968088,0.3675305366973015,0.2041319455114147,1.0263857561270953,1.0168252011367702,0.8953586391034168,-13.685740774736065
51,30051,30051,30051,35ace65,ckpt_sac_full_00049992,0,0,0,timeout,200,206.1577567991515,,,-1,1,30.0,0.45,20.0,1.0,25,1,200,0.002,100,10.0,1.0,0,188,0,0.94,0.3651051061984031,-0.3502794622818338,-1.3153410294230532,0.0207686414409415,0.0370724582860155,0.0573321385446127,1.2893346347518844,0.6486074764223512,0.3123558513711633,0.2484190097779362,1.0528142635396924,1.0070197991896963,1.054276121564828,-14.153202220801864
52,30052,30052,30052,35ace65,ckpt_sac_full_00049992,0,0,0,timeout,200,230.0236236915065,,,-1,1,30.0,0.45,20.0,1.0,25,1,200,0.002,100,10.0,1.0,0,187,0,0.935,0.3004305017742715,-0.2546786520124789,-1.453423047094418,0.023384734096953,0.0348915814110938,0.0472737372249175,1.247633995168942,1.0165692646485187,0.3199511158334002,0.502575371660138,0.9787635841548792,0.977720550486706,0.9854405494261682,-21.943327988401016
53,30053,30053,30053,35ace65,ckpt_sac_full_00049992,0,0,0,timeout,200,272.0083466217303,,,-1,1,30.0,0.45,20.0,1.0,25,1,200,0.002,100,10.0,1.0,0,186,0,0.93,0.3343061955787656,-0.3811641672125126,2.984872413392,0.0273859821347868,0.0315986959491585,0.0689892733665701,1.887048780919416,0.7834016580627762,0.317120658776588,0.4789922390374747,0.962622857022363,1.0369652608860245,1.0969659797421292,-16.176179644652404
54,30054,30054,30054,35ace65,ckpt_sac_full_00049992,0,0,0,timeout,200,164.62061270956855,,,-1,1,30.0,0.45,20.0,1.0,25,1,200,0.002,100,10.0,1.0,0,194,0,0.97,0.3739840525171375,-0.2242646131716774,-0.8385738444108459,0.0219243194500693,0.0301472610784811,0.0938747913797048,1.2267401020633986,1.0456031336141582,0.3158615456224106,0.2272777966939762,0.9440733508849448,1.0803779806266844,1.1034755504962153,-13.424567697004129
55,30055,30055,30055,35ace65,ckpt_sac_full_00049992,0,0,0,timeout,200,167.85138158892488,,,-1,1,30.0,0.45,20.0,1.0,25,1,200,0.002,100,10.0,1.0,0,193,0,0.965,0.3157215729612648,-0.2715231279920489,0.5030485707090442,0.0269311867170655,0.0315398587230264,0.1199158519199258,1.8797041784381745,0.8827269851360628,0.3547332785378815,0.2213478216670561,0.957611650519848,1.0466384394543602,1.0075913722016463,-16.39944098280071
56,30056,30056,30056,35ace65,ckpt_sac_full_00049992,0,0,0,timeout,200,194.47694606510063,,,-1,1,30.0,0.45,20.0,1.0,25,1,200,0.002,100,10.0,1.0,0,193,0,0.965,0.3880151974277561,-0.2730715988522358,2.0198565052519117,0.0216649827855388,0.0355522579097597,0.0667463253569335,1.804030036235568,0.6025765185284581,0.3847148729810136,0.2355431949102607,0.9934705830002256,1.025301980341357,0.9224084593573882,-14.432866668724436
57,30057,30057,30057,35ace65,ckpt_sac_full_00049992,0,0,0,timeout,200,291.8116413041749,,,-1,1,30.0,0.45,20.0,1.0,25,1,200,0.002,100,10.0,1.0,0,188,0,0.94,0.3444639486869508,-0.7156530675314567,2.8407939450810566,0.0221828766683709,0.0322099984267668,0.0364615567120412,1.0626867224791057,0.9713143584951494,0.30011784965015,0.2145256439759555,1.0948742728676626,0.958526836561182,1.0608179247239438,-5.179738924059959
58,30058,30058,30058,35ace65,ckpt_sac_full_00049992,0,0,0,timeout,200,316.95851621985014,,,-1,1,30.0,0.45,20.0,1.0,25,1,200,0.002,100,10.0,1.0,0,188,0,0.94,0.3060436514849241,-0.4990888368213531,-3.0811834251215604,0.0212225975450324,0.0339909966950556,0.0986262692322543,1.0072060403312784,1.1931537887759835,0.3827151592445281,0.4329327164676134,0.9708671751696262,1.0794316613133197,1.1135634632961322,-25.652481732365928
59,30059,30059,30059,35ace65,ckpt_sac_full_00049992,0,0,0,timeout,200,326.28763196548533,,,-1,0,30.0,0.45,20.0,1.0,25,1,200,0.002,100,10.0,1.0,0,154,0,0.77,0.3882430306079949,-0.7087001733641182,0.4129246171140956,0.0253038987587783,0.036626858450821,0.0634809278293983,1.751195407868131,1.3125325956793503,0.3021307999881163,0.2443726685265257,0.9479362644592012,1.0513102006139028,1.150683910499107,-9.75374187275779
60,30060,30060,30060,35ace65,ckpt_sac_full_00049992,0,0,0,timeout,200,233.54494998086432,,,-1,1,30.0,0.45,20.0,1.0,25,1,200,0.002,100,10.0,1.0,0,187,0,0.935,0.3160940904894474,-0.3404040116204461,2.029451583755259,0.0220904279271391,0.0371130062338885,0.0895284076651551,1.1413996026601998,0.9088106429384574,0.3874044917850843,0.3063442947196173,1.064234195605125,0.8856830497439733,1.038573276473049,-15.15556757190242
61,30061,30061,30061,35ace65,ckpt_sac_full_00049992,0,0,0,timeout,200,381.2279122180375,,,-1,1,30.0,0.45,20.0,1.0,25,1,200,0.002,100,10.0,1.0,0,161,0,0.805,0.370308561174123,-0.5761909892434927,-1.321072122705681,0.0213195924946839,0.0319006625259697,0.1112935301360088,1.4166376593401684,0.6734678442009674,0.358832736495273,0.5237154018632603,0.939912874822854,0.9487552420373196,0.8540119696543786,-11.533216154908231
62,30062,30062,30062,35ace65,ckpt_sac_full_00049992,0,0,0,timeout,200,437.8744023299045,,,-1,0,30.0,0.45,20.0,1.0,25,1,200,0.002,100,10.0,1.0,0,193,0,0.965,0.3694547468725968,-0.7295487859118931,2.798788936798984,0.0241739031462345,0.0353703039526118,0.0834134318986517,1.658171507044168,1.3865298890441506,0.3824862748414261,0.5095698212859853,1.1016744684951785,1.028005873351766,0.959783122417264,-21.956135187628707
63,30063,30063,30063,35ace65,ckpt_sac_full_00049992,0,0,0,timeout,200,273.23422956964004,,,-1,1,30.0,0.45,20.0,1.0,25,1,200,0.002,100,10.0,1.0,0,188,0,0.94,0.304105214382145,-0.443092945175392,-0.1747910576596862,0.0233386907466808,0.0312003292896506,0.0816874325624669,0.8838810870316334,0.634317028381619,0.3846022701944306,0.3403324501332226,0.9638286451379912,1.0057064035223058,1.2650720781999638,-13.276335997405544
64,30064,30064,30064,35ace65,ckpt_sac_full_00049992,0,0,0,timeout,200,211.41571074296803,,,-1,1,30.0,0.45,20.0,1.0,25,1,200,0.002,100,10.0,1.0,0,194,0,0.97,0.3855090984052137,-0.3508394101742297,-0.5985196901840344,0.0204302207991343,0.038710518600933,0.0692728154203791,1.3079299306669478,0.8023238294826597,0.3421239117854626,0.2270138295108449,1.016740843771022,1.046019940955975,1.2519189495074006,-12.860337980510346
65,30065,30065,30065,35ace65,ckpt_sac_full_00049992,0,0,0,timeout,200,392.6983653775935,,,-1,1,30.0,0.45,20.0,1.0,25,1,200,0.002,100,10.0,1.0,0,137,0,0.685,0.3759230134040188,-0.5746477745351736,2.531219356489574,0.0232988834194374,0.0353865356065031,0.0982159900783557,1.093757228010049,0.7594105491329595,0.36282776245743,0.5456952631705728,1.078210553403398,1.059701169985407,1.0882717923705258,-7.376267577824513
66,30066,30066,30066,35ace65,ckpt_sac_full_00049992,0,0,0,timeout,200,261.4904603361753,,,-1,0,30.0,0.45,20.0,1.0,25,1,200,0.002,100,10.0,1.0,0,191,0,0.955,0.3354112713953334,-0.4652335249119249,-2.324506245446418,0.0264231748211027,0.0371821899899422,0.1023238505619945,1.7651352474600277,0.915421763984461,0.3822197647671696,0.2686580124643097,1.0257928390622624,0.98066648236544,0.9145575644106814,-16.70502821622704
67,30067,30067,30067,35ace65,ckpt_sac_full_00049992,0,0,0,timeout,200,414.51817280260695,,,-1,1,30.0,0.45,20.0,1.0,25,1,200,0.002,100,10.0,1.0,0,173,0,0.865,0.3230703291157611,-0.5512957156946592,2.693202759970095,0.0216462634137368,0.0323787208167295,0.0751983397688092,1.842338942576752,0.9917862320234904,0.3867420445124933,0.6845848428530189,0.9596901738419248,1.074801257736257,1.1299716103165351,-11.215332677414862
68,30068,30068,30068,35ace65,ckpt_sac_full_00049992,0,0,0,timeout,200,314.30009235942475,,,-1,1,30.0,0.45,20.0,1.0,25,1,200,0.002,100,10.0,1.0,0,178,0,0.89,0.3224835722168238,-0.6611157397266811,-2.466024221444043,0.0263480801558561,0.0375427255527559,0.0658010099140715,0.8713259163249368,1.3790057440595165,0.383272798601679,0.2469936832703935,1.0047710989110223,1.0366803133596365,1.2268541301379885,-11.549430124842628
69,30069,30069,30069,35ace65,ckpt_sac_full_00049992,0,0,0,timeout,200,272.4503777095476,,,-1,1,30.0,0.45,20.0,1.0,25,1,200,0.002,100,10.0,1.0,0,194,0,0.97,0.3436896080766332,-0.2893199339412834,-2.496866388567234,0.0247899991966108,0.0298622607542137,0.1144062534616489,1.2100331162107485,1.1068656942657666,0.3416847313769824,0.5283136499159393,1.048863881430376,0.997926476499951,0.9655203125092016,-19.70846477608555
70,30070,30070,30070,35ace65,ckpt_sac_full_00049992,0,0,0,timeout,200,273.8188646369991,,,-1,1,30.0,0.45,20.0,1.0,25,1,200,0.002,100,10.0,1.0,0,190,0,0.95,0.302509987145286,-0.5469193412532138,1.606877843987114,0.0231768808662622,0.0315386347906787,0.1060723255050633,1.3480537390946872,0.7346806574129966,0.3487510563105874,0.309881187695579,1.006836419088935,0.8920428094728566,1.0468666092462144,-9.468219558330333
71,30071,30071,30071,35ace65,ckpt_sac_full_00049992,0,0,0,timeout,200,334.6912964877723,,,-1,1,30.0,0.45,20.0,1.0,25,1,200,0.002,100,10.0,1.0,0,173,0,0.865,0.3613529565300569,-0.6184891840269713,-2.181157236024942,0.0257382752220753,0.0329923352883265,0.0308595098278706,1.110786697987307,0.9024558372746828,0.3260421492230088,0.3938135154910322,1.0579321588365216,0.9958784067935634,0.9486630910481532,-11.502665842036215
72,30072,30072,30072,35ace65,ckpt_sac_full_00049992,0,0,0,timeout,200,404.4347654571864,,,-1,1,30.0,0.45,20.0,1.0,25,1,200,0.002,100,10.0,1.0,0,185,0,0.925,0.3375610319253311,-0.6039709869832683,-2.832434568360118,0.0224976841498136,0.0373782727347274,0.0377196657890038,1.2581537832319376,0.9328401368882436,0.3861951565987714,0.577381590351568,1.052250187735368,1.0446855212771051,1.0479902225321331,-36.07826900434542
73,30073,30073,30073,35ace65,ckpt_sac_full_00049992,0,0,0,timeout,200,353.56882521116773,,,-1,0,30.0,0.45,20.0,1.0,25,1,200,0.002,100,10.0,1.0,0,169,0,0.845,0.3506510958702039,-0.6495711897256516,-1.1892990822489895,0.0229342400540625,0.0380399164572465,0.1019195749674882,1.805723912251636,0.6052399827669893,0.3523405208287998,0.4015306440150628,1.0824184056083923,0.9447734852389144,1.06542354990706,-21.06160122188597
74,30074,30074,30074,35ace65,ckpt_sac_full_00049992,0,0,0,timeout,200,258.4423648331675,,,-1,1,30.0,0.45,20.0,1.0,25,1,200,0.002,100,10.0,1.0,0,168,0,0.84,0.3141796175255941,-0.2355658921735556,-0.4740530970368084,0.0222454255206754,0.0332378911184185,0.1005838487757241,1.6824896891143872,0.7940411983554952,0.3866414465607422,0.4920847535804121,1.065166190651663,1.009434801705394,0.993476202521962,-8.822514455727788
75,30075,30075,30075,35ace65,ckpt_sac_full_00049992,0,0,0,timeout,200,303.0606097599292,,,-1,1,30.0,0.45,20.0,1.0,25,1,200,0.002,100,10.0,1.0,0,173,0,0.865,0.3187117896569345,-0.3088973919123219,-0.1937148091537879,0.0210832174206264,0.0336661830760834,0.0416939166354248,1.0617323458384225,0.8101138799270368,0.3408659649713985,0.6437181927412484,1.0275948197878442,0.9097397628008675,1.04940962103542,-13.999077964776507
76,30076,30076,30076,35ace65,ckpt_sac_full_00049992,0,0,0,timeout,200,356.77248617561725,,,-1,0,30.0,0.45,20.0,1.0,25,1,200,0.002,100,10.0,1.0,0,147,0,0.735,0.3803591904632583,-0.5095671081977153,0.3458025458017473,0.0208012393897025,0.0372369995913181,0.0807993910158011,1.433781186359494,0.7102692224140976,0.3465097813075554,0.5134666491759127,0.9940851119645684,1.00588965120264,1.280235409731444,-13.338405179974703
77,30077,30077,30077,35ace65,ckpt_sac_full_00049992,0,0,0,timeout,200,220.2530795768067,,,-1,1,30.0,0.45,20.0,1.0,25,1,200,0.002,100,10.0,1.0,0,186,0,0.93,0.3247382743187956,-0.2103214822059221,-1.6918287325992656,0.024189587281496,0.0361523961741344,0.0990670494351064,1.3694128804112622,0.7891950713605191,0.3400590784905495,0.5750148217106208,1.0335419113018147,1.122441799475454,0.965623376612914,-6.869528713069195
78,30078,30078,30078,35ace65,ckpt_sac_full_00049992,0,0,0,timeout,200,348.41348658689043,,,-1,1,30.0,0.45,20.0,1.0,25,1,200,0.002,100,10.0,1.0,0,193,0,0.965,0.3236632243426878,-0.485356268440014,-0.8656022066757467,0.0274655403695734,0.0333787226261,0.0902115674845173,1.9732196404423727,1.3892732614363383,0.3430815044691091,0.6128702647701794,1.0514744287660949,1.0506868226971169,1.0870375605111202,-9.271869391630114
79,30079,30079,30079,35ace65,ckpt_sac_full_00049992,0,0,0,timeout,200,379.465020736778,,,-1,1,30.0,0.45,20.0,1.0,25,1,200,0.002,100,10.0,1.0,0,187,0,0.935,0.3203359088269761,-0.5697104037384292,-0.234536943307531,0.0245492505001595,0.0299543298150218,0.0685095237667297,1.8987946876964508,1.162547705862658,0.357082726484423,0.6149935027309572,1.0269888138829757,1.0682005864794202,1.215020541853553,-10.276245679768094
80,30080,30080,30080,35ace65,ckpt_sac_full_00049992,0,0,0,timeout,200,355.0662979655644,,,-1,1,30.0,0.45,20.0,1.0,25,1,200,0.002,100,10.0,1.0,0,179,0,0.895,0.3201651950540043,-0.6719309872489202,-1.5867150636490266,0.027058210014448,0.0317185062252431,0.0363406172108589,1.1828699745426192,1.141035793976094,0.3331420949572352,0.4765596212533574,1.0743839128753645,1.0807959117824537,0.8652956279387156,-5.099836558193144
81,30081,30081,30081,35ace65,ckpt_sac_full_00049992,0,0,0,timeout,200,270.8686838620944,,,-1,1,30.0,0.45,20.0,1.0,25,1,200,0.002,100,10.0,1.0,0,191,0,0.955,0.3036849355156479,-0.3482996660548582,2.2325872377655323,0.0233352392661762,0.0377473977455278,0.0393245500036703,1.9309104528092,0.7765950614798824,0.3362449145461522,0.5213572389337844,1.0635727304833738,1.0062506655771235,1.045301362387867,-30.825747629766838
82,30082,30082,30082,35ace65,ckpt_sac_full_00049992,0,0,0,timeout,200,174.39726405894254,,,-1,1,30.0,0.45,20.0,1.0,25,1,200,0.002,100,10.0,1.0,0,178,0,0.89,0.3819299054364662,-0.1879923946657955,0.7543780449289175,0.0265049541173832,0.0313021090622778,0.0500194057732783,1.7452963521534577,1.2111043663010932,0.3704906635157596,0.2790892750616165,1.038721630113034,1.055864590214139,1.2278410638007855,-15.13418317578722
83,30083,30083,30083,35ace65,ckpt_sac_full_00049992,0,0,0,timeout,200,319.609679735059,,,-1,1,30.0,0.45,20.0,1.0,25,1,200,0.002,100,10.0,1.0,0,185,0,0.925,0.3002267692282558,-0.484348096217484,0.083779696351022,0.023553991517423,0.0320463444704384,0.0345034770049733,1.9777356839495492,0.6781045351236316,0.3499819067179953,0.5329853153636654,1.0061317255597777,0.9922862202655124,1.1101649485076412,-24.63873723842892
84,30084,30084,30084,35ace65,ckpt_sac_full_00049992,0,0,0,timeout,200,283.85082199671376,,,-1,1,30.0,0.45,20.0,1.0,25,1,200,0.002,100,10.0,1.0,0,180,0,0.9,0.3406242738621457,-0.4269941937841967,-0.5240392221105306,0.0243559279022478,0.0305992333016606,0.0687708783988087,1.34202929454605,0.7494389943702351,0.3544113869718072,0.4134277289340253,1.0199225878126992,0.9647234175321392,0.957782879502107,-9.388152038080756
85,30085,30085,30085,35ace65,ckpt_sac_full_00049992,0,0,0,timeout,200,333.5133245856151,,,-1,0,30.0,0.45,20.0,1.0,25,1,200,0.002,100,10.0,1.0,0,165,0,0.825,0.3399502847830211,-0.5054200657551293,0.3925919991317506,0.0239786624456189,0.0395072167155221,0.0996293270717513,1.268847478717537,1.2589603589971672,0.3138607940082082,0.5632285173473512,1.0405572612382874,1.0169162125641595,1.0252481730925025,-13.658592719049146
86,30086,30086,30086,35ace65,ckpt_sac_full_00049992,0,0,0,timeout,200,259.7428613708767,,,-1,1,30.0,0.45,20.0,1.0,25,1,200,0.002,100,10.0,1.0,0,192,0,0.96,0.3761014712136363,-0.3160075578206305,-1.970201691715107,0.0250823845201809,0.0306201191396525,0.0435784071853909,1.9444955051432868,0.8746419995432061,0.3530682043200855,0.4097971224106758,0.9970365438992438,1.0638876493450289,1.072956597457726,-15.060726121021068
87,30087,30087,30087,35ace65,ckpt_sac_full_00049992,0,0,0,timeout,200,151.1382789768754,,,-1,1,30.0,0.45,20.0,1.0,25,1,200,0.002,100,10.0,1.0,0,188,0,0.94,0.3129649034063176,-0.1967607847597624,2.151390418151677,0.0247285419389946,0.0383077972746701,0.0445218948923424,1.9421570591615296,1.3636009342343602,0.3362765994791512,0.2673342706460438,1.0726088078896738,1.0714032371118711,1.0217291269225988,-14.65416159665208
88,30088,30088,30088,35ace65,ckpt_sac_full_00049992,0,0,0,timeout,200,232.84483284193675,,,-1,0,30.0,0.45,20.0,1.0,25,1,200,0.002,100,10.0,1.0,0,182,0,0.91,0.3086614589433256,-0.4951264707657331,-0.1879088032413545,0.0218149988785706,0.0391055603781122,0.0380581612681191,1.1860201517944116,1.202606000895346,0.3503581475051791,0.2142141368495822,1.0380631251954973,0.978009684118812,1.0344219548547713,-8.524559037533397
89,30089,30089,30089,35ace65,ckpt_sac_full_00049992,0,0,0,timeout,200,262.026147442895,,,-1,1,30.0,0.45,20.0,1.0,25,1,200,0.002,100,10.0,1.0,0,180,0,0.9,0.3134428107133593,-0.2877505460472277,1.051956193457657,0.022986844053363,0.0305836078827894,0.0444320363579469,1.9747578918749165,1.0253643284655063,0.3753271671010079,0.4675596717259252,1.0353608439874442,1.0397936336118154,0.7808249834464098,-10.02162397081642
90,30090,30090,30090,35ace65,ckpt_sac_full_00049992,0,0,0,timeout,200,281.98553719422983,,,-1,1,30.0,0.45,20.0,1.0,25,1,200,0.002,100,10.0,1.0,0,191,0,0.955,0.3063111584257946,-0.2316105790111766,-0.0555606256603375,0.0206682432745857,0.0352109280732168,0.0758842086827672,1.604047063921437,0.9985266273729252,0.3343749431726792,0.6760079244657491,1.0771750586046385,1.0507985862631597,0.9997845892296336,-29.003469679102988
91,30091,30091,30091,35ace65,ckpt_sac_full_00049992,0,0,0,timeout,200,415.06621923025307,,,-1,1,30.0,0.45,20.0,1.0,25,1,200,0.002,100,10.0,1.0,0,151,0,0.755,0.3423714973737232,-0.5589356077408763,1.1697531410690667,0.023845492268671,0.0323062137156977,0.0385508262354226,1.2715678796240055,1.1388277149082882,0.3855841232642578,0.6494068379142076,0.9375083035343906,1.0773722764189702,1.1906205947967776,-15.627795209448864
92,30092,30092,30092,35ace65,ckpt_sac_full_00049992,0,0,0,timeout,200,319.9454224287358,,,-1,1,30.0,0.45,20.0,1.0,25,1,200,0.002,100,10.0,1.0,0,182,0,0.91,0.3661167403252442,-0.36171142385528,1.902764659677073,0.0228991757372033,0.0391877800396763,0.0341536856338517,1.1139562060880288,0.8006600277277355,0.3339065655131442,0.5832410895403762,1.0113901981852116,1.0490401392749271,1.247114769583428,-6.861529811607659
93,30093,30093,30093,35ace65,ckpt_sac_full_00049992,0,0,0,timeout,200,169.93058150753586,,,-1,1,30.0,0.45,20.0,1.0,25,1,200,0.002,100,10.0,1.0,0,193,0,0.965,0.3121725114935182,-0.3128893996899371,-1.8140552845162483,0.0211109149559643,0.032753246075359,0.0730285150266981,1.6155294292880955,0.6931527375431978,0.3388205935168925,0.2090102642027334,1.0590993409813867,1.0341081666048644,1.1283053421826998,-12.126889747446157
94,30094,30094,30094,35ace65,ckpt_sac_full_00049992,0,0,0,timeout,200,357.6244217474776,,,-1,1,30.0,0.45,20.0,1.0,25,1,200,0.002,100,10.0,1.0,0,175,0,0.875,0.3672342016140417,-0.4074821725390905,-1.7650030574283118,0.0270929058126504,0.0364967320978154,0.1143981924990009,1.3655188168931751,1.3920588378679295,0.3529495921228324,0.6312481693259197,0.9735456532986494,1.0593060584230152,1.0723359733011495,-19.102404417693812
95,30095,30095,30095,35ace65,ckpt_sac_full_00049992,0,0,0,timeout,200,324.35191528690893,,,-1,1,30.0,0.45,20.0,1.0,25,1,200,0.002,100,10.0,1.0,0,189,0,0.945,0.3225764472068722,-0.549624055013697,-2.9138527865469164,0.0235554933460201,0.0318397421812173,0.0577985374310745,0.8022128390444533,1.1801397487318996,0.3532376391272594,0.447835608093136,0.9525447245744224,1.019915278393601,1.101325665862025,-23.218787250362
96,30096,30096,30096,35ace65,ckpt_sac_full_00049992,0,0,0,timeout,200,428.3390982904198,,,-1,0,30.0,0.45,20.0,1.0,25,1,200,0.002,100,10.0,1.0,0,168,0,0.84,0.3750923887769804,-0.6513841986255585,-1.7267514059564637,0.027382689121546,0.0387093401796822,0.0832660416696575,1.959455419640076,1.019754995229995,0.3501015933908462,0.6133752079729518,1.057568150283838,1.0718625610534291,1.0759806829545533,-3.684940445474176
97,30097,30097,30097,35ace65,ckpt_sac_full_00049992,0,0,0,timeout,200,284.0841459869984,,,-1,1,30.0,0.45,20.0,1.0,25,1,200,0.002,100,10.0,1.0,0,190,0,0.95,0.3826137953651198,-0.2667328155550351,-3.111516262678057,0.0261257169929618,0.0384810581091483,0.1007528035415531,0.9857492100068004,1.208337374577461,0.3784321768530101,0.4981256393057431,1.03525224716715,1.0245636102401663,1.0324400663383737,-15.043557424515717
98,30098,30098,30098,35ace65,ckpt_sac_full_00049992,0,0,0,timeout,200,381.3063740938684,,,-1,1,30.0,0.45,20.0,1.0,25,1,200,0.002,100,10.0,1.0,0,167,0,0.835,0.3018496099516148,-0.6011870015070655,-0.570114549001008,0.0269905664781914,0.0351700998817978,0.1157158995563915,1.8653630439268676,0.8532167256405162,0.3500617114293245,0.6408226033451806,1.0095631776164742,0.9974626404116584,1.0564533074359008,-3.9593065094428574
99,30099,30099,30099,35ace65,ckpt_sac_full_00049992,0,0,0,timeout,200,267.77267997739665,,,-1,1,30.0,0.45,20.0,1.0,25,1,200,0.002,100,10.0,1.0,0,192,0,0.96,0.3077953656092116,-0.6199108960566456,-1.5100488377261088,0.0230953305371154,0.0369750923093642,0.1045238532779073,1.7004303721333995,1.0636979905887811,0.3115196179124964,0.2743341285184051,1.0602882472185589,1.063756911310757,1.1032645635817335,-8.592013708028682
100,30100,30100,30100,35ace65,ckpt_sac_full_00049992,0,0,0,timeout,200,350.94150525262563,,,-1,1,30.0,0.45,20.0,1.0,25,1,200,0.002,100,10.0,1.0,0,173,0,0.865,0.3085035955537484,-0.6087886053337792,-2.951525396588404,0.0264418792699507,0.039364090743822,0.0498391170051896,1.4004983190610294,0.8805156988725,0.3245889851398387,0.6185064169449168,0.9580544902558342,0.9683001077540608,1.139133973009945,-3.0302430322312275
101,30101,30101,30101,35ace65,ckpt_sac_full_00049992,0,0,0,timeout,200,349.42589470933774,,,-1,1,30.0,0.45,20.0,1.0,25,1,200,0.002,100,10.0,1.0,0,176,0,0.88,0.3260174501864474,-0.7010273107180787,2.7606491863007907,0.0275619235714355,0.030286126695296,0.04434174850101,1.874952845795276,0.8900384179740697,0.3037779641513722,0.4734390749306271,1.0262178702868818,1.0286665180090249,0.9516901149916642,-8.040303583585482
102,30102,30102,30102,35ace65,ckpt_sac_full_00049992,0,0,0,timeout,200,210.66857570493568,,,-1,1,30.0,0.45,20.0,1.0,25,1,200,0.002,100,10.0,1.0,0,193,0,0.965,0.3315478760919995,-0.3503680824620613,0.4778992164801141,0.0265902159669187,0.0375667992604555,0.0405428629036322,1.4980533730394874,0.8654719969986469,0.3820158958757395,0.2321376972440207,0.9654256147808244,1.075362307365812,0.8803974632683913,-13.20344530096307
103,30103,30103,30103,35ace65,ckpt_sac_full_00049992,0,0,0,timeout,200,270.6449945537097,,,-1,1,30.0,0.45,20.0,1.0,25,1,200,0.002,100,10.0,1.0,0,190,0,0.95,0.3593473132061335,-0.3550628524676725,0.992629124889417,0.0228713577224955,0.0308639944180228,0.069155984138856,1.3484124065019605,0.846754784376276,0.3498969789492833,0.4276103460323228,1.0555111860981057,1.0429863421748746,0.9626784228076742,-9.817541669205958
104,30104,30104,30104,35ace65,ckpt_sac_full_00049992,0,0,0,timeout,200,202.40763747046503,,,-1,1,30.0,0.45,20.0,1.0,25,1,200,0.002,100,10.0,1.0,0,186,0,0.93,0.3431869153258859,-0.3224237589877374,0.6895720953932978,0.0248557936413818,0.0334692215641056,0.0331511680069982,1.7127279472717616,1.2826322633927945,0.3136548100349113,0.2978538315834664,1.0480963818180176,1.0505976981814786,1.0263380041771082,-18.901796720306542
105,30105,30105,30105,35ace65,ckpt_sac_full_00049992,0,0,0,timeout,200,395.2074676703429,,,-1,1,30.0,0.45,20.0,1.0,25,1,200,0.002,100,10.0,1.0,0,160,0,0.8,0.3580703309667167,-0.5483570593156302,-3.044784299588632,0.0223937850060325,0.0343918027269393,0.0663572281202249,1.24465287262978,0.8430756129964178,0.3677132210008995,0.6029360622189798,0.9761335898624408,1.055806274470247,1.095160148452369,-11.932619745650271
106,30106,30106,30106,35ace65,ckpt_sac_full_00049992,0,0,0,timeout,200,287.8871059401831,,,-1,1,30.0,0.45,20.0,1.0,25,1,200,0.002,100,10.0,1.0,0,180,0,0.9,0.3076931357871778,-0.4201339089694699,2.5067280498067044,0.022107599208209,0.0346129081452992,0.0493125036143193,1.7337274660824646,1.281845533322474,0.3894995162450358,0.3999481282003023,0.963600553206436,0.9820374635411124,0.9263587881322476,-18.32642877034389
107,30107,30107,30107,35ace65,ckpt_sac_full_00049992,0,0,0,timeout,200,289.49657854604465,,,-1,1,30.0,0.45,20.0,1.0,25,1,200,0.002,100,10.0,1.0,0,183,0,0.915,0.3840300788336776,-0.3469091839604396,-0.763309676224345,0.0262148436186676,0.0311034008858168,0.0411489936326263,1.7972032473076598,0.8586123300587718,0.3227299879214283,0.4801309482880024,0.9633247842552122,0.9674500208240032,1.0714632071293395,-15.839075307437104
108,30108,30108,30108,35ace65,ckpt_sac_full_00049992,0,0,0,timeout,200,309.96968705809167,,,-1,1,30.0,0.45,20.0,1.0,25,1,200,0.002,100,10.0,1.0,0,182,0,0.91,0.3510127218672284,-0.6531274942787039,-0.695337552882302,0.0235782302059574,0.0317674635479726,0.0553390829631939,1.459174085184777,0.6877373653268192,0.3736625792274009,0.2288458694986616,1.0887487550453872,1.0349888491019277,0.7950126402937346,-21.136915545188955
109,30109,30109,30109,35ace65,ckpt_sac_full_00049992,0,1,0,unsafe,59,358.3359097161406,,,-1,1,30.0,0.45,20.0,1.0,25,1,200,0.002,100,10.0,1.0,0,30,0,0.5084745762711864,0.339645354812727,-0.4290005288991956,-2.3282309974958104,0.0241278230575069,0.0378519747388908,0.1140953035397895,1.6211229792887485,1.0488994505765978,0.3250230941310819,0.7201670113800186,1.0750295052741727,0.9758159008593468,1.0338912223829726,-21.028696436552732
110,30110,30110,30110,35ace65,ckpt_sac_full_00049992,0,0,0,timeout,200,354.5383754020385,,,-1,1,30.0,0.45,20.0,1.0,25,1,200,0.002,100,10.0,1.0,0,180,0,0.9,0.3123169186454925,-0.3079302009920747,1.4211538747523162,0.0205555928625134,0.0298361318484156,0.03230499672832,1.0723596759345098,1.0120490917515506,0.3664883486299212,0.6860455664082441,0.9926230394609512,0.9950114524603968,1.0738289922697477,-7.313914351881546
111,30111,30111,30111,35ace65,ckpt_sac_full_00049992,0,0,0,timeout,200,200.57457300619117,,,-1,1,30.0,0.45,20.0,1.0,25,1,200,0.002,100,10.0,1.0,0,192,0,0.96,0.3399341354658168,-0.3515820591998774,1.4575216128696438,0.027206165239643,0.0352393933604858,0.1039733728359171,1.415062015495214,1.258274715584474,0.388509860318369,0.1904269507446535,0.9717087198296572,1.121457265031767,1.1208627419124204,-10.830477787176322
112,30112,30112,30112,35ace65,ckpt_sac_full_00049992,0,0,0,timeout,200,356.77513426721714,,,-1,1,30.0,0.45,20.0,1.0,25,1,200,0.002,100,10.0,1.0,0,185,0,0.925,0.3519054154165572,-0.4313436960515174,-0.0146151005436316,0.0268381311631732,0.0314733099312625,0.0542702822377478,0.8007275771679617,0.9387127832118438,0.3707146503674436,0.6002338826618931,1.0753270101897254,0.963404505067304,0.9689845410700842,-18.471466852860274
113,30113,30113,30113,35ace65,ckpt_sac_full_00049992,0,0,0,timeout,200,303.2047505546126,,,-1,1,30.0,0.45,20.0,1.0,25,1,200,0.002,100,10.0,1.0,0,184,0,0.92,0.3165695444016548,-0.3996715643479681,1.6799441322677025,0.0266930005701163,0.0319834772668949,0.0495860038767272,1.0528859296954427,1.0479683485993827,0.3532255499617871,0.5338944592712687,0.9837824742127004,1.0584654852941928,1.1902416907663926,-22.7806954712782
114,30114,30114,30114,35ace65,ckpt_sac_full_00049992,0,0,0,timeout,200,364.992668680612,,,-1,1,30.0,0.45,20.0,1.0,25,1,200,0.002,100,10.0,1.0,0,159,0,0.795,0.3841185711782355,-0.5832763068363633,2.787694275133928,0.0214492063561759,0.0367273352798826,0.1184203310858659,0.8919705169983376,1.2901467075508115,0.3052271610201792,0.5112826939340763,0.9835254016478848,1.0384126256835406,0.799557601268098,-7.091808778399209
115,30115,30115,30115,35ace65,ckpt_sac_full_00049992,0,0,0,timeout,200,296.5615115416371,,,-1,1,30.0,0.45,20.0,1.0,25,1,200,0.002,100,10.0,1.0,0,186,0,0.93,0.3261036183795359,-0.3495339597193397,-0.8491695773676282,0.0241352148893947,0.0359186807909914,0.0898185058139304,1.881631982751045,0.8729372781470263,0.3537143851807491,0.5499910305516672,1.0347607952422404,1.0175643906524652,1.040112223043689,-27.792195103489952
116,30116,30116,30116,35ace65,ckpt_sac_full_00049992,0,0,0,timeout,200,393.0352379107193,,,-1,0,30.0,0.45,20.0,1.0,25,1,200,0.002,100,10.0,1.0,0,144,0,0.72,0.3523478111372692,-0.6884705048606241,-2.430149604189694,0.022047208094986,0.0305218965135712,0.0860790909797978,1.8279856241076,1.1493467122672754,0.3605484578044338,0.4811458473363798,0.9851036382115588,1.0295773072312735,1.2186200849841629,-4.760003982721414
117,30117,30117,30117,35ace65,ckpt_sac_full_00049992,0,0,0,timeout,200,250.03081509184452,,,-1,1,30.0,0.45,20.0,1.0,25,1,200,0.002,100,10.0,1.0,0,184,0,0.92,0.3412605555046241,-0.524904411547108,1.513666383506183,0.0271595969161069,0.0354566761361615,0.0518555262668838,1.61438887578506,0.8988931155894797,0.3177873233370035,0.2334093966841427,1.1325907093726548,0.936993510408613,0.9446540666513707,1.1911835373662896
118,30118,30118,30118,35ace65,ckpt_sac_full_00049992,0,0,0,timeout,200,283.1782188094397,,,-1,0,30.0,0.45,20.0,1.0,25,1,200,0.002,100,10.0,1.0,0,184,0,0.92,0.3493365025385525,-0.609534735046548,-1.808991462416787,0.0219593732693045,0.0335132928420875,0.0923654663142184,1.6278716360625027,1.2645017795571485,0.3560828743235136,0.2182663628438075,1.018190591522023,0.9984629037155692,1.0442106936171016,-16.71026063234814
119,30119,30119,30119,35ace65,ckpt_sac_full_00049992,0,0,0,timeout,200,257.04333816589525,,,-1,1,30.0,0.45,20.0,1.0,25,1,200,0.002,100,10.0,1.0,0,189,0,0.945,0.3881520504951472,-0.3724982400928502,1.3665827735738345,0.0265373094784822,0.0333525378902567,0.0702070139021348,1.7149246942316592,0.7436031271100393,0.3512530884073279,0.3308291879376384,1.0291274235646692,0.9712429132605116,1.061423050443422,-12.521680383724112
120,30120,30120,30120,35ace65,ckpt_sac_full_00049992,0,0,0,timeout,200,275.24979660528703,,,-1,1,30.0,0.45,20.0,1.0,25,1,200,0.002,100,10.0,1.0,0,186,0,0.93,0.3870165612894551,-0.5320539536738663,-1.004319318284121,0.0242162031572059,0.0315642691890715,0.0840299591845372,0.8362246818637469,1.032891792878908,0.3409992548102386,0.2335798669704686,0.9715134571947136,0.8681774001387127,1.2257595050104468,-16.418515972730965
121,30121,30121,30121,35ace65,ckpt_sac_full_00049992,0,0,0,timeout,200,273.1025469228848,,,-1,1,30.0,0.45,20.0,1.0,25,1,200,0.002,100,10.0,1.0,0,186,0,0.93,0.3310060807708367,-0.2109436497956106,-0.7834700083701196,0.0221308690479288,0.0369901622186386,0.0556558680522579,1.7058848204161643,1.3531051006743675,0.3644889334158783,0.591284250367728,0.9966145558387676,1.094375338564204,0.7906589987911545,-19.405509667283308
122,30122,30122,30122,35ace65,ckpt_sac_full_00049992,0,0,0,timeout,200,462.9870881067182,,,-1,1,30.0,0.45,20.0,1.0,25,1,200,0.002,100,10.0,1.0,0,151,0,0.755,0.3793989634918696,-0.701313058885736,-1.3225852563405924,0.0270966576234097,0.0312762154510977,0.0431815676026765,0.9928105066510134,0.7833282644587855,0.3284464825368116,0.7175658198250552,1.002957415082726,1.052842376589692,0.8951574219088114,-7.109622816540927
123,30123,30123,30123,35ace65,ckpt_sac_full_00049992,0,0,0,timeout,200,340.46517448234454,,,-1,0,30.0,0.45,20.0,1.0,25,1,200,0.002,100,10.0,1.0,0,187,0,0.935,0.3415680063823819,-0.6921977486011474,0.7311174462306971,0.0261411334512942,0.0312425391977752,0.0658471391616735,1.3220801305078371,1.307461648410583,0.3640729085157712,0.3102420652155929,0.954340017331698,1.049874565503852,1.136918298653453,-10.302656139029006
124,30124,30124,30124,35ace65,ckpt_sac_full_00049992,0,0,0,timeout,200,283.02011039983967,,,-1,1,30.0,0.45,20.0,1.0,25,1,200,0.002,100,10.0,1.0,0,190,0,0.95,0.3206678843695102,-0.2809349713452755,0.9144625525248324,0.0274147585433666,0.0354450023092191,0.0693068201084907,1.4314759595238722,1.29409022081243,0.3173754556735769,0.6380970478044687,1.0830498829454036,1.0636479596128865,1.1109633623684934,-16.414213973675093
125,30125,30125,30125,35ace65,ckpt_sac_full_00049992,0,0,0,timeout,200,389.7001914333072,,,-1,0,30.0,0.45,20.0,1.0,25,1,200,0.002,100,10.0,1.0,0,168,0,0.84,0.3561020103195562,-0.4780863226970251,1.2993988532996203,0.0266447551877159,0.0369478990139222,0.0458157249491378,1.467587606855686,0.9713551664069382,0.3674789366379891,0.6576423324959606,0.9730898890260978,0.9494352349000348,1.0045634683598008,-15.608986466069531
126,30126,30126,30126,35ace65,ckpt_sac_full_00049992,0,0,0,timeout,200,245.7762545632915,,,-1,1,30.0,0.45,20.0,1.0,25,1,200,0.002,100,10.0,1.0,0,196,0,0.98,0.3497836819322995,-0.3280795976971266,-1.991841819206557,0.024769635329418,0.037912251585218,0.1031000719523054,1.001768180871646,0.6848130993953201,0.3213564881354695,0.4168881715456833,1.0701449738605586,1.0880375897980177,0.8277777597843929,-11.165911387248476
127,30127,30127,30127,35ace65,ckpt_sac_full_00049992,0,0,0,timeout,200,222.6218423663877,,,-1,1,30.0,0.45,20.0,1.0,25,1,200,0.002,100,10.0,1.0,0,193,0,0.965,0.3347133779462903,-0.2120696073832857,-1.8422974733249364,0.0262638959161992,0.0378679189624901,0.0641773867427987,0.960223859376876,1.1574959058855845,0.3469242330577513,0.4522549837199505,1.0577880536097504,0.9846669754334328,1.2220490041879457,-8.001251439550382
128,30128,30128,30128,35ace65,ckpt_sac_full_00049992,0,0,0,timeout,200,168.86716805808382,,,-1,0,30.0,0.45,20.0,1.0,25,1,200,0.002,100,10.0,1.0,0,191,0,0.955,0.3502415813017125,-0.1948905928657113,3.084436736789071,0.0256792572199791,0.0369445731003236,0.0754330347293091,1.4265510232376646,0.7824357735485825,0.3269732828247069,0.3059376729848594,0.9813734248485596,0.993900491990808,0.8631408210639853,-13.690003759676628
129,30129,30129,30129,35ace65,ckpt_sac_full_00049992,0,0,0,timeout,200,149.30047484940673,,,-1,1,30.0,0.45,20.0,1.0,25,1,200,0.002,100,10.0,1.0,0,191,0,0.955,0.346174529790791,-0.1937164865898049,0.0137240308705788,0.0237718883612338,0.031492594944511,0.0874179669223396,1.080278990466471,0.6666471544850745,0.3769344954680267,0.2139354762232758,1.0018419194672938,0.92525493086049,1.113920246214502,-16.475998046221253
130,30130,30130,30130,35ace65,ckpt_sac_full_00049992,0,0,0,timeout,200,246.1072528782047,,,-1,1,30.0,0.45,20.0,1.0,25,1,200,0.002,100,10.0,1.0,0,189,0,0.945,0.31215430129977,-0.2511799338145651,-2.7780482562373257,0.0217094939970939,0.0359335092145373,0.1145119221837771,1.8515239178833616,1.3696944679278298,0.3751862990951075,0.4590969491953272,1.0236088221899802,1.112985246695896,0.9794272104135132,-22.776445433753505
131,30131,30131,30131,35ace65,ckpt_sac_full_00049992,0,0,0,timeout,200,335.4564061757284,,,-1,0,30.0,0.45,20.0,1.0,25,1,200,0.002,100,10.0,1.0,0,143,0,0.715,0.3619611219810201,-0.6831502385971668,-0.3373614280553365,0.0223553853778615,0.0394907637619203,0.1079559962734519,1.2444937537804446,1.1741624082449509,0.3013485522002349,0.3651529422337797,1.0099151871948393,1.1016188326441938,1.1385265739703023,-9.337097039641924
132,30132,30132,30132,35ace65,ckpt_sac_full_00049992,0,0,0,timeout,200,389.3241832426408,,,-1,1,30.0,0.45,20.0,1.0,25,1,200,0.002,100,10.0,1.0,0,188,0,0.94,0.3015854107178164,-0.6911155659023858,0.1092745190118873,0.0224340597631015,0.0324502051895403,0.1128326567592361,1.5610552674485794,1.0794544736429077,0.3209721744093788,0.6588784662475997,1.0504335430154037,1.066263622206348,1.000776380142704,-11.544922900569263
133,30133,30133,30133,35ace65,ckpt_sac_full_00049992,0,0,0,timeout,200,304.6494820033334,,,-1,1,30.0,0.45,20.0,1.0,25,1,200,0.002,100,10.0,1.0,0,183,0,0.915,0.332281388315256,-0.500967378746817,-1.1806207117633547,0.024456689416967,0.0347992093030555,0.0565159309204118,0.923209586649368,0.620011852168376,0.3557933904209999,0.4133414774150055,0.9596341732432836,1.0364644432280046,1.0339653980946653,-29.901576569270382
134,30134,30134,30134,35ace65,ckpt_sac_full_00049992,0,0,0,timeout,200,253.85214712924525,,,-1,1,30.0,0.45,20.0,1.0,25,1,200,0.002,100,10.0,1.0,0,184,0,0.92,0.3038424704984652,-0.194975616727384,0.3111968957229392,0.0265650739605074,0.0366726867072198,0.0708041644511877,1.25477277298314,0.9644871042049752,0.3026514888482927,0.6686408672953202,1.0062159735742862,1.0416747107491706,1.0910442347068052,-21.75589672202505
135,30135,30135,30135,35ace65,ckpt_sac_full_00049992,0,0,0,timeout,200,314.8929671820544,,,-1,1,30.0,0.45,20.0,1.0,25,1,200,0.002,100,10.0,1.0,0,189,0,0.945,0.327000547753539,-0.326875293532365,1.0068124895162276,0.0262695444956922,0.0297676438351825,0.0392800225174184,1.9280117081144048,1.2745122799341604,0.3443318734048939,0.6482378043878347,1.0935019654909577,1.0434216099767697,1.0339142984107212,-20.618074215096577
136,30136,30136,30136,35ace65,ckpt_sac_full_00049992,0,0,0,timeout,200,229.56844858810013,,,-1,0,30.0,0.45,20.0,1.0,25,1,200,0.002,100,10.0,1.0,0,184,0,0.92,0.3437484622923547,-0.5275632343117382,-1.3198099003514288,0.0232182222622866,0.0302132414478944,0.084254338270312,1.3059226228623746,0.8722787380931591,0.305562577002223,0.1860077746944968,1.0809253038494926,1.01865633980802,0.961324921762844,-51.827735633285975
137,30137,30137,30137,35ace65,ckpt_sac_full_00049992,0,0,0,timeout,200,317.8425108554463,,,-1,1,30.0,0.45,20.0,1.0,25,1,200,0.002,100,10.0,1.0,0,190,0,0.95,0.329179279275092,-0.3353622350392817,-1.9875614301700888,0.0270044690292634,0.0386058278018109,0.0703973708599558,0.8845407168974591,1.1716628945763174,0.3459875498367509,0.6446014428372842,1.1625964576498566,1.0592859882723225,1.189288828722599,-20.73669198822572
138,30138,30138,30138,35ace65,ckpt_sac_full_00049992,0,0,0,timeout,200,307.38054947589774,,,-1,0,30.0,0.45,20.0,1.0,25,1,200,0.002,100,10.0,1.0,0,175,0,0.875,0.356845344222558,-0.3779849917017472,-2.2305895885616582,0.0211864102766528,0.0401855920187611,0.0733903928225261,0.9601083575090644,1.3929722427265163,0.3653161633709617,0.500691553470299,0.9921987845432416,0.911991324805534,1.1018032997747027,-21.72901309682484
139,30139,30139,30139,35ace65,ckpt_sac_full_00049992,0,0,0,timeout,200,377.199056026812,,,-1,1,30.0,0.45,20.0,1.0,25,1,200,0.002,100,10.0,1.0,0,177,0,0.885,0.3520345857142103,-0.4613923112988746,-0.311501806265225,0.0268964459226055,0.0382579422362087,0.05808377073006,1.767998938587672,0.7860262696141774,0.3626804968686334,0.7053979320139426,1.006309807961104,1.03526622251897,1.1029157666542235,0.2211745136434288
140,30140,30140,30140,35ace65,ckpt_sac_full_00049992,0,0,0,timeout,200,359.9929000931395,,,-1,1,30.0,0.45,20.0,1.0,25,1,200,0.002,100,10.0,1.0,0,188,0,0.94,0.3551202801788453,-0.4373900285179427,1.0796074829145503,0.0221428088004348,0.0326305997570046,0.0577103844323718,0.8753201641402251,1.1473918541510597,0.3855946987219035,0.574540143211425,1.122315316326251,1.0115169395632244,1.2285079794521798,-11.79163794013852
141,30141,30141,30141,35ace65,ckpt_sac_full_00049992,0,0,0,timeout,200,192.22695527153724,,,-1,1,30.0,0.45,20.0,1.0,25,1,200,0.002,100,10.0,1.0,0,193,0,0.965,0.3448410390231604,-0.2854244216381505,2.4113232450555038,0.0237015258337469,0.0380944577673776,0.1009220672098823,1.7991475372846788,0.7523973082032915,0.3052321460437547,0.3029375132796271,1.0591518877375476,0.9917000194257304,1.0478854605986068,-9.161046633245174
142,30142,30142,30142,35ace65,ckpt_sac_full_00049992,0,0,0,timeout,200,379.6204475096846,,,-1,1,30.0,0.45,20.0,1.0,25,1,200,0.002,100,10.0,1.0,0,177,0,0.885,0.3782867564145168,-0.6978489837660227,1.018998485564972,0.0221517786046942,0.0350979422848428,0.0321416393696084,1.3998869608485571,1.2796207748251294,0.316622657466424,0.446001348871751,1.076614620907532,0.9646192202093998,0.9360677111608636,-2.840164142548207
143,30143,30143,30143,35ace65,ckpt_sac_full_00049992,0,0,0,timeout,200,377.9000923659635,,,-1,1,30.0,0.45,20.0,1.0,25,1,200,0.002,100,10.0,1.0,0,189,0,0.945,0.3051655838130939,-0.5690112811716133,-1.148141004378214,0.0259859168490993,0.0335868140911109,0.1137680079499616,1.8670228428164124,0.9356864091100076,0.3206944988389972,0.7269550204936887,1.0243746971130876,1.1082910141104,0.945107019150285,-11.626016284705978
144,30144,30144,30144,35ace65,ckpt_sac_full_00049992,0,0,0,timeout,200,338.2112947996376,,,-1,1,30.0,0.45,20.0,1.0,25,1,200,0.002,100,10.0,1.0,0,165,0,0.825,0.3579552627957634,-0.5316102642071323,-1.0911586812906506,0.0260446955090485,0.0332790296510853,0.0436924877207903,1.4600493458303014,1.2688219796210405,0.3345568430669646,0.4868520715967175,1.071427618852946,1.0083048578976708,0.9911430722990868,-14.990812934463031
145,30145,30145,30145,35ace65,ckpt_sac_full_00049992,0,0,0,timeout,200,359.7694250945312,,,-1,1,30.0,0.45,20.0,1.0,25,1,200,0.002,100,10.0,1.0,0,175,0,0.875,0.3261078054500555,-0.4285591116523689,1.7304589694078212,0.0244398889860441,0.0395162592943551,0.0609893558753291,1.0120971740241018,0.9116831548419392,0.389781391143249,0.6588458885219941,1.0713567780513644,1.0181094966247772,1.1824139121614483,-2.7161015736787704
146,30146,30146,30146,35ace65,ckpt_sac_full_00049992,0,0,0,timeout,200,354.03017723780204,,,-1,1,30.0,0.45,20.0,1.0,25,1,200,0.002,100,10.0,1.0,0,180,0,0.9,0.3308525438382137,-0.5283388325138333,1.1364389867571925,0.0221778700749642,0.0301699826169322,0.0750840500658077,1.8855168265032884,1.305266642519999,0.3592390216555656,0.5525550775353811,1.0205703128070334,1.015286400956061,0.9410639779136156,-0.7723443232384146
147,30147,30147,30147,35ace65,ckpt_sac_full_00049992,0,0,0,timeout,200,328.81766671005806,,,-1,1,30.0,0.45,20.0,1.0,25,1,200,0.002,100,10.0,1.0,0,196,0,0.98,0.3414460935551283,-0.2909997509729853,1.0657637563519868,0.0258648259246326,0.0329562085113415,0.0984984948134194,1.32585243145231,0.7223714006167882,0.3583275134758493,0.686341715535582,1.032530535897895,1.0476050621862414,1.021937394445664,-15.445096779897614
148,30148,30148,30148,35ace65,ckpt_sac_full_00049992,0,0,0,timeout,200,327.5008385151947,,,-1,0,30.0,0.45,20.0,1.0,25,1,200,0.002,100,10.0,1.0,0,192,0,0.96,0.3487663640868188,-0.5880162661635147,-2.7015985048726074,0.0251697580354356,0.0359714078428294,0.0577743506578026,1.5313817338470497,1.2315256272814346,0.3861775701609202,0.3303498548801055,1.013952335334586,1.0404847380985172,1.1505027787177928,-18.469253046041832
149,30149,30149,30149,35ace65,ckpt_sac_full_00049992,0,0,0,timeout,200,439.4643252390536,,,-1,1,30.0,0.45,20.0,1.0,25,1,200,0.002,100,10.0,1.0,0,169,0,0.845,0.3860598535039637,-0.7092228920006761,-0.3059475599382937,0.0240454549578716,0.0341619399418258,0.1153664821667114,1.4588819366206702,1.0702161682022011,0.3010580940974554,0.6599237320409878,1.048135386420682,0.9953665900669776,1.1948448362718282,-2.767419825744076
150,30150,30150,30150,35ace65,ckpt_sac_full_00049992,0,0,0,timeout,200,356.12638267291106,,,-1,0,30.0,0.45,20.0,1.0,25,1,200,0.002,100,10.0,1.0,0,192,0,0.96,0.3341648025489114,-0.6279987211640143,-2.533421616518391,0.0254951499708089,0.0370036925218444,0.0556701549581153,0.8678542965230605,1.267296100037019,0.3183066224936947,0.5243855758077381,0.9998992134024796,0.9889273319168866,0.9772997482612948,-20.81311704318869
151,30151,30151,30151,35ace65,ckpt_sac_full_00049992,0,0,0,timeout,200,298.04409308094625,,,-1,1,30.0,0.45,20.0,1.0,25,1,200,0.002,100,10.0,1.0,0,193,0,0.965,0.3522628751052498,-0.3727892819714819,-1.7609107107881437,0.0218262417691935,0.0333439801783943,0.0651439239162542,1.2765826634655526,1.2289810125322624,0.3720625417275789,0.4737089540310084,0.9927657898067208,1.0469481970603112,1.089409286604537,-38.10199048409111
152,30152,30152,30152,35ace65,ckpt_sac_full_00049992,0,0,0,timeout,200,438.6479644623788,,,-1,0,30.0,0.45,20.0,1.0,25,1,200,0.002,100,10.0,1.0,0,170,0,0.85,0.3586354487318086,-0.5680028901615594,2.473052602521829,0.0219233851629157,0.0345049641293592,0.0954326017398567,0.9928391221345402,1.3516370258461008,0.3726924023470994,0.71977328057223,0.9896245131028366,1.008647006099023,1.0696162185714828,-3.1968583426811072
153,30153,30153,30153,35ace65,ckpt_sac_full_00049992,0,1,0,timeout,200,334.42470393354984,,,-1,1,30.0,0.45,20.0,1.0,25,1,200,0.002,100,10.0,1.0,0,177,0,0.885,0.3575358998286563,-0.4815111683037283,0.1480331566068415,0.0216905785529647,0.0311959035310053,0.0456450548154182,1.9264319270460808,1.314352842980189,0.3677517594651179,0.5673573924027064,0.9683792292465502,1.0145671201208848,1.239221857994378,23.5841880555527
154,30154,30154,30154,35ace65,ckpt_sac_full_00049992,0,0,0,timeout,200,236.2961983679873,,,-1,1,30.0,0.45,20.0,1.0,25,1,200,0.002,100,10.0,1.0,0,193,0,0.965,0.3524419010117996,-0.3556383015815406,0.7949172840624912,0.0207714204017945,0.0346986869287859,0.0925663368576229,1.4586336342566937,1.1564574557258505,0.3474670365145131,0.3329282233827951,1.0472217730853468,1.038878852095731,1.03979975787,-12.765387882154425
155,30155,30155,30155,35ace65,ckpt_sac_full_00049992,0,0,0,timeout,200,258.596263851709,,,-1,1,30.0,0.45,20.0,1.0,25,1,200,0.002,100,10.0,1.0,0,193,0,0.965,0.3628715167440912,-0.3800063810368019,-0.7430476544587012,0.0271124212526734,0.0326974845028201,0.0546655159935764,1.186055802510039,0.6740110342307689,0.3420164660727012,0.3690704515920972,1.1023796933792926,1.0629430335100152,1.1914357118896284,-12.906603383240508
156,30156,30156,30156,35ace65,ckpt_sac_full_00049992,0,0,0,timeout,200,357.0046205273869,,,-1,1,30.0,0.45,20.0,1.0,25,1,200,0.002,100,10.0,1.0,0,186,0,0.93,0.3090865980467612,-0.4245700481910119,-0.4619339629703178,0.0273009014741696,0.0360554634692128,0.1170404826697674,1.807883278037753,1.171390825774134,0.3547655345468729,0.7034782457494683,0.9697417107833154,1.0870816899164608,0.917342940324108,-15.455411871757818
157,30157,30157,30157,35ace65,ckpt_sac_full_00049992,0,0,0,timeout,200,247.41471519063785,,,-1,1,30.0,0.45,20.0,1.0,25,1,200,0.002,100,10.0,1.0,0,195,0,0.975,0.3625582420940361,-0.4375345976379295,0.7398482518623175,0.0251264177058671,0.0311582644874463,0.0699311888181866,1.5284873628321152,1.2259479053248723,0.3001252697999717,0.3050867324791621,1.0500359799799543,1.012059995074552,0.7857512001699682,-40.300399110896215
158,30158,30158,30158,35ace65,ckpt_sac_full_00049992,0,0,0,timeout,200,397.0590027605031,,,-1,1,30.0,0.45,20.0,1.0,25,1,200,0.002,100,10.0,1.0,0,181,0,0.905,0.3265965271017352,-0.6455696381578471,-0.3372707816505182,0.026247926016241,0.0319958697908496,0.085476957415456,0.9408510068598612,0.9199326934571256,0.3086039514031488,0.7039713217082184,1.0261498502234,1.028320065311973,0.891321538721599,-23.61722222007338
159,30159,30159,30159,35ace65,ckpt_sac_full_00049992,0,0,0,timeout,200,332.90206776803547,,,-1,1,30.0,0.45,20.0,1.0,25,1,200,0.002,100,10.0,1.0,0,187,0,0.935,0.3287333659687974,-0.6099954213516087,-2.621927591791787,0.0213598156147553,0.0300888466038003,0.08173634476765,1.403014618695218,0.7115743183602051,0.3404399281007634,0.443904854927524,0.9578327360138664,1.036529809491355,1.0276186377505063,0.1300023065177306
160,30160,30160,30160,35ace65,ckpt_sac_full_00049992,0,1,0,timeout,200,343.2364887671277,,,-1,1,30.0,0.45,20.0,1.0,25,1,200,0.002,100,10.0,1.0,0,172,0,0.86,0.3512868838199647,-0.4984887323351951,1.351345320733908,0.0234987462339514,0.0309968809835078,0.0689892950174341,1.726760790674439,0.6616003188742945,0.3209770021955006,0.6894764798860803,1.0411971388783845,1.0483787514000904,1.154652804206845,25.67339240856542
161,30161,30161,30161,35ace65,ckpt_sac_full_00049992,0,0,0,timeout,200,416.4865771779994,,,-1,1,30.0,0.45,20.0,1.0,25,1,200,0.002,100,10.0,1.0,0,194,0,0.97,0.3314679630742568,-0.6703810496809027,-1.030230394177761,0.0207527672346801,0.0347504005887202,0.0569941046826358,1.234987989265225,1.004963249847569,0.3555817271554934,0.63058207296358,1.0708838047869498,1.0366807468702717,0.99584867736765,-8.555200587282572
162,30162,30162,30162,35ace65,ckpt_sac_full_00049992,0,0,0,timeout,200,270.11565341358823,,,-1,1,30.0,0.45,20.0,1.0,25,1,200,0.002,100,10.0,1.0,0,188,0,0.94,0.3538012675984822,-0.5356615764774111,-0.7675106740888928,0.0208857105602641,0.0356423208609537,0.0873755408858048,1.5206901959475,0.9837891168485912,0.3206024541690526,0.3593977992325615,1.078744394429467,0.9878802946511362,0.98375583655454,1.3544111954352265
163,30163,30163,30163,35ace65,ckpt_sac_full_00049992,0,0,0,timeout,200,393.55707600076914,,,-1,1,30.0,0.45,20.0,1.0,25,1,200,0.002,100,10.0,1.0,0,169,0,0.845,0.3111150081372006,-0.7258575991830792,2.2850918659126043,0.0213051112480428,0.0387135474800745,0.0310608846468187,1.5712531843330528,0.6687224841300694,0.3167604446621541,0.6288109259661422,1.04080196954143,1.0488471206305927,1.162176508643677,-13.825765749332447
164,30164,30164,30164,35ace65,ckpt_sac_full_00049992,0,0,0,timeout,200,380.12895062041366,,,-1,0,30.0,0.45,20.0,1.0,25,1,200,0.002,100,10.0,1.0,0,157,0,0.785,0.3596395587596971,-0.5348814223847655,-2.401850204016206,0.0260687729832241,0.0402132956091233,0.0573458507404157,1.167188849473278,0.7329826860698128,0.3650507728181695,0.5704666515570418,1.0422672328116491,1.0922411090097497,1.0028777387537584,-16.488061074058944
165,30165,30165,30165,35ace65,ckpt_sac_full_00049992,0,1,0,timeout,200,369.8804109293228,,,-1,1,30.0,0.45,20.0,1.0,25,1,200,0.002,100,10.0,1.0,0,164,0,0.82,0.3457338351015997,-0.381274823117682,-2.241505124476219,0.0244784932238108,0.0299362400026931,0.0358011163352106,1.6351631004980105,0.7254725162174741,0.3847150640868808,0.5094869379837825,1.014335052234959,0.9472793807920052,1.2271913040484597,-7.65280551287004
166,30166,30166,30166,35ace65,ckpt_sac_full_00049992,0,0,0,timeout,200,385.173135076395,,,-1,1,30.0,0.45,20.0,1.0,25,1,200,0.002,100,10.0,1.0,0,173,0,0.865,0.3594715832708344,-0.4298224470896337,-1.1705168218791888,0.0267550503612499,0.0329870271019938,0.07406465967516,1.0761486590998477,1.0952123172144406,0.3760937085716325,0.6716475101619431,1.0911689965274194,1.0286516068815048,1.0506808137649246,-19.28925968740248
167,30167,30167,30167,35ace65,ckpt_sac_full_00049992,0,0,0,timeout,200,366.1744132474778,,,-1,0,30.0,0.45,20.0,1.0,25,1,200,0.002,100,10.0,1.0,0,181,0,0.905,0.3532081105742071,-0.6037704747742592,-2.584578513841792,0.0218324285518515,0.0376405137973779,0.031000126992066,1.890095073445992,1.3621077353930044,0.3123900640312095,0.5539866794167889,1.081311218135815,1.0234299234276445,1.1953318515119549,-17.17183960852605
168,30168,30168,30168,35ace65,ckpt_sac_full_00049992,0,0,0,timeout,200,337.0520014853438,,,-1,0,30.0,0.45,20.0,1.0,25,1,200,0.002,100,10.0,1.0,0,184,0,0.92,0.3059036894602893,-0.416240997760758,-1.150576443673712,0.0235827249119849,0.0305088831465122,0.1111782865919457,1.6957529597254757,0.9662433215201214,0.3372071535700258,0.6842593827285924,1.0331710828142866,0.9373288336796116,0.8781536564391612,-8.26612954504604
169,30169,30169,30169,35ace65,ckpt_sac_full_00049992,0,0,0,timeout,200,236.31457545069188,,,-1,1,30.0,0.45,20.0,1.0,25,1,200,0.002,100,10.0,1.0,0,188,0,0.94,0.3213959614804823,-0.2274637545771151,-2.200670335238524,0.0271789492052291,0.0401579291252642,0.0427026005566564,0.8738826667850098,1.0311802109611476,0.3463526497956414,0.4926166711969669,1.1126894082719054,1.040758398633204,1.00278158042043,-18.40654458699176
170,30170,30170,30170,35ace65,ckpt_sac_full_00049992,0,0,0,timeout,200,210.6718185969669,,,-1,1,30.0,0.45,20.0,1.0,25,1,200,0.002,100,10.0,1.0,0,191,0,0.955,0.3311253483985076,-0.2740808952949882,-1.5738964184905313,0.0258148564730874,0.0335536252858232,0.0774926453498296,0.8075464623710329,0.870352844029311,0.36711878232107,0.3304968171320566,1.058546833801769,1.0608039348262157,1.2145872018427326,-19.94910527788941
171,30171,30171,30171,35ace65,ckpt_sac_full_00049992,0,0,0,timeout,200,369.7878303572461,,,-1,0,30.0,0.45,20.0,1.0,25,1,200,0.002,100,10.0,1.0,0,176,0,0.88,0.3371103233174138,-0.5178789849312596,-0.7438045057684817,0.0273835271222507,0.0376706216371886,0.0884439592186226,0.9914441463355386,1.0417919790015857,0.348458741218297,0.620618777421843,1.0492969476607643,1.0552159125494078,0.8586254030667985,-19.393400686356483
172,30172,30172,30172,35ace65,ckpt_sac_full_00049992,0,0,0,timeout,200,222.24878292056195,,,-1,1,30.0,0.45,20.0,1.0,25,1,200,0.002,100,10.0,1.0,0,195,0,0.975,0.3492441201018645,-0.1971188066858081,-2.110267783570479,0.0235325981476012,0.0369014395720399,0.0619554396281099,1.7674383314111748,0.9946692973702416,0.3292869519983281,0.4691750290575873,1.0201551480526565,0.988577530260614,1.0564754349725298,-20.465081987860763
173,30173,30173,30173,35ace65,ckpt_sac_full_00049992,0,0,0,timeout,200,180.80708397162564,,,-1,1,30.0,0.45,20.0,1.0,25,1,200,0.002,100,10.0,1.0,51,189,0,0.945,0.362761853504708,-0.3106790902698486,-2.416705201505713,0.0275686505565085,0.0382147112473319,0.0860862241850473,1.1952051659408944,1.2712104946920153,0.3634641326214489,0.2558655120188927,1.0701367674826103,1.0922429914951874,1.0744540974261032,-39.32680019654986
174,30174,30174,30174,35ace65,ckpt_sac_full_00049992,0,0,0,timeout,200,305.03733608958504,,,-1,1,30.0,0.45,20.0,1.0,25,1,200,0.002,100,10.0,1.0,0,192,0,0.96,0.3699926592477054,-0.4056126596991801,-2.1050215104808165,0.0207130529225385,0.0320918699845832,0.0314370258586524,0.899512752470035,1.045950814975548,0.3780871213909369,0.434122673880835,0.9804837855657222,1.0067906957589228,1.0195865201150038,-28.79019517063166
175,30175,30175,30175,35ace65,ckpt_sac_full_00049992,0,0,0,timeout,200,192.10337070418987,,,-1,1,30.0,0.45,20.0,1.0,25,1,200,0.002,100,10.0,1.0,0,183,0,0.915,0.3577258009082981,-0.3984957763692907,-1.332777605749122,0.0267991222719437,0.0342252282656046,0.0959970650207251,1.2893848299782236,0.7853202502914063,0.3524728548845911,0.1964252031877726,0.8921861822914031,0.9935607220308844,0.9537819689534668,-1.157428089741034
176,30176,30176,30176,35ace65,ckpt_sac_full_00049992,0,0,0,timeout,200,260.2554027360451,,,-1,1,30.0,0.45,20.0,1.0,25,1,200,0.002,100,10.0,1.0,0,192,0,0.96,0.3211482885465878,-0.5378630255945367,-0.4175325230251863,0.0264794747514056,0.0299326429458225,0.0629490790460934,0.8729712615170651,1.2479641419808232,0.3075590230803495,0.3147316584425434,1.063206774605518,0.9691264866186236,0.9814342292555418,-8.555319490753126
177,30177,30177,30177,35ace65,ckpt_sac_full_00049992,0,0,0,timeout,200,181.84618733659892,,,-1,0,30.0,0.45,20.0,1.0,25,1,200,0.002,100,10.0,1.0,0,188,0,0.94,0.3380307813318401,-0.2498760090173468,-0.7671659124784633,0.0246078312580136,0.0396083737392686,0.0335747180741125,1.3992778897653275,1.3716538627851182,0.3222272733354606,0.3000461017494088,1.0556324185616943,1.067312141753599,0.752885751939141,-14.810180160252058
178,30178,30178,30178,35ace65,ckpt_sac_full_00049992,0,0,0,timeout,200,238.1297668994461,,,-1,1,30.0,0.45,20.0,1.0,25,1,200,0.002,100,10.0,1.0,0,189,0,0.945,0.344360695634325,-0.4326056329563867,-0.7268385323508237,0.0262858768035754,0.0300433324781822,0.0784853211977288,1.3859008581984604,0.6864404972143203,0.3715152277833631,0.2415259860249363,1.1378295314037916,1.003779812000698,0.9766960125342746,-9.710446140515083
179,30179,30179,30179,35ace65,ckpt_sac_full_00049992,0,0,0,timeout,200,447.90405628959735,,,-1,0,30.0,0.45,20.0,1.0,25,1,200,0.002,100,10.0,1.0,0,134,0,0.67,0.3513149055684454,-0.6800119907876601,-1.932436188848147,0.0255853829943373,0.0380444134783168,0.0871729676423749,1.6752007008653207,0.8295219675580915,0.342301618800191,0.7212689954295287,1.0240433661679873,0.9994242758301458,0.9012108747238295,-4.67331856534198
180,30180,30180,30180,35ace65,ckpt_sac_full_00049992,0,0,0,timeout,200,311.7110741358164,,,-1,1,30.0,0.45,20.0,1.0,25,1,200,0.002,100,10.0,1.0,0,178,0,0.89,0.3358635673350637,-0.5419668736709597,0.4905506014377909,0.0255105540242577,0.0329974399168575,0.0664813283399225,1.6066885807617142,1.3450698261637304,0.3088228116999812,0.4641971003575357,0.967304574763336,0.9524220275224032,1.0396957878700706,-20.02256024217109
181,30181,30181,30181,35ace65,ckpt_sac_full_00049992,0,0,0,timeout,200,340.1687523319045,,,-1,0,30.0,0.45,20.0,1.0,25,1,200,0.002,100,10.0,1.0,0,165,0,0.825,0.3660125925163632,-0.7073490512926965,-0.6433176838800998,0.0232946485594898,0.0350292685307322,0.1149637411686665,1.8773594134412803,0.737901891324837,0.3217481236188464,0.3218168041099253,0.9528761735796408,1.013137264790943,1.1603801065052304,-10.23295413383036
182,30182,30182,30182,35ace65,ckpt_sac_full_00049992,0,0,0,timeout,200,249.7807708043122,,,-1,1,30.0,0.45,20.0,1.0,25,1,200,0.002,100,10.0,1.0,0,191,0,0.955,0.3570264411877209,-0.2969732354893863,-1.1525388779819417,0.020719670081505,0.037865193023583,0.0656535258542281,1.7760648479215546,0.6673332981481651,0.3892421369846882,0.3805041275732086,1.071249969454584,1.0522764602405348,0.8668349975550194,-10.921738925581945
183,30183,30183,30183,35ace65,ckpt_sac_full_00049992,0,0,0,timeout,200,261.0519873113445,,,-1,1,30.0,0.45,20.0,1.0,25,1,200,0.002,100,10.0,1.0,0,181,0,0.905,0.3686185894954119,-0.2165156952234449,-0.0198851699302462,0.0210740886600365,0.030675361605268,0.0905705112333843,1.1070395047757615,0.6298243172971257,0.3133395879766846,0.5529969486188002,0.9743906227988656,1.033045994712728,1.0257715773720593,-11.88564803338674
184,30184,30184,30184,35ace65,ckpt_sac_full_00049992,0,0,0,timeout,200,270.7118349588798,,,-1,0,30.0,0.45,20.0,1.0,25,1,200,0.002,100,10.0,1.0,0,191,0,0.955,0.3076328986926879,-0.2925742391864685,2.507666034554962,0.0260480832277462,0.037281316021801,0.1183847844122907,1.444182101732228,1.0588255842941865,0.3102296141505657,0.6152537778160665,0.9622399898083316,1.086728607574522,1.2379101962898558,-26.02329407810975
185,30185,30185,30185,35ace65,ckpt_sac_full_00049992,0,0,0,timeout,200,259.4526051814671,,,-1,0,30.0,0.45,20.0,1.0,25,1,200,0.002,100,10.0,1.0,0,185,0,0.925,0.3596596285502196,-0.4929155899035054,2.010701020228675,0.0259327296080839,0.0387742790388112,0.0474761124828311,0.8050980843109514,1.3069235615595476,0.3310842941420524,0.2721874222805623,1.0352466006161216,0.9664861074540544,1.06367312576739,-20.500605149166248
186,30186,30186,30186,35ace65,ckpt_sac_full_00049992,0,0,0,timeout,200,141.8158264079824,,,-1,0,30.0,0.45,20.0,1.0,25,1,200,0.002,100,10.0,1.0,0,187,0,0.935,0.3379312216465191,-0.1712066670352104,-0.2584497899940912,0.0223590248456126,0.0321506981986638,0.0706735552186769,1.2651206686237595,1.2993533218433215,0.3266796493693907,0.2606325076951206,1.0660483103572251,1.10412719893213,1.0270345525620548,-23.14382346484451
187,30187,30187,30187,35ace65,ckpt_sac_full_00049992,0,0,0,timeout,200,337.7593090153809,,,-1,0,30.0,0.45,20.0,1.0,25,1,200,0.002,100,10.0,1.0,0,193,0,0.965,0.3495153815188521,-0.7125545852291851,-2.214470485756157,0.0211821267512527,0.0367151369126539,0.1128363950886055,1.2243245724557856,1.1248357584025954,0.3486869821872813,0.2960984112598863,1.0426721165783064,1.0821241106508104,1.2066775698293026,-10.1226095445025
188,30188,30188,30188,35ace65,ckpt_sac_full_00049992,0,0,0,timeout,200,249.73464580630872,,,-1,1,30.0,0.45,20.0,1.0,25,1,200,0.002,100,10.0,1.0,0,180,0,0.9,0.3753572438062946,-0.2792879222034213,-2.470973698981303,0.0256628379969838,0.0374067587567974,0.0910866262892171,0.9646081507069152,0.9564930972500256,0.3878588926319643,0.3867938325660827,0.9638719177064026,1.031005133185193,1.07704213783475,-9.881867420792764
189,30189,30189,30189,35ace65,ckpt_sac_full_00049992,0,0,0,timeout,200,443.9295195904799,,,-1,1,30.0,0.45,20.0,1.0,25,1,200,0.002,100,10.0,1.0,0,173,0,0.865,0.3797501764259028,-0.6949629630041374,2.202217228997201,0.0239184997999261,0.0315187673966025,0.0683458801638019,0.8727999242028912,0.7786876588560457,0.3408776306329621,0.5641814676492232,0.9809571566922664,1.0424685176037247,1.1707242871629573,1.066098054247116
190,30190,30190,30190,35ace65,ckpt_sac_full_00049992,0,0,0,timeout,200,184.67775081323424,,,-1,1,30.0,0.45,20.0,1.0,25,1,200,0.002,100,10.0,1.0,0,195,0,0.975,0.3358723924254675,-0.3277196727779514,-2.213295350157106,0.0274571596342855,0.0350398608652252,0.0507487910467827,1.4971276127190112,1.1366523995474564,0.310260457822652,0.2466830371343265,1.0919158228860084,1.0582687160849504,1.3249900718883132,-21.3303205436139
191,30191,30191,30191,35ace65,ckpt_sac_full_00049992,0,0,0,timeout,200,295.88000351469225,,,-1,0,30.0,0.45,20.0,1.0,25,1,200,0.002,100,10.0,1.0,0,180,0,0.9,0.3566914461970215,-0.5495484409064137,-0.8690049859942404,0.0223107743255032,0.0337463778184816,0.0793114737113446,1.9318513967471584,1.2043579774125144,0.3246693067354086,0.3463743816378776,1.0116469641757484,0.995685382534432,1.0585916689047397,-12.264656207014507
192,30192,30192,30192,35ace65,ckpt_sac_full_00049992,0,0,0,timeout,200,316.2496089302828,,,-1,0,30.0,0.45,20.0,1.0,25,1,200,0.002,100,10.0,1.0,0,178,0,0.89,0.3405227201544678,-0.2648884875844576,-2.7490335651144875,0.0212462030132397,0.0322881043352921,0.0722210713782757,1.8299892703745169,1.065956853679636,0.3898681822040878,0.6185793410640132,1.041265283081512,1.047174550157104,0.9912291688351764,-6.212254818135027
193,30193,30193,30193,35ace65,ckpt_sac_full_00049992,0,0,0,timeout,200,261.48761880926776,,,-1,1,30.0,0.45,20.0,1.0,25,1,200,0.002,100,10.0,1.0,0,193,0,0.965,0.3369470349340132,-0.3745839861743402,0.3280405618079842,0.021205930678236,0.0351639277843916,0.0531169744967442,1.8136901244439196,0.8971999509178438,0.3782203844089126,0.3654333867374277,1.009293719038754,1.0589900006358266,1.183322650293983,-20.120608102287196
194,30194,30194,30194,35ace65,ckpt_sac_full_00049992,0,0,0,timeout,200,238.55284558118157,,,-1,1,30.0,0.45,20.0,1.0,25,1,200,0.002,100,10.0,1.0,0,184,0,0.92,0.3568697649136065,-0.2295332540767071,-2.614820534733884,0.0263238974730411,0.0304501905966838,0.0391002201304633,1.9425406321878795,1.1908591827409172,0.3708490541875361,0.4373675264399175,1.0812686708672967,1.0623570494967307,0.9838902994372424,-13.607300198954064
195,30195,30195,30195,35ace65,ckpt_sac_full_00049992,0,0,0,timeout,200,239.93812510346916,,,-1,1,30.0,0.45,20.0,1.0,25,1,200,0.002,100,10.0,1.0,0,186,0,0.93,0.3897063326634088,-0.4431050101215425,1.5572697026344011,0.0218841355429992,0.0360861037468464,0.0833683121584623,1.3712135068434934,1.2166844579359144,0.3397215768217214,0.213507940047786,1.0544799777346927,1.033817786047213,0.9953236794641332,-29.6738619691858
196,30196,30196,30196,35ace65,ckpt_sac_full_00049992,0,0,0,timeout,200,341.86093493703635,,,-1,1,30.0,0.45,20.0,1.0,25,1,200,0.002,100,10.0,1.0,0,191,0,0.955,0.3822452153963221,-0.3194755107087242,2.8371141428946203,0.0237736589681823,0.0303436832021752,0.0818731556861996,0.8773720619214436,1.1387468549811608,0.3707529202529594,0.6223865864716206,1.0346555232239607,0.9811540670829066,1.1488779166963674,-15.931196954931757
197,30197,30197,30197,35ace65,ckpt_sac_full_00049992,0,0,0,timeout,200,302.98411998723066,,,-1,1,30.0,0.45,20.0,1.0,25,1,200,0.002,100,10.0,1.0,0,188,0,0.94,0.3089307374007561,-0.3836969643468542,-2.190833179100924,0.0221433965854344,0.0309406585327602,0.0847940288504638,1.2491214201348595,0.7674789558037782,0.3359069557181457,0.5912736829410946,1.0574479770603726,0.949596820287565,1.1054483540764328,-18.843230885315016
198,30198,30198,30198,35ace65,ckpt_sac_full_00049992,0,0,0,timeout,200,408.8325875989551,,,-1,1,30.0,0.45,20.0,1.0,25,1,200,0.002,100,10.0,1.0,0,182,0,0.91,0.3463782863799289,-0.6405615728420176,1.3409735969680394,0.0262177520325832,0.0301659995543244,0.0557970143493821,1.1272078206672846,0.8805887607045153,0.3578000003219777,0.603287533829467,1.045854393090812,1.0605795537017288,1.0494815239745603,-9.25660752641927
199,30199,30199,30199,35ace65,ckpt_sac_full_00049992,0,0,0,timeout,200,346.34799617557144,,,-1,1,30.0,0.45,20.0,1.0,25,1,200,0.002,100,10.0,1.0,0,186,0,0.93,0.3852664648766805,-0.3067096435346875,0.8617866997430319,0.0240703201618844,0.0312242125888313,0.0830784149255088,1.0819114906257692,1.2706970516209437,0.347364884420129,0.6731659649652647,1.1348198221383174,0.9873976087671332,1.0464688662498305,-9.122021331051013
200,30200,30200,30200,35ace65,ckpt_sac_full_00049992,0,0,0,timeout,200,435.6386167923644,,,-1,0,30.0,0.45,20.0,1.0,25,1,200,0.002,100,10.0,1.0,0,176,0,0.88,0.3568560653394967,-0.6301836605365688,-1.095617745847715,0.0214499182212828,0.0368131242098489,0.0513004842109974,1.788444861947338,1.0744821910121956,0.3516319057041409,0.6940270732782007,1.0176812127579875,1.003527498343227,1.0092254779433945,-3.693170074133908
201,30201,30201,30201,35ace65,ckpt_sac_full_00049992,0,0,0,timeout,200,393.1604633793443,,,-1,0,30.0,0.45,20.0,1.0,25,1,200,0.002,100,10.0,1.0,0,174,0,0.87,0.3600056166876806,-0.6102534720853328,-2.125624076648558,0.0238579051977033,0.0387234999279718,0.0681793041683323,1.0287585986569925,1.1192099148271275,0.3799094145509922,0.5091489438621395,1.0586785765512978,1.0639956697177548,1.0813676724860426,-19.679783658894
202,30202,30202,30202,35ace65,ckpt_sac_full_00049992,0,0,0,timeout,200,148.62616644082863,,,-1,0,30.0,0.45,20.0,1.0,25,1,200,0.002,100,10.0,1.0,0,190,0,0.95,0.3430663167061728,-0.1962015554741391,1.968707556019716,0.0232854038682501,0.0391547030232567,0.1118331717391313,1.5524282061509505,0.7601553919096686,0.3636696984817802,0.2232465011562109,1.010607922255307,0.9730380171226576,1.302676565609485,-17.5930609624307
203,30203,30203,30203,35ace65,ckpt_sac_full_00049992,0,0,0,timeout,200,268.1736386760943,,,-1,1,30.0,0.45,20.0,1.0,25,1,200,0.002,100,10.0,1.0,0,180,0,0.9,0.3460034301289857,-0.3025363617668474,-1.191243237458377,0.0245045859692727,0.0307841010891985,0.1076320950586201,1.8084877864545177,1.026938186711066,0.3527998823490715,0.4943937745032371,0.9303987933860092,0.9885284162643548,1.1096544877045988,-0.0583516875147542
204,30204,30204,30204,35ace65,ckpt_sac_full_00049992,0,0,0,timeout,200,338.81397280622326,,,-1,1,30.0,0.45,20.0,1.0,25,1,200,0.002,100,10.0,1.0,0,183,0,0.915,0.3272587204660363,-0.3896637142841246,0.6076647204335397,0.0260050085494101,0.0348552011843122,0.0889321635715859,1.7170598481120405,1.0321757143805574,0.3851199523800259,0.644349784472866,1.051454245641436,0.9098965631673256,1.127982383837609,-4.828147076953343
205,30205,30205,30205,35ace65,ckpt_sac_full_00049992,0,0,0,timeout,200,269.2054199767284,,,-1,1,30.0,0.45,20.0,1.0,25,1,200,0.002,100,10.0,1.0,0,192,0,0.96,0.3533523369639126,-0.3450467382361583,-2.043475156089181,0.0217279795574944,0.0356371275400875,0.0752450978031652,1.3672296868079337,0.8194668795146615,0.3282490708853783,0.4639010077454281,0.996908646101302,1.0206093296519063,1.015095334886975,-17.538289892254834
206,30206,30206,30206,35ace65,ckpt_sac_full_00049992,0,1,0,timeout,200,111.28627635137754,116.0471412319593,171.50722593088656,100,1,30.0,0.45,20.0,1.0,25,1,200,0.002,100,10.0,1.0,0,149,0,0.745,0.3759421615679105,-0.43547648051494,-0.5741790605458585,0.024900781232993,0.0329323734686894,0.0614679702255757,1.7716064667694544,1.273835828591951,0.311505192606651,0.2273566126781089,1.0081778375103596,0.9806776519644828,1.011237795617785,53.4941199840992
207,30207,30207,30207,35ace65,ckpt_sac_full_00049992,0,0,0,timeout,200,311.8125732496581,,,-1,1,30.0,0.45,20.0,1.0,25,1,200,0.002,100,10.0,1.0,0,174,0,0.87,0.3544502300826782,-0.4020960438816895,2.7410516609891884,0.0213534475172786,0.0338622037682887,0.0682056408312369,1.9336137105362825,0.8021998791711025,0.3590689066895867,0.5024671665075755,0.979926847427954,1.0541562687810972,0.9700109429674746,-3.475134429109624
208,30208,30208,30208,35ace65,ckpt_sac_full_00049992,0,0,0,timeout,200,244.34478343530583,,,-1,1,30.0,0.45,20.0,1.0,25,1,200,0.002,100,10.0,1.0,0,189,0,0.945,0.3884296450734392,-0.1945113791659773,2.462619004317891,0.0204362594542124,0.0363436093892662,0.0307704430498506,1.0279968169235474,0.7049919056142488,0.3097642341450017,0.5861529305047828,1.0227269834984016,0.97953264863522,0.8566002565278146,-5.755765733506157
209,30209,30209,30209,35ace65,ckpt_sac_full_00049992,0,0,0,timeout,200,314.733523348884,,,-1,1,30.0,0.45,20.0,1.0,25,1,200,0.002,100,10.0,1.0,0,174,0,0.87,0.3396442490326571,-0.2897338880357658,-2.7858371582932118,0.0212603994481713,0.030646444148719,0.0785931886262539,1.2241184160225342,0.7881249634779803,0.3226959458041457,0.6994729076569806,0.949231996726588,1.0658867336803313,0.9996760395338292,-20.42218275371332
210,30210,30210,30210,35ace65,ckpt_sac_full_00049992,0,0,0,timeout,200,321.0847634301146,,,-1,0,30.0,0.45,20.0,1.0,25,1,200,0.002,100,10.0,1.0,0,179,0,0.895,0.3383100633092007,-0.5571607001052014,0.5868553854016505,0.0222401824588382,0.0370326767044321,0.0608252329884455,1.6731813647310356,0.6184345175439385,0.3729623626955821,0.3751424938417477,1.0221171742581288,1.0826096498764368,1.1225236550639557,-15.741831538665895
211,30211,30211,30211,35ace65,ckpt_sac_full_00049992,0,0,0,timeout,200,230.2443810662853,,,-1,0,30.0,0.45,20.0,1.0,25,1,200,0.002,100,10.0,1.0,0,186,0,0.93,0.3180447465192524,-0.5143469044083048,-1.8463107700727648,0.0237818653481052,0.0370444495255554,0.0969578376406311,1.9577192124501823,1.1464126119484963,0.3392826315788842,0.1978933081216185,1.0765453448088411,0.9828289839274958,1.1276712787962386,-28.488973466292105
212,30212,30212,30212,35ace65,ckpt_sac_full_00049992,0,0,0,timeout,200,458.69657031117606,,,-1,1,30.0,0.45,20.0,1.0,25,1,200,0.002,100,10.0,1.0,0,163,0,0.815,0.3703210384927145,-0.6513812824107766,0.4823168512280937,0.0227548590130736,0.0319461907599308,0.0773392920595329,0.9603751332797053,0.8074737426121175,0.3048168407082995,0.5390909511415305,1.0603544922742605,1.079106522139748,1.2294830423260033,0.1304146992219293
213,30213,30213,30213,35ace65,ckpt_sac_full_00049992,0,0,0,timeout,200,187.51404945421427,,,-1,1,30.0,0.45,20.0,1.0,25,1,200,0.002,100,10.0,1.0,0,187,0,0.935,0.3314570083880306,-0.3458392434136198,2.323661614331912,0.0226129261180097,0.0313028231763222,0.0746961100975117,1.4229425744697997,0.7728749194807758,0.3531723013515654,0.2055458509542074,1.021353122219988,1.0719850442477294,0.943043134595763,-17.29167108533069
214,30214,30214,30214,35ace65,ckpt_sac_full_00049992,0,0,0,timeout,200,296.9865990357683,,,-1,1,30.0,0.45,20.0,1.0,25,1,200,0.002,100,10.0,1.0,0,187,0,0.935,0.3485125247872916,-0.3746300430836593,-2.137151279913378,0.0254321558213605,0.0303125131078268,0.11180034791647,1.9017272133255527,0.8134494959328196,0.308150470827649,0.5567374466573725,1.0969885399804935,1.012194417821188,1.2440307509975268,-19.317298243128267
215,30215,30215,30215,35ace65,ckpt_sac_full_00049992,0,0,0,timeout,200,353.9914381851484,,,-1,1,30.0,0.45,20.0,1.0,25,1,200,0.002,100,10.0,1.0,0,168,0,0.84,0.3328595024739406,-0.6720436365384326,2.864975057723392,0.0217067060821808,0.0372846886958508,0.062285170992192,1.3733041194837745,0.6897661433450217,0.3074690594477535,0.4974046462104229,1.0449448881253418,0.975592927209894,1.1559745348992498,-20.557493070451606
216,30216,30216,30216,35ace65,ckpt_sac_full_00049992,0,0,0,timeout,200,258.34906402767774,,,-1,0,30.0,0.45,20.0,1.0,25,1,200,0.002,100,10.0,1.0,0,193,0,0.965,0.3161283416047137,-0.5465377757038815,-0.788542551370127,0.0214279135933607,0.0383447107737081,0.0514773964761187,1.4244957949757904,1.0911209494803704,0.3094229860935519,0.3061109804350186,1.0308298903069877,1.0674229406913482,0.9834911120388036,-10.17982826792904
217,30217,30217,30217,35ace65,ckpt_sac_full_00049992,0,0,0,timeout,200,316.8335525040404,,,-1,1,30.0,0.45,20.0,1.0,25,1,200,0.002,100,10.0,1.0,0,182,0,0.91,0.3687036263314402,-0.312954815612679,2.989824962052392,0.0220667893600989,0.0313855111483582,0.1161939903047994,1.967789622810959,1.37855746243861,0.3196234887880434,0.6276126149095276,0.9771874980230064,1.0518805093023875,0.8719456282126778,-1.9306998387873768
218,30218,30218,30218,35ace65,ckpt_sac_full_00049992,0,0,0,timeout,200,236.5748240485496,,,-1,0,30.0,0.45,20.0,1.0,25,1,200,0.002,100,10.0,1.0,2,160,0,0.8,0.3494103050602601,-0.2780579557009643,-1.6763018267995682,0.020703266235584,0.0396791160235744,0.0756448343009646,1.5436610881349586,1.2676745843011552,0.3361632019093913,0.6033771518664428,1.0925881804552091,1.1187406979912402,1.0199340929023966,-8.032889234149485
219,30219,30219,30219,35ace65,ckpt_sac_full_00049992,0,0,0,timeout,200,373.61674142655806,,,-1,1,30.0,0.45,20.0,1.0,25,1,200,0.002,100,10.0,1.0,0,173,0,0.865,0.3109880576004702,-0.6903701097266759,-1.9326769105131087,0.0209927056524237,0.0395463432642562,0.0653533623559004,1.1696333683590356,0.9827541208669592,0.3797936595137368,0.4368426330847072,1.0601016100194156,1.0548241392850064,0.9931961424239766,-20.35785469876124
220,30220,30220,30220,35ace65,ckpt_sac_full_00049992,0,0,0,timeout,200,267.31518818582475,,,-1,1,30.0,0.45,20.0,1.0,25,1,200,0.002,100,10.0,1.0,0,186,0,0.93,0.3319125633233014,-0.6197166455772826,-1.3392920082299735,0.0226491255419358,0.0382025475911265,0.0402181603258534,1.9291019935292524,0.7851206589304952,0.3259504671760612,0.3232507753477548,0.9588791744610772,1.0259442133171777,1.1639267446039854,-4.44251382024447
221,30221,30221,30221,35ace65,ckpt_sac_full_00049992,0,1,0,timeout,200,229.2152548599815,,,-1,1,30.0,0.45,20.0,1.0,25,1,200,0.002,100,10.0,1.0,0,145,0,0.725,0.3767111468746796,-0.4022455342859278,-2.028837055876388,0.0269784066567175,0.0332332114036503,0.049456543501231,1.7057801428712511,1.241721017246458,0.3219009535634671,0.2777482488590484,1.0666422998254077,1.0312231837186108,1.0937162326876748,15.235060343199924
222,30222,30222,30222,35ace65,ckpt_sac_full_00049992,0,0,0,timeout,200,257.59755491054165,,,-1,1,30.0,0.45,20.0,1.0,25,1,200,0.002,100,10.0,1.0,0,189,0,0.945,0.3531865698293558,-0.2968277941242032,0.9623514388238226,0.0254706094961093,0.0343267020585743,0.0698450100468566,1.844271422869436,1.2875128005084768,0.3808784715233256,0.4330185973061333,1.014781037306345,1.0758479470600413,0.908678279864774,-0.812366194424162
223,30223,30223,30223,35ace65,ckpt_sac_full_00049992,0,0,0,timeout,200,132.84877951450557,,,-1,1,30.0,0.45,20.0,1.0,25,1,200,0.002,100,10.0,1.0,0,195,0,0.975,0.3067795814974495,-0.1853235147476667,2.313764312906434,0.0244615239153267,0.0330372532222902,0.0416313449860403,1.9583848594336664,0.935466353644548,0.3546463531243734,0.1926546372229192,1.0054899222978328,1.0160945963532582,1.157495901302164,-13.328364682078398
224,30224,30224,30224,35ace65,ckpt_sac_full_00049992,0,0,0,timeout,200,282.4781736572086,,,-1,0,30.0,0.45,20.0,1.0,25,1,200,0.002,100,10.0,1.0,0,177,0,0.885,0.3019890734198989,-0.43496730637031,0.0136530267961401,0.0246936641451025,0.0367413095205098,0.1025169202964003,1.200715463616027,1.3676282005352078,0.3089646867622784,0.5242917863345716,1.0206706402414647,1.0706378959775555,1.0502849798675251,-15.521472954840808
225,30225,30225,30225,35ace65,ckpt_sac_full_00049992,0,0,0,timeout,200,306.6802109438394,,,-1,1,30.0,0.45,20.0,1.0,25,1,200,0.002,100,10.0,1.0,0,183,0,0.915,0.3026929648903362,-0.6165104953917516,-1.542489255355832,0.025210057544559,0.0366644926970037,0.1037191242440318,1.776137358478842,0.7393826586994627,0.3812263266137941,0.2866157347915524,0.9739463641593809,1.0828441439430174,0.8606824838150169,-17.465165750252567
226,30226,30226,30226,35ace65,ckpt_sac_full_00049992,0,0,0,timeout,200,341.7296196124708,,,-1,1,30.0,0.45,20.0,1.0,25,1,200,0.002,100,10.0,1.0,0,188,0,0.94,0.3865703253035427,-0.4097269995733749,-2.248159279668328,0.024727044642785,0.0381885664579928,0.086137324661449,1.702736331194047,1.131118565900863,0.3485238664068089,0.5519302939924944,1.0540409782045468,1.0527981943837896,1.087221535993903,-19.88990952587117
227,30227,30227,30227,35ace65,ckpt_sac_full_00049992,0,0,0,timeout,200,303.0671541689616,,,-1,1,30.0,0.45,20.0,1.0,25,1,200,0.002,100,10.0,1.0,0,179,0,0.895,0.3132376915854792,-0.4912135193648782,-0.5648375839551671,0.0242187778225444,0.0394522000629145,0.0968510466758253,1.2689577322442966,1.2987586150959476,0.3559481392035845,0.4370597199957524,1.0187791513638047,0.9808710327693256,1.1505301304479143,-5.321590710077537
228,30228,30228,30228,35ace65,ckpt_sac_full_00049992,0,0,0,timeout,200,418.2283989977285,,,-1,0,30.0,0.45,20.0,1.0,25,1,200,0.002,100,10.0,1.0,0,145,0,0.725,0.3535891771632642,-0.6177180166769534,-2.8947198103286795,0.0221899130435714,0.0354214250810071,0.1183863336258474,0.9374574324351416,0.7612991832843152,0.3236700251842613,0.712641356709929,1.003683357236962,1.0413047087421392,1.0682334053014315,-7.175045724961071
229,30229,30229,30229,35ace65,ckpt_sac_full_00049992,0,0,0,timeout,200,172.25978958328548,,,-1,1,30.0,0.45,20.0,1.0,25,1,200,0.002,100,10.0,1.0,0,180,0,0.9,0.323277196248621,-0.2712743915086171,3.121441269947044,0.0217146177324877,0.0346124991848388,0.0914690067001445,1.1457010962846672,1.3324229980970983,0.3838305987543733,0.2565892511422155,1.0443571858445135,1.0249005458172082,1.1036001823979549,-7.06771760287503
230,30230,30230,30230,35ace65,ckpt_sac_full_00049992,0,0,0,timeout,200,347.0966210263395,,,-1,1,30.0,0.45,20.0,1.0,25,1,200,0.002,100,10.0,1.0,0,170,0,0.85,0.3507973927820236,-0.4595242375798725,-2.6570249351406043,0.0251139541672562,0.0346946699674706,0.0554577599436552,1.9658312891397935,1.049206219927579,0.3338991744176716,0.60263106899721,1.0135544491245865,1.0071168375957011,1.2254670335637534,-27.695339449879103
231,30231,30231,30231,35ace65,ckpt_sac_full_00049992,0,1,0,timeout,200,332.6372750367836,,,-1,1,30.0,0.45,20.0,1.0,25,1,200,0.002,100,10.0,1.0,0,169,0,0.845,0.3552720906384535,-0.30189278587014,0.3735685696553594,0.0249650684792153,0.0297750863599823,0.1155740462107349,0.9661222984932636,1.0420599768318777,0.3858365608145134,0.7291481266323996,1.0554700199818174,1.0357326033061496,1.0230591654525367,21.85438952360384
232,30232,30232,30232,35ace65,ckpt_sac_full_00049992,0,1,0,timeout,200,353.75963346149507,,,-1,0,30.0,0.45,20.0,1.0,25,1,200,0.002,100,10.0,1.0,0,170,0,0.85,0.3396608970286364,-0.4958050087527168,2.071555301673545,0.0240026795934629,0.0365757222477584,0.0726375944845134,1.9765307639205816,0.8342337758923213,0.3298999801714817,0.6114484581277728,1.1009642170655078,1.0606438066134285,1.1252744065165985,22.265433284550376
233,30233,30233,30233,35ace65,ckpt_sac_full_00049992,0,0,0,timeout,200,320.9421969449116,,,-1,1,30.0,0.45,20.0,1.0,25,1,200,0.002,100,10.0,1.0,0,184,0,0.92,0.3832958229615966,-0.392781565549064,0.1196373479049164,0.0264465997621117,0.0346902975749191,0.0983851262235075,1.5249223529317626,1.3568787172731502,0.3431487058970203,0.5161127702412812,1.1245100650833986,1.0279614748181218,1.1200169917594471,-20.939443688501747
234,30234,30234,30234,35ace65,ckpt_sac_full_00049992,0,0,0,timeout,200,182.1959831890556,,,-1,1,30.0,0.45,20.0,1.0,25,1,200,0.002,100,10.0,1.0,0,188,0,0.94,0.3689625334262959,-0.3001130977552639,-0.1905920914760743,0.0249148181282146,0.038146608645783,0.0543097657879528,1.4573604580358808,1.3883801909137627,0.3791793000350746,0.2146067208773587,1.0271188728821214,1.025631303478952,0.8850462613532135,-11.611736110629144
235,30235,30235,30235,35ace65,ckpt_sac_full_00049992,0,0,0,timeout,200,373.1302333759875,,,-1,1,30.0,0.45,20.0,1.0,25,1,200,0.002,100,10.0,1.0,0,176,0,0.88,0.352791322127757,-0.7138680684769322,0.6250032152187299,0.0258113312750288,0.0369052828587926,0.036737438271568,1.7888632995480245,0.7151220995534883,0.3582772877339091,0.3881874830113835,1.049754890481005,1.038101845669099,1.0587004263206716,-10.774167637561568
236,30236,30236,30236,35ace65,ckpt_sac_full_00049992,0,0,0,timeout,200,389.4338716799582,,,-1,0,30.0,0.45,20.0,1.0,25,1,200,0.002,100,10.0,1.0,0,151,0,0.755,0.372817712693673,-0.6438681640970517,2.5106740060755657,0.0253276664362945,0.0322526972163698,0.0538760049658493,1.1896885675421025,1.3262799835995338,0.3520207739075048,0.4882210663551954,1.0965031381140533,0.9735036353106084,1.1708232966181769,-9.446247155378115
237,30237,30237,30237,35ace65,ckpt_sac_full_00049992,0,0,0,timeout,200,337.40782161579017,,,-1,1,30.0,0.45,20.0,1.0,25,1,200,0.002,100,10.0,1.0,0,167,0,0.835,0.3821685556472272,-0.7026774761110162,-2.885567214518186,0.0224706983485102,0.0346624862044757,0.0711896205880892,1.936721760707524,1.0495652333577474,0.3557439139631507,0.2446997468748991,1.035212219603009,1.0919652000237483,0.9786057284946356,-8.312347182612006
238,30238,30238,30238,35ace65,ckpt_sac_full_00049992,0,0,0,timeout,200,302.8799687087075,,,-1,1,30.0,0.45,20.0,1.0,25,1,200,0.002,100,10.0,1.0,0,176,0,0.88,0.3117456021060951,-0.6844284900899628,-2.5635568004047347,0.0258377060425487,0.0395321799992745,0.0543464185353701,1.805857760906404,1.0853429707584252,0.3250336416722763,0.3068880394807101,0.978901405872206,1.0312641312668085,0.9375257332185376,-3.952476806036904
239,30239,30239,30239,35ace65,ckpt_sac_full_00049992,0,0,0,timeout,200,236.22246752187803,,,-1,1,30.0,0.45,20.0,1.0,25,1,200,0.002,100,10.0,1.0,0,187,0,0.935,0.3547827451612531,-0.4819097082799785,-2.218128978169498,0.0256399315247062,0.0342596666580375,0.0733714448318101,1.6618729862985375,0.9928738116651868,0.3741219860920394,0.1760471262786793,0.9836453618496134,1.012510988752621,0.9434075475621252,-46.32315254032724
240,30240,30240,30240,35ace65,ckpt_sac_full_00049992,0,1,0,unsafe,110,424.7350086822317,,,-1,0,30.0,0.45,20.0,1.0,25,1,200,0.002,100,10.0,1.0,0,88,0,0.8,0.3363039754139432,-0.7053010358788996,-3.1215159675434894,0.0236871660310244,0.035359088275061,0.0940332636113415,1.4019175891842657,0.7773774259371996,0.329691206661683,0.6902787763144267,1.040702527438706,1.0630732669151208,1.1098420266231324,-24.14051167832142
241,30241,30241,30241,35ace65,ckpt_sac_full_00049992,0,0,0,timeout,200,327.5437909957229,,,-1,1,30.0,0.45,20.0,1.0,25,1,200,0.002,100,10.0,1.0,0,173,0,0.865,0.3719278881580322,-0.5227486320210525,1.1232846825684373,0.0252628143539137,0.0368503926265134,0.0475681745822399,1.9458621720471436,0.6299018097359611,0.3360210516286116,0.4326456273640442,1.0647419264903302,1.0553304184284202,1.2177620669398472,-6.158297318271717
242,30242,30242,30242,35ace65,ckpt_sac_full_00049992,0,0,0,timeout,200,344.60126717090844,,,-1,1,30.0,0.45,20.0,1.0,25,1,200,0.002,100,10.0,1.0,0,186,0,0.93,0.3329033978709103,-0.6269144053935951,-2.307539146603729,0.0241688668886141,0.0353019065837133,0.0508839950260735,0.9821395793972016,1.1019206104754704,0.3443434589394348,0.4402805316060747,1.00746555675394,0.9904263113616096,1.166610805362983,-9.488492707828533
243,30243,30243,30243,35ace65,ckpt_sac_full_00049992,0,0,0,timeout,200,298.8923565339303,,,-1,0,30.0,0.45,20.0,1.0,25,1,200,0.002,100,10.0,1.0,0,183,0,0.915,0.3527969531621642,-0.5339619395683172,3.129784011185839,0.0253942198032446,0.0391663611340713,0.1101545682543952,0.8117481302725389,1.329429928368488,0.3609968668033027,0.3314589979360478,1.1039718584528202,0.9899960126697412,1.1976131202756086,-15.727325443448592
244,30244,30244,30244,35ace65,ckpt_sac_full_00049992,0,0,0,timeout,200,320.4694492075265,,,-1,1,30.0,0.45,20.0,1.0,25,1,200,0.002,100,10.0,1.0,0,170,0,0.85,0.3748780559441236,-0.3637240883796062,0.7407211647265486,0.0252562134064943,0.0298544669456648,0.0346746641520542,1.5349528696033423,1.2485950992801884,0.307860983498634,0.5950636094621854,1.0262269748545343,1.0091547613781535,1.1527926988012371,-15.758881254157563
245,30245,30245,30245,35ace65,ckpt_sac_full_00049992,0,0,0,timeout,200,297.76086906033686,,,-1,1,30.0,0.45,20.0,1.0,25,1,200,0.002,100,10.0,1.0,0,173,0,0.865,0.3543154256000464,-0.2290949294818127,0.1766740267787194,0.026058222239411,0.0352696155730786,0.0819198192690018,1.062623649567957,0.999850054086192,0.3369681759704787,0.659832603158255,1.0477176166537772,0.9795812295607584,1.027003010571283,-14.275729631334396
246,30246,30246,30246,35ace65,ckpt_sac_full_00049992,0,0,0,timeout,200,417.5212946165959,,,-1,1,30.0,0.45,20.0,1.0,25,1,200,0.002,100,10.0,1.0,0,170,0,0.85,0.3711326089972895,-0.6919068187099728,0.4126926300141504,0.0226415594363022,0.0320293834261192,0.0835282929118576,1.47371009657134,1.3482161006289848,0.3175979260291023,0.5854870488541873,1.1046574163837055,1.0428871911341189,0.8950096635496232,0.7538295295768419
247,30247,30247,30247,35ace65,ckpt_sac_full_00049992,0,0,0,timeout,200,367.04800296528447,,,-1,1,30.0,0.45,20.0,1.0,25,1,200,0.002,100,10.0,1.0,0,172,0,0.86,0.3134447314738717,-0.5918691317782192,1.3623947639016285,0.0259728364220438,0.0369111908050374,0.0451104812237533,1.4560171984688348,0.9167834760698038,0.3160363122567938,0.6524248683805274,1.0581367171827756,1.0874325163778893,0.8305655713400559,-4.915132129248643
248,30248,30248,30248,35ace65,ckpt_sac_full_00049992,0,0,0,timeout,200,282.8026321246278,,,-1,0,30.0,0.45,20.0,1.0,25,1,200,0.002,100,10.0,1.0,0,188,0,0.94,0.3266240546720645,-0.5122082819346877,-2.47874790642688,0.0263363356651015,0.0359917550088686,0.1019066082381182,1.0260962400043203,0.7559972288103994,0.3406144995430583,0.3614963572281284,1.0746356630664269,1.054924161596108,1.1570580829334554,-8.608266358820304
249,30249,30249,30249,35ace65,ckpt_sac_full_00049992,0,0,0,timeout,200,349.3999480732062,,,-1,1,30.0,0.45,20.0,1.0,25,1,200,0.002,100,10.0,1.0,0,182,0,0.91,0.30961451653892,-0.4264433175032356,0.4713571280749296,0.0238677305082624,0.0356579961374675,0.0908193457936631,1.3762936673896924,1.043551095209642,0.315480263789007,0.7288734020350998,1.0666312576378367,1.014029892049938,1.2420935588257631,1.6412714654561715
250,30250,30250,30250,35ace65,ckpt_sac_full_00049992,0,0,0,timeout,200,299.4536357587272,,,-1,1,30.0,0.45,20.0,1.0,25,1,200,0.002,100,10.0,1.0,0,189,0,0.945,0.3252145768947428,-0.2930779622157329,-2.867536234069519,0.0275641290966143,0.0377086237804124,0.0501839304045977,1.7220290122607758,1.0069187810424225,0.3542759937696766,0.616436875463533,1.0666250130467034,1.044549767480598,1.0886889696346973,-15.90263597189443
251,30251,30251,30251,35ace65,ckpt_sac_full_00049992,0,0,0,timeout,200,250.6483852394812,,,-1,1,30.0,0.45,20.0,1.0,25,1,200,0.002,100,10.0,1.0,0,193,0,0.965,0.3653339262750932,-0.3920033597894179,-1.3206506623247516,0.0235315532210742,0.0334463279821187,0.0801980175766602,1.7603902220626453,1.0989848528540294,0.382880506813041,0.2896514199313452,1.0346338545661222,1.0711708924465009,0.8498926428782005,-9.7066741134301
252,30252,30252,30252,35ace65,ckpt_sac_full_00049992,0,0,0,timeout,200,442.71125202703104,,,-1,0,30.0,0.45,20.0,1.0,25,1,200,0.002,100,10.0,1.0,0,118,0,0.59,0.3826983422642185,-0.6948858904483893,0.8287632214917169,0.0273687442850809,0.0402489887769128,0.1170567181005849,1.0264156030473175,0.6222840517789531,0.3819794339227503,0.542407619684696,1.0208407999140452,1.0812875464052665,0.9404084988789664,-4.983193056277794
253,30253,30253,30253,35ace65,ckpt_sac_full_00049992,0,0,0,timeout,200,310.102095641384,,,-1,1,30.0,0.45,20.0,1.0,25,1,200,0.002,100,10.0,1.0,0,193,0,0.965,0.348972912622837,-0.3492854034506482,0.5436779702658678,0.0275093882193075,0.0320884237503892,0.0768644820292975,1.614381199615209,1.045112863153396,0.3743972768338118,0.5342659859652046,1.0633446042117356,1.061102943790437,0.9760403456701456,-13.504198125047807
254,30254,30254,30254,35ace65,ckpt_sac_full_00049992,0,0,0,timeout,200,277.78161994637617,,,-1,1,30.0,0.45,20.0,1.0,25,1,200,0.002,100,10.0,1.0,0,181,0,0.905,0.3034465478217452,-0.726314862571341,0.6284729836608727,0.0237649711837083,0.0303176791537595,0.0679509068014807,1.2578789015263117,1.320579594556851,0.3057316761767935,0.2323914569710258,1.0835095151940943,1.00728363858351,1.2408244322623951,1.011694777983478
255,30255,30255,30255,35ace65,ckpt_sac_full_00049992,0,0,0,timeout,200,199.2973905890521,,,-1,1,30.0,0.45,20.0,1.0,25,1,200,0.002,100,10.0,1.0,0,190,0,0.95,0.3388200418972331,-0.196491956201567,3.099097444287411,0.0268245161649064,0.0323382552762072,0.0774408908641898,1.0959789382309864,0.9003749282318709,0.3310325244168982,0.4072715967834207,0.966215311213941,1.1139722244665182,1.0724815825123408,-20.87247342279851
256,30256,30256,30256,35ace65,ckpt_sac_full_00049992,0,0,0,timeout,200,340.9240163408725,,,-1,0,30.0,0.45,20.0,1.0,25,1,200,0.002,100,10.0,1.0,0,166,0,0.83,0.3792607031016152,-0.449169726153581,0.3118526407057156,0.0209528487833147,0.0386373150335414,0.1104050024466872,1.6604990266714708,1.2953113312588465,0.3002455476288614,0.5795587346554499,0.999032314040104,1.076802490832524,1.1030256865212116,-9.821264581003897
257,30257,30257,30257,35ace65,ckpt_sac_full_00049992,0,0,0,timeout,200,187.26548823701825,,,-1,1,30.0,0.45,20.0,1.0,25,1,200,0.002,100,10.0,1.0,0,185,0,0.925,0.3381792459553708,-0.2169709338792794,-1.007568693989772,0.0269718836284928,0.0325152378304041,0.0467651351823475,1.6712301059864525,0.8167834134056997,0.3054436149156768,0.4519271645998349,0.9595138081373704,1.033583096816777,1.0319241753015858,-10.605641719589505
258,30258,30258,30258,35ace65,ckpt_sac_full_00049992,0,0,0,timeout,200,412.7381108155424,,,-1,1,30.0,0.45,20.0,1.0,25,1,200,0.002,100,10.0,1.0,40,171,0,0.855,0.3239301328495993,-0.6387236321428728,-1.135291910097564,0.0217282166716146,0.0345852229633492,0.1189591640437755,1.7612241351856273,0.9315145566802316,0.3812678387459957,0.5884841609354261,1.076870259018478,1.0329793615530556,0.938287069241464,-48.371795975078406
259,30259,30259,30259,35ace65,ckpt_sac_full_00049992,0,0,0,timeout,200,306.53836055082274,,,-1,1,30.0,0.45,20.0,1.0,25,1,200,0.002,100,10.0,1.0,0,150,0,0.75,0.3773665496620266,-0.211186421925987,-1.011290565300878,0.0255024478504217,0.0338758283236161,0.0534694583155494,1.954586529020496,1.116338285784818,0.3618762388965189,0.6429122416381781,1.0369374971886405,1.0776992718079763,1.0755578356903468,-19.724697275936737
260,30260,30260,30260,35ace65,ckpt_sac_full_00049992,0,0,0,timeout,200,277.2931715253021,,,-1,0,30.0,0.45,20.0,1.0,25,1,200,0.002,100,10.0,1.0,0,182,0,0.91,0.3669213319975187,-0.5237693664356645,2.9754113275475627,0.0255169360179407,0.03776060395918,0.0656758293088974,1.1093159736457945,1.2156102885758222,0.3107567616732283,0.3020367295362641,1.0460722126780269,0.8970663542269902,1.1363388429698458,-18.01596733534009
261,30261,30261,30261,35ace65,ckpt_sac_full_00049992,0,0,0,timeout,200,312.8896194460022,,,-1,1,30.0,0.45,20.0,1.0,25,1,200,0.002,100,10.0,1.0,0,184,0,0.92,0.3007924042856028,-0.5865860517654531,2.810852011988201,0.0254064280078768,0.0322165554561947,0.0903641476171484,1.4197128171587496,1.1958905934471509,0.3294236921920316,0.4488430095469662,0.9839747107694848,1.0131610661240933,0.8404124525612041,-11.280796894429074
262,30262,30262,30262,35ace65,ckpt_sac_full_00049992,0,0,0,timeout,200,377.808517134758,,,-1,1,30.0,0.45,20.0,1.0,25,1,200,0.002,100,10.0,1.0,0,145,0,0.725,0.3819895958234998,-0.6817320022336175,-1.9534823597961124,0.0204025136874865,0.0363171266552538,0.0311690024502085,1.190064724063828,0.8544456865562622,0.3440617937271716,0.4063454924195213,1.1329259978063833,1.0984118347696852,0.9406449639830428,-10.804580030151673
263,30263,30263,30263,35ace65,ckpt_sac_full_00049992,0,0,0,timeout,200,234.95476374903944,,,-1,0,30.0,0.45,20.0,1.0,25,1,200,0.002,100,10.0,1.0,0,176,0,0.88,0.3472330343251428,-0.1860164181623259,0.8851952434892834,0.0252914943811297,0.035769521945694,0.117870927216877,1.585173188965154,0.6330410108255259,0.3221982205580027,0.5276392684097183,1.044380896353658,1.0569067305651672,1.255995713399173,-24.106429983563
264,30264,30264,30264,35ace65,ckpt_sac_full_00049992,0,0,0,timeout,200,327.8286860738509,,,-1,1,30.0,0.45,20.0,1.0,25,1,200,0.002,100,10.0,1.0,0,174,0,0.87,0.3860330896627256,-0.6307123476580163,2.751021650317388,0.0207849606074991,0.0342106605328048,0.0447175691162297,1.7773436387666293,1.2755671030885685,0.330504196550975,0.3079379276856369,1.0169063809284242,0.9698872893069306,1.138985456366064,-14.297213828745432
265,30265,30265,30265,35ace65,ckpt_sac_full_00049992,0,0,0,timeout,200,273.59594884125966,,,-1,1,30.0,0.45,20.0,1.0,25,1,200,0.002,100,10.0,1.0,0,194,0,0.97,0.381684895527201,-0.2043669698309439,-0.0700113875840959,0.0259693545137197,0.0331026383375944,0.0389865305553587,1.1295110404559745,0.7231494562481062,0.3064659193535216,0.5850447189407522,0.9972050914827544,1.0215338074001006,1.0878188012413077,-10.806741189463844
266,30266,30266,30266,35ace65,ckpt_sac_full_00049992,0,0,0,timeout,200,362.16153451949793,,,-1,0,30.0,0.45,20.0,1.0,25,1,200,0.002,100,10.0,1.0,0,174,0,0.87,0.3640694431220091,-0.5437090800204204,-2.950057710464443,0.0209039299359897,0.0386631510860633,0.0460469327607129,0.8251269212824732,0.6296126583932286,0.3634253417807144,0.497232354685531,1.0608271348719964,1.102939505504874,1.050109083822663,-36.10791062409292
267,30267,30267,30267,35ace65,ckpt_sac_full_00049992,0,0,0,timeout,200,359.8112480958821,,,-1,0,30.0,0.45,20.0,1.0,25,1,200,0.002,100,10.0,1.0,0,174,0,0.87,0.3667967420366572,-0.6600876050387051,1.4586876791086336,0.0230621222532594,0.0390024587381319,0.0745822253527182,1.5031500128366222,0.63769075485099,0.3074426517243437,0.4533536944914472,1.1063888123020185,0.9970419112823424,0.9869232141414748,-21.547012346998194
268,30268,30268,30268,35ace65,ckpt_sac_full_00049992,0,0,0,timeout,200,477.7314975724623,,,-1,0,30.0,0.45,20.0,1.0,25,1,200,0.002,100,10.0,1.0,0,172,0,0.86,0.3571771669969497,-0.2474563075177057,0.1973870096471439,0.025436215544662,0.0341507832853424,0.0648220502625756,1.6353334374442747,0.8037749420060705,0.3076271896858453,0.4172478507749038,1.0278454987963133,0.9585207256058677,1.167852763724142,-38.31465359980845
269,30269,30269,30269,35ace65,ckpt_sac_full_00049992,0,0,0,timeout,200,359.04405179019426,,,-1,1,30.0,0.45,20.0,1.0,25,1,200,0.002,100,10.0,1.0,0,173,0,0.865,0.3407566016078842,-0.5659055933909695,0.9181215568034116,0.0262466727419461,0.038233772600218,0.0410004372476595,1.5490364457588348,0.8339952610574745,0.320532943308849,0.5834465307914602,1.0714395398574192,0.9417830500352938,1.14691185399071,-13.67924727351414
270,30270,30270,30270,35ace65,ckpt_sac_full_00049992,0,0,0,timeout,200,285.38811745647826,,,-1,1,30.0,0.45,20.0,1.0,25,1,200,0.002,100,10.0,1.0,0,184,0,0.92,0.308077738849889,-0.5501259037967897,-0.2267352823640158,0.0255026311936576,0.0357205108437565,0.083907684943045,0.8902024294293893,1.1319025292825722,0.3655953225668614,0.3088788153944193,1.1328809350440028,0.939685795705239,1.3369986512141456,-27.22147919053793
271,30271,30271,30271,35ace65,ckpt_sac_full_00049992,0,0,0,timeout,200,304.5746429429776,,,-1,1,30.0,0.45,20.0,1.0,25,1,200,0.002,100,10.0,1.0,0,181,0,0.905,0.3802672249073635,-0.4134148949930418,0.3365512412235691,0.0263790381701983,0.0324575669974685,0.1092729600393194,1.904267409440742,1.06239344018676,0.3283931237981268,0.4636700612067431,1.027138328520843,1.0226646678877171,1.0889990894604122,-9.939266960083106
272,30272,30272,30272,35ace65,ckpt_sac_full_00049992,0,0,0,timeout,200,182.1309285054971,,,-1,1,30.0,0.45,20.0,1.0,25,1,200,0.002,100,10.0,1.0,0,191,0,0.955,0.3600536791765962,-0.2845246384463327,-2.379674623866038,0.0253610037150586,0.0335304243420926,0.0579416553743556,1.2649003964061525,0.8019653733407921,0.3642279669858749,0.2237784856327698,0.9265117087983196,0.9885612956408704,1.0611335342872714,-8.22773104690622
273,30273,30273,30273,35ace65,ckpt_sac_full_00049992,0,0,0,timeout,200,239.05046067029585,,,-1,1,30.0,0.45,20.0,1.0,25,1,200,0.002,100,10.0,1.0,0,192,0,0.96,0.3036510994777876,-0.3976366121405371,2.8086279356743384,0.0264453173321275,0.0322177882205258,0.0565834215983658,1.534626744918714,1.0478153433287898,0.3124995695956699,0.3987670166201661,0.996279211716986,1.0154592840400525,0.9678895401428272,-14.965343177268863
274,30274,30274,30274,35ace65,ckpt_sac_full_00049992,0,0,0,timeout,200,270.44997914230186,,,-1,1,30.0,0.45,20.0,1.0,25,1,200,0.002,100,10.0,1.0,0,176,0,0.88,0.3583576997367187,-0.5455281508965255,-1.4609552486913544,0.0209268223015255,0.0304560623575548,0.0621415182062593,1.6487995490732337,0.6092999131353642,0.3885809178294848,0.1911308340318418,1.0010219585265847,1.1049887086332504,1.2292013891918012,-14.003993235831045
275,30275,30275,30275,35ace65,ckpt_sac_full_00049992,0,0,0,timeout,200,331.1761945197891,,,-1,1,30.0,0.45,20.0,1.0,25,1,200,0.002,100,10.0,1.0,0,193,0,0.965,0.3258732793517104,-0.4786265731227335,-1.182115424637677,0.0214972692941389,0.0356349686274177,0.0667907746378515,1.0132238947598704,1.349611866177587,0.3501571422387639,0.5429704145321498,1.1050038194959615,1.0574864422084798,1.1017590343638748,-23.589531144156005
276,30276,30276,30276,35ace65,ckpt_sac_full_00049992,0,0,0,timeout,200,207.57499539005923,,,-1,1,30.0,0.45,20.0,1.0,25,1,200,0.002,100,10.0,1.0,0,194,0,0.97,0.3237953213907166,-0.2130909659712891,-2.1599704401611013,0.0237026918724455,0.0345615244133477,0.0794645183286217,1.4264244714005474,1.2477086158080797,0.3164014305693848,0.4470422035909949,1.012396668386873,1.0012098149963775,1.2282944438208945,-17.212016461935264
277,30277,30277,30277,35ace65,ckpt_sac_full_00049992,0,0,0,timeout,200,383.86977962719504,,,-1,0,30.0,0.45,20.0,1.0,25,1,200,0.002,100,10.0,1.0,0,164,0,0.82,0.3694203847319374,-0.5950892517449942,-2.1657783245676594,0.0240042583682198,0.0402396440664255,0.0338277156309501,1.220695359125526,1.3497220873368765,0.3076217465540227,0.5998808687263717,0.9507985954659576,0.9699556030138332,1.048943434640138,-18.041387298279165
278,30278,30278,30278,35ace65,ckpt_sac_full_00049992,0,0,0,timeout,200,334.0329558560926,,,-1,1,30.0,0.45,20.0,1.0,25,1,200,0.002,100,10.0,1.0,0,174,0,0.87,0.3175876316223204,-0.6361838161686509,-1.3669061473531845,0.024636980677344,0.0317389936697569,0.071519224752066,1.2703972134424075,1.0325717278137363,0.328564883493041,0.4500102538585017,1.079398244821275,0.9557352590128888,1.1362428677402,-17.725165440805768
279,30279,30279,30279,35ace65,ckpt_sac_full_00049992,0,0,0,timeout,200,139.06642585439536,,,-1,1,30.0,0.45,20.0,1.0,25,1,200,0.002,100,10.0,1.0,0,188,0,0.94,0.3067844485463684,-0.2052109666102467,2.7702809375940367,0.0207262520519355,0.0324874201931057,0.0357852219293637,1.898628130595955,0.7709828247949922,0.3621899745264104,0.1799173378397097,1.0302988760544391,1.004744733204818,1.1226381678353134,-14.71051410262314
280,30280,30280,30280,35ace65,ckpt_sac_full_00049992,0,0,0,timeout,200,317.51463309174983,,,-1,1,30.0,0.45,20.0,1.0,25,1,200,0.002,100,10.0,1.0,0,195,0,0.975,0.3379883464843293,-0.3305286578357956,2.306475835278973,0.0239298058452523,0.0303492838338419,0.030684743593636,1.532173535739476,1.271879455850529,0.3243642997186134,0.6686316275063926,1.029778994456851,1.0766815812442163,1.1624487668266354,-18.44010092474536
281,30281,30281,30281,35ace65,ckpt_sac_full_00049992,0,0,0,timeout,200,335.6688715067489,,,-1,0,30.0,0.45,20.0,1.0,25,1,200,0.002,100,10.0,1.0,0,181,0,0.905,0.3458058567740517,-0.5904613267467067,2.440384886275222,0.0219002104912369,0.0297603164680922,0.0987359405569614,1.1656843227485785,0.797865825456251,0.3558922822686534,0.4063179621284966,1.0941839640868702,1.013936240154254,1.10390799597435,-17.143951084387556
282,30282,30282,30282,35ace65,ckpt_sac_full_00049992,0,0,0,timeout,200,427.77271645662495,,,-1,0,30.0,0.45,20.0,1.0,25,1,200,0.002,100,10.0,1.0,0,174,0,0.87,0.3641044236131821,-0.603520599394644,-1.6666954764525432,0.0224754497675542,0.0334681506572175,0.0981323640990559,1.413561048909593,0.8499006099048546,0.3529461588430236,0.6739574474028904,1.041716320076395,1.0449459838525066,1.1363797997678382,-0.2434003859285806
283,30283,30283,30283,35ace65,ckpt_sac_full_00049992,0,0,0,timeout,200,156.16524920847493,,,-1,1,30.0,0.45,20.0,1.0,25,1,200,0.002,100,10.0,1.0,0,191,0,0.955,0.3233222884565204,-0.22935167301866,-1.313648893115991,0.0249402853517179,0.0326678107353133,0.0595758428431874,1.2282881239347907,1.0395196695533726,0.3000024648604984,0.2717274034535783,1.069041744803778,1.0093610236601518,0.9097126398649882,-18.79076687047905
284,30284,30284,30284,35ace65,ckpt_sac_full_00049992,0,0,0,timeout,200,325.18720611577913,,,-1,1,30.0,0.45,20.0,1.0,25,1,200,0.002,100,10.0,1.0,0,180,0,0.9,0.336269493851666,-0.4764302293929474,1.4301249405625676,0.0210348365052038,0.0401912373505204,0.0540058447913906,1.8481910080459072,0.9942827727970184,0.3827297813981116,0.4941384900841953,1.0277974180584148,1.0348224022596704,1.078895154762698,-1.330274605125972
285,30285,30285,30285,35ace65,ckpt_sac_full_00049992,0,0,0,timeout,200,324.3030165628314,,,-1,1,30.0,0.45,20.0,1.0,25,1,200,0.002,100,10.0,1.0,0,182,0,0.91,0.3234378067711286,-0.5319407750708987,-0.4435125465567897,0.0209183142068419,0.0375018309471977,0.0564692209956202,1.736609429825014,0.8758449849493557,0.3322947017008026,0.4985025766513665,1.0540552088323,0.9925374481001876,0.9808622164345984,-0.7459894661368012
286,30286,30286,30286,35ace65,ckpt_sac_full_00049992,0,0,0,timeout,200,169.19273559653365,,,-1,1,30.0,0.45,20.0,1.0,25,1,200,0.002,100,10.0,1.0,0,184,0,0.92,0.3762723999863717,-0.2501806336187788,-2.8719764705109645,0.024147554707674,0.032144088532892,0.0487367807183762,1.8845373974054072,0.7122813235099437,0.3551679491554896,0.2131838041815094,0.9900894567675712,1.0149702886515843,1.0698818357757065,-15.234148676295575
287,30287,30287,30287,35ace65,ckpt_sac_full_00049992,0,0,0,timeout,200,309.39652387803585,,,-1,1,30.0,0.45,20.0,1.0,25,1,200,0.002,100,10.0,1.0,0,180,0,0.9,0.3306300167173269,-0.5856002876398179,2.1816202664232263,0.0270776744809712,0.0322025901845441,0.0315178843216797,0.9566483475215244,0.6030366078376921,0.3791302579059544,0.3080036004146226,1.0316487077175072,0.9293960833454026,0.958054510246524,-19.688013451702595
288,30288,30288,30288,35ace65,ckpt_sac_full_00049992,0,0,0,timeout,200,409.6503208436256,,,-1,0,30.0,0.45,20.0,1.0,25,1,200,0.002,100,10.0,1.0,0,150,0,0.75,0.3755637950445305,-0.639373091266366,3.121590499839312,0.022424027739504,0.0379033766954019,0.0875856354460966,1.1574102699036155,0.8390699889649688,0.3559072953779969,0.5465080669849242,1.0166244314243196,0.9903813303376422,1.1691997092814268,-8.910185602427877
289,30289,30289,30289,35ace65,ckpt_sac_full_00049992,0,0,0,timeout,200,360.64028187070136,,,-1,0,30.0,0.45,20.0,1.0,25,1,200,0.002,100,10.0,1.0,0,169,0,0.845,0.3843913992351884,-0.6535244730122941,0.1235654331471858,0.0268698762223449,0.0331565141731913,0.0602492333343827,1.506027417784236,1.3189260799888447,0.3793243581550822,0.3287411284437572,0.9754008923928428,0.9954595033047994,1.016642727483024,-14.337242122018996
290,30290,30290,30290,35ace65,ckpt_sac_full_00049992,0,0,0,timeout,200,347.84153374254885,,,-1,1,30.0,0.45,20.0,1.0,25,1,200,0.002,100,10.0,1.0,0,166,0,0.83,0.3742897740611126,-0.3348901699014999,1.5228088194884917,0.0209376831012783,0.0344665615101983,0.0791765852325606,1.1807956289828692,0.7955952740310136,0.3526790341401297,0.6614462149154294,1.0382043420073634,1.0561552131533574,0.9038435051826212,-4.425730038731117
291,30291,30291,30291,35ace65,ckpt_sac_full_00049992,0,0,0,timeout,200,323.2109485782085,,,-1,1,30.0,0.45,20.0,1.0,25,1,200,0.002,100,10.0,1.0,0,187,0,0.935,0.3118431571223471,-0.4151158611316773,2.2491412433239537,0.0256999630354991,0.0341581844261262,0.0942437784743113,1.766880633119662,1.3515413888907253,0.3173059688529172,0.6633033793102567,0.9361514478862756,1.0166962707543452,0.9562639632324283,-13.036632956274431
292,30292,30292,30292,35ace65,ckpt_sac_full_00049992,0,0,0,timeout,200,266.85494569233344,,,-1,1,30.0,0.45,20.0,1.0,25,1,200,0.002,100,10.0,1.0,0,193,0,0.965,0.357052808240497,-0.2950443443195977,-0.9775653727415596,0.0236123875102219,0.0327690075805831,0.0346056257816828,1.7247916903383416,0.986944047603618,0.3223703265555511,0.5060685122222892,0.983106362102294,1.0446445770922037,1.2199272356580324,-11.33208891717217
293,30293,30293,30293,35ace65,ckpt_sac_full_00049992,0,0,0,timeout,200,367.35995108938334,,,-1,0,30.0,0.45,20.0,1.0,25,1,200,0.002,100,10.0,1.0,0,159,0,0.795,0.3775639101694593,-0.6017702628404689,-0.6823854418137079,0.0263061211097665,0.0362716371283277,0.083707416313528,1.2443801265546115,0.723671708336528,0.3534480509433213,0.4493378323655294,0.9975616121028654,1.0719339332677391,0.8931376651609051,-17.667423082540918
294,30294,30294,30294,35ace65,ckpt_sac_full_00049992,0,0,0,timeout,200,216.64940271463877,,,-1,1,30.0,0.45,20.0,1.0,25,1,200,0.002,100,10.0,1.0,0,182,0,0.91,0.3766418738955809,-0.1705677511823089,2.932174343154702,0.0207836667731285,0.0315625612201607,0.1128577498395379,1.0867868318984184,1.0108846375989222,0.3456425506267389,0.4328602035368418,1.009247042737765,1.0610342286555616,0.967817158787003,-11.236018907851726
295,30295,30295,30295,35ace65,ckpt_sac_full_00049992,0,0,0,timeout,200,286.50604380695256,,,-1,1,30.0,0.45,20.0,1.0,25,1,200,0.002,100,10.0,1.0,0,185,0,0.925,0.3347956376357402,-0.2769222241086282,-0.4982469327590761,0.0242391345917978,0.0392063158106862,0.1065678026044988,1.506644633301192,1.2092873219808316,0.3642215284434828,0.5730221148583046,0.9736346775257771,1.0169287543800674,0.9508520745222088,-6.867733586860956
296,30296,30296,30296,35ace65,ckpt_sac_full_00049992,0,0,0,timeout,200,376.0701836897431,,,-1,1,30.0,0.45,20.0,1.0,25,1,200,0.002,100,10.0,1.0,0,182,0,0.91,0.3277083918057721,-0.4752912801145093,-0.1542445239546368,0.0275539243345562,0.0339245651084989,0.0374521828683676,1.22010800003123,0.7428013456423993,0.35100296617483,0.6974659128163366,1.0349344332211987,0.9900663876358377,0.8953140438760958,-20.933429254082064
297,30297,30297,30297,35ace65,ckpt_sac_full_00049992,0,0,0,timeout,200,375.5209394569184,,,-1,0,30.0,0.45,20.0,1.0,25,1,200,0.002,100,10.0,1.0,0,177,0,0.885,0.3066746000364562,-0.4330525509371578,-1.558952229856564,0.0227798004737796,0.0374079386835733,0.0485526608402117,1.0019623958102473,1.0191460050217669,0.3811710047716906,0.704389383333512,0.9685410708932044,1.0961570504934115,1.0059150029148278,-27.116006470444542
298,30298,30298,30298,35ace65,ckpt_sac_full_00049992,0,0,0,timeout,200,363.092176766562,,,-1,1,30.0,0.45,20.0,1.0,25,1,200,0.002,100,10.0,1.0,0,191,0,0.955,0.3191485083785983,-0.6010191826954493,-1.3798502341497865,0.026254612269622,0.0335347790995033,0.1147283866407463,1.684725137105194,1.2809805329280417,0.3443868101606377,0.5548853179364669,0.937394792298693,1.0334203529457109,0.8765294236623898,-10.480781799531025
299,30299,30299,30299,35ace65,ckpt_sac_full_00049992,0,0,0,timeout,200,181.9753249839918,,,-1,0,30.0,0.45,20.0,1.0,25,1,200,0.002,100,10.0,1.0,0,191,0,0.955,0.3248490169259891,-0.2731159139849713,-2.4382951002534474,0.0267961188436457,0.0378699160605853,0.1093809998274813,0.8127636288718233,1.094027478070034,0.3099997323556897,0.4244865575769129,0.9616627392678676,1.0221133230927948,0.9732137082113724,-3.824051528230952
300,30300,30300,30300,35ace65,ckpt_sac_full_00049992,0,0,0,timeout,200,203.97446857277436,,,-1,0,30.0,0.45,20.0,1.0,25,1,200,0.002,100,10.0,1.0,0,195,0,0.975,0.3504406779296724,-0.3545684552237647,-2.659880340765211,0.0258434856309981,0.0401286598730381,0.0608477213361815,1.209317651345155,0.6576825731770993,0.366357519203232,0.2197123055593149,1.108892926159925,1.0677394324848732,1.12172780241625,-12.760095755461784
301,30301,30301,30301,35ace65,ckpt_sac_full_00049992,0,0,0,timeout,200,233.76048224391883,,,-1,0,30.0,0.45,20.0,1.0,25,1,200,0.002,100,10.0,1.0,0,187,0,0.935,0.3277285578642795,-0.5159903705622966,-2.4566994831572098,0.0230518219813562,0.0402086941750862,0.0321672264792938,1.9999950691389756,1.0810047853441584,0.3276777705813895,0.2130722658548654,1.032719605595927,0.9483012530495992,1.1612177823369576,-8.68095248447295
302,30302,30302,30302,35ace65,ckpt_sac_full_00049992,0,0,0,timeout,200,282.99624299434686,,,-1,1,30.0,0.45,20.0,1.0,25,1,200,0.002,100,10.0,1.0,0,187,0,0.935,0.3895553839577309,-0.4853321102933048,1.7250556147766112,0.0215713069518453,0.0369361109673278,0.0812862398280353,0.9322854830463048,1.3402281116086476,0.3881279916519432,0.3047540124425787,0.9994745856353008,1.0250867463847264,1.107208652834871,-1.3638397285543007
303,30303,30303,30303,35ace65,ckpt_sac_full_00049992,0,0,0,timeout,200,292.9216559424659,,,-1,1,30.0,0.45,20.0,1.0,25,1,200,0.002,100,10.0,1.0,0,179,0,0.895,0.3621432910935346,-0.4264394229118007,-2.711053620624684,0.0205721245486321,0.0319053119554718,0.1166565418295807,1.5748373013929728,1.1470672906981998,0.3792399184789365,0.3847690113293064,1.092948475624038,0.9984619783980104,1.0349549218148293,-19.742177189512766
304,30304,30304,30304,35ace65,ckpt_sac_full_00049992,0,0,0,timeout,200,252.304066009354,,,-1,1,30.0,0.45,20.0,1.0,25,1,200,0.002,100,10.0,1.0,0,186,0,0.93,0.3893656249497912,-0.4029036254426412,0.8025273014200813,0.0250739200971377,0.0355359763833108,0.0364846195313837,1.4355667852632197,1.2840453111909864,0.3262509825027065,0.2967089852842787,0.9469928568118372,1.0050942468362478,1.0125841521694483,-54.46900535372131
305,30305,30305,30305,35ace65,ckpt_sac_full_00049992,0,0,0,timeout,200,398.9434821815907,,,-1,0,30.0,0.45,20.0,1.0,25,1,200,0.002,100,10.0,1.0,0,177,0,0.885,0.3431608097925188,-0.5009327378775994,2.38366851318363,0.0239374879239428,0.0365587751149396,0.0768564876861745,1.9779068957815975,1.196678945030313,0.3722499803909321,0.677699327534086,1.0286037644252295,1.0428004558389574,1.0514023015306786,-16.585615781183726
306,30306,30306,30306,35ace65,ckpt_sac_full_00049992,0,0,0,timeout,200,206.51131365792247,,,-1,1,30.0,0.45,20.0,1.0,25,1,200,0.002,100,10.0,1.0,0,190,0,0.95,0.3727773448059208,-0.2096167997911383,-0.3275648527684454,0.0221724740032204,0.0389814564808595,0.0371663029024216,1.112454380416825,1.2876282330058215,0.3823806808446807,0.358765030358652,1.114665467673841,1.0346178121888905,0.9163527670008575,-12.00582242936561
307,30307,30307,30307,35ace65,ckpt_sac_full_00049992,0,0,0,timeout,200,265.91510546609874,,,-1,1,30.0,0.45,20.0,1.0,25,1,200,0.002,100,10.0,1.0,0,182,0,0.91,0.3143575411451534,-0.3569914664603327,0.4366131391765222,0.0260713471248106,0.0311044730677162,0.0989820107131407,1.883345235849538,1.0051474431291,0.3044729176628257,0.6208298097674516,1.0062079263448815,1.025573378139128,0.7930566234765946,-3.2827742587883257
308,30308,30308,30308,35ace65,ckpt_sac_full_00049992,0,0,0,timeout,200,395.3070229011813,,,-1,0,30.0,0.45,20.0,1.0,25,1,200,0.002,100,10.0,1.0,0,172,0,0.86,0.3669605756231135,-0.7203702986312736,-0.8327233425209091,0.0213469598925652,0.0367236736034925,0.1124865975800022,1.5032619191859529,1.2185677190947874,0.3245555825259811,0.4885761396245541,0.9994846992061308,1.0321776765767117,1.1084536251767532,-3.215945977678619
309,30309,30309,30309,35ace65,ckpt_sac_full_00049992,0,0,0,timeout,200,331.74109668466565,,,-1,0,30.0,0.45,20.0,1.0,25,1,200,0.002,100,10.0,1.0,0,180,0,0.9,0.3658536731322131,-0.6537581103381715,-2.071030760437648,0.0275199093555076,0.0341377747740719,0.0666912577780689,1.3537379312269944,0.890974655292988,0.3700297070468452,0.2817719824261638,1.0006269740077995,0.9591791783782874,0.9817958448649424,-6.957895988241106
310,30310,30310,30310,35ace65,ckpt_sac_full_00049992,0,0,0,timeout,200,291.5985952191033,,,-1,1,30.0,0.45,20.0,1.0,25,1,200,0.002,100,10.0,1.0,0,189,0,0.945,0.3286251851456097,-0.5675241180434775,0.6515082526690956,0.0216337700771844,0.0370880215950575,0.0410568347549309,1.894787175300665,1.33540882894991,0.3404728599562743,0.3345915716418038,1.1010812380226551,1.085143313721734,1.150967141573793,-10.151358239009255
311,30311,30311,30311,35ace65,ckpt_sac_full_00049992,0,0,0,timeout,200,283.520023357251,,,-1,1,30.0,0.45,20.0,1.0,25,1,200,0.002,100,10.0,1.0,0,191,0,0.955,0.3454341607733416,-0.5260079351037857,2.756245554085311,0.0212240574553101,0.032156269352252,0.0724403527851855,1.4073274876921384,0.9221343230120648,0.3705901600829298,0.2853309984558337,1.0792032133107885,1.003890886403329,0.8234574007352712,-20.433015835659734
312,30312,30312,30312,35ace65,ckpt_sac_full_00049992,0,0,0,timeout,200,376.1951510545321,,,-1,1,30.0,0.45,20.0,1.0,25,1,200,0.002,100,10.0,1.0,0,174,0,0.87,0.3568594150189039,-0.5118597919564973,-1.9597643542490912,0.0225793053215423,0.0300756879016859,0.1045740472515478,1.9786911260688165,1.1772807758938706,0.3409565346054719,0.6264729513913747,1.1225319829887777,0.9881545281303552,1.2785632897075638,-1.0085604137585695
313,30313,30313,30313,35ace65,ckpt_sac_full_00049992,0,0,0,timeout,200,284.8443351402589,,,-1,1,30.0,0.45,20.0,1.0,25,1,200,0.002,100,10.0,1.0,0,193,0,0.965,0.3767031852244817,-0.4738476325188697,2.584403660992741,0.0273016779167281,0.0310996867013721,0.0410932739418378,1.017255081336912,1.3391606610735731,0.3191921114265385,0.3541614426894462,1.0470689704848413,1.0044718598445594,1.195434820014202,-39.30118766898696
314,30314,30314,30314,35ace65,ckpt_sac_full_00049992,0,0,0,timeout,200,329.0003964647998,,,-1,1,30.0,0.45,20.0,1.0,25,1,200,0.002,100,10.0,1.0,0,195,0,0.975,0.334368363002396,-0.6870419082387773,-1.1512916021139057,0.0257461030530058,0.0340939698085306,0.1152833587265886,1.6614524569879126,0.8225939503692047,0.3684113761993547,0.2828487007484496,1.088852641309748,1.0628312399547188,1.0487560082329068,-12.736999633035138
315,30315,30315,30315,35ace65,ckpt_sac_full_00049992,0,0,0,timeout,200,245.57588026524533,,,-1,1,30.0,0.45,20.0,1.0,25,1,200,0.002,100,10.0,1.0,0,188,0,0.94,0.3450142128174827,-0.4689761657623009,-1.7805640956538793,0.0266595925896259,0.0321412490201276,0.1019999928447933,0.8036471140551442,0.6982136097030996,0.3750748759931811,0.2221686888783494,1.0435727774767611,0.9374046481402312,1.1528455149916363,-12.04042317831622
316,30316,30316,30316,35ace65,ckpt_sac_full_00049992,0,0,0,timeout,200,344.14280079616043,,,-1,1,30.0,0.45,20.0,1.0,25,1,200,0.002,100,10.0,1.0,0,190,0,0.95,0.3666034135029483,-0.4089104231338655,-1.716238928581311,0.0244169465085016,0.0362139172739687,0.0904502581235613,0.8868866077644844,1.37015631428846,0.3333927383750295,0.6149938910704953,1.0620517969306766,1.0183302638164455,1.0118339861568169,-13.514756876401178
317,30317,30317,30317,35ace65,ckpt_sac_full_00049992,0,0,0,timeout,200,347.09933341357754,,,-1,1,30.0,0.45,20.0,1.0,25,1,200,0.002,100,10.0,1.0,0,182,0,0.91,0.3069098129605864,-0.6318704294901936,-0.5377637410597229,0.0275326772857992,0.0329836055814425,0.0733588513192019,1.6573260379156327,1.2335642254376769,0.35668096066195,0.4597965515422505,1.0431963453191124,0.9863667816903632,1.0907990879472504,-26.66286672376341
318,30318,30318,30318,35ace65,ckpt_sac_full_00049992,0,0,0,timeout,200,219.31438296822145,,,-1,1,30.0,0.45,20.0,1.0,25,1,200,0.002,100,10.0,1.0,0,190,0,0.95,0.3733789997912311,-0.3983985569884469,1.0060888850717786,0.025945654687455,0.0317081346484632,0.0377449223009397,1.3831662739114987,0.8561461665503747,0.3858164791746414,0.1867870663054709,0.964253850095715,1.1110810472770136,1.1012894298898848,-19.57939319729343
319,30319,30319,30319,35ace65,ckpt_sac_full_00049992,0,0,0,timeout,200,254.6709129471183,,,-1,1,30.0,0.45,20.0,1.0,25,1,200,0.002,100,10.0,1.0,0,179,0,0.895,0.3211201292959073,-0.2872142751967648,1.9776092538223848,0.0218504374617888,0.0300584098053671,0.0483548123177155,0.8603326635710521,0.934154732659092,0.3547701901972181,0.4830863447022204,1.0332034647501511,1.100262277430747,0.9694511456994702,-8.850258536797773
320,30320,30320,30320,35ace65,ckpt_sac_full_00049992,0,0,0,timeout,200,229.3412255263692,,,-1,1,30.0,0.45,20.0,1.0,25,1,200,0.002,100,10.0,1.0,0,185,0,0.925,0.3655373795768563,-0.3081213012156742,-1.1561683336983644,0.0239461764595553,0.0304829187066816,0.0418842023844921,1.087966901082807,1.0445570476038806,0.3305398119876258,0.3886498867765207,1.0610478055963874,1.0876985558925008,1.119769905448785,-0.9124387452011014
321,30321,30321,30321,35ace65,ckpt_sac_full_00049992,0,0,0,timeout,200,386.0623554063964,,,-1,1,30.0,0.45,20.0,1.0,25,1,200,0.002,100,10.0,1.0,0,174,0,0.87,0.384081200235963,-0.6605211906383798,-2.2524924168388583,0.0212014048061086,0.0327603752891023,0.0822014349852061,1.4323453605380507,0.7371914572081193,0.3625339058505168,0.4252901968446543,1.0528956013550963,0.9581544211100912,1.112862302017786,-7.191908717172497
322,30322,30322,30322,35ace65,ckpt_sac_full_00049992,0,0,0,timeout,200,213.6153237736332,,,-1,1,30.0,0.45,20.0,1.0,25,1,200,0.002,100,10.0,1.0,0,191,0,0.955,0.3321919933761413,-0.2157389922800683,1.5703925836094177,0.0210107321226684,0.0311917895478622,0.0472317669348482,1.5658540054920926,1.040968859334476,0.309239739107211,0.4596257482754114,1.105978750596018,1.0227548892466778,1.175710115330573,-13.128580856427154
323,30323,30323,30323,35ace65,ckpt_sac_full_00049992,0,0,0,timeout,200,199.1826800494792,,,-1,1,30.0,0.45,20.0,1.0,25,1,200,0.002,100,10.0,1.0,0,192,0,0.96,0.3117634249662522,-0.3593657951480373,-1.7289404845642766,0.0266350852782743,0.0308543608200793,0.0539205647903791,1.8640899538298827,1.3332583262278672,0.3363799278750944,0.2609332495607611,1.0243417875973015,1.0579652499927734,1.1423828048526885,-18.98454972679454
324,30324,30324,30324,35ace65,ckpt_sac_full_00049992,0,0,0,timeout,200,270.002304159967,,,-1,1,30.0,0.45,20.0,1.0,25,1,200,0.002,100,10.0,1.0,0,190,0,0.95,0.31882846523013,-0.4413945176472131,0.600920191678787,0.0216809154942664,0.0382408430115276,0.101203769944956,1.943422706740905,0.9302675124512984,0.3150342885606537,0.4356708779804194,1.0203419650342818,0.9459266387582383,1.0184636630496202,-3.373095655505795
325,30325,30325,30325,35ace65,ckpt_sac_full_00049992,0,0,0,timeout,200,267.412551945912,,,-1,1,30.0,0.45,20.0,1.0,25,1,200,0.002,100,10.0,1.0,0,188,0,0.94,0.343663481956919,-0.3442953814472934,1.579026145797081,0.0270776257999814,0.0371364926439971,0.0589730955870823,1.5130077572372804,1.3496570617622716,0.3884936099967561,0.3936467918975879,1.037577873927974,0.983226519517836,1.2140760514746642,-12.399613150740764
326,30326,30326,30326,35ace65,ckpt_sac_full_00049992,0,0,0,timeout,200,388.88067811674017,,,-1,0,30.0,0.45,20.0,1.0,25,1,200,0.002,100,10.0,1.0,0,155,0,0.775,0.3442153639017818,-0.6324848915399705,2.95607777126565,0.0233585671096355,0.031090668628574,0.0946151457457995,1.4830325388681207,0.6174719324124028,0.3431831173961495,0.5685830546401125,1.0301856053394984,0.9837652393973988,1.0601115701064971,-5.45625008578709
327,30327,30327,30327,35ace65,ckpt_sac_full_00049992,0,0,0,timeout,200,320.9119614670411,,,-1,1,30.0,0.45,20.0,1.0,25,1,200,0.002,100,10.0,1.0,0,181,0,0.905,0.3843714900233537,-0.3352504329132637,2.257957202606711,0.0233565217296956,0.0361484969625028,0.0346323094282742,0.9208592077242168,0.9133806237995415,0.3558598511135776,0.5609658408173261,1.0533337331918948,1.006474789005312,1.0224947161249855,-0.423185777858021
328,30328,30328,30328,35ace65,ckpt_sac_full_00049992,0,0,0,timeout,200,442.2658968813458,,,-1,0,30.0,0.45,20.0,1.0,25,1,200,0.002,100,10.0,1.0,0,190,0,0.95,0.3625050282161595,-0.6770699923104518,-0.8025240534868003,0.0247586985844016,0.0300849445089601,0.0649191677686065,1.670050917858328,0.819914247079367,0.3601238982656033,0.6422550676263488,0.9524069555334044,1.051282198925325,0.974860930449218,-12.301971133983608
329,30329,30329,30329,35ace65,ckpt_sac_full_00049992,0,0,0,timeout,200,330.6160409012353,,,-1,1,30.0,0.45,20.0,1.0,25,1,200,0.002,100,10.0,1.0,0,175,0,0.875,0.3172192211670123,-0.4128533842477429,-0.2307002982439945,0.0215382979549038,0.0320985105890359,0.1050379052202845,1.696589518532861,0.8563751537236488,0.350095486058544,0.613102272889638,1.094739793416686,1.09209476138605,0.9142750645316376,-0.9910565256576688
330,30330,30330,30330,35ace65,ckpt_sac_full_00049992,0,1,0,timeout,200,289.61841305139444,,,-1,1,30.0,0.45,20.0,1.0,25,1,200,0.002,100,10.0,1.0,0,182,0,0.91,0.3418016932683502,-0.2564204066271518,2.713699986375845,0.027071257671051,0.0297555361108189,0.1113512911589849,1.052368746329554,0.7017912967872832,0.3649481315315008,0.6205492007391538,1.0435950698375491,1.084182463892622,1.0564660591564083,-9.739262268735468
331,30331,30331,30331,35ace65,ckpt_sac_full_00049992,0,0,0,timeout,200,177.98711856867388,,,-1,1,30.0,0.45,20.0,1.0,25,1,200,0.002,100,10.0,1.0,0,195,0,0.975,0.3314054910775348,-0.2080535541587173,-0.8789863521195125,0.0229803335323547,0.0368260957154769,0.0305015376564768,1.944023290656377,1.2282527796641682,0.3830290364585831,0.2743926934264397,0.9454503774903096,1.1220767909318017,1.1171931538448756,-15.090107777523952
332,30332,30332,30332,35ace65,ckpt_sac_full_00049992,0,0,0,timeout,200,343.7999855726731,,,-1,0,30.0,0.45,20.0,1.0,25,1,200,0.002,100,10.0,1.0,0,183,0,0.915,0.3376221306173822,-0.4803739777181497,1.8546218920576028,0.0219959385890273,0.0378634160172558,0.1032002016574793,1.705913339239856,0.6892188584167375,0.3367058255793094,0.5919267277626956,1.0302428689519616,0.9987931033774068,1.1862837639096993,-21.41326246242358
333,30333,30333,30333,35ace65,ckpt_sac_full_00049992,0,0,0,timeout,200,249.93398400398232,,,-1,1,30.0,0.45,20.0,1.0,25,1,200,0.002,100,10.0,1.0,0,184,0,0.92,0.3280341955111719,-0.4674614516082453,2.538452774883016,0.0210998716218264,0.0387353813654765,0.1087277811410011,1.3789203849719935,0.6175652515329872,0.3430347442590837,0.3202495763909523,1.019648001678253,1.0645753660282289,1.0491242796748244,-1.2500498604941803
334,30334,30334,30334,35ace65,ckpt_sac_full_00049992,0,0,0,timeout,200,389.0676364771662,,,-1,0,30.0,0.45,20.0,1.0,25,1,200,0.002,100,10.0,1.0,0,191,0,0.955,0.3782066889704667,-0.7000860963351349,3.0690509587125634,0.02571851096858,0.032187721675663,0.1018220048511306,1.7025693560482815,0.9491305544904176,0.3456770963908377,0.4305131138427187,0.9970531153700244,1.0488540623913405,0.9634423563349952,-14.358562326131864
335,30335,30335,30335,35ace65,ckpt_sac_full_00049992,0,0,0,timeout,200,381.1344080708435,,,-1,1,30.0,0.45,20.0,1.0,25,1,200,0.002,100,10.0,1.0,0,191,0,0.955,0.3196008223364355,-0.7062299930919137,-3.094981533009552,0.026152512989509,0.0369138842931684,0.0366438067530723,1.897629545028596,1.049698158878904,0.3895625362388626,0.4131801628324462,1.051996897878234,1.101904247284825,1.0125933259177784,-17.004236537864916
336,30336,30336,30336,35ace65,ckpt_sac_full_00049992,0,0,0,timeout,200,322.3474043125654,,,-1,1,30.0,0.45,20.0,1.0,25,1,200,0.002,100,10.0,1.0,0,178,0,0.89,0.3888655961828827,-0.2935564071740611,0.2996692162294212,0.0250300215422817,0.038892652461804,0.0626511833169918,0.8869237492713228,1.189704701365326,0.3365098813068343,0.6166715832046196,0.9391753479161306,0.959670214352337,0.9835301595004176,-7.433445890122918
337,30337,30337,30337,35ace65,ckpt_sac_full_00049992,0,0,0,timeout,200,232.34090812891543,,,-1,1,30.0,0.45,20.0,1.0,25,1,200,0.002,100,10.0,1.0,0,180,0,0.9,0.3276021779221324,-0.3475759358984088,1.4411097282117922,0.0230833282897465,0.0335482346186028,0.0965476028640593,1.3400539265764169,0.8149642677033558,0.3884668375959076,0.3721798179563148,1.0610383996150294,0.9720035787238698,0.841529260136938,-1.8910635156621003
338,30338,30338,30338,35ace65,ckpt_sac_full_00049992,0,0,0,timeout,200,247.89346778568887,,,-1,0,30.0,0.45,20.0,1.0,25,1,200,0.002,100,10.0,1.0,0,192,0,0.96,0.3163069191479567,-0.4628033294718963,2.9145865410557485,0.0246691331054364,0.035696313331383,0.0816376060246064,1.482078750633541,1.3664116843402996,0.3539270611707463,0.2879390770699285,1.0401240895673065,1.0111823688784658,1.0181751122432572,-25.277172310652272
339,30339,30339,30339,35ace65,ckpt_sac_full_00049992,0,1,0,timeout,200,375.6714599665376,,,-1,1,30.0,0.45,20.0,1.0,25,1,200,0.002,100,10.0,1.0,0,172,0,0.86,0.38611718690043,-0.4230129257527353,2.0301410745744155,0.0220204052859753,0.0330482655266589,0.0595050536121617,1.245678759370746,0.9645115459354924,0.383527364966137,0.6945860225122713,0.9992875257839728,1.0537339639643128,1.0603319128340547,31.889380068940447
340,30340,30340,30340,35ace65,ckpt_sac_full_00049992,0,0,0,timeout,200,328.3461408018144,,,-1,1,30.0,0.45,20.0,1.0,25,1,200,0.002,100,10.0,1.0,0,190,0,0.95,0.3052757324618709,-0.7108961709681512,-0.4743235430167432,0.0272128858407207,0.0359473589853917,0.1174515258549888,1.6628178594214196,0.6667445319600351,0.3716512734160492,0.2844037991696992,1.0353852963135337,1.019490027294697,1.2144450169246688,-15.071182777744964
341,30341,30341,30341,35ace65,ckpt_sac_full_00049992,0,0,0,timeout,200,398.6855616011904,,,-1,0,30.0,0.45,20.0,1.0,25,1,200,0.002,100,10.0,1.0,0,196,0,0.98,0.3146222090662166,-0.5538520261478568,-0.292565479601377,0.024376018878253,0.0378386348176873,0.0888958392782235,1.3615991906879463,0.89084805865286,0.3737957694124771,0.6691361791922236,1.0649430295597884,1.053396618535772,0.991743355376085,-19.038432781113897
342,30342,30342,30342,35ace65,ckpt_sac_full_00049992,0,0,0,timeout,200,369.6535005799214,,,-1,1,30.0,0.45,20.0,1.0,25,1,200,0.002,100,10.0,1.0,0,173,0,0.865,0.3514446853041821,-0.4064642125081172,1.7654082580057642,0.0254594278443364,0.0303343957994422,0.113985724743977,1.355234597226306,0.9245007492831228,0.3638481869294354,0.6803032643302843,1.0669546831899364,1.0623388970178584,1.0566495709940886,-1.755651255228118
343,30343,30343,30343,35ace65,ckpt_sac_full_00049992,0,0,0,timeout,200,308.6469669674641,,,-1,0,30.0,0.45,20.0,1.0,25,1,200,0.002,100,10.0,1.0,0,174,0,0.87,0.380646942084819,-0.5813323154904592,0.2286039312434118,0.0218338328827836,0.0364562021514433,0.064450971689784,1.330112718775624,1.206828316776707,0.3545380285138538,0.2852014393704907,0.935143996609646,1.043928002648375,1.2178053830315878,-15.43145636680376
344,30344,30344,30344,35ace65,ckpt_sac_full_00049992,0,0,0,timeout,200,373.9886852599017,,,-1,1,30.0,0.45,20.0,1.0,25,1,200,0.002,100,10.0,1.0,0,171,0,0.855,0.3349795476096567,-0.5108764342232108,-0.3903375509462394,0.0220359200577514,0.0332220047395997,0.0646003935508846,0.953230946877086,0.7820855856986034,0.3178318037464907,0.7081720948654648,1.0194841482958663,0.9874442509537452,0.9763917955181984,-9.487252610377084
345,30345,30345,30345,35ace65,ckpt_sac_full_00049992,0,0,0,timeout,200,395.654037005319,,,-1,1,30.0,0.45,20.0,1.0,25,1,200,0.002,100,10.0,1.0,0,186,0,0.93,0.3323267335409213,-0.5258357121289678,-0.229447593295248,0.0234611578064919,0.038040307617443,0.0401761730758091,1.2370936090549531,1.0526794856455348,0.3584470503806342,0.6919755227478404,0.980978744163418,1.039507384300102,1.0621086426117128,-16.42835929221246
346,30346,30346,30346,35ace65,ckpt_sac_full_00049992,0,0,0,timeout,200,383.4715901295384,,,-1,0,30.0,0.45,20.0,1.0,25,1,200,0.002,100,10.0,1.0,0,149,0,0.745,0.3640944713568995,-0.5069604732652373,-0.4910280136473814,0.0265746333089332,0.0321276314347768,0.0658032673277597,1.4549443562968,0.897425478244566,0.33862050104381,0.6461381591419717,1.0468623520361795,1.0570634671663917,1.025606752690381,-10.083767692680029
347,30347,30347,30347,35ace65,ckpt_sac_full_00049992,0,0,0,timeout,200,339.3404842565205,,,-1,1,30.0,0.45,20.0,1.0,25,1,200,0.002,100,10.0,1.0,0,173,0,0.865,0.3181386272707335,-0.5701279265598742,-2.1297186383911453,0.0217747440228526,0.0298042438070624,0.0357923712343013,1.327440341961191,1.1355652806187682,0.3319356757793309,0.5277834567713192,1.019042291535434,1.050807005758977,1.2786670298440557,-21.734071756528547
348,30348,30348,30348,35ace65,ckpt_sac_full_00049992,0,0,0,timeout,200,305.0961937069312,,,-1,0,30.0,0.45,20.0,1.0,25,1,200,0.002,100,10.0,1.0,0,181,0,0.905,0.312578363093577,-0.693316105803988,2.6620311689395963,0.021777616053212,0.0391509611137982,0.0570903586410399,1.3012759131279994,0.7998616790028676,0.3601839216229969,0.2381770292738881,0.9659025732635635,1.0487674922453842,0.9789685426474022,-10.022262608469203
349,30349,30349,30349,35ace65,ckpt_sac_full_00049992,0,0,0,timeout,200,257.381510188689,,,-1,1,30.0,0.45,20.0,1.0,25,1,200,0.002,100,10.0,1.0,0,196,0,0.98,0.3539365694280484,-0.3354180805589687,2.192711318437937,0.024514985659525,0.0336443678544981,0.0891613305976403,0.833870647477529,1.1943147627909665,0.3526911967318277,0.4102778507470391,1.1382656186827356,1.016196329003246,0.9616554212923998,-20.579391467763887
350,30350,30350,30350,35ace65,ckpt_sac_full_00049992,0,0,0,timeout,200,305.69472474371827,,,-1,1,30.0,0.45,20.0,1.0,25,1,200,0.002,100,10.0,1.0,0,184,0,0.92,0.3266701171630046,-0.5912901689432796,-1.473609087472755,0.0257805018469142,0.0394798934371925,0.0437566055366188,0.9817780177325284,1.2462027963813394,0.3791662526339917,0.3491972463444104,0.9767624685578962,1.011322635122312,0.9255512426779188,-0.5259189402088416
351,30351,30351,30351,35ace65,ckpt_sac_full_00049992,0,0,0,timeout,200,271.4324250442198,,,-1,0,30.0,0.45,20.0,1.0,25,1,200,0.002,100,10.0,1.0,0,191,0,0.955,0.3079200246429386,-0.551806410270361,2.6356924757573497,0.0261876525163096,0.0389978245595308,0.1049010955758615,0.985297888208969,1.2172549333792893,0.319573446887325,0.3439353998333017,1.0165622045544358,0.979464743232812,0.9441564780911158,-27.255451137304707
352,30352,30352,30352,35ace65,ckpt_sac_full_00049992,0,0,0,timeout,200,244.110494935142,,,-1,0,30.0,0.45,20.0,1.0,25,1,200,0.002,100,10.0,1.0,0,190,0,0.95,0.3147358271824682,-0.3335098220161862,-2.047050558951692,0.0275874724853676,0.0390174189054951,0.1072455156659943,1.5648697585743607,0.9107643192189496,0.3347074158526764,0.4329010281364638,1.0779283619011473,1.073768558229507,0.9142110856703798,-27.445889071770395
353,30353,30353,30353,35ace65,ckpt_sac_full_00049992,0,0,0,timeout,200,292.9358096299338,,,-1,1,30.0,0.45,20.0,1.0,25,1,200,0.002,100,10.0,1.0,0,183,0,0.915,0.3665289419960163,-0.5127804954295092,0.8491459402761317,0.0254743037398552,0.0311019380024733,0.1153467728142019,1.489133780803385,1.1686458455318918,0.3788079817105328,0.2944304042204231,0.989863321324602,0.9872293393850204,1.0132181616220444,-6.878435570868586
354,30354,30354,30354,35ace65,ckpt_sac_full_00049992,0,0,0,timeout,200,285.20387690201574,,,-1,1,30.0,0.45,20.0,1.0,25,1,200,0.002,100,10.0,1.0,0,190,0,0.95,0.3165561173061892,-0.6132245964752808,-0.9389811189806236,0.0212561182967413,0.038972861038083,0.1181321321519592,1.9900022315779329,1.225078769102861,0.3397890115216376,0.2825541577374456,0.9665078908557546,1.0063101132222028,0.9878676241002584,-8.495033150625323
355,30355,30355,30355,35ace65,ckpt_sac_full_00049992,0,0,0,timeout,200,281.5530416301419,,,-1,1,30.0,0.45,20.0,1.0,25,1,200,0.002,100,10.0,1.0,0,188,0,0.94,0.3504743266693648,-0.3236443913211886,-3.0847579844049275,0.0238872454239386,0.0374333852336433,0.119509109585163,1.4075479366497392,0.620925004594869,0.3115812522597941,0.5970736679133914,0.966309519335019,0.9778629202621224,0.8721770811647873,-0.979648438357009
356,30356,30356,30356,35ace65,ckpt_sac_full_00049992,0,0,0,timeout,200,314.55048115844454,,,-1,1,30.0,0.45,20.0,1.0,25,1,200,0.002,100,10.0,1.0,0,187,0,0.935,0.3441304156540892,-0.646033964797366,-1.3614242622826542,0.0252672280639493,0.0368768030141836,0.0908537810838769,1.9366712370202903,0.8348681855803131,0.315923899152448,0.3797035531446091,1.0469176786263523,1.061757340862844,0.986257010728408,-1.9110030975182024
357,30357,30357,30357,35ace65,ckpt_sac_full_00049992,0,0,0,timeout,200,249.86013933282368,,,-1,1,30.0,0.45,20.0,1.0,25,1,200,0.002,100,10.0,1.0,0,197,0,0.985,0.3152814821237715,-0.3175294241949433,-0.7580920346641764,0.0214945627238193,0.0371391999005394,0.071532743380857,1.686121358411829,0.6488771349841566,0.3180621514433664,0.4939131262730784,1.0719448715680884,0.9374255445742132,1.0125382699702423,-19.395276210300025
358,30358,30358,30358,35ace65,ckpt_sac_full_00049992,0,0,0,timeout,200,380.6419068577714,,,-1,0,30.0,0.45,20.0,1.0,25,1,200,0.002,100,10.0,1.0,0,168,0,0.84,0.3379763492717715,-0.6670200656112175,1.5705349199954606,0.0261680827362521,0.030317759813506,0.053237764673408,1.0637795644635568,0.8281672462964479,0.3132429878747223,0.5802939123349914,1.1372728076190413,1.053221863193315,1.2908033769597709,-9.355186477096556
359,30359,30359,30359,35ace65,ckpt_sac_full_00049992,0,0,0,timeout,200,281.76373309177217,,,-1,1,30.0,0.45,20.0,1.0,25,1,200,0.002,100,10.0,1.0,0,185,0,0.925,0.3220500588946209,-0.6392860523663383,-0.0411730215002594,0.0225421123259606,0.0390223095545137,0.1151544979287409,0.8652533137564458,1.3606788484158936,0.3734128863572786,0.1826382375924916,1.0379602938162238,0.978492106036408,0.9459846548176134,-10.03391294583134
360,30360,30360,30360,35ace65,ckpt_sac_full_00049992,0,0,0,timeout,200,315.95247711777586,,,-1,1,30.0,0.45,20.0,1.0,25,1,200,0.002,100,10.0,1.0,0,178,0,0.89,0.3419801182888565,-0.5156572849918962,-2.452354239517412,0.0247485142687941,0.0307726462868136,0.0668638586429599,1.0279063617256117,1.005331738951584,0.3734091916120278,0.3952159595399959,1.0514795809563855,0.9856499755770294,0.914536959330334,-32.61408518735243
361,30361,30361,30361,35ace65,ckpt_sac_full_00049992,0,0,0,timeout,200,304.0636749654229,,,-1,1,30.0,0.45,20.0,1.0,25,1,200,0.002,100,10.0,1.0,0,144,0,0.72,0.3578985524029555,-0.2088215099745386,-1.1049175676388798,0.0210026577769409,0.0345997568312207,0.0351151415629121,1.6649950677458425,0.7880513626066268,0.3806354101766963,0.636010275246112,1.0055042480744825,1.116962496389606,1.0040621645823158,-10.335346530809808
362,30362,30362,30362,35ace65,ckpt_sac_full_00049992,0,0,0,timeout,200,187.32689368624685,,,-1,1,30.0,0.45,20.0,1.0,25,1,200,0.002,100,10.0,1.0,0,187,0,0.935,0.3411278181248136,-0.3630337105200232,-1.2655055613076442,0.0272176108230089,0.03094825657439,0.0708809411820308,1.4419502945581535,0.9741131435515002,0.3343482474290884,0.1985794161493213,1.030654515752903,1.1774514858803695,1.0297309065379103,-4.73870315662443
363,30363,30363,30363,35ace65,ckpt_sac_full_00049992,0,1,0,timeout,200,321.93534796922006,,,-1,0,30.0,0.45,20.0,1.0,25,1,200,0.002,100,10.0,1.0,0,170,0,0.85,0.3080181252165525,-0.3833704190244449,-1.1323357106748748,0.0208909558723227,0.0373591686545294,0.0897791644828919,1.2740494737637569,0.996566155633222,0.3239929580358728,0.6672012393572113,1.0468495302592118,1.0253826357882632,1.0647000611908846,25.274190159651837
364,30364,30364,30364,35ace65,ckpt_sac_full_00049992,0,0,0,timeout,200,177.0336057083549,,,-1,1,30.0,0.45,20.0,1.0,25,1,200,0.002,100,10.0,1.0,0,195,0,0.975,0.3645701186577825,-0.1864007509588481,-2.473547753608285,0.0212051500081685,0.0324311573972665,0.0576844498896845,1.6466009454997648,1.1766177475612905,0.3519254354759877,0.3174623607180152,1.098020810380912,1.073966567379986,1.010835904722852,-5.293142746678904
365,30365,30365,30365,35ace65,ckpt_sac_full_00049992,0,0,0,timeout,200,306.8349254331327,,,-1,1,30.0,0.45,20.0,1.0,25,1,200,0.002,100,10.0,1.0,0,194,0,0.97,0.3740144341939356,-0.4359145904705373,-2.440535088860103,0.0222698931450768,0.0348691990336135,0.0999479311743506,1.1494965404131765,1.282350467955515,0.3391621582430712,0.448625461774525,1.0028680003731243,1.014239460880027,1.1272388006018614,-20.60640486277564
366,30366,30366,30366,35ace65,ckpt_sac_full_00049992,0,0,0,timeout,200,246.60564659141176,,,-1,1,30.0,0.45,20.0,1.0,25,1,200,0.002,100,10.0,1.0,0,184,0,0.92,0.31698362785218,-0.4236252486985394,-0.1294259030547908,0.0271141712151423,0.0306626521226723,0.0565736707670262,1.1637103397963495,0.7968967998409177,0.3036758173991413,0.392457606778679,1.0070518303886158,0.969654861452212,0.8279387782286739,-12.553072089488412
367,30367,30367,30367,35ace65,ckpt_sac_full_00049992,0,0,0,timeout,200,274.8255605258298,,,-1,1,30.0,0.45,20.0,1.0,25,1,200,0.002,100,10.0,1.0,0,187,0,0.935,0.3442977835399188,-0.3348014427334168,-0.7877635033251598,0.0231896771906956,0.0309822256040782,0.1113063182805691,0.8020547391857612,0.6885386460452574,0.3273995234447979,0.5067347925473161,0.9606314982335604,1.0273670624635365,0.8745179616770767,-25.18969083301893
368,30368,30368,30368,35ace65,ckpt_sac_full_00049992,0,0,0,timeout,200,335.03477218342977,,,-1,1,30.0,0.45,20.0,1.0,25,1,200,0.002,100,10.0,1.0,0,192,0,0.96,0.3151555151078876,-0.3492756291095599,0.7580132719018371,0.0241599658468642,0.031906328564622,0.0825543144175044,1.4792281775428258,1.033345802606518,0.3415522056321413,0.7186366579784446,1.1056240763245735,1.0645187346271154,0.8236910392584295,-17.296136896734833
369,30369,30369,30369,35ace65,ckpt_sac_full_00049992,0,0,0,timeout,200,378.2947636383452,,,-1,1,30.0,0.45,20.0,1.0,25,1,200,0.002,100,10.0,1.0,140,176,0,0.88,0.3541767861607312,-0.4872781424189223,2.632097250334083,0.0235573147698692,0.0374150482738951,0.0331603900768787,1.57434238811107,1.047822083038838,0.3748626894474952,0.57433460494165,1.123298331595404,0.942260589180986,1.0751728448344822,-105.15583325435324
370,30370,30370,30370,35ace65,ckpt_sac_full_00049992,0,0,0,timeout,200,389.4840864362376,,,-1,0,30.0,0.45,20.0,1.0,25,1,200,0.002,100,10.0,1.0,0,193,0,0.965,0.3603370577878189,-0.5954000456255049,1.7250301766059666,0.0225512452309239,0.031495956600231,0.0889024523907903,0.8454834873442891,0.8347826386777568,0.3810413594594243,0.5075598018755055,1.033783820218486,0.9446928600916832,0.9621012959127332,-15.626685145782726
371,30371,30371,30371,35ace65,ckpt_sac_full_00049992,0,0,0,timeout,200,235.91060267555395,,,-1,1,30.0,0.45,20.0,1.0,25,1,200,0.002,100,10.0,1.0,0,191,0,0.955,0.3597796224949975,-0.2185957136589875,-2.043670378334549,0.023491647606016,0.0327574173823765,0.0930420711196278,1.090429536742326,1.0322403825926003,0.3824069571831368,0.4740469836376526,0.9900237914864464,1.027556535257372,0.911239230742491,-6.0940118319917165
372,30372,30372,30372,35ace65,ckpt_sac_full_00049992,0,0,0,timeout,200,192.1265539831519,,,-1,1,30.0,0.45,20.0,1.0,25,1,200,0.002,100,10.0,1.0,0,191,0,0.955,0.3067622127004847,-0.191494416549556,-0.782689977437232,0.021684093930717,0.0343948947140796,0.086908916692564,1.766824622124979,0.8042893145797442,0.3175582296628105,0.4332233267913616,0.9806964212840482,1.1205862691842936,1.048390565530839,-15.115991630389107
373,30373,30373,30373,35ace65,ckpt_sac_full_00049992,0,0,0,timeout,200,369.3745608164075,,,-1,0,30.0,0.45,20.0,1.0,25,1,200,0.002,100,10.0,1.0,0,167,0,0.835,0.3782107921100086,-0.587102308599555,-0.8475222485069365,0.0259042651494203,0.0396573693561174,0.0915575020333515,1.214266118476492,0.7090903441829871,0.3006175795824249,0.5420688770113672,0.9476409354468124,1.0216642204537378,0.975966718937358,-15.478315605714332
374,30374,30374,30374,35ace65,ckpt_sac_full_00049992,0,0,0,timeout,200,295.1919792679007,,,-1,1,30.0,0.45,20.0,1.0,25,1,200,0.002,100,10.0,1.0,0,177,0,0.885,0.3253362356306479,-0.2821660364225142,2.5456528741166933,0.0243419252792374,0.0368097999125889,0.0821679102512288,1.0684057346721194,1.023653842550789,0.3586767405603945,0.6072104712556885,0.9773052302050412,1.0483650633257482,1.1725311662301912,-8.48907687391203
375,30375,30375,30375,35ace65,ckpt_sac_full_00049992,0,0,0,timeout,200,358.0096554638344,,,-1,1,30.0,0.45,20.0,1.0,25,1,200,0.002,100,10.0,1.0,0,185,0,0.925,0.3708013160965295,-0.4156098431842549,1.1834549489801542,0.0259617767450847,0.0386967991254464,0.0517075756762774,0.9139184895651602,1.1278006541448495,0.3779481101400979,0.5864102135872516,0.9615475582629796,0.9875096238572836,0.9215487901859314,-10.741978985586467
376,30376,30376,30376,35ace65,ckpt_sac_full_00049992,0,1,0,timeout,200,155.66238814992232,243.8867320436375,87.53292699617461,91,1,30.0,0.45,20.0,1.0,25,1,200,0.002,100,10.0,1.0,0,165,0,0.825,0.3493681531968133,-0.2072954515331031,-0.2934254917786281,0.0218566952667249,0.0376466618554101,0.0882841748659136,1.4588588077973488,1.164093333268505,0.376227122497008,0.680536677700766,1.070672041659779,1.039322971077119,0.8234748173565465,51.06373251533648
377,30377,30377,30377,35ace65,ckpt_sac_full_00049992,0,0,0,timeout,200,329.9328362190225,,,-1,1,30.0,0.45,20.0,1.0,25,1,200,0.002,100,10.0,1.0,0,179,0,0.895,0.3894268812894417,-0.7115926979202091,-2.8251680705304656,0.0246380004842895,0.0351134771569571,0.0360712505065437,1.6334951283934047,1.0285327752911717,0.3490278020390739,0.2073898704528494,1.0192807921944318,1.0555884085647025,1.0533743908720654,-7.759646468251221
378,30378,30378,30378,35ace65,ckpt_sac_full_00049992,0,0,0,timeout,200,191.6285953260092,,,-1,1,30.0,0.45,20.0,1.0,25,1,200,0.002,100,10.0,1.0,0,191,0,0.955,0.3116031064617206,-0.2558772651719219,1.1136169336869068,0.0212257683228488,0.0359494474271797,0.1113741315534524,1.9526761202086127,0.7456014168427936,0.3631044805859073,0.3002398559762877,0.9968241329226708,0.991547186197262,1.1724635113846804,-18.796401221992195
379,30379,30379,30379,35ace65,ckpt_sac_full_00049992,0,0,0,timeout,200,347.4548938207191,,,-1,0,30.0,0.45,20.0,1.0,25,1,200,0.002,100,10.0,1.0,0,143,0,0.715,0.3873000063425866,-0.556942369339253,0.0948284412810851,0.0226018432320769,0.0359865953684754,0.0672995129870332,1.745239602886168,1.063662853489285,0.3234320233691036,0.4502570615624889,0.9833357325955115,0.9858781336698924,0.9975728868357988,-5.69408942030093
380,30380,30380,30380,35ace65,ckpt_sac_full_00049992,0,0,0,timeout,200,153.4775164525143,,,-1,0,30.0,0.45,20.0,1.0,25,1,200,0.002,100,10.0,1.0,0,196,0,0.98,0.358046616953506,-0.1701064493714245,0.5363330807809712,0.0214997917640344,0.0374614233340577,0.0827971436338381,0.9096009126185466,1.0990345307001192,0.3273163020641969,0.276907197305301,1.0252253999949614,1.0152079572651826,1.113672949808786,-18.3164833249699
381,30381,30381,30381,35ace65,ckpt_sac_full_00049992,0,0,0,timeout,200,247.6673550104444,,,-1,1,30.0,0.45,20.0,1.0,25,1,200,0.002,100,10.0,1.0,0,198,0,0.99,0.3111763863309758,-0.2700695387901112,-0.0331762237147339,0.0230673224860339,0.0383344446550675,0.0438656434959666,1.75128847832355,0.7460496593404528,0.3004926314893457,0.5628050411237162,0.9831696875287436,1.0663197330937793,1.0828850637200458,-21.498299919790597
382,30382,30382,30382,35ace65,ckpt_sac_full_00049992,0,0,0,timeout,200,234.183579081148,,,-1,0,30.0,0.45,20.0,1.0,25,1,200,0.002,100,10.0,1.0,0,187,0,0.935,0.3154705131393334,-0.4986235621286299,2.5773463205503546,0.0270846279250126,0.0397610421103756,0.1172345407296288,0.8156762597542565,1.2642560043081217,0.35887032354851,0.1977900032804137,1.0924650765327872,1.0144671530173763,0.986483903078726,-30.07477146630089
383,30383,30383,30383,35ace65,ckpt_sac_full_00049992,0,0,0,timeout,200,193.4722104159571,,,-1,1,30.0,0.45,20.0,1.0,25,1,200,0.002,100,10.0,1.0,0,198,0,0.99,0.3119881330035295,-0.3373383847907699,-0.232996194818229,0.0204373707136017,0.0346648580906939,0.0558260801084681,1.6207305688212594,0.9996923600193444,0.3003066825620104,0.3045427758844161,1.079502618025259,0.9835508977109152,1.1108423122779172,-18.6768334637506
384,30384,30384,30384,35ace65,ckpt_sac_full_00049992,0,0,0,timeout,200,318.75548806887014,,,-1,1,30.0,0.45,20.0,1.0,25,1,200,0.002,100,10.0,1.0,0,190,0,0.95,0.3127036144524376,-0.6358679039736786,-0.6263019456885814,0.0249029130214928,0.0335886627817716,0.0971057910263691,1.1791826057689898,0.9849171863585102,0.3133553753456857,0.4324192268192579,1.0660352166301494,1.0874139323888694,0.9776676888771296,-10.89374869800991
385,30385,30385,30385,35ace65,ckpt_sac_full_00049992,0,0,0,timeout,200,240.42357803950785,,,-1,1,30.0,0.45,20.0,1.0,25,1,200,0.002,100,10.0,1.0,0,163,0,0.815,0.3409838187604739,-0.307102384627022,1.400531676909725,0.0243928192344204,0.0357226954423258,0.0883412819091019,1.3782137019355418,1.3586924552675248,0.370188454041046,0.4000730199417169,0.9655190776349988,0.995926995288582,0.9162186501942642,-6.875625614129988
386,30386,30386,30386,35ace65,ckpt_sac_full_00049992,0,0,0,timeout,200,291.4303195292628,,,-1,1,30.0,0.45,20.0,1.0,25,1,200,0.002,100,10.0,1.0,0,186,0,0.93,0.3735766086935882,-0.3084809215342937,2.4519240573460044,0.0272731064526327,0.0307535999875663,0.1158358255688923,1.5028641748219926,0.97979275561646,0.3152332215462072,0.5495858105832984,1.0236298692652086,0.97323558694481,1.1645557811667038,-21.15202657580205
387,30387,30387,30387,35ace65,ckpt_sac_full_00049992,0,0,0,timeout,200,255.428037878023,,,-1,1,30.0,0.45,20.0,1.0,25,1,200,0.002,100,10.0,1.0,0,184,0,0.92,0.3278445393779366,-0.618683005038939,-1.4714557121006069,0.020899572231074,0.0310327422676764,0.0322261586681944,1.8616396378006528,0.6062827170944123,0.3361604210447208,0.1706091512482859,1.0269823603012609,1.0232986997179656,1.0662003907617024,-25.707980355235787
388,30388,30388,30388,35ace65,ckpt_sac_full_00049992,0,0,0,timeout,200,244.8507234268909,,,-1,0,30.0,0.45,20.0,1.0,25,1,200,0.002,100,10.0,1.0,0,193,0,0.965,0.3297060123341923,-0.3038125639054321,0.8633428416790219,0.0236326920481848,0.0397372157996399,0.1092104400367901,0.8844958531774509,1.116414382752056,0.3153797439926787,0.4741234311512159,1.08342069808968,0.971195568847364,1.3135004504688883,-18.63767928932719
389,30389,30389,30389,35ace65,ckpt_sac_full_00049992,0,0,0,timeout,200,311.8287225236825,,,-1,1,30.0,0.45,20.0,1.0,25,1,200,0.002,100,10.0,1.0,0,191,0,0.955,0.3098024383452969,-0.6712913873641332,-2.4654854775196164,0.0239475129884993,0.0355281837175572,0.1000832987431525,0.8301775422356279,0.6966774782417923,0.3886394806775387,0.2283300680170579,0.9906203379791598,1.011368080136672,1.0685333534832275,-11.30204979905924
390,30390,30390,30390,35ace65,ckpt_sac_full_00049992,0,0,0,timeout,200,291.78260049451814,,,-1,0,30.0,0.45,20.0,1.0,25,1,200,0.002,100,10.0,1.0,0,172,0,0.86,0.3555182707407721,-0.1757557568974704,-2.676978969766389,0.0241614751113182,0.0382262562309801,0.0718902868262884,1.292738348988288,0.6718730177647194,0.3852268953684513,0.6312072030610935,0.9617439217238392,0.9791441982954214,1.0559805517860743,-9.687256084930304
391,30391,30391,30391,35ace65,ckpt_sac_full_00049992,0,0,0,timeout,200,342.4958686880256,,,-1,0,30.0,0.45,20.0,1.0,25,1,200,0.002,100,10.0,1.0,0,166,0,0.83,0.3833489184019261,-0.6704515171551428,1.4738186233941075,0.0260905558062245,0.0343692089909777,0.0613091782719876,0.844129437014905,0.8604879819947246,0.3149384020720614,0.336277807086289,1.033357702621595,1.0478219388512475,1.0444085504107192,-5.958689856005429
392,30392,30392,30392,35ace65,ckpt_sac_full_00049992,0,1,0,timeout,200,350.4155466011825,,,-1,1,30.0,0.45,20.0,1.0,25,1,200,0.002,100,10.0,1.0,0,153,0,0.765,0.3745264171087514,-0.3037851169557032,-1.5759176635923833,0.0232175427828857,0.0357455340425665,0.0353068387055045,0.87586985615015,0.6608619296331816,0.3518780996174498,0.6516551531326233,1.0106681798190522,0.9901185370573315,1.1134030334755238,20.428486725887986
393,30393,30393,30393,35ace65,ckpt_sac_full_00049992,0,0,0,timeout,200,161.37476369257595,,,-1,1,30.0,0.45,20.0,1.0,25,1,200,0.002,100,10.0,1.0,0,188,0,0.94,0.3496870952891168,-0.3018865417502553,0.4724285474930156,0.0227050639751221,0.0359172329895386,0.0548339703619899,1.0447749873661156,1.2808197783982391,0.3331098421146214,0.1729136369834232,1.0670787737198195,1.1117244651490084,1.064966481711314,-15.6677529541128
394,30394,30394,30394,35ace65,ckpt_sac_full_00049992,0,0,0,timeout,200,321.2545529387443,,,-1,1,30.0,0.45,20.0,1.0,25,1,200,0.002,100,10.0,1.0,0,185,0,0.925,0.3866628220837179,-0.3780069800851172,-1.2015006564204178,0.0227978162940114,0.0341798764907021,0.0613443975005874,1.2330648272358762,0.724525990007117,0.3192982458815451,0.5487311760855942,0.9910900475056296,1.062160684545543,1.1240499765517802,-15.232136942627209
395,30395,30395,30395,35ace65,ckpt_sac_full_00049992,0,0,0,timeout,200,399.6703938831576,,,-1,0,30.0,0.45,20.0,1.0,25,1,200,0.002,100,10.0,1.0,0,183,0,0.915,0.3471293353659704,-0.6110064671755513,0.5444657908353472,0.0249978267893844,0.0358123001122047,0.119264659751759,1.3795505872236231,1.09505130344235,0.3556233809273794,0.5979573244081352,0.9701671839018048,0.9855649464102644,1.115085529157763,-18.79239997351474
396,30396,30396,30396,35ace65,ckpt_sac_full_00049992,0,1,0,timeout,200,313.47889120690854,,,-1,1,30.0,0.45,20.0,1.0,25,1,200,0.002,100,10.0,1.0,0,182,0,0.91,0.3815314847927458,-0.6691877142700006,0.4229519566070188,0.023843577988323,0.0359924691600101,0.0918692003038724,0.847043852090815,1.003102485095587,0.3104575717463886,0.3845029048603455,1.0156704744691805,1.0795938580696087,1.1382129458135664,20.30852636865771
397,30397,30397,30397,35ace65,ckpt_sac_full_00049992,0,0,0,timeout,200,355.058209743486,,,-1,0,30.0,0.45,20.0,1.0,25,1,200,0.002,100,10.0,1.0,0,175,0,0.875,0.3436457693958286,-0.6365236524901874,-2.6730070087155022,0.0223541920246023,0.0375477747873522,0.0769919564511512,1.748749718883608,0.7633874988443261,0.3657193503752194,0.4078423853115393,1.0808728388966973,1.0250171242532695,1.1634467409500324,-14.006854121861082
398,30398,30398,30398,35ace65,ckpt_sac_full_00049992,0,0,0,timeout,200,337.5242012565693,,,-1,1,30.0,0.45,20.0,1.0,25,1,200,0.002,100,10.0,1.0,0,177,0,0.885,0.3510987245866878,-0.437243620063272,-3.013618283071665,0.0204856518837599,0.0349447474027503,0.0933765106652796,1.7841782314968373,0.9063464759989648,0.3795734963239385,0.5076249913560774,1.0138370737298532,0.941167734262461,1.0750167119291398,-2.817567755281293
399,30399,30399,30399,35ace65,ckpt_sac_full_00049992,0,0,0,timeout,200,318.53513864017594,,,-1,1,30.0,0.45,20.0,1.0,25,1,200,0.002,100,10.0,1.0,0,188,0,0.94,0.3692507923595856,-0.25612219502664,0.6788632469621341,0.0239922766417303,0.0396341798491887,0.1126526297635836,1.544856193281295,1.1737700037136414,0.3397481742541431,0.6723360140998543,1.056230117971758,1.126596595828533,0.7556159069180748,-12.49939398422087
400,30400,30400,30400,35ace65,ckpt_sac_full_00049992,0,0,0,timeout,200,408.6600508569613,,,-1,0,30.0,0.45,20.0,1.0,25,1,200,0.002,100,10.0,1.0,0,165,0,0.825,0.3382800309509366,-0.5719321159198025,2.9425767107295293,0.024979034601364,0.0305185064308834,0.09465385561197,1.0498385142213018,1.1049973501845058,0.3527616617201413,0.6913817201817924,1.0699132432865317,1.1091651387089172,0.8919455668530368,-11.60333441663406
401,30401,30401,30401,35ace65,ckpt_sac_full_00049992,0,0,0,timeout,200,331.81993620048,,,-1,1,30.0,0.45,20.0,1.0,25,1,200,0.002,100,10.0,1.0,0,188,0,0.94,0.3693027969223302,-0.6760480625615649,-1.523912275609236,0.0259513332930989,0.0393830361437416,0.0750710039616115,1.805998691716292,1.0092980469952622,0.3647473994815215,0.4230739170905566,1.0080471287509198,1.002204877144032,1.1228039175077602,-1.5897364572030817
402,30402,30402,30402,35ace65,ckpt_sac_full_00049992,0,0,0,timeout,200,353.21001235467315,,,-1,1,30.0,0.45,20.0,1.0,25,1,200,0.002,100,10.0,1.0,0,176,0,0.88,0.3560072160890413,-0.4429900469326879,0.8690030641860744,0.0264277194682538,0.0385292066814607,0.0492227869288891,1.3248066543012715,1.3181803750035948,0.3857305182949661,0.5457996028621981,1.0451652346980267,0.9882217029234048,1.1003869778439492,-3.7922966424888287
403,30403,30403,30403,35ace65,ckpt_sac_full_00049992,0,0,0,timeout,200,425.95314236552696,,,-1,1,30.0,0.45,20.0,1.0,25,1,200,0.002,100,10.0,1.0,0,165,0,0.825,0.316911586779865,-0.6947957148504198,0.5724721719050145,0.0268893056805344,0.0330259629251818,0.060990797821898,1.109744837967476,1.31351477794559,0.3355105366754224,0.7270592359315899,1.0962717391563297,1.027885229939275,1.178168056166332,-12.084567177306113
404,30404,30404,30404,35ace65,ckpt_sac_full_00049992,0,0,0,timeout,200,272.7094823151637,,,-1,0,30.0,0.45,20.0,1.0,25,1,200,0.002,100,10.0,1.0,0,181,0,0.905,0.3653213466016622,-0.5567116536820902,0.2315387618467417,0.0273822629991869,0.0347004755101202,0.1090886751212919,1.8774391536063664,1.295630679096087,0.3505781119562574,0.2237935396042267,1.01243293800138,1.0107906586534228,1.0064558076969727,-68.20830278091483
405,30405,30405,30405,35ace65,ckpt_sac_full_00049992,0,0,0,timeout,200,314.97907848977815,,,-1,1,30.0,0.45,20.0,1.0,25,1,200,0.002,100,10.0,1.0,0,184,0,0.92,0.3584537931380557,-0.7252198558407552,2.741350393391171,0.0261770445375652,0.0341166968464296,0.0524217001682254,1.4894531014480328,1.3067270428428128,0.3220713807514004,0.2399472065518395,1.0100700935050615,1.0618740590990228,0.9048449334976773,1.8636975225995511
406,30406,30406,30406,35ace65,ckpt_sac_full_00049992,0,0,0,timeout,200,215.9260972587281,,,-1,1,30.0,0.45,20.0,1.0,25,1,200,0.002,100,10.0,1.0,0,189,0,0.945,0.3491476376293174,-0.4577008071238633,-2.696701582087254,0.0230474861889794,0.0325251977548736,0.0732720358944513,0.9622205173682584,0.64565239401512,0.3404816226477545,0.178679627695038,1.0610075376122006,1.010820661663007,1.1421361988905194,-18.45565022696651
407,30407,30407,30407,35ace65,ckpt_sac_full_00049992,0,0,0,timeout,200,312.78043697578977,,,-1,0,30.0,0.45,20.0,1.0,25,1,200,0.002,100,10.0,1.0,0,194,0,0.97,0.3420586614637685,-0.5312627388994202,1.6608784718527314,0.0271346342958619,0.0397950948635588,0.057788803835475,1.179112271161253,0.9549553897211268,0.3232889536184419,0.4449805371889968,0.9690738392934166,1.026150535496955,1.107991758180635,-15.232726888073852
408,30408,30408,30408,35ace65,ckpt_sac_full_00049992,0,0,0,timeout,200,300.75291496437137,,,-1,1,30.0,0.45,20.0,1.0,25,1,200,0.002,100,10.0,1.0,0,186,0,0.93,0.3757385649506178,-0.2904423282520248,-2.4145969376004053,0.0209741220084955,0.0365035733391347,0.1176405004651092,1.4472507770046006,1.052538354120577,0.3101220466996854,0.5982696953586842,1.028818647007679,0.9629700287727868,1.0492309270068132,-18.836743619519705
409,30409,30409,30409,35ace65,ckpt_sac_full_00049992,0,0,0,timeout,200,379.3332882219314,,,-1,0,30.0,0.45,20.0,1.0,25,1,200,0.002,100,10.0,1.0,0,175,0,0.875,0.3223914592029182,-0.5287617156481439,1.5794730825179348,0.0234084492519398,0.0390430136911852,0.1049660169759817,1.296021142506154,1.038560417721779,0.327303164511051,0.7152277532110635,1.0771467675240889,1.0596301842798876,0.9420266220052532,-17.443957885307917
410,30410,30410,30410,35ace65,ckpt_sac_full_00049992,0,1,0,timeout,200,324.7856577731397,,,-1,1,30.0,0.45,20.0,1.0,25,1,200,0.002,100,10.0,1.0,0,165,0,0.825,0.3582106502792214,-0.267225815470496,-1.967770970352556,0.0263945778700519,0.0306216553072058,0.1020164303417336,1.309250238684589,0.7652715596946909,0.3171981755376882,0.7059116083339724,1.0675118648574529,1.0139772814088996,1.0330877449724651,20.346489841950984
411,30411,30411,30411,35ace65,ckpt_sac_full_00049992,0,0,0,timeout,200,297.3527631000451,,,-1,1,30.0,0.45,20.0,1.0,25,1,200,0.002,100,10.0,1.0,0,190,0,0.95,0.3309761910076477,-0.5229322604819062,2.523547315508253,0.0226364166757506,0.0357321517055197,0.0611609944800223,0.8995264418713678,0.9015740243588836,0.35478060791176,0.3698250636272701,1.0872727568305791,1.0123114704683722,0.9894871593858676,-7.608914806446406
412,30412,30412,30412,35ace65,ckpt_sac_full_00049992,0,0,0,timeout,200,234.32537165698312,,,-1,0,30.0,0.45,20.0,1.0,25,1,200,0.002,100,10.0,1.0,0,186,0,0.93,0.3017146537098262,-0.3501101488538886,-0.7162605868659226,0.0261493457335071,0.0379199916250743,0.0934572054736759,1.8128712919655408,1.0245264296930665,0.3425375970134525,0.3852563897888595,1.0522924017509927,1.0407864823375008,1.001058146180897,-8.391865112789766
413,30413,30413,30413,35ace65,ckpt_sac_full_00049992,0,0,0,timeout,200,191.39753689329785,,,-1,1,30.0,0.45,20.0,1.0,25,1,200,0.002,100,10.0,1.0,29,191,0,0.955,0.3333837751617901,-0.1981732608760604,-1.556078178933157,0.0265338192500411,0.0402326603224162,0.0705194783152486,1.1861889724355128,1.393156321634864,0.3040868066945502,0.42460755550213,0.9392181990152558,1.0241830104836398,1.1212264279318802,-33.798854601265084
414,30414,30414,30414,35ace65,ckpt_sac_full_00049992,0,0,0,timeout,200,225.9488278508105,,,-1,1,30.0,0.45,20.0,1.0,25,1,200,0.002,100,10.0,1.0,0,192,0,0.96,0.3799776733514458,-0.3267516293816445,-0.8566193377228455,0.0271973937517619,0.0385191477327401,0.1169065801623695,1.8614302583752385,1.3317796229012724,0.3032489776744074,0.3396143308036558,1.0244967894643042,0.9711393641684944,0.9936316952049388,-5.004992621854846
415,30415,30415,30415,35ace65,ckpt_sac_full_00049992,0,1,0,timeout,200,206.2499801659551,,,-1,1,30.0,0.45,20.0,1.0,25,1,200,0.002,100,10.0,1.0,0,189,0,0.945,0.3398261223000293,-0.3033980976359001,0.7522651197769998,0.0229645773068747,0.0304170989790421,0.0864361889718322,1.2920496204300769,1.3979849711611472,0.3084148451968995,0.338373700065709,1.1188557805020107,0.9951320162315892,1.2307318551543172,17.386426234056117
416,30416,30416,30416,35ace65,ckpt_sac_full_00049992,0,0,0,timeout,200,321.79031682964506,,,-1,0,30.0,0.45,20.0,1.0,25,1,200,0.002,100,10.0,1.0,0,177,0,0.885,0.3872638356511652,-0.64375108537714,1.0161295322896997,0.0235314440162311,0.0301732781464162,0.1187487505665999,1.5079795410092718,1.3846688476347664,0.3888556929386089,0.2129648458026352,1.107415867614612,1.045447771000776,1.103943458942506,-24.53245965554625
417,30417,30417,30417,35ace65,ckpt_sac_full_00049992,0,0,0,timeout,200,250.93316556965124,,,-1,1,30.0,0.45,20.0,1.0,25,1,200,0.002,100,10.0,1.0,0,185,0,0.925,0.3030156392752081,-0.2310538646376983,1.1626531868876435,0.0255473104670301,0.0387170692060533,0.0755283710813285,1.3881003796098907,0.924465527630138,0.3542196470883904,0.5377972602242262,0.8942258771145486,1.0933159452640142,1.1292279290792724,-12.244082914369974
418,30418,30418,30418,35ace65,ckpt_sac_full_00049992,0,0,0,timeout,200,332.95622356990066,,,-1,1,30.0,0.45,20.0,1.0,25,1,200,0.002,100,10.0,1.0,0,182,0,0.91,0.3178967363148273,-0.2385582851657323,-2.491019215966133,0.0269774325619454,0.039812951687165,0.0731653688404315,1.3235907992897211,1.1443093960145687,0.3866450542671962,0.7277518832521666,1.037063625494397,1.0843642390790984,1.0445892776635113,-6.5197625965643
419,30419,30419,30419,35ace65,ckpt_sac_full_00049992,0,0,0,timeout,200,465.946661718122,,,-1,0,30.0,0.45,20.0,1.0,25,1,200,0.002,100,10.0,1.0,0,140,0,0.7,0.3562036496030838,-0.7229204794821196,2.2435698999420435,0.0240891762431584,0.0367504303322589,0.076209608814701,1.344937711337143,1.3355516445278195,0.3844312421041228,0.6355733899088919,0.9648183294354522,0.9898969593531992,1.106973534258843,-7.361996130313025
420,30420,30420,30420,35ace65,ckpt_sac_full_00049992,0,0,0,timeout,200,205.7759415730405,,,-1,0,30.0,0.45,20.0,1.0,25,1,200,0.002,100,10.0,1.0,0,186,0,0.93,0.3668148602675965,-0.1941104983818533,2.861897171440205,0.0260267311460933,0.0322876188936918,0.0949709711143652,1.6183116318951107,1.3469001987277422,0.3045646262175083,0.4066776846364441,1.0878338884745358,1.0973844759163034,0.9034401554153946,-23.556074091711636
421,30421,30421,30421,35ace65,ckpt_sac_full_00049992,0,0,0,timeout,200,320.4997321881784,,,-1,1,30.0,0.45,20.0,1.0,25,1,200,0.002,100,10.0,1.0,0,191,0,0.955,0.3261559156562731,-0.3391637027111191,-2.5737216173434803,0.0266776570383863,0.0345631030920176,0.0443379903989623,1.3770133574207917,0.6812040295374753,0.3897098470215475,0.5733500839983664,0.9611491791418784,1.0163889065495304,1.134736530351506,-21.29030476991928
422,30422,30422,30422,35ace65,ckpt_sac_full_00049992,0,0,0,timeout,200,304.39618723373434,,,-1,1,30.0,0.45,20.0,1.0,25,1,200,0.002,100,10.0,1.0,0,160,0,0.8,0.3868057464703842,-0.5831552475882641,-1.6749111806537116,0.0213927434556028,0.0347888711975842,0.1016942978281781,0.8000153237922085,1.070549435672706,0.3523437738423524,0.2609268641463031,1.0099404131129477,1.064260416883479,1.0366017816922657,-7.752441089884782
423,30423,30423,30423,35ace65,ckpt_sac_full_00049992,0,0,0,timeout,200,268.4975621812577,,,-1,1,30.0,0.45,20.0,1.0,25,1,200,0.002,100,10.0,1.0,0,188,0,0.94,0.3365444865060878,-0.3451926733011265,-3.1340716707863816,0.0244419512545967,0.0354879741317851,0.0624054525341033,1.6072988698457094,0.9512335120972532,0.3031054092777168,0.5154590131822383,0.9913694589892798,1.1551590847680926,1.121508044228285,-17.07225775695679
424,30424,30424,30424,35ace65,ckpt_sac_full_00049992,0,0,0,timeout,200,185.1519227188453,,,-1,1,30.0,0.45,20.0,1.0,25,1,200,0.002,100,10.0,1.0,0,184,0,0.92,0.3562287520879884,-0.1788708277774366,1.590818774753636,0.0213402361179106,0.0337474523868017,0.0739792659074961,0.8004155197755978,0.6220136233212777,0.3423346220246075,0.3561246244729973,0.9784278475073436,1.0658699799570008,1.0097663388199414,-14.373411343961084
425,30425,30425,30425,35ace65,ckpt_sac_full_00049992,0,0,0,timeout,200,228.15647121569376,,,-1,1,30.0,0.45,20.0,1.0,25,1,200,0.002,100,10.0,1.0,0,197,0,0.985,0.3870489060641752,-0.2597799341313347,2.9184693366477337,0.0243394904615915,0.0306071425408186,0.0847197499494872,1.6324770618173852,0.949780464867464,0.3875076383710384,0.3381775010660021,1.041959166684709,1.0282188327103403,1.0486376730397449,-11.872952445928004
426,30426,30426,30426,35ace65,ckpt_sac_full_00049992,0,1,0,timeout,200,488.0508904243764,,,-1,1,30.0,0.45,20.0,1.0,25,1,200,0.002,100,10.0,1.0,0,163,0,0.815,0.3685779281337658,-0.681816076413565,-2.4609459915918093,0.0227910985213624,0.0341103914161674,0.0820102009782299,1.9938726230919448,0.7134066166851835,0.3817259443551637,0.6045614431666194,1.1133743739876836,1.010203646034855,1.0836181423034774,-3.367573435485463
427,30427,30427,30427,35ace65,ckpt_sac_full_00049992,0,0,0,timeout,200,238.8463652769098,,,-1,0,30.0,0.45,20.0,1.0,25,1,200,0.002,100,10.0,1.0,0,188,0,0.94,0.3425344115098014,-0.4260785249173228,2.715679544938,0.02243872578457,0.037919656809238,0.0902871062924953,1.177465520713203,0.9061973317345118,0.3650678709807836,0.2608144806099554,1.0605317208568057,1.0200305459137573,0.99575386280942,-12.041440990582878
428,30428,30428,30428,35ace65,ckpt_sac_full_00049992,0,1,0,timeout,200,181.54633236010315,,,-1,1,30.0,0.45,20.0,1.0,25,1,200,0.002,100,10.0,1.0,0,182,0,0.91,0.3560135216011664,-0.2918614873623771,0.4796430099065882,0.0238696758717696,0.03117430898237,0.1198887876126669,1.2059831272607204,0.7922436761805915,0.3528610363453682,0.3585765311351766,0.9612380863475192,1.017867227103943,0.9240299817073708,23.026355902467497
429,30429,30429,30429,35ace65,ckpt_sac_full_00049992,0,0,0,timeout,200,253.28148905298585,,,-1,0,30.0,0.45,20.0,1.0,25,1,200,0.002,100,10.0,1.0,0,181,0,0.905,0.3292004768727442,-0.6136719381758577,-0.4665429457450196,0.0261735640637547,0.0396800381038112,0.0439729704888791,0.8096027292142312,0.8109071859119191,0.3230500797516068,0.1839180450364619,1.1139065665926875,0.8945068147866081,1.1448779335133863,-12.885247924658591
430,30430,30430,30430,35ace65,ckpt_sac_full_00049992,0,0,0,timeout,200,349.1779346160393,,,-1,1,30.0,0.45,20.0,1.0,25,1,200,0.002,100,10.0,1.0,0,169,0,0.845,0.3296111908152254,-0.5098173377162085,2.0179381800565475,0.0249500883220461,0.0395368739596773,0.1161076132046792,1.9755410046381483,0.6552110433099356,0.3121955411408074,0.6308042094930894,1.0194983189752578,0.9689000773778436,1.0999473949577911,-0.2146453782332882
431,30431,30431,30431,35ace65,ckpt_sac_full_00049992,0,0,0,timeout,200,130.71039112245288,,,-1,1,30.0,0.45,20.0,1.0,25,1,200,0.002,100,10.0,1.0,0,188,0,0.94,0.3088419653777555,-0.1842811618850606,2.441524066972141,0.0219859149088127,0.03351103659974,0.0954025179311023,1.4118758814880072,1.2005920332084077,0.3528187505389004,0.1906996928660621,1.030658241187751,1.0189960651221714,0.9556926292008884,-10.337563802450491
432,30432,30432,30432,35ace65,ckpt_sac_full_00049992,0,0,0,timeout,200,305.7727547482672,,,-1,0,30.0,0.45,20.0,1.0,25,1,200,0.002,100,10.0,1.0,0,189,0,0.945,0.3335459664818491,-0.4437590479573664,-2.7108877723370752,0.0266118349473554,0.0396817924497288,0.0770350443441871,1.9991581736097304,1.2124044924141693,0.3109697514612382,0.5441522823918198,1.047242968127622,1.004404241749711,0.9573523896422984,-21.602377461647336
433,30433,30433,30433,35ace65,ckpt_sac_full_00049992,0,0,0,timeout,200,349.67467301475887,,,-1,1,30.0,0.45,20.0,1.0,25,1,200,0.002,100,10.0,1.0,0,177,0,0.885,0.3323614883978246,-0.6087808356124829,2.344643423972249,0.0253550184523977,0.0348498115920185,0.1150968338078268,1.798906901609254,1.0360258371887598,0.3871416148735623,0.3958526603349991,1.0209399085475634,1.087107908091981,1.0338020274041166,-14.723263021260708
434,30434,30434,30434,35ace65,ckpt_sac_full_00049992,0,0,0,timeout,200,497.1254147245448,,,-1,0,30.0,0.45,20.0,1.0,25,1,200,0.002,100,10.0,1.0,0,183,0,0.915,0.3773498676916572,-0.7117353968708817,2.425702627826277,0.0218539948550972,0.0375523380350841,0.0567445660728302,1.889212792459228,0.7012696250700307,0.3840008825580982,0.7105315721855114,1.0214612181590177,1.1362441969576278,1.3654168724152558,-9.0226312856814
435,30435,30435,30435,35ace65,ckpt_sac_full_00049992,0,0,0,timeout,200,158.79881202411485,,,-1,1,30.0,0.45,20.0,1.0,25,1,200,0.002,100,10.0,1.0,0,189,0,0.945,0.3340038100067548,-0.212244190417072,2.9708995597376244,0.0226376596577995,0.0380437457609556,0.0791416029078252,1.7639775040515489,1.0561107746014553,0.3291444617321664,0.3431983767546574,1.046459832171902,1.1355136450108871,0.8941995340228281,-9.189907461680283
436,30436,30436,30436,35ace65,ckpt_sac_full_00049992,0,0,0,timeout,200,308.3591189367798,,,-1,0,30.0,0.45,20.0,1.0,25,1,200,0.002,100,10.0,1.0,0,190,0,0.95,0.3312499817676342,-0.3696488472945845,-3.1325223408035523,0.0271166474173943,0.0377134549536924,0.1027642762894191,1.2089834763342098,1.0161832764531302,0.3321471659048408,0.5977653285152709,1.0548170315229748,1.0021596354008255,0.9218237277240418,-18.796044172317774
437,30437,30437,30437,35ace65,ckpt_sac_full_00049992,0,0,0,timeout,200,209.9125946789388,,,-1,1,30.0,0.45,20.0,1.0,25,1,200,0.002,100,10.0,1.0,0,178,0,0.89,0.3390392295568885,-0.1972991198780377,-2.129232055999486,0.0212961643676145,0.0331960188205731,0.0846957656487755,1.13701848395987,0.9789241048762058,0.3029026749370839,0.4647591065911478,1.0005285986209107,1.0790536379319593,1.1978859453975814,-7.260130809295067
438,30438,30438,30438,35ace65,ckpt_sac_full_00049992,0,0,0,timeout,200,374.9109221448009,,,-1,0,30.0,0.45,20.0,1.0,25,1,200,0.002,100,10.0,1.0,0,159,0,0.795,0.3541106549615502,-0.6875470872805989,2.63731568374236,0.022320934155385,0.0351322016182771,0.0955336972621189,1.1546809476029645,1.3156600313829905,0.3700063210027249,0.4027679786047057,1.002079134763977,1.0175204096604171,1.0776990383442686,-8.296492625197965
439,30439,30439,30439,35ace65,ckpt_sac_full_00049992,0,0,0,timeout,200,339.27418590726944,,,-1,1,30.0,0.45,20.0,1.0,25,1,200,0.002,100,10.0,1.0,0,178,0,0.89,0.3071482792491751,-0.4543120625489505,1.9374095399921432,0.0248538480981656,0.0362182605164553,0.1134818259006677,1.0423573710284513,1.2541181310653229,0.3429155438230267,0.6718001773208558,1.072687636782815,1.0865894118109751,1.0248363413276362,-1.318156053071203
440,30440,30440,30440,35ace65,ckpt_sac_full_00049992,0,0,0,timeout,200,256.907826650307,,,-1,1,30.0,0.45,20.0,1.0,25,1,200,0.002,100,10.0,1.0,0,185,0,0.925,0.3270414685253235,-0.5372401005484476,-2.405433157664887,0.027239589016549,0.0303273703365048,0.0349356089940663,1.6192686186269123,0.8217499337053494,0.306587259038683,0.2966689519042856,1.046660513432213,1.093512588944934,0.8605203530560722,-26.269185576133555
441,30441,30441,30441,35ace65,ckpt_sac_full_00049992,0,0,0,timeout,200,427.62496015145206,,,-1,1,30.0,0.45,20.0,1.0,25,1,200,0.002,100,10.0,1.0,0,178,0,0.89,0.3369514276713559,-0.6784321521474619,-1.7192993666598015,0.0272571683864772,0.0350619233195767,0.1043892967294552,1.365398947616983,1.3823846248584548,0.3849770436553051,0.5836288170097744,1.1431314736555966,0.991995938112429,1.047459920298589,-10.847434043392914
442,30442,30442,30442,35ace65,ckpt_sac_full_00049992,0,0,0,timeout,200,333.04792889441933,,,-1,1,30.0,0.45,20.0,1.0,25,1,200,0.002,100,10.0,1.0,0,180,0,0.9,0.3568872209408372,-0.2958659982543696,-0.1810619140607561,0.0230681003389214,0.0361375153569206,0.1188363256408624,0.8694951440328547,0.6696301015364725,0.3767592025964745,0.7249905406273709,0.947172227990464,0.9932003810110352,1.1920271726963645,-3.247001494327764
443,30443,30443,30443,35ace65,ckpt_sac_full_00049992,0,0,0,timeout,200,299.0273890535111,,,-1,0,30.0,0.45,20.0,1.0,25,1,200,0.002,100,10.0,1.0,0,179,0,0.895,0.3526304541548855,-0.4833749783858295,-2.352579930818058,0.0217455420715053,0.0377810645558902,0.0812114376445103,1.4767907974871333,1.2529073139380684,0.3523478972487305,0.3939669446538095,1.0121221739115946,1.0599819612531818,1.1107230910808892,-15.70008083799468
444,30444,30444,30444,35ace65,ckpt_sac_full_00049992,0,0,0,timeout,200,238.6462961341472,,,-1,1,30.0,0.45,20.0,1.0,25,1,200,0.002,100,10.0,1.0,0,195,0,0.975,0.3468346815268805,-0.2341924466952559,1.924904278125739,0.0205597011965761,0.0341684520824508,0.0661660809125761,1.0648584515642563,1.2175913152673767,0.31199626341072,0.4998162996824061,1.01790188218698,0.9623627884434248,1.160127999164569,-19.235390969452645
445,30445,30445,30445,35ace65,ckpt_sac_full_00049992,0,0,0,timeout,200,342.69118993797275,,,-1,1,30.0,0.45,20.0,1.0,25,1,200,0.002,100,10.0,1.0,0,173,0,0.865,0.3801613729321979,-0.6712590808767401,3.0073376252816937,0.0246806463752737,0.0318879012925312,0.0808833136147,1.7397784366664737,1.3105511838661612,0.3475648281676266,0.3055572663718661,1.051318001157883,1.017728664770994,1.0918232880752177,-8.97612029360819
446,30446,30446,30446,35ace65,ckpt_sac_full_00049992,0,0,0,timeout,200,257.2747420307873,,,-1,1,30.0,0.45,20.0,1.0,25,1,200,0.002,100,10.0,1.0,0,190,0,0.95,0.3205956481148398,-0.2769847159814288,-1.0971938356334014,0.0261624772716451,0.034248636515556,0.0900618522061978,0.9434311575917914,1.2313750583014218,0.3325035809301943,0.5320286476519539,1.1284972347216995,1.0374525501526894,1.181061292815199,-21.14015297729557
447,30447,30447,30447,35ace65,ckpt_sac_full_00049992,0,0,0,timeout,200,314.604854308351,,,-1,1,30.0,0.45,20.0,1.0,25,1,200,0.002,100,10.0,1.0,0,183,0,0.915,0.3176594573537192,-0.3428530675086198,-2.0033782941359157,0.0265509241712765,0.0298981456128197,0.0598311724851325,1.4450810276727917,1.0767517737022358,0.3232365904548929,0.6832649212313281,1.052402771959864,0.93102038617243,0.9267754028094914,-5.386971969585765
448,30448,30448,30448,35ace65,ckpt_sac_full_00049992,0,0,0,timeout,200,226.9083341957144,,,-1,0,30.0,0.45,20.0,1.0,25,1,200,0.002,100,10.0,1.0,0,195,0,0.975,0.3886517599484619,-0.2428717042780396,-2.705684355539325,0.0248543654653373,0.0340740127061483,0.117252577854148,1.133051331319744,1.0585315912838826,0.3046881828479876,0.3800815248114322,0.966452466640672,1.0130005862328662,0.953699910840972,-17.40415379474345
449,30449,30449,30449,35ace65,ckpt_sac_full_00049992,0,0,0,timeout,200,268.1299166762272,,,-1,1,30.0,0.45,20.0,1.0,25,1,200,0.002,100,10.0,1.0,0,185,0,0.925,0.3525228821568679,-0.2784261329876628,-2.521481503287271,0.0253603336945486,0.031716299961112,0.0702687634282948,1.5805158494610083,0.6046914907386954,0.3523907089902035,0.5011875080895255,1.075342946349345,1.015852981940371,1.1831948380168795,-3.7265246588076497
450,30450,30450,30450,35ace65,ckpt_sac_full_00049992,0,0,0,timeout,200,173.88331019248557,,,-1,1,30.0,0.45,20.0,1.0,25,1,200,0.002,100,10.0,1.0,0,189,0,0.945,0.3629377514633455,-0.2036955549256134,-0.6025214424978453,0.0231179766575849,0.0334832824866968,0.0317258022107502,0.8802677404821144,1.1024731190522052,0.3249710105035568,0.2943850657886545,1.0477585379793308,1.0592959616419846,0.7579507671404098,-8.639850867059623
451,30451,30451,30451,35ace65,ckpt_sac_full_00049992,0,0,0,timeout,200,245.65670075064867,,,-1,1,30.0,0.45,20.0,1.0,25,1,200,0.002,100,10.0,1.0,0,194,0,0.97,0.3842917644930202,-0.2968706110665035,1.9966829815304117,0.0226328263058104,0.0374622492372216,0.0419555085911222,1.471281024146867,1.1656383697359631,0.3270398546735026,0.3900450407913835,0.950907196464771,0.9806480001351652,1.00932681705026,-24.118202647746696
452,30452,30452,30452,35ace65,ckpt_sac_full_00049992,0,0,0,timeout,200,303.19028676662447,,,-1,1,30.0,0.45,20.0,1.0,25,1,200,0.002,100,10.0,1.0,0,192,0,0.96,0.3341290038170445,-0.5525250450736215,0.5243582832797973,0.0242538346409115,0.031560636256737,0.0676810926959139,1.0913114423110744,1.375745977941657,0.3894761325839994,0.299231123133573,0.990982179112194,1.0760741183245612,1.118586941717643,-19.279693091181848
453,30453,30453,30453,35ace65,ckpt_sac_full_00049992,0,0,0,timeout,200,328.71388077867334,,,-1,1,30.0,0.45,20.0,1.0,25,1,200,0.002,100,10.0,1.0,0,180,0,0.9,0.3044341797259516,-0.7010291815483896,1.990758186372875,0.0246127579096792,0.0375173844587201,0.1096987753853769,1.2187829785151727,0.6730837440632539,0.3682749595568944,0.3034547146069802,1.0665174034542024,0.9372165030562276,1.012655988063324,-13.851628759602336
454,30454,30454,30454,35ace65,ckpt_sac_full_00049992,0,0,0,timeout,200,404.668758035024,,,-1,1,30.0,0.45,20.0,1.0,25,1,200,0.002,100,10.0,1.0,0,168,0,0.84,0.3647931610085391,-0.5029068837886688,1.7843512917145237,0.0239025817450885,0.0302690310251773,0.1167127530459727,1.5910991464613031,1.007851374811919,0.3631163590032504,0.6759357987199833,0.9728430830501176,1.045292152935866,1.0670824980218048,-40.71656385779984
455,30455,30455,30455,35ace65,ckpt_sac_full_00049992,0,0,0,timeout,200,283.2615427102739,,,-1,1,30.0,0.45,20.0,1.0,25,1,200,0.002,100,10.0,1.0,0,185,0,0.925,0.3697104490475261,-0.3492612528803502,2.549545887042264,0.0204693506128601,0.0351438416384522,0.0386892555428351,1.0818942611686966,1.191888447942112,0.3815584996731662,0.423363468767622,0.9380741002610128,1.0831560412065702,1.097192729176212,-16.399334947064776
456,30456,30456,30456,35ace65,ckpt_sac_full_00049992,0,0,0,timeout,200,170.60674604698684,,,-1,0,30.0,0.45,20.0,1.0,25,1,200,0.002,100,10.0,1.0,0,191,0,0.955,0.3367089053278591,-0.2235806793524546,1.7919692456769845,0.0230338050503407,0.0365396713357669,0.0731490363665329,1.192388171323028,1.137774259127558,0.3770313461118136,0.3098235975654001,0.9326570349017208,1.1046082683694816,0.8861086881727828,-16.635671455196768
457,30457,30457,30457,35ace65,ckpt_sac_full_00049992,0,0,0,timeout,200,315.4627985380654,,,-1,1,30.0,0.45,20.0,1.0,25,1,200,0.002,100,10.0,1.0,0,192,0,0.96,0.3049387925533844,-0.5892484921869249,3.0220791668952325,0.0247437350920352,0.0305766721270609,0.1127375526255093,1.8070896581239888,1.2080973360654186,0.3719612680496881,0.3615662323303019,1.0577860137777055,1.0118737256694517,1.113747740729169,-11.097984202590355
458,30458,30458,30458,35ace65,ckpt_sac_full_00049992,0,0,0,timeout,200,269.31300173140204,,,-1,1,30.0,0.45,20.0,1.0,25,1,200,0.002,100,10.0,1.0,0,175,0,0.875,0.3793081762684624,-0.1787454992177428,1.5065036286269082,0.022637906496658,0.0341477616125347,0.081398828969788,1.0016172475028209,0.9681030389832378,0.3640919353719665,0.5615450832609835,1.054540766753523,1.0651612001460664,1.0568694542544377,-28.173191427876283
459,30459,30459,30459,35ace65,ckpt_sac_full_00049992,0,0,0,timeout,200,180.04783595871197,,,-1,0,30.0,0.45,20.0,1.0,25,1,200,0.002,100,10.0,1.0,0,191,0,0.955,0.3484948489919271,-0.2112744522111488,-0.0615149063389766,0.0243012407516146,0.0398804487567286,0.0433356633867033,0.8843972689743269,1.3633064120140466,0.3826238914099705,0.2769901231377605,0.9470324755162172,1.0292202553112202,0.9636435312181362,-33.572637543297496
460,30460,30460,30460,35ace65,ckpt_sac_full_00049992,0,0,0,timeout,200,165.88411341264424,,,-1,1,30.0,0.45,20.0,1.0,25,1,200,0.002,100,10.0,1.0,0,191,0,0.955,0.3515919976041121,-0.2863287630958736,2.861529669275781,0.0216537109132884,0.0385695095914637,0.055491044323463,1.3845975356084743,1.1291004554323945,0.3264701513785769,0.2021406341415331,0.9755833261035178,1.0716960311176118,1.1086742501771096,-17.988739313412026
461,30461,30461,30461,35ace65,ckpt_sac_full_00049992,0,0,0,timeout,200,266.1370827494908,,,-1,1,30.0,0.45,20.0,1.0,25,1,200,0.002,100,10.0,1.0,0,186,0,0.93,0.3394590476169187,-0.4994421634574637,-1.5685016217832464,0.0273661246138818,0.0350076716398951,0.0675283412468975,1.1457987104057796,0.9011811174109184,0.3656598300771758,0.2966174672259491,1.0266701402590803,1.0222540839688696,0.8948949284729194,-10.473751750616945
462,30462,30462,30462,35ace65,ckpt_sac_full_00049992,0,0,0,timeout,200,363.8683833187201,,,-1,1,30.0,0.45,20.0,1.0,25,1,200,0.002,100,10.0,1.0,0,171,0,0.855,0.3559792813610687,-0.7260636917567453,0.1544548691829583,0.0230528259306736,0.0360719785147851,0.0375559538465587,1.7441150096470992,1.3807204137927689,0.3469858113068398,0.3609383387309537,0.9940225668434396,0.983214865676872,1.2645834992291207,-19.17709243426191
463,30463,30463,30463,35ace65,ckpt_sac_full_00049992,0,1,0,timeout,200,389.95699466460337,,,-1,1,30.0,0.45,20.0,1.0,25,1,200,0.002,100,10.0,1.0,0,179,0,0.895,0.3571024815442097,-0.401254425390975,0.0213495813553263,0.0253315245054831,0.0372362990792501,0.0675351089954715,1.4865124196941912,0.6039942427199226,0.3443453020771324,0.6637190632346363,0.9866042430837304,1.1004692992871064,0.9922264777055644,22.206535056498083
464,30464,30464,30464,35ace65,ckpt_sac_full_00049992,0,0,0,timeout,200,294.6896564844764,,,-1,1,30.0,0.45,20.0,1.0,25,1,200,0.002,100,10.0,1.0,0,185,0,0.925,0.31560327472442,-0.3076101453042166,0.5367966464321836,0.0247805834463631,0.0329079889614913,0.1053665193882555,0.9531186341769088,0.620527222691084,0.3464462117859124,0.6105476240827534,1.1228930985618366,1.019213197332146,0.9490000186566196,-20.730006782076465
465,30465,30465,30465,35ace65,ckpt_sac_full_00049992,0,0,0,timeout,200,353.584202554746,,,-1,1,30.0,0.45,20.0,1.0,25,1,200,0.002,100,10.0,1.0,0,182,0,0.91,0.3036478267008812,-0.4628379938293099,1.5099051255735034,0.0237414382412733,0.0340507498228184,0.0700423890929299,1.749609535862953,1.1781706716739324,0.3315868335381454,0.720510931973157,0.9915348601258512,1.0087268735463857,0.976689876162106,0.5641623857662924
466,30466,30466,30466,35ace65,ckpt_sac_full_00049992,0,0,0,timeout,200,306.008084566219,,,-1,1,30.0,0.45,20.0,1.0,25,1,200,0.002,100,10.0,1.0,0,184,0,0.92,0.3523729307391451,-0.4912391861261184,2.5166616006348947,0.0216330869074638,0.0344922907869411,0.0443057617328118,1.441187884192238,0.7371521316817992,0.3271251318536626,0.4402748664443529,1.0370722934314531,0.9830538187346276,1.0291277265753924,-14.21392904027424
467,30467,30467,30467,35ace65,ckpt_sac_full_00049992,0,0,0,timeout,200,374.8137803681024,,,-1,1,30.0,0.45,20.0,1.0,25,1,200,0.002,100,10.0,1.0,0,177,0,0.885,0.3415282873675344,-0.66824639808497,-2.4844508226062243,0.0215059375055224,0.034759541711591,0.1096202181158355,1.6265276099452013,0.8353855383591658,0.3161620381798997,0.5419582382861782,0.9637759267759028,1.0608159401405772,1.1332844495180212,-4.870002118729234
468,30468,30468,30468,35ace65,ckpt_sac_full_00049992,0,1,0,timeout,200,362.60167383207903,,,-1,1,30.0,0.45,20.0,1.0,25,1,200,0.002,100,10.0,1.0,0,171,0,0.855,0.3493667228820939,-0.6247190506588356,-2.0618141688562988,0.0220160973025618,0.0359747686870911,0.1071660295285843,0.9342151176407066,1.0755260765296382,0.3160363702177702,0.5914842676811298,0.9917047235934076,1.0439855488600167,1.117227783391116,24.053321849743604
469,30469,30469,30469,35ace65,ckpt_sac_full_00049992,0,0,0,timeout,200,368.2799370899653,,,-1,1,30.0,0.45,20.0,1.0,25,1,200,0.002,100,10.0,1.0,0,168,0,0.84,0.3896068295430909,-0.5205675141451429,1.6557160875173222,0.0268165670794077,0.0380033425586475,0.048128474903575,1.7666816677908748,1.0526969558327297,0.3644921937339154,0.4990148116321418,1.0016969774376585,0.9568307076451824,0.9853619693935805,-11.527909157692996
470,30470,30470,30470,35ace65,ckpt_sac_full_00049992,0,0,0,timeout,200,243.2916864656925,,,-1,1,30.0,0.45,20.0,1.0,25,1,200,0.002,100,10.0,1.0,0,181,0,0.905,0.3122077231708053,-0.3369077551967548,2.449938105521809,0.0248451834835061,0.0309008383625092,0.0816730242668235,0.9944263911700196,0.8055405210789702,0.3868470038433514,0.3469005155934297,0.9954384332067402,1.0406393603158777,1.0206589355272375,-9.300089823072453
471,30471,30471,30471,35ace65,ckpt_sac_full_00049992,0,0,0,timeout,200,326.78706051846393,,,-1,0,30.0,0.45,20.0,1.0,25,1,200,0.002,100,10.0,1.0,0,191,0,0.955,0.3797508732095538,-0.4564808626863301,2.314446864187797,0.0256397716142348,0.0383475875156634,0.0572697887519055,1.4630701413781868,0.7555297525806338,0.3668939684939665,0.4493176624298415,0.9797548031180296,0.9549928182393798,0.939663031057656,-22.144201526831647
472,30472,30472,30472,35ace65,ckpt_sac_full_00049992,0,0,0,timeout,200,397.9783695044442,,,-1,1,30.0,0.45,20.0,1.0,25,1,200,0.002,100,10.0,1.0,0,166,0,0.83,0.3267848305220445,-0.5610896974586773,2.113152016455474,0.0238225812823695,0.0335443787186691,0.0588169040541753,1.1649247860605263,0.6614840487385742,0.3484790184866523,0.6993176830365617,1.0625029526866785,0.9533274009277548,0.9610400016977368,-10.999146124606373
473,30473,30473,30473,35ace65,ckpt_sac_full_00049992,0,0,0,timeout,200,321.0573830023784,,,-1,0,30.0,0.45,20.0,1.0,25,1,200,0.002,100,10.0,1.0,0,180,0,0.9,0.3164620870526711,-0.5209504761893363,-0.6724492877392119,0.0255786322272193,0.0396729749785619,0.112415236997022,1.807620358728728,0.801450452502849,0.3236770615517688,0.5312079042344109,1.0572269982982536,1.0330816251702684,1.2138889409082956,-26.686353291274425
474,30474,30474,30474,35ace65,ckpt_sac_full_00049992,0,0,0,timeout,200,372.22034466352926,,,-1,1,30.0,0.45,20.0,1.0,25,1,200,0.002,100,10.0,1.0,0,194,0,0.97,0.3000528336979547,-0.6734008192689698,-1.430034239333406,0.0221793090974545,0.0306536866242956,0.0446383954961334,1.1357033050627634,1.2904043865650037,0.3627709773624893,0.5057910722421313,1.034727929808078,1.0535340439047471,1.1348516653048764,-22.240776183621136
475,30475,30475,30475,35ace65,ckpt_sac_full_00049992,0,0,0,timeout,200,218.51481435895005,,,-1,0,30.0,0.45,20.0,1.0,25,1,200,0.002,100,10.0,1.0,0,190,0,0.95,0.3290085300780381,-0.3270813753705452,-1.914774639136606,0.0212415483111234,0.0400262995818793,0.1137466079231038,0.866744639631865,0.7749135321257539,0.3838027231441104,0.2776001247085208,1.0653129325977362,1.027786588323628,0.9915566082970702,-19.86112935395081
476,30476,30476,30476,35ace65,ckpt_sac_full_00049992,0,0,0,timeout,200,265.49684651296974,,,-1,1,30.0,0.45,20.0,1.0,25,1,200,0.002,100,10.0,1.0,0,192,0,0.96,0.3895560373144041,-0.2680390935085826,-2.0225510504474,0.027523037330314,0.0341267291093964,0.0941549275410102,1.7011232193255184,0.7035040076873922,0.3381399071346654,0.4180405227863213,1.049761956096269,1.0231194030953394,0.8227982217097509,-8.245258422852842
477,30477,30477,30477,35ace65,ckpt_sac_full_00049992,0,0,0,timeout,200,288.4473862505004,,,-1,1,30.0,0.45,20.0,1.0,25,1,200,0.002,100,10.0,1.0,0,186,0,0.93,0.3242945424566238,-0.6413751492301404,0.0524562418752894,0.0227202211850296,0.0389716372793558,0.047683914819365,0.9806753540874874,1.186115184687685,0.3145942289352125,0.2951728541501665,1.065610293660083,0.934146910459846,1.1507098098256625,-26.347299592195768
478,30478,30478,30478,35ace65,ckpt_sac_full_00049992,0,0,0,timeout,200,354.43034547518766,,,-1,0,30.0,0.45,20.0,1.0,25,1,200,0.002,100,10.0,1.0,0,187,0,0.935,0.3567767267609886,-0.7131113248148471,-2.5756281426758827,0.0261679326554727,0.0364609719672315,0.0650931014056717,1.5794321242620226,0.8631406917637481,0.3545260507999805,0.333035960547014,1.1065287984656067,1.0377756731548378,1.1690384807450585,-10.042514769023896
479,30479,30479,30479,35ace65,ckpt_sac_full_00049992,0,0,0,timeout,200,287.3678657671686,,,-1,1,30.0,0.45,20.0,1.0,25,1,200,0.002,100,10.0,1.0,0,189,0,0.945,0.3203925333519916,-0.4305893379723435,-1.3383719787208936,0.0258679670423052,0.035012596793178,0.06783201818018,1.935307079218378,1.2278877986495234,0.3232880422897456,0.4955541460210371,1.0109852694758494,1.0822246752585225,1.023266992569114,-8.295908011099584
480,30480,30480,30480,35ace65,ckpt_sac_full_00049992,0,0,0,timeout,200,397.2251065510837,,,-1,1,30.0,0.45,20.0,1.0,25,1,200,0.002,100,10.0,1.0,0,176,0,0.88,0.3691382495115617,-0.7280820905280283,0.0622907655781528,0.0228986486130965,0.0346838162762086,0.0992932376294053,1.4375653509898316,0.8543493465664879,0.3055300690908732,0.5188824613217045,1.0402907109008763,1.035177790933935,1.0221232725996017,-4.807503319326372
481,30481,30481,30481,35ace65,ckpt_sac_full_00049992,0,0,0,timeout,200,210.5519007206199,,,-1,1,30.0,0.45,20.0,1.0,25,1,200,0.002,100,10.0,1.0,0,184,0,0.92,0.3175645931049708,-0.2500701715941753,-2.7131450221737285,0.0235490001925043,0.03451898492546,0.0844083034118097,1.4246046882390329,1.20876074674015,0.3800013711455052,0.337194811253399,1.079749341498585,0.904648865021236,1.1031736328587645,-10.658637982270372
482,30482,30482,30482,35ace65,ckpt_sac_full_00049992,0,0,0,timeout,200,212.0721198034917,,,-1,0,30.0,0.45,20.0,1.0,25,1,200,0.002,100,10.0,1.0,0,192,0,0.96,0.3806762161962292,-0.2415657558395529,0.6822896864731214,0.0240023613610333,0.0349450372887567,0.0458214810409491,1.1599346740189298,1.330362081850358,0.3397624711013719,0.3477795800523159,1.1151087348224047,1.0310535290356737,1.0762815231779213,-20.0300389118259
483,30483,30483,30483,35ace65,ckpt_sac_full_00049992,0,0,0,timeout,200,429.8619041002924,,,-1,0,30.0,0.45,20.0,1.0,25,1,200,0.002,100,10.0,1.0,0,180,0,0.9,0.3839342642534172,-0.6870938682693023,1.201612780691799,0.0231877277272516,0.0318314420037368,0.0972414157386632,1.3403783119148884,1.163585380664618,0.3126294882490291,0.6325732769366498,0.9426115516651462,1.100288722940131,0.9123723132796232,-5.659748305490592
484,30484,30484,30484,35ace65,ckpt_sac_full_00049992,0,0,0,unsafe,64,335.3372598938847,,,-1,0,30.0,0.45,20.0,1.0,25,1,200,0.002,100,10.0,1.0,0,48,0,0.75,0.3373730617316639,-0.3236042174665318,0.7692170329507322,0.0262063144717088,0.0373035746728636,0.0977375350512717,0.9011090106234108,0.6897739386808661,0.3859467238606858,0.6316343974415621,0.968467686680248,1.0053379178454105,0.9084751445310066,-45.221650846181696
485,30485,30485,30485,35ace65,ckpt_sac_full_00049992,0,0,0,timeout,200,214.16059161892716,,,-1,1,30.0,0.45,20.0,1.0,25,1,200,0.002,100,10.0,1.0,0,197,0,0.985,0.329431864117542,-0.409341304519936,-2.8529911835356776,0.0249720326987666,0.0304152850727732,0.1082800849182847,0.8556308186490252,1.1418485342197815,0.3098492622440604,0.2711734612198711,0.9627776214236452,0.9251132611062785,0.8810357705104641,-11.199979708968154
486,30486,30486,30486,35ace65,ckpt_sac_full_00049992,0,0,0,timeout,200,310.90175855102984,,,-1,0,30.0,0.45,20.0,1.0,25,1,200,0.002,100,10.0,1.0,0,182,0,0.91,0.3479788493374561,-0.5921013864416953,-3.019823979545,0.0268472185091973,0.0372270982901256,0.0904510370489501,0.985995460805232,1.2088593342391103,0.3863096491539595,0.2768134623144146,0.982905875966934,1.0306756145035134,1.042182283775852,-30.63591865343648
487,30487,30487,30487,35ace65,ckpt_sac_full_00049992,0,0,0,timeout,200,362.0677849420599,,,-1,1,30.0,0.45,20.0,1.0,25,1,200,0.002,100,10.0,1.0,0,158,0,0.79,0.37059310472703,-0.4047497163535427,0.9985131545935788,0.0239830678746529,0.0310018730696869,0.040545677727924,1.600602587972234,1.3576240806184348,0.3234813264545954,0.6852773688122091,1.0363293509722884,1.0307959614725066,0.9974388484400468,-10.944745582232631
488,30488,30488,30488,35ace65,ckpt_sac_full_00049992,0,0,0,timeout,200,298.6935687849637,,,-1,0,30.0,0.45,20.0,1.0,25,1,200,0.002,100,10.0,1.0,0,181,0,0.905,0.3685704273412927,-0.5356881357581189,-0.9887166658037588,0.0252430465928332,0.040078444346253,0.0582453579041815,1.95962462294262,1.2634214187698651,0.3476919624412419,0.3220978745784229,0.9908387814975766,1.0622816250688112,1.0937203809681175,-57.90679506878774
489,30489,30489,30489,35ace65,ckpt_sac_full_00049992,0,0,0,timeout,200,232.1330016063497,,,-1,1,30.0,0.45,20.0,1.0,25,1,200,0.002,100,10.0,1.0,0,193,0,0.965,0.3270353148846419,-0.3101449918148239,2.8966409376708526,0.0246577318914586,0.0307135115013893,0.1090723542849904,1.7922444448877537,1.3772906777942846,0.3150089259289143,0.4287675920522519,1.007273241320428,1.023718504568415,1.0449365316031556,-17.520986712003324
490,30490,30490,30490,35ace65,ckpt_sac_full_00049992,0,0,0,timeout,200,151.84929891574288,,,-1,1,30.0,0.45,20.0,1.0,25,1,200,0.002,100,10.0,1.0,0,192,0,0.96,0.3492049293861547,-0.2531251678945658,-0.4724097546027406,0.0239117207583548,0.0365163003957609,0.1181630410553882,1.8961787445391671,0.6262704335055022,0.3387360730446239,0.1908757910895419,1.043406048156504,1.017937472275911,1.1782614403936822,-16.923847279213852
491,30491,30491,30491,35ace65,ckpt_sac_full_00049992,0,0,0,timeout,200,395.5078788538437,,,-1,1,30.0,0.45,20.0,1.0,25,1,200,0.002,100,10.0,1.0,0,179,0,0.895,0.3203267649679265,-0.598761981735979,0.6100763201951835,0.0264162055414188,0.034763292667948,0.0798004415436101,1.0695319626848567,0.6096844882141736,0.3776782987698787,0.5959640382768266,1.046458926783448,1.0493528828804397,0.9657129823641613,-35.83524370052264
492,30492,30492,30492,35ace65,ckpt_sac_full_00049992,0,0,0,timeout,200,302.89470815849893,,,-1,1,30.0,0.45,20.0,1.0,25,1,200,0.002,100,10.0,1.0,0,182,0,0.91,0.3312968940441996,-0.3240282006126044,2.9699641829756835,0.021911640135777,0.0345485886715129,0.0362809432355732,1.590311589088048,1.0144687041158191,0.3537466190245525,0.5897785251845196,1.0358594919879414,1.0224570650782177,1.073032055399069,-4.691869499674351
493,30493,30493,30493,35ace65,ckpt_sac_full_00049992,0,0,0,timeout,200,381.4839480106584,,,-1,1,30.0,0.45,20.0,1.0,25,1,200,0.002,100,10.0,1.0,0,188,0,0.94,0.3817017802712423,-0.7248465148240082,0.6283646690513525,0.0240419626192722,0.0331321395035121,0.0643851768711727,1.3649445213292737,0.9009392957788924,0.3183685283185407,0.4150785737699282,1.0109743874126054,1.0063612792009315,0.9072177202670773,-11.96392937873016
494,30494,30494,30494,35ace65,ckpt_sac_full_00049992,0,0,0,timeout,200,380.2329536231414,,,-1,1,30.0,0.45,20.0,1.0,25,1,200,0.002,100,10.0,1.0,0,166,0,0.83,0.3124214565516384,-0.6215878219010302,0.2974006243404505,0.026570185068142,0.0329521150039461,0.0393417343406478,1.9811096580132663,1.3022516719749464,0.3030832605657156,0.7099180586076071,1.062814086097559,1.041407758640568,0.9443849607115788,-14.97641877918056
495,30495,30495,30495,35ace65,ckpt_sac_full_00049992,0,0,0,timeout,200,360.63262614242615,,,-1,1,30.0,0.45,20.0,1.0,25,1,200,0.002,100,10.0,1.0,0,177,0,0.885,0.3739064556540972,-0.3322921506525443,0.1192583938922573,0.0259205262878902,0.0322868780053207,0.0384424900795845,1.8249172708736088,1.24755750796166,0.3771331621133896,0.6716065129550335,1.055893711124924,1.0609298520153263,1.0497618252572938,-5.568061916607914
496,30496,30496,30496,35ace65,ckpt_sac_full_00049992,0,0,0,timeout,200,322.26383121111354,,,-1,0,30.0,0.45,20.0,1.0,25,1,200,0.002,100,10.0,1.0,0,173,0,0.865,0.3789168870348594,-0.6886341961586543,0.6286243245755956,0.0250330609392421,0.035510433330204,0.0734746297854809,1.1463073769313006,1.1773952378024486,0.3226665822709652,0.2513618179683783,1.012952064263706,1.0886613634701967,1.2604471031018654,-7.541524602589284
497,30497,30497,30497,35ace65,ckpt_sac_full_00049992,0,0,0,timeout,200,360.47306350218906,,,-1,1,30.0,0.45,20.0,1.0,25,1,200,0.002,100,10.0,1.0,0,174,0,0.87,0.3687316130384146,-0.6186197474939852,0.3309556066106611,0.0258645399950029,0.037721428119372,0.0649919736242628,1.2576940443365916,1.206244474237467,0.3365770824168156,0.4536899696546256,1.0446400197764558,1.0987159567145597,1.0889491817568293,-15.116940550916365
498,30498,30498,30498,35ace65,ckpt_sac_full_00049992,0,0,0,timeout,200,262.8098311971372,,,-1,1,30.0,0.45,20.0,1.0,25,1,200,0.002,100,10.0,1.0,0,186,0,0.93,0.3878340431409021,-0.5124574308565549,-0.1308785115380626,0.020402262723637,0.0332763907773977,0.0656232949040746,1.343040832621813,1.0725100720335237,0.3717464490782688,0.1929691783884031,0.9599080615401296,1.0530572343942914,1.1549810928564677,-16.098546279441955
499,30499,30499,30499,35ace65,ckpt_sac_full_00049992,0,0,0,timeout,200,389.3328799153763,,,-1,0,30.0,0.45,20.0,1.0,25,1,200,0.002,100,10.0,1.0,0,158,0,0.79,0.3875154970260613,-0.6432254219653109,1.6721475319390144,0.0214587853284842,0.0298247146259036,0.1018736901625588,1.7512580168143017,0.7163845180878017,0.3578778151063783,0.4555615520404759,1.008133284815517,1.053568212832196,1.2157906747157834,-9.668508988188696
500,30500,30500,30500,35ace65,ckpt_sac_full_00049992,0,0,0,timeout,200,426.233079342328,,,-1,0,30.0,0.45,20.0,1.0,25,1,200,0.002,100,10.0,1.0,0,158,0,0.79,0.3523833482692481,-0.6868047453316343,1.2387821048638117,0.0249768505313524,0.037389007409328,0.114857986365658,1.309961481467263,1.0571434583566792,0.3084764635485403,0.7115108405344271,1.0523311434939506,1.10376215479665,0.9426409630852396,-6.064361850569381
501,30501,30501,30501,35ace65,ckpt_sac_full_00049992,0,0,0,timeout,200,279.00383698798186,,,-1,1,30.0,0.45,20.0,1.0,25,1,200,0.002,100,10.0,1.0,0,181,0,0.905,0.3469134217505257,-0.5268211003045108,2.5468157796501085,0.0225629071587152,0.0333004024523455,0.0605150671009944,1.432076932574356,1.33728621942394,0.3837537048259951,0.2504012986720281,0.9764939048443758,1.080010546955924,0.9621235334785584,-18.9065146710565
502,30502,30502,30502,35ace65,ckpt_sac_full_00049992,0,0,0,timeout,200,229.59629845061315,,,-1,1,30.0,0.45,20.0,1.0,25,1,200,0.002,100,10.0,1.0,0,191,0,0.955,0.3574965919991144,-0.453696400737501,0.0807104202995492,0.0231228215520691,0.0308848281009987,0.0620498660544741,1.918186055172392,1.0271376397660843,0.3533753624055143,0.2039647912068607,0.9675518782239526,0.9868739665136188,0.96528631531913,-17.80561044487739
503,30503,30503,30503,35ace65,ckpt_sac_full_00049992,0,0,0,timeout,200,330.0651046059507,,,-1,0,30.0,0.45,20.0,1.0,25,1,200,0.002,100,10.0,1.0,0,180,0,0.9,0.3064847385573752,-0.3334960805375253,-0.1590126196052921,0.024075215419642,0.0397185467662414,0.0307018158881904,1.5952680420039909,0.7915016586346466,0.3741239657060248,0.6611684675113412,1.0287785655831758,1.052523782461393,1.0747984848505612,-7.454161172799807
504,30504,30504,30504,35ace65,ckpt_sac_full_00049992,0,0,0,timeout,200,218.61577798635804,,,-1,1,30.0,0.45,20.0,1.0,25,1,200,0.002,100,10.0,1.0,0,196,0,0.98,0.3403790672544473,-0.2948489545329586,-1.939223924295516,0.0253597033946836,0.0394357109533238,0.0887526265205763,1.7901926035290332,0.6549021275415742,0.3244183027327418,0.3737958947495825,1.0129162924504107,0.9853344533812596,1.0587204098163143,-22.59453810825667
505,30505,30505,30505,35ace65,ckpt_sac_full_00049992,0,0,0,timeout,200,185.96566050857356,,,-1,1,30.0,0.45,20.0,1.0,25,1,200,0.002,100,10.0,1.0,0,194,0,0.97,0.3287202179185343,-0.2530125531906143,-1.7259884424724392,0.0212012910685714,0.0342946111525103,0.0385449054365911,0.8731027021247465,0.9353211895433398,0.3477714393590406,0.3011764927860966,0.9949952589081786,1.0799990197793654,1.1582846030491032,-22.92929097989035
506,30506,30506,30506,35ace65,ckpt_sac_full_00049992,0,0,0,timeout,200,219.4707000028313,,,-1,1,30.0,0.45,20.0,1.0,25,1,200,0.002,100,10.0,1.0,0,192,0,0.96,0.3685085584908785,-0.2383318963844737,-2.354398613091405,0.0206707716402769,0.0328444286351306,0.0680083936948887,0.9647794922461176,1.205712395648924,0.3274230377480678,0.3926849115201503,1.0330699662481435,0.980569279278452,1.3209461444904638,-15.065791456098804
507,30507,30507,30507,35ace65,ckpt_sac_full_00049992,0,0,0,timeout,200,330.530754951602,,,-1,1,30.0,0.45,20.0,1.0,25,1,200,0.002,100,10.0,1.0,0,191,0,0.955,0.3312271603481129,-0.7147513371428084,1.1468145225094997,0.0235401034837873,0.0392383960905672,0.1107366734028704,1.492363988916685,1.257930150449384,0.3308466018462939,0.3519276169705942,1.0609832383155144,1.0135120681903087,0.8802616617387957,-8.99730848860387
508,30508,30508,30508,35ace65,ckpt_sac_full_00049992,0,0,0,timeout,200,252.12051994119452,,,-1,1,30.0,0.45,20.0,1.0,25,1,200,0.002,100,10.0,1.0,0,191,0,0.955,0.3095195599641318,-0.2637051952037636,-2.27851803289881,0.0234892109682607,0.0307890194614715,0.0761223383900218,0.9063139380695544,0.621968332363357,0.3582133590890938,0.4973540894931225,1.0608958749078,1.0041419643606593,1.128966250273554,-23.05066541371553
509,30509,30509,30509,35ace65,ckpt_sac_full_00049992,0,0,0,timeout,200,365.0124083735475,,,-1,1,30.0,0.45,20.0,1.0,25,1,200,0.002,100,10.0,1.0,0,180,0,0.9,0.3892228941844387,-0.409210181097814,-1.2514464429432617,0.023393620963704,0.0365768180211592,0.084022649520961,1.8091541225372123,0.6375067253310283,0.3758458228943568,0.5850033610891143,1.097704689490318,0.9140190047464546,0.9879303805662394,-11.134720043371171
510,30510,30510,30510,35ace65,ckpt_sac_full_00049992,0,0,0,timeout,200,413.3600791560492,,,-1,0,30.0,0.45,20.0,1.0,25,1,200,0.002,100,10.0,1.0,0,165,0,0.825,0.3890925599000794,-0.518662579507915,0.2352940583830158,0.0220664513353637,0.036907493981943,0.0923756781816599,1.087948786906724,0.8958047297490861,0.3856781822442312,0.6076569868845699,1.0334507055020423,0.9564002802602548,1.1602003410200208,-6.987409804147227
511,30511,30511,30511,35ace65,ckpt_sac_full_00049992,0,0,0,timeout,200,305.1067414215621,,,-1,0,30.0,0.45,20.0,1.0,25,1,200,0.002,100,10.0,1.0,0,184,0,0.92,0.3495648129048449,-0.6474262421784598,-2.41515691712882,0.0264990974698394,0.0392242722844776,0.0358646121742973,1.5215662925769438,0.9981705025380804,0.3366200841486161,0.2730586217182533,0.9773663067443312,1.0607322018016212,1.0113063894543517,-18.740901338579494
512,30512,30512,30512,35ace65,ckpt_sac_full_00049992,0,0,0,timeout,200,144.94518883299867,,,-1,1,30.0,0.45,20.0,1.0,25,1,200,0.002,100,10.0,1.0,31,196,0,0.98,0.3498551721429561,-0.2025629624842156,-0.6827592447589801,0.0238477282987317,0.0371116872213022,0.0812875536399771,1.3800088523823832,1.2365480370430495,0.3076653724746737,0.2254052547677444,1.014754688614746,1.0776993614105437,1.0372106406566204,-30.279688762116017
513,30513,30513,30513,35ace65,ckpt_sac_full_00049992,0,0,0,timeout,200,352.2673774556508,,,-1,1,30.0,0.45,20.0,1.0,25,1,200,0.002,100,10.0,1.0,1,155,0,0.775,0.3363076819658905,-0.5032738157742438,-2.085642295348995,0.0221082695424863,0.0395754019193037,0.0351791901949525,1.5355055462157967,0.6600681833143024,0.3713417383735291,0.4933542579762324,0.9470582017009296,1.0570125758901816,0.9238398019880492,-19.92058257287441
514,30514,30514,30514,35ace65,ckpt_sac_full_00049992,0,0,0,timeout,200,316.8036287617528,,,-1,0,30.0,0.45,20.0,1.0,25,1,200,0.002,100,10.0,1.0,0,171,0,0.855,0.3304168576463947,-0.5527090102338352,-2.107987405191865,0.0264659170604191,0.0368440886909297,0.0873856918432966,0.8865657665518223,1.2767055881434908,0.376292727160839,0.3669692766486883,0.9737529779675442,0.9348447355264342,0.9066325561038048,-17.834490313077875
515,30515,30515,30515,35ace65,ckpt_sac_full_00049992,0,0,0,timeout,200,160.71954193149267,,,-1,1,30.0,0.45,20.0,1.0,25,1,200,0.002,100,10.0,1.0,0,196,0,0.98,0.3627891040033663,-0.2860566971801495,0.8660431505579478,0.0242792090296277,0.0375333836940355,0.0435969789173481,0.898724375525334,0.6416992157011149,0.3144897394425294,0.1712107570430724,0.975191385132253,1.068685225947739,1.0502852343172382,-14.299786989744804
516,30516,30516,30516,35ace65,ckpt_sac_full_00049992,0,0,0,timeout,200,382.7997218021773,,,-1,0,30.0,0.45,20.0,1.0,25,1,200,0.002,100,10.0,1.0,0,190,0,0.95,0.3115094144638209,-0.460429847631289,0.5824292102761324,0.0265233536828103,0.0394444327280727,0.0550822902432165,1.3319157159551156,1.3280633195493745,0.3861528043884655,0.684547443433656,1.0182834795032676,1.048698832436452,0.9825498835361556,-22.64993111384792
517,30517,30517,30517,35ace65,ckpt_sac_full_00049992,0,0,0,timeout,200,389.35913087872,,,-1,0,30.0,0.45,20.0,1.0,25,1,200,0.002,100,10.0,1.0,0,177,0,0.885,0.3555403651018501,-0.4863016928164889,0.1924371011971088,0.0212759828603911,0.0396288285262698,0.0869623292482538,1.3685973860738527,1.3966104166719913,0.3688005652195854,0.6469539488624906,0.9650626650299688,1.0830123072450293,0.8705714785624648,-20.600175563490307
518,30518,30518,30518,35ace65,ckpt_sac_full_00049992,0,0,0,timeout,200,181.51772274788388,,,-1,1,30.0,0.45,20.0,1.0,25,1,200,0.002,100,10.0,1.0,0,191,0,0.955,0.3758443252879774,-0.2861892442320942,2.976448575640716,0.0229429925065638,0.0372600026459026,0.1031476212457373,1.2191890119144713,1.125504385727889,0.3079764320038738,0.2139604003626225,0.9453083046944952,0.9639631736331614,1.000518986618255,-11.492848128427832
519,30519,30519,30519,35ace65,ckpt_sac_full_00049992,0,0,0,timeout,200,414.85192081825954,,,-1,1,30.0,0.45,20.0,1.0,25,1,200,0.002,100,10.0,1.0,0,190,0,0.95,0.3189201384369868,-0.6193525982109237,-1.8449099807184088,0.0255806667278762,0.0378905164720599,0.0878167874810119,1.576790068996262,1.045086061489141,0.378127491801228,0.6457336609973249,1.0088662427948,0.9418439184097208,0.9641146783026956,-10.968887781927917
520,30520,30520,30520,35ace65,ckpt_sac_full_00049992,0,0,0,timeout,200,233.18720857748409,,,-1,1,30.0,0.45,20.0,1.0,25,1,200,0.002,100,10.0,1.0,0,194,0,0.97,0.3674097938407692,-0.387412205705594,-1.2298845638978413,0.0227475462718224,0.0337786137019869,0.0389780520900787,1.2187842314850907,1.2168530375901754,0.3148489291271336,0.293583566565094,1.0508126114844114,1.0092376692188736,0.8964484721131122,-8.949834196641001
521,30521,30521,30521,35ace65,ckpt_sac_full_00049992,0,0,0,timeout,200,302.85192396795605,,,-1,1,30.0,0.45,20.0,1.0,25,1,200,0.002,100,10.0,1.0,0,180,0,0.9,0.3191822526702239,-0.275897765821014,-0.260116335764577,0.0265353182705395,0.0353854183357022,0.0786360973888598,1.0932046021502249,1.1641859653142816,0.3509943710784803,0.7111022750694983,1.120229179308342,0.9879361514410242,1.2922335619963548,-2.9194968453329944
522,30522,30522,30522,35ace65,ckpt_sac_full_00049992,0,0,0,timeout,200,178.9688437257665,,,-1,1,30.0,0.45,20.0,1.0,25,1,200,0.002,100,10.0,1.0,0,196,0,0.98,0.325160654634049,-0.2483495240697103,-1.4606596652843191,0.024577911515668,0.0302296255434142,0.0891618666868276,1.1425692562958194,0.9060254642953796,0.323698945249728,0.3105116679725531,0.9878745265428576,1.1735072351871925,1.07957216127957,-20.621876545833963
523,30523,30523,30523,35ace65,ckpt_sac_full_00049992,0,0,0,timeout,200,226.957906441352,,,-1,1,30.0,0.45,20.0,1.0,25,1,200,0.002,100,10.0,1.0,0,195,0,0.975,0.3217135094228276,-0.2530457164794231,1.2638171584922482,0.0226868862352287,0.032824421656647,0.0566441605191697,1.8370359907850315,1.179293605836544,0.3562398964279756,0.4223649028912215,1.0050518997647533,1.0820881875058288,0.983149052313938,-19.27739361288485
524,30524,30524,30524,35ace65,ckpt_sac_full_00049992,0,0,0,timeout,200,340.2659399910358,,,-1,1,30.0,0.45,20.0,1.0,25,1,200,0.002,100,10.0,1.0,0,186,0,0.93,0.3195350362840471,-0.5892161365715867,3.0936725404169376,0.0249210133600244,0.0299344874090003,0.0991568348393003,1.8989935930223067,0.7370885830789292,0.3540308484958616,0.4661306357307368,0.9749843586309704,1.0512961465537485,1.098596359860486,-9.056851558278815
525,30525,30525,30525,35ace65,ckpt_sac_full_00049992,0,0,0,timeout,200,334.61644585516024,,,-1,1,30.0,0.45,20.0,1.0,25,1,200,0.002,100,10.0,1.0,0,185,0,0.925,0.3356183318802882,-0.4748086284252566,0.5374246035250656,0.0217410920847301,0.0369579677524255,0.0422080411626884,1.3849806644551572,1.252337090399445,0.3307991120113426,0.5776152607175348,1.0386971279155082,0.9295259652938684,0.909143920534926,-15.36055637470886
526,30526,30526,30526,35ace65,ckpt_sac_full_00049992,0,0,0,timeout,200,210.75339640066036,,,-1,1,30.0,0.45,20.0,1.0,25,1,200,0.002,100,10.0,1.0,0,165,0,0.825,0.3570681727174683,-0.31405901438989,-1.0505276460727595,0.0208139691059466,0.0339711419686531,0.1065919608003114,0.9462932020410054,0.9521146051600996,0.3230693971285092,0.4197489814918748,1.047558915180243,1.0415405206403785,0.998826688121721,-16.341492159933548
527,30527,30527,30527,35ace65,ckpt_sac_full_00049992,0,0,0,timeout,200,314.333883218046,,,-1,0,30.0,0.45,20.0,1.0,25,1,200,0.002,100,10.0,1.0,0,183,0,0.915,0.3134918660206587,-0.4791861747884549,-2.9523195773615885,0.0241274676356266,0.037262768649688,0.041201203904855,1.4835905596499193,0.8845425265264033,0.32882720090173,0.4449213077638063,1.0245095227003156,1.0046181489430084,1.1760081277369197,-12.674171450466206
528,30528,30528,30528,35ace65,ckpt_sac_full_00049992,0,0,0,timeout,200,261.6617435912632,,,-1,1,30.0,0.45,20.0,1.0,25,1,200,0.002,100,10.0,1.0,0,186,0,0.93,0.3494247382423812,-0.4134872703808652,-3.03436137530428,0.0259886517498457,0.0338214967619417,0.0621908238112714,1.6755680619153213,1.3635639322411428,0.3863166631074689,0.3165351028690766,1.1274257698622652,1.026073396321926,0.9186736800068368,-0.947844447603975
529,30529,30529,30529,35ace65,ckpt_sac_full_00049992,0,0,0,timeout,200,334.6110455604661,,,-1,1,30.0,0.45,20.0,1.0,25,1,200,0.002,100,10.0,1.0,0,177,0,0.885,0.3619868438434019,-0.303339795638598,0.1265273586477313,0.0231634760369454,0.0355456908747502,0.0808152496373242,1.930797347608374,0.8217864459575597,0.3853534664409844,0.6231027876207915,0.950860515191452,1.0275090198504115,1.1900926136854189,-14.18950401912218
530,30530,30530,30530,35ace65,ckpt_sac_full_00049992,0,0,0,timeout,200,425.2084412864236,,,-1,0,30.0,0.45,20.0,1.0,25,1,200,0.002,100,10.0,1.0,0,184,0,0.92,0.3636775557229221,-0.6874394189289278,-0.8209335869848133,0.0260402504679226,0.0306157215052033,0.0958362709399507,1.301128192409203,0.8466284137867295,0.388968334853758,0.5135145746354184,1.0552452288790115,1.0258515677908355,0.9948212819393828,-9.113663910085007
531,30531,30531,30531,35ace65,ckpt_sac_full_00049992,0,0,0,timeout,200,379.002045689085,,,-1,1,30.0,0.45,20.0,1.0,25,1,200,0.002,100,10.0,1.0,0,188,0,0.94,0.3060843339247517,-0.7290727249153581,-1.9253864700520835,0.0210887677261261,0.0306912079059122,0.0762930892947699,1.3356351874221923,0.6643221425659926,0.3124730410531368,0.5897356996968739,1.0002778547579827,0.98824895280442,0.8854444480604735,-14.226256829817824
532,30532,30532,30532,35ace65,ckpt_sac_full_00049992,0,0,0,timeout,200,248.9337052658004,,,-1,1,30.0,0.45,20.0,1.0,25,1,200,0.002,100,10.0,1.0,0,189,0,0.945,0.3057286252349203,-0.4107336233114561,-0.3030045838538724,0.0211260024722492,0.0309574061525499,0.0886849463147192,1.937673351584264,1.2824916279256893,0.3313625116842824,0.388194194268474,1.0409099764413126,0.9839968477195752,1.132181533097904,-25.185150302966026
533,30533,30533,30533,35ace65,ckpt_sac_full_00049992,0,0,0,timeout,200,227.22224618954468,,,-1,1,30.0,0.45,20.0,1.0,25,1,200,0.002,100,10.0,1.0,0,185,0,0.925,0.3870773817096148,-0.3716287324873831,1.4204603487535143,0.0233641295631178,0.0394041485934305,0.0722465515391345,1.845111661349501,0.9457553160547724,0.3238572470863804,0.2550110863432467,0.9706909950362804,1.124403807189082,1.1030951641595137,-17.155012162366614
534,30534,30534,30534,35ace65,ckpt_sac_full_00049992,0,0,0,timeout,200,443.87583711014526,,,-1,0,30.0,0.45,20.0,1.0,25,1,200,0.002,100,10.0,1.0,0,176,0,0.88,0.3638271561942072,-0.6774621004766868,-1.763341690824837,0.0219383402163485,0.0320785020242189,0.1024723526416096,1.3061782976284857,1.0150409975526111,0.3374157211264642,0.694343489018664,1.0257601222264554,1.002440484707657,1.0875208547021502,-5.6786425356658405
535,30535,30535,30535,35ace65,ckpt_sac_full_00049992,0,0,0,timeout,200,256.0471525362725,,,-1,1,30.0,0.45,20.0,1.0,25,1,200,0.002,100,10.0,1.0,0,189,0,0.945,0.3179330760015906,-0.2869612653818207,2.802201123656184,0.0260582511606271,0.0300193181560742,0.045920812156511,0.9347482561847728,0.7951062494040824,0.3804258425809674,0.444216358380769,1.0662813286302697,1.0689972020776617,1.0364258735423857,-20.97257302891732
536,30536,30536,30536,35ace65,ckpt_sac_full_00049992,0,0,0,timeout,200,336.3034192409915,,,-1,1,30.0,0.45,20.0,1.0,25,1,200,0.002,100,10.0,1.0,0,178,0,0.89,0.3606659205254219,-0.3047588896684347,-0.1976188476470959,0.0231738307216052,0.0377633037076834,0.0612157480458393,1.406023930158832,1.0974275218121252,0.3721063288342489,0.6483159180525178,1.0951640789408557,1.1090883632087851,1.133677964323003,-14.205248670148364
537,30537,30537,30537,35ace65,ckpt_sac_full_00049992,0,0,0,timeout,200,487.15592059341776,,,-1,1,30.0,0.45,20.0,1.0,25,1,200,0.002,100,10.0,1.0,0,178,0,0.89,0.3633755659235687,-0.2852371929972236,-0.6728742046708711,0.0237802486351278,0.0352037497442316,0.0486414974512079,1.989044374323492,1.2662443263892986,0.3474197205333673,0.5747257086836886,0.94154760324149,1.0193257979580903,1.0235725278175007,-15.7631324263185
538,30538,30538,30538,35ace65,ckpt_sac_full_00049992,0,0,0,timeout,200,187.0342864118928,,,-1,1,30.0,0.45,20.0,1.0,25,1,200,0.002,100,10.0,1.0,0,196,0,0.98,0.3461605234726885,-0.3404424161900867,1.6762560621155806,0.0253533502666321,0.0355015351237562,0.1077409049940553,1.776347907029252,0.7600553023018403,0.3404223554667534,0.211070730456077,1.048517153808459,1.0520015859957252,1.080754777697136,-13.591107095486128
539,30539,30539,30539,35ace65,ckpt_sac_full_00049992,0,1,0,timeout,200,363.8844367164585,,,-1,1,30.0,0.45,20.0,1.0,25,1,200,0.002,100,10.0,1.0,0,173,0,0.865,0.3639519757187238,-0.5448247458611887,0.3542969613904518,0.0220181348297128,0.0334022285810788,0.0311051302780768,1.3348985879214543,0.6551958248111116,0.3375660062050009,0.5097304775144922,1.092991679015909,1.1026558949326937,1.2503930240032295,26.637301658968084
540,30540,30540,30540,35ace65,ckpt_sac_full_00049992,0,0,0,timeout,200,320.6241742285566,,,-1,0,30.0,0.45,20.0,1.0,25,1,200,0.002,100,10.0,1.0,0,181,0,0.905,0.3249911683674554,-0.4136049147731416,0.7707352870245345,0.0265889367233619,0.0399572250024926,0.0591695792202172,0.8357763463822161,1.1592871413924315,0.3324209124819673,0.5682108098288856,1.0193323059435888,1.0479120933451973,1.1521017606663024,-0.141610335930412
541,30541,30541,30541,35ace65,ckpt_sac_full_00049992,0,1,0,timeout,200,438.7671660465493,,,-1,1,30.0,0.45,20.0,1.0,25,1,200,0.002,100,10.0,1.0,0,178,0,0.89,0.322923897919683,-0.6746684879714654,1.397904042639695,0.0212451863170015,0.0301506855918352,0.1077508092227773,1.9110245183588237,1.1920375272451929,0.3713034881894778,0.6754413354054711,1.04933061681586,0.9544406873517703,0.9314456622315708,2.56101445898009
542,30542,30542,30542,35ace65,ckpt_sac_full_00049992,0,0,0,timeout,200,289.25394145662483,,,-1,1,30.0,0.45,20.0,1.0,25,1,200,0.002,100,10.0,1.0,0,197,0,0.985,0.3136763177889164,-0.3801525845693645,2.2219518804905647,0.0234905398644927,0.0360828540841949,0.0433214062822764,0.9796585035221186,1.0783153786500626,0.3163251780038556,0.5745967879295625,0.992413148503396,1.0010334272261363,1.1684965481480345,-18.825754850596244
543,30543,30543,30543,35ace65,ckpt_sac_full_00049992,0,0,0,timeout,200,296.6906328950801,,,-1,0,30.0,0.45,20.0,1.0,25,1,200,0.002,100,10.0,1.0,0,177,0,0.885,0.3755189614385427,-0.5185623601391888,-1.9349189684573056,0.0245319503101511,0.0399002339375027,0.0453400950649955,1.2884874635757833,0.6282749858512287,0.3162165787952545,0.3512203991934454,0.9959558258665366,0.9609776513447742,0.9435477555768312,-15.019765448819458
544,30544,30544,30544,35ace65,ckpt_sac_full_00049992,0,0,0,timeout,200,290.21092659777355,,,-1,1,30.0,0.45,20.0,1.0,25,1,200,0.002,100,10.0,1.0,0,188,0,0.94,0.3226136766633318,-0.4739177750445936,-1.105594755215154,0.0274189675202767,0.0337094854469033,0.0456319155311698,1.0093593793591265,1.253234206029506,0.3435079699562151,0.4256558218052778,0.9970618973654912,0.9934249324676224,0.9750009778007732,-26.225146633068903
545,30545,30545,30545,35ace65,ckpt_sac_full_00049992,0,0,0,timeout,200,380.67487947483545,,,-1,1,30.0,0.45,20.0,1.0,25,1,200,0.002,100,10.0,1.0,0,159,0,0.795,0.3272567098286077,-0.5278661257392266,2.034115016677262,0.0207754463367284,0.0345138152993255,0.0339655320612293,1.6741266001017423,1.3575578998809072,0.3279280161496184,0.7121593110963262,1.064243868779048,1.0502769897514823,1.1118083925466324,-18.59792606625784
546,30546,30546,30546,35ace65,ckpt_sac_full_00049992,0,0,0,timeout,200,165.8952216392693,,,-1,1,30.0,0.45,20.0,1.0,25,1,200,0.002,100,10.0,1.0,0,194,0,0.97,0.3718288797524494,-0.2687858579949566,1.2059606170406774,0.0270977977009334,0.0371082327518018,0.1121971687258455,0.8183910469291193,1.3411885136595545,0.341066845007146,0.1931596958975623,1.066229575762895,0.9817668277415744,1.014498523502673,-15.476235633462212
547,30547,30547,30547,35ace65,ckpt_sac_full_00049992,0,0,0,timeout,200,260.2193557199165,,,-1,1,30.0,0.45,20.0,1.0,25,1,200,0.002,100,10.0,1.0,0,191,0,0.955,0.3654631528368381,-0.418481097654227,1.46280524159926,0.0245211725297304,0.0316707115174687,0.0539291240109617,1.8842933620691005,1.2885346431980909,0.3620758365065852,0.3131026990289544,1.004108067985584,0.9761410561133212,1.156783039087134,-44.107044946671785
548,30548,30548,30548,35ace65,ckpt_sac_full_00049992,0,0,0,timeout,200,241.0305561468953,,,-1,1,30.0,0.45,20.0,1.0,25,1,200,0.002,100,10.0,1.0,0,193,0,0.965,0.3745215155700101,-0.3081382921345378,-0.381495555343776,0.0206580886730823,0.0314199381644063,0.1002379177653121,1.1428317908175465,0.9526729262160656,0.3038810405131638,0.3889935030421032,0.9653586670859174,1.0362960541378097,1.1687101968368578,-14.559733738881542
549,30549,30549,30549,35ace65,ckpt_sac_full_00049992,0,0,0,timeout,200,267.8724659790204,,,-1,1,30.0,0.45,20.0,1.0,25,1,200,0.002,100,10.0,1.0,0,191,0,0.955,0.3137544047166447,-0.3027467649566948,-0.7562634892813134,0.0267368586226005,0.0345730144515261,0.116633707020411,1.125455469821314,1.0434758821029535,0.3389068789298506,0.5399449114677339,1.035413274973328,0.9765564237539268,0.9625558247221976,-16.068420393240686
550,30550,30550,30550,35ace65,ckpt_sac_full_00049992,0,0,0,timeout,200,351.67761743438246,,,-1,1,30.0,0.45,20.0,1.0,25,1,200,0.002,100,10.0,1.0,0,188,0,0.94,0.3539892121946941,-0.4399743767457064,-2.678504722844421,0.0211880461133163,0.031978988792129,0.1108776413640277,1.189400968310843,1.32896041990934,0.3627712179648175,0.5853593266703183,0.9918440401217148,1.042193844699992,1.2403469358995485,-18.706624547007337
551,30551,30551,30551,35ace65,ckpt_sac_full_00049992,0,0,0,timeout,200,361.8113238532628,,,-1,1,30.0,0.45,20.0,1.0,25,1,200,0.002,100,10.0,1.0,0,191,0,0.955,0.3306755613730846,-0.4775257004048993,0.1299893399151441,0.026206487067639,0.0341539635373594,0.0733606537667758,1.786943067095918,0.9889111685303962,0.344770838818238,0.6523444060172279,1.0979746020224677,0.9019748354166748,1.092586084936146,-9.678710941851987
552,30552,30552,30552,35ace65,ckpt_sac_full_00049992,0,0,0,timeout,200,367.7650236405287,,,-1,1,30.0,0.45,20.0,1.0,25,1,200,0.002,100,10.0,1.0,0,175,0,0.875,0.371782711749335,-0.6418172592679674,-1.7877241439852078,0.0267713388794351,0.0331558796358126,0.1047946078562148,1.6522713754524994,1.1971222895946574,0.3156695325006266,0.4763973521521116,0.9858302891928308,0.9704573468314598,1.116038771814628,-20.559779481971542
553,30553,30553,30553,35ace65,ckpt_sac_full_00049992,0,0,0,timeout,200,434.7735279338672,,,-1,1,30.0,0.45,20.0,1.0,25,1,200,0.002,100,10.0,1.0,0,186,0,0.93,0.3366900719295107,-0.6674178940630907,-0.0158147733960838,0.0207572653234123,0.0313684895381435,0.0755620947837999,1.97672792217702,1.2440324073875746,0.3899405569774587,0.6146469027692547,1.0402447021872951,0.9399011702802798,0.9304505701617136,-9.146945839724223
554,30554,30554,30554,35ace65,ckpt_sac_full_00049992,0,0,0,timeout,200,358.5373357968396,,,-1,1,30.0,0.45,20.0,1.0,25,1,200,0.002,100,10.0,1.0,0,191,0,0.955,0.3277230957851171,-0.615006495708663,-0.6027151340393675,0.0264983554401245,0.0305061341945915,0.051750416570399,1.3916602737667985,0.9128148762225186,0.3593991973822986,0.4794647253005605,1.155171278098187,0.986893736169266,1.1299817267504677,-25.6337389099706
555,30555,30555,30555,35ace65,ckpt_sac_full_00049992,0,0,0,timeout,200,265.1147794369717,,,-1,1,30.0,0.45,20.0,1.0,25,1,200,0.002,100,10.0,1.0,0,191,0,0.955,0.3823079846445615,-0.287667840473707,2.591809162489436,0.021406762549648,0.0330638747987042,0.0867190901337264,1.2456162695037198,0.8917783217560669,0.3396309899089132,0.4555498043257315,1.0026599311022455,1.0712893752232306,1.2870443377414498,-13.610217261698118
556,30556,30556,30556,35ace65,ckpt_sac_full_00049992,0,0,0,timeout,200,373.1423646919323,,,-1,1,30.0,0.45,20.0,1.0,25,1,200,0.002,100,10.0,1.0,0,169,0,0.845,0.3183911315417965,-0.4495199651427723,0.3944089894480602,0.0204435055280883,0.0358531999942239,0.1098771786330671,1.445563005920134,0.9796694828931294,0.3510289200090701,0.7295129146750579,1.1088635342060609,1.0611131698865717,1.1543874837637238,-5.257626939241274
557,30557,30557,30557,35ace65,ckpt_sac_full_00049992,0,0,0,timeout,200,364.4708885452475,,,-1,0,30.0,0.45,20.0,1.0,25,1,200,0.002,100,10.0,1.0,0,152,0,0.76,0.3780221686646919,-0.3655418620287824,-2.238417910236558,0.0260035303515295,0.0345291221967431,0.0353224960277192,0.8093450771539517,0.6114713377138351,0.3382566244153693,0.6560989997370111,0.97656009142816,1.078746241816266,1.0992172623996137,-9.687369773037178
558,30558,30558,30558,35ace65,ckpt_sac_full_00049992,0,0,0,timeout,200,211.8207851958149,,,-1,1,30.0,0.45,20.0,1.0,25,1,200,0.002,100,10.0,1.0,0,177,0,0.885,0.3472068702012684,-0.2310729342681287,-1.1683494726299872,0.0264101656320833,0.0357489025361476,0.0445011814586108,0.8786210391027152,1.231753532218102,0.3114062163371218,0.4150837028034191,1.0091624464945537,1.0537848251149615,1.0210389889112317,-19.32610051384592
559,30559,30559,30559,35ace65,ckpt_sac_full_00049992,0,0,0,timeout,200,287.64207818393345,,,-1,1,30.0,0.45,20.0,1.0,25,1,200,0.002,100,10.0,1.0,0,183,0,0.915,0.3672707417854955,-0.6386912343421418,1.6715882553339458,0.0213025231986548,0.0337529708613935,0.0409792445014808,1.2266475766128382,1.222513357854697,0.3334530641041881,0.2027107868537249,1.0056025006736662,0.9654905177904042,1.092230849484005,-26.37919363419485
560,30560,30560,30560,35ace65,ckpt_sac_full_00049992,0,0,0,timeout,200,263.9915934342321,,,-1,1,30.0,0.45,20.0,1.0,25,1,200,0.002,100,10.0,1.0,0,181,0,0.905,0.301987538706495,-0.5870170483552333,-2.7776097935353072,0.0244026957296974,0.0317995397818888,0.098444096431646,1.4667654230626592,0.9187970016080071,0.3073516945257267,0.3089561696036887,0.9704179305820096,1.132424014580815,1.2765761979901975,-5.463752117786592
561,30561,30561,30561,35ace65,ckpt_sac_full_00049992,0,0,0,timeout,200,330.3087376445609,,,-1,1,30.0,0.45,20.0,1.0,25,1,200,0.002,100,10.0,1.0,0,190,0,0.95,0.3504072744057866,-0.3404821267627944,-1.5984757352647605,0.0237182798977914,0.0302365094485229,0.1078355567076205,1.4824289411717666,1.1711706047752428,0.3556939169100608,0.6328957033308671,1.0845862201011052,1.0843880845176337,1.0025509621565876,-15.688706095830668
562,30562,30562,30562,35ace65,ckpt_sac_full_00049992,0,0,0,timeout,200,348.0195288051219,,,-1,0,30.0,0.45,20.0,1.0,25,1,200,0.002,100,10.0,1.0,0,156,0,0.78,0.3705350374087892,-0.7237952439776354,-1.2898070373509574,0.0211204111328186,0.0312991359468228,0.10920549904107,1.4755598526011668,1.2373247672171923,0.3134858187292378,0.3306245113173147,1.1017494682575164,1.0505415776264977,1.0052673347290444,-13.710644914737086
563,30563,30563,30563,35ace65,ckpt_sac_full_00049992,0,0,0,timeout,200,243.5492798464813,,,-1,1,30.0,0.45,20.0,1.0,25,1,200,0.002,100,10.0,1.0,0,188,0,0.94,0.3066830477156231,-0.4893812426978241,-2.312530555939717,0.0258082218828736,0.033185298261712,0.0525995373606275,1.3732658597587326,1.2429863680815505,0.3531105899613436,0.2542193986404909,1.0152694413593586,1.0427192246662702,1.099529861161708,-8.329382002435054
564,30564,30564,30564,35ace65,ckpt_sac_full_00049992,0,0,0,timeout,200,357.6986376895212,,,-1,0,30.0,0.45,20.0,1.0,25,1,200,0.002,100,10.0,1.0,0,182,0,0.91,0.308035701928403,-0.4930706905288807,-1.2294193884649525,0.0275104033353595,0.0365470361364808,0.05570469203056,1.4825773164525953,0.7019172529878016,0.3757692785908677,0.5908262688967354,1.0479850645354394,0.9989914430128328,0.9353871815865984,-34.690427475069725
565,30565,30565,30565,35ace65,ckpt_sac_full_00049992,0,0,0,timeout,200,366.7597453075924,,,-1,1,30.0,0.45,20.0,1.0,25,1,200,0.002,100,10.0,1.0,0,175,0,0.875,0.3356276936136619,-0.6351857874911241,-2.0749657036977243,0.026237731155055,0.035853231325049,0.0674517711873911,1.791055517003917,0.6967876691673707,0.3287282960025394,0.5342212043111797,1.064798863975874,1.0131532831765595,0.979036845279568,-3.368061046485676
566,30566,30566,30566,35ace65,ckpt_sac_full_00049992,0,0,0,timeout,200,425.7242563006607,,,-1,1,30.0,0.45,20.0,1.0,25,1,200,0.002,100,10.0,1.0,0,136,0,0.68,0.3853756797172996,-0.6896073132969027,-1.456895846419837,0.0206771017422301,0.0378417729128195,0.0425812667848992,1.000720408265546,0.8274431070780343,0.3873674861919257,0.6636107167517815,0.9983366605724175,1.056507907985501,1.1159813540666357,-1.8781952142462863
567,30567,30567,30567,35ace65,ckpt_sac_full_00049992,0,1,0,timeout,200,318.67067300757344,,,-1,1,30.0,0.45,20.0,1.0,25,1,200,0.002,100,10.0,1.0,0,146,0,0.73,0.3492237926698437,-0.4235240285780771,0.861641887290582,0.0254939950140317,0.0377413458579811,0.1190486257434921,1.3100270692861449,0.6585041327778481,0.3223473728736732,0.5280239907885816,0.9967983529570476,0.9967200351311168,1.1879133112561615,15.972460210678904
568,30568,30568,30568,35ace65,ckpt_sac_full_00049992,0,0,0,timeout,200,300.5527967060599,,,-1,1,30.0,0.45,20.0,1.0,25,1,200,0.002,100,10.0,1.0,0,187,0,0.935,0.3017912283818728,-0.538254885341092,-0.6507083387786912,0.0221695417994452,0.0365009082167866,0.0476733363600277,1.3056397242569884,0.9971395135273412,0.3885418075365668,0.3290523784941034,0.9738306112393024,1.0658791981123952,0.988426905746746,-11.146806806229876
569,30569,30569,30569,35ace65,ckpt_sac_full_00049992,0,0,0,timeout,200,419.4732378147104,,,-1,1,30.0,0.45,20.0,1.0,25,1,200,0.002,100,10.0,1.0,0,169,0,0.845,0.3520087395957131,-0.6504065129585814,1.7718994730037831,0.022333008271051,0.0345069825394396,0.0349308195093502,0.8641189050062513,1.1932687010630374,0.3524854564702412,0.619416433047286,0.9115667581753176,1.0463946132768591,0.8099566525111834,1.2121758540572352
570,30570,30570,30570,35ace65,ckpt_sac_full_00049992,0,0,0,timeout,200,301.12590451699134,,,-1,1,30.0,0.45,20.0,1.0,25,1,200,0.002,100,10.0,1.0,0,179,0,0.895,0.3307042195511527,-0.6388625843834694,-0.6456188321358725,0.0251651181464768,0.0307395141504182,0.058554211956798,1.5647079198495313,0.608066769142412,0.3600495007698399,0.2594436136237917,1.0461716566944657,0.9856919007699436,1.2803311405235314,-19.718311219735494
571,30571,30571,30571,35ace65,ckpt_sac_full_00049992,0,0,0,timeout,200,244.7472898147889,,,-1,0,30.0,0.45,20.0,1.0,25,1,200,0.002,100,10.0,1.0,0,193,0,0.965,0.3152130320485176,-0.4141646990691955,1.9961543655526528,0.0230439601845127,0.0365449156111462,0.0895617276554985,1.050392382279333,0.9408453858962592,0.3559077636571811,0.322707099937372,1.0423242504033108,0.9836715629677416,1.0972155042048366,-21.72030809942529
572,30572,30572,30572,35ace65,ckpt_sac_full_00049992,0,0,0,timeout,200,469.5807629514702,,,-1,0,30.0,0.45,20.0,1.0,25,1,200,0.002,100,10.0,1.0,0,185,0,0.925,0.3627304555019288,-0.718185341096012,1.653743700338576,0.025521170049656,0.0391338211507132,0.0970228714961701,0.8805212204574167,0.9304688885050052,0.3602364254097702,0.6920025759889908,1.0957658211833228,1.089735020286564,0.9531200606523872,-12.073944382236858
573,30573,30573,30573,35ace65,ckpt_sac_full_00049992,0,0,0,timeout,200,349.9011621627455,,,-1,1,30.0,0.45,20.0,1.0,25,1,200,0.002,100,10.0,1.0,0,177,0,0.885,0.3691663714348987,-0.3522371606062102,-2.618862837004776,0.0257186702074434,0.0383681089834673,0.1007109716458505,1.5152766197010046,1.035248152446779,0.3737441372447151,0.6264674341829207,0.9825468036273826,0.9971334100877618,1.060806898800588,-3.09156483457249
574,30574,30574,30574,35ace65,ckpt_sac_full_00049992,0,0,0,timeout,200,344.2513591785237,,,-1,1,30.0,0.45,20.0,1.0,25,1,200,0.002,100,10.0,1.0,100,179,0,0.895,0.3635987418106235,-0.5032469700778681,-1.0774342044303364,0.0228749859079241,0.0384436585936185,0.0756207585126177,1.6385364839562553,1.0516742599051478,0.3685419314110315,0.470145577487174,1.0475492751355608,0.9480388419434628,1.085489748217349,-77.07586551635889
575,30575,30575,30575,35ace65,ckpt_sac_full_00049992,0,0,0,timeout,200,332.35499724374404,,,-1,1,30.0,0.45,20.0,1.0,25,1,200,0.002,100,10.0,1.0,0,178,0,0.89,0.3536678522891728,-0.4713160440543601,-0.9632613558500442,0.0264423689826406,0.0312012528594113,0.0401824072180241,1.1527264220288993,0.9390812374582472,0.3655703536353636,0.4888820055754676,1.0502853943445856,1.0536288783656356,0.9529284197119384,-4.3656974644515
576,30576,30576,30576,35ace65,ckpt_sac_full_00049992,0,0,0,timeout,200,238.5476827808752,,,-1,1,30.0,0.45,20.0,1.0,25,1,200,0.002,100,10.0,1.0,0,186,0,0.93,0.3319474445533963,-0.5226404623167158,2.6270996775916453,0.0248160520075905,0.0313655289404989,0.0531711208636687,1.5357061544738793,1.1453895168921049,0.3181195055800765,0.2276324097803813,1.1120455281294694,1.0257135846406231,1.0344363724987164,-15.70352080171953
577,30577,30577,30577,35ace65,ckpt_sac_full_00049992,0,0,0,timeout,200,382.3523292917212,,,-1,1,30.0,0.45,20.0,1.0,25,1,200,0.002,100,10.0,1.0,0,175,0,0.875,0.3127332754471706,-0.6289255592650701,-2.5847918511309915,0.02104646932019,0.0384707338291891,0.1181003912583418,0.8531132411909172,1.152600250566433,0.3677359846762895,0.5546889216709779,0.9283072633836807,1.072041465865145,0.9431969316947036,-11.065483201962731
578,30578,30578,30578,35ace65,ckpt_sac_full_00049992,0,0,0,timeout,200,359.169791892346,,,-1,1,30.0,0.45,20.0,1.0,25,1,200,0.002,100,10.0,1.0,0,181,0,0.905,0.3437328293753329,-0.5770608774477302,-1.116846169663615,0.0264802130477563,0.035977228101882,0.1039010020230158,1.178899824426113,0.7361211827328343,0.3481944656583849,0.5143193296996592,0.939717755958934,1.0294237481621056,1.114628688176273,-16.160883146675072
579,30579,30579,30579,35ace65,ckpt_sac_full_00049992,0,0,0,timeout,200,323.64626695237905,,,-1,1,30.0,0.45,20.0,1.0,25,1,200,0.002,100,10.0,1.0,0,192,0,0.96,0.3066826989048564,-0.667767547045335,1.675342216058242,0.0254710849799728,0.0362086547618427,0.0880946983983529,1.215432798011722,1.290948861211192,0.3225587978129375,0.41170246711689,1.007350416518396,1.03123851592962,0.8764043789923955,-15.62052248740477
580,30580,30580,30580,35ace65,ckpt_sac_full_00049992,0,0,0,timeout,200,153.63135541586655,,,-1,1,30.0,0.45,20.0,1.0,25,1,200,0.002,100,10.0,1.0,0,189,0,0.945,0.3675452954922134,-0.2441196971062826,1.2207245851238335,0.0240192111117701,0.0336754689829561,0.0660398507519553,1.984254975590839,1.342193017389948,0.3042963315179076,0.177797015329274,0.9932491369707394,0.9433577408895378,1.033929585255556,-10.070602852939928
581,30581,30581,30581,35ace65,ckpt_sac_full_00049992,0,0,0,timeout,200,191.21186757172364,,,-1,1,30.0,0.45,20.0,1.0,25,1,200,0.002,100,10.0,1.0,0,196,0,0.98,0.3427847814285574,-0.3133038899406786,-2.760642420277652,0.0256518010351919,0.0325498774770331,0.0592301281886818,1.5721426647473744,0.6992454677834528,0.3646383810192455,0.2306869018191522,0.9378343166808516,1.10304739828503,0.9888670150826552,-12.146205136979791
582,30582,30582,30582,35ace65,ckpt_sac_full_00049992,0,0,0,timeout,200,373.4712341774963,,,-1,1,30.0,0.45,20.0,1.0,25,1,200,0.002,100,10.0,1.0,0,177,0,0.885,0.3802542961357688,-0.5010522229335038,1.652020471797428,0.0262774131765132,0.0355911716950911,0.1060265552855528,1.301539983189841,1.082153942353957,0.3446527292104688,0.5773283156177633,1.094349396748015,0.994379803679655,0.996672333398198,-12.868607354765718
583,30583,30583,30583,35ace65,ckpt_sac_full_00049992,0,0,0,timeout,200,397.624885897604,,,-1,0,30.0,0.45,20.0,1.0,25,1,200,0.002,100,10.0,1.0,0,152,0,0.76,0.3670707412878229,-0.7059482149006773,2.215846325426016,0.0240723748128946,0.0379570203676918,0.0319865003593643,1.4714281100287234,0.7904840138447039,0.3313914837346005,0.5015420681027728,0.9965377615331348,0.9831735148408872,1.065600679944443,-7.603668587277935
584,30584,30584,30584,35ace65,ckpt_sac_full_00049992,0,0,0,timeout,200,307.80314435135966,,,-1,0,30.0,0.45,20.0,1.0,25,1,200,0.002,100,10.0,1.0,0,184,0,0.92,0.3449034387810807,-0.4810953901265933,0.4214103780994178,0.0273060208502151,0.0393686543023899,0.0787173788474292,1.6415393162914358,0.8004624036391417,0.3615882419881004,0.4184818885223674,1.0669506062237246,1.0705998081972603,1.0258455812213896,-17.27228633114839
585,30585,30585,30585,35ace65,ckpt_sac_full_00049992,0,0,0,timeout,200,250.7561954872728,,,-1,0,30.0,0.45,20.0,1.0,25,1,200,0.002,100,10.0,1.0,0,185,0,0.925,0.3421581291618651,-0.375084055900969,-0.4028649612949455,0.0218331195584274,0.0390964646606965,0.1015214480927714,1.3071571776426891,1.1719315308139304,0.3638808618340733,0.3494516569317882,0.9753316075207372,0.9625038069089564,1.351488102573246,-6.502046886065086
586,30586,30586,30586,35ace65,ckpt_sac_full_00049992,0,0,0,timeout,200,256.6910632721912,,,-1,1,30.0,0.45,20.0,1.0,25,1,200,0.002,100,10.0,1.0,0,188,0,0.94,0.3320590137840332,-0.4468335336807282,2.106414173822154,0.0235927853278011,0.0336896336490305,0.09936365396749,0.9097810860925136,1.3734340910214318,0.3679882629662119,0.2978105135871398,1.015983185724633,1.0792354925349923,1.1497254819291711,-12.796193475436194
587,30587,30587,30587,35ace65,ckpt_sac_full_00049992,0,0,0,timeout,200,185.256538913243,,,-1,1,30.0,0.45,20.0,1.0,25,1,200,0.002,100,10.0,1.0,0,193,0,0.965,0.3290392854422972,-0.3509638336585355,-0.554519545151106,0.0214528063604897,0.0375654448727177,0.0647897731183788,0.9671460005111736,0.6416780212959711,0.3399920248216195,0.2094661275585773,1.0319853583793666,1.09908206141114,1.0031091439506266,-15.05544272373458
588,30588,30588,30588,35ace65,ckpt_sac_full_00049992,0,0,0,timeout,200,333.60007289151906,,,-1,1,30.0,0.45,20.0,1.0,25,1,200,0.002,100,10.0,1.0,37,183,0,0.915,0.3542845340737824,-0.3306337078683283,-2.830897959884569,0.0269486225097119,0.0402099265675134,0.031949491912048,0.8639511363011543,0.9181009025843244,0.3242687306840603,0.592768996776738,1.0453418533369432,0.9474959422456544,0.8163314256661611,-33.8416523246574
589,30589,30589,30589,35ace65,ckpt_sac_full_00049992,0,0,0,timeout,200,337.55239537191085,,,-1,1,30.0,0.45,20.0,1.0,25,1,200,0.002,100,10.0,1.0,0,181,0,0.905,0.3313626037059753,-0.588137919230395,-2.249858820138177,0.020507827933607,0.0341668751288011,0.0516956387456694,0.934580400562936,1.3380574404918932,0.3798384122300536,0.3921524893141939,1.0604906898708215,0.9881039039325212,1.0038474138377376,-14.814248407127929
590,30590,30590,30590,35ace65,ckpt_sac_full_00049992,0,0,0,timeout,200,253.44232173571064,,,-1,0,30.0,0.45,20.0,1.0,25,1,200,0.002,100,10.0,1.0,0,181,0,0.905,0.3495511814127951,-0.4931099931125834,-1.7179566874200676,0.0236606387158024,0.0375703567088862,0.0363408381260166,0.8972237818550927,0.7320517825990827,0.3307646940545398,0.2672459519969251,0.9657423506135486,1.1023172583664294,1.0690719933182815,-6.544544752125496
591,30591,30591,30591,35ace65,ckpt_sac_full_00049992,0,0,0,timeout,200,409.913103391613,,,-1,0,30.0,0.45,20.0,1.0,25,1,200,0.002,100,10.0,1.0,0,147,0,0.735,0.3421583314670788,-0.6442063160921014,1.0179981677929772,0.0266662869261648,0.0393490882933459,0.0672568504792205,1.0141081814839132,1.1226922478016947,0.3690325211579076,0.5817272074203116,1.0664363928474958,0.9901327510797294,0.870474916109166,-9.232705084576915
592,30592,30592,30592,35ace65,ckpt_sac_full_00049992,0,0,0,timeout,200,144.19279046131894,,,-1,1,30.0,0.45,20.0,1.0,25,1,200,0.002,100,10.0,1.0,0,194,0,0.97,0.3457950798433409,-0.2012980553043284,-2.3648035820761284,0.0241918020633793,0.030258222077391,0.1036294873886222,1.2121237007081305,1.257099668337892,0.3139693824743807,0.2287442559834177,1.015260507371048,1.009496449558423,1.1432235840788283,-10.934961731348844
593,30593,30593,30593,35ace65,ckpt_sac_full_00049992,0,0,0,timeout,200,310.05000881339294,,,-1,1,30.0,0.45,20.0,1.0,25,1,200,0.002,100,10.0,1.0,0,184,0,0.92,0.3210143967849667,-0.4055233018589572,0.4201031535887587,0.0225344008297572,0.0312251370176021,0.0649662712328133,1.7332469048603936,0.8849056825614698,0.3646635673982989,0.5170068139994247,1.0475220444410234,1.1037874352818993,0.9914501527728194,-6.517382733583501
594,30594,30594,30594,35ace65,ckpt_sac_full_00049992,0,0,0,timeout,200,336.4769660081904,,,-1,1,30.0,0.45,20.0,1.0,25,1,200,0.002,100,10.0,1.0,0,170,0,0.85,0.3824000584622397,-0.4174504911916579,-3.0229615913214007,0.0238449019103645,0.0366814143851946,0.0681925198467587,1.1650289926475283,1.0661657781989022,0.3291738783011584,0.5574518866510828,0.9681434388952896,1.0070069336831775,1.0968123035401496,-12.588977747836758
595,30595,30595,30595,35ace65,ckpt_sac_full_00049992,0,0,0,timeout,200,196.2498023565841,,,-1,1,30.0,0.45,20.0,1.0,25,1,200,0.002,100,10.0,1.0,0,192,0,0.96,0.3410174893956733,-0.3773357915108792,-2.2380476276455674,0.0226815779829567,0.0299810290195179,0.0479329490338387,1.9355537799491067,0.7766276818043144,0.34949399210118,0.1985187832463134,0.9393570004859736,0.9432510175678884,1.1114676123550369,-15.252255630652344
596,30596,30596,30596,35ace65,ckpt_sac_full_00049992,0,0,0,timeout,200,375.60755513369537,,,-1,1,30.0,0.45,20.0,1.0,25,1,200,0.002,100,10.0,1.0,0,173,0,0.865,0.3846246435322584,-0.7148926993999243,1.5826083628452814,0.025684664541506,0.0333214789742498,0.0816882702920771,0.8770084513781624,1.1697352331348512,0.3245609750725888,0.3897923539611615,1.056371236254907,1.0141528710860177,1.1531483257129032,-6.068114989833829
597,30597,30597,30597,35ace65,ckpt_sac_full_00049992,0,0,0,timeout,200,217.6762444706768,,,-1,1,30.0,0.45,20.0,1.0,25,1,200,0.002,100,10.0,1.0,0,189,0,0.945,0.3508599909245229,-0.3862869230662565,-1.833292139515647,0.0261649077627182,0.0351396116153001,0.11277701465676,1.5772263773927797,1.05619691661377,0.3878502527079208,0.199186544739728,0.9689016851724168,1.029084879157555,1.081066417034826,-1.2020589607398011
598,30598,30598,30598,35ace65,ckpt_sac_full_00049992,0,0,0,timeout,200,413.97617598069183,,,-1,1,30.0,0.45,20.0,1.0,25,1,200,0.002,100,10.0,1.0,0,153,0,0.765,0.3792568450199665,-0.438190297508581,-0.0298020350224539,0.0241355253049557,0.033177481620816,0.0959569256962559,1.6574520400354793,1.191835457046338,0.3836113591060171,0.7088672392541172,1.0303003954545216,1.0087747966668257,1.1284008351475312,-14.421845251733174
599,30599,30599,30599,35ace65,ckpt_sac_full_00049992,0,0,0,timeout,200,329.3537743604217,,,-1,1,30.0,0.45,20.0,1.0,25,1,200,0.002,100,10.0,1.0,0,177,0,0.885,0.3283793466135711,-0.6380271078945249,1.0501650151683857,0.0243185187365139,0.033196403755688,0.0483810171028685,1.8433277455747876,0.7883793827119018,0.3321512804969418,0.4060717045321475,0.9856710275745504,1.0225004226038104,0.936416925850905,-5.39913611349515
600,30600,30600,30600,35ace65,ckpt_sac_full_00049992,0,0,0,timeout,200,282.4792485379154,,,-1,1,30.0,0.45,20.0,1.0,25,1,200,0.002,100,10.0,1.0,0,190,0,0.95,0.3451031787357295,-0.4917704925150459,-2.850190015889531,0.0219196687493244,0.0353432059737857,0.0825217064432843,1.7248697421870784,0.9990926758546244,0.3116050496214331,0.3920224136485118,1.0781124181833903,1.0657238060027543,1.082342849698835,-15.37270917596587
601,30601,30601,30601,35ace65,ckpt_sac_full_00049992,0,0,0,timeout,200,246.9575905188944,,,-1,0,30.0,0.45,20.0,1.0,25,1,200,0.002,100,10.0,1.0,0,185,0,0.925,0.3322886259341078,-0.5431750259283021,-1.158178315893864,0.0267091138169062,0.0384731170295726,0.0486556367459782,0.8167052094427996,0.819739631314418,0.3354845204672916,0.2127768636856168,1.1250832281173948,1.057144598725619,1.1130638454092117,-16.92379668200557
602,30602,30602,30602,35ace65,ckpt_sac_full_00049992,0,0,0,timeout,200,415.2944170948877,,,-1,1,30.0,0.45,20.0,1.0,25,1,200,0.002,100,10.0,1.0,0,176,0,0.88,0.3754827220001344,-0.5003964592728944,0.8769061380617638,0.021329107162581,0.0332745226988295,0.0373558870042175,1.710181033672025,1.1006500336253489,0.3516436557518995,0.7138781268158618,1.0550124444576816,1.0131515378155511,1.091726850018134,-48.04245038628056
603,30603,30603,30603,35ace65,ckpt_sac_full_00049992,0,0,0,timeout,200,210.170097351819,,,-1,1,30.0,0.45,20.0,1.0,25,1,200,0.002,100,10.0,1.0,0,190,0,0.95,0.3160872065234654,-0.356574476740424,2.528787079064621,0.0244266848297572,0.0334806104448507,0.0716242100857787,1.6187876843772608,0.6550286869120412,0.3050603448295937,0.3328707768673759,0.9771706590197744,1.0435419171418188,1.184400931642902,-15.241332166083986
604,30604,30604,30604,35ace65,ckpt_sac_full_00049992,0,0,0,timeout,200,238.37803150155577,,,-1,0,30.0,0.45,20.0,1.0,25,1,200,0.002,100,10.0,1.0,0,195,0,0.975,0.38118760957938,-0.222502490726842,-2.626484560799312,0.0237540379812962,0.033784455820266,0.0439605667262473,1.2721937194481856,0.6411536273534242,0.3784340566928375,0.4174256495639439,0.9888517452979766,1.0557742255525475,0.7750590140533915,-14.085675258673792
605,30605,30605,30605,35ace65,ckpt_sac_full_00049992,0,0,0,timeout,200,312.3961428614156,,,-1,0,30.0,0.45,20.0,1.0,25,1,200,0.002,100,10.0,1.0,0,186,0,0.93,0.3450893164554813,-0.6198859155232341,2.2957538006322853,0.0224578131247209,0.0366762663774821,0.0965698060297964,1.995723481372092,1.3151672481693453,0.3651436707705472,0.2886636551095582,1.0471809435509427,1.0021542972244748,1.153896329961138,-6.522172384446638
606,30606,30606,30606,35ace65,ckpt_sac_full_00049992,0,0,0,timeout,200,353.59693921297423,,,-1,1,30.0,0.45,20.0,1.0,25,1,200,0.002,100,10.0,1.0,0,174,0,0.87,0.3687359154874017,-0.5249531956671107,1.250077263436829,0.0257444497923459,0.0300237906023967,0.0782163761434336,1.3983085774126571,1.390819042585651,0.3221512175832429,0.5421951995527505,1.0728267673523937,1.0416307721305302,1.0597874834671357,-19.789239325519016
607,30607,30607,30607,35ace65,ckpt_sac_full_00049992,0,0,0,timeout,200,420.71247646803545,,,-1,0,30.0,0.45,20.0,1.0,25,1,200,0.002,100,10.0,1.0,0,173,0,0.865,0.3813219697409711,-0.5649907286665632,2.636786570711278,0.0224241757912604,0.037837459545707,0.0533704181124812,0.9169700260200592,0.8775690413505295,0.346867809620202,0.664816257603221,1.0409201943296604,0.9623352453962832,1.1286484066320228,-13.633968646646425
608,30608,30608,30608,35ace65,ckpt_sac_full_00049992,0,0,0,timeout,200,229.0663370536822,,,-1,1,30.0,0.45,20.0,1.0,25,1,200,0.002,100,10.0,1.0,0,193,0,0.965,0.3087667658574707,-0.2468156531354263,1.4800546794193838,0.0261619809902485,0.0399368571757647,0.0548782699307951,1.7859461085066397,1.366613943959862,0.3373621127639407,0.4733477911981514,0.9638719493313724,0.9554468046971032,1.115098080560066,-28.46532298310745
609,30609,30609,30609,35ace65,ckpt_sac_full_00049992,0,1,0,timeout,200,223.9023015713459,,,-1,1,30.0,0.45,20.0,1.0,25,1,200,0.002,100,10.0,1.0,0,173,0,0.865,0.3552304168638959,-0.3304301944878037,-2.283572905505288,0.0232459941375648,0.034363618716916,0.0944130676363512,0.9214763930955832,1.3943210952035283,0.3624450647259739,0.2531317870506888,0.9801434707223408,1.025793148237594,1.0161139335012228,-8.615416403656784
610,30610,30610,30610,35ace65,ckpt_sac_full_00049992,0,0,0,timeout,200,320.8613771040553,,,-1,1,30.0,0.45,20.0,1.0,25,1,200,0.002,100,10.0,1.0,0,173,0,0.865,0.3212100963477504,-0.4296208602309862,-1.7685347886999268,0.0229769588558291,0.0303542995869975,0.0409762536056999,1.4016602928038209,1.0152217822680718,0.3363386313964077,0.5889954714787976,0.951040663797813,0.933150935163024,1.3239235032668866,-17.106883830530098
611,30611,30611,30611,35ace65,ckpt_sac_full_00049992,0,0,0,timeout,200,246.67277137008253,,,-1,1,30.0,0.45,20.0,1.0,25,1,200,0.002,100,10.0,1.0,0,194,0,0.97,0.3640162518324294,-0.2622859767246611,1.1064825647005092,0.0239359107686346,0.0350629081303902,0.1071434621397276,1.685943050694701,1.3170153883301534,0.3231726136488494,0.4626463717451313,1.0342743279745663,1.0086242650644894,0.8152494437461173,-19.08715422130499
612,30612,30612,30612,35ace65,ckpt_sac_full_00049992,0,0,0,timeout,200,332.608438560671,,,-1,1,30.0,0.45,20.0,1.0,25,1,200,0.002,100,10.0,1.0,0,178,0,0.89,0.3303039812886963,-0.5167572162490446,-0.7058851695675616,0.0219851013777664,0.0341901841131896,0.0951563828951539,1.2418925361993574,0.9211084874049024,0.3470058172310695,0.5300394825132788,0.9897680944879342,1.095297367201027,1.2268793629268795,-0.0107144071665649
613,30613,30613,30613,35ace65,ckpt_sac_full_00049992,0,0,0,timeout,200,306.25038889210145,,,-1,1,30.0,0.45,20.0,1.0,25,1,200,0.002,100,10.0,1.0,0,171,0,0.855,0.3421305674601052,-0.6496273332431362,1.2920295382550373,0.0232393924467491,0.0334687337856656,0.0606420563704547,1.3800452077078842,0.8530012094483497,0.3550357526658529,0.2592051915050676,1.0261907318587602,1.0105392288992607,0.9645133208663752,-14.537448150029642
614,30614,30614,30614,35ace65,ckpt_sac_full_00049992,0,0,0,timeout,200,291.58033844567746,,,-1,1,30.0,0.45,20.0,1.0,25,1,200,0.002,100,10.0,1.0,0,183,0,0.915,0.3077596444085207,-0.6458191162352243,2.097491904564408,0.0223645447857295,0.0311529689591351,0.1073952519349569,1.8629475646802147,0.697604599325538,0.3635174942153724,0.2383346611302882,1.0151480387531575,1.0592648470312602,1.0082933613843386,-11.205372568134822
615,30615,30615,30615,35ace65,ckpt_sac_full_00049992,0,0,0,timeout,200,396.44264616919736,,,-1,1,30.0,0.45,20.0,1.0,25,1,200,0.002,100,10.0,1.0,0,170,0,0.85,0.3381020304357115,-0.683015965502591,2.1380264417764607,0.0271807602390746,0.0335206543736298,0.0925319967107398,1.1026394580424612,0.9905491672786042,0.3126539222111339,0.6250824735288104,1.054457958750541,1.0922455897406265,1.126152176107376,-10.442474108887314
616,30616,30616,30616,35ace65,ckpt_sac_full_00049992,0,0,0,timeout,200,377.3702976385163,,,-1,0,30.0,0.45,20.0,1.0,25,1,200,0.002,100,10.0,1.0,0,174,0,0.87,0.3102450467330171,-0.4879768282460925,-0.0984529222374783,0.02709371557225,0.0352824373084078,0.1051405916730569,1.1928186547397608,1.156506982658882,0.3505121297451546,0.7211042705041786,1.0629829033190683,0.907529243899721,1.2207005108370588,-15.536325925542355
617,30617,30617,30617,35ace65,ckpt_sac_full_00049992,0,0,0,timeout,200,292.33461906079884,,,-1,0,30.0,0.45,20.0,1.0,25,1,200,0.002,100,10.0,1.0,0,187,0,0.935,0.3513884677328096,-0.6232094743247886,-0.4102883264133945,0.0257724348371176,0.0382705553165557,0.0739418623193297,1.514101262042609,1.3377564683830383,0.3253854803278151,0.2645411032778974,1.0251916206561469,1.0962823298942763,1.1567265080970883,-5.014572536214825
618,30618,30618,30618,35ace65,ckpt_sac_full_00049992,0,0,0,timeout,200,373.7330564555424,,,-1,1,30.0,0.45,20.0,1.0,25,1,200,0.002,100,10.0,1.0,0,163,0,0.815,0.381768420618344,-0.482851361299713,1.8610503358638324,0.0236678574161784,0.0357830976443609,0.0541331319328347,0.8012153063494045,0.7342348143395325,0.3179485685893992,0.6297825631977936,1.0097611851614143,1.054370722819567,0.9350158245539624,-8.05193209427257
619,30619,30619,30619,35ace65,ckpt_sac_full_00049992,0,0,0,timeout,200,371.16076051332607,,,-1,1,30.0,0.45,20.0,1.0,25,1,200,0.002,100,10.0,1.0,0,191,0,0.955,0.3560582119441082,-0.4058414420566402,-2.9706099591681263,0.0253614238653525,0.031481558441925,0.053009796952569,1.6240518204237109,1.0866016223464794,0.363443810425874,0.6780671496366506,0.9940445395742022,1.007816690931184,1.231016628681993,-13.083541295125553
620,30620,30620,30620,35ace65,ckpt_sac_full_00049992,0,0,0,timeout,200,148.87095009713244,,,-1,0,30.0,0.45,20.0,1.0,25,1,200,0.002,100,10.0,1.0,0,192,0,0.96,0.3395419911971978,-0.1780372551046979,-0.8246018319060751,0.0268138384391245,0.0369701023000366,0.0381003977897049,1.6874956451661434,0.7634638609470596,0.3300537753420667,0.2686599704629589,0.965432797182378,1.0183223578897822,1.0901368730838914,-17.29832329950808
621,30621,30621,30621,35ace65,ckpt_sac_full_00049992,0,0,0,timeout,200,345.11597256949545,,,-1,1,30.0,0.45,20.0,1.0,25,1,200,0.002,100,10.0,1.0,0,186,0,0.93,0.3292682326038982,-0.464763473093931,-0.6718124878913945,0.023868848808755,0.0329706422082237,0.0560196466075732,1.20650400725979,0.780780371017197,0.3383424216129807,0.6214608945916213,1.0191758590435032,1.031101150333113,1.016208425101616,-17.293842915113935
622,30622,30622,30622,35ace65,ckpt_sac_full_00049992,0,0,0,timeout,200,244.80874642924093,,,-1,1,30.0,0.45,20.0,1.0,25,1,200,0.002,100,10.0,1.0,0,195,0,0.975,0.3745369834500562,-0.3721686170703318,-0.7117862048194126,0.0247483140610044,0.0312141191017981,0.0725495916395433,1.827808250575209,0.9618860686664188,0.3391242642097087,0.3213088311541819,0.9903058322346582,1.0510026384069897,1.075694471131929,-12.480273898533447
623,30623,30623,30623,35ace65,ckpt_sac_full_00049992,0,0,0,timeout,200,292.5535811481206,,,-1,1,30.0,0.45,20.0,1.0,25,1,200,0.002,100,10.0,1.0,0,170,0,0.85,0.386140401077823,-0.5149812962926217,-1.5582698069893326,0.0252140334652432,0.0360674939819788,0.1135623638012718,0.9812847495043058,1.3150937384875658,0.3017823140818805,0.3308026406570427,0.8990284856156848,1.0232298660460046,1.0790887012464745,-25.39006357190677
624,30624,30624,30624,35ace65,ckpt_sac_full_00049992,0,0,0,timeout,200,229.28577447829755,,,-1,1,30.0,0.45,20.0,1.0,25,1,200,0.002,100,10.0,1.0,0,184,0,0.92,0.3156917365263665,-0.1972662128024753,-1.534579401525957,0.0243305463957247,0.0300679137660923,0.0791991612262673,1.5288761493063332,1.265924768761283,0.3713683874480814,0.5507054913362592,1.0340745022919562,1.025626602858065,0.9896888899108208,-6.79572601104817
625,30625,30625,30625,35ace65,ckpt_sac_full_00049992,0,0,0,timeout,200,268.4299598964401,,,-1,1,30.0,0.45,20.0,1.0,25,1,200,0.002,100,10.0,1.0,0,191,0,0.955,0.3444446484424311,-0.3738289311972117,-0.5834478719433118,0.0225276588918949,0.0341994246865132,0.094892307272284,0.8091286241243627,0.766861108575022,0.3245267245953522,0.4499441392984654,1.051289332748659,0.984809623814437,1.047401773448839,-12.69393147342257
626,30626,30626,30626,35ace65,ckpt_sac_full_00049992,0,0,0,timeout,200,421.73655847888335,,,-1,1,30.0,0.45,20.0,1.0,25,1,200,0.002,100,10.0,1.0,0,165,0,0.825,0.3881944754509602,-0.611634611023938,2.7141852725561817,0.0204103243056003,0.035012703764001,0.0326739002144463,1.283184291311116,0.6694854131403079,0.307640596849104,0.6726574993137839,0.9691995904121586,1.0456960259147767,0.8988368565008916,-10.00375363302283
627,30627,30627,30627,35ace65,ckpt_sac_full_00049992,0,0,0,timeout,200,317.8055009058755,,,-1,1,30.0,0.45,20.0,1.0,25,1,200,0.002,100,10.0,1.0,0,175,0,0.875,0.3478947559457919,-0.6917601444019514,0.3129907505607381,0.0223006454155466,0.034152159357577,0.0445955542335328,1.7136609006023071,0.9407746477662496,0.3597791860833302,0.239022428626598,1.0730067917795432,1.0108517733010838,0.9196890945219928,-4.1590368475302695
628,30628,30628,30628,35ace65,ckpt_sac_full_00049992,0,0,0,timeout,200,311.6520215059643,,,-1,1,30.0,0.45,20.0,1.0,25,1,200,0.002,100,10.0,1.0,0,185,0,0.925,0.3043729988236727,-0.3489790502077636,2.493426892430441,0.0219015044095106,0.0361000714014485,0.0337064438073946,1.0324304413131866,0.9837059861832234,0.3845020934159242,0.5619295624485188,1.0838047622910256,0.9963677987691426,0.9930722017950252,-8.466497223900456
629,30629,30629,30629,35ace65,ckpt_sac_full_00049992,0,0,0,timeout,200,399.4844127933347,,,-1,1,30.0,0.45,20.0,1.0,25,1,200,0.002,100,10.0,1.0,0,190,0,0.95,0.3097474289671355,-0.6948196477866125,-2.055157984217744,0.0208288725007609,0.0335331242972574,0.0371327758209277,1.3636081049656044,1.0416537240938066,0.3382626035988115,0.6312068031126686,0.9917739246927024,1.0401265813609095,1.0003084684681272,-11.004831249303402
630,30630,30630,30630,35ace65,ckpt_sac_full_00049992,0,0,0,timeout,200,409.315274681373,,,-1,1,30.0,0.45,20.0,1.0,25,1,200,0.002,100,10.0,1.0,0,158,0,0.79,0.3208931568145782,-0.7235425405747005,-0.3405826970965382,0.0239032019393203,0.0393771857488076,0.0936317892785731,1.403316763338994,1.1451167699014029,0.3534522315784376,0.5786233804198476,1.0496767831656475,1.023318774853134,0.8609989785346313,-5.623110247664525
631,30631,30631,30631,35ace65,ckpt_sac_full_00049992,0,0,0,timeout,200,386.30329747303847,,,-1,0,30.0,0.45,20.0,1.0,25,1,200,0.002,100,10.0,1.0,0,178,0,0.89,0.3408595974934209,-0.5292328987307394,-2.4532347600029314,0.0245040018501238,0.0367451794155343,0.1130828737013792,1.041983405469307,0.9458278407428268,0.3803423572756511,0.595262010371345,1.1274371657504951,1.0725128197076186,1.2262020649574217,-15.645882810218156
632,30632,30632,30632,35ace65,ckpt_sac_full_00049992,0,0,0,timeout,200,224.4627778753238,,,-1,1,30.0,0.45,20.0,1.0,25,1,200,0.002,100,10.0,1.0,0,182,0,0.91,0.3426701692746019,-0.2255633107784211,1.6796270056997642,0.0257911510869898,0.0347898983490562,0.0980792705876479,1.5414068279818802,0.9221336706501906,0.357416504333383,0.4260235326235649,1.0815126980043257,1.0946265770437729,1.066844895142224,-18.94817623865784
633,30633,30633,30633,35ace65,ckpt_sac_full_00049992,0,0,0,timeout,200,195.50280992296533,,,-1,1,30.0,0.45,20.0,1.0,25,1,200,0.002,100,10.0,1.0,0,193,0,0.965,0.3326059567280763,-0.1949269203708762,2.7415228815413304,0.0241554919718298,0.0394580058398503,0.0439482837145189,1.5837695180762472,0.6899180717380662,0.3377274770886702,0.3967756896090156,1.0288098544388575,0.958239872211478,0.8515328727463808,-13.414529610842314
634,30634,30634,30634,35ace65,ckpt_sac_full_00049992,0,0,0,timeout,200,236.9119027675803,,,-1,1,30.0,0.45,20.0,1.0,25,1,200,0.002,100,10.0,1.0,0,190,0,0.95,0.3462991373115898,-0.4318760702705025,-0.6412534183895686,0.0246175081664853,0.0346159387615924,0.0784863067014253,0.8983932574181072,1.0042911063676878,0.3666982225037273,0.242994650534767,1.0247990504290545,1.0119991321184978,1.0323857179901732,-31.248977911343523
635,30635,30635,30635,35ace65,ckpt_sac_full_00049992,0,0,0,timeout,200,156.20742772842192,,,-1,1,30.0,0.45,20.0,1.0,25,1,200,0.002,100,10.0,1.0,0,188,0,0.94,0.3671590917556613,-0.25189744259827,0.1880678258683037,0.0248737714964232,0.0310434017081044,0.1091704143434353,1.0741966825466875,1.2947293723113642,0.3456230217911332,0.1859855148754808,0.9839734097976932,0.9912851381953486,0.9219109097660672,-14.407645370106538
636,30636,30636,30636,35ace65,ckpt_sac_full_00049992,0,0,0,timeout,200,370.9547114280325,,,-1,0,30.0,0.45,20.0,1.0,25,1,200,0.002,100,10.0,1.0,0,183,0,0.915,0.373425898216695,-0.5441664707939908,-2.076476775449056,0.0267761555625281,0.0372371358970445,0.104950256474888,1.0468046162113906,0.7041479830210536,0.3337293616143491,0.5570786929555388,1.0870034716364705,1.0745636445522977,0.9762013670058756,-21.201367278775397
637,30637,30637,30637,35ace65,ckpt_sac_full_00049992,0,0,0,timeout,200,272.7055190252817,,,-1,1,30.0,0.45,20.0,1.0,25,1,200,0.002,100,10.0,1.0,0,186,0,0.93,0.3653190176286596,-0.6150891875592274,1.1920434219769112,0.0219815036896211,0.0359263169395179,0.040676241259549,1.7236290651722486,0.9484050650506668,0.313291623426809,0.2535610313522246,1.0259247114058792,0.9896666448694572,1.107270283001072,0.2034761627479303
638,30638,30638,30638,35ace65,ckpt_sac_full_00049992,0,0,0,timeout,200,352.8582667275843,,,-1,1,30.0,0.45,20.0,1.0,25,1,200,0.002,100,10.0,1.0,0,174,0,0.87,0.3672356715224488,-0.5078745597532189,-1.778666051775856,0.0273349883841445,0.0315692335595574,0.0532887269584705,1.0999633160023183,1.2759847242181763,0.3573062435624774,0.5091640306867596,0.9609895597176534,0.9786821478967476,0.9961801089957067,-9.691667891305736
639,30639,30639,30639,35ace65,ckpt_sac_full_00049992,0,0,0,timeout,200,367.48665123931954,,,-1,1,30.0,0.45,20.0,1.0,25,1,200,0.002,100,10.0,1.0,0,175,0,0.875,0.3371105050524589,-0.5848427591511282,2.7857858029785127,0.0269844378120928,0.0343286024137996,0.0519848049284257,1.4463938109761725,1.309897376343925,0.3320565490211997,0.5778457163367625,0.920381172995082,1.040186909897305,1.0942678611830403,-9.42128456652936
640,30640,30640,30640,35ace65,ckpt_sac_full_00049992,0,0,0,timeout,200,351.7625216421756,,,-1,0,30.0,0.45,20.0,1.0,25,1,200,0.002,100,10.0,1.0,0,183,0,0.915,0.3213018730001098,-0.5938233372640147,-0.9207688931327938,0.0234136473762948,0.0368902299594845,0.1181630429203266,0.8524694481120806,1.0208341493278097,0.3386041476821287,0.5275137905131212,1.0104620848096542,1.086760698043311,0.9915391510172964,-19.179412016403248
641,30641,30641,30641,35ace65,ckpt_sac_full_00049992,0,0,0,timeout,200,234.71285093342092,,,-1,0,30.0,0.45,20.0,1.0,25,1,200,0.002,100,10.0,1.0,0,182,0,0.91,0.3094026754823019,-0.4931448180308292,2.2895871512211405,0.0209787219034024,0.0381040661298439,0.0859265233144976,1.6250359800016223,0.6449436562837044,0.3246453590524329,0.2646212811392317,1.0908061410715884,1.0154168496420988,1.0933450310328072,-15.24272494712645
642,30642,30642,30642,35ace65,ckpt_sac_full_00049992,0,0,0,timeout,200,358.3388533664981,,,-1,0,30.0,0.45,20.0,1.0,25,1,200,0.002,100,10.0,1.0,0,181,0,0.905,0.3889766417138057,-0.5405327239217618,-1.9342304270564403,0.0233181558212678,0.0303937937762984,0.0671904939593991,1.1597092448614468,1.2243861254656905,0.3125346462640064,0.5027228180865557,1.0586238327091153,1.0591199334422403,0.8971020438112205,-8.155079599786463
643,30643,30643,30643,35ace65,ckpt_sac_full_00049992,0,0,0,timeout,200,299.62250634701405,,,-1,1,30.0,0.45,20.0,1.0,25,1,200,0.002,100,10.0,1.0,0,180,0,0.9,0.3441631199150454,-0.3770669306923422,1.132961945521342,0.0216072448621355,0.0297646657922942,0.0975231914005487,1.5407703486440134,0.6921939769462641,0.3705709572845717,0.5947469944208383,1.0020524235974455,1.027497574990314,1.115689050571481,0.0039909359546177
644,30644,30644,30644,35ace65,ckpt_sac_full_00049992,0,0,0,timeout,200,278.32268431088687,,,-1,1,30.0,0.45,20.0,1.0,25,1,200,0.002,100,10.0,1.0,0,171,0,0.855,0.3388155922731979,-0.5759555365986992,0.4853047232697207,0.0247024435179276,0.0327259954131638,0.084312451180541,1.8482601421256548,1.144100730260988,0.3095481293163091,0.3072339141523961,1.068647920953396,1.0489888913292629,0.8553662607108776,-28.54872612768226
645,30645,30645,30645,35ace65,ckpt_sac_full_00049992,0,0,0,timeout,200,192.9358065117055,,,-1,1,30.0,0.45,20.0,1.0,25,1,200,0.002,100,10.0,1.0,0,192,0,0.96,0.3345006870283709,-0.2778402837342182,-0.3943144535509031,0.0260234108698354,0.0311735513796174,0.0457685449481216,0.8036809290974982,1.290430962299597,0.368235282819221,0.2702530687282207,1.1236526857715108,0.9779441213192408,1.1247068542697771,-4.591383917731982
646,30646,30646,30646,35ace65,ckpt_sac_full_00049992,0,0,0,timeout,200,363.0432249507954,,,-1,1,30.0,0.45,20.0,1.0,25,1,200,0.002,100,10.0,1.0,0,172,0,0.86,0.3142253499049734,-0.6273019272958168,2.688380120155521,0.0265374389567863,0.0383023638692576,0.0872251395460509,0.844474853131199,0.8725534660517873,0.3741357549230384,0.4717305632541618,1.0353451719546671,1.0638942847348385,1.1657058675419567,-16.886600724734283
647,30647,30647,30647,35ace65,ckpt_sac_full_00049992,0,0,0,timeout,200,184.92452052971885,,,-1,1,30.0,0.45,20.0,1.0,25,1,200,0.002,100,10.0,1.0,0,181,0,0.905,0.3428315854558166,-0.3119467761253597,2.117171639228176,0.0219123794089152,0.0307465614232324,0.0520310079069914,0.9868290615828528,0.9894412724189504,0.3732268351047771,0.2473192423884281,1.1303640102941344,1.000537065407773,0.9367818877739345,-1.0892573297732595
648,30648,30648,30648,35ace65,ckpt_sac_full_00049992,0,0,0,timeout,200,219.75617837826016,,,-1,0,30.0,0.45,20.0,1.0,25,1,200,0.002,100,10.0,1.0,0,188,0,0.94,0.3868916842586039,-0.2374049239898761,-1.932625231663471,0.0271923676149115,0.0383266413273885,0.0606561102627524,1.6860543804053,0.6379185127431314,0.3443753308554117,0.3628342223411863,1.0488716651495271,0.931946285718656,1.1488001272170785,-8.573331104397546
649,30649,30649,30649,35ace65,ckpt_sac_full_00049992,0,0,0,timeout,200,309.20974397469325,,,-1,1,30.0,0.45,20.0,1.0,25,1,200,0.002,100,10.0,1.0,0,171,0,0.855,0.3336615349368202,-0.1901402566848927,-1.5157248378581247,0.027498266025532,0.0357515403804411,0.0922130943001766,1.1751609688438016,0.9614206465145876,0.3785077428494637,0.6602612031057928,1.0602048381069422,1.047993741618107,1.1137283199306838,-17.86874619435713
650,30650,30650,30650,35ace65,ckpt_sac_full_00049992,0,0,0,timeout,200,351.84488450905155,,,-1,1,30.0,0.45,20.0,1.0,25,1,200,0.002,100,10.0,1.0,0,156,0,0.78,0.3814474357876745,-0.6756669502406164,0.3507545745303426,0.0239582037031614,0.0303197114039372,0.115496758756226,1.9667063355291268,1.3690207502994252,0.3021956967575648,0.3826546160916702,1.0804701030041073,1.0481953465089933,0.964677732577476,-9.520950083350654
651,30651,30651,30651,35ace65,ckpt_sac_full_00049992,0,0,0,timeout,200,184.3817599913128,,,-1,1,30.0,0.45,20.0,1.0,25,1,200,0.002,100,10.0,1.0,0,189,0,0.945,0.3679374053389694,-0.3194348617466361,2.761643613836295,0.0240242770283292,0.0379205562292792,0.0412930194440573,1.8224402452068065,0.894736833186633,0.3136301094198206,0.2029137774836974,0.954384356860582,1.092116505913984,1.079042500486993,-7.524500544996183
652,30652,30652,30652,35ace65,ckpt_sac_full_00049992,0,0,0,timeout,200,354.8805903146038,,,-1,1,30.0,0.45,20.0,1.0,25,1,200,0.002,100,10.0,1.0,0,178,0,0.89,0.3348655954466796,-0.3695491344233425,-0.146416959222678,0.0218302425520774,0.0305512547879702,0.0397793267081973,0.9558623214773244,0.6487648518726583,0.3799197876531272,0.6600778601970847,1.1531947179059223,1.0780769761362898,1.1988894479565788,-1.7008556985392362
653,30653,30653,30653,35ace65,ckpt_sac_full_00049992,0,0,0,timeout,200,333.5662017866685,,,-1,1,30.0,0.45,20.0,1.0,25,1,200,0.002,100,10.0,1.0,0,181,0,0.905,0.305376574151585,-0.519743391914895,-0.3560251563707268,0.0207639099080582,0.0323196175793081,0.1045983339785816,1.8466134502369944,0.671717765169794,0.3213786850878205,0.6192825410326417,1.0247644767576105,1.0472169228579988,1.0451592957551918,-1.6583834661543817
654,30654,30654,30654,35ace65,ckpt_sac_full_00049992,0,0,0,timeout,200,201.61970950424887,,,-1,0,30.0,0.45,20.0,1.0,25,1,200,0.002,100,10.0,1.0,0,191,0,0.955,0.3737794454342718,-0.2039924371536821,1.3502743841567506,0.0217802456157272,0.037734973733126,0.0393697237064028,0.8742022630831765,0.613649785878006,0.32214590886898,0.3667640222391132,1.0707809060554925,1.0327657485951924,1.0909546694880004,-18.11691963957089
655,30655,30655,30655,35ace65,ckpt_sac_full_00049992,0,1,0,timeout,200,336.9237073503649,,,-1,0,30.0,0.45,20.0,1.0,25,1,200,0.002,100,10.0,1.0,0,182,0,0.91,0.3577663156610103,-0.4063571525646608,-2.516187886850144,0.0249540029108141,0.0362677942767019,0.0955999666004432,1.2792898834398818,0.9173324726139293,0.3892545617535206,0.5241452170053407,0.951576084892704,1.0305696933179105,1.0575292191135035,12.17859689082522
656,30656,30656,30656,35ace65,ckpt_sac_full_00049992,0,0,0,timeout,200,355.6690489215967,,,-1,1,30.0,0.45,20.0,1.0,25,1,200,0.002,100,10.0,1.0,0,169,0,0.845,0.3896228938631958,-0.4150188518535563,2.303737439653508,0.0263586393806834,0.0394181540589689,0.0929582530120133,1.4833084756233137,1.3391792093515988,0.3468669740550879,0.4302225262807634,1.038055917877503,1.018564996824307,0.8720608760259755,-8.73813853049789
657,30657,30657,30657,35ace65,ckpt_sac_full_00049992,0,0,0,timeout,200,321.92620593333123,,,-1,1,30.0,0.45,20.0,1.0,25,1,200,0.002,100,10.0,1.0,0,178,0,0.89,0.3508160868429891,-0.4062413285121588,1.4170240329309216,0.0253554562175091,0.030640010221434,0.0878397913373998,1.88553286972127,1.079694351099173,0.3328727075590719,0.5730189589773411,1.0144870405002655,1.0236436627872207,1.201875159758124,-29.28424020472183
658,30658,30658,30658,35ace65,ckpt_sac_full_00049992,0,0,0,timeout,200,214.37549434762497,,,-1,1,30.0,0.45,20.0,1.0,25,1,200,0.002,100,10.0,1.0,0,185,0,0.925,0.3014060909859855,-0.4835763268161831,-0.0513490273811263,0.0270823282930707,0.0325479984392232,0.0976478181402139,1.6824470654333985,1.0497235127302988,0.3226849951467698,0.2145437044921391,0.950371274621892,0.9681316308511791,1.122846920842396,-4.171130601014227
659,30659,30659,30659,35ace65,ckpt_sac_full_00049992,0,0,0,timeout,200,264.43404468383244,,,-1,1,30.0,0.45,20.0,1.0,25,1,200,0.002,100,10.0,1.0,0,176,0,0.88,0.3877674179963875,-0.5316826735631381,1.7421104247970902,0.0253679306292938,0.0330336623010903,0.0788039819997136,1.260338895716392,0.6103866813028483,0.3185071402421265,0.2114200623147942,1.0605726545282783,1.0432388257496732,0.99267772115326,-10.35191330455793
660,30660,30660,30660,35ace65,ckpt_sac_full_00049992,0,0,0,timeout,200,277.5343166674335,,,-1,1,30.0,0.45,20.0,1.0,25,1,200,0.002,100,10.0,1.0,0,180,0,0.9,0.3761504161204064,-0.4963124440400679,-1.1587462290744694,0.0222353724502687,0.0333936924752249,0.072999184190452,1.349763307122347,1.16345511683457,0.3190772846427403,0.3093227470705579,1.06950820413161,1.020254428172256,1.0625207219286366,-36.546077996111705
661,30661,30661,30661,35ace65,ckpt_sac_full_00049992,0,0,0,timeout,200,216.6469537690218,,,-1,1,30.0,0.45,20.0,1.0,25,1,200,0.002,100,10.0,1.0,0,190,0,0.95,0.3227063181528908,-0.4448790793040578,-1.4176261513837825,0.0213125613139737,0.0315202470528495,0.0433911609018177,1.5024343119796466,0.8029518473921905,0.3492279322476727,0.2070504351812897,1.042970336700171,0.9807451057041694,0.9745742574492614,-8.090576174623283
662,30662,30662,30662,35ace65,ckpt_sac_full_00049992,0,0,0,timeout,200,277.5197940229182,,,-1,1,30.0,0.45,20.0,1.0,25,1,200,0.002,100,10.0,1.0,0,176,0,0.88,0.3426054532881493,-0.2740893798747251,-1.001074903156601,0.0249301623394846,0.0353679988804847,0.113733256115214,1.189260388489048,0.7381896096703283,0.328581953478565,0.5779086776094994,1.0073154256536736,0.9997317882554144,1.2270643901037914,-1.5844792348264365
663,30663,30663,30663,35ace65,ckpt_sac_full_00049992,0,0,0,timeout,200,324.51480699918125,,,-1,0,30.0,0.45,20.0,1.0,25,1,200,0.002,100,10.0,1.0,0,171,0,0.855,0.3596847240885744,-0.6926913005987212,-0.3634508557260241,0.0269675354273401,0.0377536479091514,0.0975329282442315,1.6371961541836444,0.901368649741839,0.3615315625354831,0.2407584260257895,1.0065900910538743,1.024500716732878,1.2479986441390567,-9.565499097501478
664,30664,30664,30664,35ace65,ckpt_sac_full_00049992,0,0,0,timeout,200,299.01512720341486,,,-1,1,30.0,0.45,20.0,1.0,25,1,200,0.002,100,10.0,1.0,0,190,0,0.95,0.3861482781390928,-0.3712178766382884,-2.3063501157438324,0.0209263593680119,0.0368568132733255,0.0759318388678452,0.889412363787399,1.3580221230522187,0.3702610839818822,0.4405168319052426,1.043159937834783,0.997282778760564,1.093984802000216,-13.269351615478383
665,30665,30665,30665,35ace65,ckpt_sac_full_00049992,0,0,0,timeout,200,245.63110051416277,,,-1,1,30.0,0.45,20.0,1.0,25,1,200,0.002,100,10.0,1.0,0,182,0,0.91,0.3231858372250018,-0.2261262290264762,-0.6363643426086525,0.0272282950474943,0.0366059196023949,0.0972445775701405,1.9096980905254677,0.9184052460396356,0.3415785638845044,0.5220344077293275,1.0019377254635449,0.9880902993273328,1.0912030140285776,-14.408765098259153
666,30666,30666,30666,35ace65,ckpt_sac_full_00049992,0,0,0,timeout,200,481.8249795477832,,,-1,0,30.0,0.45,20.0,1.0,25,1,200,0.002,100,10.0,1.0,0,158,0,0.79,0.3761253310373335,-0.726648146547532,-2.4804950426240904,0.0238913190986284,0.040122531376212,0.0413252770113477,1.977870617515993,0.9957960251048084,0.3667296246204024,0.6843359656056284,1.038527789269247,1.0346591492958577,1.0426572908406748,-13.275299128329484
667,30667,30667,30667,35ace65,ckpt_sac_full_00049992,0,0,0,timeout,200,279.89932870932057,,,-1,1,30.0,0.45,20.0,1.0,25,1,200,0.002,100,10.0,1.0,0,188,0,0.94,0.30788209140034,-0.3494845646958051,1.7038484274738748,0.0243569915256192,0.0298886126378376,0.0441923823918626,1.1083919235780997,1.1822348398301423,0.3214091763290678,0.5715362660409076,1.0332785931831392,1.081703531498682,1.0200429545535914,-20.955918812452417
668,30668,30668,30668,35ace65,ckpt_sac_full_00049992,0,0,0,timeout,200,244.0505250830467,,,-1,1,30.0,0.45,20.0,1.0,25,1,200,0.002,100,10.0,1.0,0,188,0,0.94,0.3356459705163684,-0.338545933804825,-0.2116159188759736,0.0207624939330635,0.0307143135657964,0.0471570734574859,1.9397549852082387,1.010706582532814,0.3063322229506717,0.4362021041461298,1.004270823881224,1.0153145957306628,1.1512586048294464,-15.09701115224499
669,30669,30669,30669,35ace65,ckpt_sac_full_00049992,0,0,0,timeout,200,228.85682426441088,,,-1,1,30.0,0.45,20.0,1.0,25,1,200,0.002,100,10.0,1.0,0,185,0,0.925,0.3133763405929873,-0.5237177431529874,-2.327674121555434,0.0207753346558217,0.0325428563441695,0.064606203054304,1.8558822489950864,1.1285621131909798,0.3191809868672548,0.2163244771067225,1.0371978538261628,0.9445573378194894,1.0920366095348903,-24.409197911876227
670,30670,30670,30670,35ace65,ckpt_sac_full_00049992,0,0,0,timeout,200,184.4535658346176,,,-1,1,30.0,0.45,20.0,1.0,25,1,200,0.002,100,10.0,1.0,0,192,0,0.96,0.3702095399985097,-0.2387375738686853,0.7105700929111243,0.0265172138237264,0.0375559507119677,0.0600052647693332,1.53674881472028,1.182526635886228,0.3159956206061671,0.2824737141832898,0.9729088861979164,1.0248437270961104,1.0747011755241542,-20.53697350593821
671,30671,30671,30671,35ace65,ckpt_sac_full_00049992,0,0,0,timeout,200,301.1681348052439,,,-1,0,30.0,0.45,20.0,1.0,25,1,200,0.002,100,10.0,1.0,0,175,0,0.875,0.3124324306854098,-0.3846128284136952,-2.481817705542014,0.0249138196918845,0.0367783865435766,0.1199464272808035,1.8121370246857589,0.8914841289696182,0.369122136988831,0.5176148175188016,1.159088640936271,1.0001464521607863,1.2153200651368818,-8.78813873702138
672,30672,30672,30672,35ace65,ckpt_sac_full_00049992,0,0,0,timeout,200,201.81080345197768,,,-1,1,30.0,0.45,20.0,1.0,25,1,200,0.002,100,10.0,1.0,0,185,0,0.925,0.3483064140156997,-0.2465949526459024,-0.8097875757180506,0.0211169789896147,0.0348339007516331,0.1000054858501871,1.3960255147450162,0.7536490280251733,0.388933432727783,0.3245622767940002,1.1011841582994986,1.0824883164852876,1.062511984912718,0.8303752683038844
673,30673,30673,30673,35ace65,ckpt_sac_full_00049992,0,0,0,timeout,200,271.4750177221587,,,-1,1,30.0,0.45,20.0,1.0,25,1,200,0.002,100,10.0,1.0,0,179,0,0.895,0.3194291326271432,-0.3418062071260874,2.6128154087305164,0.0219199893648391,0.0346477849448739,0.0582742184271063,0.8577666393248938,1.0776542545021868,0.3873238831372094,0.4241289716617484,1.0235121986904303,1.0482281392670254,1.078278439370878,-9.325261538164217
674,30674,30674,30674,35ace65,ckpt_sac_full_00049992,0,0,0,timeout,200,342.98736863658354,,,-1,0,30.0,0.45,20.0,1.0,25,1,200,0.002,100,10.0,1.0,0,188,0,0.94,0.3498153751964744,-0.4492532668062095,0.8298003569755514,0.0221909162169763,0.0363811036290546,0.0781845831639152,0.9681461976534328,1.045362296923004,0.3790291997632175,0.5285793705990139,0.980008818736441,1.0371072190069062,1.074345921923134,-17.682709543152157
675,30675,30675,30675,35ace65,ckpt_sac_full_00049992,0,0,0,timeout,200,458.534058452704,,,-1,1,30.0,0.45,20.0,1.0,25,1,200,0.002,100,10.0,1.0,0,193,0,0.965,0.321881583960266,-0.6857966870732404,0.3513060234462641,0.0222052197435834,0.0395404098124244,0.1138565829284094,1.230291734090737,0.8541313827119253,0.3846604258567894,0.7178148881964261,1.011684040806842,0.9866859062151798,1.0595219783437788,-14.51655135800899
676,30676,30676,30676,35ace65,ckpt_sac_full_00049992,0,1,0,timeout,200,327.98329534162,,,-1,1,30.0,0.45,20.0,1.0,25,1,200,0.002,100,10.0,1.0,19,165,0,0.825,0.3503212553943831,-0.453153898540144,2.426044117791288,0.0233982447734447,0.0400924903627167,0.0842541859777953,1.0467383380940345,0.641136048237327,0.3092014698873008,0.5157473126149799,1.0539673990081726,1.0030218351761937,1.0289529553981562,-13.559422163302672
677,30677,30677,30677,35ace65,ckpt_sac_full_00049992,0,0,0,timeout,200,397.8913728325921,,,-1,1,30.0,0.45,20.0,1.0,25,1,200,0.002,100,10.0,1.0,134,174,0,0.87,0.3626470874206984,-0.6840259299845095,-2.8426300730123693,0.0261494767056695,0.0355017402919597,0.0734691110877972,1.1380480318144996,1.1022434911218175,0.3353395172552633,0.5193923320634581,1.0668779237834638,0.9854430209934744,0.9571212783705498,-103.76128923312132
678,30678,30678,30678,35ace65,ckpt_sac_full_00049992,0,0,0,timeout,200,301.76946480475834,,,-1,1,30.0,0.45,20.0,1.0,25,1,200,0.002,100,10.0,1.0,0,177,0,0.885,0.3003003758710569,-0.4924143207499625,-2.245386094628657,0.0230416033428415,0.0347550843209034,0.0542712674585062,0.9548698729752616,0.7328328287937345,0.3092353198395342,0.4875696572144569,0.970037276145703,1.0512445279583895,0.985210894895094,-1.317676639962238
679,30679,30679,30679,35ace65,ckpt_sac_full_00049992,0,0,0,timeout,200,416.8294698081994,,,-1,1,30.0,0.45,20.0,1.0,25,1,200,0.002,100,10.0,1.0,0,147,0,0.735,0.3664793282883352,-0.6761876929443902,2.41082079039421,0.0237585501459353,0.0335015834194432,0.0486455466701551,0.8902977804469026,0.7130187020849077,0.3680059583075117,0.5318886426873538,1.0763088843008646,1.005439329077412,0.9284624294701797,-9.144538345634476
680,30680,30680,30680,35ace65,ckpt_sac_full_00049992,0,0,0,timeout,200,173.06318117618667,,,-1,1,30.0,0.45,20.0,1.0,25,1,200,0.002,100,10.0,1.0,0,191,0,0.955,0.3379020431934291,-0.312813963713224,2.0490106460538646,0.0257586453649029,0.034117250911155,0.0934579813812434,1.0107745523947953,1.279223409333745,0.3153965371560959,0.2191353737250735,1.0417932682336353,1.0040590901445554,1.018858372052822,-11.809909976733932
681,30681,30681,30681,35ace65,ckpt_sac_full_00049992,0,0,0,timeout,200,408.3334334422047,,,-1,0,30.0,0.45,20.0,1.0,25,1,200,0.002,100,10.0,1.0,0,154,0,0.77,0.3458742685650244,-0.6305037087693104,0.3751990426874823,0.0219026709829672,0.0375903811979585,0.0970026621650035,1.1803478747600766,0.992128292783976,0.3326940565732902,0.6597775858418871,1.0588511433940242,0.969850498649252,1.120746906775571,-5.004502977078092
682,30682,30682,30682,35ace65,ckpt_sac_full_00049992,0,0,0,timeout,200,423.5683649614252,,,-1,1,30.0,0.45,20.0,1.0,25,1,200,0.002,100,10.0,1.0,0,172,0,0.86,0.3286064529754585,-0.7015397890003765,-0.7428274418997227,0.0273953824620939,0.0376113974021208,0.073017711844855,1.5394862487857968,1.108649865029629,0.3268350006235539,0.7035633636485319,0.992622341583637,1.0849357267668045,0.9203811595263568,-23.758892568290225
683,30683,30683,30683,35ace65,ckpt_sac_full_00049992,0,0,0,timeout,200,242.4691626571704,,,-1,1,30.0,0.45,20.0,1.0,25,1,200,0.002,100,10.0,1.0,0,190,0,0.95,0.3460019162292507,-0.5277733901408588,1.6620773375024545,0.024776672423296,0.0302497783239626,0.1131180593854386,1.7838379570832186,0.6446829221853161,0.3448516436019266,0.1894454806449362,1.0325667729738626,1.0138329915528257,0.95961318518514,-25.93339454326311
684,30684,30684,30684,35ace65,ckpt_sac_full_00049992,0,0,0,timeout,200,263.46218658140333,,,-1,0,30.0,0.45,20.0,1.0,25,1,200,0.002,100,10.0,1.0,0,187,0,0.935,0.3194418650804667,-0.5806184036032215,-0.7190156427349064,0.0268751421271204,0.0365418095850889,0.0924981148511094,1.6934813217554865,0.8880778393591199,0.3620467292001604,0.2021340271403494,1.0542831511566384,0.9945256912217963,1.0105025156913627,-17.28885574374966
685,30685,30685,30685,35ace65,ckpt_sac_full_00049992,0,0,0,timeout,200,365.54948136530186,,,-1,1,30.0,0.45,20.0,1.0,25,1,200,0.002,100,10.0,1.0,0,179,0,0.895,0.3688929721397044,-0.5255321762447573,-1.7052137894448849,0.0264496392978048,0.0346926360656955,0.0819563873059214,1.1227123310143934,1.011168755746913,0.3826995980644583,0.4896304956189539,0.97130980805952,0.9785413761078852,0.9590713248531242,-10.528832501116405
686,30686,30686,30686,35ace65,ckpt_sac_full_00049992,0,0,0,timeout,200,474.5619342449077,,,-1,0,30.0,0.45,20.0,1.0,25,1,200,0.002,100,10.0,1.0,0,154,0,0.77,0.3813472654999103,-0.7279159212363439,-1.8332221715415336,0.0259072975823914,0.0318988572713913,0.096350460220256,1.8281306206713783,1.3311648648865235,0.3722987140896334,0.6321520794997422,0.9956726237382564,1.0240706611054562,1.1682596311283344,-8.805429003289976
687,30687,30687,30687,35ace65,ckpt_sac_full_00049992,0,0,0,timeout,200,391.44616430128445,,,-1,1,30.0,0.45,20.0,1.0,25,1,200,0.002,100,10.0,1.0,0,167,0,0.835,0.3316208901859444,-0.6900926859259489,-2.1182948833664668,0.0231348293365357,0.039314516313982,0.0503901498004396,0.8862225232432571,1.3276157507447206,0.341573061813012,0.5508660364181257,1.065164973225785,1.034455804042374,1.04594990366179,-8.582029631442095
688,30688,30688,30688,35ace65,ckpt_sac_full_00049992,0,0,0,timeout,200,297.3589935595183,,,-1,0,30.0,0.45,20.0,1.0,25,1,200,0.002,100,10.0,1.0,0,172,0,0.86,0.3733006067003079,-0.625836165010884,0.8755955839424336,0.0249835763567048,0.0402002327750031,0.1039564700247041,1.1276339475891852,0.8943752380471015,0.3822563985705063,0.1817172294820664,1.0531280780674586,1.021209845288268,1.1266655741321911,-14.722304119910902
689,30689,30689,30689,35ace65,ckpt_sac_full_00049992,0,0,0,timeout,200,282.8233135897786,,,-1,0,30.0,0.45,20.0,1.0,25,1,200,0.002,100,10.0,1.0,0,190,0,0.95,0.3429244539234174,-0.5356757286839244,-0.183739445004992,0.0227953339715738,0.039970275525818,0.1075308583212935,1.9982039060334655,0.6888419772667796,0.3450114371838418,0.3134037922649527,0.96360138587334,0.9585338519779456,1.0063788611471305,-24.764139382038888
690,30690,30690,30690,35ace65,ckpt_sac_full_00049992,0,0,0,timeout,200,201.78131397673096,,,-1,1,30.0,0.45,20.0,1.0,25,1,200,0.002,100,10.0,1.0,0,186,0,0.93,0.3340860388870501,-0.2087348656957611,-0.3753985769565933,0.0209420201211753,0.0362016743031748,0.1111601617212795,1.0906581800235355,0.9779330232940706,0.3339759170496633,0.4113730319692882,0.9450594149396028,1.0379921651736017,1.2142995700742336,-8.79381243504988
691,30691,30691,30691,35ace65,ckpt_sac_full_00049992,0,0,0,timeout,200,358.80350585107954,,,-1,1,30.0,0.45,20.0,1.0,25,1,200,0.002,100,10.0,1.0,0,187,0,0.935,0.3287439274888051,-0.4343063682087618,0.5447002275559236,0.0226615762442036,0.0359476977666921,0.1055913993668435,1.1024189382938476,1.318523347407661,0.3355029380530619,0.7069087569025335,1.0619920352063454,1.0047801501853195,0.9932441389338056,-17.96595229615004
692,30692,30692,30692,35ace65,ckpt_sac_full_00049992,0,0,0,timeout,200,166.67476694858803,,,-1,1,30.0,0.45,20.0,1.0,25,1,200,0.002,100,10.0,1.0,0,184,0,0.92,0.3338144997587679,-0.3117391325820242,2.2824544195906222,0.0238248833987627,0.0357444610118219,0.0978270875498204,1.4637995316399164,1.0068484006984688,0.3671242463876637,0.1710971636882318,1.1163638569742262,1.1288823990537085,1.1922647525087329,-0.9444544204108009
693,30693,30693,30693,35ace65,ckpt_sac_full_00049992,0,0,0,timeout,200,302.67819180751087,,,-1,1,30.0,0.45,20.0,1.0,25,1,200,0.002,100,10.0,1.0,0,190,0,0.95,0.3009702193813014,-0.5635211370225972,-0.4523710697450891,0.0271322337069001,0.0299626088454209,0.0961338731170047,1.4064589464503283,0.7339239874184665,0.3671774702813331,0.357141381548313,1.0429724157787206,1.0413062106380435,1.1782000985139116,-10.898224949512946
694,30694,30694,30694,35ace65,ckpt_sac_full_00049992,0,0,0,timeout,200,339.3274735369348,,,-1,0,30.0,0.45,20.0,1.0,25,1,200,0.002,100,10.0,1.0,0,166,0,0.83,0.3730061251442752,-0.6192565384015196,2.684176496570693,0.0211907142768767,0.0380339890710423,0.1197400743377059,1.2022947160991002,0.7460784980846251,0.3126377538776299,0.3998631065522268,1.1203494888689305,1.00962549295088,0.8681623151028721,-7.8059835961824575
695,30695,30695,30695,35ace65,ckpt_sac_full_00049992,0,0,0,timeout,200,310.4038453521677,,,-1,1,30.0,0.45,20.0,1.0,25,1,200,0.002,100,10.0,1.0,0,179,0,0.895,0.3709104229677238,-0.3443067744883815,0.3015421359726176,0.0240583231749452,0.032342769996842,0.1093199001418329,1.2395199845207487,1.376733774872831,0.3368868719799266,0.5589919985115861,0.9732988194371492,1.0074820488781924,1.0400244367526728,-15.566555494077091
696,30696,30696,30696,35ace65,ckpt_sac_full_00049992,0,0,0,timeout,200,418.75318597484267,,,-1,1,30.0,0.45,20.0,1.0,25,1,200,0.002,100,10.0,1.0,0,184,0,0.92,0.3248993789852145,-0.6423403230711133,0.4936434856941325,0.0267569492666262,0.037024336116364,0.0918038463625984,1.7615267722573826,1.0641557966423087,0.3836686376933824,0.6131250806762144,1.0081674920943418,1.07761359187741,1.0591514887061395,-9.427556028869958
697,30697,30697,30697,35ace65,ckpt_sac_full_00049992,0,0,0,timeout,200,488.3689599501176,,,-1,0,30.0,0.45,20.0,1.0,25,1,200,0.002,100,10.0,1.0,0,163,0,0.815,0.3759416083325198,-0.6930280721476174,1.7180970658702843,0.0208675966072298,0.0400765153425588,0.0587120641326841,0.9669408376591736,0.7329289420365974,0.3782324916576567,0.7200718980341074,1.0155017248892435,1.044837461002561,0.9399171271741192,-10.754027401773214
698,30698,30698,30698,35ace65,ckpt_sac_full_00049992,0,0,0,timeout,200,264.30972375828486,,,-1,1,30.0,0.45,20.0,1.0,25,1,200,0.002,100,10.0,1.0,0,181,0,0.905,0.3360653835527101,-0.5564655446839851,-0.5725703375564932,0.0255509349682477,0.0326520477151477,0.0629289928081528,1.3424628102621488,1.1405684358752937,0.3800278264265455,0.1899877432646202,0.9761549722608732,0.9614620816933094,0.9804441812168736,-18.79315602189657
699,30699,30699,30699,35ace65,ckpt_sac_full_00049992,0,0,0,timeout,200,150.24718290713258,,,-1,1,30.0,0.45,20.0,1.0,25,1,200,0.002,100,10.0,1.0,0,187,0,0.935,0.3033301334877495,-0.251073909563562,-2.7336174424766733,0.0261924772542664,0.033369419683962,0.0426841642797501,0.9810239015549682,0.8632895947887532,0.3138458749289171,0.2395910417735426,1.0226771445402123,1.1110091247973146,1.008856946527479,-6.764857509795639
700,30700,30700,30700,35ace65,ckpt_sac_full_00049992,0,0,0,timeout,200,265.6801864646954,,,-1,1,30.0,0.45,20.0,1.0,25,1,200,0.002,100,10.0,1.0,0,193,0,0.965,0.3698940639006058,-0.2030892133294596,-1.1987802304599429,0.0205505158460924,0.0355668403576494,0.0926215207370431,1.4490614024463475,0.9406752712303114,0.3150906396923273,0.5780760592743588,1.0235146724697826,1.032828916425077,1.1723354674856272,-12.79821962478126
701,30701,30701,30701,35ace65,ckpt_sac_full_00049992,0,0,0,timeout,200,358.064607544418,,,-1,1,30.0,0.45,20.0,1.0,25,1,200,0.002,100,10.0,1.0,0,195,0,0.975,0.3097225475772485,-0.5948226110920724,3.1300341473089857,0.0248795708158822,0.032185760246727,0.0659671893337626,1.787459172848597,0.950620672424706,0.3354408922799347,0.5794724769733108,1.0228898773886093,1.0898711121838922,1.1336915720614125,-12.40133749401654
702,30702,30702,30702,35ace65,ckpt_sac_full_00049992,0,0,0,timeout,200,300.3306802124223,,,-1,0,30.0,0.45,20.0,1.0,25,1,200,0.002,100,10.0,1.0,0,172,0,0.86,0.3621315782985491,-0.5596976642756805,1.1100525782368624,0.0215260089660657,0.0375748608707942,0.108807207887628,0.8026466079174593,0.6862207536101694,0.3012003832488258,0.3665710589386181,1.1330831154343028,1.0168258080882835,1.1848283973355491,-10.064925986123075
703,30703,30703,30703,35ace65,ckpt_sac_full_00049992,0,0,0,timeout,200,324.9310351757986,,,-1,0,30.0,0.45,20.0,1.0,25,1,200,0.002,100,10.0,1.0,0,172,0,0.86,0.3861586570331439,-0.5836442130404136,-2.5975252535654434,0.0207316714106157,0.0313109374532183,0.0601354573750747,1.6484931857650875,1.134728610055554,0.3536547431484445,0.3210399483426107,0.9989056637574372,0.9899737532214312,1.0098043704283473,-14.056304393133914
704,30704,30704,30704,35ace65,ckpt_sac_full_00049992,0,0,0,timeout,200,235.2049214921052,,,-1,1,30.0,0.45,20.0,1.0,25,1,200,0.002,100,10.0,1.0,0,187,0,0.935,0.3267265062695019,-0.2663296709042168,0.2547969957471352,0.0235679146214322,0.0392089723846851,0.0430132488438722,1.56766632176409,0.6531493074829721,0.3430583736561304,0.4500558574619026,1.0718135808458351,1.1114427599072954,1.1222917653177005,-21.08331123508608
705,30705,30705,30705,35ace65,ckpt_sac_full_00049992,0,0,0,timeout,200,332.87726508623643,,,-1,1,30.0,0.45,20.0,1.0,25,1,200,0.002,100,10.0,1.0,0,182,0,0.91,0.3894799136104336,-0.3895112273475226,0.5638722351525391,0.027131464752976,0.0365337507682453,0.1084616211737239,1.257839244176025,0.7163676334129616,0.361512672578372,0.526204201598528,1.0693050101959902,1.049765316712023,1.009954425899373,-15.76507159477756
706,30706,30706,30706,35ace65,ckpt_sac_full_00049992,0,0,0,timeout,200,278.5334388289871,,,-1,0,30.0,0.45,20.0,1.0,25,1,200,0.002,100,10.0,1.0,0,181,0,0.905,0.3418700857690144,-0.2548121798712974,-1.3471647143314878,0.0255785448503178,0.0368629440318472,0.0382943503111435,1.463513019381852,0.9537517546196722,0.3414836521890332,0.6015135620301322,0.975640675153546,1.016435422643632,1.085793528802632,-5.182484405212254
707,30707,30707,30707,35ace65,ckpt_sac_full_00049992,0,0,0,timeout,200,159.5051263412497,,,-1,1,30.0,0.45,20.0,1.0,25,1,200,0.002,100,10.0,1.0,0,183,0,0.915,0.3390795229536799,-0.1749766041664748,2.808546993427165,0.0207860105865301,0.0367319090204313,0.0551166084671211,0.9711847444157288,0.985200222760802,0.3610750520144713,0.3004427915754664,1.0820448374836682,1.0733649793823807,1.0326679148470492,-9.56519879047637
708,30708,30708,30708,35ace65,ckpt_sac_full_00049992,0,0,0,timeout,200,168.09155270478138,,,-1,1,30.0,0.45,20.0,1.0,25,1,200,0.002,100,10.0,1.0,0,190,0,0.95,0.3077095599570648,-0.3345336855714932,-0.4707840501432088,0.0246417250284442,0.0329550401507655,0.0898833224913479,1.7652241156532442,1.05549802612576,0.3043685395383032,0.2216900000516858,0.98478989122296,1.0037390034091975,1.0946959959615512,-18.667569933386847
709,30709,30709,30709,35ace65,ckpt_sac_full_00049992,0,0,0,timeout,200,361.025180581224,,,-1,1,30.0,0.45,20.0,1.0,25,1,200,0.002,100,10.0,1.0,0,178,0,0.89,0.3873150401473567,-0.4472721838020327,1.563971503017977,0.0273943479188436,0.0360124385451621,0.0516743182549002,1.1743840952667064,0.8890464532995942,0.3032588279197191,0.6285206766526922,1.05533439739215,1.0245228610219226,0.9658271968896724,-11.28806950708088
710,30710,30710,30710,35ace65,ckpt_sac_full_00049992,0,0,0,timeout,200,236.37394113001403,,,-1,1,30.0,0.45,20.0,1.0,25,1,200,0.002,100,10.0,1.0,0,187,0,0.935,0.3613192964086825,-0.1894224909396943,-2.715346789104217,0.0272434835880868,0.0325404953145165,0.1104575568206422,1.6189508509949686,1.235168312044438,0.3633958909084186,0.4751474430434104,0.9787874567087976,0.9948746112382232,1.037471359820426,-5.974377626913872
711,30711,30711,30711,35ace65,ckpt_sac_full_00049992,0,0,0,timeout,200,321.054497506054,,,-1,0,30.0,0.45,20.0,1.0,25,1,200,0.002,100,10.0,1.0,0,189,0,0.945,0.3705432840047368,-0.4364053129796728,-1.0117908580798534,0.0273279919963519,0.0369781925201486,0.0990475488231039,1.3723960467413512,0.8710797413780892,0.3420140152774751,0.4947542432267345,1.005639497239687,1.0462835486325743,1.1036208047046374,-11.931419236513458
712,30712,30712,30712,35ace65,ckpt_sac_full_00049992,0,0,0,timeout,200,206.947965432288,,,-1,1,30.0,0.45,20.0,1.0,25,1,200,0.002,100,10.0,1.0,0,168,0,0.84,0.3669062745038167,-0.1841265043595324,0.9387389983949888,0.0216668368749425,0.0324663998220015,0.1117932908252681,1.495189752007836,0.7438692209591923,0.3642471136496872,0.378012862848711,0.982045759662838,1.0914791548295897,0.8774795540775163,-11.121984094173364
713,30713,30713,30713,35ace65,ckpt_sac_full_00049992,0,0,0,timeout,200,319.43181341919706,,,-1,1,30.0,0.45,20.0,1.0,25,1,200,0.002,100,10.0,1.0,0,174,0,0.87,0.3487381233153324,-0.7042613837977231,-2.1328333229338785,0.0238586069426691,0.0312127934909286,0.0330212270556301,1.7205711068558212,0.7124361751182765,0.3883108557114307,0.1862372279791662,1.0325918393410622,1.1067196842774545,0.8599396677593292,-9.1878489527376
714,30714,30714,30714,35ace65,ckpt_sac_full_00049992,0,1,0,timeout,200,477.6032817522345,,,-1,1,30.0,0.45,20.0,1.0,25,1,200,0.002,100,10.0,1.0,0,162,0,0.81,0.3717527904876866,-0.6800196914886234,-0.3644033857641666,0.0243659307722477,0.0365221862749391,0.0428271089085055,1.6478966630063234,1.3987320452385985,0.3614914836458692,0.6862007412422746,1.030776806627736,0.9957300484976532,1.0492916825968837,21.116030484797317
715,30715,30715,30715,35ace65,ckpt_sac_full_00049992,0,0,0,timeout,200,380.7049373989268,,,-1,1,30.0,0.45,20.0,1.0,25,1,200,0.002,100,10.0,1.0,0,178,0,0.89,0.3622311372439852,-0.4265991767920233,-0.8303383047417818,0.0206405079569184,0.0387422197874024,0.0851354386291512,0.8286484686522562,1.3821354451642636,0.3492264552559092,0.7041536093628233,1.0827166052248407,1.0014388303915276,0.9921024371592798,-21.50443045325869
716,30716,30716,30716,35ace65,ckpt_sac_full_00049992,0,0,0,timeout,200,361.6984196040264,,,-1,1,30.0,0.45,20.0,1.0,25,1,200,0.002,100,10.0,1.0,0,191,0,0.955,0.3273283326698631,-0.5103372901301936,-2.6751479487214835,0.0213165738269584,0.0302385209911727,0.0914462020634638,1.0104260797797244,0.7736860072275644,0.3856150527210601,0.5423689120118128,1.0539900113224625,0.9370988646477558,1.021104679231684,-19.99672558590036
717,30717,30717,30717,35ace65,ckpt_sac_full_00049992,0,0,0,timeout,200,424.1815851790112,,,-1,1,30.0,0.45,20.0,1.0,25,1,200,0.002,100,10.0,1.0,0,179,0,0.895,0.3767296516378654,-0.6533223729581054,-2.915482855106444,0.0259308300270865,0.0381621594322483,0.0387516867412186,0.8686324149402066,0.8978997775418733,0.3724122113313736,0.5528646501559075,0.9995540275387208,1.0176544464420771,1.087952000061065,-18.304403423373945
718,30718,30718,30718,35ace65,ckpt_sac_full_00049992,0,0,0,timeout,200,316.3608502672165,,,-1,1,30.0,0.45,20.0,1.0,25,1,200,0.002,100,10.0,1.0,0,181,0,0.905,0.327566259649609,-0.5793518314080163,1.2425217485487066,0.0236553471106827,0.0306594201801348,0.0754131426883654,1.4602113000799144,0.6099318080282335,0.3072292693333671,0.4622017602122256,0.995707273550423,0.9932392300359444,1.133325314608177,-25.797109496855057
719,30719,30719,30719,35ace65,ckpt_sac_full_00049992,0,0,0,timeout,200,396.2300631507064,,,-1,1,30.0,0.45,20.0,1.0,25,1,200,0.002,100,10.0,1.0,0,175,0,0.875,0.3227774921600175,-0.6703478768541875,2.7350628090230824,0.0236136720953876,0.030919963597459,0.0628124393038929,0.9617200003044348,1.267076598363521,0.3453350869211165,0.7087108875263262,0.9867593017062776,1.0660124240992397,1.3454250478239225,-2.853927818493222
720,30720,30720,30720,35ace65,ckpt_sac_full_00049992,0,0,0,timeout,200,364.0839154297396,,,-1,1,30.0,0.45,20.0,1.0,25,1,200,0.002,100,10.0,1.0,0,181,0,0.905,0.3408870446595779,-0.6156121579860439,1.7713158693843605,0.024060881767345,0.0305900020447799,0.1063624973739248,1.199275778927981,1.0925171987291429,0.3557135696424798,0.4835371061526101,0.9672900383608763,1.0393368725688965,1.0789479985158992,-23.24141708303768
721,30721,30721,30721,35ace65,ckpt_sac_full_00049992,0,0,0,timeout,200,300.8425715950009,,,-1,1,30.0,0.45,20.0,1.0,25,1,200,0.002,100,10.0,1.0,0,181,0,0.905,0.3690656069519741,-0.4770559277206562,-0.2605672133088919,0.0260004778352256,0.0365144165647575,0.0450478556414787,1.4268524430041531,0.9943604847495472,0.3366237712909781,0.3985170335525964,1.089598353740313,0.9969302671309268,0.9723475003200616,-23.62426812779321
722,30722,30722,30722,35ace65,ckpt_sac_full_00049992,0,0,0,timeout,200,233.9243134208293,,,-1,1,30.0,0.45,20.0,1.0,25,1,200,0.002,100,10.0,1.0,0,189,0,0.945,0.3085719865581496,-0.3950371954191315,-1.432423361997195,0.022404835098672,0.0360450491451753,0.0797304344767085,1.7903989991891482,1.0414765847461478,0.3428943147086635,0.3312168937379384,1.1577339719426167,1.1183176605758425,1.0380333335606624,-24.47279103357172
723,30723,30723,30723,35ace65,ckpt_sac_full_00049992,0,0,0,timeout,200,429.970522646822,,,-1,1,30.0,0.45,20.0,1.0,25,1,200,0.002,100,10.0,1.0,0,157,0,0.785,0.3194261400654452,-0.6090133770052835,1.4534049189742095,0.0225505122952706,0.0321729461792908,0.0644849622348114,1.843153434492544,0.7595022112293943,0.3834971937901296,0.6965342976726749,0.9563604649387772,1.1160746962201942,0.920751969123758,-9.743193939381246
724,30724,30724,30724,35ace65,ckpt_sac_full_00049992,0,0,0,timeout,200,261.89697452587967,,,-1,1,30.0,0.45,20.0,1.0,25,1,200,0.002,100,10.0,1.0,0,186,0,0.93,0.3771586806750028,-0.5298543018356007,-2.9013798918746323,0.0226299859651795,0.0348650798674813,0.0408453990758581,0.998867086123312,1.1556626274490485,0.3419418200322982,0.2094818793068343,0.9680357262933847,0.926440313920292,1.0741493369846076,-15.238053777051796
725,30725,30725,30725,35ace65,ckpt_sac_full_00049992,0,0,0,timeout,200,208.92611784602653,,,-1,1,30.0,0.45,20.0,1.0,25,1,200,0.002,100,10.0,1.0,0,191,0,0.955,0.3509787413169761,-0.2271579331595107,0.2433898756689712,0.0209119347843051,0.0307018530044578,0.0967634861529593,1.7077695260394112,1.3522734988962344,0.3857420757215645,0.3402272414784423,1.0733182309663252,0.9400876694820756,1.0708852170721883,-36.591601974864965
726,30726,30726,30726,35ace65,ckpt_sac_full_00049992,0,0,0,timeout,200,258.6531513017685,,,-1,0,30.0,0.45,20.0,1.0,25,1,200,0.002,100,10.0,1.0,0,186,0,0.93,0.325945440274638,-0.564934918065397,-2.251878485826486,0.0257057854669968,0.0347100013190881,0.106470774603327,1.7146531641353957,0.7963138130716414,0.3147509498249475,0.2634063837967128,1.086420161166917,1.0453917391595198,1.1750862305490912,-17.35306182031952
727,30727,30727,30727,35ace65,ckpt_sac_full_00049992,0,0,0,timeout,200,304.7778233633899,,,-1,1,30.0,0.45,20.0,1.0,25,1,200,0.002,100,10.0,1.0,0,187,0,0.935,0.3081960838264652,-0.5707551199831553,-2.0653680759643773,0.0210290652090008,0.0342231495037366,0.079053055143427,1.1186454026344388,1.062608707375844,0.3111189162334148,0.4581653295849844,1.021179141729288,1.1342309900655343,1.0698909833462595,-13.80394110474607
728,30728,30728,30728,35ace65,ckpt_sac_full_00049992,0,0,0,timeout,200,373.8749989800688,,,-1,1,30.0,0.45,20.0,1.0,25,1,200,0.002,100,10.0,1.0,0,170,0,0.85,0.3194352794539832,-0.6312828954446575,2.591290864348763,0.0243006373159444,0.0309068849571013,0.091797268392088,1.1601059676970338,1.388534953175468,0.3094646292432069,0.6415864230929559,1.0525459558077943,1.0589237143201444,1.1586915313979982,-6.922724423046985
729,30729,30729,30729,35ace65,ckpt_sac_full_00049992,0,0,0,timeout,200,235.303181282453,,,-1,1,30.0,0.45,20.0,1.0,25,1,200,0.002,100,10.0,1.0,0,189,0,0.945,0.3422543687842793,-0.527875816581624,-2.726035103407375,0.0237559786216191,0.0332735537687919,0.0465911410523566,1.4372203134946924,1.2268121210967955,0.3296011328937924,0.1869022289264945,1.0702164356118236,1.0344414294503963,0.9951650843984086,-6.797103160990126
730,30730,30730,30730,35ace65,ckpt_sac_full_00049992,0,1,0,unsafe,56,269.1911018322764,,,-1,1,30.0,0.45,20.0,1.0,25,1,200,0.002,100,10.0,1.0,0,32,0,0.5714285714285714,0.3049417929670885,-0.378432285837111,-2.8366676777593214,0.0242041129744657,0.0299791082857934,0.1171890581302633,1.2160136557496404,1.254129133573214,0.3006920505828538,0.5423357475071733,1.0696585223231143,1.0810344279982622,1.1582488181451456,-45.37403441146956
731,30731,30731,30731,35ace65,ckpt_sac_full_00049992,0,0,0,timeout,200,270.5617230237088,,,-1,1,30.0,0.45,20.0,1.0,25,1,200,0.002,100,10.0,1.0,0,179,0,0.895,0.3249707693085497,-0.2253771634142937,2.814026116738086,0.0257479959781867,0.0335820913651856,0.046217949806322,0.9317275592304184,1.121179729160778,0.3387251495094149,0.613374721489947,1.046147903401078,0.941439778781718,0.957348166689818,-13.750577172542952
732,30732,30732,30732,35ace65,ckpt_sac_full_00049992,0,0,0,timeout,200,405.0947246948317,,,-1,1,30.0,0.45,20.0,1.0,25,1,200,0.002,100,10.0,1.0,0,160,0,0.8,0.3857785468072211,-0.5373110308820853,1.3160153294171693,0.026825266897291,0.0304903542745825,0.0316585850435374,0.870338709138443,1.1130401541927908,0.3403928983884686,0.6403776623922961,1.0444691364194345,1.0442030396674675,1.163777569850471,-6.757489991899811
733,30733,30733,30733,35ace65,ckpt_sac_full_00049992,0,0,0,timeout,200,272.884966594778,,,-1,1,30.0,0.45,20.0,1.0,25,1,200,0.002,100,10.0,1.0,0,196,0,0.98,0.3082748075489341,-0.2329370302625437,-1.3697510966425543,0.0235382151836542,0.0381838637810732,0.0834419743570297,1.4124911180659985,0.612271924977769,0.3558879130792414,0.6024984301002365,0.9734945349294412,1.004966227131153,1.0317859797319495,-19.270606669361552
734,30734,30734,30734,35ace65,ckpt_sac_full_00049992,0,1,0,timeout,200,427.89250791973785,,,-1,1,30.0,0.45,20.0,1.0,25,1,200,0.002,100,10.0,1.0,0,170,0,0.85,0.3872840481636816,-0.6694411334895563,-1.8286036892835928,0.0254020051079261,0.0370023082529616,0.0881679972026411,1.2547069332522771,0.6029107279574111,0.3249869382410253,0.6434854875110387,1.0155243859989356,1.032664223204477,1.0060137719132003,21.066575727018936
735,30735,30735,30735,35ace65,ckpt_sac_full_00049992,0,0,0,timeout,200,387.44511940505765,,,-1,1,30.0,0.45,20.0,1.0,25,1,200,0.002,100,10.0,1.0,0,192,0,0.96,0.3322218749498917,-0.716591259394921,1.8675513017859204,0.0214148970333641,0.039923708752918,0.0472880789582379,1.1045546675735936,0.6835879561349714,0.3235915344686398,0.5481614176901088,1.049221192094589,1.015289871044174,1.1038959893057767,-14.754899399487318
736,30736,30736,30736,35ace65,ckpt_sac_full_00049992,0,0,0,timeout,200,276.8042741300958,,,-1,1,30.0,0.45,20.0,1.0,25,1,200,0.002,100,10.0,1.0,0,186,0,0.93,0.3117138115499684,-0.6326488795368297,-2.7086763074185223,0.0275401671215139,0.040104924919981,0.050036525400804,1.0836926777868956,1.3809586208402125,0.3137102163614498,0.2843045528346318,1.0251921738024958,0.9499166939763471,1.0071681976678457,-25.442054414045668
737,30737,30737,30737,35ace65,ckpt_sac_full_00049992,0,0,0,timeout,200,313.7569364805132,,,-1,1,30.0,0.45,20.0,1.0,25,1,200,0.002,100,10.0,1.0,0,190,0,0.95,0.3725243806866816,-0.70635697339408,-2.832804753297364,0.0220421058876913,0.0315598160460988,0.0385026557377007,1.5243763993938635,0.6108969888624174,0.3539095786219636,0.18730195340072,1.0601984796936794,1.0358319377276504,1.087335834802705,-5.631405522104975
738,30738,30738,30738,35ace65,ckpt_sac_full_00049992,0,0,0,timeout,200,193.90707903821027,,,-1,1,30.0,0.45,20.0,1.0,25,1,200,0.002,100,10.0,1.0,0,189,0,0.945,0.3854385774098349,-0.3314771977613448,0.8913787891869003,0.024082018777132,0.036360430909294,0.1072737228352395,1.6338091419695628,0.9961523368084968,0.3603745347568123,0.1914203041690422,0.9149567754574086,0.9970349409176588,1.0288837868093226,-2.3861567702752557
739,30739,30739,30739,35ace65,ckpt_sac_full_00049992,0,0,0,timeout,200,211.5474777974819,,,-1,1,30.0,0.45,20.0,1.0,25,1,200,0.002,100,10.0,1.0,0,195,0,0.975,0.3092369024279595,-0.4433693599325156,-2.5988128415224447,0.0237389056173693,0.0315186155809345,0.0972919322114717,1.4780324407094554,1.034187093559026,0.3258298666406168,0.2339677459529868,0.9949527310320524,1.0322288126045276,1.1194394669540988,-21.355220442848815
740,30740,30740,30740,35ace65,ckpt_sac_full_00049992,0,0,0,timeout,200,332.76559558178667,,,-1,0,30.0,0.45,20.0,1.0,25,1,200,0.002,100,10.0,1.0,0,176,0,0.88,0.3834312409491248,-0.494114132494626,1.8424297540788224,0.0275794001152293,0.0337145282803468,0.0950158444148943,1.0923009138305255,1.3945663242110036,0.3492861220686918,0.4038411031826193,1.0645686096295215,1.053684488609899,1.1687124723680142,-1.430778080305244
741,30741,30741,30741,35ace65,ckpt_sac_full_00049992,0,0,0,timeout,200,222.69648061109532,,,-1,1,30.0,0.45,20.0,1.0,25,1,200,0.002,100,10.0,1.0,0,185,0,0.925,0.388335468995691,-0.298759985467587,-1.427361530594597,0.0210246991722765,0.0337303848529786,0.0910271618824738,1.6025694178673016,1.0341171457509917,0.3456602627265815,0.2897558421740642,0.9783706388577258,0.9739016387029544,1.1378041629320987,-2.816303003755788
742,30742,30742,30742,35ace65,ckpt_sac_full_00049992,0,0,0,timeout,200,312.31206950077626,,,-1,1,30.0,0.45,20.0,1.0,25,1,200,0.002,100,10.0,1.0,0,186,0,0.93,0.3064990156820667,-0.6471784652005532,-1.1099442466012222,0.0263415352922223,0.0321694031407031,0.0465906771488873,1.522800430256824,1.0429534587777058,0.3131602202887441,0.4091128295549556,1.0023491923200485,0.9573076958678192,0.7833725456277939,-7.3538876300838
743,30743,30743,30743,35ace65,ckpt_sac_full_00049992,0,0,0,timeout,200,326.7554467967976,,,-1,1,30.0,0.45,20.0,1.0,25,1,200,0.002,100,10.0,1.0,0,183,0,0.915,0.3055959107747595,-0.6602357598748214,2.937722708170515,0.02320485433412,0.0333774997765089,0.0576639765587801,1.167302185977998,1.2779456542925296,0.3368646215702954,0.4027936770267308,1.0758899625381555,1.0224806228318497,1.1871705414523652,-13.298663100838205
744,30744,30744,30744,35ace65,ckpt_sac_full_00049992,0,0,0,timeout,200,362.1912752759727,,,-1,0,30.0,0.45,20.0,1.0,25,1,200,0.002,100,10.0,1.0,0,181,0,0.905,0.3510887432622079,-0.6461355675878138,0.9912772874980896,0.0257595968033901,0.0368077627212823,0.0777007338579677,0.8268464634140114,0.6579920962918271,0.3085840040038987,0.5078382561788777,1.0179075586020627,0.935101327795244,1.1250399612657889,-9.50589370020587
745,30745,30745,30745,35ace65,ckpt_sac_full_00049992,0,0,0,timeout,200,335.2672619989298,,,-1,0,30.0,0.45,20.0,1.0,25,1,200,0.002,100,10.0,1.0,0,170,0,0.85,0.3773594263986173,-0.5730814394338604,0.4151725121480272,0.0232214603322629,0.0360436456814763,0.0835761103410142,1.234542302431621,1.217618927968128,0.3285761245247937,0.407060378582389,1.011085565915421,1.031531255375629,1.1778114768695065,-13.47181064871994
746,30746,30746,30746,35ace65,ckpt_sac_full_00049992,0,0,0,timeout,200,247.1415824172679,,,-1,1,30.0,0.45,20.0,1.0,25,1,200,0.002,100,10.0,1.0,0,182,0,0.91,0.3286638704442937,-0.2674658315369179,2.870147979043792,0.0260647732201791,0.0345387712020246,0.1150805147216054,1.958380835118421,1.3065613886971563,0.3315281305350597,0.5876809409733345,1.0028285147967584,1.0571568441281725,0.9616971792482792,-0.4824210458661983
747,30747,30747,30747,35ace65,ckpt_sac_full_00049992,0,0,0,timeout,200,337.06586478696704,,,-1,1,30.0,0.45,20.0,1.0,25,1,200,0.002,100,10.0,1.0,0,181,0,0.905,0.3762393975131322,-0.414459040745757,0.1810544810677834,0.0236831638979264,0.0348751255450412,0.0883869047386353,1.4834989809954473,0.7950051240924795,0.3089885328491927,0.5967542780586814,1.0170111904293573,1.095920632105053,0.9143674188299984,-14.847360302853138
748,30748,30748,30748,35ace65,ckpt_sac_full_00049992,0,0,0,timeout,200,289.7754423646292,,,-1,1,30.0,0.45,20.0,1.0,25,1,200,0.002,100,10.0,1.0,0,183,0,0.915,0.3343967496967772,-0.2505032212185369,3.014915402004089,0.0233083168436978,0.0400496665914941,0.0917405867415291,1.5166729449602068,0.6916394568434924,0.3760034948661866,0.6758561778640161,0.9413041961112176,1.0307722152666847,1.0948609603088415,-2.2481324206128743
749,30749,30749,30749,35ace65,ckpt_sac_full_00049992,0,0,0,timeout,200,218.74142561498056,,,-1,1,30.0,0.45,20.0,1.0,25,1,200,0.002,100,10.0,1.0,95,189,0,0.945,0.3786894267777654,-0.170824804926307,-1.6984698502423707,0.0209356239876748,0.0357062498850985,0.0749892015148832,1.993112423441433,0.7429925363178549,0.3701868194829254,0.4348039622207266,1.0532756053967247,0.9676824255689532,1.0465645166636492,-77.9732163403275
750,30750,30750,30750,35ace65,ckpt_sac_full_00049992,0,0,0,timeout,200,375.21552668727867,,,-1,1,30.0,0.45,20.0,1.0,25,1,200,0.002,100,10.0,1.0,0,184,0,0.92,0.3636061170609732,-0.3626242138587898,3.1009396133208726,0.0206755723727925,0.0359378218708952,0.0762217746933963,1.6567621429836987,1.336921526242311,0.37657589389008,0.6999311500791991,1.0340749296954264,1.0101920165864675,0.9661013803215484,-13.149585626670111
751,30751,30751,30751,35ace65,ckpt_sac_full_00049992,0,0,0,timeout,200,355.7290716096764,,,-1,1,30.0,0.45,20.0,1.0,25,1,200,0.002,100,10.0,1.0,0,190,0,0.95,0.329130603620873,-0.4539673739366101,0.6348403283879547,0.0220602464634635,0.0335882305013121,0.1171399456831037,1.6416519740570066,1.057888043266307,0.3777986754724622,0.693245963664142,0.9739715152326556,1.1039991428744675,0.8858881043121989,-5.295483490196303
752,30752,30752,30752,35ace65,ckpt_sac_full_00049992,0,0,0,timeout,200,286.05073424980685,,,-1,0,30.0,0.45,20.0,1.0,25,1,200,0.002,100,10.0,1.0,0,189,0,0.945,0.3469779710723967,-0.4765231033688386,-2.722513315344248,0.0244975942066091,0.0373066941774147,0.1058092256097743,1.3720171468031226,1.2726459148045577,0.3608345656971302,0.3538392788296219,1.0107980166662935,0.930225851233612,1.1004008177512363,-36.56495031643362
753,30753,30753,30753,35ace65,ckpt_sac_full_00049992,0,0,0,timeout,200,208.216524882209,,,-1,0,30.0,0.45,20.0,1.0,25,1,200,0.002,100,10.0,1.0,0,191,0,0.955,0.3430632394006222,-0.4262848863038116,-2.3849529086271466,0.0272816166754943,0.0387803470151801,0.0318734425804844,0.9115892184223664,0.7473398241604372,0.3129237422303904,0.2131588522029859,1.03615257735934,0.9907574659578736,1.17249173309091,-14.24600017528191
754,30754,30754,30754,35ace65,ckpt_sac_full_00049992,0,0,0,timeout,200,272.4151729214451,,,-1,1,30.0,0.45,20.0,1.0,25,1,200,0.002,100,10.0,1.0,0,185,0,0.925,0.3697908618054691,-0.5783891002517468,2.569578640279208,0.0249492555582751,0.0325492755252954,0.0752798803949741,1.4917978727015058,1.0640738874170783,0.3536103114486271,0.1925562599612234,1.09446859694394,1.0087313495434218,1.0894106871522378,-27.89879973096423
755,30755,30755,30755,35ace65,ckpt_sac_full_00049992,0,0,0,timeout,200,374.7688907114975,,,-1,1,30.0,0.45,20.0,1.0,25,1,200,0.002,100,10.0,1.0,0,192,0,0.96,0.3227554577784493,-0.7061981745755147,1.886957776125361,0.0256928049093802,0.0372639150687228,0.1190305170304178,1.4019203246815013,1.0499254702792262,0.3053233988564099,0.5713160507470968,1.053902468695966,0.8659888338881334,1.0163641371325571,-9.047159694343534
756,30756,30756,30756,35ace65,ckpt_sac_full_00049992,0,0,0,timeout,200,310.6838174155357,,,-1,1,30.0,0.45,20.0,1.0,25,1,200,0.002,100,10.0,1.0,0,180,0,0.9,0.3685201545468891,-0.5730312087342162,0.3470749058277054,0.0255560853986532,0.0317073563256049,0.0386520308422863,1.512257688067244,0.6744960198119242,0.3488835375988137,0.3221712034991087,1.0825866502231516,1.020858593250563,1.0180443057852375,-13.319435341835357
757,30757,30757,30757,35ace65,ckpt_sac_full_00049992,0,0,0,timeout,200,283.74165695681364,,,-1,1,30.0,0.45,20.0,1.0,25,1,200,0.002,100,10.0,1.0,0,185,0,0.925,0.3719189775980189,-0.3974997273709263,-2.1585787739917577,0.0258996409861363,0.0350351152311515,0.0529212135797226,1.6237656608228273,0.9357147428616132,0.3269196732598409,0.4293292843795092,0.9631802327924442,1.0739425694026852,1.1919214437091954,-8.932610305127751
758,30758,30758,30758,35ace65,ckpt_sac_full_00049992,0,0,0,timeout,200,246.3763516028486,,,-1,1,30.0,0.45,20.0,1.0,25,1,200,0.002,100,10.0,1.0,0,184,0,0.92,0.345009110944206,-0.5247876820307539,-1.8717298982199857,0.0213254276562906,0.0362233810447415,0.0598826656142142,0.8587710351945934,0.995705011686298,0.3455820160722648,0.2047814386530236,1.0619579799484125,0.9976821910848176,1.201018168155899,-3.922122904146007
759,30759,30759,30759,35ace65,ckpt_sac_full_00049992,0,0,0,timeout,200,410.9832059385637,,,-1,1,30.0,0.45,20.0,1.0,25,1,200,0.002,100,10.0,1.0,0,188,0,0.94,0.3204431023354104,-0.7223687084796772,-1.8836457708292675,0.0265598710227687,0.0339307577598743,0.11504078119586,0.8567867167104057,1.0899987711707984,0.3506835033028148,0.5930544798437611,1.080598574292985,1.040986002861471,1.0106573513365535,-12.400853950894025
760,30760,30760,30760,35ace65,ckpt_sac_full_00049992,0,0,0,timeout,200,341.4667125406708,,,-1,1,30.0,0.45,20.0,1.0,25,1,200,0.002,100,10.0,1.0,0,183,0,0.915,0.3152181618045469,-0.6108731731425843,1.0397676610824114,0.0219592981950673,0.0392244791574674,0.0703886001128863,0.9296673946417616,1.3246545606125293,0.3831165282392354,0.3936339496564036,1.0447301278705896,0.9627860776948802,1.066053249217609,-12.934940223286045
761,30761,30761,30761,35ace65,ckpt_sac_full_00049992,0,0,0,timeout,200,359.95011696831125,,,-1,1,30.0,0.45,20.0,1.0,25,1,200,0.002,100,10.0,1.0,0,182,0,0.91,0.3208506024730136,-0.581647665224315,0.6244241868337794,0.0244560847214725,0.0306724668070146,0.0381829852487087,0.8593737275398932,1.1236860522324632,0.3562398531837985,0.5351606050470765,0.9433708406031638,1.0820482228671613,1.1253247865322504,-11.021947665941822
762,30762,30762,30762,35ace65,ckpt_sac_full_00049992,0,0,0,timeout,200,401.3383466655862,,,-1,0,30.0,0.45,20.0,1.0,25,1,200,0.002,100,10.0,1.0,0,171,0,0.855,0.3764364740909123,-0.6916479055261495,-1.1454389459309344,0.0252672326566939,0.0396707178611552,0.0946925818536549,1.2208632456714694,1.387414473708989,0.3777958470422449,0.4331402644595247,1.08264311943861,0.9956411425657952,0.9887953662692126,-15.82291834642757
763,30763,30763,30763,35ace65,ckpt_sac_full_00049992,0,0,0,timeout,200,411.3163239152929,,,-1,1,30.0,0.45,20.0,1.0,25,1,200,0.002,100,10.0,1.0,0,154,0,0.77,0.3627680715029884,-0.54006708970518,1.4547490465911368,0.0238325215171003,0.0350263701291228,0.0937694855857397,1.177273984369283,0.8111965174616709,0.373855847782174,0.6443193856780605,1.0634620676553963,1.0281226923620366,0.8990599087040674,-12.496561004286969
764,30764,30764,30764,35ace65,ckpt_sac_full_00049992,0,0,0,timeout,200,337.31686833333754,,,-1,1,30.0,0.45,20.0,1.0,25,1,200,0.002,100,10.0,1.0,0,187,0,0.935,0.3841651121402051,-0.5746695139620092,-2.5136888918183837,0.0229644039438656,0.030633750960248,0.071514872607752,1.1128971550887328,0.6326607406829862,0.3558888309671146,0.3690814043912215,1.0160995556508114,1.05281115200545,1.0734540521708773,-25.38734405268788
765,30765,30765,30765,35ace65,ckpt_sac_full_00049992,0,0,0,timeout,200,278.0627063575281,,,-1,1,30.0,0.45,20.0,1.0,25,1,200,0.002,100,10.0,1.0,0,187,0,0.935,0.3715433577865766,-0.3128911623788281,2.435585695277036,0.0272688239395996,0.0299071373725515,0.0386169538551964,1.897504552387148,0.7165657399200643,0.3525685079982989,0.4737256632088407,0.9410699219596668,1.0027596789409576,0.9756956846696326,-14.22378140433482
766,30766,30766,30766,35ace65,ckpt_sac_full_00049992,0,0,0,timeout,200,291.4910379185601,,,-1,0,30.0,0.45,20.0,1.0,25,1,200,0.002,100,10.0,1.0,0,189,0,0.945,0.3102264307711813,-0.5396237206789621,2.154692126000084,0.0242270223675582,0.0397158357897158,0.096314701173321,1.9577352287074572,0.989914439590875,0.3670962475593055,0.3351710614838779,1.0618189173009127,1.0146428621910732,0.8881827785823102,-9.281217901364135
767,30767,30767,30767,35ace65,ckpt_sac_full_00049992,0,0,0,timeout,200,277.39541867682937,,,-1,1,30.0,0.45,20.0,1.0,25,1,200,0.002,100,10.0,1.0,0,167,0,0.835,0.3236447884273291,-0.2355236337255425,0.7701219972548583,0.025255931947288,0.0347885628932102,0.0325001325428525,1.2516408457405364,1.0437229553979812,0.357845307700728,0.6704831465289015,1.0595500374312037,0.9585841809888168,1.1706743967774909,-9.122048901313516
768,30768,30768,30768,35ace65,ckpt_sac_full_00049992,0,0,0,timeout,200,213.8792731646619,,,-1,1,30.0,0.45,20.0,1.0,25,1,200,0.002,100,10.0,1.0,0,192,0,0.96,0.3392555805667559,-0.4152723762194135,-1.2971588733364154,0.020686318473008,0.0369553706582022,0.0728747370501561,0.9563811028324898,0.9666098425403776,0.3039235665213147,0.2547936746945041,1.0167529364802992,1.132120895840307,1.2112602266902197,-13.552782095764517
769,30769,30769,30769,35ace65,ckpt_sac_full_00049992,0,0,0,timeout,200,274.6446037827577,,,-1,1,30.0,0.45,20.0,1.0,25,1,200,0.002,100,10.0,1.0,0,180,0,0.9,0.3440292847301023,-0.6266731940703365,2.0550996557302312,0.02555754594694,0.0349556234118474,0.0447253574640303,1.8117317021191583,0.749617120059569,0.3493362543622156,0.2150777039264494,1.0371222827137558,0.9851472943123964,1.1278788597444886,0.1272142195915076
770,30770,30770,30770,35ace65,ckpt_sac_full_00049992,0,0,0,timeout,200,435.8999605179217,,,-1,1,30.0,0.45,20.0,1.0,25,1,200,0.002,100,10.0,1.0,9,184,0,0.92,0.3562987290991765,-0.7057491710599914,-2.179542339602772,0.0265783195653918,0.0386035106869446,0.0578442467472774,1.7281536185331166,0.7122916950747147,0.3068898394226569,0.707160867738384,1.026693192192613,1.0709269560863672,1.1283071653326724,-8.393451562881246
771,30771,30771,30771,35ace65,ckpt_sac_full_00049992,0,0,0,timeout,200,272.8816346491324,,,-1,1,30.0,0.45,20.0,1.0,25,1,200,0.002,100,10.0,1.0,0,178,0,0.89,0.3238045662816095,-0.174353380286706,0.868365605172424,0.0264306969287967,0.0347713763754209,0.0310763914866843,1.6975426731770944,1.0355885457297307,0.3406229870009807,0.6706482150377192,1.137134890342285,1.04234369327899,1.169555903048977,-9.951843365216382
772,30772,30772,30772,35ace65,ckpt_sac_full_00049992,0,0,0,timeout,200,241.8048506949496,,,-1,1,30.0,0.45,20.0,1.0,25,1,200,0.002,100,10.0,1.0,0,193,0,0.965,0.3153328338704471,-0.3312370961892074,2.480153924613931,0.0245106727531257,0.0312364946692158,0.1104332110541773,1.8366906323791583,0.7040085601215571,0.3663343120864515,0.3789659005912771,1.0146487517509866,1.0720865253193004,0.9118453678919995,-26.110432272323425
773,30773,30773,30773,35ace65,ckpt_sac_full_00049992,0,0,0,timeout,200,214.7506293989925,,,-1,1,30.0,0.45,20.0,1.0,25,1,200,0.002,100,10.0,1.0,0,183,0,0.915,0.3444613375223981,-0.2120247723918907,-0.390739988887661,0.0255848539309663,0.0379377477502494,0.0681078295389187,1.135217134982145,0.7681349746971567,0.3134658967693038,0.4828017414228565,1.016109690830458,1.015154667392211,0.7655872362767892,-3.7845760459994353
774,30774,30774,30774,35ace65,ckpt_sac_full_00049992,0,0,0,timeout,200,274.7331288996574,,,-1,1,30.0,0.45,20.0,1.0,25,1,200,0.002,100,10.0,1.0,0,193,0,0.965,0.3234402721783292,-0.3700766824756599,-2.7718815891433386,0.0229026698865156,0.0353060904651675,0.0570163421467121,1.278653169701999,1.3636189194912574,0.3729025607969105,0.4291488296930024,1.055077590461511,1.0940476290072074,1.1432218805574543,-16.40709139503843
775,30775,30775,30775,35ace65,ckpt_sac_full_00049992,0,0,0,timeout,200,274.75012742549274,,,-1,1,30.0,0.45,20.0,1.0,25,1,200,0.002,100,10.0,1.0,0,193,0,0.965,0.3788038692353883,-0.2862397720080012,2.932177336410681,0.0244995173047547,0.0362368451400187,0.0685692593340479,1.0789419080669045,1.223315054258184,0.3265326015233181,0.5010909181754586,0.9984737750756876,0.9718565762586808,1.0364926907666714,-17.7652624860215
776,30776,30776,30776,35ace65,ckpt_sac_full_00049992,0,0,0,timeout,200,307.21561092467005,,,-1,1,30.0,0.45,20.0,1.0,25,1,200,0.002,100,10.0,1.0,0,191,0,0.955,0.3610050306007115,-0.5749147680039308,2.2221948730375827,0.0242834024953985,0.0352161281391857,0.1153314088043282,1.7370706780494023,0.9231202991781424,0.3220609043700131,0.3516720008126845,1.0513611511844425,1.069225172966994,1.2062672535305317,-71.8269649512591
777,30777,30777,30777,35ace65,ckpt_sac_full_00049992,0,0,0,timeout,200,200.40751952912632,,,-1,1,30.0,0.45,20.0,1.0,25,1,200,0.002,100,10.0,1.0,0,190,0,0.95,0.301122536160008,-0.2016626409685353,2.885796261021139,0.0271542880925216,0.0367620402749889,0.0502389416440293,1.5918093044463242,1.2273135734472769,0.3836780533610585,0.3421803013016858,1.0018387484607651,1.0602987841961988,1.0669909253890304,-10.87082440196681
778,30778,30778,30778,35ace65,ckpt_sac_full_00049992,0,0,0,timeout,200,294.20406675958645,,,-1,1,30.0,0.45,20.0,1.0,25,1,200,0.002,100,10.0,1.0,0,185,0,0.925,0.3066379790138815,-0.6309777116682123,1.395266714095297,0.0256923030569774,0.0304721854870615,0.1143722653019596,1.5944874642424156,1.225171313104819,0.3019890710351993,0.3779393323897613,1.0125973053221524,1.0428620016894503,1.0202480369420437,-12.341390956590176
779,30779,30779,30779,35ace65,ckpt_sac_full_00049992,0,0,0,timeout,200,261.12582895981456,,,-1,0,30.0,0.45,20.0,1.0,25,1,200,0.002,100,10.0,1.0,0,192,0,0.96,0.3232354601509086,-0.5184241673951843,3.1146109568134595,0.0266474236438431,0.0321351839235787,0.0699200711589253,1.2930316203512286,0.7122178874318179,0.3668359069019934,0.2464987541237018,1.077872789906251,0.999481323336549,1.2050136869977324,-25.17372550868184
780,30780,30780,30780,35ace65,ckpt_sac_full_00049992,0,0,0,timeout,200,301.9322164954337,,,-1,1,30.0,0.45,20.0,1.0,25,1,200,0.002,100,10.0,1.0,0,188,0,0.94,0.3191156721501881,-0.5766795811014602,-0.3024130256628208,0.0267179622662892,0.0329634779092914,0.0942539704513803,1.9015632803549245,0.819155544769554,0.3124163197613733,0.4204438089604994,1.0835797962027818,1.085503987820891,1.135948920552622,-9.536204423535796
781,30781,30781,30781,35ace65,ckpt_sac_full_00049992,0,0,0,timeout,200,347.64790533615763,,,-1,1,30.0,0.45,20.0,1.0,25,1,200,0.002,100,10.0,1.0,109,158,0,0.79,0.3485008640308341,-0.6437646925274111,-2.1866421133913327,0.0245043193459374,0.0397459634987433,0.1010906455990597,1.7893327371557264,0.7857039334046809,0.3228611646346239,0.4847798828203411,1.124823667837078,1.0385227396501608,1.066752686620094,-79.24390149753718
782,30782,30782,30782,35ace65,ckpt_sac_full_00049992,0,0,0,timeout,200,322.9764867416852,,,-1,1,30.0,0.45,20.0,1.0,25,1,200,0.002,100,10.0,1.0,0,174,0,0.87,0.3502695787423779,-0.4905368306269807,-1.324744730722211,0.0204117825169315,0.0353191284740402,0.0323451537716314,1.014604078766492,0.6745961818194047,0.36652544851886,0.4432825205685282,1.09120386898187,1.0000660086565525,1.0541015390091029,-28.764654085742585
783,30783,30783,30783,35ace65,ckpt_sac_full_00049992,0,0,0,timeout,200,390.17239105156193,,,-1,0,30.0,0.45,20.0,1.0,25,1,200,0.002,100,10.0,1.0,0,175,0,0.875,0.3596586432075094,-0.6714838414800184,0.8067959271810055,0.0251763115764597,0.0377297412417723,0.0837310498662798,1.0229542380781749,1.0096956702137616,0.3764620005619792,0.4418545361804288,1.0585746690555842,1.0702607644829851,1.014239497198821,-17.37968454301149
784,30784,30784,30784,35ace65,ckpt_sac_full_00049992,0,0,0,timeout,200,290.2698379914982,,,-1,1,30.0,0.45,20.0,1.0,25,1,200,0.002,100,10.0,1.0,0,183,0,0.915,0.3754997555352227,-0.5573328148932193,-0.8262074582660746,0.0207533234663974,0.0307903701917136,0.051347359775481,1.5775006968236769,1.1789501664331818,0.3735093514374444,0.2385340297800575,1.144621648417919,0.9694547112875574,0.9553933716419593,-11.402894415620004
785,30785,30785,30785,35ace65,ckpt_sac_full_00049992,0,0,0,timeout,200,392.5009917706103,,,-1,1,30.0,0.45,20.0,1.0,25,1,200,0.002,100,10.0,1.0,0,160,0,0.8,0.3867621830472322,-0.4378679029382755,0.0715770455866309,0.0245585376637261,0.0349327674622209,0.097107953387654,1.1860214934544984,0.7955147406435694,0.3187741211291076,0.7280885684049908,0.9547426101333089,1.0020696682515362,1.145281170662912,-10.05500552673786
786,30786,30786,30786,35ace65,ckpt_sac_full_00049992,0,0,0,timeout,200,313.7015092729255,,,-1,0,30.0,0.45,20.0,1.0,25,1,200,0.002,100,10.0,1.0,0,187,0,0.935,0.3252494578878344,-0.518458217987798,1.602893875333324,0.0265232509814355,0.0357104058076752,0.0794000145642429,1.1660790942026908,1.2708681026346291,0.3137492717554795,0.5078688327039078,1.0435383318962848,0.9953622887541446,0.9995908676180218,-24.18257518065709
787,30787,30787,30787,35ace65,ckpt_sac_full_00049992,0,1,0,timeout,200,285.33679250610845,,,-1,1,30.0,0.45,20.0,1.0,25,1,200,0.002,100,10.0,1.0,0,176,0,0.88,0.3228360611490706,-0.3589340482802429,0.4735233154434031,0.0218252399252657,0.0330594814662519,0.1172473577701135,1.9556289668040008,1.3407199550975906,0.3211428154514378,0.6446213237581709,1.0445966474389152,1.0551508632237618,1.1532496697537686,25.923521132318758
788,30788,30788,30788,35ace65,ckpt_sac_full_00049992,0,0,0,timeout,200,324.3907512144613,,,-1,0,30.0,0.45,20.0,1.0,25,1,200,0.002,100,10.0,1.0,0,175,0,0.875,0.3751718879639482,-0.3285672849840974,-2.92878143628548,0.0234846677045153,0.0400860271135173,0.1075797057753597,1.2184682212702205,1.3046904654252505,0.3624440259027485,0.5818679973353958,1.0052185460570056,1.0662038689729765,1.162537996768401,-6.523478694730634
789,30789,30789,30789,35ace65,ckpt_sac_full_00049992,0,0,0,timeout,200,366.72765601377415,,,-1,1,30.0,0.45,20.0,1.0,25,1,200,0.002,100,10.0,1.0,0,188,0,0.94,0.3841484997066586,-0.3500956829457541,1.5632420491255328,0.0213335783283846,0.0370975664728251,0.0653110113514026,1.1741791578388143,1.1142115030401127,0.3523340092304181,0.6893804177601859,1.0093849685265543,1.0527392441096548,1.0399306980145293,-15.285194050234573
790,30790,30790,30790,35ace65,ckpt_sac_full_00049992,0,0,0,timeout,200,372.7314961589853,,,-1,1,30.0,0.45,20.0,1.0,25,1,200,0.002,100,10.0,1.0,0,189,0,0.945,0.3686077933932484,-0.3732895039807316,2.9279469730620624,0.0247004486909313,0.0359678771368207,0.1151359379456809,1.3380365036141355,0.8979492445366625,0.3472434983138199,0.7206657568496392,1.0388376799541967,1.0833744155477132,1.0900254291221674,-14.268252737863929
791,30791,30791,30791,35ace65,ckpt_sac_full_00049992,0,0,0,timeout,200,318.672485329725,,,-1,1,30.0,0.45,20.0,1.0,25,1,200,0.002,100,10.0,1.0,0,183,0,0.915,0.3745970957932242,-0.7254189852818104,-2.512229240482785,0.0246179528478619,0.0315371313263293,0.0452951018804006,1.3153963959158754,1.3187636280173618,0.3123597403933824,0.221873455863405,1.0003427233769888,1.014434724223004,1.1238729826691578,-11.693724636915324
792,30792,30792,30792,35ace65,ckpt_sac_full_00049992,0,0,0,timeout,200,262.0238261322082,,,-1,1,30.0,0.45,20.0,1.0,25,1,200,0.002,100,10.0,1.0,0,181,0,0.905,0.387166310598809,-0.510474410256714,-2.187513439173787,0.0247852521590186,0.0324280147400897,0.0493081307585627,1.6943345383133717,1.280255571696563,0.3157363667919637,0.2272199218376216,1.0117173258949583,1.0438963431773385,1.0350811311250934,-4.240815114758008
793,30793,30793,30793,35ace65,ckpt_sac_full_00049992,0,0,0,timeout,200,339.1249750345044,,,-1,0,30.0,0.45,20.0,1.0,25,1,200,0.002,100,10.0,1.0,0,176,0,0.88,0.3610510957491675,-0.5409080921300405,3.043401310014767,0.0233237595843739,0.0355096884305163,0.0891323181875051,1.7239397143343265,1.3604463357972865,0.3436848038213253,0.4628472956664273,1.047400052093503,1.0613212407660202,1.1195478911935095,-3.8415960806207967
794,30794,30794,30794,35ace65,ckpt_sac_full_00049992,0,0,0,timeout,200,330.00918763526744,,,-1,0,30.0,0.45,20.0,1.0,25,1,200,0.002,100,10.0,1.0,0,154,0,0.77,0.3899864524149334,-0.7295453638352438,2.113844505786786,0.0228777277013172,0.0388206674256956,0.1073463733520306,0.8360408594178285,0.6678715426614721,0.3223850920516121,0.2164783690752747,1.0158931387418189,1.0662612154270203,1.1179242946373802,-13.76988776159928
795,30795,30795,30795,35ace65,ckpt_sac_full_00049992,0,0,0,timeout,200,364.6131246023552,,,-1,0,30.0,0.45,20.0,1.0,25,1,200,0.002,100,10.0,1.0,0,168,0,0.84,0.3271800474259113,-0.5493509982191153,-1.5316956312908887,0.0205738136136339,0.0366083647369734,0.0603229669490997,1.0110107424644397,1.396607164139215,0.3056491430570803,0.6760681953322931,0.9936238397800808,1.0629887596788472,1.1378351613478077,-8.044813628813849
796,30796,30796,30796,35ace65,ckpt_sac_full_00049992,0,0,0,timeout,200,284.6638741918687,,,-1,1,30.0,0.45,20.0,1.0,25,1,200,0.002,100,10.0,1.0,0,188,0,0.94,0.3820372373804552,-0.4125389489193223,2.669841066972064,0.0245263563147092,0.0346556038208701,0.0748990518118603,1.556072006699378,1.2361479534888278,0.3821959638215023,0.3509062981194591,1.1218207149812842,1.0640955467926918,0.9145048894583796,-22.17701999386456
797,30797,30797,30797,35ace65,ckpt_sac_full_00049992,0,0,0,timeout,200,432.6023793909785,,,-1,1,30.0,0.45,20.0,1.0,25,1,200,0.002,100,10.0,1.0,0,189,0,0.945,0.3405553740441508,-0.7224149468100942,1.2000694565157677,0.0248735581904836,0.0311769639575008,0.0339380870943712,1.737607473898426,0.6445538496501628,0.337752623762877,0.6608137902323062,1.0513493404487553,1.0515469933930857,1.1152711669267523,-9.13221429067805
798,30798,30798,30798,35ace65,ckpt_sac_full_00049992,0,0,0,timeout,200,326.0067674460497,,,-1,1,30.0,0.45,20.0,1.0,25,1,200,0.002,100,10.0,1.0,0,192,0,0.96,0.3520753065013097,-0.5548635034907419,-0.4807979775028528,0.0224243475387966,0.0311366507391732,0.1112839135596612,1.8574741009751343,1.0239742318035412,0.3887580362607616,0.3512118866215142,1.0959172077889467,0.9769319228193708,1.226895874389591,-11.44136570498043
799,30799,30799,30799,35ace65,ckpt_sac_full_00049992,0,0,0,timeout,200,247.78181127779,,,-1,1,30.0,0.45,20.0,1.0,25,1,200,0.002,100,10.0,1.0,0,186,0,0.93,0.3215262939957878,-0.3441670289141874,-0.6683738337817928,0.0211995220104403,0.0363246101545488,0.0784236156483741,1.3000226976383311,0.6728864041702817,0.3223931135647339,0.446138406904953,0.9957678116293792,1.037184970132281,0.9644125308533024,-18.032998975427475
800,30800,30800,30800,35ace65,ckpt_sac_full_00049992,0,0,0,timeout,200,421.30179499194367,,,-1,1,30.0,0.45,20.0,1.0,25,1,200,0.002,100,10.0,1.0,0,151,0,0.755,0.3863869026351377,-0.5257412737299982,1.4280474243248262,0.0265222717175594,0.0351996308342343,0.1061351609982927,1.595203939225356,1.3226775105854964,0.3265038581785603,0.7290384530263394,0.9751502642295476,0.9825558064585328,0.8749615181958933,-7.7145129501425584
801,30801,30801,30801,35ace65,ckpt_sac_full_00049992,0,0,0,timeout,200,267.2789160056448,,,-1,1,30.0,0.45,20.0,1.0,25,1,200,0.002,100,10.0,1.0,0,189,0,0.945,0.3504737247096874,-0.522072326730889,3.127227274325588,0.0258144330147863,0.0340486415176568,0.0403160245534085,1.3406678027675394,1.120344996683332,0.3246281246435373,0.2886443230562042,0.9974581528009216,0.9929186693119376,1.1046186155437114,-15.692167090308212
802,30802,30802,30802,35ace65,ckpt_sac_full_00049992,0,0,0,timeout,200,229.6915147559001,,,-1,1,30.0,0.45,20.0,1.0,25,1,200,0.002,100,10.0,1.0,0,184,0,0.92,0.3614672155807715,-0.3369027032009499,2.116946459542417,0.023532076269752,0.0324712089121424,0.0524730346266451,1.9613304154143036,1.1283445467598088,0.3136362576285657,0.3440494749977962,0.9947123298301532,1.079884876084703,1.066873504557181,1.2293372494306412
803,30803,30803,30803,35ace65,ckpt_sac_full_00049992,0,0,0,timeout,200,310.114613767239,,,-1,0,30.0,0.45,20.0,1.0,25,1,200,0.002,100,10.0,1.0,0,185,0,0.925,0.3379163733299034,-0.2914271376098581,-2.831149816269136,0.0212989311968723,0.0387377426981549,0.1110461222265259,1.369653311320095,0.73525679584328,0.3822405220464824,0.5909701189659263,0.9653028583534342,0.9982188043521092,1.5076747073862364,-17.919046265777617
804,30804,30804,30804,35ace65,ckpt_sac_full_00049992,0,0,0,timeout,200,247.15864197684107,,,-1,1,30.0,0.45,20.0,1.0,25,1,200,0.002,100,10.0,1.0,0,177,0,0.885,0.3263525413568027,-0.198599805797711,2.0408765728032776,0.023766608933401,0.0315289028459707,0.0751119948441996,1.1766433085522492,1.0712169457681031,0.3039126792897628,0.6044354016175428,1.0494768947272128,0.971717645235544,1.077332512317802,-20.58964365948876
805,30805,30805,30805,35ace65,ckpt_sac_full_00049992,0,0,0,timeout,200,257.8376395976795,,,-1,1,30.0,0.45,20.0,1.0,25,1,200,0.002,100,10.0,1.0,0,182,0,0.91,0.3717816573641903,-0.2844431880766712,-1.410593014302719,0.0233316513758519,0.0379701580858899,0.0556928359589574,1.6482554901366635,1.1476980508343446,0.3670066387726998,0.4285555311867152,1.0599318114331495,1.0072379088512833,1.0871507557904911,-5.793207250804746
806,30806,30806,30806,35ace65,ckpt_sac_full_00049992,0,0,0,timeout,200,257.86539655310827,,,-1,0,30.0,0.45,20.0,1.0,25,1,200,0.002,100,10.0,1.0,0,190,0,0.95,0.3135619671065301,-0.3577712445435193,0.8870263116997164,0.0266755069580297,0.0370585739813703,0.1065295696435754,1.833825157877004,1.1039065311180174,0.3804848592407691,0.3798911051552038,0.9638838890954056,0.9929616205572448,1.0999847923639046,-27.930945120646225
807,30807,30807,30807,35ace65,ckpt_sac_full_00049992,0,0,0,timeout,200,258.4338768772176,,,-1,1,30.0,0.45,20.0,1.0,25,1,200,0.002,100,10.0,1.0,0,193,0,0.965,0.3636575861401054,-0.3454976200481661,2.102423815064057,0.0265251974039401,0.0316423437292155,0.0312831089964318,1.462074826623999,0.6567147455962429,0.337048856933395,0.4063089389348353,1.0092833035009103,1.058961374740138,1.0384575262768052,-8.897210578615868
808,30808,30808,30808,35ace65,ckpt_sac_full_00049992,0,0,0,timeout,200,212.2279592925493,,,-1,1,30.0,0.45,20.0,1.0,25,1,200,0.002,100,10.0,1.0,0,191,0,0.955,0.3199843492972372,-0.3510849266744811,0.4105263334707691,0.0239131152851243,0.0313452681065896,0.0846480739813455,1.2497812685241203,1.256851255682882,0.3643359864670288,0.2667086225312592,0.9980420309317516,1.0070439561151645,1.0560830753494144,-16.329766023351528
809,30809,30809,30809,35ace65,ckpt_sac_full_00049992,0,0,0,timeout,200,383.59981345209553,,,-1,1,30.0,0.45,20.0,1.0,25,1,200,0.002,100,10.0,1.0,0,171,0,0.855,0.3327558838404927,-0.6150095315186267,1.7127459088775474,0.0250218552065934,0.0299018010601007,0.1099114787684882,1.414035890151107,0.7675301029190945,0.3148653557007841,0.6516887739955927,0.9609761660124888,0.9818487388616512,1.0986331573962294,-3.023741932992821
810,30810,30810,30810,35ace65,ckpt_sac_full_00049992,0,0,0,timeout,200,285.6679059230148,,,-1,1,30.0,0.45,20.0,1.0,25,1,200,0.002,100,10.0,1.0,0,178,0,0.89,0.3534193551166352,-0.4154726034933191,0.2424963657290453,0.0252661594035976,0.0378427098516394,0.0331491383994643,1.37100297013394,0.9870193815400184,0.371626030050559,0.3933929132921917,0.9910416049168445,1.038527785180848,0.9508995972986026,-11.545377065111564
811,30811,30811,30811,35ace65,ckpt_sac_full_00049992,0,0,0,timeout,200,228.5960075227691,,,-1,1,30.0,0.45,20.0,1.0,25,1,200,0.002,100,10.0,1.0,0,178,0,0.89,0.3770794800426418,-0.265027997013895,-1.897932670367084,0.0259744110356394,0.0342116972434501,0.0314576123785143,0.8172482017278081,0.9597276282721928,0.360795779558977,0.3634310021467601,1.0118103480891674,1.0623501381723328,1.0402804233707004,-9.456091606761358
812,30812,30812,30812,35ace65,ckpt_sac_full_00049992,0,0,0,timeout,200,393.32892822189024,,,-1,0,30.0,0.45,20.0,1.0,25,1,200,0.002,100,10.0,1.0,0,148,0,0.74,0.3680551531830877,-0.550064232246092,-2.8829184555746767,0.0222088390639784,0.0378192867911554,0.0976188264894901,1.4272786977552374,1.2496120953694834,0.3212220484667042,0.6618309607854937,1.101821969930595,1.0453902132013293,1.0398943412080888,-14.565532624367467
813,30813,30813,30813,35ace65,ckpt_sac_full_00049992,0,0,0,timeout,200,291.2925509151384,,,-1,0,30.0,0.45,20.0,1.0,25,1,200,0.002,100,10.0,1.0,0,186,0,0.93,0.389964210981621,-0.6068116361613605,1.5777991947806855,0.0236787175577554,0.0372299123631598,0.0651107769209513,1.9924934841985704,0.8434100151681861,0.3552568234199615,0.1919722837097862,1.0109458580534518,1.0576892090508714,1.062659988722919,-17.82750199979413
814,30814,30814,30814,35ace65,ckpt_sac_full_00049992,0,0,0,timeout,200,265.5531500188191,,,-1,1,30.0,0.45,20.0,1.0,25,1,200,0.002,100,10.0,1.0,0,194,0,0.97,0.386841519320461,-0.3380279453453133,0.7713687341563626,0.0229944768640126,0.0343602897382809,0.1145561976260624,1.120250517867137,0.8088121642495544,0.318155591884889,0.4105671853582465,1.0798274924390727,1.0632143976988222,1.0370352036666493,-19.480676699904198
815,30815,30815,30815,35ace65,ckpt_sac_full_00049992,0,0,0,timeout,200,371.0089452135904,,,-1,1,30.0,0.45,20.0,1.0,25,1,200,0.002,100,10.0,1.0,0,170,0,0.85,0.3011275356782019,-0.6937993877318914,1.5212820581086453,0.0264729423872845,0.0359975628229461,0.1125900699417396,1.210493380928691,0.8687034839550205,0.3434587716859775,0.5268075193898247,1.0722585213588351,1.1088826876647755,0.8972012867425052,-14.907455147377703
816,30816,30816,30816,35ace65,ckpt_sac_full_00049992,0,0,0,timeout,200,336.4571156938496,,,-1,1,30.0,0.45,20.0,1.0,25,1,200,0.002,100,10.0,1.0,0,170,0,0.85,0.3892563897845732,-0.5984638098240799,1.2041596466557063,0.0236284053288166,0.0346195552150142,0.0432708515872499,1.888256934845527,0.6107381485262328,0.3241415434804159,0.3680197024811465,1.106554147521997,1.109989394219346,1.038992919126713,-2.8712331279863648
817,30817,30817,30817,35ace65,ckpt_sac_full_00049992,0,0,0,timeout,200,276.3797129535816,,,-1,1,30.0,0.45,20.0,1.0,25,1,200,0.002,100,10.0,1.0,0,193,0,0.965,0.3172891677765723,-0.5349746874105403,2.7925789878100824,0.0269730099478374,0.0353629082490963,0.1106605866764823,1.7554951337240292,1.1935170969488256,0.3558236949444481,0.3040107633202055,1.0856310795706428,0.9824673195217928,0.9964963569377284,-19.07886649765129
818,30818,30818,30818,35ace65,ckpt_sac_full_00049992,0,0,0,timeout,200,249.3602504078273,,,-1,0,30.0,0.45,20.0,1.0,25,1,200,0.002,100,10.0,1.0,0,188,0,0.94,0.3628374789119455,-0.1857786165969167,1.3237478789203516,0.025261206579819,0.0389441005661304,0.0643749398954965,1.2238744483950843,0.6193068619572126,0.3118674431692934,0.5746656123260326,1.052871286532691,0.9872245127383552,1.0788741340462504,-7.029309273884307
819,30819,30819,30819,35ace65,ckpt_sac_full_00049992,0,0,0,timeout,200,236.0287360074967,,,-1,1,30.0,0.45,20.0,1.0,25,1,200,0.002,100,10.0,1.0,0,179,0,0.895,0.366618884412426,-0.3091495692252943,2.0798423990872204,0.0235555762346671,0.0300931153077025,0.0656014123580697,1.967761347365336,1.0294895445833665,0.3116394362620193,0.4400639725631478,1.087769377194009,1.0246634284968112,0.952091207396537,-20.9146436151372
820,30820,30820,30820,35ace65,ckpt_sac_full_00049992,0,0,0,timeout,200,270.90859669747414,,,-1,1,30.0,0.45,20.0,1.0,25,1,200,0.002,100,10.0,1.0,0,194,0,0.97,0.3390682726160899,-0.3200006228276218,3.0646836659788628,0.0256417306337177,0.0370298202468961,0.0579993783278946,1.54246058001258,1.3489097449156175,0.3165304663960679,0.5295194710943436,1.052421899427918,1.1000415978051212,1.0190261733455035,-21.40837984033657
821,30821,30821,30821,35ace65,ckpt_sac_full_00049992,0,0,0,timeout,200,236.25683629896744,,,-1,1,30.0,0.45,20.0,1.0,25,1,200,0.002,100,10.0,1.0,0,194,0,0.97,0.3475940417192901,-0.5230241572117097,0.0902546769720813,0.0223344284976361,0.0302864914292767,0.0722548464142071,1.5052227889200522,1.1945568090979042,0.3053005207257493,0.2065295664218855,1.0718249480273072,1.0225831283050266,1.0549321372718845,-64.13057462157009
822,30822,30822,30822,35ace65,ckpt_sac_full_00049992,0,0,0,timeout,200,204.28807539271637,,,-1,1,30.0,0.45,20.0,1.0,25,1,200,0.002,100,10.0,1.0,0,193,0,0.965,0.3897391844636368,-0.3004888310011485,0.8057192066610019,0.0255422226392983,0.0371765452645344,0.0700444661710829,1.5807218738055728,0.9767029531133716,0.3174193161492751,0.2500202290935983,1.025978667897912,1.0410401214294696,1.0705135934605785,-9.793674369665151
823,30823,30823,30823,35ace65,ckpt_sac_full_00049992,0,0,0,timeout,200,191.8616935952637,,,-1,1,30.0,0.45,20.0,1.0,25,1,200,0.002,100,10.0,1.0,14,188,0,0.94,0.3683635052437827,-0.2011711491129674,-2.929860260627265,0.0249677761041273,0.0392100611030506,0.0805981333540909,1.3869776690144875,0.9210067343400627,0.3466130968326172,0.4065321138800635,1.1041538072826664,1.0354200246669791,1.158307801447303,-16.217783253318284
824,30824,30824,30824,35ace65,ckpt_sac_full_00049992,0,0,0,timeout,200,230.5453010274049,,,-1,1,30.0,0.45,20.0,1.0,25,1,200,0.002,100,10.0,1.0,0,191,0,0.955,0.3845367774842469,-0.4458200000517619,0.935348799016869,0.0214603193110835,0.0369586437882977,0.0375387279047766,1.594481476415635,1.1963082738655682,0.3163253439387833,0.1960794919512181,1.0372566704302124,0.987011890275974,0.9129706275217152,-6.877060472737438
825,30825,30825,30825,35ace65,ckpt_sac_full_00049992,0,0,0,unsafe,45,253.8728084894649,,,-1,1,30.0,0.45,20.0,1.0,25,1,200,0.002,100,10.0,1.0,0,34,0,0.7555555555555555,0.3235646148237413,-0.2506922430529364,1.735874532752729,0.0208086884904351,0.038590678281821,0.0475577659151707,1.4547369235809993,1.388725571483626,0.3059202099252111,0.579072471919855,1.1058428695030458,0.9924613160901612,1.0323332203898417,-44.756145485900326
826,30826,30826,30826,35ace65,ckpt_sac_full_00049992,0,0,0,timeout,200,193.44811556289395,,,-1,1,30.0,0.45,20.0,1.0,25,1,200,0.002,100,10.0,1.0,0,189,0,0.945,0.314225715587881,-0.3353717763351195,-1.396798142054712,0.0209143153984948,0.0320259717142792,0.0786811653973309,1.5681048118355163,0.758631195111197,0.3172000887618439,0.2872963370572961,1.0016742916157746,0.9910509064583805,0.9657044420053592,-14.418918920831697
827,30827,30827,30827,35ace65,ckpt_sac_full_00049992,0,0,0,timeout,200,459.781454101004,,,-1,0,30.0,0.45,20.0,1.0,25,1,200,0.002,100,10.0,1.0,0,158,0,0.79,0.3808139698921092,-0.6802947624554208,2.524429206741705,0.0236407789791126,0.03637724616595,0.0580987325089481,1.8000307918226175,0.6470725806383001,0.3765139639599928,0.6246168560384296,1.0184660573269535,0.9722339380620596,1.0728334687776742,-6.169350375035653
828,30828,30828,30828,35ace65,ckpt_sac_full_00049992,0,0,0,timeout,200,184.0378625135128,,,-1,1,30.0,0.45,20.0,1.0,25,1,200,0.002,100,10.0,1.0,0,192,0,0.96,0.3397310214105759,-0.274923036942475,-2.1204294991700285,0.0253146894809871,0.0373690600924817,0.038682822965281,1.611930165802108,0.7408225117663695,0.3084585702832106,0.2928408564008486,1.0608937160014535,1.108315344627576,0.8689935685219814,-18.4337617907515
829,30829,30829,30829,35ace65,ckpt_sac_full_00049992,0,0,0,timeout,200,270.60654258574704,,,-1,0,30.0,0.45,20.0,1.0,25,1,200,0.002,100,10.0,1.0,0,182,0,0.91,0.3169619335834683,-0.5516604927003935,-0.6251666478803557,0.0204067587209889,0.0366174811407491,0.0845933739713138,1.5103178658898906,0.7132976967152483,0.3403955014771179,0.2929935732692449,1.0414620733339603,1.0301551487318907,1.176551540704386,-14.7198119240039
830,30830,30830,30830,35ace65,ckpt_sac_full_00049992,0,0,0,timeout,200,372.421566517549,,,-1,1,30.0,0.45,20.0,1.0,25,1,200,0.002,100,10.0,1.0,0,156,0,0.78,0.3325293101824654,-0.7139243813099911,2.106617374562533,0.0244393131567476,0.0400028747632334,0.0535480670579283,1.9290120400561912,0.8960978117098904,0.3261452907945931,0.4880468522768483,1.0966944293888272,1.0149188644568223,1.1385747818976748,-10.277549804524382
831,30831,30831,30831,35ace65,ckpt_sac_full_00049992,0,0,0,timeout,200,295.21728126446993,,,-1,1,30.0,0.45,20.0,1.0,25,1,200,0.002,100,10.0,1.0,0,191,0,0.955,0.3051627557684808,-0.4851608144918531,2.5392992429242867,0.0209338673863057,0.032245688918676,0.0481601324325479,1.457857334560337,1.289941266177995,0.3018321900182897,0.5303687277650778,0.969630231115252,1.0716043332703793,1.1777736107417582,-7.184578789046032
832,30832,30832,30832,35ace65,ckpt_sac_full_00049992,0,0,0,timeout,200,262.8883421631608,,,-1,0,30.0,0.45,20.0,1.0,25,1,200,0.002,100,10.0,1.0,0,192,0,0.96,0.3238766884758153,-0.4686720987196196,-2.036863945083599,0.0221877872613162,0.0372249696139193,0.0822636524946748,1.1732109938532371,0.7188766989895181,0.3483424055413445,0.3305662316946538,0.994234758529837,1.013797341716704,1.049538607115818,-20.777329743528373
833,30833,30833,30833,35ace65,ckpt_sac_full_00049992,0,0,0,timeout,200,377.3217836125624,,,-1,1,30.0,0.45,20.0,1.0,25,1,200,0.002,100,10.0,1.0,0,182,0,0.91,0.3021823978189834,-0.6405861606573524,0.7801526773964089,0.022020419312332,0.0345113122372306,0.0706818040651931,1.1112148999906084,0.7151962928541662,0.3021708205335851,0.7079800270335094,1.0438417711156471,1.059033984987572,1.1236840757370792,-2.951530059929663
834,30834,30834,30834,35ace65,ckpt_sac_full_00049992,0,0,0,timeout,200,383.3018648668585,,,-1,0,30.0,0.45,20.0,1.0,25,1,200,0.002,100,10.0,1.0,0,151,0,0.755,0.3380514661478933,-0.5820487289943677,2.0344209142445084,0.027123368974198,0.0370626651218902,0.11955541580288,1.466715520585484,0.6748065234745063,0.3544676885710195,0.5910056760902545,1.0069011969936188,1.0151392017338785,1.1175275019946382,-11.349097789225576
835,30835,30835,30835,35ace65,ckpt_sac_full_00049992,0,0,0,timeout,200,272.6650366980974,,,-1,1,30.0,0.45,20.0,1.0,25,1,200,0.002,100,10.0,1.0,0,194,0,0.97,0.3388236605605184,-0.3653053443003001,2.1624276768968143,0.0215590692308077,0.0333454052031773,0.0460845803283734,1.3336982159781514,0.7109748562772569,0.359030838801228,0.4355202229902044,1.0552404566589613,1.0704977704226788,1.1989582601298292,-27.918351913417546
836,30836,30836,30836,35ace65,ckpt_sac_full_00049992,0,0,0,timeout,200,268.8022776607957,,,-1,1,30.0,0.45,20.0,1.0,25,1,200,0.002,100,10.0,1.0,0,184,0,0.92,0.3611758429495532,-0.3315749490441308,0.9375409293937328,0.0269204996138369,0.0345257921359206,0.0791232866538602,1.1096300615457046,1.1290470595635953,0.3470369085290724,0.4463609470789901,0.9574138159189391,0.993971239393016,1.1658165987036084,-2.805043316067987
837,30837,30837,30837,35ace65,ckpt_sac_full_00049992,0,0,0,timeout,200,233.618448841659,,,-1,1,30.0,0.45,20.0,1.0,25,1,200,0.002,100,10.0,1.0,0,186,0,0.93,0.3867232556205196,-0.1985822975287164,0.9767161601531223,0.0210989127267592,0.0309029453579075,0.0671692143232541,1.842834818565744,1.1392989732707552,0.3850427145215649,0.4903708174961899,1.002470263663147,1.1380014014754718,0.9639626778921832,-5.629955983821708
838,30838,30838,30838,35ace65,ckpt_sac_full_00049992,0,0,0,timeout,200,256.23589378241246,,,-1,1,30.0,0.45,20.0,1.0,25,1,200,0.002,100,10.0,1.0,0,175,0,0.875,0.3851502202545946,-0.1722615082711863,2.6276856910560173,0.0220223823936909,0.0348005975562556,0.0374393287903638,0.8718455575584872,1.064946050160963,0.3364668363616934,0.5432320889186292,1.0689337933741585,1.058098239644367,1.000674298526341,-13.86571710437178
839,30839,30839,30839,35ace65,ckpt_sac_full_00049992,0,0,0,timeout,200,206.78698700371783,,,-1,1,30.0,0.45,20.0,1.0,25,1,200,0.002,100,10.0,1.0,0,192,0,0.96,0.3590806695423398,-0.2819984090352825,1.6579330084955206,0.0274289307641248,0.0343857866768131,0.0469530851884543,0.9279123083671812,0.7605377329102643,0.3363481919428901,0.3184374777663054,1.1056499478500954,1.0114095101830394,0.9082731283730991,-16.14238493585622
840,30840,30840,30840,35ace65,ckpt_sac_full_00049992,0,0,0,timeout,200,242.92407280108245,,,-1,1,30.0,0.45,20.0,1.0,25,1,200,0.002,100,10.0,1.0,0,193,0,0.965,0.3093371778168958,-0.2450044700468368,1.393387210208633,0.0217958945607271,0.0345053158099043,0.1196875759481591,1.3575005701301697,1.1021620673246373,0.359487404496413,0.4837020001348013,1.0757854747214266,0.9735096232888772,1.227852166246553,-17.346780801910608
841,30841,30841,30841,35ace65,ckpt_sac_full_00049992,0,0,0,timeout,200,387.87623776529375,,,-1,1,30.0,0.45,20.0,1.0,25,1,200,0.002,100,10.0,1.0,0,178,0,0.89,0.3372807294462723,-0.5443950709528028,-1.5221554006105409,0.0252710332913226,0.0332758979618163,0.0830702821007355,0.814283074946089,1.020458162678464,0.3779846296153843,0.5969431784830426,1.0232660204376296,1.082067692166199,0.9693564130946962,-16.360822397814854
842,30842,30842,30842,35ace65,ckpt_sac_full_00049992,0,0,0,timeout,200,297.07558020053284,,,-1,1,30.0,0.45,20.0,1.0,25,1,200,0.002,100,10.0,1.0,0,180,0,0.9,0.3482582581493587,-0.5329757151562693,-0.599215962043607,0.0205579035007928,0.0307976157598006,0.0773702915713131,1.3472744551338895,0.8296739178319623,0.3639371682600077,0.3837398773364653,1.0448492139848302,1.0301877827630994,1.0819192589132391,0.9536087558091852
843,30843,30843,30843,35ace65,ckpt_sac_full_00049992,0,0,0,timeout,200,441.07638681771857,,,-1,1,30.0,0.45,20.0,1.0,25,1,200,0.002,100,10.0,1.0,0,177,0,0.885,0.387060635017993,-0.5851111518787648,-1.1689722391909618,0.0223825941402227,0.0315774843368122,0.1061039959905969,1.675006503868638,1.1227108428631696,0.3549883526866868,0.6866539095302834,1.0087249814471737,1.0241556029015189,0.972762953558874,-2.282164140233419
844,30844,30844,30844,35ace65,ckpt_sac_full_00049992,0,0,0,timeout,200,356.963088906509,,,-1,1,30.0,0.45,20.0,1.0,25,1,200,0.002,100,10.0,1.0,0,179,0,0.895,0.3325328366371998,-0.4444414225013364,2.0964130608144265,0.0243684872759704,0.0317534545305859,0.0637502484033274,1.0137742142393205,1.0914384031084583,0.3839346277506111,0.589573045681459,1.0075935792302024,0.9545205959860732,1.20786391703159,-22.410063225793103
845,30845,30845,30845,35ace65,ckpt_sac_full_00049992,0,0,0,timeout,200,214.7805184405073,,,-1,1,30.0,0.45,20.0,1.0,25,1,200,0.002,100,10.0,1.0,0,195,0,0.975,0.3058529073561424,-0.1808677129706495,-0.8346705746331824,0.025812068985586,0.0322343145670202,0.0604731096877687,1.218234930626171,1.0778042967099215,0.368011774204295,0.4419391521750828,1.0476094622553087,1.1104682349476294,1.0199138174815827,-15.318593896119332
846,30846,30846,30846,35ace65,ckpt_sac_full_00049992,0,0,0,timeout,200,181.1924115930449,,,-1,1,30.0,0.45,20.0,1.0,25,1,200,0.002,100,10.0,1.0,0,173,0,0.865,0.3724238288911831,-0.1902976809015106,0.0447397206768944,0.0251716803392143,0.0311548271992039,0.0506715614548671,0.9790852496542568,1.1852639450458624,0.3313135660994415,0.3259239449214259,1.064077585070592,1.0674439248341578,1.06087568508431,-15.006521852124695
847,30847,30847,30847,35ace65,ckpt_sac_full_00049992,0,0,0,timeout,200,426.4979673243403,,,-1,1,30.0,0.45,20.0,1.0,25,1,200,0.002,100,10.0,1.0,0,179,0,0.895,0.3241055167912288,-0.6831960176213159,0.846394027137543,0.0258151184278161,0.0355951539752884,0.0940322851571908,1.2065444805224637,1.331855654462836,0.3292450615859486,0.6578076342816015,1.039550350108103,1.0160018467111402,1.0292681985342962,-8.299896339329335
848,30848,30848,30848,35ace65,ckpt_sac_full_00049992,0,0,0,timeout,200,187.70728179295548,,,-1,1,30.0,0.45,20.0,1.0,25,1,200,0.002,100,10.0,1.0,0,193,0,0.965,0.3154471066916894,-0.3876409907642909,-1.1377657389006028,0.0254090449035153,0.0304247347703676,0.1193780776544203,0.8589378325653596,0.9390542950472544,0.3375218652137338,0.2071368611414094,1.075421618546269,0.9899822439180516,1.111222560578367,-6.422893547839052
849,30849,30849,30849,35ace65,ckpt_sac_full_00049992,0,0,0,timeout,200,386.41674324222674,,,-1,0,30.0,0.45,20.0,1.0,25,1,200,0.002,100,10.0,1.0,0,176,0,0.88,0.3665910227322337,-0.569141065597581,-0.5857893632691273,0.0227002301578223,0.0395437146861709,0.0904143281252697,1.7440244465825236,1.1626242988527138,0.3861904845326719,0.507661991248692,1.0403038431297442,1.0570293016624634,1.0049092708360827,-18.15991420266217
850,30850,30850,30850,35ace65,ckpt_sac_full_00049992,0,1,0,unsafe,76,379.78173436740406,,,-1,1,30.0,0.45,20.0,1.0,25,1,200,0.002,100,10.0,1.0,0,32,0,0.4210526315789473,0.3498342116271613,-0.5418746274937938,-2.59459770168534,0.0222220815998894,0.0359668682447201,0.066847736014001,1.246085782311838,0.9559180251156804,0.3427011475010879,0.6367982496693689,1.005850654782102,1.0048026060072937,1.1268267101427505,-20.786173168357934
851,30851,30851,30851,35ace65,ckpt_sac_full_00049992,0,0,0,timeout,200,367.4306335758556,,,-1,1,30.0,0.45,20.0,1.0,25,1,200,0.002,100,10.0,1.0,0,182,0,0.91,0.3552950611791728,-0.4481723654163629,-0.2344234514440133,0.0215398822390461,0.032928293212624,0.040518942613108,1.0556747206536703,0.8898235207053252,0.3814892551087039,0.6825514119259188,1.0263719259915882,1.0574080537379238,1.018998384761781,-7.071377372214611
852,30852,30852,30852,35ace65,ckpt_sac_full_00049992,0,0,0,timeout,200,387.352269490879,,,-1,1,30.0,0.45,20.0,1.0,25,1,200,0.002,100,10.0,1.0,0,154,0,0.77,0.3535013216389276,-0.6375189067726085,-1.4901048362704694,0.02605903726607,0.0351226655819745,0.0506948917829997,1.6649383839216945,0.8371013125095795,0.3369932952605475,0.5536640418630788,1.030784201446474,1.0322029924554468,1.055723957891444,-9.625311967674964
853,30853,30853,30853,35ace65,ckpt_sac_full_00049992,0,0,0,timeout,200,202.36095080723268,,,-1,1,30.0,0.45,20.0,1.0,25,1,200,0.002,100,10.0,1.0,0,188,0,0.94,0.3024625203013685,-0.4862083142490255,-2.013431404904949,0.0263188503078491,0.0353670269893862,0.0473186747691539,1.2241443343889076,1.136913236038752,0.312691470699767,0.1833351847714769,1.0312022683549418,0.9968304541898462,1.115248770410688,-17.66305129997816
854,30854,30854,30854,35ace65,ckpt_sac_full_00049992,0,0,0,timeout,200,278.3800865034477,,,-1,0,30.0,0.45,20.0,1.0,25,1,200,0.002,100,10.0,1.0,0,184,0,0.92,0.3655444835678405,-0.5743741009833497,2.9806054589487685,0.0217826038357261,0.0374432431408212,0.0590514388968164,1.274076766516657,0.9855801305485012,0.3506997897457708,0.2229478888671138,1.0259074988329833,0.9900547066543252,1.2236615415302985,-8.65653949843546
855,30855,30855,30855,35ace65,ckpt_sac_full_00049992,0,0,0,timeout,200,223.32603941880868,,,-1,1,30.0,0.45,20.0,1.0,25,1,200,0.002,100,10.0,1.0,0,187,0,0.935,0.3408337760848407,-0.4511500141757841,2.519445702980404,0.0249758031352543,0.0326649200878433,0.0460854609504446,1.445867180943863,1.3007923251773543,0.3715188249353611,0.1879657893018557,1.068346851682809,0.9370688521450264,1.068869470696593,-2.519723345393712
856,30856,30856,30856,35ace65,ckpt_sac_full_00049992,0,0,0,timeout,200,424.9121105038427,,,-1,1,30.0,0.45,20.0,1.0,25,1,200,0.002,100,10.0,1.0,0,175,0,0.875,0.3712096906056175,-0.6512764465985522,0.5279988232069353,0.0206245872787061,0.033566032904188,0.0341334349316124,1.1229342979620895,1.1435390243961496,0.3608676418538316,0.5879453691489246,1.0664878677856324,1.0598255789010838,1.0892895409915542,-7.777915564393915
857,30857,30857,30857,35ace65,ckpt_sac_full_00049992,0,0,0,timeout,200,323.0384014569354,,,-1,0,30.0,0.45,20.0,1.0,25,1,200,0.002,100,10.0,1.0,0,180,0,0.9,0.3303826681991477,-0.5789960207440386,2.7975288041890103,0.0213849569899027,0.0356105665944869,0.113402703812687,1.4078714858008072,1.2718348932208738,0.3270137531424452,0.4474395256692819,0.99121235212188,1.0262528824932136,1.0464044870287768,-18.670686571568915
858,30858,30858,30858,35ace65,ckpt_sac_full_00049992,0,0,0,timeout,200,318.4185526547341,,,-1,1,30.0,0.45,20.0,1.0,25,1,200,0.002,100,10.0,1.0,0,186,0,0.93,0.3068533619644239,-0.5608619087151451,0.7703623586487085,0.0241295285812079,0.0359094778489154,0.046180325281351,1.1738659245116243,0.7765275738056271,0.3161298945157203,0.5118237200429363,1.0131950703433084,1.0509158152146312,1.1179701704669611,-14.249029743073637
859,30859,30859,30859,35ace65,ckpt_sac_full_00049992,0,0,0,timeout,200,314.490479947517,,,-1,1,30.0,0.45,20.0,1.0,25,1,200,0.002,100,10.0,1.0,5,179,0,0.895,0.3479391584835241,-0.3235303572598342,-2.6331374933846283,0.0222020845918422,0.0399767487416989,0.1181266358555789,0.8790874418148987,0.7724553519656857,0.3119284046415137,0.6906246605657035,0.9916237907057744,1.0146761836765563,1.115281231012109,-7.749274380967548
860,30860,30860,30860,35ace65,ckpt_sac_full_00049992,0,0,0,timeout,200,344.4910612686064,,,-1,1,30.0,0.45,20.0,1.0,25,1,200,0.002,100,10.0,1.0,0,185,0,0.925,0.37849639032362,-0.3433092058606355,0.1707167974103836,0.0265422449322254,0.0299252051852599,0.0874645243429343,0.9211791365599484,1.3457605429597557,0.3257816238583775,0.6688527529145449,1.028644776893947,1.0106754157087463,1.214192368123009,-13.3459142926713
861,30861,30861,30861,35ace65,ckpt_sac_full_00049992,0,0,0,timeout,200,285.9114628338058,,,-1,1,30.0,0.45,20.0,1.0,25,1,200,0.002,100,10.0,1.0,0,184,0,0.92,0.3291148057902008,-0.2680999861216707,-1.3947218487757298,0.022561667975181,0.0329866457665494,0.0762688596397641,1.165090228574611,1.3967278505848473,0.3734558724295108,0.5611731706349454,0.9727369533855452,1.0868269465426823,1.006836128866648,-15.878052665898732
862,30862,30862,30862,35ace65,ckpt_sac_full_00049992,0,1,0,timeout,200,271.7911156635719,,,-1,0,30.0,0.45,20.0,1.0,25,1,200,0.002,100,10.0,1.0,0,182,0,0.91,0.3658773046670153,-0.1947313558029897,-2.5380619124931423,0.0255390134894634,0.0327156318393256,0.0847031425710576,1.2225655651132004,1.2637796667515646,0.3270419195676862,0.1898481298571571,1.0941875496310651,1.0250075829918763,1.0156172228765254,1.1376514658456025
863,30863,30863,30863,35ace65,ckpt_sac_full_00049992,0,0,0,timeout,200,306.448424627506,,,-1,1,30.0,0.45,20.0,1.0,25,1,200,0.002,100,10.0,1.0,0,188,0,0.94,0.3662423861821992,-0.2866270984282887,-0.8708370785584241,0.024945981274725,0.0354386191001862,0.0487646829712948,1.289683030463957,0.8047777622225434,0.3624852993426913,0.5725807119558223,1.0325276051350465,1.007673620081104,1.1398570802255463,-15.674362844777963
864,30864,30864,30864,35ace65,ckpt_sac_full_00049992,0,0,0,timeout,200,433.5885270929165,,,-1,0,30.0,0.45,20.0,1.0,25,1,200,0.002,100,10.0,1.0,0,157,0,0.785,0.3856766694256688,-0.5916783589499398,-1.7770089728087988,0.0210325762855165,0.0376371693503288,0.0666080670886756,1.1403642450188367,1.3799578101129897,0.3689552627425161,0.6316018651457899,1.02428606931375,1.00782919172606,1.1376731274909733,-8.64266501293869
865,30865,30865,30865,35ace65,ckpt_sac_full_00049992,0,0,0,timeout,200,337.26913593138994,,,-1,1,30.0,0.45,20.0,1.0,25,1,200,0.002,100,10.0,1.0,0,188,0,0.94,0.3754144693334955,-0.4663001546753696,2.87549879208433,0.0233948487734388,0.0348830417275314,0.0591730741236369,1.3107115051785687,1.3746095827400464,0.3389785788554499,0.5653271610704842,0.9491437468538292,1.1027905685650718,0.944508164757951,1.893721032481104
866,30866,30866,30866,35ace65,ckpt_sac_full_00049992,0,0,0,timeout,200,227.70161115992448,,,-1,1,30.0,0.45,20.0,1.0,25,1,200,0.002,100,10.0,1.0,0,182,0,0.91,0.3533741906707537,-0.1979216419702908,3.131314323618028,0.023786246585442,0.0318481614710828,0.0512346449496075,1.3599134576909622,1.221631098350973,0.3672686779262151,0.4439871248681694,0.9977218668509548,1.1640985758864455,1.039153279248503,-17.985155301404163
867,30867,30867,30867,35ace65,ckpt_sac_full_00049992,0,0,0,timeout,200,206.7539537953429,,,-1,0,30.0,0.45,20.0,1.0,25,1,200,0.002,100,10.0,1.0,0,192,0,0.96,0.3811279860278899,-0.2019194126631303,-2.220227628253806,0.0231480608968994,0.0298436997431661,0.0730326337143845,1.8337923572214212,0.6741630445631834,0.3857271978805489,0.3436428410667175,0.937837034462876,1.0765629815702202,0.9480592775562792,-19.29484570245592
868,30868,30868,30868,35ace65,ckpt_sac_full_00049992,0,0,0,timeout,200,319.9838712396675,,,-1,1,30.0,0.45,20.0,1.0,25,1,200,0.002,100,10.0,1.0,0,180,0,0.9,0.3775563507110021,-0.3056277719475932,1.305885651174152,0.0245577317482928,0.0357343671869052,0.1034040307422543,1.1465240279040885,1.0684372036118228,0.3287160761097231,0.6088364630874024,1.0101782448559098,0.9812215300460628,1.2089949985211614,0.4013314228705415
869,30869,30869,30869,35ace65,ckpt_sac_full_00049992,0,0,0,timeout,200,200.95592994834848,,,-1,1,30.0,0.45,20.0,1.0,25,1,200,0.002,100,10.0,1.0,0,188,0,0.94,0.3208187369535192,-0.1957829795088056,1.33626837074807,0.025725143682167,0.0322774321670621,0.0886012711975745,1.983605599431102,1.2761182515691225,0.3393067430865291,0.4204754511652234,1.1087929806448595,1.0218844830871647,1.1706746918816324,-27.817538226255007
870,30870,30870,30870,35ace65,ckpt_sac_full_00049992,0,0,0,timeout,200,410.5778133193557,,,-1,1,30.0,0.45,20.0,1.0,25,1,200,0.002,100,10.0,1.0,0,131,0,0.655,0.385346870506652,-0.5948583422604913,0.4442391563241004,0.0239469336534864,0.0318682792766379,0.0664152416163977,1.3668222042414964,0.7122992023370548,0.3227580629209001,0.6311844571781453,1.0281805419379446,1.0352780811964852,1.151551671543204,-6.176893496363988
871,30871,30871,30871,35ace65,ckpt_sac_full_00049992,0,0,0,timeout,200,238.27682430188796,,,-1,1,30.0,0.45,20.0,1.0,25,1,200,0.002,100,10.0,1.0,0,181,0,0.905,0.3496038997857444,-0.4888399405156719,2.343855405189334,0.0261172362624744,0.0355075429731802,0.0306501255905862,1.8392821038551304,1.378282349498464,0.3740668936097286,0.1977119832290167,1.023299994921261,0.9884065456128736,0.7703708421454203,-1.295073170838065
872,30872,30872,30872,35ace65,ckpt_sac_full_00049992,0,0,0,timeout,200,327.2183149354694,,,-1,1,30.0,0.45,20.0,1.0,25,1,200,0.002,100,10.0,1.0,0,178,0,0.89,0.3631138452860328,-0.3912478159948681,-2.174796469941685,0.0251737867945939,0.0339694135145351,0.0797889454467741,0.932452207221522,1.1961017911295797,0.3671188194566374,0.5380181615460548,0.9776580039952129,1.0179704112809242,1.0308153377589844,-14.717732821840247
873,30873,30873,30873,35ace65,ckpt_sac_full_00049992,0,0,0,timeout,200,310.6213740948666,,,-1,1,30.0,0.45,20.0,1.0,25,1,200,0.002,100,10.0,1.0,0,189,0,0.945,0.3760510099030009,-0.3974345484587113,3.134242995502478,0.0215742322599386,0.03267537597043,0.0623462051664883,0.8864634405972787,1.2346385436027616,0.3239749659324019,0.5107880703798231,0.991623652440778,1.0802419114218302,1.214224156180003,-18.764922172219634
874,30874,30874,30874,35ace65,ckpt_sac_full_00049992,0,0,0,timeout,200,333.2181344448279,,,-1,1,30.0,0.45,20.0,1.0,25,1,200,0.002,100,10.0,1.0,0,180,0,0.9,0.3501738715703033,-0.4678593454976604,-1.9762256975708008,0.0253283903938722,0.0389173932215447,0.1184376758323906,1.0319858271370643,1.3164712561192744,0.3265275174810416,0.6765214547551857,1.0561453840167208,1.0481577857510784,1.2441161270345409,-0.4075484383658049
875,30875,30875,30875,35ace65,ckpt_sac_full_00049992,0,0,0,timeout,200,276.35963811464546,,,-1,1,30.0,0.45,20.0,1.0,25,1,200,0.002,100,10.0,1.0,0,189,0,0.945,0.314221151751972,-0.4797907625092774,0.5346483532672353,0.0242614367680008,0.0333115697068255,0.0540652807857863,1.620586062146415,0.8003902745528051,0.3440762639169584,0.3821795179900664,1.002631892634009,1.0193397530525523,1.1192641493921889,-31.24311050706882
876,30876,30876,30876,35ace65,ckpt_sac_full_00049992,0,0,0,timeout,200,347.3585319653421,,,-1,1,30.0,0.45,20.0,1.0,25,1,200,0.002,100,10.0,1.0,0,192,0,0.96,0.3159709547017306,-0.5559329812542988,2.241526443283962,0.0230970372912748,0.0316444273509081,0.0560714766527962,1.930279528875646,1.0565535099338397,0.3637832760461339,0.5083948724753118,1.0839819731392026,1.0339444992591258,1.1427956063467135,-17.243352374671442
877,30877,30877,30877,35ace65,ckpt_sac_full_00049992,0,0,0,timeout,200,355.13342782375764,,,-1,1,30.0,0.45,20.0,1.0,25,1,200,0.002,100,10.0,1.0,0,172,0,0.86,0.3661867913532186,-0.5161504247667282,0.7961477588984418,0.0235024054745985,0.032202301457812,0.056566265757993,1.607129872559102,0.9062646620894248,0.3276732197904309,0.5532284825935584,0.9062289828845762,0.9244139395329042,1.1830991064004588,-18.23149104109424
878,30878,30878,30878,35ace65,ckpt_sac_full_00049992,0,0,0,timeout,200,344.3309183229854,,,-1,1,30.0,0.45,20.0,1.0,25,1,200,0.002,100,10.0,1.0,0,176,0,0.88,0.3433527108628232,-0.4470332388425918,2.441401786022121,0.0239705055597519,0.0401369259090107,0.0391493692967207,0.8548813152263196,1.3733899046442306,0.3478728099362723,0.5975591527260947,0.9818923681170144,1.1207976327423337,1.2513685503726295,-17.32882793107679
879,30879,30879,30879,35ace65,ckpt_sac_full_00049992,0,0,0,timeout,200,213.42016476913903,,,-1,1,30.0,0.45,20.0,1.0,25,1,200,0.002,100,10.0,1.0,0,190,0,0.95,0.3312720120554976,-0.4816405792520257,-0.1938490986027976,0.0234518964125064,0.0316084732700774,0.0633716180290701,1.3097099016385405,0.7390047725848632,0.3192160969843662,0.1859974754954605,0.925859545902921,1.1184604409168102,1.077448615401602,-16.422845951864762
880,30880,30880,30880,35ace65,ckpt_sac_full_00049992,0,0,0,timeout,200,247.68373504356111,,,-1,1,30.0,0.45,20.0,1.0,25,1,200,0.002,100,10.0,1.0,0,194,0,0.97,0.3229467191113258,-0.4267248634089147,1.5735720992053368,0.0266925206296221,0.0341366181456599,0.0343040050650671,1.887726309948584,1.125492515207823,0.3383639651136848,0.3397324633469454,1.0140620306340715,1.092989098376031,1.1412188527969809,-17.58631938830604
881,30881,30881,30881,35ace65,ckpt_sac_full_00049992,0,0,0,timeout,200,344.6810798561641,,,-1,1,30.0,0.45,20.0,1.0,25,1,200,0.002,100,10.0,1.0,0,173,0,0.865,0.3325846160175269,-0.2233525866724394,-0.2931487158748331,0.023165775232208,0.0358695425444676,0.04154267355489,0.9052281895337386,0.9702839839627316,0.3584006211465929,0.6936912224074295,0.9964701072306372,1.0725676315089814,1.0861501177962445,-14.677184284375253
882,30882,30882,30882,35ace65,ckpt_sac_full_00049992,0,0,0,timeout,200,235.387492514996,,,-1,0,30.0,0.45,20.0,1.0,25,1,200,0.002,100,10.0,1.0,0,190,0,0.95,0.3359276242713425,-0.4992732488016946,-2.292627220298083,0.025217355670188,0.039069433843651,0.1067426126400748,1.8521003851668845,0.6100221429677669,0.3362528299604368,0.217423878015101,1.0034768393207438,1.0130302841702072,1.0136047597135098,-24.49113124049944
883,30883,30883,30883,35ace65,ckpt_sac_full_00049992,0,0,0,timeout,200,441.69238549367526,,,-1,1,30.0,0.45,20.0,1.0,25,1,200,0.002,100,10.0,1.0,0,158,0,0.79,0.3232444987488856,-0.6608954964870172,1.859075921415336,0.0275469308620944,0.0307487044319813,0.0853637711605995,1.85016096039677,1.166581919417867,0.3668136569126784,0.7234486310456434,1.017727462184164,0.9986307810381532,1.0923877214669653,-9.714504948434566
884,30884,30884,30884,35ace65,ckpt_sac_full_00049992,0,0,0,timeout,200,357.109774642068,,,-1,0,30.0,0.45,20.0,1.0,25,1,200,0.002,100,10.0,1.0,0,177,0,0.885,0.3168265863826074,-0.4674893345221672,2.7700988641245194,0.0229964074772393,0.0323809604151909,0.0888771070029297,1.02670100685111,1.3290715518737788,0.3401193046617748,0.6783992319398453,0.9384428673651088,1.0455117201795563,0.9186343532858972,-20.856527304263533
885,30885,30885,30885,35ace65,ckpt_sac_full_00049992,0,1,0,timeout,200,349.5612888702914,,,-1,1,30.0,0.45,20.0,1.0,25,1,200,0.002,100,10.0,1.0,0,157,0,0.785,0.3752163161922991,-0.4472395344151095,1.3409661531424124,0.0234352823268801,0.03841328314103,0.0645463305533244,1.8657931918389703,1.1934897440919308,0.3144868213633496,0.6029730742411163,1.008244953483118,1.0815438951895031,1.0526463002453537,32.273529251848025
886,30886,30886,30886,35ace65,ckpt_sac_full_00049992,0,0,0,timeout,200,320.6409721133013,,,-1,1,30.0,0.45,20.0,1.0,25,1,200,0.002,100,10.0,1.0,0,177,0,0.885,0.3334489787858453,-0.381916207251768,-1.6624320706920728,0.0241355441139777,0.0388358277057049,0.0821139735422743,1.4791593233742737,1.0096845141434798,0.3511922385163556,0.5870397763378917,1.0828751162883985,1.081604576578128,0.8142788739005271,-1.0368875931674977
887,30887,30887,30887,35ace65,ckpt_sac_full_00049992,0,0,0,timeout,200,198.55947894201884,,,-1,1,30.0,0.45,20.0,1.0,25,1,200,0.002,100,10.0,1.0,0,194,0,0.97,0.3767063205688711,-0.2827463767057223,0.528864221451852,0.0259600645504091,0.037119713279529,0.0877621411018622,1.608465698753093,0.7102033999802553,0.3188406303298987,0.2724249060987989,1.0458072631440247,0.967673709213808,1.0279690571682274,-11.650493629327109
888,30888,30888,30888,35ace65,ckpt_sac_full_00049992,0,0,0,timeout,200,365.3146582281327,,,-1,0,30.0,0.45,20.0,1.0,25,1,200,0.002,100,10.0,1.0,0,188,0,0.94,0.3452345067001494,-0.6312914991612021,-0.1713725305256335,0.0255005571396205,0.0401395474059568,0.1078061574137196,1.24710340998068,0.9116168471234528,0.3848272398187092,0.4138060023879714,0.9817041718096312,1.1074193327336483,1.0883650862821337,-13.511796729940366
889,30889,30889,30889,35ace65,ckpt_sac_full_00049992,0,0,0,timeout,200,241.067546813188,,,-1,1,30.0,0.45,20.0,1.0,25,1,200,0.002,100,10.0,1.0,0,194,0,0.97,0.320869710343157,-0.3351894940877192,1.7269394912583191,0.0239269502691016,0.0342064005812031,0.0395271437131547,1.0105067792634652,1.2839267273369837,0.3355838793664617,0.4155190968475674,1.0621219592661348,1.072210112819572,1.0175877089050047,-15.30579679674162
890,30890,30890,30890,35ace65,ckpt_sac_full_00049992,0,0,0,timeout,200,324.2366353596177,,,-1,0,30.0,0.45,20.0,1.0,25,1,200,0.002,100,10.0,1.0,0,186,0,0.93,0.3382133351369427,-0.443451995772731,1.2560315823949093,0.0255664852725716,0.0365355329744724,0.0761312354397985,1.6034761738194918,0.9781962280668028,0.3192606120202583,0.5871894532524027,0.995952057758173,1.037680910429621,0.991283798322077,-22.45316565136604
891,30891,30891,30891,35ace65,ckpt_sac_full_00049992,0,0,0,timeout,200,274.8750692419686,,,-1,1,30.0,0.45,20.0,1.0,25,1,200,0.002,100,10.0,1.0,0,179,0,0.895,0.304876978465635,-0.7292683022431034,-1.0109254364930536,0.0245319377317764,0.0381823003042344,0.0830610844237404,1.994979173580364,1.2210060810847072,0.3062351479115194,0.2036873578153742,1.0180332106440773,1.0376109966796192,1.222922911910638,-13.2376704880691
892,30892,30892,30892,35ace65,ckpt_sac_full_00049992,0,1,0,timeout,200,253.74892416840805,,,-1,0,30.0,0.45,20.0,1.0,25,1,200,0.002,100,10.0,1.0,0,185,0,0.925,0.3319700103813823,-0.2764638514666104,-1.8744155270529397,0.0257391763437627,0.0303937578088305,0.0441413550090883,0.8858449437237659,1.2082349687235756,0.3498103941872351,0.4471596017247309,1.056853693068033,1.0152792123455538,0.9372813099334936,18.097973850306023
893,30893,30893,30893,35ace65,ckpt_sac_full_00049992,0,0,0,timeout,200,230.6476717756265,,,-1,1,30.0,0.45,20.0,1.0,25,1,200,0.002,100,10.0,1.0,0,157,0,0.785,0.3507215266121359,-0.2471313103446726,2.5443772511558755,0.0241905903836601,0.0347801220004064,0.1140717570351868,1.986925361034792,1.3407077918884216,0.3817630926287895,0.4776102697105144,0.944405480034244,1.0516785411079783,1.1043602776594468,-8.359711481391397
894,30894,30894,30894,35ace65,ckpt_sac_full_00049992,0,0,0,timeout,200,289.45808814581346,,,-1,0,30.0,0.45,20.0,1.0,25,1,200,0.002,100,10.0,1.0,0,177,0,0.885,0.307580265850096,-0.6377892655894275,2.284318545612118,0.0257190341665611,0.0397325999407191,0.0685810509539505,1.5462312605641668,0.9267456197949322,0.3740862284895638,0.2192415713435919,0.9858240593674468,1.0533997725011903,0.9444874923591244,-16.32350012004672
895,30895,30895,30895,35ace65,ckpt_sac_full_00049992,0,0,0,timeout,200,360.4819044035627,,,-1,1,30.0,0.45,20.0,1.0,25,1,200,0.002,100,10.0,1.0,0,180,0,0.9,0.3303737373984166,-0.4846608724021317,-1.2189959649990547,0.0247181640030386,0.0383403295217896,0.0680096565032802,1.835048210234281,0.6071335599306696,0.3450238818991554,0.6782697314763925,0.9276293259087406,0.9861488536581448,1.1601515463668182,0.5427552161210792
896,30896,30896,30896,35ace65,ckpt_sac_full_00049992,0,0,0,timeout,200,204.15932725328145,,,-1,1,30.0,0.45,20.0,1.0,25,1,200,0.002,100,10.0,1.0,0,186,0,0.93,0.3274666050554923,-0.4357157943835859,1.3042872275645123,0.0223916014390802,0.0380446109198184,0.0702127391692515,1.9859324963070948,0.7788285101016208,0.3321387006850352,0.1930536463039341,1.0151354230406937,1.0276054246381252,1.3277696081372854,-21.04052095532892
897,30897,30897,30897,35ace65,ckpt_sac_full_00049992,0,0,0,timeout,200,389.7704619167705,,,-1,0,30.0,0.45,20.0,1.0,25,1,200,0.002,100,10.0,1.0,0,173,0,0.865,0.375213045797328,-0.673709931441496,1.9797595071491232,0.0207242096640565,0.0369116119222947,0.057689130177539,1.3241164027183845,1.2650363126442017,0.3016939465526628,0.5397582402208483,1.0325420750741163,0.9814556666736486,1.207182941801163,-9.167677215162051
898,30898,30898,30898,35ace65,ckpt_sac_full_00049992,0,0,0,timeout,200,309.55064336339325,,,-1,1,30.0,0.45,20.0,1.0,25,1,200,0.002,100,10.0,1.0,0,194,0,0.97,0.3070293675658453,-0.7058956566212355,3.0261488637997065,0.0220930127124773,0.0348260174055746,0.0962890445448762,1.9904400347827635,0.8072442142547056,0.360635293033959,0.2457731615169535,0.9842447352863636,1.0249200674950074,0.9096903199804226,-15.223589343579947
899,30899,30899,30899,35ace65,ckpt_sac_full_00049992,0,0,0,timeout,200,244.74570215872583,,,-1,1,30.0,0.45,20.0,1.0,25,1,200,0.002,100,10.0,1.0,0,194,0,0.97,0.3537991033814909,-0.3003743141370472,0.1706478363687806,0.0253223433924903,0.0344107487700087,0.0328193296377949,0.9210585034881732,0.6628298940949819,0.3105620549468247,0.4434321447134898,1.0316607500584805,1.0750607161370307,1.0988181466349425,-10.184780443589633
900,30900,30900,30900,35ace65,ckpt_sac_full_00049992,0,0,0,timeout,200,243.8555466522308,,,-1,1,30.0,0.45,20.0,1.0,25,1,200,0.002,100,10.0,1.0,0,195,0,0.975,0.3234105670286807,-0.3067767650143562,2.114020463975537,0.0269895055780806,0.036971835505076,0.1157139152963002,1.8816517327556623,0.649670489943844,0.373499824426253,0.3934466712445056,1.0373296725674273,1.0750225841355423,1.271529097951206,-10.409810250761923
901,30901,30901,30901,35ace65,ckpt_sac_full_00049992,0,0,0,timeout,200,411.73914750866095,,,-1,1,30.0,0.45,20.0,1.0,25,1,200,0.002,100,10.0,1.0,0,166,0,0.83,0.342700371184594,-0.6136907195781622,-2.1696638097370498,0.0209676593178284,0.035230555188371,0.0559498250172596,1.719218378115533,0.6371817414814821,0.3196599801177525,0.7263970021447987,1.0080114519411203,0.975010297003734,1.1302127520813388,-1.9964406027655488
902,30902,30902,30902,35ace65,ckpt_sac_full_00049992,0,0,0,timeout,200,387.20422462910096,,,-1,1,30.0,0.45,20.0,1.0,25,1,200,0.002,100,10.0,1.0,0,162,0,0.81,0.336642105939647,-0.6385780181796289,0.4744026950354296,0.022484964390138,0.0344125396824419,0.0623709187347461,1.846994514365792,0.6395535276366725,0.3118024402513308,0.6391929939506058,1.0779623004921282,1.006931619011978,0.8975447317104865,-9.213786868034695
903,30903,30903,30903,35ace65,ckpt_sac_full_00049992,0,0,0,timeout,200,223.1280925268626,,,-1,1,30.0,0.45,20.0,1.0,25,1,200,0.002,100,10.0,1.0,0,195,0,0.975,0.3626918762604645,-0.4090988808154436,-0.5332862085927772,0.0239543679990477,0.0400607359855317,0.0386084466054834,0.8250697797516813,1.154332886729936,0.3198942566652423,0.2465957292377888,1.0010571571115745,1.0759836544851813,0.8446247807290694,-12.117718491566396
904,30904,30904,30904,35ace65,ckpt_sac_full_00049992,0,0,0,timeout,200,386.2415741130424,,,-1,1,30.0,0.45,20.0,1.0,25,1,200,0.002,100,10.0,1.0,0,162,0,0.81,0.3367813088988135,-0.6560786992713576,0.6035825608147345,0.0271139514564173,0.0342401104240818,0.0520815253826671,1.950727459058083,1.1137759169793084,0.3153093954462032,0.6102186249722021,1.0967986522428197,1.0091495398715682,1.260565954084774,-7.295623458442845
905,30905,30905,30905,35ace65,ckpt_sac_full_00049992,0,0,0,timeout,200,170.01513737051994,,,-1,1,30.0,0.45,20.0,1.0,25,1,200,0.002,100,10.0,1.0,0,184,0,0.92,0.3113839864960622,-0.1790658663875933,0.5851412624487442,0.0208770760957627,0.0302100871201147,0.0855217941778345,1.351673360380392,0.9580334494223433,0.3868526945603838,0.2635681404237018,1.0116321094507303,0.984406243800404,0.8569287931858228,-17.635427447889757
906,30906,30906,30906,35ace65,ckpt_sac_full_00049992,0,0,0,timeout,200,305.68223877301386,,,-1,1,30.0,0.45,20.0,1.0,25,1,200,0.002,100,10.0,1.0,0,178,0,0.89,0.3639992498646608,-0.2800262583854681,0.2962050252670352,0.0232347535245936,0.0333657690171115,0.0359391616286444,1.6790017318882926,0.6190288945335184,0.3618772121247399,0.5893476599039179,1.1216078335479955,0.9942991532598644,1.0945820631676182,-11.798982109594812
907,30907,30907,30907,35ace65,ckpt_sac_full_00049992,0,0,0,timeout,200,342.4281546177417,,,-1,0,30.0,0.45,20.0,1.0,25,1,200,0.002,100,10.0,1.0,0,185,0,0.925,0.3530965546247767,-0.3672664497146252,1.6782806953970877,0.0218924989747723,0.0350842406164138,0.0500300218736613,1.1502851462081851,0.7503803352434399,0.3861447230161144,0.5945851248920061,0.9986257539108692,0.9916206901971912,1.079392057025483,-3.215240535418236
908,30908,30908,30908,35ace65,ckpt_sac_full_00049992,0,0,0,timeout,200,362.2442515674469,,,-1,1,30.0,0.45,20.0,1.0,25,1,200,0.002,100,10.0,1.0,0,191,0,0.955,0.3775353194168965,-0.5982586488531451,-2.0715622110965546,0.0264457794284318,0.0357553571340126,0.044475606163617,0.8239014455488975,0.9768463054288488,0.3385287709122196,0.4578514820138237,1.0078122979116355,1.0267309560359923,1.1274438272193852,-27.7261025661756
909,30909,30909,30909,35ace65,ckpt_sac_full_00049992,0,0,0,timeout,200,428.85375516282807,,,-1,1,30.0,0.45,20.0,1.0,25,1,200,0.002,100,10.0,1.0,0,172,0,0.86,0.3147195306865321,-0.5943861877910867,2.111048048417249,0.0262323284298623,0.0377733607510177,0.0844084848423461,1.760596083703997,0.6200063630422887,0.3853137127517947,0.7130344717559229,0.9584203205192278,1.0901964586746826,0.9355662320778588,-14.37569910156541
910,30910,30910,30910,35ace65,ckpt_sac_full_00049992,0,0,0,timeout,200,284.8945257404052,,,-1,0,30.0,0.45,20.0,1.0,25,1,200,0.002,100,10.0,1.0,0,191,0,0.955,0.3387916358651647,-0.6363447953180492,0.0119113383113931,0.025031277573109,0.0302019106794167,0.0741732501261793,0.8605007380812697,0.7310322486212736,0.3120026440345168,0.2648710794905758,1.1595786466505011,0.957468198995039,1.0955983789233086,-21.054139329782892
911,30911,30911,30911,35ace65,ckpt_sac_full_00049992,0,0,0,timeout,200,119.85588526915942,,,-1,1,30.0,0.45,20.0,1.0,25,1,200,0.002,100,10.0,1.0,152,194,0,0.97,0.3485416572839142,-0.1868941882590117,2.2893775053158985,0.0236282523765795,0.0401902933021963,0.0472576701247558,0.9982754298063264,0.7896320289476848,0.3130871735027127,0.2176792636826449,1.0760808976752134,1.0153163820598574,0.8629688906468361,-128.11901246930375
912,30912,30912,30912,35ace65,ckpt_sac_full_00049992,0,0,0,timeout,200,189.38428626671268,,,-1,1,30.0,0.45,20.0,1.0,25,1,200,0.002,100,10.0,1.0,0,187,0,0.935,0.3707827204049977,-0.2567287799086558,1.382110434910011,0.026053464232674,0.0382186852764755,0.0675544876875351,1.5833970795974706,1.1139222775086486,0.3359630772750488,0.2871033272128515,1.0303756932709045,1.012363676529919,1.0046149316573825,-5.404409895090924
913,30913,30913,30913,35ace65,ckpt_sac_full_00049992,0,0,0,timeout,200,387.2747567131766,,,-1,1,30.0,0.45,20.0,1.0,25,1,200,0.002,100,10.0,1.0,0,162,0,0.81,0.3872984229964281,-0.3670939232683634,-1.1475852428664042,0.0266270113624279,0.034756149826028,0.0428324634871817,1.5229925380766287,0.7480946676288894,0.3809895727791068,0.6893699461986083,1.0028695749905148,0.9363136683518828,1.109505270972793,-9.543385396694733
914,30914,30914,30914,35ace65,ckpt_sac_full_00049992,0,0,0,timeout,200,361.9701078677848,,,-1,0,30.0,0.45,20.0,1.0,25,1,200,0.002,100,10.0,1.0,0,174,0,0.87,0.3622373938980611,-0.5954433729599844,-1.948177847190387,0.0260908594236427,0.0370341602448351,0.0585682604098949,1.3495172907954125,0.7486140877875678,0.3241264375515576,0.5084386687036648,0.991269840450426,1.0331699512016683,1.1549286452561522,-20.801227511676935
915,30915,30915,30915,35ace65,ckpt_sac_full_00049992,0,0,0,timeout,200,275.0066950631911,,,-1,0,30.0,0.45,20.0,1.0,25,1,200,0.002,100,10.0,1.0,0,187,0,0.935,0.3410522487862148,-0.6628546449941953,2.165831898382403,0.020697426505301,0.0322358987400706,0.0920967440435735,1.9428811778583333,0.9627443700022368,0.3212893343482855,0.1898843265975205,1.0257769362751232,0.9777453139233556,0.9993195653904454,-20.71428888731756
916,30916,30916,30916,35ace65,ckpt_sac_full_00049992,0,0,0,timeout,200,344.87285286345787,,,-1,1,30.0,0.45,20.0,1.0,25,1,200,0.002,100,10.0,1.0,0,190,0,0.95,0.3241674762848904,-0.6311723909764224,1.0587077400485283,0.023458002872148,0.0319330511953949,0.09912848113581,1.938263477770593,1.1173108550639008,0.3629272563450736,0.4149895878366697,0.9932270551767848,1.1065888642279842,0.9017844674868593,-10.825238471194108
917,30917,30917,30917,35ace65,ckpt_sac_full_00049992,0,0,0,timeout,200,322.42494719494294,,,-1,1,30.0,0.45,20.0,1.0,25,1,200,0.002,100,10.0,1.0,0,194,0,0.97,0.3513046297095087,-0.2627808183146262,-0.7110469822094809,0.0230416502130354,0.0319784830536932,0.050209155827768,1.0906935465537475,1.030941004000944,0.3320540010463573,0.7184811863361822,0.9721704429697484,1.069860409753781,0.946935385748271,-13.55739914905048
918,30918,30918,30918,35ace65,ckpt_sac_full_00049992,0,0,0,timeout,200,313.3511847705626,,,-1,1,30.0,0.45,20.0,1.0,25,1,200,0.002,100,10.0,1.0,0,185,0,0.925,0.3243148380128673,-0.4288067894768653,-1.3226848492620356,0.0223100081553885,0.0302907042792084,0.0772972727955043,1.5255204980302262,1.1356077403987088,0.3525815321202035,0.5303525973286574,0.985328105474638,1.0220771281645713,1.0655828464495922,-21.5868285520029
919,30919,30919,30919,35ace65,ckpt_sac_full_00049992,0,0,0,timeout,200,228.3757271790264,,,-1,0,30.0,0.45,20.0,1.0,25,1,200,0.002,100,10.0,1.0,0,189,0,0.945,0.3132876256045506,-0.570244993365232,-2.7041294841496413,0.022600359681775,0.0396390637650106,0.1001422348087799,1.631104629808204,0.7238090268429924,0.3052702230747683,0.1832159202887101,0.96683819211557,1.0615860286544057,1.06710826330899,-37.85950181240487
920,30920,30920,30920,35ace65,ckpt_sac_full_00049992,0,0,0,timeout,200,227.44185718343456,,,-1,1,30.0,0.45,20.0,1.0,25,1,200,0.002,100,10.0,1.0,0,189,0,0.945,0.3643025960993688,-0.3992045877304278,0.4391425326196856,0.0263459977297979,0.0314535861224749,0.1019456499995451,1.057531120532371,0.97730092947232,0.324173261425345,0.264261859429042,1.0365700827313804,1.025799834332762,1.252582518092951,-7.030709555005348
921,30921,30921,30921,35ace65,ckpt_sac_full_00049992,0,0,0,timeout,200,295.9789070896544,,,-1,0,30.0,0.45,20.0,1.0,25,1,200,0.002,100,10.0,1.0,0,177,0,0.885,0.3581614898326404,-0.475946752921999,2.2640964059117,0.0262722229741288,0.0370705362786295,0.0690882069518664,0.9400179979289508,0.9442116768935712,0.3630437137878372,0.3681936205408811,1.0408988289489522,1.0221628512786791,0.9792964657402848,-6.602104142007494
922,30922,30922,30922,35ace65,ckpt_sac_full_00049992,0,0,0,timeout,200,338.6864058620445,,,-1,1,30.0,0.45,20.0,1.0,25,1,200,0.002,100,10.0,1.0,0,194,0,0.97,0.30341110195022,-0.6811804269197081,-0.9627349413500128,0.02413180930474,0.0314120183441874,0.1077889471377891,0.976588235177974,1.018970804902166,0.3150268019577665,0.4775121245543184,0.9487515497866824,1.0385535544575806,0.9504860542382964,-23.21968365644752
923,30923,30923,30923,35ace65,ckpt_sac_full_00049992,0,0,0,timeout,200,380.417774514552,,,-1,1,30.0,0.45,20.0,1.0,25,1,200,0.002,100,10.0,1.0,0,169,0,0.845,0.3771059889772837,-0.5213546689657634,2.43650238771611,0.022793803033006,0.0316561427206089,0.112358640299182,1.7430069983490932,0.6129443505048673,0.3147250303523763,0.6305351858890806,1.1154558735231734,1.0306844094526229,1.022279590809231,-13.420621057775838
924,30924,30924,30924,35ace65,ckpt_sac_full_00049992,0,0,0,timeout,200,203.60631901708595,,,-1,0,30.0,0.45,20.0,1.0,25,1,200,0.002,100,10.0,1.0,0,187,0,0.935,0.3509076755318361,-0.1856522548397049,-1.1073648390137367,0.0209206264347357,0.0391879005167271,0.102690251362458,1.2738139892703986,1.188084612992796,0.3062249952804433,0.441189365722673,1.0042493249156663,0.9311111249102764,1.0655239434408776,-10.862345361176349
925,30925,30925,30925,35ace65,ckpt_sac_full_00049992,0,0,0,timeout,200,266.28640694482243,,,-1,1,30.0,0.45,20.0,1.0,25,1,200,0.002,100,10.0,1.0,0,192,0,0.96,0.3403863625144893,-0.2285104830747852,-0.7668732532621827,0.0267239014351473,0.0340976032849801,0.0392686365927978,0.8572698182938859,1.3936469863065997,0.3405675410560547,0.5750912203962906,1.1490387979644774,1.0107145207440549,1.132754200625397,-24.42932338350297
926,30926,30926,30926,35ace65,ckpt_sac_full_00049992,0,0,0,timeout,200,244.4448734325125,,,-1,0,30.0,0.45,20.0,1.0,25,1,200,0.002,100,10.0,1.0,0,184,0,0.92,0.3881477658804335,-0.4809443358718628,-0.9004004706226838,0.0221306194872845,0.0375735212730607,0.0965442422700287,1.8833269823176133,0.6086294783742737,0.302944591401592,0.2001497481726614,1.0324792775497762,0.961804482796694,0.8836419546031556,-10.948352640516433
927,30927,30927,30927,35ace65,ckpt_sac_full_00049992,0,0,0,timeout,200,358.56841627310166,,,-1,1,30.0,0.45,20.0,1.0,25,1,200,0.002,100,10.0,1.0,0,194,0,0.97,0.3709693675932467,-0.6668098658073415,-2.091976132548032,0.0215958814067883,0.0361922133639332,0.0484712692087732,0.9201154285984512,0.8256435274521925,0.3621304234941168,0.3524011337306911,0.9662670272207388,1.036620802848982,1.1053825550757084,-10.604940438795406
928,30928,30928,30928,35ace65,ckpt_sac_full_00049992,0,0,0,timeout,200,318.7115985950629,,,-1,1,30.0,0.45,20.0,1.0,25,1,200,0.002,100,10.0,1.0,0,186,0,0.93,0.3279474975143248,-0.5505293847767774,-1.2190192537466993,0.023958320401113,0.0336984861877026,0.0860897301810582,1.3323714250192051,1.0986126170289114,0.3568676445926054,0.4142562774478139,0.9819914427629558,1.0666672376306603,0.9814074987516974,-24.139797139375556
929,30929,30929,30929,35ace65,ckpt_sac_full_00049992,0,0,0,timeout,200,281.55508626633207,,,-1,1,30.0,0.45,20.0,1.0,25,1,200,0.002,100,10.0,1.0,0,194,0,0.97,0.348460942602052,-0.5253467079236053,1.2349273779563852,0.0228318443029595,0.0356831925951401,0.0628272263130017,1.4955607827725497,0.7787053462753384,0.3352736848501436,0.3227486811086769,1.0525088272875718,1.0520194982928393,0.9811257659994084,-6.788156147307224
930,30930,30930,30930,35ace65,ckpt_sac_full_00049992,0,0,0,timeout,200,249.4426733656135,,,-1,1,30.0,0.45,20.0,1.0,25,1,200,0.002,100,10.0,1.0,0,188,0,0.94,0.3104536952433244,-0.298344066198436,-0.2291098839187779,0.0224491739694974,0.0320218201722631,0.0425275754717426,1.8819405605970227,1.3566747371283931,0.304996207924571,0.5361268202042092,1.081732858602225,0.9885469546075984,1.0787242127170105,-11.141659328286265
931,30931,30931,30931,35ace65,ckpt_sac_full_00049992,0,0,0,timeout,200,399.6315927825473,,,-1,1,30.0,0.45,20.0,1.0,25,1,200,0.002,100,10.0,1.0,0,173,0,0.865,0.3204223571726185,-0.6874311868398999,-0.643167031693773,0.0270880930136592,0.034940293017904,0.0406196493764458,0.8573768123073637,1.0095010297650178,0.3439993429488808,0.6016340173963376,0.9554679635393064,1.0478555445909792,1.0362084543719932,-11.62166039706706
932,30932,30932,30932,35ace65,ckpt_sac_full_00049992,0,0,0,timeout,200,270.1047995578737,,,-1,1,30.0,0.45,20.0,1.0,25,1,200,0.002,100,10.0,1.0,0,184,0,0.92,0.3069421252686518,-0.5216521156059716,-1.2943856321849831,0.0236384563220245,0.031063114539801,0.0857209248698072,0.8343942710123236,0.6103187572571397,0.3119742590867762,0.3851039109931807,0.9599758957533314,1.024302765139914,0.980125793246496,-2.2555133390960083
933,30933,30933,30933,35ace65,ckpt_sac_full_00049992,0,0,0,timeout,200,335.76198816763235,,,-1,1,30.0,0.45,20.0,1.0,25,1,200,0.002,100,10.0,1.0,0,186,0,0.93,0.3537910803291575,-0.4126232019710691,1.0198228740608712,0.0240969758361447,0.0395464391997378,0.0627074884763508,1.9845070787456431,0.6174390516191454,0.3345633918391303,0.6052606343022146,1.0799377992635597,0.9713930623552464,1.0111754397865402,-18.98153669465773
934,30934,30934,30934,35ace65,ckpt_sac_full_00049992,0,0,0,timeout,200,301.3740576191117,,,-1,1,30.0,0.45,20.0,1.0,25,1,200,0.002,100,10.0,1.0,0,178,0,0.89,0.3178291383154888,-0.1807969146766851,-0.527457292611746,0.0215531252598444,0.0354621728290593,0.0819222433416667,0.8310886863470812,0.9861780402679908,0.3710836286359694,0.7122526758545313,0.9829522207022416,1.060300923030854,0.9467467240617148,-22.29581591748473
935,30935,30935,30935,35ace65,ckpt_sac_full_00049992,0,0,0,timeout,200,478.1344209147265,,,-1,0,30.0,0.45,20.0,1.0,25,1,200,0.002,100,10.0,1.0,0,171,0,0.855,0.3879671383453827,-0.7290819369956443,-2.1346416557596517,0.025961477542891,0.0341470909273296,0.1117623376986894,1.5443912693945,0.7798488591910757,0.389474467736962,0.5969489494047339,0.983723283620624,1.0812600645923882,1.1060025510032303,-6.268968793472412
936,30936,30936,30936,35ace65,ckpt_sac_full_00049992,0,0,0,timeout,200,312.9164487244361,,,-1,1,30.0,0.45,20.0,1.0,25,1,200,0.002,100,10.0,1.0,0,181,0,0.905,0.3130100730782078,-0.5914528373787913,-1.9974507157586197,0.0207209543826862,0.035831790125136,0.106747511200283,1.2824041947078966,0.6158458422228734,0.3525339282338959,0.3806900866743615,1.028049046447953,1.0028512909257477,0.924714348574568,-10.060285894549729
937,30937,30937,30937,35ace65,ckpt_sac_full_00049992,0,0,0,timeout,200,191.6394179531154,,,-1,1,30.0,0.45,20.0,1.0,25,1,200,0.002,100,10.0,1.0,0,188,0,0.94,0.3058716543714616,-0.247300763885364,0.7566378951873141,0.0255125621454049,0.0389022289518133,0.0364648387114445,1.3475279134822422,0.8891099038348038,0.3565181217073144,0.319673167473732,1.0105875487485332,1.0394781187839666,0.9533312568098438,-17.159552493887738
938,30938,30938,30938,35ace65,ckpt_sac_full_00049992,0,0,0,timeout,200,349.6166515350987,,,-1,1,30.0,0.45,20.0,1.0,25,1,200,0.002,100,10.0,1.0,0,171,0,0.855,0.3328251894541938,-0.4695740091787269,3.0400478541993694,0.0257719331192156,0.0398369617007527,0.1014059473678053,1.8266739283506823,1.0727129243898976,0.3642608170115623,0.5667829167640442,1.0738758367386425,1.0907830311225497,1.0497564895995228,-7.140988323762575
939,30939,30939,30939,35ace65,ckpt_sac_full_00049992,0,0,0,timeout,200,277.2056432847656,,,-1,1,30.0,0.45,20.0,1.0,25,1,200,0.002,100,10.0,1.0,0,170,0,0.85,0.3328993533684678,-0.5443938916438792,2.9353184825273235,0.0258066304668831,0.0337541429923211,0.0596289279723942,1.197632235287232,0.9811136234985034,0.3866501239327582,0.2329885441905531,1.0028618682016872,1.117205012716394,1.0038436157976638,-26.95703112748356
940,30940,30940,30940,35ace65,ckpt_sac_full_00049992,0,0,0,timeout,200,290.9121702818976,,,-1,1,30.0,0.45,20.0,1.0,25,1,200,0.002,100,10.0,1.0,0,183,0,0.915,0.3800572513763917,-0.3149381369766985,1.3346492136118009,0.0215587634933562,0.0387147468430289,0.0861809973772499,1.6276514442642886,0.7044290000211025,0.3424893384401122,0.4442594027658516,1.0333225925282143,0.9864753830429296,1.031472379489876,-8.921417240814028
941,30941,30941,30941,35ace65,ckpt_sac_full_00049992,0,0,0,timeout,200,291.4233515240533,,,-1,1,30.0,0.45,20.0,1.0,25,1,200,0.002,100,10.0,1.0,0,193,0,0.965,0.3052736096951234,-0.1778440297174665,-2.351037776202123,0.0227743089721146,0.039549344834505,0.083009035257776,1.6524511419891117,1.0080509489031424,0.3813329028474928,0.6720392092872151,0.978682788313513,1.0212216588100351,1.027512343178925,-16.444134677341438
942,30942,30942,30942,35ace65,ckpt_sac_full_00049992,0,0,0,timeout,200,273.9398255226947,,,-1,1,30.0,0.45,20.0,1.0,25,1,200,0.002,100,10.0,1.0,0,193,0,0.965,0.3471999538710856,-0.6132063550558401,-1.6910191396081935,0.0239697183231306,0.0316690789562448,0.0849892044510772,1.605663050857118,0.8029276772313597,0.3685420955837937,0.1721043243845844,1.0384630284304386,1.1093889813915137,1.0247500015650624,-5.966020022776349
943,30943,30943,30943,35ace65,ckpt_sac_full_00049992,0,0,0,timeout,200,362.09262486311394,,,-1,1,30.0,0.45,20.0,1.0,25,1,200,0.002,100,10.0,1.0,0,174,0,0.87,0.3759729034267641,-0.6560035659436536,2.662285351973384,0.0241457091704837,0.0341969247047643,0.0852626243898292,0.9885759301411968,1.0353246465432502,0.3334794885331256,0.4090951451741048,1.027602506673707,1.020701343215613,1.1800299856749792,-17.358807854998087
944,30944,30944,30944,35ace65,ckpt_sac_full_00049992,0,0,0,timeout,200,297.3410930742684,,,-1,1,30.0,0.45,20.0,1.0,25,1,200,0.002,100,10.0,1.0,0,192,0,0.96,0.3072486638377076,-0.4391190627362775,-2.5780316099145777,0.0256680874254815,0.032128302291018,0.0620422023799057,0.97107457279489,0.8148115956241061,0.3011171417910879,0.582053433179464,1.0210100140891385,1.0550072089823008,1.0169558117993185,-23.88744437099585
945,30945,30945,30945,35ace65,ckpt_sac_full_00049992,0,0,0,timeout,200,231.2493240905337,,,-1,1,30.0,0.45,20.0,1.0,25,1,200,0.002,100,10.0,1.0,0,182,0,0.91,0.3396792616510747,-0.3843634930963147,-0.9808810081792658,0.0206010579423791,0.03201270575943,0.1053928007883123,1.939998275745556,1.1875237329317263,0.3465241713167987,0.3030014206899797,0.9272571111832802,0.995777765966576,0.9775874287505316,-6.337766907982136
946,30946,30946,30946,35ace65,ckpt_sac_full_00049992,0,0,0,timeout,200,330.93092368940097,,,-1,0,30.0,0.45,20.0,1.0,25,1,200,0.002,100,10.0,1.0,0,178,0,0.89,0.3412475393342876,-0.7260525391975474,0.4929507568305746,0.0213310624288535,0.0397727373914211,0.103835254457801,1.5852072317326191,0.745658621045065,0.3415953368362508,0.2863248673896762,0.9444459994598926,1.0095539211202107,1.2973276586991689,-19.073023155988697
947,30947,30947,30947,35ace65,ckpt_sac_full_00049992,0,0,0,timeout,200,126.46985419922046,,,-1,1,30.0,0.45,20.0,1.0,25,1,200,0.002,100,10.0,1.0,3,188,0,0.94,0.3862144870838104,-0.186674128409088,-2.669067217122627,0.0261989397510734,0.0392514832008288,0.0577292350218474,1.4721667066937192,0.863219706188154,0.3308168323482295,0.1994314721020654,1.0238073613229648,0.9205186239390872,0.9713002145567168,-7.137555762912549
948,30948,30948,30948,35ace65,ckpt_sac_full_00049992,0,0,0,timeout,200,230.01662827152617,,,-1,1,30.0,0.45,20.0,1.0,25,1,200,0.002,100,10.0,1.0,0,187,0,0.935,0.3508328297333245,-0.2897263011588055,-0.160569697365446,0.0269463158152433,0.037587264155261,0.1006730766044406,1.1196349356362325,1.2806683540853725,0.3407546742709793,0.3877034498537585,1.010803346475888,1.0111466085566014,1.026818574902956,-14.79019548469748
949,30949,30949,30949,35ace65,ckpt_sac_full_00049992,0,0,0,timeout,200,329.3463775839279,,,-1,1,30.0,0.45,20.0,1.0,25,1,200,0.002,100,10.0,1.0,0,183,0,0.915,0.367074768074842,-0.4962053107687161,0.0090446124185388,0.0224110358483078,0.0320734729233788,0.0325426388425603,0.8517067308230546,0.7597516517830317,0.3599902124944695,0.4438093135077481,1.1014974992796245,0.9270950263316202,1.0900394453689453,-12.93016669665946
950,30950,30950,30950,35ace65,ckpt_sac_full_00049992,0,0,0,timeout,200,170.1145231339119,,,-1,1,30.0,0.45,20.0,1.0,25,1,200,0.002,100,10.0,1.0,0,194,0,0.97,0.3245198471161109,-0.2379274863766827,2.6700993611871637,0.0222199436128477,0.0375498532035116,0.0389323586392509,1.5817342644102297,1.0371808689437372,0.3461822159131863,0.2735605737891363,0.9618713690819772,1.0353003255583366,1.1856324777671166,-14.233899128715036
951,30951,30951,30951,35ace65,ckpt_sac_full_00049992,0,0,0,timeout,200,440.9604011451576,,,-1,1,30.0,0.45,20.0,1.0,25,1,200,0.002,100,10.0,1.0,0,164,0,0.82,0.3444950328938032,-0.5186354260606332,-0.9339896525330428,0.0255780932343357,0.0341777540909445,0.0603794465378901,1.891172493082793,0.7506891007113218,0.334217324163772,0.7258549172024577,1.0826933013307074,0.9637027691145892,0.953474362694302,0.1889409583374841
952,30952,30952,30952,35ace65,ckpt_sac_full_00049992,0,0,0,timeout,200,238.12778446687147,,,-1,1,30.0,0.45,20.0,1.0,25,1,200,0.002,100,10.0,1.0,0,185,0,0.925,0.3351428623481699,-0.3489832866173317,2.1352122722485483,0.025188451292341,0.0367423305384967,0.0988999334972177,1.4172065527977364,0.6446584447061687,0.3688777607007837,0.3349644458291133,1.089317968185462,1.1265001289137484,0.9197910829231912,-4.906999801632362
953,30953,30953,30953,35ace65,ckpt_sac_full_00049992,0,0,0,timeout,200,414.1401298720489,,,-1,1,30.0,0.45,20.0,1.0,25,1,200,0.002,100,10.0,1.0,0,192,0,0.96,0.3448836075377255,-0.6272793805194922,-0.1155105965251657,0.0271126929865723,0.0329959239755355,0.086447753900279,1.0553785641043247,1.0176858423898447,0.33569565783711,0.6809715116330838,1.0053933284442238,1.0678228928660085,1.098723509655524,-14.785821687594272
954,30954,30954,30954,35ace65,ckpt_sac_full_00049992,0,0,0,timeout,200,396.7791918562576,,,-1,1,30.0,0.45,20.0,1.0,25,1,200,0.002,100,10.0,1.0,0,168,0,0.84,0.3522816709444599,-0.7285998195551322,1.6827211148027803,0.0251957039215809,0.0297917893880813,0.0628342314420968,1.6895280020926573,0.9635384528909562,0.3001447576057852,0.5705294767846203,0.9803137880261952,1.1202116792369432,1.3006766612410572,-16.80973948299374
955,30955,30955,30955,35ace65,ckpt_sac_full_00049992,0,0,0,timeout,200,276.7212677747672,,,-1,1,30.0,0.45,20.0,1.0,25,1,200,0.002,100,10.0,1.0,0,185,0,0.925,0.3144626270212864,-0.2429118884583668,-2.2002881301145365,0.0273513345468796,0.0307046540393066,0.0580611889733189,0.8562215813453251,1.1292812468964988,0.356544857465131,0.5985583446126223,1.0357400014183284,1.032925257238981,1.0545109129930212,-20.09633539580167
956,30956,30956,30956,35ace65,ckpt_sac_full_00049992,0,0,0,timeout,200,240.67924672390424,,,-1,1,30.0,0.45,20.0,1.0,25,1,200,0.002,100,10.0,1.0,0,187,0,0.935,0.3229373507831013,-0.2947413667194825,-1.7373636767297056,0.0206952254840888,0.0318086429289768,0.0479492388312419,0.8493576630293994,1.312199006197752,0.3002262870224464,0.4897416139077798,1.141379748773235,1.050667769408727,1.1158571922592824,-10.010993351773688
957,30957,30957,30957,35ace65,ckpt_sac_full_00049992,0,0,0,timeout,200,454.5140505338878,,,-1,1,30.0,0.45,20.0,1.0,25,1,200,0.002,100,10.0,1.0,0,145,0,0.725,0.353565008296961,-0.640119844037345,2.2795296753284244,0.0251120086416449,0.0397948651192748,0.0322513955015416,1.676174203995071,0.8874309091606286,0.3865423324003408,0.6797230077147334,1.099509406338165,1.022327839351939,0.7861255960789382,-6.267347245052621
958,30958,30958,30958,35ace65,ckpt_sac_full_00049992,0,0,0,timeout,200,275.6474712582033,,,-1,1,30.0,0.45,20.0,1.0,25,1,200,0.002,100,10.0,1.0,0,187,0,0.935,0.3750743489082301,-0.455094339071523,0.9801762231159428,0.0265516303806979,0.0402337295666748,0.0817332632152789,1.171737485138966,1.1562571077911157,0.3794461003886507,0.181081933813605,1.03666599802519,1.0704405694099346,1.0829463250841092,-1.5919852808481307
959,30959,30959,30959,35ace65,ckpt_sac_full_00049992,0,0,0,timeout,200,241.60979152465856,,,-1,1,30.0,0.45,20.0,1.0,25,1,200,0.002,100,10.0,1.0,0,188,0,0.94,0.3869304817223565,-0.4013040148763951,-1.5477503096248924,0.0237848894583446,0.036999038733353,0.0776785566874338,0.86186518817055,0.629978955394598,0.3754446793753706,0.2427144270562946,0.9480777368861284,0.9895816565967032,1.0254022662153042,-18.205256677827627
960,30960,30960,30960,35ace65,ckpt_sac_full_00049992,0,0,0,timeout,200,313.73931703316606,,,-1,1,30.0,0.45,20.0,1.0,25,1,200,0.002,100,10.0,1.0,0,178,0,0.89,0.3014429108904595,-0.3190148889679595,3.067052207826345,0.0206103642787223,0.0350703991341559,0.055500123285244,1.187128153979287,1.0020373634213589,0.3673269857584083,0.6958105079131436,1.0502108680000175,1.0883839539497313,1.1085622759301814,-12.574279198843374
961,30961,30961,30961,35ace65,ckpt_sac_full_00049992,0,0,0,timeout,200,317.9552470504583,,,-1,1,30.0,0.45,20.0,1.0,25,1,200,0.002,100,10.0,1.0,0,192,0,0.96,0.3056103831984616,-0.3115877477752604,-1.1753181840977498,0.0251289281912945,0.0299770810463512,0.0930134049287162,1.7919608110591696,1.364010071332275,0.361709597952502,0.6683053167193329,1.0163960668247836,1.0844889722549576,1.131796917924441,-19.833631893048658
962,30962,30962,30962,35ace65,ckpt_sac_full_00049992,0,0,0,timeout,200,398.0382834795183,,,-1,1,30.0,0.45,20.0,1.0,25,1,200,0.002,100,10.0,1.0,0,195,0,0.975,0.3422395663615959,-0.6933255349574452,-0.0083926980638766,0.0242602033379691,0.0346446604412249,0.097244735302201,0.9863617077230324,1.205281579716917,0.3387601028260923,0.5549238145504753,1.0122594428302711,1.027910654200315,0.9159301323703531,-24.209551891588465
963,30963,30963,30963,35ace65,ckpt_sac_full_00049992,0,0,0,timeout,200,239.33606639240617,,,-1,0,30.0,0.45,20.0,1.0,25,1,200,0.002,100,10.0,1.0,0,180,0,0.9,0.3510278690919876,-0.2481597838508214,1.917265342735087,0.0239815410970256,0.0397196962986974,0.0742523109886093,1.4698841043976745,0.9751762837564208,0.3507691037040718,0.4478602110770334,1.0905989901845532,1.016689274972172,1.266384961629179,-6.8432799195015885
964,30964,30964,30964,35ace65,ckpt_sac_full_00049992,0,0,0,timeout,200,299.4419961542111,,,-1,1,30.0,0.45,20.0,1.0,25,1,200,0.002,100,10.0,1.0,0,188,0,0.94,0.3083179489513251,-0.6612834780188686,-1.6979819339730091,0.0245085804287269,0.0358643098803294,0.0686429906727389,1.414005534102368,1.115940280232866,0.3225668771403654,0.3269213071778911,1.103057784965832,0.9903491871859966,1.0299824358996594,-16.20929885490074
965,30965,30965,30965,35ace65,ckpt_sac_full_00049992,0,0,0,timeout,200,359.59002067874644,,,-1,1,30.0,0.45,20.0,1.0,25,1,200,0.002,100,10.0,1.0,0,185,0,0.925,0.3439703037106179,-0.501269850025753,1.1238350864854771,0.025932465671303,0.0358516772726685,0.0536869059236796,1.4424217581338374,0.8816305265107267,0.3759784305840687,0.542710865282703,1.0920231650833692,1.0402398690505097,1.1593535547232785,-13.047359259908536
966,30966,30966,30966,35ace65,ckpt_sac_full_00049992,0,0,0,timeout,200,305.956088141233,,,-1,0,30.0,0.45,20.0,1.0,25,1,200,0.002,100,10.0,1.0,0,182,0,0.91,0.3387803228054272,-0.6829322937734905,1.1516678151405122,0.0214045954124729,0.0399404159147485,0.096305754483639,1.8753075853579,1.28654138278496,0.3884250921609107,0.1736366714625706,0.980626592701958,1.014387643595325,0.8775009421150807,-42.350902706541454
967,30967,30967,30967,35ace65,ckpt_sac_full_00049992,0,0,0,timeout,200,341.1034130597839,,,-1,1,30.0,0.45,20.0,1.0,25,1,200,0.002,100,10.0,1.0,0,193,0,0.965,0.3691306333277758,-0.5690196554234005,1.6629283108755732,0.0265511349980477,0.0384257328527262,0.0815177097165137,1.4784187888630274,0.845226054715946,0.3476776222751958,0.42220307575415,1.0563842753922077,1.0457430434527983,1.1612267758298025,-17.95311323047587
968,30968,30968,30968,35ace65,ckpt_sac_full_00049992,0,0,0,timeout,200,326.8149935448856,,,-1,1,30.0,0.45,20.0,1.0,25,1,200,0.002,100,10.0,1.0,0,183,0,0.915,0.3878520841148594,-0.394807675561228,1.2798992750586775,0.0250199942019828,0.0378915739506577,0.0725204506607461,1.2185845639837751,0.805116704974273,0.3111555072944185,0.5553638204584629,0.9895570200995926,0.9691846344035204,0.9334196747150708,-11.380334420579096
969,30969,30969,30969,35ace65,ckpt_sac_full_00049992,0,0,0,timeout,200,120.27575648800772,,,-1,1,30.0,0.45,20.0,1.0,25,1,200,0.002,100,10.0,1.0,0,185,0,0.925,0.326721642618188,-0.1860602826601617,0.4285031071664793,0.0238564980109089,0.0303769883858323,0.0460720472889813,1.1550161423768792,1.3187807837053112,0.3878354836223955,0.17393214978369,1.0216818651161754,0.9834846807441844,1.2857356554990629,-8.225823455765182
970,30970,30970,30970,35ace65,ckpt_sac_full_00049992,0,0,0,timeout,200,313.9712287364472,,,-1,1,30.0,0.45,20.0,1.0,25,1,200,0.002,100,10.0,1.0,0,184,0,0.92,0.3076736695324558,-0.6934936923775394,2.0722761692863907,0.0274811547771829,0.0325410273288447,0.0400773220857597,1.142962995282274,1.0545267564458705,0.3069759180193732,0.3788199511429481,1.0426086747961545,1.084820350320656,1.0024493945035182,-22.059139577063437
971,30971,30971,30971,35ace65,ckpt_sac_full_00049992,0,0,0,timeout,200,310.70301167750847,,,-1,1,30.0,0.45,20.0,1.0,25,1,200,0.002,100,10.0,1.0,0,188,0,0.94,0.3030489126999555,-0.6916423358440019,1.5153329479413236,0.0269530973953656,0.0396427931584823,0.0864227977435016,1.0936414316886507,1.1313690457981194,0.3796226812965947,0.2277008977618158,1.0001746258347792,1.0643642227748098,1.058536625972871,-15.327625614193792
972,30972,30972,30972,35ace65,ckpt_sac_full_00049992,0,0,0,timeout,200,360.262171880125,,,-1,0,30.0,0.45,20.0,1.0,25,1,200,0.002,100,10.0,1.0,0,188,0,0.94,0.3368702348943615,-0.5361324231814719,-1.1337496412288606,0.0241566673656793,0.0389549996519736,0.069767820309818,1.6770437979425037,1.1267298877663192,0.3188751809834874,0.6247669513395364,1.005935432919619,0.9843229776779012,1.007888287421891,-22.90227941542397
973,30973,30973,30973,35ace65,ckpt_sac_full_00049992,0,0,0,timeout,200,385.1687797411169,,,-1,1,30.0,0.45,20.0,1.0,25,1,200,0.002,100,10.0,1.0,0,192,0,0.96,0.3193787586394279,-0.6730747227408078,-1.536804790354353,0.0236488595723531,0.0378501143171992,0.1131928281670142,1.8680236854599888,0.95830617832797,0.3012942980599671,0.6647981108062596,1.0150165802697162,1.0404858500560348,1.005704940054627,-17.97459783522791
974,30974,30974,30974,35ace65,ckpt_sac_full_00049992,0,0,0,timeout,200,165.6675148919897,,,-1,1,30.0,0.45,20.0,1.0,25,1,200,0.002,100,10.0,1.0,0,192,0,0.96,0.3653420463436331,-0.2257015758649745,0.5474186140312205,0.0254764943850607,0.0387060575641261,0.1088606095746442,1.6265150742970405,1.0762960572962827,0.3396732765499157,0.3246757462422947,0.977003847898257,1.0938301182787806,1.169391377049647,-6.289920677502713
975,30975,30975,30975,35ace65,ckpt_sac_full_00049992,0,0,0,timeout,200,255.43844191392472,,,-1,1,30.0,0.45,20.0,1.0,25,1,200,0.002,100,10.0,1.0,0,183,0,0.915,0.3037132198756528,-0.3420216443596271,-0.2008177716073356,0.020692696358573,0.0335402069348902,0.1032933065680377,1.1722676269331624,1.0306553326256391,0.3836012817658101,0.4130810712764238,0.9672394375611624,1.1200207008201122,1.1049771345330195,-4.6074510837038565
976,30976,30976,30976,35ace65,ckpt_sac_full_00049992,0,0,0,timeout,200,192.19171060903983,,,-1,1,30.0,0.45,20.0,1.0,25,1,200,0.002,100,10.0,1.0,0,195,0,0.975,0.3540744864249919,-0.332551901857003,3.0714464244578457,0.0233267457966307,0.0332560302869016,0.0626782113407605,1.5911554062979911,1.357555992290994,0.3879953555634626,0.2065895681062086,0.9952821071054724,1.0629232051733852,1.3618483866828326,-2.419328234208877
977,30977,30977,30977,35ace65,ckpt_sac_full_00049992,0,0,0,timeout,200,229.0151974103636,,,-1,1,30.0,0.45,20.0,1.0,25,1,200,0.002,100,10.0,1.0,0,189,0,0.945,0.335748405977562,-0.2461813674518722,-0.1135820388419213,0.0207283424496156,0.0344566672456159,0.0832906082089047,1.949029373375182,1.0487352050689345,0.3085602238430561,0.475992442919728,1.0279562854661362,1.051204712508251,1.0356661503817255,-7.201252672787613
978,30978,30978,30978,35ace65,ckpt_sac_full_00049992,0,0,0,timeout,200,347.4205570347865,,,-1,1,30.0,0.45,20.0,1.0,25,1,200,0.002,100,10.0,1.0,0,170,0,0.85,0.3895106184105394,-0.3819026936608841,-2.263180110788212,0.0216811217659079,0.0308160626895068,0.0821741409601143,1.7651576043716863,0.786092122304514,0.33501977227477,0.6077961669812113,1.052390826383194,1.0106414066769724,0.8167465539601027,-9.975090335623792
979,30979,30979,30979,35ace65,ckpt_sac_full_00049992,0,0,0,timeout,200,362.3539920933049,,,-1,1,30.0,0.45,20.0,1.0,25,1,200,0.002,100,10.0,1.0,0,177,0,0.885,0.3116325543682826,-0.5668051916425683,0.8643304836973336,0.0214268324428395,0.0324419194051212,0.0976050018743686,1.5085273727878947,1.0531314184273737,0.3173634249929296,0.6608053585206931,1.0574072507981978,1.0049304346871757,1.1410653543103828,-13.1846825770287
980,30980,30980,30980,35ace65,ckpt_sac_full_00049992,0,0,0,timeout,200,269.5192836098708,,,-1,0,30.0,0.45,20.0,1.0,25,1,200,0.002,100,10.0,1.0,0,180,0,0.9,0.3691771248886799,-0.3603324456733431,-1.2568855076941317,0.0241845643130952,0.0315761231787386,0.0758085857497306,1.04082632024602,0.8216353406403673,0.3806374250905464,0.3672348079935023,1.000509170532821,1.033028528980504,1.0526514530706472,-14.172410531331211
981,30981,30981,30981,35ace65,ckpt_sac_full_00049992,0,0,0,timeout,200,352.9388177089525,,,-1,1,30.0,0.45,20.0,1.0,25,1,200,0.002,100,10.0,1.0,0,172,0,0.86,0.3506278822119656,-0.4453970429057418,-0.4289885226040479,0.0253353579638386,0.0369303514396798,0.0472476780176488,1.9309993175656583,1.2618206311984697,0.3135941649461771,0.6707267165625745,0.988047937480678,0.989595036491398,1.090493813313119,-25.381338130626197
982,30982,30982,30982,35ace65,ckpt_sac_full_00049992,0,0,0,timeout,200,347.98891996066413,,,-1,1,30.0,0.45,20.0,1.0,25,1,200,0.002,100,10.0,1.0,0,193,0,0.965,0.3394810501460394,-0.516138195454896,1.9446273428801584,0.022546584828378,0.0353191758791397,0.0444389055278767,1.6614955192805665,1.2092012668557826,0.3272814070537566,0.5816040654398041,1.057153100335776,1.0000598181298517,0.9442015543293892,-16.692242231526453
983,30983,30983,30983,35ace65,ckpt_sac_full_00049992,0,0,0,timeout,200,372.3892330633938,,,-1,0,30.0,0.45,20.0,1.0,25,1,200,0.002,100,10.0,1.0,0,162,0,0.81,0.3857089474730491,-0.5393978445947032,3.13685435736482,0.0220887165762278,0.038236213842247,0.0769857099915353,1.1949254507216138,1.3228281066887568,0.3142093939748714,0.5679999486367933,1.0104190407279872,1.0894841080785151,0.9395630654175772,-8.784286721720697
984,30984,30984,30984,35ace65,ckpt_sac_full_00049992,0,0,0,timeout,200,275.48531052512266,,,-1,1,30.0,0.45,20.0,1.0,25,1,200,0.002,100,10.0,1.0,0,191,0,0.955,0.3680238975566061,-0.3577948339787427,-1.9792628912871264,0.0225533020373998,0.03807978047714,0.063217089892388,1.82811836629004,0.8047551143180738,0.3397770735672573,0.4380187875211218,0.9816543122859072,0.925851442708573,1.2258170814271565,-16.5040002852779
985,30985,30985,30985,35ace65,ckpt_sac_full_00049992,0,0,0,timeout,200,244.0075076425677,,,-1,1,30.0,0.45,20.0,1.0,25,1,200,0.002,100,10.0,1.0,0,189,0,0.945,0.3249876228319778,-0.4116011470501209,-1.95150045860558,0.0231668244890314,0.0331137501142925,0.1173127045203225,1.0509909105318267,0.6847838964990792,0.3660698796975291,0.3005681872022885,1.0246199062456196,1.0866985907676392,1.204753767336729,-10.320464060779605
986,30986,30986,30986,35ace65,ckpt_sac_full_00049992,0,0,0,timeout,200,323.6448554354536,,,-1,1,30.0,0.45,20.0,1.0,25,1,200,0.002,100,10.0,1.0,0,187,0,0.935,0.3463204760798856,-0.6785040632008397,-2.0804430203052,0.0226775756659854,0.0320967112487555,0.0513294855006834,1.861638136681969,1.1738626839670112,0.3695037569851971,0.257690425008955,1.116793993579606,0.9909177068004936,0.9817786597881832,-30.47795481375291
987,30987,30987,30987,35ace65,ckpt_sac_full_00049992,0,0,0,timeout,200,266.07150488145834,,,-1,0,30.0,0.45,20.0,1.0,25,1,200,0.002,100,10.0,1.0,0,194,0,0.97,0.3152645075053544,-0.4969475701407938,-1.8995100054867435,0.0237813534102916,0.0323736731390407,0.1005095671081898,1.469710148851648,1.222878390504571,0.3693508869583566,0.2847433450760406,1.0385645349609536,1.0292579029535296,1.0399730510796528,-19.37051017089301
988,30988,30988,30988,35ace65,ckpt_sac_full_00049992,0,0,0,timeout,200,319.13270228172166,,,-1,1,30.0,0.45,20.0,1.0,25,1,200,0.002,100,10.0,1.0,0,187,0,0.935,0.3266433503610757,-0.4542489587249682,1.620342102619329,0.0263056220550769,0.0309434435870964,0.0944928037163157,1.0143511742266993,1.234000427459511,0.303631583816314,0.6054419994442546,1.0745539809673947,0.9942961510127978,1.1112275397686933,-19.07377431318704
989,30989,30989,30989,35ace65,ckpt_sac_full_00049992,0,0,0,timeout,200,293.8264192133448,,,-1,0,30.0,0.45,20.0,1.0,25,1,200,0.002,100,10.0,1.0,0,191,0,0.955,0.3315587428316502,-0.5663074307651185,-0.3107168978552259,0.0220089289390846,0.0393176562147001,0.1127477863803293,1.4548164121412162,1.0883708979194284,0.301799560998557,0.3916194168308506,1.0130834109385976,0.9715523467523268,1.0243802801473696,-14.1671433178328
990,30990,30990,30990,35ace65,ckpt_sac_full_00049992,0,0,0,timeout,200,388.4975917535695,,,-1,1,30.0,0.45,20.0,1.0,25,1,200,0.002,100,10.0,1.0,0,184,0,0.92,0.3505823945200441,-0.707100361880164,2.732273195415379,0.0258857787031087,0.0334987947286844,0.0734743202955562,1.8175265145406383,0.9646707018002,0.3004962005619212,0.5637311643107842,1.0934368790603284,1.0165626979228828,1.2816974491347637,-9.274872349557407
991,30991,30991,30991,35ace65,ckpt_sac_full_00049992,0,0,0,timeout,200,241.41475381977637,,,-1,1,30.0,0.45,20.0,1.0,25,1,200,0.002,100,10.0,1.0,0,188,0,0.94,0.331900185866157,-0.3027652563360866,3.039790563946584,0.0246758347911526,0.0383725696988718,0.1184277708042504,1.2126088383997813,1.3243329459102848,0.3077662830667408,0.4680978071433188,1.050639439445786,1.036084527385828,1.0252531579778277,-12.42687172224618
992,30992,30992,30992,35ace65,ckpt_sac_full_00049992,0,0,0,timeout,200,336.9536811219494,,,-1,1,30.0,0.45,20.0,1.0,25,1,200,0.002,100,10.0,1.0,0,185,0,0.925,0.3272167809955135,-0.538661594566677,1.271562487956932,0.0225423307773928,0.0318537464599407,0.0715692923801174,1.73228574333511,0.958892346231908,0.3691411022243946,0.4648559802227827,0.934761019837758,1.0744428229285536,1.2023651429024698,-9.835738885470889
993,30993,30993,30993,35ace65,ckpt_sac_full_00049992,0,0,0,timeout,200,366.8348554198497,,,-1,1,30.0,0.45,20.0,1.0,25,1,200,0.002,100,10.0,1.0,0,170,0,0.85,0.3752817915827992,-0.6102703318395869,0.0118528530007089,0.0270425042583959,0.0327266878048257,0.0981840018790187,1.316883469233064,1.0271986300508191,0.3618953110623659,0.4308289556776811,1.0674902062287968,0.9642524254849624,0.927558307275566,-13.300845659459275
994,30994,30994,30994,35ace65,ckpt_sac_full_00049992,0,0,0,timeout,200,270.6929669456632,,,-1,1,30.0,0.45,20.0,1.0,25,1,200,0.002,100,10.0,1.0,0,188,0,0.94,0.3698475672629649,-0.544702841602407,2.3850066453703507,0.0243048776010058,0.0399906512485033,0.0319262299136435,1.9035792564332712,1.397368426703999,0.3305926266117231,0.2404590930680659,0.9447830916663148,0.9617590061998608,1.0019747206948932,-22.557564913977032
995,30995,30995,30995,35ace65,ckpt_sac_full_00049992,0,0,0,timeout,200,238.2809159362864,,,-1,1,30.0,0.45,20.0,1.0,25,1,200,0.002,100,10.0,1.0,0,187,0,0.935,0.3526439360133572,-0.4542352936473866,-2.1323088061735165,0.0227916175983684,0.0306854787904399,0.0547367711293318,1.8573657278891904,1.3754789297619523,0.3003369578931239,0.2761393704698828,1.068888719949757,1.1093541506041775,1.0883134418696925,-22.29352306654553
996,30996,30996,30996,35ace65,ckpt_sac_full_00049992,0,0,0,timeout,200,283.46483489036416,,,-1,1,30.0,0.45,20.0,1.0,25,1,200,0.002,100,10.0,1.0,0,183,0,0.915,0.3612764602395113,-0.3681569149757553,2.9549545731928197,0.0204377173905429,0.0387268833790979,0.0751525164873425,1.5315680987904865,1.203063919546156,0.365031354640862,0.4343927692877034,1.031261424956987,1.0719346857828234,1.197888988602042,-25.53613496141625
997,30997,30997,30997,35ace65,ckpt_sac_full_00049992,0,0,0,timeout,200,399.8286338169176,,,-1,1,30.0,0.45,20.0,1.0,25,1,200,0.002,100,10.0,1.0,0,174,0,0.87,0.347882490962172,-0.476393979450664,-0.3844705997092514,0.0273469852217434,0.0356953239361765,0.0682727101875963,1.40050190525381,1.044958938329376,0.3685378370114671,0.588607142291059,0.9035080864127264,1.0389623907787522,1.111965995905324,-2.3473903984972466
998,30998,30998,30998,35ace65,ckpt_sac_full_00049992,0,0,0,timeout,200,313.59484433716625,,,-1,1,30.0,0.45,20.0,1.0,25,1,200,0.002,100,10.0,1.0,0,176,0,0.88,0.3834636807189389,-0.4605754472213759,-0.4589035819345057,0.0205085995938683,0.039390156266592,0.0677378736733,1.598379941584501,0.9931512335704687,0.326157856636857,0.4403491655852222,0.9875277803640377,1.0055140305076842,0.985391310299194,-47.0308494252177
999,30999,30999,30999,35ace65,ckpt_sac_full_00049992,0,0,0,timeout,200,285.5313332266544,,,-1,1,30.0,0.45,20.0,1.0,25,1,200,0.002,100,10.0,1.0,0,174,0,0.87,0.3352612117924828,-0.214816019100684,2.6272318993688124,0.022656954282578,0.0340073376974857,0.0964513960470201,1.4738189958036254,1.170467225737733,0.3588556526988642,0.6113253886705706,1.054897593571363,1.089077537792868,1.259292620604758,-14.90807681984086
