episode,seed,dr_seed,noise_seed,git_hash,cell,success_at_default_tol,grasp,lift,termination,steps,place_err_mm,tcp_err_at_release_mm,scatter_mm,release_step,obj_settled,max_step_dist_mm,action_smoothing,control_hz,max_joint_vel,n_substeps,obs_latency_steps,max_episode_steps,solver_timestep,solver_iterations,solver_impratio,solver_solref_scale,collision_steps,safety_clamped,safety_vetoed,clamp_rate,obj_r,obj_th,obj_yaw,obj_half_w,obj_half_h,obj_mass,mu_obj,mu_table,tgt_r,tgt_th,kp_scale_mean,kv_scale_mean,frictionloss_scale_mean,reward
0,10000,10000,10000,07025ed,solver_extremeB_s2,1,1,1,success,51,12.163616014773527,18.203587311655237,13.015885233903896,45,1,30.0,0.45,20.0,1.0,25,1,200,0.002,100,10.0,1.0,0,33,0,0.6470588235294118,0.34650213620974163,-0.49272847459079877,0.4666878438611253,0.02606150019228324,0.03402245796081144,0.06883726493069942,1.7120645961350336,1.1097483906769772,0.3194329216251005,0.2651480908148421,0.9651617991336686,1.0226663909637435,0.9894097406532532,283.10795640171517
1,10001,10001,10001,07025ed,solver_extremeB_s2,1,1,1,success,49,30.85204707315459,21.28218256465492,7.364903553914196,44,1,30.0,0.45,20.0,1.0,25,1,200,0.002,100,10.0,1.0,0,35,0,0.7142857142857143,0.36433257808453184,-0.37749666945190546,-1.0148296085048982,0.022380771670345353,0.030048680423544666,0.11926055357156669,1.5848112116268025,0.7596027481016826,0.3327271934073074,0.33978190337530917,1.0030593569454231,1.0351830968973859,1.2141767058202135,283.8140743378489
2,10002,10002,10002,07025ed,solver_extremeB_s2,1,1,1,success,56,34.83555298324915,20.29275734634218,3.522922915017195,50,1,30.0,0.45,20.0,1.0,25,1,200,0.002,100,10.0,1.0,0,36,0,0.6428571428571429,0.35716673094864143,-0.5899916176647074,0.31051653589388195,0.026786700858515266,0.03328727632500454,0.06381292925654256,1.7423066962920157,0.8136680137316841,0.30073072122250893,0.5319689741382219,0.9875484962401017,1.10017860733879,0.9060650466384069,287.4903194017397
3,10003,10003,10003,07025ed,solver_extremeB_s2,1,1,1,success,53,6.689925383882354,15.339575217012717,4.862785687750417,47,1,30.0,0.45,20.0,1.0,25,1,200,0.002,100,10.0,1.0,0,33,0,0.6226415094339622,0.36193456790843387,-0.31665040627234015,3.1294196865011132,0.022645355149495516,0.03346643845896945,0.04963379978759941,1.2961168832267056,1.2267706348243808,0.3221393438358416,0.48557448746656573,1.067374225825383,1.1228845242944299,0.9132262352760283,285.10076597653114
4,10004,10004,10004,07025ed,solver_extremeB_s2,1,1,1,success,55,12.900798082764714,16.990267905795427,3.2341521973167486,48,1,30.0,0.45,20.0,1.0,25,1,200,0.002,100,10.0,1.0,0,47,0,0.8545454545454545,0.37554623838424356,-0.5608707300304765,-0.2539994731586632,0.022119808904799327,0.033565111518183935,0.07951617591907278,1.375982436884838,0.9271810813153938,0.3326868599049136,0.339831398853679,1.016764677820612,0.9891622443944467,0.8895716051960915,287.1637159980566
5,10005,10005,10005,07025ed,solver_extremeB_s2,0,1,0,timeout,200,165.1346570309035,68.28168345180833,168.50778598074808,57,1,30.0,0.45,20.0,1.0,25,1,200,0.002,100,10.0,1.0,0,180,0,0.9,0.3190150848124592,-0.5461305710478462,2.990276313540086,0.023189532976082845,0.03641315602064107,0.10720293965999607,1.4554165633897775,0.7088857625597678,0.3661223819112738,0.45998867077848893,1.026668211270987,0.8898392042478321,0.9485661851198433,63.97509977363371
6,10006,10006,10006,07025ed,solver_extremeB_s2,1,1,1,success,49,31.12715320819959,41.723133295028525,15.065544934483608,44,1,30.0,0.45,20.0,1.0,25,1,200,0.002,100,10.0,1.0,0,40,0,0.8163265306122449,0.31256222959199026,-0.3288763908915468,-0.5478255727962629,0.02199750531777666,0.03495041369827978,0.06964300620057373,1.950910915550707,0.7799621585790727,0.366591443998499,0.42386881746346,0.99349677369045,1.1110992659032497,1.1506458475631707,270.1963663791682
7,10007,10007,10007,07025ed,solver_extremeB_s2,1,1,1,success,63,26.760014238617032,19.67635172002786,17.175325088318942,57,1,30.0,0.45,20.0,1.0,25,1,200,0.002,100,10.0,1.0,0,49,0,0.7777777777777778,0.3740972484679659,-0.7008813566278723,-0.7141752512816559,0.025845966905091625,0.032085664210961394,0.03202874808915681,1.5684357906228228,1.0091631041844344,0.37153997358795054,0.4103982644184369,0.9091088730827211,1.0443350020436912,1.2386227860427668,291.4299613078973
8,10008,10008,10008,07025ed,solver_extremeB_s2,1,1,1,success,64,41.218321655980446,37.52883159125429,3.835584375347627,60,1,30.0,0.45,20.0,1.0,25,1,200,0.002,100,10.0,1.0,0,44,0,0.6875,0.3518753770578074,-0.4769654263546926,0.8520480934281047,0.024233957237345335,0.03242840784449996,0.07109149610912678,1.0427321006432626,0.9363347233231514,0.3774056766338583,0.691809265833455,1.0958217876814655,1.041096932498062,0.945617705165698,288.8541382224657
9,10009,10009,10009,07025ed,solver_extremeB_s2,1,1,1,success,58,20.701597331956044,29.594861605784978,17.18667409589745,48,1,30.0,0.45,20.0,1.0,25,1,200,0.002,100,10.0,1.0,0,47,0,0.8103448275862069,0.34701057551234377,-0.4157367513435309,0.6517915318356415,0.02359430359908683,0.03702366773720943,0.031709411292078,1.061901949164674,1.2863539938571071,0.3393627027520553,0.5959567125958339,0.9995582191277929,1.017157931990154,1.0308019909529644,284.9726301968618
10,10010,10010,10010,07025ed,solver_extremeB_s2,0,1,0,timeout,200,53.32768361287272,33.09297389656231,25.010767814004893,63,1,30.0,0.45,20.0,1.0,25,1,200,0.002,100,10.0,1.0,0,183,0,0.915,0.3113281157258199,-0.7067988478173598,1.4204053267548185,0.02300814699599946,0.03627382926237447,0.0307550548367868,1.2164219319681102,0.8200869917421834,0.38952795539805585,0.703454733840258,1.0338791047400808,0.9795725768687921,1.149399823275224,31.596482269120465
11,10011,10011,10011,07025ed,solver_extremeB_s2,1,1,1,success,52,19.65780579454399,30.20481301574499,23.538383598495635,40,1,30.0,0.45,20.0,1.0,25,1,200,0.002,100,10.0,1.0,0,38,0,0.7307692307692307,0.344927027082509,-0.2446685309483579,-1.2336222991080898,0.02546108707156392,0.03964184543935249,0.040952901445517276,1.031714144947393,0.9443492166368936,0.319516228161338,0.4753758608144132,1.0509423783305196,1.0360799655706567,1.193111005809255,280.1887852097098
12,10012,10012,10012,07025ed,solver_extremeB_s2,1,1,1,success,66,13.923613033600072,23.19378422005547,1.5259531794431198,63,1,30.0,0.45,20.0,1.0,25,1,200,0.002,100,10.0,1.0,0,57,0,0.8636363636363636,0.30824685169561106,-0.6182371815460556,2.2081114360491165,0.024812065707868976,0.03302653806801183,0.10095120801539934,1.7019497394388352,0.8510381949480211,0.30929125331313895,0.2997692926356249,1.0734728475762902,1.0726700408404541,0.8675544186695412,282.91527269676897
13,10013,10013,10013,07025ed,solver_extremeB_s2,1,1,1,success,51,23.023386655839495,23.43155766804013,19.50114569415873,45,1,30.0,0.45,20.0,1.0,25,1,200,0.002,100,10.0,1.0,0,33,0,0.6470588235294118,0.3399366628756411,-0.4119493034852224,1.0355737291889975,0.02457012875405275,0.031124348400169564,0.04550527750693459,1.7239260858764354,1.287078899155442,0.34424462756654806,0.37592985279809915,1.0466703916587183,1.0236246105474789,0.9481519428889168,285.04305733361
14,10014,10014,10014,07025ed,solver_extremeB_s2,1,1,1,success,45,16.564982634907377,22.17768226685439,5.424559302324672,41,1,30.0,0.45,20.0,1.0,25,1,200,0.002,100,10.0,1.0,0,30,0,0.6666666666666666,0.3112852809435885,-0.24326858952176694,-0.9078484094316943,0.02754302513384412,0.035623999577450195,0.099365254305347,1.212242144150797,1.0465974037064396,0.38374319019783515,0.32543986994862356,1.1409394060990257,1.0769573178493625,0.9235788656686704,281.9708580360208
15,10015,10015,10015,07025ed,solver_extremeB_s2,1,1,1,success,48,7.712249982818368,22.257557027749098,5.215951625868433,42,1,30.0,0.45,20.0,1.0,25,1,200,0.002,100,10.0,1.0,0,37,0,0.7708333333333334,0.34348887009272816,-0.5571972212629006,-1.7747916155834202,0.02247489586279686,0.03424558385615166,0.10560223207690426,1.4259759269105339,1.3763722659864204,0.3300694760260234,0.1991240259860492,0.998051987073867,1.1057835851726854,1.0152658751144439,285.9916254159484
16,10016,10016,10016,07025ed,solver_extremeB_s2,1,1,1,success,56,15.597566975114278,25.137233559914332,8.410755638363947,51,1,30.0,0.45,20.0,1.0,25,1,200,0.002,100,10.0,1.0,0,33,0,0.5892857142857143,0.31005544059515366,-0.5091160710866173,-1.636223624079553,0.026813433107630853,0.032000380093274224,0.07625190184928354,1.113741163581887,0.6993645354063976,0.3308459707075278,0.32398371163431827,1.015452283049161,0.8906905013365902,1.058443856072584,283.47814411175193
17,10017,10017,10017,07025ed,solver_extremeB_s2,1,1,1,success,53,18.553975351880354,30.95317474654535,4.55597238407197,47,1,30.0,0.45,20.0,1.0,25,1,200,0.002,100,10.0,1.0,0,35,0,0.660377358490566,0.35402511206334286,-0.574737706642198,0.7605291968005621,0.023177550004456707,0.032854929524714534,0.06926489904752542,1.9236975123407467,0.8039823693481094,0.32927841505125505,0.3484581714817413,1.0994557172850556,1.0172772207936958,1.0541709351945079,289.29492708997793
18,10018,10018,10018,07025ed,solver_extremeB_s2,1,1,1,success,63,38.44507533515655,27.12476393920786,18.684433404929322,57,1,30.0,0.45,20.0,1.0,25,1,200,0.002,100,10.0,1.0,0,44,0,0.6984126984126984,0.3397087018310985,-0.554008185382441,-0.7532980209360236,0.027393332092775554,0.03041684811032515,0.08853011837558417,1.889316277182779,1.0043478591829489,0.3564209971175331,0.7286278756146948,0.9349650444455836,0.9497083383226849,1.160959159101941,291.19968319192975
19,10019,10019,10019,07025ed,solver_extremeB_s2,1,1,1,success,55,30.250622586025564,34.62580528767274,6.499215281978898,48,1,30.0,0.45,20.0,1.0,25,1,200,0.002,100,10.0,1.0,0,41,0,0.7454545454545455,0.36036111939877713,-0.4352821402559025,-1.5971523753125774,0.02259384221375407,0.03922531171724845,0.10952013950161865,1.2045392293751445,0.6908181173265879,0.31140333880465615,0.6006812765840488,1.0165960921309352,0.9488009480341374,1.1760049959933716,286.70970978254866
20,10020,10020,10020,07025ed,solver_extremeB_s2,1,1,1,success,38,2.914547143247541,11.021077558446061,10.402312560890465,32,1,30.0,0.45,20.0,1.0,25,1,200,0.002,100,10.0,1.0,0,27,0,0.7105263157894737,0.30946285201516965,-0.18364755993850124,-0.7144032057482148,0.02514614291490999,0.0352702959719759,0.06718396489405334,1.3644906730780813,1.1087653999371474,0.311205716745664,0.21607664073671948,1.0466618313566634,0.9881655028931855,1.0725978920648673,278.54000790213354
21,10021,10021,10021,07025ed,solver_extremeB_s2,1,1,1,success,56,25.73317415376401,22.196349357818153,6.16500052109803,50,1,30.0,0.45,20.0,1.0,25,1,200,0.002,100,10.0,1.0,0,41,0,0.7321428571428571,0.3148229771278489,-0.5731497089069916,2.1076204712324094,0.026314940679016966,0.035152570696008016,0.05970902708025,1.6392320611833846,1.249494876919711,0.34272561190749495,0.5393295638532651,1.131916059524482,0.9828026922823293,1.0400772750042933,286.6122416460156
22,10022,10022,10022,07025ed,solver_extremeB_s2,1,1,1,success,46,27.303511651586835,25.338746464120316,10.572050138847299,37,1,30.0,0.45,20.0,1.0,25,1,200,0.002,100,10.0,1.0,0,38,0,0.8260869565217391,0.3645512436294981,-0.31668491479604666,1.6088784426208242,0.02663268326111223,0.039466611784956904,0.04596378879866929,0.8526206257605203,0.8952761314200233,0.31817812402401807,0.18588063181259729,1.027666290208993,1.1211453220467698,1.05515157904498,280.3250380107546
23,10023,10023,10023,07025ed,solver_extremeB_s2,0,1,0,object_lost,200,483.3079421578269,246.22737789613018,647.7931963473217,34,0,30.0,0.45,20.0,1.0,25,1,200,0.002,100,10.0,1.0,0,189,0,0.945,0.359351867481782,-0.31835566680988364,1.5890246443382692,0.027084788736376823,0.039748145818413835,0.11791362669197951,1.1095915557566616,1.1763758219211986,0.3723938105250482,0.5531218532869036,0.9299531352653096,1.0174597678088761,1.0379855329490142,-180.10161880576405
24,10024,10024,10024,07025ed,solver_extremeB_s2,0,1,0,timeout,200,364.924228553401,nan,nan,-1,1,30.0,0.45,20.0,1.0,25,1,200,0.002,100,10.0,1.0,0,184,0,0.92,0.3022029569886851,-0.4085701408541123,0.9456128530434764,0.02745714921210578,0.03206824119678188,0.10688328677582361,1.3813714151742509,1.2146640325477072,0.3039779631446611,0.6474058077029425,1.0689123512433218,1.0083169651461852,1.0557336670493611,18.67305750835828
25,10025,10025,10025,07025ed,solver_extremeB_s2,1,1,1,success,47,34.05429701184231,16.75271118228881,18.102672660469867,37,1,30.0,0.45,20.0,1.0,25,1,200,0.002,100,10.0,1.0,0,35,0,0.7446808510638298,0.35583430562071827,-0.177842804258862,1.8591025845706213,0.024833219514228615,0.030194246061633893,0.04831214226446216,1.010929376501561,0.8181333274698166,0.3545675603047554,0.3163995784020688,1.066666507261788,0.9553072554261233,1.0936996331701068,278.4826581202947
26,10026,10026,10026,07025ed,solver_extremeB_s2,1,1,1,success,66,3.1472510865292946,10.025726699809185,11.941570972996802,59,1,30.0,0.45,20.0,1.0,25,1,200,0.002,100,10.0,1.0,0,56,0,0.8484848484848485,0.3828768447700175,-0.6955357753768242,2.2519061609974216,0.020472275797126516,0.03516056176035129,0.11595636834865343,1.1944517623576627,0.7295794752826085,0.348680153371716,0.5654086861513147,1.062338262897032,1.077121032352769,1.224324186801684,293.83846879858805
27,10027,10027,10027,07025ed,solver_extremeB_s2,1,1,1,success,61,17.55478873414679,29.857503408069288,14.101562615310419,55,1,30.0,0.45,20.0,1.0,25,1,200,0.002,100,10.0,1.0,0,50,0,0.819672131147541,0.32429423819941,-0.7060060846566842,2.2557618830861275,0.024302123306534265,0.03157565160276446,0.09831235667509794,1.0043180294354659,1.268443155407412,0.3444638570461406,0.5389116927961584,0.9540379464577773,1.00368720474066,1.0453339358543854,292.44588697845745
28,10028,10028,10028,07025ed,solver_extremeB_s2,1,1,1,success,41,8.773439161371726,10.128070422510387,5.564922723487163,37,1,30.0,0.45,20.0,1.0,25,1,200,0.002,100,10.0,1.0,0,22,0,0.5365853658536586,0.3224200192149553,-0.275709896463737,-2.020452321699249,0.025487205673914912,0.0342475994729285,0.05151903713880459,0.916569647109461,0.8784388560190489,0.3312945353466833,0.17415821742508916,1.0005597578586205,0.988659900437584,0.9988201664309809,279.700548392997
29,10029,10029,10029,07025ed,solver_extremeB_s2,1,1,1,success,48,13.811548683740373,17.588802518158136,17.00645505744571,41,1,30.0,0.45,20.0,1.0,25,1,200,0.002,100,10.0,1.0,0,37,0,0.7708333333333334,0.3046500436589575,-0.18180778345235615,-1.68237725879864,0.022727748765282513,0.032964557478779716,0.10506491240006513,0.9485367155130923,0.808019538701728,0.354874903572316,0.6711698174665848,1.002356485837473,1.0906897018566757,1.088568274031478,283.8861424153016
30,10030,10030,10030,07025ed,solver_extremeB_s2,1,1,1,success,54,25.36875479319126,31.442576546218202,9.774608746477151,48,1,30.0,0.45,20.0,1.0,25,1,200,0.002,100,10.0,1.0,0,40,0,0.7407407407407407,0.3237878436151356,-0.5610124911049192,2.1789145864774833,0.02141415372413502,0.031405429910235975,0.03303671147721832,1.4606245202541088,1.0850956533988874,0.379867271709072,0.4374126851458019,1.0459847615060578,0.9995660112402271,0.8757525432798152,288.17735065886154
31,10031,10031,10031,07025ed,solver_extremeB_s2,1,1,1,success,58,19.22142213214272,17.05063109512675,3.7895742848188263,53,1,30.0,0.45,20.0,1.0,25,1,200,0.002,100,10.0,1.0,0,39,0,0.6724137931034483,0.30055057891251474,-0.48353761607128704,2.372791027787482,0.020771325537091326,0.032170053624539924,0.09293222120093478,1.699669052879341,0.6926879794364428,0.360095310008624,0.45610419585886586,1.0292985942718587,1.036023892997996,1.0815235200440743,287.9726887980728
32,10032,10032,10032,07025ed,solver_extremeB_s2,1,1,0,success,179,8.746284690328968,30.792945624156346,23.21010964863672,67,1,30.0,0.45,20.0,1.0,25,1,200,0.002,100,10.0,1.0,0,140,0,0.7821229050279329,0.38775408379145043,-0.7100675236655091,-0.45362691933565635,0.026241881447611182,0.0399736403835818,0.0308407761608185,1.528009887920864,0.9970767242916512,0.3896321070635957,0.3826328291258968,1.0312523884553977,0.96711891669221,0.9455222814905615,280.9407989464622
33,10033,10033,10033,07025ed,solver_extremeB_s2,0,1,0,timeout,200,341.311522237852,nan,nan,-1,1,30.0,0.45,20.0,1.0,25,1,200,0.002,100,10.0,1.0,119,181,0,0.905,0.3104433152617492,-0.3336441625915389,0.379980351485079,0.022796556052537015,0.03971244497368144,0.08019063089095774,1.2761160744899593,0.6989876555623983,0.3762801441508583,0.6187424590230327,1.029874658852681,0.9406465174956019,1.3147831996024861,-72.12876348772427
34,10034,10034,10034,07025ed,solver_extremeB_s2,1,1,1,success,46,11.631757926892451,5.077073333466303,19.92562163871875,40,1,30.0,0.45,20.0,1.0,25,1,200,0.002,100,10.0,1.0,0,39,0,0.8478260869565217,0.35144360367064,-0.4454098227407167,0.5658430761935005,0.025027666820560728,0.0386396098133578,0.04093610945137773,1.345626248130986,1.153974083747471,0.36055580093787626,0.17437796839255978,1.0136943912038276,1.0241810984337356,1.0359693296838919,281.52748176923285
35,10035,10035,10035,07025ed,solver_extremeB_s2,1,1,1,success,52,2.8809373014529185,1.4255230082864077,1.163131388368046,47,1,30.0,0.45,20.0,1.0,25,1,200,0.002,100,10.0,1.0,0,35,0,0.6730769230769231,0.3027503183373762,-0.46530900750268755,-0.1947683156222224,0.02244764750611112,0.03443623167264385,0.07800339299500801,1.0787066005801822,0.7769381858979417,0.35580605134685944,0.3332112459113644,1.101803601921986,1.0142787950724395,1.1582161672077564,284.939626308109
36,10036,10036,10036,07025ed,solver_extremeB_s2,1,1,1,success,55,13.590338255805905,20.61007517891622,9.600828947562846,49,1,30.0,0.45,20.0,1.0,25,1,200,0.002,100,10.0,1.0,0,37,0,0.6727272727272727,0.3074685447341357,-0.4554052350504981,-0.8875207833824739,0.022089010177471727,0.03921667276794947,0.054578132782092184,0.8787716723139065,1.1627040480427522,0.36624955096771566,0.4617010299978074,1.141107443016915,0.9949744838600508,0.9752195868700717,284.2574644594376
37,10037,10037,10037,07025ed,solver_extremeB_s2,0,1,0,object_lost,85,419.89591024736507,nan,nan,-1,0,30.0,0.45,20.0,1.0,25,1,200,0.002,100,10.0,1.0,0,82,0,0.9647058823529412,0.3454076475555901,-0.6660188034225605,2.116168583845023,0.020446859355844817,0.04011826020018934,0.07125281091695314,0.9485154099602142,0.8719562077940375,0.38783873813991526,0.6211860541731854,1.0254261134046556,1.0464964498111056,1.1711639116060195,-186.89127791286182
38,10038,10038,10038,07025ed,solver_extremeB_s2,1,1,1,success,61,31.911738118950637,26.957453561396818,20.972661034951017,55,1,30.0,0.45,20.0,1.0,25,1,200,0.002,100,10.0,1.0,0,46,0,0.7540983606557377,0.3781757235541478,-0.30799656068521103,0.8732580934208478,0.027092231983708633,0.033362233520114276,0.043098156253034994,1.3051172304842211,0.8613525875261056,0.36663278686631107,0.7004923663821597,1.034650953903261,1.0804153115596635,0.9746512793560819,287.2799016887252
39,10039,10039,10039,07025ed,solver_extremeB_s2,1,1,1,success,55,17.407421377267134,13.601799171592456,5.415205412278275,50,1,30.0,0.45,20.0,1.0,25,1,200,0.002,100,10.0,1.0,0,40,0,0.7272727272727273,0.30268951405946465,-0.6540906667211176,-0.8312668251150916,0.022332524574579748,0.03269820475501258,0.1076929336022169,1.894456905730789,0.8216594332690339,0.33520720590876557,0.4802498522955616,1.0435214521099414,0.970111880805217,1.270313178361555,288.0369024857891
40,10040,10040,10040,07025ed,solver_extremeB_s2,1,1,1,success,54,21.92704563912253,35.09508032467165,1.589717859595715,51,1,30.0,0.45,20.0,1.0,25,1,200,0.002,100,10.0,1.0,0,39,0,0.7222222222222222,0.33207041876157734,-0.19398380687232364,-2.53951106757018,0.026076774274506193,0.036876379092768134,0.041059474887509904,1.0599302927933247,0.6525467900134563,0.3294393458514667,0.7001363772763671,1.0404791793909733,1.0542314019243908,0.9883578178505922,284.96001327758955
41,10041,10041,10041,07025ed,solver_extremeB_s2,1,1,1,success,57,20.136940329281465,29.62748134521023,5.726769351736919,51,1,30.0,0.45,20.0,1.0,25,1,200,0.002,100,10.0,1.0,0,47,0,0.8245614035087719,0.3538302156026917,-0.67713047842947,-1.038464445561322,0.02142568960987307,0.03241165666778097,0.03312817487928078,1.2962244612092386,0.6506451382430718,0.35037770714900074,0.415293963480577,1.0213086479014952,0.9936123139801744,1.2695747565455904,291.3702843917743
42,10042,10042,10042,07025ed,solver_extremeB_s2,0,1,0,timeout,200,223.18769071146667,nan,nan,-1,1,30.0,0.45,20.0,1.0,25,1,200,0.002,100,10.0,1.0,0,194,0,0.97,0.3597992657607882,-0.4610303750809838,2.5148242154966116,0.02659196003573166,0.032531389020446964,0.10983951114022977,1.880771751817702,1.3140591255397611,0.32774134997324056,0.3263296970027434,1.0212746735306817,1.0082525642560343,0.8860114805003487,-7.546308115611134
43,10043,10043,10043,07025ed,solver_extremeB_s2,1,1,1,success,55,13.182140912085146,11.580340763599967,14.745866197028846,48,1,30.0,0.45,20.0,1.0,25,1,200,0.002,100,10.0,1.0,0,43,0,0.7818181818181819,0.3701932867366257,-0.4161499601123417,-2.7354226169457885,0.021397229435660126,0.03922502968050243,0.040205479392601544,1.8860740001206975,0.9472914891693496,0.38867738636050997,0.35397073695564174,1.018801513543627,1.0168950117273026,1.089636721323529,284.51357415247037
44,10044,10044,10044,07025ed,solver_extremeB_s2,1,1,1,success,46,27.478382923876357,16.250250495684554,17.833891176320332,40,1,30.0,0.45,20.0,1.0,25,1,200,0.002,100,10.0,1.0,0,34,0,0.7391304347826086,0.35480585638255213,-0.3475274654401644,-1.8975342738856988,0.02462234360843904,0.035745687786683994,0.08938312908350426,1.9813842481894084,0.9974643010991369,0.3322068990009856,0.347206542351435,0.9461565046116827,1.0719962527239073,1.0990068056819837,281.7975026039627
45,10045,10045,10045,07025ed,solver_extremeB_s2,1,1,1,success,50,24.38961915656852,13.392410960354853,11.462566219098006,38,1,30.0,0.45,20.0,1.0,25,1,200,0.002,100,10.0,1.0,0,38,0,0.76,0.36221323701914115,-0.2052326049038481,2.1482207897672145,0.02078987777091545,0.040244164606844275,0.04135083210765125,0.987775408577132,1.0622586323021568,0.32216158933969746,0.3222135619351026,1.0751735152484299,1.0458198795189995,1.0594021277298835,280.4481933136981
46,10046,10046,10046,07025ed,solver_extremeB_s2,1,1,1,success,65,17.543985315951534,22.888015129610118,3.842528737798653,57,1,30.0,0.45,20.0,1.0,25,1,200,0.002,100,10.0,1.0,0,50,0,0.7692307692307693,0.3455108527859062,-0.6972249668201076,3.1170020979197117,0.020897357330829404,0.03200535092255357,0.11340642500205161,1.2787553590114031,0.8031398508569567,0.30579952790265524,0.6439208665141144,1.022041638861295,1.0891362885555769,0.9868635065572564,291.7812579707017
47,10047,10047,10047,07025ed,solver_extremeB_s2,1,1,1,success,59,17.326230185719925,16.60990213718133,9.230767876022405,49,1,30.0,0.45,20.0,1.0,25,1,200,0.002,100,10.0,1.0,0,46,0,0.7796610169491526,0.3540451532175141,-0.6942873604227516,-1.7025675667328415,0.02507551041242247,0.03632729782286038,0.07666189730232173,1.7095405839732278,0.8604869034779418,0.3163837512404804,0.2842837382557346,0.9699327081104752,1.0760595858723472,0.952818005331314,288.8095736918815
48,10048,10048,10048,07025ed,solver_extremeB_s2,1,1,1,success,63,18.027344041882262,13.824120333598643,12.268943720017596,57,1,30.0,0.45,20.0,1.0,25,1,200,0.002,100,10.0,1.0,0,44,0,0.6984126984126984,0.350939648827572,-0.7198811009338256,-0.313011975957465,0.024984282895923304,0.033195890183638055,0.05450587935280215,1.5056726919702317,1.0497256587473585,0.3598051171905734,0.5236796058593758,1.0633396176155157,1.0359516341246322,1.0025915758340318,292.6776434024252
49,10049,10049,10049,07025ed,solver_extremeB_s2,0,0,0,unsafe,17,302.69794550854084,nan,nan,-1,1,30.0,0.45,20.0,1.0,25,1,200,0.002,100,10.0,1.0,0,14,0,0.8235294117647058,0.3486126351613104,-0.3872474949672637,2.1894214227919324,0.02347087380986501,0.03597521128959271,0.05507088505782884,0.949017120519458,0.6190172718720922,0.3292999203263989,0.5208498545949812,1.114299034125971,0.9627757466145289,1.0006192587620375,-42.30360787393562
50,10050,10050,10050,07025ed,solver_extremeB_s2,1,1,1,success,53,12.426584257123995,15.081259951906933,7.54981121184618,46,1,30.0,0.45,20.0,1.0,25,1,200,0.002,100,10.0,1.0,0,43,0,0.8113207547169812,0.32754971324358295,-0.49913134928342656,0.20248911424382454,0.02490331500156388,0.039452329507130075,0.06370267461038566,1.766708795847729,0.7334130773561262,0.3526087978932844,0.38639090331971715,1.0170712524394043,1.0172366222080103,1.1228904937373387,283.61669919179633
51,10051,10051,10051,07025ed,solver_extremeB_s2,1,1,1,success,62,21.612928734848236,21.639687791568903,21.489859015620066,46,1,30.0,0.45,20.0,1.0,25,1,200,0.002,100,10.0,1.0,0,46,0,0.7419354838709677,0.3179211097045872,-0.5457828890117159,2.744063244267906,0.02093348405928874,0.03975123191372531,0.048578845664819265,1.7434897997469876,1.2606912393707557,0.34069892689378156,0.33836084879844797,1.0137395814209984,1.0189435665376967,1.033008445244472,286.1115818794827
52,10052,10052,10052,07025ed,solver_extremeB_s2,1,1,1,success,54,42.53493870796599,13.299656677515932,22.54868011122992,44,1,30.0,0.45,20.0,1.0,25,1,200,0.002,100,10.0,1.0,0,40,0,0.7407407407407407,0.34696232656454057,-0.5012472023828732,0.4081844887317323,0.023477662748375493,0.03266021091095046,0.033092443420958684,1.509101918560504,0.657726647844542,0.30184043760273677,0.252952166786255,1.0494742497375191,1.005120484956912,0.9841708636528324,284.3298698505564
53,10053,10053,10053,07025ed,solver_extremeB_s2,1,1,1,success,47,22.799244729125412,17.173455478791947,7.5643003107605375,42,1,30.0,0.45,20.0,1.0,25,1,200,0.002,100,10.0,1.0,0,36,0,0.7659574468085106,0.3376319206704878,-0.24214863354971222,-2.8488895144255593,0.026865588830114945,0.03267755433717037,0.07158996310392904,1.040925106406767,0.6636248289366606,0.30144780397392323,0.470085398726155,1.02436912519647,0.9507255610257913,1.1509098013985959,280.3927689790995
54,10054,10054,10054,07025ed,solver_extremeB_s2,1,1,1,success,67,21.970243063075962,21.652191537270095,7.1729787198260375,60,1,30.0,0.45,20.0,1.0,25,1,200,0.002,100,10.0,1.0,0,55,0,0.8208955223880597,0.3603733230976604,-0.6921616499183662,-3.0645823269426784,0.02231941784125436,0.03923441878766388,0.08877136310838599,1.7925574648396667,0.765903039480323,0.3865359550731153,0.5778577356969407,1.102292261759875,0.9449089036995597,0.9481366103567901,292.4459696744286
55,10055,10055,10055,07025ed,solver_extremeB_s2,1,1,1,success,55,33.03511585025059,15.048436879087891,8.578782336229661,50,1,30.0,0.45,20.0,1.0,25,1,200,0.002,100,10.0,1.0,0,36,0,0.6545454545454545,0.32068432522752477,-0.6241525528959513,-1.6511388268768894,0.022613259268167728,0.03648555247214702,0.06058676590649614,1.9451564752676067,0.8650050722222822,0.30569386164235274,0.31577023876841004,0.9934113165996024,0.9666835746772919,1.1745278584185592,286.75662174191183
56,10056,10056,10056,07025ed,solver_extremeB_s2,1,1,1,success,65,19.836091587051538,15.892617623962398,10.266112009107816,56,1,30.0,0.45,20.0,1.0,25,1,200,0.002,100,10.0,1.0,0,49,0,0.7538461538461538,0.334554134197687,-0.5942770645531243,1.8016057780796233,0.025669244348041912,0.03421237968568239,0.045182258571908204,1.699400876967736,1.154825744581009,0.30546427321404085,0.690179536156017,1.0907728017517506,1.0152260328463112,1.0675764681131172,289.8670855115455
57,10057,10057,10057,07025ed,solver_extremeB_s2,1,1,1,success,47,18.658721845833973,30.48270879509985,7.826191169948182,43,1,30.0,0.45,20.0,1.0,25,1,200,0.002,100,10.0,1.0,0,40,0,0.851063829787234,0.3280020065089646,-0.5175404066179167,-1.964087757485389,0.02514409471039349,0.03496765559973274,0.05037368827173315,1.5132344097642751,0.8074134607187589,0.31473666896512614,0.31803670718535426,1.0698179316610001,1.0618038237330685,0.9450811910371482,268.2803072390647
58,10058,10058,10058,07025ed,solver_extremeB_s2,1,1,1,success,80,19.93408241363194,11.354507293944822,15.04486481562938,60,1,30.0,0.45,20.0,1.0,25,1,200,0.002,100,10.0,1.0,0,58,0,0.725,0.3210052218335552,-0.6956377875849816,0.7766028458553671,0.022746159554690802,0.03932252710070625,0.11904536112878406,0.8994720408792458,0.8263077170898065,0.3412135483895943,0.5253339941068371,1.0443038299587573,1.0463302969364532,1.1287241934635341,291.0177814808808
59,10059,10059,10059,07025ed,solver_extremeB_s2,1,1,1,success,48,8.124516216127633,28.0752234972117,11.446359942620287,41,1,30.0,0.45,20.0,1.0,25,1,200,0.002,100,10.0,1.0,0,38,0,0.7916666666666666,0.3226361094747799,-0.18182479351326142,-0.30940801103671234,0.02175817780770001,0.037497222817820065,0.04626697675039363,1.4444304181496332,1.0933462269134246,0.3463361373014372,0.5589192030004044,1.0184273693303683,0.9900419928142118,1.096253338391523,282.65957115945264
60,10060,10060,10060,07025ed,solver_extremeB_s2,1,1,1,success,48,18.494545435071835,26.053773129855106,1.6348274144681858,43,1,30.0,0.45,20.0,1.0,25,1,200,0.002,100,10.0,1.0,0,29,0,0.6041666666666666,0.33946389997710574,-0.30003116338259955,1.7406159275256359,0.021516358486719542,0.03735499372355092,0.05850947233093265,0.931742330540804,0.9861952455866732,0.3411519437003431,0.3776479775686654,1.0007698589401808,1.0491670681360108,0.969599703926726,283.5071010963346
61,10061,10061,10061,07025ed,solver_extremeB_s2,1,1,1,success,53,18.580683892745775,27.14645732689447,7.64158425476711,46,1,30.0,0.45,20.0,1.0,25,1,200,0.002,100,10.0,1.0,0,38,0,0.7169811320754716,0.35053869443556934,-0.5404252541736526,1.3618375742208855,0.023880482570334746,0.0314978979266171,0.06891819981910657,1.882724779755668,0.8736490024630186,0.3545176720148484,0.32844923723435154,1.0488913694131603,1.0036504429085409,1.1100505963583926,287.69399955270023
62,10062,10062,10062,07025ed,solver_extremeB_s2,1,1,1,success,65,29.234894956390143,27.70841199041259,2.6041355295912307,60,1,30.0,0.45,20.0,1.0,25,1,200,0.002,100,10.0,1.0,0,52,0,0.8,0.3763412356002259,-0.4137612042422624,2.791588349465428,0.024868421920852677,0.03225518975014229,0.031272986449847016,1.3060369111355676,1.0101719332070531,0.3792473448256711,0.5612823490025907,1.0643434092171695,1.0338128746125073,1.1502335363595466,285.83260440200047
63,10063,10063,10063,07025ed,solver_extremeB_s2,1,1,1,success,66,22.781151990532962,13.56855343406195,10.962978551613533,59,1,30.0,0.45,20.0,1.0,25,1,200,0.002,100,10.0,1.0,0,46,0,0.696969696969697,0.3200259063509978,-0.6649647406748449,-0.54562917883863,0.02169752374683278,0.0349006803906045,0.10086182456346274,1.7103128142934505,1.213716285893487,0.3717193747859664,0.5903648799220258,0.9726816440864533,0.9756456766295667,1.0512228721311205,291.92126419162685
64,10064,10064,10064,07025ed,solver_extremeB_s2,1,1,1,success,53,18.030774265011587,29.842834778821032,8.51423258154266,48,1,30.0,0.45,20.0,1.0,25,1,200,0.002,100,10.0,1.0,0,33,0,0.6226415094339622,0.38728494972935384,-0.3974819838134361,0.25498729666801356,0.02214049835469873,0.034246046334487044,0.06118864450511821,1.113632533892265,0.6119655434359187,0.3254605092813805,0.4036539787067113,1.0018060802825481,0.9727483080905305,1.095684543832785,284.10030387936564
65,10065,10065,10065,07025ed,solver_extremeB_s2,1,1,1,success,55,11.04156448471355,12.14535603060363,7.638722441967826,49,1,30.0,0.45,20.0,1.0,25,1,200,0.002,100,10.0,1.0,0,27,0,0.4909090909090909,0.31666000332676986,-0.6598921077340296,-0.03660727591925683,0.025057232030085107,0.03204368329949551,0.09392706775962274,1.8730817657399883,0.8517234843160612,0.34443645445800214,0.181845907614253,1.023530302604253,0.9919148695749621,1.1841228046820984,288.3062684735363
66,10066,10066,10066,07025ed,solver_extremeB_s2,1,1,1,success,49,9.019487914220617,11.081193984108983,9.51773182860533,44,1,30.0,0.45,20.0,1.0,25,1,200,0.002,100,10.0,1.0,0,42,0,0.8571428571428571,0.3232960083508126,-0.46093178696573256,1.6114438670140023,0.0235023941140307,0.03667712026119346,0.08037788564572189,1.7614628310076665,1.2769857795739916,0.3719823589534149,0.2968805770464217,1.0914516617149967,1.0800361639183722,1.2526829133674022,284.2550466991511
67,10067,10067,10067,07025ed,solver_extremeB_s2,1,1,1,success,53,14.381879400134961,19.09376924363949,6.706508619743909,46,1,30.0,0.45,20.0,1.0,25,1,200,0.002,100,10.0,1.0,0,37,0,0.6981132075471698,0.35584915565639746,-0.3741698107641329,-0.09964098242297581,0.024537521421314597,0.03464553090352373,0.048952143222482744,1.4129104898715474,0.6140734246473328,0.34126188233296645,0.45360247830234623,1.0371597206338834,1.0918478441606685,0.8912259167257064,283.7308847397346
68,10068,10068,10068,07025ed,solver_extremeB_s2,1,1,1,success,57,16.872040754097036,31.594186622592233,12.426148007583716,49,1,30.0,0.45,20.0,1.0,25,1,200,0.002,100,10.0,1.0,0,42,0,0.7368421052631579,0.3750969424418506,-0.4860990026599846,1.009142114977874,0.02129786461562513,0.03875489240746812,0.060711622164926385,1.202915555206379,1.114989861496902,0.31295092932495777,0.5455688491302635,1.04900813502606,1.018884392758198,0.9436651218752125,285.27034914986206
69,10069,10069,10069,07025ed,solver_extremeB_s2,1,1,1,success,53,17.738181247618428,18.73080214833618,5.572708532370059,48,1,30.0,0.45,20.0,1.0,25,1,200,0.002,100,10.0,1.0,0,30,0,0.5660377358490566,0.38606568618089976,-0.45753177384840443,-0.9742464426874022,0.027505685833050606,0.03222985628871112,0.10378705327348468,1.139819109340925,1.1400713118418175,0.3263234457486996,0.22141801707683662,1.0363252316826845,1.1203342804632705,1.3849787338863926,285.3045348486553
70,10070,10070,10070,07025ed,solver_extremeB_s2,1,1,1,success,57,10.977053285899887,10.137960692600421,5.317527252111783,46,1,30.0,0.45,20.0,1.0,25,1,200,0.002,100,10.0,1.0,0,38,0,0.6666666666666666,0.31077080561312864,-0.17472331656556672,0.2203110615384034,0.024463967453869976,0.040209687512274536,0.047502329991117725,0.9967063865826383,1.2447104970745178,0.31661977523508394,0.28876702696136786,1.0141508549301947,0.98769407739499,1.0221319089977396,278.44626312725336
71,10071,10071,10071,07025ed,solver_extremeB_s2,1,1,1,success,56,19.693407690892542,23.912346418804123,11.225621501850227,47,1,30.0,0.45,20.0,1.0,25,1,200,0.002,100,10.0,1.0,0,41,0,0.7321428571428571,0.3402538889352038,-0.3490661141636076,-1.6984329485173613,0.026679059710292587,0.03346825171760358,0.04334936042984773,1.203996873595537,1.2938057807713874,0.35130356996207207,0.6575498685730997,1.1064005900868548,1.023082979062081,0.8844827666286009,287.78493755847546
72,10072,10072,10072,07025ed,solver_extremeB_s2,1,1,1,success,54,7.853430624400585,16.731915033456733,7.556290490594136,49,1,30.0,0.45,20.0,1.0,25,1,200,0.002,100,10.0,1.0,0,39,0,0.7222222222222222,0.3263294270423082,-0.2937242968696254,-3.12780210787735,0.027198846867128857,0.03300387154698361,0.0962090796239689,1.3202864034011,1.3047273541508366,0.3304346796485287,0.5515495299953954,1.0618593743556273,0.9334806921707325,1.1551699505868742,283.13026004932465
73,10073,10073,10073,07025ed,solver_extremeB_s2,0,1,0,timeout,200,371.834552166568,330.96748192647124,79.43533417433542,84,1,30.0,0.45,20.0,1.0,25,1,200,0.002,100,10.0,1.0,0,182,0,0.91,0.37934043219374525,-0.5522137197346009,0.708020917475614,0.022790061278699935,0.038336530003480855,0.042392241491796996,1.900945358676375,1.2024799572930407,0.32005043509984643,0.6931531131560933,1.1004969416489196,1.073753845776827,1.1990457349555022,21.221815772923073
74,10074,10074,10074,07025ed,solver_extremeB_s2,1,1,1,success,45,19.285367926656228,22.08673125619168,6.223160734033968,39,1,30.0,0.45,20.0,1.0,25,1,200,0.002,100,10.0,1.0,0,35,0,0.7777777777777778,0.3702929211113235,-0.2660659607841138,2.480094502916396,0.022882319041359973,0.036084761390457194,0.07307038669028154,1.2503000065893641,1.276231127070342,0.3888678437033738,0.3347177333093265,1.028774059720446,1.0033834272316577,1.1732652470186622,281.34661804601154
75,10075,10075,10075,07025ed,solver_extremeB_s2,1,1,1,success,56,19.720620612152207,23.483802458505323,9.472670425255753,50,1,30.0,0.45,20.0,1.0,25,1,200,0.002,100,10.0,1.0,0,46,0,0.8214285714285714,0.3271932740456516,-0.24094257259356472,0.9105093096467165,0.024697467659387674,0.0330893105212884,0.06524134704285074,1.5161773841948833,0.9955558393002951,0.3771213341007447,0.6231246643943472,1.023470993734653,1.04412171385183,0.9578945515459096,285.5054595717531
76,10076,10076,10076,07025ed,solver_extremeB_s2,1,1,1,success,53,39.38568383383565,33.76152837483725,5.156117995643824,47,1,30.0,0.45,20.0,1.0,25,1,200,0.002,100,10.0,1.0,0,45,0,0.8490566037735849,0.3593559879970437,-0.401924798586211,0.19610845571757762,0.023218217639388975,0.030408784558208328,0.09400708357676496,1.6998645665154166,0.6668580410598776,0.3693477567105349,0.5317845440972085,1.027006794193687,1.0325217467311365,1.0057383791157135,284.36989963484075
77,10077,10077,10077,07025ed,solver_extremeB_s2,1,1,1,success,56,19.300452964285917,20.841303886837768,27.079021241999634,50,1,30.0,0.45,20.0,1.0,25,1,200,0.002,100,10.0,1.0,0,37,0,0.6607142857142857,0.33828112394506094,-0.6852274133515448,-0.8399747330279941,0.02314662704643747,0.03425180567401123,0.040402023423627,1.4383309919637655,0.8078495995242877,0.3778334926535133,0.21149751279677878,1.0127596705290318,0.991943485490208,0.9110034124072707,288.5427680545205
78,10078,10078,10078,07025ed,solver_extremeB_s2,0,1,0,unsafe,74,285.20787111274564,nan,nan,-1,1,30.0,0.45,20.0,1.0,25,1,200,0.002,100,10.0,1.0,0,60,0,0.8108108108108109,0.354128751249387,-0.31530527445604684,1.840926850481159,0.020400486823647854,0.038292458538188814,0.07821320281200164,1.9821702508760446,1.2729298569495082,0.33895509577951927,0.6131220939738933,1.0708664489385487,1.0777876023458002,1.1129020304112507,-27.289623938335456
79,10079,10079,10079,07025ed,solver_extremeB_s2,1,1,1,success,47,17.5986435150655,13.958502547158885,4.7127103460157524,41,1,30.0,0.45,20.0,1.0,25,1,200,0.002,100,10.0,1.0,0,30,0,0.6382978723404256,0.31868612137794694,-0.33855086328250134,-1.16694793814153,0.022115375152189864,0.03289905180780856,0.09219647267134745,1.4251219906008412,0.6210119034947046,0.32440548550225023,0.42844324285552254,1.0758000234479186,1.062357347350402,1.0782345950685541,284.19289590770495
80,10080,10080,10080,07025ed,solver_extremeB_s2,1,1,1,success,58,25.47422632102621,23.693314195295695,3.0393412194640317,47,1,30.0,0.45,20.0,1.0,25,1,200,0.002,100,10.0,1.0,0,39,0,0.6724137931034483,0.32111973601738064,-0.5277070371861114,-0.5204170921513152,0.020750586367083993,0.038981255718354396,0.07457031908296313,1.3981370589204567,1.3461353332351482,0.36676588025086654,0.4225656936746052,0.984799655710734,0.9619346839117865,1.0898245008653342,286.319122575061
81,10081,10081,10081,07025ed,solver_extremeB_s2,1,1,1,success,48,23.324225657132857,13.256707091632427,10.05537554107068,43,1,30.0,0.45,20.0,1.0,25,1,200,0.002,100,10.0,1.0,0,40,0,0.8333333333333334,0.3762097042640722,-0.2721723931930871,-2.939548719535625,0.02500622242510196,0.0334622933426615,0.11526084625667364,1.8010529305167777,1.1834082455983217,0.3649842702281362,0.2622389318041972,1.1140390387187131,1.0072530915561047,1.0826125274302874,279.09181772578
82,10082,10082,10082,07025ed,solver_extremeB_s2,1,1,1,success,57,26.751046645341763,23.762195832659277,17.05875177653315,49,1,30.0,0.45,20.0,1.0,25,1,200,0.002,100,10.0,1.0,0,41,0,0.7192982456140351,0.3519545830204226,-0.42171569662159347,0.014627518974002829,0.021925934476889463,0.03106030791806904,0.10764816960466865,1.2033842157233228,1.1953376379820766,0.3365644035917877,0.5390954340630271,1.0681816939085043,1.034594319157246,1.1289071046353794,287.73574677467116
83,10083,10083,10083,07025ed,solver_extremeB_s2,1,1,1,success,50,3.0542038877632844,14.210915371583601,3.8124737830915802,45,1,30.0,0.45,20.0,1.0,25,1,200,0.002,100,10.0,1.0,0,44,0,0.88,0.3362140113079863,-0.36722872916010746,2.450309636626865,0.02606766929407752,0.030180252848274993,0.07687544458913664,1.4491707509036211,1.2296387549792165,0.31834547469323404,0.20721423850934093,1.0522440759082254,1.0728214065410555,1.0484034288365598,278.7624749040408
84,10084,10084,10084,07025ed,solver_extremeB_s2,1,1,1,success,51,16.589520522196523,24.198129823778793,8.934626795525615,46,1,30.0,0.45,20.0,1.0,25,1,200,0.002,100,10.0,1.0,0,35,0,0.6862745098039216,0.30339013374712803,-0.23207922353944915,-2.8928413226515772,0.024773535071309992,0.035238195323619395,0.11050924541512706,1.8160941077911215,1.0455758682669432,0.38572846092287866,0.6248031776970654,1.0012890816313313,1.0401428296839297,0.9517704655843252,284.2725705613238
85,10085,10085,10085,07025ed,solver_extremeB_s2,1,1,1,success,47,28.31665823897772,14.774469869014803,18.078797281209226,43,1,30.0,0.45,20.0,1.0,25,1,200,0.002,100,10.0,1.0,0,30,0,0.6382978723404256,0.34126536703027666,-0.36812534292352406,-1.0282554273041313,0.02413083761287029,0.03554644368237422,0.10846907778378202,1.2328311337148308,0.8016740208308593,0.33920582861316656,0.42520801090195737,0.926200850097219,1.0177337390491978,0.8954752983318193,283.90088255022204
86,10086,10086,10086,07025ed,solver_extremeB_s2,1,1,1,success,54,34.96470902745879,21.300127320794655,19.956693879452335,47,1,30.0,0.45,20.0,1.0,25,1,200,0.002,100,10.0,1.0,0,38,0,0.7037037037037037,0.347024747093598,-0.39567247102488273,-1.3048773371529043,0.02568709734343307,0.0359180943662777,0.04316486491472612,0.8579473088813021,0.6635453387509779,0.3260156929729956,0.5230113812479708,0.9932155806861156,1.049915379836128,0.9016295926172935,285.8384763057999
87,10087,10087,10087,07025ed,solver_extremeB_s2,1,1,1,success,49,38.95069865912649,15.914089666771089,10.859008771475352,43,1,30.0,0.45,20.0,1.0,25,1,200,0.002,100,10.0,1.0,0,37,0,0.7551020408163265,0.31821935700121096,-0.5402001992863316,1.7853562182882925,0.02384440370518218,0.03788219845391542,0.11076309380958918,1.1506982004017452,0.6574625624754316,0.30207542981562285,0.19452066167504692,1.0239945775681092,0.9752864864983991,0.982131548968082,282.30460047369564
88,10088,10088,10088,07025ed,solver_extremeB_s2,1,1,1,success,60,29.172190052673752,27.156509150791123,9.003188998859763,55,1,30.0,0.45,20.0,1.0,25,1,200,0.002,100,10.0,1.0,0,40,0,0.6666666666666666,0.3557175947561631,-0.5057166781236068,-2.1121445419383535,0.021839136868849012,0.03395917212988939,0.1109672667643556,1.646100718648074,1.1277922097102628,0.3794767590925711,0.4797967132743204,1.0757477887335212,1.0783909860383367,1.1378257017268223,288.41146616578214
89,10089,10089,10089,07025ed,solver_extremeB_s2,1,1,1,success,50,29.40265387623627,25.7290913310504,12.579281587969628,43,1,30.0,0.45,20.0,1.0,25,1,200,0.002,100,10.0,1.0,0,48,0,0.96,0.36080598748147086,-0.24316676352169692,-1.3031265017749287,0.0257111594450357,0.03429204178622511,0.08163032398774867,1.128831771586793,0.8345691640858461,0.3233016897286816,0.6474224771786349,1.0983040762280096,0.9968937347421251,0.9423549407500168,283.75353376356975
90,10090,10090,10090,07025ed,solver_extremeB_s2,1,1,1,success,58,21.63541911101913,16.296860168758144,8.598794541463372,54,1,30.0,0.45,20.0,1.0,25,1,200,0.002,100,10.0,1.0,0,46,0,0.7931034482758621,0.32318922851124887,-0.7213447755569009,-1.3417818246625086,0.023372059979159955,0.03623864589397558,0.10472339902638365,1.212750438450809,1.216575409401932,0.3639807587762017,0.3891114368422345,1.0625041157144735,0.9940472690517538,1.08034785875591,289.04161116343477
91,10091,10091,10091,07025ed,solver_extremeB_s2,0,1,1,timeout,200,53.871952471347605,57.73890670006702,0.0,200,1,30.0,0.45,20.0,1.0,25,1,200,0.002,100,10.0,1.0,0,189,0,0.945,0.3274304559953944,-0.6774524478228839,2.0753811750256377,0.021366567007090005,0.03594108907174873,0.09601422125951421,1.0970720071699354,1.318314947113583,0.3676506445862906,0.6048549457566378,0.9823875029796098,0.9477803360865694,1.1383285813757855,61.74701998756377
92,10092,10092,10092,07025ed,solver_extremeB_s2,1,1,1,success,49,39.11230044722586,25.23858057898275,6.488147255493524,43,1,30.0,0.45,20.0,1.0,25,1,200,0.002,100,10.0,1.0,3,41,0,0.8367346938775511,0.3033324521803218,-0.2179088121457392,-2.7218236427555027,0.02247903899155984,0.0375041895093178,0.036863034841153636,1.7151253648816631,1.074200228842373,0.36788235021590454,0.6000979215450921,1.0321007689058777,0.9469028939118861,0.9614424524247183,277.841722201032
93,10093,10093,10093,07025ed,solver_extremeB_s2,1,1,1,success,56,6.537869352170036,15.684873678188525,11.804703972819263,46,1,30.0,0.45,20.0,1.0,25,1,200,0.002,100,10.0,1.0,0,43,0,0.7678571428571429,0.3778779633134694,-0.3826286411547866,-2.031595602400314,0.02716648036578507,0.032615506653253946,0.048985821587841254,1.474857731962038,0.8529174877018856,0.34521828817579947,0.6399420815257783,1.0225083399780528,0.9684323746218035,0.8697571243525657,285.0956158280417
94,10094,10094,10094,07025ed,solver_extremeB_s2,1,1,1,success,69,29.01015298748186,32.634613830120244,3.1954706596739055,55,1,30.0,0.45,20.0,1.0,25,1,200,0.002,100,10.0,1.0,0,58,0,0.8405797101449275,0.3124585832404866,-0.6034120171393687,1.3217035987455699,0.024811025399847565,0.03976472593784286,0.07961026101684968,1.4378889918509343,0.9203960512539447,0.32854707194003013,0.7157263157659242,1.0645403212642364,0.9976970421101202,1.0261092773075466,289.2650930035168
95,10095,10095,10095,07025ed,solver_extremeB_s2,1,1,0,success,85,44.65307845905921,60.07926291955377,57.284504137380175,46,1,30.0,0.45,20.0,1.0,25,1,200,0.002,100,10.0,1.0,0,75,0,0.8823529411764706,0.3599257701235252,-0.4080759892440772,-1.1159314057499445,0.02401620566016413,0.03250987159618638,0.10668048379353731,1.8382809024624234,0.6754803638124497,0.35977852839401714,0.6342253044145356,0.9548311024431524,0.9428332237768952,1.0423890645755076,241.7623726285885
96,10096,10096,10096,07025ed,solver_extremeB_s2,1,1,1,success,73,26.376402074226412,16.441509230319898,19.43016026722811,60,1,30.0,0.45,20.0,1.0,25,1,200,0.002,100,10.0,1.0,0,47,0,0.6438356164383562,0.3401229864783979,-0.7137666610377754,1.0974834280700678,0.021916678675193712,0.036086394159107096,0.09113722421074794,1.85920251500351,0.693328879509434,0.3201494387501914,0.7003888350206602,1.0112092272697988,0.9865725011429902,1.0737973473652715,292.9224930516159
97,10097,10097,10097,07025ed,solver_extremeB_s2,1,1,1,success,67,23.168264895582368,9.228580921922028,21.134609507829147,43,1,30.0,0.45,20.0,1.0,25,1,200,0.002,100,10.0,1.0,0,43,0,0.6417910447761194,0.34740345146644974,-0.35671953677672286,2.6321223141207497,0.021168854607748512,0.031765207144051226,0.05465601345154364,1.2631149719108223,0.9274832271209089,0.3016634891206273,0.20663772285842594,1.0001541592626768,1.022636249599703,0.8336593226035922,278.86423733409316
98,10098,10098,10098,07025ed,solver_extremeB_s2,1,1,1,success,66,22.33550471927021,27.078247367359204,10.605092231186791,59,1,30.0,0.45,20.0,1.0,25,1,200,0.002,100,10.0,1.0,0,43,0,0.6515151515151515,0.3473557106754102,-0.7006078080954853,-0.7867456312163217,0.026187368208928797,0.03697467895702237,0.03592410322137537,1.8663528963886156,0.8381159423740752,0.37692909844358835,0.3644513371000546,0.9876244882310028,1.115066529258209,1.151276037915765,291.4440403724852
99,10099,10099,10099,07025ed,solver_extremeB_s2,1,1,1,success,63,7.216047566653801,9.476284439093268,1.5158866845861958,60,1,30.0,0.45,20.0,1.0,25,1,200,0.002,100,10.0,1.0,0,53,0,0.8412698412698413,0.35688592355810267,-0.6850808195584819,-2.995510850530075,0.02067068760646425,0.03986562186068664,0.06719704492916084,1.2041341302351771,1.1119299956720317,0.34488612024563225,0.3721080766344574,1.1228483271989045,1.0723890002360519,1.0734355726039095,291.75573301934844
100,10100,10100,10100,07025ed,solver_extremeB_s2,0,1,0,timeout,200,76.70003383832375,60.74616226444004,9.32038851871854,106,1,30.0,0.45,20.0,1.0,25,1,200,0.002,100,10.0,1.0,0,184,0,0.92,0.32607923035092834,-0.6682655538292726,-2.639047366455309,0.022761360530897307,0.03656755176786088,0.10692947000594645,0.9434304556281642,1.2340088087928196,0.3243980878899623,0.6012077930834356,0.9789514575800249,0.963567103905084,0.8600929872235388,68.17428515522981
101,10101,10101,10101,07025ed,solver_extremeB_s2,1,1,1,success,62,29.915940084800624,41.37189013426765,10.360312724713715,57,1,30.0,0.45,20.0,1.0,25,1,200,0.002,100,10.0,1.0,0,43,0,0.6935483870967742,0.3115126655426833,-0.5874402940030723,-1.8243756094034913,0.02426198208609628,0.03254123297855036,0.04571544393403312,1.3663594049989478,0.7025331891542115,0.3167585934731765,0.6582210801020613,1.0584041070921633,0.8920842071778564,0.9552419683864061,289.3031643928639
102,10102,10102,10102,07025ed,solver_extremeB_s2,1,1,1,success,59,14.076299926016507,14.421232198039336,4.479881938185696,53,1,30.0,0.45,20.0,1.0,25,1,200,0.002,100,10.0,1.0,0,45,0,0.7627118644067796,0.3486912304392254,-0.39025489651093337,-0.9792330172098711,0.026381715971629978,0.03678096822227569,0.03941021483077923,1.335145993520975,1.211727939718942,0.3208861675853831,0.6562576964005968,1.029928007962234,1.0484944204923394,0.9914358226603908,288.2516031189469
103,10103,10103,10103,07025ed,solver_extremeB_s2,1,1,1,success,60,4.851194195013672,13.576173041596075,10.031063645898026,52,1,30.0,0.45,20.0,1.0,25,1,200,0.002,100,10.0,1.0,0,47,0,0.7833333333333333,0.3422556258992791,-0.5529768494889254,2.986984084961893,0.021283474429015174,0.03776787384761974,0.11501604335976315,0.8168813513539459,1.204558393106817,0.35607312153676746,0.38846880573959097,1.0566799644680231,0.9705401086392315,0.943853150575799,288.71925885437145
104,10104,10104,10104,07025ed,solver_extremeB_s2,1,1,1,success,45,13.759717603860437,16.785032004095328,14.448948572142763,34,1,30.0,0.45,20.0,1.0,25,1,200,0.002,100,10.0,1.0,0,30,0,0.6666666666666666,0.3756680762262419,-0.19486765586562382,0.7441237936913714,0.0218783593613861,0.03644629745840644,0.06409980089834647,1.900754156231149,1.3925510990453422,0.307817260587534,0.3225366486310136,1.0358669229880026,1.0095716082148292,1.0752445916290236,279.37078248992356
105,10105,10105,10105,07025ed,solver_extremeB_s2,1,1,1,success,59,8.323890540992561,6.180345647944954,7.436560195586382,54,1,30.0,0.45,20.0,1.0,25,1,200,0.002,100,10.0,1.0,0,49,0,0.8305084745762712,0.3082233612132059,-0.40403086441581487,0.21743948170262328,0.02423197222090939,0.03072680629967851,0.04844416076874501,0.802135833541446,1.220439996756383,0.3548564615871919,0.33122925800466096,1.0899505702064969,1.023631319252342,1.0059315806191451,278.11290080301904
106,10106,10106,10106,07025ed,solver_extremeB_s2,1,1,1,success,63,17.3297996768935,17.5542912175496,11.617644609258406,52,1,30.0,0.45,20.0,1.0,25,1,200,0.002,100,10.0,1.0,0,46,0,0.7301587301587301,0.3390774013527244,-0.40877417701215435,1.9314871132874334,0.022865665949381594,0.036148976954419244,0.07928436493351176,1.6013554168360211,0.7774971390431937,0.3810558165836846,0.5266604133613135,1.0659907778526663,1.057898765740102,0.7980209720525455,287.01625710488895
107,10107,10107,10107,07025ed,solver_extremeB_s2,1,1,1,success,59,11.047222579624849,10.442547919457008,9.835265805839521,53,1,30.0,0.45,20.0,1.0,25,1,200,0.002,100,10.0,1.0,0,51,0,0.864406779661017,0.3592440730806218,-0.36264570608264407,-2.9879209594401113,0.025965962195875554,0.03512964680197495,0.10503550293204658,0.8513843419266092,1.1340357805025763,0.35486727204120316,0.6586985581747246,0.9805587317986394,0.9976399736477172,1.2327681375928066,288.93096154201197
108,10108,10108,10108,07025ed,solver_extremeB_s2,1,1,1,success,75,10.676803768780818,12.079134325146201,16.880897067873654,62,1,30.0,0.45,20.0,1.0,25,1,200,0.002,100,10.0,1.0,0,64,0,0.8533333333333334,0.3702142840744887,-0.6961476840991411,0.703719062740237,0.023391935972675075,0.038286358619529184,0.04194521060069051,1.6612085780881367,1.1051772623399883,0.30141022322210725,0.6137554858668773,0.9515461955950907,0.957958060376409,1.2842270217247784,294.07629951389
109,10109,10109,10109,07025ed,solver_extremeB_s2,1,1,1,success,52,24.299981124982224,17.567963132915636,10.114009473303446,47,1,30.0,0.45,20.0,1.0,25,1,200,0.002,100,10.0,1.0,0,34,0,0.6538461538461539,0.3277607359590594,-0.4965252007344512,1.938149390051822,0.02699599380947782,0.03188953465721912,0.11025904654115866,1.6825913719069008,1.1026410597500789,0.33319196507481397,0.36120489789701865,0.9895246623790597,1.0196502150547262,1.0956037362834357,285.9070744465669
110,10110,10110,10110,07025ed,solver_extremeB_s2,1,1,1,success,52,25.300930845047702,38.41582867471865,0.06627623046430543,49,1,30.0,0.45,20.0,1.0,25,1,200,0.002,100,10.0,1.0,0,40,0,0.7692307692307693,0.3152341706576268,-0.27588339777193255,-1.9082955668111268,0.026117934309192698,0.0358011188437192,0.11679973728517519,1.6201255674566604,1.2086557024401214,0.32253561229264044,0.6832649638085038,1.027713516112933,1.0751328751887432,1.0968263894946046,286.3894949709106
111,10111,10111,10111,07025ed,solver_extremeB_s2,1,1,1,success,45,12.019031831728926,19.655627629376294,8.927196723788462,37,1,30.0,0.45,20.0,1.0,25,1,200,0.002,100,10.0,1.0,0,32,0,0.7111111111111111,0.3465639647873732,-0.20115780455873544,0.07193792629922635,0.02054644362680081,0.03894087318879859,0.11257508250113638,1.8598732910558888,0.7016159297228834,0.3204330436189002,0.26399343775218054,1.0210192594313139,1.1034175984199808,1.1284550685740307,278.0539886018764
112,10112,10112,10112,07025ed,solver_extremeB_s2,1,1,1,success,60,20.782942082679167,22.365897372548684,7.868135253666954,54,1,30.0,0.45,20.0,1.0,25,1,200,0.002,100,10.0,1.0,0,37,0,0.6166666666666667,0.3233448270763492,-0.5396738277815045,-0.6375127111710985,0.025650493518087316,0.03640895102442672,0.044132343537783184,1.9900512001492179,1.2825538184356255,0.35668316177254455,0.49708960478914244,0.9955044243952796,1.0447355900126538,1.1373689498551836,288.9483249220686
113,10113,10113,10113,07025ed,solver_extremeB_s2,1,1,1,success,57,6.93490534269875,9.175862907796475,4.363326822661433,51,1,30.0,0.45,20.0,1.0,25,1,200,0.002,100,10.0,1.0,0,44,0,0.7719298245614035,0.3379867404588779,-0.6953722449114164,-0.9224409547071826,0.025194125138453184,0.034674401718568164,0.05096925724246808,1.4853710247046465,1.032312091893391,0.36812385843347456,0.3080515505392633,1.015605874840123,1.0232112274897178,1.116440524536571,288.50709531675994
114,10114,10114,10114,07025ed,solver_extremeB_s2,1,1,1,success,80,24.318856199792624,11.566044792862984,16.613316874245154,58,1,30.0,0.45,20.0,1.0,25,1,200,0.002,100,10.0,1.0,0,62,0,0.775,0.3693794858904569,-0.5659300990629228,-1.1249752695324369,0.026601463938480185,0.039559346717379484,0.11077377425338832,0.8155163643279418,1.0085461922675636,0.33374950809991305,0.5485034997137277,1.051064452833151,1.0924786976411143,1.1099275168834621,288.6078392941764
115,10115,10115,10115,07025ed,solver_extremeB_s2,1,1,1,success,44,23.490860790233445,27.009570780173053,3.6746501516771546,39,1,30.0,0.45,20.0,1.0,25,1,200,0.002,100,10.0,1.0,0,38,0,0.8636363636363636,0.34729026972885596,-0.2380310508687804,1.127239164793565,0.021583049120411233,0.034855044714703305,0.11243645768703149,1.7872158036868049,0.9135151674263502,0.3781975627357052,0.43975270990905185,1.0276946128551974,0.9419030878940866,1.0557128070554387,280.2938647009722
116,10116,10116,10116,07025ed,solver_extremeB_s2,1,1,1,success,57,31.13905456216998,32.66284658907484,1.599298341629628,49,1,30.0,0.45,20.0,1.0,25,1,200,0.002,100,10.0,1.0,0,33,0,0.5789473684210527,0.33244997772639473,-0.4853223369545461,0.30504122777746145,0.022448101707391338,0.036176845312335684,0.04874745088773584,1.0596463982670057,1.2852786164682377,0.3844290230255324,0.33388176567694694,1.0646688311090007,1.0174675063039074,1.1053318295601207,286.42923261075566
117,10117,10117,10117,07025ed,solver_extremeB_s2,1,1,1,success,62,12.80626755991012,14.13497343218489,4.583021532825773,56,1,30.0,0.45,20.0,1.0,25,1,200,0.002,100,10.0,1.0,0,48,0,0.7741935483870968,0.31825145227840423,-0.5852340434724435,-1.2754050022075991,0.025584513345843298,0.03810528383721438,0.10189135196169655,1.3082218042246112,1.2639299963125157,0.3842911386974549,0.6116970472170602,1.0450379161612293,1.0750990489799415,0.9134213883619169,289.166963727888
118,10118,10118,10118,07025ed,solver_extremeB_s2,1,1,1,success,110,33.747965088571966,21.738239634828826,12.475755106274017,48,1,30.0,0.45,20.0,1.0,25,1,200,0.002,100,10.0,1.0,0,95,0,0.8636363636363636,0.3532757897298985,-0.283962448232107,3.06883250585407,0.023862361340681804,0.03841465683549928,0.0355817927120275,1.982325077305765,0.907329355288375,0.35538608769859303,0.6437492310619249,1.0274339784537572,0.9352260280435395,0.9090019156629858,278.52013424452235
119,10119,10119,10119,07025ed,solver_extremeB_s2,1,1,1,success,53,12.767562388346612,12.302024701848245,13.10257035474808,46,1,30.0,0.45,20.0,1.0,25,1,200,0.002,100,10.0,1.0,0,33,0,0.6226415094339622,0.3323750538488583,-0.4333135864553951,0.3466478817189027,0.024076498870468782,0.03597837018137892,0.11180081832783642,1.33283886397003,0.9069054706793723,0.3569209644982824,0.2761779054603129,0.9914075357910282,1.0264286828226477,1.2506547882120542,284.23870257184353
120,10120,10120,10120,07025ed,solver_extremeB_s2,1,1,1,success,65,28.930786799527834,26.871780566727015,20.21864784251797,56,1,30.0,0.45,20.0,1.0,25,1,200,0.002,100,10.0,1.0,0,46,0,0.7076923076923077,0.332517368145705,-0.7117499163794268,-0.17479539425061352,0.02092840104131927,0.03946581029799282,0.1005453340029857,1.5417655733852502,0.9344099831306634,0.3505443765815749,0.5259560373873977,0.9790863290893778,0.9407777445875404,0.9862031722538893,290.1989341117242
121,10121,10121,10121,07025ed,solver_extremeB_s2,1,1,1,success,52,27.787974686878524,27.05703873642656,14.09878983870574,45,1,30.0,0.45,20.0,1.0,25,1,200,0.002,100,10.0,1.0,0,44,0,0.8461538461538461,0.36571055982143086,-0.17539694670997952,0.21857854721725367,0.025559364112845068,0.03450917953915334,0.0835270158731515,1.4971120073795754,1.0715317808431046,0.35650371816352155,0.6600981983078855,1.0297491094579903,1.0579892174724415,0.9891003845267257,282.96812568432085
122,10122,10122,10122,07025ed,solver_extremeB_s2,1,1,1,success,55,19.785278044781098,18.296907981004107,5.261313291532697,51,1,30.0,0.45,20.0,1.0,25,1,200,0.002,100,10.0,1.0,0,41,0,0.7454545454545455,0.3780622635411718,-0.40411347537860287,-1.9254674928904627,0.025336346389273887,0.03559933019263882,0.08867564309756286,1.5567663446695057,1.08255748540148,0.38576956181466304,0.4195899367312904,1.0406101487634347,1.0785308615710127,0.9823773799722639,287.2279690723363
123,10123,10123,10123,07025ed,solver_extremeB_s2,0,1,0,unsafe,19,286.8343279683203,nan,nan,-1,1,30.0,0.45,20.0,1.0,25,1,200,0.002,100,10.0,1.0,0,13,0,0.6842105263157895,0.33043203845290725,-0.6978401015365,-2.6318113646738928,0.027126678679649477,0.035985854445777746,0.04739728624345387,1.2103511622065748,1.12857669689751,0.3093724347181601,0.23039632877328067,0.9900557341447966,1.0023802348802178,1.1593256458028365,-39.402844688585745
124,10124,10124,10124,07025ed,solver_extremeB_s2,1,1,1,success,46,10.04855297228778,42.1912140690707,30.49333133424643,40,1,30.0,0.45,20.0,1.0,25,1,200,0.002,100,10.0,1.0,0,25,0,0.5434782608695652,0.3184023727654703,-0.43650461564500825,-1.1984744885792817,0.021913052332776604,0.031231139775088918,0.054389491311650905,0.8756609718782713,1.2736376282611737,0.3830331141572983,0.288112399657872,1.022591666150478,1.0796991700618306,0.9695079282337619,283.56640651032876
125,10125,10125,10125,07025ed,solver_extremeB_s2,1,1,1,success,66,25.92538381942185,22.142322392348923,7.2395101574124245,57,1,30.0,0.45,20.0,1.0,25,1,200,0.002,100,10.0,1.0,0,52,0,0.7878787878787878,0.3899786362787296,-0.5769738606933428,-0.8043033556749393,0.026529315464266033,0.03831469330477197,0.09282550669557545,1.4061143811181185,0.9257355114956327,0.36625033784156613,0.6605864854219646,1.0961095855239955,0.9586759759881822,1.1958591728292092,290.76513403608277
126,10126,10126,10126,07025ed,solver_extremeB_s2,1,1,1,success,50,27.288372594587305,23.215589737880144,3.4460260240137885,45,1,30.0,0.45,20.0,1.0,25,1,200,0.002,100,10.0,1.0,0,35,0,0.7,0.3235091218087335,-0.2386295434498653,-0.16489274414315513,0.02245088758356655,0.03678821785921456,0.09589644302601733,1.6471583383060189,0.7408228148555507,0.3865163831060394,0.5691193843400357,1.016382747817275,1.015209241182654,1.0994876457986278,281.5395596603198
127,10127,10127,10127,07025ed,solver_extremeB_s2,1,1,1,success,56,20.5178701179052,21.924519846392126,6.105211908957936,49,1,30.0,0.45,20.0,1.0,25,1,200,0.002,100,10.0,1.0,0,39,0,0.6964285714285714,0.33814037738413927,-0.5738844363673988,2.342014483002103,0.026632983280386806,0.038102835187415675,0.10675787578332581,1.8464007165889953,1.052849028599196,0.3897513822123798,0.3477036124809859,1.0491973309559646,1.025740363308007,1.1706661795130424,286.21300388842826
128,10128,10128,10128,07025ed,solver_extremeB_s2,1,1,1,success,59,23.559065493380142,27.069531332964978,22.329388895033016,49,1,30.0,0.45,20.0,1.0,25,1,200,0.002,100,10.0,1.0,0,39,0,0.6610169491525424,0.327746389506055,-0.1931633973413287,-2.057351634852915,0.02572764759442468,0.036600010645286334,0.043912335188737855,1.7126550129568092,0.8685536565652647,0.35982153730949684,0.6720148264191406,0.9109748564103707,0.9799288247448399,0.989181270535056,285.257834262315
129,10129,10129,10129,07025ed,solver_extremeB_s2,1,1,1,success,64,18.248748292500498,22.415918499292555,5.228111689955409,58,1,30.0,0.45,20.0,1.0,25,1,200,0.002,100,10.0,1.0,0,47,0,0.734375,0.35565348876343,-0.601212358189993,-3.0106181256803897,0.024553771999648075,0.030981506211699057,0.06481680627612636,1.8676810472514054,0.9385678113223526,0.33848193828530465,0.682888317429176,1.017716622438282,1.0973427807349159,1.1761524411309985,294.0879197697238
130,10130,10130,10130,07025ed,solver_extremeB_s2,1,1,1,success,61,30.34623651640029,46.154910606209725,2.884444226181187,58,1,30.0,0.45,20.0,1.0,25,1,200,0.002,100,10.0,1.0,0,48,0,0.7868852459016393,0.3550009551052408,-0.5823261675701816,1.5827399641494138,0.02558097577652595,0.03144497411291506,0.044405378036782725,1.3949743749872185,1.3475899111358827,0.30517135202055223,0.3322353067428957,1.0176856310230187,0.9698350640775688,1.0015910021264924,282.86238807786015
131,10131,10131,10131,07025ed,solver_extremeB_s2,1,1,1,success,59,33.643229060275715,24.95361739773168,6.250157383320869,54,1,30.0,0.45,20.0,1.0,25,1,200,0.002,100,10.0,1.0,0,37,0,0.6271186440677966,0.34798251739789093,-0.6143977890027729,-0.11095076930692782,0.02349004215058961,0.03177927194732653,0.10201817534963531,0.8711015494530234,0.6223390464877517,0.3884269046602695,0.32220911914556805,1.0865061024297418,1.0543963014565239,0.9466081617862957,287.74076862578113
132,10132,10132,10132,07025ed,solver_extremeB_s2,1,1,1,success,55,17.551401216453417,15.590250067610894,2.6124597823979325,51,1,30.0,0.45,20.0,1.0,25,1,200,0.002,100,10.0,1.0,0,36,0,0.6545454545454545,0.32349144123023327,-0.7058443570766076,-0.21789978632952023,0.024035804945498226,0.035155546926957534,0.1018647228666096,0.8961995872978705,0.6609638507282908,0.35660722480619467,0.31925144268371225,0.9724812250270479,1.053834456206143,0.9502873244279005,288.6274934258083
133,10133,10133,10133,07025ed,solver_extremeB_s2,1,1,1,success,48,27.46869342861066,29.378673564995538,7.369398927069279,41,1,30.0,0.45,20.0,1.0,25,1,200,0.002,100,10.0,1.0,0,33,0,0.6875,0.3738554711888443,-0.25986614729388546,0.7850847715661486,0.02516346417256384,0.031978201910170374,0.07391358993255535,0.8637816651749853,1.386352912102695,0.33216028330212255,0.2739761378357916,0.9313752351763286,1.0357179550980862,1.0314546374555513,281.8191203107925
134,10134,10134,10134,07025ed,solver_extremeB_s2,1,1,1,success,53,11.675696901335522,5.5285021951158795,17.326373270093296,48,1,30.0,0.45,20.0,1.0,25,1,200,0.002,100,10.0,1.0,0,38,0,0.7169811320754716,0.3265536392337718,-0.4004976580255334,3.020710868067347,0.020978411255613828,0.03042083487045821,0.06390150949149725,1.7526071309791234,0.7270120957512949,0.36146995676032084,0.5413025472235582,1.0454806369914653,0.9659912460281627,0.8570939768952034,288.3228926577884
135,10135,10135,10135,07025ed,solver_extremeB_s2,1,1,1,success,50,9.677715874904905,8.996303913896297,1.192888141408454,41,1,30.0,0.45,20.0,1.0,25,1,200,0.002,100,10.0,1.0,0,39,0,0.78,0.3332927321355103,-0.5990799755913256,-2.672761678951189,0.02349044743193625,0.03785222050768835,0.06686034824589471,1.9783881352012493,0.7654610459831651,0.35714050177427137,0.22343308847868978,1.0388310688508242,0.996156486957332,1.0063965453681205,285.7799446942592
136,10136,10136,10136,07025ed,solver_extremeB_s2,1,1,1,success,51,17.657385696828456,21.98586615042214,2.081425727393505,45,1,30.0,0.45,20.0,1.0,25,1,200,0.002,100,10.0,1.0,0,34,0,0.6666666666666666,0.3064833075525218,-0.5651179491406377,1.5844070817657423,0.021675239280274476,0.03343996453619363,0.1015257546795805,1.6193374365748359,0.7259897978822314,0.355083373142223,0.3562271804435801,1.034224123395893,1.0240016620703873,0.8840998102551649,287.35674733779786
137,10137,10137,10137,07025ed,solver_extremeB_s2,1,1,1,success,50,15.099242479762433,14.37583201574913,8.893085566395706,44,1,30.0,0.45,20.0,1.0,25,1,200,0.002,100,10.0,1.0,0,38,0,0.76,0.34265184174061886,-0.41552970709320286,-1.9659808853473897,0.024315516751196416,0.030722371579512252,0.062482300174491134,1.095037162582715,1.1243120177792691,0.33163377254946047,0.4195591890180838,0.9853087813962796,0.9728375009844313,1.1219773389086718,286.30872285929445
138,10138,10138,10138,07025ed,solver_extremeB_s2,1,1,1,success,59,17.708075687914995,20.266101097568097,1.5428034460117046,53,1,30.0,0.45,20.0,1.0,25,1,200,0.002,100,10.0,1.0,0,46,0,0.7796610169491526,0.3331317568544416,-0.48698725198308523,2.9482793584546476,0.027022006794621883,0.03017631920722285,0.053874275765748714,1.0737822637184513,0.7624563218955341,0.3401708290202044,0.6340542130080378,1.0428068808847306,0.9452580973736671,1.0817388326180561,281.79206182885196
139,10139,10139,10139,07025ed,solver_extremeB_s2,1,1,1,success,53,15.335784175778088,14.526930455886914,2.857086701728105,48,1,30.0,0.45,20.0,1.0,25,1,200,0.002,100,10.0,1.0,0,36,0,0.6792452830188679,0.31625639387541354,-0.49812108262755816,1.512820952073059,0.0269414557452638,0.033689396179428184,0.09653938836878598,1.7833616897944706,1.34899319863898,0.3527768584236194,0.37707414757914903,1.0151657528026483,1.061626594507055,1.0712623563023618,286.1191342998597
140,10140,10140,10140,07025ed,solver_extremeB_s2,1,1,1,success,52,2.409170750471894,23.78990381547537,12.49748367415452,47,1,30.0,0.45,20.0,1.0,25,1,200,0.002,100,10.0,1.0,0,37,0,0.7115384615384616,0.3281441356999439,-0.6232095510060315,1.6701920118496272,0.022469401341285968,0.03553861933874009,0.08527014076789208,1.1819428415355648,1.3222357894832426,0.3586378880549546,0.2211549528701458,1.090537145906118,1.0682330094535681,1.0948677355459364,287.8610442663719
141,10141,10141,10141,07025ed,solver_extremeB_s2,1,1,1,success,47,21.120779045752833,14.689236332122714,9.202956492274073,38,1,30.0,0.45,20.0,1.0,25,1,200,0.002,100,10.0,1.0,0,41,0,0.8723404255319149,0.3818727985728623,-0.18960858330185637,2.409705751419513,0.02129549407326796,0.03790196948468667,0.04266633180966289,0.9715834152320122,0.9473670020424514,0.3703666109622693,0.41018564084395204,0.9694863757391101,1.0806927510445352,1.1177869485621312,280.65710689527464
142,10142,10142,10142,07025ed,solver_extremeB_s2,1,1,1,success,51,7.819019421464266,9.776673104613524,7.698504297795953,46,1,30.0,0.45,20.0,1.0,25,1,200,0.002,100,10.0,1.0,0,37,0,0.7254901960784313,0.38332064896262036,-0.526604350362161,-1.4628563530478353,0.026135076466378044,0.03216635728631165,0.048311233751155466,1.3315346161875188,0.9063946738063817,0.38903207741226514,0.19056995373137983,0.9966542338747016,1.0548353685254392,0.8379204333880281,287.9376779587891
143,10143,10143,10143,07025ed,solver_extremeB_s2,1,1,1,success,61,18.13284002567743,18.221696464119614,17.13864563059844,55,1,30.0,0.45,20.0,1.0,25,1,200,0.002,100,10.0,1.0,0,43,0,0.7049180327868853,0.3252314653889379,-0.6874860807601577,-0.437125858960405,0.022140198118104505,0.034658971617891006,0.06157530287285093,1.1518453981362693,0.6784087181623251,0.3455718294399981,0.5859792034447378,1.0453835154426165,1.1116591739707415,1.0235949509122426,292.77186085725197
144,10144,10144,10144,07025ed,solver_extremeB_s2,1,1,1,success,46,8.222815893831973,9.82722907667212,13.871194580369549,41,1,30.0,0.45,20.0,1.0,25,1,200,0.002,100,10.0,1.0,0,20,0,0.43478260869565216,0.3224819506851353,-0.3109775361197527,1.4964366955321653,0.021523552342030267,0.03437657749059147,0.0699015250057895,1.7598240703500403,1.1133154164804608,0.36561053004554617,0.19292460181915572,0.997343785214494,1.0755639645168107,1.1464651010198246,282.4598867950273
145,10145,10145,10145,07025ed,solver_extremeB_s2,1,1,1,success,70,23.729860423661886,11.96408500554919,20.434571263778704,60,1,30.0,0.45,20.0,1.0,25,1,200,0.002,100,10.0,1.0,0,51,0,0.7285714285714285,0.389470248237819,-0.4799443093358658,0.027249634471007145,0.02507473913977362,0.03855202581833331,0.050946560315586996,1.143379355434547,1.266981365833511,0.34745687492671423,0.5185532376958701,1.0355908673513825,1.0068690893283017,1.258720591527522,284.8253073827875
146,10146,10146,10146,07025ed,solver_extremeB_s2,1,1,1,success,69,20.191551579068136,19.407980040363633,19.919961344507403,57,1,30.0,0.45,20.0,1.0,25,1,200,0.002,100,10.0,1.0,0,48,0,0.6956521739130435,0.3855781690328425,-0.554386164044631,0.3580125070696023,0.02303959003024435,0.03591978891432246,0.08978274653069854,1.5618207461917968,1.2023289185009296,0.3702647556566158,0.61154425947457,1.011279477193551,1.0907274019706936,1.1615271775280518,291.737790379083
147,10147,10147,10147,07025ed,solver_extremeB_s2,1,1,1,success,52,32.46932675916464,37.251135487992904,3.07422590620184,46,1,30.0,0.45,20.0,1.0,25,1,200,0.002,100,10.0,1.0,0,44,0,0.8461538461538461,0.32670635959568894,-0.34794022926798396,-0.8437814428628672,0.024327310968405864,0.036881723357293804,0.030930387172382532,1.4609464044951888,1.275780155593028,0.3815953556213507,0.2436750454596393,1.0057352775482287,1.0779371702331986,0.8969395435393348,281.7850689504027
148,10148,10148,10148,07025ed,solver_extremeB_s2,1,1,1,success,67,22.88956205411916,9.485644526627185,16.742142977565056,61,1,30.0,0.45,20.0,1.0,25,1,200,0.002,100,10.0,1.0,0,49,0,0.7313432835820896,0.3416755633942249,-0.40401462863812315,1.9723701939462295,0.02451653070205008,0.03337484990147012,0.08313457425669823,1.4042818177088892,1.2863337976557483,0.3286831232606363,0.17140207944081792,0.985694458065904,1.0214060036921215,1.1090813804502435,276.12205870888965
149,10149,10149,10149,07025ed,solver_extremeB_s2,1,1,1,success,73,15.755858826880413,29.30182394868072,11.343982923956169,68,1,30.0,0.45,20.0,1.0,25,1,200,0.002,100,10.0,1.0,0,62,0,0.8493150684931506,0.3882547681447667,-0.723851681968524,1.8632039766259858,0.027512441590992337,0.03163433716650457,0.1074716850226914,1.768401519669103,0.9641970852711064,0.30176603800144663,0.6276199700258925,0.9981191037010344,1.0753432726204604,1.1261234021354665,291.9949245988164
150,10150,10150,10150,07025ed,solver_extremeB_s2,1,1,1,success,44,12.744397967998262,11.260809697904953,2.1313738975175203,41,1,30.0,0.45,20.0,1.0,25,1,200,0.002,100,10.0,1.0,0,31,0,0.7045454545454546,0.326499271079673,-0.3183721754854942,-3.0248901925764184,0.02744621742627303,0.03753155491262694,0.049107094213828126,1.5008450987004704,1.3579001546147489,0.3543485580723744,0.24238542369841448,1.0624389752560977,1.1090251159755335,1.223848871056823,281.7644138111641
151,10151,10151,10151,07025ed,solver_extremeB_s2,1,1,1,success,54,19.813061489862786,35.8941085673559,20.494885523819473,45,1,30.0,0.45,20.0,1.0,25,1,200,0.002,100,10.0,1.0,0,30,0,0.5555555555555556,0.3413793965186658,-0.4208201175472909,-2.087134870766787,0.021099989473506865,0.03306075121909875,0.052343033110106504,1.8706898030853385,1.1476384585211028,0.3792051000474718,0.24229191302125078,1.0560195816001217,1.0246724686944626,1.016009765262409,284.97456632438883
152,10152,10152,10152,07025ed,solver_extremeB_s2,1,1,1,success,54,37.6642685048291,41.449303741670924,5.897384320728415,48,1,30.0,0.45,20.0,1.0,25,1,200,0.002,100,10.0,1.0,0,33,0,0.6111111111111112,0.33131305836263397,-0.27655413220811803,-2.664201399195613,0.025506233704427363,0.032641352755060526,0.0340504830209847,1.4295263670855372,0.9959881882329885,0.3771954934299902,0.63872610400902,1.08093097559215,1.1125638260193955,1.0654571523306244,283.4966511207508
153,10153,10153,10153,07025ed,solver_extremeB_s2,1,1,1,success,62,9.530176709431643,7.124423118116624,6.142301746218746,54,1,30.0,0.45,20.0,1.0,25,1,200,0.002,100,10.0,1.0,0,47,0,0.7580645161290323,0.3692838584848476,-0.6037892057304902,-2.1225369521638147,0.024641047620259815,0.03959228549006477,0.0607267195712683,1.5189411782276432,1.3616737526196927,0.3106809531366732,0.25788921826300387,1.0785415365436166,0.9604505392324539,0.9998315651117822,288.1413258241548
154,10154,10154,10154,07025ed,solver_extremeB_s2,1,1,1,success,56,18.21445292571338,15.987178092828495,14.078145238858584,47,1,30.0,0.45,20.0,1.0,25,1,200,0.002,100,10.0,1.0,0,46,0,0.8214285714285714,0.3884323971316397,-0.49093188006472666,-0.8911006982229126,0.021458892803878877,0.04015916679842591,0.08742148366514277,0.8135217486107607,0.9647599236232832,0.3784315288122695,0.315098868076379,0.9810502445682365,1.049417956318695,1.0075440654205483,286.10438868571833
155,10155,10155,10155,07025ed,solver_extremeB_s2,0,0,0,timeout,200,311.3432642649429,nan,nan,-1,1,30.0,0.45,20.0,1.0,25,1,200,0.002,100,10.0,1.0,0,158,0,0.79,0.32129731897019104,-0.368527912371158,-1.045199398300913,0.021901465386755994,0.03990243753597025,0.031602730797476934,1.995708051073923,0.978268311790921,0.31230501156843266,0.39669382627552746,1.0211440739026847,0.9671970277404591,1.0514576251904972,-8.058952221736513
156,10156,10156,10156,07025ed,solver_extremeB_s2,1,1,1,success,52,22.63617300385903,22.580010203706802,18.850501353412717,43,1,30.0,0.45,20.0,1.0,25,1,200,0.002,100,10.0,1.0,0,42,0,0.8076923076923077,0.300079168779037,-0.2698323233471241,-1.964399457079485,0.023302648579513665,0.04000771261732553,0.08599970747333113,1.010007527374207,0.9035490135348347,0.31763544389653203,0.5025950573222329,0.9522346248652748,1.066419743323391,1.1367457210666703,282.07353658756665
157,10157,10157,10157,07025ed,solver_extremeB_s2,1,1,1,success,63,33.19868216607095,20.76428873008619,4.104985297925437,59,1,30.0,0.45,20.0,1.0,25,1,200,0.002,100,10.0,1.0,0,41,0,0.6507936507936508,0.3637528535103458,-0.4978022502614905,-2.187831704038455,0.02342048136647581,0.03905398794248731,0.04656535247831041,1.7679388086888403,0.7344915693384011,0.3674874034448961,0.17027615904650928,0.994987109100714,0.95726818038139,0.9806659893450735,283.1794472206401
158,10158,10158,10158,07025ed,solver_extremeB_s2,1,1,0,success,77,44.09193297648295,30.823357870084433,24.381375934042712,53,1,30.0,0.45,20.0,1.0,25,1,200,0.002,100,10.0,1.0,0,67,0,0.8701298701298701,0.32565272929714595,-0.1730495220643461,2.294451203916167,0.024250274472159366,0.038102526809501755,0.09208654038812482,1.3954536732441456,1.3476649044668458,0.3661840562500794,0.5997543961014122,1.059310981871073,1.0755464247003739,1.1920204308912994,256.31741044780796
159,10159,10159,10159,07025ed,solver_extremeB_s2,1,1,1,success,48,21.97658961211251,28.889476506381953,0.4751258101816211,45,1,30.0,0.45,20.0,1.0,25,1,200,0.002,100,10.0,1.0,0,36,0,0.75,0.30909570392711405,-0.21599195378934655,-2.6694853166131756,0.022877490537056493,0.03923160888567397,0.04232885836311758,0.9652188297848964,0.6181406001416495,0.30480049708141355,0.3985484842985439,0.9041622651344122,1.0056397733876967,1.0587157760987842,281.28537761642974
160,10160,10160,10160,07025ed,solver_extremeB_s2,1,1,1,success,68,21.149583750433862,35.9709436483409,31.986382130492938,47,1,30.0,0.45,20.0,1.0,25,1,200,0.002,100,10.0,1.0,0,51,0,0.75,0.335887624198043,-0.4234954759064948,-0.02253634690254236,0.020690586101359508,0.039824982740675016,0.042113242264701256,1.0023436258201268,0.7144165122814012,0.3689076003480982,0.5053813957278556,1.128113523095352,0.9989304287359831,1.239905347742616,283.6109309727578
161,10161,10161,10161,07025ed,solver_extremeB_s2,1,1,1,success,74,13.615508577728828,27.085112229715104,2.7375991103286523,65,1,30.0,0.45,20.0,1.0,25,1,200,0.002,100,10.0,1.0,0,60,0,0.8108108108108109,0.3796396417931617,-0.7281857918458735,1.3295936305821936,0.027596336025906432,0.0326055507187678,0.08751022088210939,1.1265167710443618,0.8663183981119638,0.35341509113053515,0.666708560382104,1.0373832717770421,1.0664910032515316,1.2733634228608484,298.78672726129076
162,10162,10162,10162,07025ed,solver_extremeB_s2,1,1,1,success,47,14.516157469790413,16.463595207685664,9.75465207119206,41,1,30.0,0.45,20.0,1.0,25,1,200,0.002,100,10.0,1.0,0,32,0,0.6808510638297872,0.3489957482022058,-0.42345566963696585,0.12125744679620265,0.024580189733094105,0.03872709475847602,0.09431055890337661,1.363227161160073,0.9408563307348661,0.3307955481790435,0.20546593293740395,1.0841403042323046,1.1439540180864642,1.086734344538124,282.46198959144954
163,10163,10163,10163,07025ed,solver_extremeB_s2,1,1,1,success,51,31.915444219511446,26.072316468904795,14.008162331866465,44,1,30.0,0.45,20.0,1.0,25,1,200,0.002,100,10.0,1.0,0,42,0,0.8235294117647058,0.34867158358531,-0.2823259436678787,1.6158619673990584,0.023933530293499452,0.0298575849591043,0.06148698251675655,0.99131576354402,0.9962027273618106,0.32424238913404096,0.43520849336858797,1.0256196094082566,1.0347690682234731,0.9570712037173146,279.8212552978331
164,10164,10164,10164,07025ed,solver_extremeB_s2,1,1,1,success,58,11.641045953815693,18.091735504861344,19.975089111312226,49,1,30.0,0.45,20.0,1.0,25,1,200,0.002,100,10.0,1.0,0,46,0,0.7931034482758621,0.3040613693509462,-0.4719360264036115,0.10828638963306414,0.021088823584499858,0.032279427187776,0.04368272085630765,1.4542862408866006,1.1762620045526058,0.35017562444397515,0.6719898817777309,1.019000249368509,1.0682843656273122,0.9865921610925248,286.387075070517
165,10165,10165,10165,07025ed,solver_extremeB_s2,1,1,1,success,49,19.18096270903979,29.440863332148368,12.797928408021912,38,1,30.0,0.45,20.0,1.0,25,1,200,0.002,100,10.0,1.0,0,34,0,0.6938775510204082,0.35050145212020245,-0.44368002344798035,-1.762188662767684,0.02139616676310297,0.03325254256161312,0.0592763490194242,1.543889697106013,1.2179958994947384,0.31551920379899795,0.37860848535158376,1.048480824157285,0.9782637500126438,1.3703505904661326,283.6245208089631
166,10166,10166,10166,07025ed,solver_extremeB_s2,1,1,1,success,43,13.535894317319007,22.721012184188428,14.308129132788238,37,1,30.0,0.45,20.0,1.0,25,1,200,0.002,100,10.0,1.0,0,35,0,0.813953488372093,0.35777919387563845,-0.17368190114629145,-0.9971389423206718,0.021039454887437654,0.03571257025476771,0.03363600386476326,1.482063164672479,1.2303158141243271,0.34791747557514485,0.559784157888344,1.075840380004742,1.0514349952309145,1.0994343998463756,281.4366693997414
167,10167,10167,10167,07025ed,solver_extremeB_s2,1,1,1,success,49,6.149691781044583,11.43870568331632,1.5054651785206528,43,1,30.0,0.45,20.0,1.0,25,1,200,0.002,100,10.0,1.0,0,37,0,0.7551020408163265,0.35028179750083255,-0.27459331490331396,-0.23691509499958885,0.024477570711352738,0.03418870061252226,0.08928215146082952,1.472781698855648,1.1376864711151713,0.3654802296609817,0.38023607375654966,1.054820444491545,1.0535507457603976,1.0405314966266035,282.627383268001
168,10168,10168,10168,07025ed,solver_extremeB_s2,0,1,0,timeout,200,49.157092718793244,30.074323155103023,17.696919560040236,40,1,30.0,0.45,20.0,1.0,25,1,200,0.002,100,10.0,1.0,0,165,0,0.825,0.3313556343150016,-0.26157044756403497,0.12670709066472696,0.023389723545933078,0.0336334878032614,0.03902769259696302,1.337733143120309,1.1745782580272977,0.3629469402239742,0.38394849817959414,1.0221173615067605,0.970128129887161,0.7978973434382746,39.27146459606519
169,10169,10169,10169,07025ed,solver_extremeB_s2,1,1,1,success,56,20.98034951348336,17.639753942809794,7.996403057205026,48,1,30.0,0.45,20.0,1.0,25,1,200,0.002,100,10.0,1.0,0,45,0,0.8035714285714286,0.3333197213456748,-0.5478685454241403,-0.8464581354646952,0.02284002743346199,0.036371192392439966,0.048722231628641956,1.0398164597650896,1.23466858684578,0.3208733534604648,0.38819386907817083,1.0342732919440702,1.0715507236824642,0.8897789310037674,287.471496269495
170,10170,10170,10170,07025ed,solver_extremeB_s2,0,1,0,timeout,200,134.60110851095172,nan,nan,-1,1,30.0,0.45,20.0,1.0,25,1,200,0.002,100,10.0,1.0,0,186,0,0.93,0.36204043752511017,-0.20524636129825757,0.7521166581026564,0.024869091560302824,0.03520206231965597,0.10926095187566737,1.1986259059419349,1.2535651402765329,0.3683018715793809,0.2912215420638372,1.1088292449535346,1.0916194349604047,0.9042697461872671,17.719513303798514
171,10171,10171,10171,07025ed,solver_extremeB_s2,1,1,1,success,56,24.96405915250671,15.939545492329593,17.690661918843936,49,1,30.0,0.45,20.0,1.0,25,1,200,0.002,100,10.0,1.0,0,45,0,0.8035714285714286,0.3135458821899166,-0.4406388458123616,-2.354490998026022,0.022262757845211964,0.029932685186930437,0.06423019402983832,1.8876764191124313,1.302003750282682,0.3196129140909006,0.5741667191833103,1.0682741059837142,1.027097125960783,1.0204017380688468,287.52281185784983
172,10172,10172,10172,07025ed,solver_extremeB_s2,1,1,1,success,56,23.37372561321244,16.324069657718297,12.591576711221535,50,1,30.0,0.45,20.0,1.0,25,1,200,0.002,100,10.0,1.0,0,37,0,0.6607142857142857,0.38665461259153033,-0.33786057100160677,-3.051229347078099,0.026131092127814608,0.040019522554403254,0.08909024832616848,1.3953168118227457,0.9126697885650478,0.3852148352837915,0.4235009439127144,1.0252695730737533,0.990788931643061,0.8495698168775986,283.8103767259896
173,10173,10173,10173,07025ed,solver_extremeB_s2,1,1,1,success,49,21.269925075947306,25.942734498348415,3.181338893336817,43,1,30.0,0.45,20.0,1.0,25,1,200,0.002,100,10.0,1.0,0,39,0,0.7959183673469388,0.35765652181696717,-0.2488429100547867,2.449582615036162,0.02640000324227146,0.03065796203665459,0.10769970522559538,1.6273887583345363,1.2213920573692132,0.353540269884381,0.2884076633160055,1.015927661120813,0.9889037531657531,0.9298968437488495,281.3508357110711
174,10174,10174,10174,07025ed,solver_extremeB_s2,1,1,1,success,53,5.982383655435376,3.320305884756741,6.896656440429983,41,1,30.0,0.45,20.0,1.0,25,1,200,0.002,100,10.0,1.0,0,36,0,0.6792452830188679,0.33370047860785756,-0.20871752399085786,-1.8514877208108054,0.02685418648765898,0.03890407352912038,0.09043994664451377,0.9925248164761276,0.6152104847321481,0.36709721233264625,0.45527619151931314,1.0401854646690427,0.99028854557839,1.099459111478671,281.7809994174945
175,10175,10175,10175,07025ed,solver_extremeB_s2,0,1,0,timeout,200,141.1274814889572,nan,nan,-1,1,30.0,0.45,20.0,1.0,25,1,200,0.002,100,10.0,1.0,0,189,0,0.945,0.3746842803182226,-0.18504525069843858,-0.6093899339848026,0.025328026043416264,0.030363715412229892,0.11633765903279257,1.8460784091642213,0.7829625875120145,0.3509476249153865,0.2014263262386335,1.0485140939306186,1.1084684527019066,1.2491829530674465,17.108753256423473
176,10176,10176,10176,07025ed,solver_extremeB_s2,1,1,1,success,63,13.52083754137233,31.444095291099686,9.675682999735997,54,1,30.0,0.45,20.0,1.0,25,1,200,0.002,100,10.0,1.0,0,45,0,0.7142857142857143,0.389386322950062,-0.6395644301226004,1.6595737278030498,0.02658264724680467,0.04001823581969651,0.08465102853803613,1.7091859344504083,0.8789150010606431,0.35501093039100423,0.40303075141059325,0.9103415947283322,1.0726214371929912,1.0977828208493001,290.4822367841891
177,10177,10177,10177,07025ed,solver_extremeB_s2,0,0,0,timeout,200,242.21887876894,nan,nan,-1,1,30.0,0.45,20.0,1.0,25,1,200,0.002,100,10.0,1.0,0,189,0,0.945,0.3124982020846398,-0.3829306548510059,-2.4380171545895153,0.02551007138509124,0.032455320784576934,0.054840145081385405,1.9274660748580916,1.2506685177897015,0.33799118366509084,0.37566172071561854,1.0210510886857376,1.0705210874983455,0.9972513798828337,-10.311990395404807
178,10178,10178,10178,07025ed,solver_extremeB_s2,1,1,1,success,45,26.188869497696025,22.136498765893815,0.7998688261489006,40,1,30.0,0.45,20.0,1.0,25,1,200,0.002,100,10.0,1.0,0,27,0,0.6,0.3060152179851036,-0.4063501536152356,1.9262412265648967,0.021453932902457826,0.03619146550456688,0.09230262976731948,1.4174799564432714,0.8775781857558878,0.38132408347208935,0.18764281672070235,0.9655724389299255,0.9566073383900549,1.2015579685512294,283.7564655619209
179,10179,10179,10179,07025ed,solver_extremeB_s2,1,1,1,success,63,15.644799986011222,15.849300008968978,5.275993929633726,51,1,30.0,0.45,20.0,1.0,25,1,200,0.002,100,10.0,1.0,0,53,0,0.8412698412698413,0.3649573650563461,-0.35306663810320094,-0.08576057417568217,0.02082110638046249,0.031381546297790386,0.06483502390287657,0.8886807619299658,0.6402180486584386,0.3502915732076124,0.6682416698448742,1.0222705912868244,1.0442806412031815,1.177023000190771,285.8848359848495
180,10180,10180,10180,07025ed,solver_extremeB_s2,1,1,1,success,48,7.798534789268819,23.60036190638006,9.54103501355496,43,1,30.0,0.45,20.0,1.0,25,1,200,0.002,100,10.0,1.0,0,33,0,0.6875,0.3406436902409745,-0.3502862429401339,-1.8755367666168543,0.023971458501648606,0.03789526552205002,0.11802608805878147,1.434983248605278,0.9487749792076463,0.3346499679065435,0.2855804649875123,1.038968549328288,0.9677623303825916,1.1562357244550032,281.2801128969261
181,10181,10181,10181,07025ed,solver_extremeB_s2,1,1,1,success,45,43.124951344207815,32.70832479984973,11.944145818711643,40,1,30.0,0.45,20.0,1.0,25,1,200,0.002,100,10.0,1.0,0,29,0,0.6444444444444445,0.3223452112834408,-0.2556155654049551,-1.246942093847728,0.026730579056967102,0.036493546648978796,0.0725795826817023,1.0312949476188757,1.1562609654876574,0.3219819129901525,0.46027197472106424,1.0385752431948903,1.1158114138407313,0.9541003676466053,281.3384702438707
182,10182,10182,10182,07025ed,solver_extremeB_s2,1,1,1,success,49,25.23354921457255,32.588112004672865,9.309611217979484,41,1,30.0,0.45,20.0,1.0,25,1,200,0.002,100,10.0,1.0,0,35,0,0.7142857142857143,0.3799729112163717,-0.25216197508391136,2.6652373983229483,0.02336195370713957,0.03989114528042392,0.09570751701986305,1.93775440589354,1.0339410512781178,0.30627771623685335,0.286933596296014,1.1273795156408222,0.9917862085479826,0.9300799535397193,278.72158596181225
183,10183,10183,10183,07025ed,solver_extremeB_s2,1,1,1,success,64,14.897744782357723,17.152241252113072,4.796037811397352,61,1,30.0,0.45,20.0,1.0,25,1,200,0.002,100,10.0,1.0,0,54,0,0.84375,0.33127171736243,-0.7296210819685769,-2.3733841040430264,0.027395265021927528,0.03235296779819258,0.08005876012220223,1.959974210037372,1.2996357665772489,0.36479435514440317,0.5640259932781083,1.0555674988552737,1.0782242106223154,0.9181973154468781,296.48639785057605
184,10184,10184,10184,07025ed,solver_extremeB_s2,1,1,1,success,49,7.446567960807996,13.563232144400484,12.484171447817232,38,1,30.0,0.45,20.0,1.0,25,1,200,0.002,100,10.0,1.0,0,40,0,0.8163265306122449,0.33069267940608393,-0.3030330482185506,2.4311504454766597,0.026350329962098712,0.03313577148146476,0.0467959608715635,1.546817778024586,0.6393915600809621,0.3206291571032265,0.19603642112668368,1.0041741122958971,1.0194052460384795,0.9325772450464744,281.5481092927441
185,10185,10185,10185,07025ed,solver_extremeB_s2,1,1,1,success,49,14.692144562733285,12.911031189430695,7.209833545449826,44,1,30.0,0.45,20.0,1.0,25,1,200,0.002,100,10.0,1.0,0,33,0,0.673469387755102,0.3079918015716644,-0.4019477447137125,0.27637209208239355,0.0218967998049984,0.0326335552240367,0.03592990156181137,0.9307122757103152,1.145192150702759,0.36567009222061775,0.431171377833712,0.9571600296186692,1.080815301226066,1.0362611639899322,284.39499581979067
186,10186,10186,10186,07025ed,solver_extremeB_s2,1,1,1,success,54,11.02792880762587,12.41116219135704,7.373142662187587,48,1,30.0,0.45,20.0,1.0,25,1,200,0.002,100,10.0,1.0,0,43,0,0.7962962962962963,0.3183194909441539,-0.6871125537674431,-1.754058046583757,0.026277849286915962,0.03360437985856832,0.08915399667036197,1.3691185030220911,1.281664170351104,0.3319087707867593,0.20796890257130007,1.0357938351319826,1.0441136187542037,1.0301790172700054,286.6595476888233
187,10187,10187,10187,07025ed,solver_extremeB_s2,1,1,1,success,72,16.31677616334674,15.522681941737337,17.48895493399086,57,1,30.0,0.45,20.0,1.0,25,1,200,0.002,100,10.0,1.0,0,44,0,0.6111111111111112,0.3761265222746393,-0.6626712595153925,-1.3408623540273428,0.026400415170225903,0.03951763521020328,0.08628987384817799,0.8917558430435227,1.0656200006525895,0.3024277093387327,0.5547561129480858,1.041444410785452,1.0144125310448164,0.9828580127378397,289.66755928243424
188,10188,10188,10188,07025ed,solver_extremeB_s2,1,1,1,success,53,16.700784849932706,16.542866723875388,6.760939513536468,47,1,30.0,0.45,20.0,1.0,25,1,200,0.002,100,10.0,1.0,0,38,0,0.7169811320754716,0.3837404662803196,-0.5467097845922977,-1.6041917424254102,0.021610321512750937,0.035453679187194095,0.11044336659845226,1.0846622108278325,1.1943637682982258,0.35431307791281386,0.20216541750918532,0.9858245704947418,1.0460582071046336,1.0929828359365563,285.40341576671614
189,10189,10189,10189,07025ed,solver_extremeB_s2,1,1,1,success,54,23.8984025782352,28.13530345613151,4.724921054701878,48,1,30.0,0.45,20.0,1.0,25,1,200,0.002,100,10.0,1.0,0,39,0,0.7222222222222222,0.3781214274044076,-0.4948200214517495,-2.714355948431581,0.020939535516393985,0.0342453888869646,0.08431449269506279,1.847955122494446,1.0661532728165255,0.34326030109699923,0.41341027490150734,1.0238254050425803,1.0296434928068288,1.0764608674331497,287.33155823927643
190,10190,10190,10190,07025ed,solver_extremeB_s2,1,1,1,success,53,32.24400888295313,30.35724103031602,2.973084932651478,46,1,30.0,0.45,20.0,1.0,25,1,200,0.002,100,10.0,1.0,0,40,0,0.7547169811320755,0.36444532775884175,-0.2144794576836775,0.8822116789948033,0.02053620030664487,0.03857201317304291,0.11687856344110653,1.634729859837456,0.8135210922786461,0.31338087719868657,0.6496387717670415,0.9684254411091001,1.012078014413366,1.2854950235813418,284.9047239725596
191,10191,10191,10191,07025ed,solver_extremeB_s2,1,1,1,success,53,21.957643589804512,28.31968570259896,8.986409201438681,46,1,30.0,0.45,20.0,1.0,25,1,200,0.002,100,10.0,1.0,0,40,0,0.7547169811320755,0.3469481638932817,-0.3234921677580821,2.980348217136177,0.023687592951136635,0.03873489219119197,0.05633876608481375,1.0833474522948836,0.8464329224599316,0.32485604886130354,0.4228146443320498,1.0419522122658176,1.05293493463806,1.1832910266610956,283.921717755611
192,10192,10192,10192,07025ed,solver_extremeB_s2,1,1,1,success,63,29.499132405171764,27.428171495900422,7.443601243065933,56,1,30.0,0.45,20.0,1.0,25,1,200,0.002,100,10.0,1.0,0,43,0,0.6825396825396826,0.342746270932925,-0.5995750621531892,3.0928857801517076,0.02249177703645365,0.03609470726801484,0.05069084183796302,0.8204563209974522,1.2214566280559493,0.3740313937926852,0.5454396642940342,1.0970545370589966,1.046988870296857,1.0769591011158965,289.1690809006276
193,10193,10193,10193,07025ed,solver_extremeB_s2,1,1,1,success,49,28.231966478836274,13.184372271560454,13.537950028679772,40,1,30.0,0.45,20.0,1.0,25,1,200,0.002,100,10.0,1.0,0,30,0,0.6122448979591837,0.3877273684331979,-0.3187598130793962,0.733025927514583,0.02392239267663398,0.035814176380786863,0.04363129473730781,1.4974539313249875,1.1967827964506745,0.3218030678960652,0.3754852739439378,0.9582547677381955,1.0628052051578982,0.8096602307876741,284.0756101537222
194,10194,10194,10194,07025ed,solver_extremeB_s2,1,1,1,success,77,23.997160766959873,35.976962200608575,15.10066655581284,65,1,30.0,0.45,20.0,1.0,25,1,200,0.002,100,10.0,1.0,0,54,0,0.7012987012987013,0.3664415983406252,-0.6902376809152154,2.1881734127033425,0.020439691180495927,0.038333129246403974,0.08729930664304653,1.6751641016345018,0.8715420286792104,0.349885345007993,0.6710726811803586,1.069147278912927,0.9777867495891744,1.0069748056289731,292.6042587437658
195,10195,10195,10195,07025ed,solver_extremeB_s2,1,1,1,success,45,4.168873126720236,6.842951679372069,5.447330512091452,40,1,30.0,0.45,20.0,1.0,25,1,200,0.002,100,10.0,1.0,0,37,0,0.8222222222222222,0.3274285904381127,-0.5579526651353173,3.050446057135101,0.021257353825087987,0.03574558514630221,0.035859983300664686,1.8600094724193181,1.0318906853853549,0.33111208421065286,0.27148536592531275,1.0536620834100932,1.064393293133775,1.254249483770653,283.547013778575
196,10196,10196,10196,07025ed,solver_extremeB_s2,1,1,1,success,62,7.3906259574479725,21.100622882789448,7.163936131245019,52,1,30.0,0.45,20.0,1.0,25,1,200,0.002,100,10.0,1.0,0,54,0,0.8709677419354839,0.3349258445079286,-0.6061527532647452,1.0540508256967698,0.026168854522025345,0.03941876159637474,0.07846107374258318,0.909776978137566,1.0862055102572934,0.3813515685803348,0.5036394394720092,1.0685168176273687,1.1028402402754838,1.1608005870988989,289.74681780087315
197,10197,10197,10197,07025ed,solver_extremeB_s2,1,1,1,success,62,20.798947163166186,14.467337034558037,7.677288582138559,49,1,30.0,0.45,20.0,1.0,25,1,200,0.002,100,10.0,1.0,0,48,0,0.7741935483870968,0.3315195761763908,-0.4633462286220765,2.7266732173417125,0.023400789564559037,0.04013159413308363,0.07647464155179906,0.9257064549438989,0.9577438586967691,0.3229830395854729,0.5216576661824057,0.9305473440492705,1.0584533370782618,0.9704081817080628,286.1127435501363
198,10198,10198,10198,07025ed,solver_extremeB_s2,0,0,0,timeout,200,110.08512546881934,nan,nan,-1,1,30.0,0.45,20.0,1.0,25,1,200,0.002,100,10.0,1.0,0,188,0,0.94,0.3097530883424415,-0.18489946338161045,-1.0409730673446012,0.025248035825688016,0.034672684527403574,0.05765364137086662,1.3502881545115364,0.7348099610953749,0.330555591690329,0.18699080193414258,1.0382269421265915,1.0962608551479864,1.034696941464249,-12.8143590226786
199,10199,10199,10199,07025ed,solver_extremeB_s2,1,1,1,success,67,21.97260411825094,39.99755151239434,22.675198380741374,42,1,30.0,0.45,20.0,1.0,25,1,200,0.002,100,10.0,1.0,0,57,0,0.8507462686567164,0.38590196236477653,-0.19653367816422185,2.5793661004204074,0.0243028982466351,0.030186771941360185,0.08869539878241617,0.9698039546644828,0.8886139247627121,0.3288887729963826,0.5223407493015376,0.9841783623595763,0.9580294682008196,1.0905316623328063,274.14362750403296
200,10200,10200,10200,07025ed,solver_extremeB_s2,1,1,1,success,52,14.516433073853424,9.134485064388851,2.181188904276822,45,1,30.0,0.45,20.0,1.0,25,1,200,0.002,100,10.0,1.0,0,43,0,0.8269230769230769,0.3326119397159335,-0.5734903041167769,-0.6414106068288983,0.02155156776191991,0.03785057462596838,0.09821607541820584,1.3810048746264778,0.6230916744345116,0.32852514058042215,0.3275233792080813,0.9733806185499344,1.0622691038910395,1.2191540218547892,284.5821434715052
201,10201,10201,10201,07025ed,solver_extremeB_s2,1,1,1,success,58,18.114983802284726,9.343528342700962,3.767225436039192,53,1,30.0,0.45,20.0,1.0,25,1,200,0.002,100,10.0,1.0,0,36,0,0.6206896551724138,0.34111123385914843,-0.5747170388259215,-0.6424638851544735,0.026797681824536453,0.035339405497806314,0.08263904427133137,1.114422886119229,0.7459394437233317,0.33848353187999175,0.29574262752067215,1.1246451839503167,0.9923049440768862,0.9768463857139064,286.3919210273549
202,10202,10202,10202,07025ed,solver_extremeB_s2,1,1,1,success,55,11.473018848802525,9.08862965535182,11.555394728905158,49,1,30.0,0.45,20.0,1.0,25,1,200,0.002,100,10.0,1.0,0,34,0,0.6181818181818182,0.32502860153345936,-0.6441090956295745,0.5379590589267469,0.02447343658490768,0.03586557361394382,0.06728161104689598,1.0206628556121793,1.267532149268787,0.3734489460527777,0.33488596960075734,1.0747658077668878,1.0420102849738035,1.0152975502582366,288.3334718259456
203,10203,10203,10203,07025ed,solver_extremeB_s2,1,1,1,success,66,21.486723622768903,35.89385369068253,15.56837497933767,61,1,30.0,0.45,20.0,1.0,25,1,200,0.002,100,10.0,1.0,0,43,0,0.6515151515151515,0.3159964116494501,-0.6954744349285588,-1.7476780235816858,0.02709183948448167,0.03605373250738296,0.08481443164711863,1.9323286056022968,0.8044213554919144,0.30655631446194914,0.5645196024467795,1.0354739569539444,1.101838161864984,0.8693917928940622,290.5167807029057
204,10204,10204,10204,07025ed,solver_extremeB_s2,1,1,1,success,57,21.797391022594834,11.167550630895278,6.739483613732006,50,1,30.0,0.45,20.0,1.0,25,1,200,0.002,100,10.0,1.0,0,44,0,0.7719298245614035,0.3839227273101927,-0.3079117900317756,-0.3654570737325544,0.023279153556742704,0.03464734758901795,0.08164971727383116,1.4984842328504757,1.0402237478125254,0.3750324399182125,0.5340835297211033,0.9925699446571299,0.9886470801864373,1.119662959896417,284.91568405663975
205,10205,10205,10205,07025ed,solver_extremeB_s2,0,1,0,object_lost,149,276.1302541780251,93.94084611245877,327.4458832980372,41,0,30.0,0.45,20.0,1.0,25,1,200,0.002,100,10.0,1.0,0,127,0,0.8523489932885906,0.38619758801733595,-0.23221882520978787,-0.8626211156189565,0.021642077722280984,0.03794540853186847,0.04429256387837409,1.8305499700459829,0.6251801424755534,0.30674399127724583,0.30435457300058666,1.0099649125045587,1.0205687272483606,0.918575860023086,-157.1114314681393
206,10206,10206,10206,07025ed,solver_extremeB_s2,1,1,1,success,64,28.749184355691884,26.089629055980772,5.885274976527284,56,1,30.0,0.45,20.0,1.0,25,1,200,0.002,100,10.0,1.0,0,41,0,0.640625,0.3207308961665476,-0.6393706253443984,3.123333615039253,0.020903225781173655,0.03074919001911123,0.09907689598252735,1.0477218183800663,1.198550795959389,0.3084091679213058,0.6150992970472378,1.0232280336134811,0.9655843348504859,0.8951363831104722,290.65135771646294
207,10207,10207,10207,07025ed,solver_extremeB_s2,1,1,1,success,40,13.860183336903871,19.298554863836895,5.309032749723097,31,1,30.0,0.45,20.0,1.0,25,1,200,0.002,100,10.0,1.0,0,30,0,0.75,0.32922417918178787,-0.17488203619041898,-0.8903858050361895,0.02115828511953553,0.038707232497147595,0.06562786881886304,1.2164923747204468,1.2996977211037655,0.3150279106422656,0.24729349639228715,1.0472496835159828,1.0040493433793747,1.1254217237354387,277.399941683612
208,10208,10208,10208,07025ed,solver_extremeB_s2,1,1,1,success,54,11.779342640731915,13.090861995561504,5.0731320343358,43,1,30.0,0.45,20.0,1.0,25,1,200,0.002,100,10.0,1.0,0,44,0,0.8148148148148148,0.3022085087822144,-0.22197874391698624,1.1112891555677713,0.023104800436041188,0.039550058116103584,0.08919492262845438,1.855626500721056,0.835499876024231,0.34068231256961684,0.5294987405247309,1.0349722866086444,1.028438537374824,1.0656022682872226,282.8203237356163
209,10209,10209,10209,07025ed,solver_extremeB_s2,0,1,0,timeout,200,224.14365676443578,nan,nan,-1,1,30.0,0.45,20.0,1.0,25,1,200,0.002,100,10.0,1.0,0,191,0,0.955,0.38747718878677306,-0.18025715429387634,0.2658509675882308,0.025511252990480366,0.03742806427841213,0.0927933569477285,1.4785728003019996,1.1266034296686707,0.32838876453916904,0.415289368628073,1.0670990684203436,1.063425388400738,1.1166126108653303,12.610986426406905
210,10210,10210,10210,07025ed,solver_extremeB_s2,1,1,1,success,62,24.608427439531887,20.113139214309594,8.838555266777242,56,1,30.0,0.45,20.0,1.0,25,1,200,0.002,100,10.0,1.0,0,42,0,0.6774193548387096,0.3261184146537303,-0.6019492954820438,0.6119988886959469,0.023604320282819957,0.03397805297443365,0.11468988893767551,0.902574288916816,0.660698738889797,0.35623663847317605,0.5332061837347389,1.0619404388851885,1.0771829209540342,1.1100416018802308,291.4381423101697
211,10211,10211,10211,07025ed,solver_extremeB_s2,1,1,1,success,61,30.128434942699787,16.396726632026994,16.85824409139457,53,1,30.0,0.45,20.0,1.0,25,1,200,0.002,100,10.0,1.0,0,41,0,0.6721311475409836,0.3752516050481957,-0.5663719346710714,-1.1194184593508787,0.026319781977524898,0.03867519127291525,0.1055166725603639,1.04885989953734,0.8879933481683491,0.3732020962801672,0.35834468079229687,0.9949274239655708,1.0266841456639604,1.0013697085039839,286.40654357638016
212,10212,10212,10212,07025ed,solver_extremeB_s2,1,1,1,success,57,18.43216657018567,15.663012045453048,4.1049747867223525,49,1,30.0,0.45,20.0,1.0,25,1,200,0.002,100,10.0,1.0,0,36,0,0.631578947368421,0.31484419479257025,-0.5470342399923329,-0.40394753147624174,0.020709472373459784,0.03669724087758302,0.03628097807901039,1.800818108576989,1.2923629947651862,0.3488330726476372,0.4237583223502535,1.0823647287842904,0.9688230433629511,0.9062308017250003,284.80144990601957
213,10213,10213,10213,07025ed,solver_extremeB_s2,1,1,1,success,50,24.700812077352815,19.692239378110646,5.047824412899304,43,1,30.0,0.45,20.0,1.0,25,1,200,0.002,100,10.0,1.0,0,35,0,0.7,0.30819552739714073,-0.7096809526541645,1.9589244583691956,0.025316639449715246,0.03177536163977803,0.0444670019899857,1.059092560755427,0.9985361985373555,0.30969549843536087,0.2380694195513139,1.0460809200088301,1.020813960393586,0.9978682057806949,287.94344696492396
214,10214,10214,10214,07025ed,solver_extremeB_s2,1,1,1,success,55,24.99314395621904,18.516434120123673,9.980845164824222,46,1,30.0,0.45,20.0,1.0,25,1,200,0.002,100,10.0,1.0,0,37,0,0.6727272727272727,0.3398752393634455,-0.49235583731138644,2.09350712945084,0.023665147857792404,0.03804206321608847,0.0335069798362652,1.7177149577408863,0.9930569135578311,0.34156798733707994,0.496607441798178,0.9462004158459302,1.0548361586719197,1.1053446760166938,286.32836009839565
215,10215,10215,10215,07025ed,solver_extremeB_s2,1,1,1,success,44,16.328035739261708,28.464954470336544,20.682932102292483,39,1,30.0,0.45,20.0,1.0,25,1,200,0.002,100,10.0,1.0,0,28,0,0.6363636363636364,0.3233848696296865,-0.2576793093338715,1.238423436540792,0.02208135146042231,0.035222298798944396,0.06726542250933888,1.1942722884756845,1.2989736551854998,0.3039961514829432,0.3102605254096233,0.9833025478779864,0.9762560382808593,0.7519792740627473,279.6550853838745
216,10216,10216,10216,07025ed,solver_extremeB_s2,1,1,1,success,42,28.42594225279555,29.632275183525053,3.669647381572906,37,1,30.0,0.45,20.0,1.0,25,1,200,0.002,100,10.0,1.0,0,28,0,0.6666666666666666,0.3325754327180191,-0.25054238101869875,-2.2256966235194486,0.021133074168870673,0.030124701781399213,0.08903152923262689,1.3633152233294226,0.7042301890109302,0.38747273099645846,0.3099017298259205,0.9657800230045774,1.0219787830384794,0.9881414207493184,281.216582331689
217,10217,10217,10217,07025ed,solver_extremeB_s2,1,1,1,success,68,10.269127392684432,11.577446551604728,3.6144722131492184,63,1,30.0,0.45,20.0,1.0,25,1,200,0.002,100,10.0,1.0,0,42,0,0.6176470588235294,0.33127279008701804,-0.5709949613928922,1.463272720481104,0.024899861378452716,0.03459211004448399,0.06955398017193055,0.8123924424916502,0.7505445066661971,0.35456135031676617,0.44212682699009004,1.0259217344874203,0.9238334367026545,1.1221673003336416,285.49398526795835
218,10218,10218,10218,07025ed,solver_extremeB_s2,1,1,1,success,52,26.5780685908995,17.367216960438057,4.521001020618269,47,1,30.0,0.45,20.0,1.0,25,1,200,0.002,100,10.0,1.0,0,45,0,0.8653846153846154,0.3637021238557867,-0.5629965339938668,1.7535741625767312,0.024232163543151355,0.032368122504625035,0.06787367986068589,1.4196649782113648,1.1775197206793289,0.3115843540815808,0.34449678673316486,1.004704464420954,1.0919377822864018,1.128613817648882,285.50109726577523
219,10219,10219,10219,07025ed,solver_extremeB_s2,1,1,1,success,60,20.841165528170254,15.107473023096244,12.079033560847957,53,1,30.0,0.45,20.0,1.0,25,1,200,0.002,100,10.0,1.0,0,41,0,0.6833333333333333,0.32504278354876803,-0.445062102194745,1.9510515150437673,0.02047636049565251,0.03491595957506827,0.07916475864787394,1.5865280163804516,1.3991333168492286,0.3641152249746791,0.6117526419563828,1.0253413247789112,0.9978984319419828,1.0686764685070553,288.23955239776296
220,10220,10220,10220,07025ed,solver_extremeB_s2,1,1,1,success,62,12.093158205573332,27.30178520842655,17.594715402434886,44,1,30.0,0.45,20.0,1.0,25,1,200,0.002,100,10.0,1.0,0,47,0,0.7580645161290323,0.3423103318093498,-0.1936000031999049,-0.7160090275962951,0.024135908381509384,0.03874494861659769,0.09010231011712581,1.8343740338669794,0.6850852161793914,0.3376433637971087,0.5997013161687434,1.0073021557425992,0.9947674217380794,0.9393115786418879,280.28147164854823
221,10221,10221,10221,07025ed,solver_extremeB_s2,1,1,1,success,55,35.74005762896046,26.834452958596316,8.958773623773553,49,1,30.0,0.45,20.0,1.0,25,1,200,0.002,100,10.0,1.0,0,46,0,0.8363636363636363,0.37296843819362185,-0.2703583603303167,0.730490066237139,0.02594047675731424,0.03472545516985704,0.09679640911449329,1.713406048880953,1.3446571085974783,0.3724111671289949,0.711883298745256,1.039418591766897,1.0746331829405007,1.148437628614102,285.50765969551617
222,10222,10222,10222,07025ed,solver_extremeB_s2,0,1,0,timeout,200,58.18942399460985,26.081121836222863,14.655083474531578,46,1,30.0,0.45,20.0,1.0,25,1,200,0.002,100,10.0,1.0,0,186,0,0.93,0.3896842032432954,-0.2951025751176833,2.3187583535539558,0.023728011517717466,0.038861158126625786,0.09156975496872523,1.3977461855451616,1.0879966151257139,0.34934635692910093,0.7287462322231663,1.0655234021234978,1.0837585016442526,1.138380787184878,24.570942660735472
223,10223,10223,10223,07025ed,solver_extremeB_s2,1,1,1,success,47,2.87849108306469,10.850820527184785,0.975397646154275,40,1,30.0,0.45,20.0,1.0,25,1,200,0.002,100,10.0,1.0,0,32,0,0.6808510638297872,0.3148719287236484,-0.20704117776777964,0.7826518021724627,0.027489184248128157,0.03745811383385835,0.049365279998809374,1.3870481963457624,1.3404352300970768,0.31967220665878804,0.31736960417386156,1.032852399117915,0.9652150548540253,0.92838251042056,278.9082342849997
224,10224,10224,10224,07025ed,solver_extremeB_s2,1,1,1,success,60,25.221439221239038,19.005453611579874,15.926145184934116,55,1,30.0,0.45,20.0,1.0,25,1,200,0.002,100,10.0,1.0,0,46,0,0.7666666666666667,0.31875219528495125,-0.19728641706047845,1.2472415093399416,0.024620810433328116,0.03250039794302185,0.07585252586736557,1.310242708470028,1.3554900598864217,0.3509061760494613,0.30610427597793466,1.056921525288367,1.0503785471941802,1.037842827340254,275.3384540387673
225,10225,10225,10225,07025ed,solver_extremeB_s2,1,1,1,success,70,18.88398100410072,26.50750678673377,10.653218378324215,65,1,30.0,0.45,20.0,1.0,25,1,200,0.002,100,10.0,1.0,0,53,0,0.7571428571428571,0.3509183570359269,-0.724070781705593,-0.9231991472848065,0.02567038925498598,0.031116804149726573,0.11851202445385288,1.3565007794714317,1.0620750347196575,0.37459447565118226,0.6972462645690051,1.04854100474822,1.0790507643915146,1.2322017994383847,291.95097219901976
226,10226,10226,10226,07025ed,solver_extremeB_s2,1,1,1,success,51,20.523359930893424,24.77388307426843,19.348160149528177,46,1,30.0,0.45,20.0,1.0,25,1,200,0.002,100,10.0,1.0,0,35,0,0.6862745098039216,0.30949802618277417,-0.3625552990639402,-2.7418094056091813,0.02653741154938853,0.035544346236801395,0.06804155765392192,1.3033478952091109,1.1019566807464636,0.35839454044128305,0.34023354549516455,1.002349008580358,1.0148335150640546,0.9817326434245542,281.936054054643
227,10227,10227,10227,07025ed,solver_extremeB_s2,1,1,1,success,73,27.247453357921234,26.47678683014306,5.643598570250771,67,1,30.0,0.45,20.0,1.0,25,1,200,0.002,100,10.0,1.0,0,49,0,0.6712328767123288,0.3518114186567122,-0.6961865297741444,2.9562321843173898,0.02261462361580075,0.03467612321205371,0.09748348399084211,1.8223958879355402,1.0368208496462377,0.3767796166126674,0.7291722346910737,0.9714530289570528,0.9738261835100978,1.1814144603281593,297.2150976967649
228,10228,10228,10228,07025ed,solver_extremeB_s2,1,1,1,success,51,27.763939124268177,28.867989436453012,4.715018977574678,47,1,30.0,0.45,20.0,1.0,25,1,200,0.002,100,10.0,1.0,0,36,0,0.7058823529411765,0.38881187081548413,-0.37698394018909215,-1.3701282877550318,0.02471453146552229,0.03372299274987101,0.036420782162639914,1.844061801148673,1.1924283426952775,0.3155674822772022,0.2874818415774252,1.043410372777063,1.1093207916430345,1.1920105319690943,283.25692310535305
229,10229,10229,10229,07025ed,solver_extremeB_s2,1,1,1,success,69,10.951335172099336,17.780990213856306,6.341650368841743,65,1,30.0,0.45,20.0,1.0,25,1,200,0.002,100,10.0,1.0,0,48,0,0.6956521739130435,0.32993122518416473,-0.7205902820614669,-0.16120329706349512,0.023726126784062364,0.03398431361050671,0.11709070420139346,1.2357000306746109,1.0893727582471153,0.329333871127973,0.35356754103401283,1.0003930247634936,1.0345697373182376,0.8517013011134265,290.2099992939544
230,10230,10230,10230,07025ed,solver_extremeB_s2,1,1,1,success,56,28.167743374573618,22.09819300388058,14.497308319519288,50,1,30.0,0.45,20.0,1.0,25,1,200,0.002,100,10.0,1.0,0,40,0,0.7142857142857143,0.3170895413254718,-0.47411002975249583,2.7290413293300873,0.021082186499729854,0.03566555146799211,0.11484309726921157,0.83442223347901,1.195027472446089,0.32301877645012494,0.56684192265465,1.1144289639692087,1.0298485090566218,1.1262826153326424,286.5504126182201
231,10231,10231,10231,07025ed,solver_extremeB_s2,1,1,1,success,53,15.112231042566533,14.127926100590832,39.48068697653357,44,1,30.0,0.45,20.0,1.0,25,1,200,0.002,100,10.0,1.0,0,47,0,0.8867924528301887,0.3826750757235384,-0.24203083338100218,-2.12511218891907,0.026237193516436087,0.03014338380717973,0.050692279114304906,0.979106083751301,1.0600290573471693,0.372292995051658,0.36083762798208585,1.012533065163913,1.0997709900139447,0.9128905193026888,259.72136412337767
232,10232,10232,10232,07025ed,solver_extremeB_s2,0,0,0,timeout,200,346.48950894715193,nan,nan,-1,1,30.0,0.45,20.0,1.0,25,1,200,0.002,100,10.0,1.0,0,191,0,0.955,0.368312775476474,-0.42789395249152057,2.793884793816722,0.02734911035217218,0.03357718722186487,0.0472553043353906,1.5249674891425555,0.8065689060165582,0.3681381181085926,0.5518219999704983,0.9977394234632022,1.0419678894049047,0.7834814816220459,-8.566913812599251
233,10233,10233,10233,07025ed,solver_extremeB_s2,1,1,1,success,58,6.109045509105288,6.553501040261794,10.009786513244691,50,1,30.0,0.45,20.0,1.0,25,1,200,0.002,100,10.0,1.0,0,40,0,0.6896551724137931,0.3349256212552307,-0.7085931295012703,0.17093953465259082,0.026006281518271192,0.035883809994423234,0.11051499158186867,1.8613937265573952,0.9848460517812524,0.30663755490729855,0.25306870317088015,1.068941512430047,1.0295816795054935,1.0586671919571606,288.4359267883714
234,10234,10234,10234,07025ed,solver_extremeB_s2,1,1,1,success,59,6.276120203026661,21.488616907254364,4.7919142829481425,52,1,30.0,0.45,20.0,1.0,25,1,200,0.002,100,10.0,1.0,0,50,0,0.847457627118644,0.33616009438163014,-0.6204160224894517,-2.371839123096513,0.02651367017377561,0.035422046482893224,0.10645738087690278,1.8916506069204224,0.7527063105478143,0.3539609797318212,0.3890548666466359,1.0534370658528662,1.0631893473683809,0.9558201450136201,290.16025545039304
235,10235,10235,10235,07025ed,solver_extremeB_s2,1,1,1,success,59,4.3305175801912155,18.371238185617354,15.566920801207683,51,1,30.0,0.45,20.0,1.0,25,1,200,0.002,100,10.0,1.0,0,54,0,0.9152542372881356,0.3482121210877552,-0.6735308299111502,-1.5418216028854894,0.023780338503375607,0.03265099650930375,0.053042346793615455,1.372451859483546,0.645569240365652,0.3417216405732752,0.5712741160232464,1.0903728403762318,1.0375941537001392,0.9950812872658448,290.65838158092663
236,10236,10236,10236,07025ed,solver_extremeB_s2,1,1,1,success,63,31.496967519815485,38.042140053210034,6.970436549827938,59,1,30.0,0.45,20.0,1.0,25,1,200,0.002,100,10.0,1.0,0,50,0,0.7936507936507936,0.35365788044479246,-0.3518760309944105,-2.075558195279725,0.02716379761330351,0.030734217233127723,0.09873807111773582,1.653448496872445,1.1715318046054475,0.3328141813000162,0.6773177768020177,1.030841409137649,1.0206590368048543,1.0903744580706847,285.2785897928335
237,10237,10237,10237,07025ed,solver_extremeB_s2,1,1,1,success,46,34.9692692875792,25.944745423617835,17.583353544882783,40,1,30.0,0.45,20.0,1.0,25,1,200,0.002,100,10.0,1.0,0,36,0,0.782608695652174,0.38677406884046606,-0.18891571895503356,0.13127584280837112,0.02089804832684651,0.03107879087218714,0.07553761369178008,1.904245695943408,0.7082474766821946,0.3266413829508943,0.5368097666624083,1.0855613940325268,1.0403119822829596,1.0919969462053758,282.535572086625
238,10238,10238,10238,07025ed,solver_extremeB_s2,0,1,0,object_lost,92,350.39279815737865,23.250126674955332,336.45480178295577,61,0,30.0,0.45,20.0,1.0,25,1,200,0.002,100,10.0,1.0,0,73,0,0.7934782608695652,0.3803253585920378,-0.47090552709312306,3.0795328431156,0.02587326638696368,0.038890693433719745,0.09999087387245244,0.8937772270526779,0.8446094269339546,0.30606386057255625,0.4206572667086926,1.0403264519028876,1.0039707599201957,1.0070067472934752,-135.87414067706106
239,10239,10239,10239,07025ed,solver_extremeB_s2,1,1,1,success,59,42.90629835462829,13.241947138539135,23.757682911202917,53,1,30.0,0.45,20.0,1.0,25,1,200,0.002,100,10.0,1.0,0,50,0,0.847457627118644,0.33076494370325155,-0.687626209987288,0.9059118519842082,0.023714631132967956,0.03376937796133739,0.035675079882416146,1.8668345096510306,0.6177588719553666,0.3060239646088223,0.3512932368598213,0.9893549068483828,1.0085579489027359,0.9715800845879684,289.75337103595587
240,10240,10240,10240,07025ed,solver_extremeB_s2,1,1,1,success,66,16.08381212820306,14.316595808069737,3.414482205346705,59,1,30.0,0.45,20.0,1.0,25,1,200,0.002,100,10.0,1.0,0,42,0,0.6363636363636364,0.3661335941618071,-0.5779222421613697,-0.7659819187416637,0.020705245695070148,0.030845659827921087,0.08001992094849969,1.7265158556998204,1.3174992536758565,0.37658606859036803,0.47624158073122325,1.0035877546498886,1.1189820996130444,1.0902062142231346,291.7627120812021
241,10241,10241,10241,07025ed,solver_extremeB_s2,0,1,0,timeout,200,401.5674580852884,25.628788028091158,405.2688780103771,44,0,30.0,0.45,20.0,1.0,25,1,200,0.002,100,10.0,1.0,0,186,0,0.93,0.37772572437350316,-0.45341716404709315,0.2905551430951583,0.02374922669254787,0.035674856125545835,0.07405635894740951,0.814578563027416,1.2921711009824284,0.32508376951476636,0.34475825708385527,1.042015635491058,1.033446153872403,1.0225623794643253,54.08699828397982
242,10242,10242,10242,07025ed,solver_extremeB_s2,1,1,1,success,56,16.873917837403155,15.764021837585734,5.958301009468408,50,1,30.0,0.45,20.0,1.0,25,1,200,0.002,100,10.0,1.0,0,40,0,0.7142857142857143,0.3035837526016484,-0.3554304396675464,1.9653366446494323,0.022658894136499626,0.03271759345391779,0.07879069397415356,1.4377014571722437,0.674218877486064,0.36504804458947804,0.7084566719040933,0.9964988421785623,1.0912345429697996,1.2097011564900872,288.7120966084494
243,10243,10243,10243,07025ed,solver_extremeB_s2,1,1,1,success,96,27.06351821223927,11.502226258101173,19.254626526328565,84,1,30.0,0.45,20.0,1.0,25,1,200,0.002,100,10.0,1.0,0,86,0,0.8958333333333334,0.3225434422986696,-0.7105428799021782,0.6655071156704513,0.026595217688009955,0.03226615269145234,0.05351998723450642,1.2758769521112854,0.7740007315621176,0.31580382845405275,0.25291960366079297,0.977350224841316,1.0546511541434627,1.2780700407656738,276.5453002817205
244,10244,10244,10244,07025ed,solver_extremeB_s2,1,1,1,success,51,10.213376365358616,13.000601911892426,8.914704594603656,43,1,30.0,0.45,20.0,1.0,25,1,200,0.002,100,10.0,1.0,0,38,0,0.7450980392156863,0.3201528226987192,-0.2836680333079276,-1.6624334779894299,0.022480441244510527,0.03956746406244147,0.06500723697521171,0.8280297618578293,0.8306189913530979,0.34047258242719175,0.535986418633085,0.9107204161775136,0.9549622520671376,1.0100377935993594,283.4862779261916
245,10245,10245,10245,07025ed,solver_extremeB_s2,1,1,1,success,62,20.433335526543047,19.25365676299059,4.959491913260431,56,1,30.0,0.45,20.0,1.0,25,1,200,0.002,100,10.0,1.0,0,45,0,0.7258064516129032,0.3208624142634716,-0.48285709368622964,2.176162781370561,0.02212308338351949,0.0361289560417062,0.09615492046959799,0.9434972981656808,0.7033894223277781,0.3762667413865036,0.4345008107777937,1.014374252250921,1.0268390817098965,1.058025559393125,286.4447025454701
246,10246,10246,10246,07025ed,solver_extremeB_s2,1,1,1,success,56,5.2550772837569575,15.308270435775555,9.262238482552963,51,1,30.0,0.45,20.0,1.0,25,1,200,0.002,100,10.0,1.0,0,41,0,0.7321428571428571,0.33175756207589263,-0.5664471516730247,-1.733266972930633,0.021360953086720404,0.03640879866040912,0.10400691015724545,1.6487712663508227,0.836282581705026,0.3458108352337403,0.4357996587662748,0.9288578851138646,1.0667804423892249,1.1756826878071531,289.23274601305604
247,10247,10247,10247,07025ed,solver_extremeB_s2,1,1,1,success,60,19.182678237369867,17.829490891919964,1.9159983944475871,52,1,30.0,0.45,20.0,1.0,25,1,200,0.002,100,10.0,1.0,0,40,0,0.6666666666666666,0.3233960800742462,-0.5134061395970891,-2.23095015246831,0.021184975628691045,0.03423016083104499,0.05259799598384694,0.8777282052139588,1.325124255899879,0.3779261679550236,0.6520599874818136,1.0685861415845062,1.014885788878495,0.850079458806831,288.6734388274261
248,10248,10248,10248,07025ed,solver_extremeB_s2,1,1,1,success,44,11.438680216510193,20.42991127843515,18.70135377340815,37,1,30.0,0.45,20.0,1.0,25,1,200,0.002,100,10.0,1.0,0,33,0,0.75,0.3149019673625369,-0.4831883088903808,2.944690289735572,0.024829513568946075,0.033892284725736674,0.06892285945752379,1.5027414838661524,0.6140050392673168,0.30982480255274786,0.2561195825134089,1.0878741324515173,0.9704385699306723,0.981332762966208,280.4762591671775
249,10249,10249,10249,07025ed,solver_extremeB_s2,1,1,1,success,54,22.376640778618526,18.778787753837022,2.9941277709510357,50,1,30.0,0.45,20.0,1.0,25,1,200,0.002,100,10.0,1.0,0,37,0,0.6851851851851852,0.30456653995652655,-0.3817134221547609,-2.1425864696995456,0.02555745182112728,0.03491890232816387,0.08552060316227872,1.2946273045946002,1.1380382104335958,0.38835091103383906,0.5497015257342034,1.0220682018851404,0.9576864283870459,1.1974739252172615,285.56983320283797
250,10250,10250,10250,07025ed,solver_extremeB_s2,0,1,0,timeout,200,68.22117839661443,54.32479948923111,42.25889049543888,59,1,30.0,0.45,20.0,1.0,25,1,200,0.002,100,10.0,1.0,0,192,0,0.96,0.38383916872142027,-0.4191840962104989,-0.7921059205719496,0.023479679068339816,0.03234056842422442,0.07521073801904637,1.4872871210898944,1.167913779422324,0.3765426257890941,0.25486141017249886,0.9511086973389329,0.9992457274950305,1.0784268470980725,45.49900495901499
251,10251,10251,10251,07025ed,solver_extremeB_s2,1,1,1,success,45,15.88681369522472,17.315251209582648,8.974313667600226,40,1,30.0,0.45,20.0,1.0,25,1,200,0.002,100,10.0,1.0,0,33,0,0.7333333333333333,0.313845726452029,-0.3058956361384333,-1.336105890762243,0.023849025091109335,0.03488767897450778,0.09435408470168188,1.4817864342720921,0.8922510011376693,0.3497726584871147,0.1916424528885737,0.9580527941602476,1.0309654489132554,1.0758133681515942,279.912547395062
252,10252,10252,10252,07025ed,solver_extremeB_s2,1,1,1,success,57,28.828267999609235,31.465326446800827,5.185954629539868,52,1,30.0,0.45,20.0,1.0,25,1,200,0.002,100,10.0,1.0,0,44,0,0.7719298245614035,0.32935116097374845,-0.3092854231382817,1.1826423242170625,0.024898375204867804,0.02985259080266998,0.04320594212094611,1.919850146107397,0.6692182271183121,0.38141376015227696,0.70404067393366,1.050299985992226,1.0087627441950333,0.9343830162200728,286.04179343829765
253,10253,10253,10253,07025ed,solver_extremeB_s2,1,1,1,success,48,25.961203874547586,23.318916274144605,3.3265533639184266,41,1,30.0,0.45,20.0,1.0,25,1,200,0.002,100,10.0,1.0,0,39,0,0.8125,0.38697149040402756,-0.24875472606709242,0.048660085970167355,0.025683065778704703,0.035946454665557605,0.043553560069910235,1.5500779117811199,0.9577630015739065,0.32367533357075456,0.6234730934035142,1.077738213946999,0.9471612669289879,1.106962195516797,282.492639277825
254,10254,10254,10254,07025ed,solver_extremeB_s2,1,1,1,success,55,8.281807631441824,19.411469360397557,13.913370221237688,39,1,30.0,0.45,20.0,1.0,25,1,200,0.002,100,10.0,1.0,0,43,0,0.7818181818181819,0.3644557277300163,-0.23303013513704107,-3.12676463548506,0.02225026171354952,0.03480898587202145,0.03932651256378282,1.3329050497850556,0.9183484501847641,0.3382363987883477,0.2498694814550588,0.9768367019015656,0.9750837476738285,1.1379836526510876,279.4374721836548
255,10255,10255,10255,07025ed,solver_extremeB_s2,1,1,1,success,64,12.75529811361293,23.453256711513017,9.977895257667878,57,1,30.0,0.45,20.0,1.0,25,1,200,0.002,100,10.0,1.0,0,44,0,0.6875,0.3016322117782515,-0.6447052311651844,2.2198204271948416,0.027234614265251776,0.030633815082994578,0.07183431525262948,0.9765815151743729,0.8818527734407995,0.333448925216611,0.7105566074970334,0.9822100293050445,1.083995144074705,0.8672688616866288,290.7191493046604
256,10256,10256,10256,07025ed,solver_extremeB_s2,1,1,1,success,54,6.775395032087634,5.28446078042961,0.9175548294130261,48,1,30.0,0.45,20.0,1.0,25,1,200,0.002,100,10.0,1.0,0,41,0,0.7592592592592593,0.37338805533437497,-0.312849198783264,-2.0468353957762835,0.023478411781749222,0.030455622079237497,0.0777901825777505,1.6449349846572456,1.210207124976555,0.3743292165112989,0.3899600696552983,1.0833111581424641,1.0994913055774138,1.1171938918096276,284.42276822353404
257,10257,10257,10257,07025ed,solver_extremeB_s2,1,1,1,success,63,18.92835013513028,19.607998084575595,9.969237331491522,56,1,30.0,0.45,20.0,1.0,25,1,200,0.002,100,10.0,1.0,0,47,0,0.746031746031746,0.38617220845398026,-0.6696414927499051,1.3819673850490704,0.021637265071171207,0.03936852841750686,0.0840636658934149,1.9932180199987097,0.9894265543218053,0.34276123093123734,0.17865508465031654,0.9374689584716388,1.0589214133825513,1.1111107212128841,289.1323143580702
258,10258,10258,10258,07025ed,solver_extremeB_s2,1,1,1,success,52,19.160857852355896,18.91905580490813,2.2277510914487246,45,1,30.0,0.45,20.0,1.0,25,1,200,0.002,100,10.0,1.0,0,40,0,0.7692307692307693,0.34439842292951495,-0.592816394113552,0.25607042119463674,0.026039488440491067,0.03858435041123544,0.09180143040906777,0.8977438511477994,1.142267253796033,0.31911317642924886,0.3254291896701982,0.9878231317436292,1.0934465585289617,1.0668037033392244,285.5179972468038
259,10259,10259,10259,07025ed,solver_extremeB_s2,1,1,1,success,57,6.339182306745591,38.1395992163717,14.6012160022462,51,1,30.0,0.45,20.0,1.0,25,1,200,0.002,100,10.0,1.0,0,36,0,0.631578947368421,0.3225107681074825,-0.26876603152907325,-2.179012427631534,0.026997627862156627,0.03011010991574645,0.11123576026224653,1.5744443267433454,0.6314028362403145,0.32341814752751397,0.5814551788879578,1.1329672696268458,1.0611337504373142,1.1757978646944804,282.6784844762259
260,10260,10260,10260,07025ed,solver_extremeB_s2,1,1,1,success,57,34.15053654656831,33.43471955056686,6.650981470986101,47,1,30.0,0.45,20.0,1.0,25,1,200,0.002,100,10.0,1.0,0,43,0,0.7543859649122807,0.36339444147694233,-0.3082138266177521,-2.3004151689601007,0.021009098024468188,0.033481760019407815,0.10186476943393612,0.8553359032985319,0.7287775116629032,0.3290300775097988,0.7171079158549922,1.052241215888661,0.9850825154200897,1.0196232734886956,285.67635369134666
261,10261,10261,10261,07025ed,solver_extremeB_s2,1,1,1,success,66,29.87549930638815,22.523141129494366,7.803391255751625,57,1,30.0,0.45,20.0,1.0,25,1,200,0.002,100,10.0,1.0,0,46,0,0.696969696969697,0.3381708396937306,-0.6323097370156967,1.575405080329766,0.026131140432725332,0.03951882399176081,0.11876838850156989,1.0365398755996684,0.8806671737440253,0.30518116762420694,0.538783442358757,1.0304184880292342,1.0119765452452196,1.254345804219102,290.6387754510039
262,10262,10262,10262,07025ed,solver_extremeB_s2,1,1,1,success,58,26.46721181192295,23.410669254895836,6.398046002724327,47,1,30.0,0.45,20.0,1.0,25,1,200,0.002,100,10.0,1.0,0,40,0,0.6896551724137931,0.34272747365371553,-0.355266111795662,-2.2687053709454092,0.023246978781823458,0.03900102064575345,0.05008002111172834,1.2368548694259784,1.3745591414890102,0.3256522715200395,0.6372581350061918,0.9604411083928174,1.045462545065291,1.01615858110767,286.0257249747371
263,10263,10263,10263,07025ed,solver_extremeB_s2,1,1,1,success,54,29.42571369717843,23.027881642958953,8.007623110011084,48,1,30.0,0.45,20.0,1.0,25,1,200,0.002,100,10.0,1.0,0,43,0,0.7962962962962963,0.31527533546682057,-0.1979405669000972,-0.8414060162403811,0.022397996705705754,0.03883705678511532,0.05930840395483301,1.0153828654156287,0.7029241887596239,0.3846883192935048,0.6235110686573817,0.9493805692307059,1.025379461015303,1.224968452960571,285.3847640496285
264,10264,10264,10264,07025ed,solver_extremeB_s2,1,1,1,success,52,13.54409246098206,20.767898610928743,12.064612461547586,47,1,30.0,0.45,20.0,1.0,25,1,200,0.002,100,10.0,1.0,0,36,0,0.6923076923076923,0.3602150968262184,-0.35714881825755973,-2.2926592692949446,0.02163442536635822,0.030512433812573035,0.07709900450782997,1.8500362076648185,0.8715131692163985,0.33674262154559526,0.4702490737771551,1.026350566036978,0.9694545875077628,0.8382615677940783,285.87178062299483
265,10265,10265,10265,07025ed,solver_extremeB_s2,1,1,1,success,46,23.759204623213048,15.018502296696257,20.12615332625539,40,1,30.0,0.45,20.0,1.0,25,1,200,0.002,100,10.0,1.0,0,30,0,0.6521739130434783,0.3154699285599544,-0.29630525560043464,-2.6213330020409065,0.027552132090060515,0.03174516409103536,0.04165993352848434,1.4719727527257431,1.0833480062524086,0.3473974489629078,0.35035518479826233,0.9692841416095648,1.0607009337567501,1.0077912812769483,281.58897752249425
266,10266,10266,10266,07025ed,solver_extremeB_s2,1,1,1,success,69,20.380972875140458,20.143624764789784,10.120726770571357,53,1,30.0,0.45,20.0,1.0,25,1,200,0.002,100,10.0,1.0,0,58,0,0.8405797101449275,0.3427565283804069,-0.3402126986287565,1.9367519183651716,0.024558930186633944,0.03833412879742718,0.10345384935484214,1.50077843453467,1.3448042471375556,0.3536997099660691,0.7061638008924986,0.9602035124559701,1.007256272250069,1.1043505186549076,284.6766681697198
267,10267,10267,10267,07025ed,solver_extremeB_s2,1,1,1,success,53,4.118343121859533,4.4864405460344745,3.333467885395254,46,1,30.0,0.45,20.0,1.0,25,1,200,0.002,100,10.0,1.0,0,38,0,0.7169811320754716,0.310782024471236,-0.6884801633217491,2.6248783086049423,0.024728509820062163,0.034879442721732296,0.09874786449840413,1.4535586845830024,0.9652031146387134,0.30151784732675974,0.19633287904371363,1.005264310323693,0.9784053327096434,1.0759626400864304,285.00141344570096
268,10268,10268,10268,07025ed,solver_extremeB_s2,1,1,1,success,70,23.63093448646741,37.54677854701711,25.266288543986178,64,1,30.0,0.45,20.0,1.0,25,1,200,0.002,100,10.0,1.0,5,60,0,0.8571428571428571,0.3853523566091561,-0.1931423321992709,-0.2658965061457996,0.027096603469431737,0.03375672954860587,0.03178293229147194,1.9042408599949119,1.194831450397748,0.38530678328547546,0.6982646465162875,0.9621435838851132,0.96920503825108,0.8535154053423842,264.4187212866498
269,10269,10269,10269,07025ed,solver_extremeB_s2,1,1,1,success,59,25.16944080340054,30.63670501097394,9.933089924427103,50,1,30.0,0.45,20.0,1.0,25,1,200,0.002,100,10.0,1.0,0,51,0,0.864406779661017,0.35438876561765303,-0.39172026678993255,1.938850037409483,0.02233983104007278,0.03355561874344764,0.09684379857545625,1.3382505265283378,0.9235629062523312,0.32424925660371384,0.7147007439031987,1.0406212091089329,0.9630697416972606,0.8911382171616783,287.3693888936138
270,10270,10270,10270,07025ed,solver_extremeB_s2,1,1,1,success,61,15.977406948848072,15.530642718221285,12.183015486538395,55,1,30.0,0.45,20.0,1.0,25,1,200,0.002,100,10.0,1.0,0,38,0,0.6229508196721312,0.32481851309721077,-0.6192341089261557,1.8145320192355765,0.02211403179936603,0.03025957116861594,0.05280283084343998,1.8022960747908732,1.2903936414178308,0.3435388998168518,0.4742789089002341,1.0781374623410984,0.9854416991671631,1.0881912011299568,289.5940680482963
271,10271,10271,10271,07025ed,solver_extremeB_s2,1,1,1,success,45,8.552892783012222,10.925168108801358,12.54770598742028,39,1,30.0,0.45,20.0,1.0,25,1,200,0.002,100,10.0,1.0,0,35,0,0.7777777777777778,0.38674368120235764,-0.22525740222955992,-2.669204912957473,0.02539187068887677,0.030648134154511675,0.10699841756040711,1.9910430847032832,0.6813675770612213,0.3667058842895072,0.2748960228282876,1.0076861668230237,1.087415119080251,0.9263628988677768,279.53306936732304
272,10272,10272,10272,07025ed,solver_extremeB_s2,1,1,1,success,51,14.899876201669256,6.8888803571027335,5.803946351854439,45,1,30.0,0.45,20.0,1.0,25,1,200,0.002,100,10.0,1.0,0,38,0,0.7450980392156863,0.3735674674996695,-0.3680383598451749,-0.4792247705013075,0.026855546831203198,0.03169553397170465,0.06090166687250071,1.1539187405624027,0.9321525817197069,0.36986783492275765,0.2175452602202162,1.0982469637264942,1.0257390464258263,1.063412804781676,279.71384867507163
273,10273,10273,10273,07025ed,solver_extremeB_s2,1,1,1,success,44,23.603559713217592,21.23455757663295,7.501530876712213,38,1,30.0,0.45,20.0,1.0,25,1,200,0.002,100,10.0,1.0,0,39,0,0.8863636363636364,0.3874336059475089,-0.4552143366082328,0.0016128806709221344,0.02517190307306583,0.030315882379602605,0.08296117461330448,1.8199802839089205,1.012512977979401,0.30192517030153104,0.27525589706301484,1.0258206721288112,1.0039789407219195,1.1280081476857695,282.76466039231855
274,10274,10274,10274,07025ed,solver_extremeB_s2,1,1,1,success,52,22.204054281152498,23.307564031651832,10.381211776636016,46,1,30.0,0.45,20.0,1.0,25,1,200,0.002,100,10.0,1.0,0,48,0,0.9230769230769231,0.35784051454614585,-0.19246873809759935,2.454123740734734,0.02560048437376668,0.03360873003097883,0.04627608658992495,1.30255714846404,1.38135346199222,0.38673131306765035,0.6565094140280705,0.9952371761730968,1.023020722674216,1.0690377165856433,282.5319715388513
275,10275,10275,10275,07025ed,solver_extremeB_s2,1,1,1,success,54,27.555950865072898,20.269136164850647,11.008426904781619,47,1,30.0,0.45,20.0,1.0,25,1,200,0.002,100,10.0,1.0,0,32,0,0.5925925925925926,0.34122048506839886,-0.3794705746494678,-1.39853176182916,0.023818495285027462,0.03257374085578757,0.05128016930106258,0.9413459022597597,1.3636180631462997,0.3015902336345075,0.46060654229098064,1.0050977714606566,1.0412657771265248,1.132080811051988,284.4250063758675
276,10276,10276,10276,07025ed,solver_extremeB_s2,1,1,1,success,53,11.73407000243431,22.035711717313742,11.350578033075491,43,1,30.0,0.45,20.0,1.0,25,1,200,0.002,100,10.0,1.0,0,32,0,0.6037735849056604,0.3259698371990217,-0.1882268457648557,0.8668440966410502,0.02135191059560002,0.038904001504817105,0.11296662670789333,1.5058890355355703,0.6880148257404338,0.374230537659511,0.30007342266517456,0.9359130188810478,1.107539096125649,1.1525503406250222,279.67106121229745
277,10277,10277,10277,07025ed,solver_extremeB_s2,1,1,1,success,74,35.82359390856082,31.797340517655933,6.549322971182133,60,1,30.0,0.45,20.0,1.0,25,1,200,0.002,100,10.0,1.0,0,62,0,0.8378378378378378,0.3675310388562446,-0.7266862932277371,2.995133088900044,0.021266318858444582,0.03543881351386927,0.09284377721610068,0.9189563515466721,1.009636168500895,0.31713970712973466,0.6950375620046411,0.9492816075843719,1.0172041800099765,1.2098177548702556,291.97572125120837
278,10278,10278,10278,07025ed,solver_extremeB_s2,1,1,1,success,52,14.027882937322827,19.517288237424296,11.525234406928071,45,1,30.0,0.45,20.0,1.0,25,1,200,0.002,100,10.0,1.0,0,37,0,0.7115384615384616,0.31149842366561703,-0.5591489524865378,1.7674709870437892,0.020579499916756682,0.038199318424058604,0.03554444561052419,1.9613311385187269,0.7748025209431898,0.3625364039404507,0.3287425225774515,0.9263208754443258,1.03485172709515,1.0826966217401837,287.231865139137
279,10279,10279,10279,07025ed,solver_extremeB_s2,1,1,1,success,137,36.24437612697382,50.940275893421145,0.6401073917800704,134,1,30.0,0.45,20.0,1.0,25,1,200,0.002,100,10.0,1.0,0,130,0,0.948905109489051,0.31371210185860865,-0.6826622447983861,-2.772064079594954,0.02310225473306754,0.03562307435266562,0.03350551701428878,1.9086674244325816,1.1003967149412799,0.3885276998772504,0.6183463540250893,0.9993936913084164,0.9978966211873715,1.0322769283747824,277.5630729151428
280,10280,10280,10280,07025ed,solver_extremeB_s2,1,1,1,success,63,8.394445708396711,20.54659609682707,11.220322769136251,53,1,30.0,0.45,20.0,1.0,25,1,200,0.002,100,10.0,1.0,0,47,0,0.746031746031746,0.32809964177110124,-0.46888308488213265,-2.4400805538008483,0.02145982508676409,0.03572795188358624,0.05181040792824117,1.220984949902122,0.7391180368488118,0.35017244173361317,0.6638968416873599,1.038476622847842,1.1219509880891343,1.1636500408523023,290.6561788742349
281,10281,10281,10281,07025ed,solver_extremeB_s2,1,1,1,success,47,11.096253644799287,11.711916455072352,4.811948926055517,42,1,30.0,0.45,20.0,1.0,25,1,200,0.002,100,10.0,1.0,0,31,0,0.6595744680851063,0.33785979713271513,-0.3023100734011927,-2.599160057902644,0.024448364717017577,0.03126043607593124,0.1146887249959741,1.5200781958211462,1.114129214260884,0.33961222873242886,0.27589864234656,0.9973476714037546,1.0714962295916908,1.1116860595167104,281.8162439935067
282,10282,10282,10282,07025ed,solver_extremeB_s2,1,1,1,success,58,27.001501859012357,38.93444898858122,10.114418131490812,47,1,30.0,0.45,20.0,1.0,25,1,200,0.002,100,10.0,1.0,0,38,0,0.6551724137931034,0.3065121794565166,-0.5618550633431986,2.6674390778711485,0.026044608844933113,0.03920984211390382,0.0809272428032888,1.7296568320079542,0.8561828476876664,0.36766079016574926,0.369693483460473,1.016816287080042,1.0488124358887707,1.2861494191443024,274.7858223548237
283,10283,10283,10283,07025ed,solver_extremeB_s2,1,1,1,success,51,9.203043041145985,3.7785872747696994,2.2148759487662026,48,1,30.0,0.45,20.0,1.0,25,1,200,0.002,100,10.0,1.0,0,35,0,0.6862745098039216,0.3094953618353325,-0.49656908857258286,2.059906321460568,0.02721833504883402,0.03290208386043879,0.040028782307540756,1.0420085402669945,0.6347760229988354,0.3649899666922882,0.27751702897842623,0.9592496773240866,0.9495687876931653,0.9637862958037762,287.0608240773783
284,10284,10284,10284,07025ed,solver_extremeB_s2,0,1,1,timeout,200,96.39264863881657,77.10840324218367,0.0,200,1,30.0,0.45,20.0,1.0,25,1,200,0.002,100,10.0,1.0,0,193,0,0.965,0.3752801692663557,-0.7160674962517761,-0.35968849562791494,0.023549526671309214,0.03435947961298211,0.03959596448823317,1.1780766656081971,1.1413893773608037,0.3828834359691743,0.2564164668638782,1.0417296161411569,1.0588814406746738,1.0549744222972106,60.554833331698234
285,10285,10285,10285,07025ed,solver_extremeB_s2,1,1,1,success,59,22.357315023992296,22.769297406137866,11.00887319755006,53,1,30.0,0.45,20.0,1.0,25,1,200,0.002,100,10.0,1.0,0,44,0,0.7457627118644068,0.3355530419451127,-0.40234568972123813,-2.576030433638354,0.023542548687768478,0.032595079921558794,0.09040820120763818,0.9258725395179045,0.6314034017413782,0.36763982945822815,0.5557234006526053,1.06372171312338,1.0370369328996971,1.0590039564623452,288.1935363460918
286,10286,10286,10286,07025ed,solver_extremeB_s2,1,1,1,success,63,32.2793295206644,25.011066704632725,9.677767328604771,58,1,30.0,0.45,20.0,1.0,25,1,200,0.002,100,10.0,1.0,0,46,0,0.7301587301587301,0.3832707466910867,-0.3630679332167156,1.5285562197815121,0.02568534666465454,0.0377775162392806,0.08618836397420848,1.084875391743527,1.1352441105507824,0.3869402564388482,0.6778667607045844,0.9644082768097647,1.0279080402802792,0.8597788034457655,287.7457876280113
287,10287,10287,10287,07025ed,solver_extremeB_s2,1,1,1,success,64,21.033612378008858,13.332211858964481,9.469708520632576,58,1,30.0,0.45,20.0,1.0,25,1,200,0.002,100,10.0,1.0,0,46,0,0.71875,0.3686443463865827,-0.6273624722520438,-1.7559762010437767,0.022622892483913325,0.03416037462224221,0.11584596214213697,1.0459293857291994,1.2004213691730827,0.3745277594772143,0.31942214795110974,0.9842900205835504,1.0158747539188389,1.0034018097004087,290.95034703970896
288,10288,10288,10288,07025ed,solver_extremeB_s2,1,1,1,success,60,18.075121383830187,23.362309012453302,11.340384385090967,54,1,30.0,0.45,20.0,1.0,25,1,200,0.002,100,10.0,1.0,0,51,0,0.85,0.36662053322063587,-0.6067481384392822,-0.30930883147920696,0.025110478293948742,0.03284216437754971,0.0823760987712027,1.471810773145811,0.6062608554458926,0.31711131075671567,0.6294156309853256,1.050611646584724,1.0136527609539032,0.9392283420012362,291.2406157721679
289,10289,10289,10289,07025ed,solver_extremeB_s2,0,1,0,object_lost,182,641.1795868609928,nan,nan,-1,0,30.0,0.45,20.0,1.0,25,1,200,0.002,100,10.0,1.0,5,171,0,0.9395604395604396,0.3223879749573434,-0.2989305254753027,-0.021403408959767223,0.023093091710004923,0.03573926940738478,0.11219330001761309,1.5622453071946283,1.2046242773856821,0.329224564204437,0.7196885410629075,0.9589185410398811,0.9107207333868133,0.9770630450502659,-179.2747703054286
290,10290,10290,10290,07025ed,solver_extremeB_s2,1,1,1,success,54,1.154985965735657,13.76763261579343,6.219850648985699,49,1,30.0,0.45,20.0,1.0,25,1,200,0.002,100,10.0,1.0,0,35,0,0.6481481481481481,0.3045854274119521,-0.323330810996033,-2.565666793277987,0.02711956844876933,0.034555337760260346,0.09509117910847475,1.1780034675398303,1.356379147480321,0.3316769399473413,0.5469755130013217,1.0521143207103083,1.0283780587459688,1.175933541335605,284.5180538368768
291,10291,10291,10291,07025ed,solver_extremeB_s2,1,1,1,success,57,9.3651861530714,7.89608170008795,2.8569264776739653,51,1,30.0,0.45,20.0,1.0,25,1,200,0.002,100,10.0,1.0,0,49,0,0.8596491228070176,0.3797162983408414,-0.4857051470081205,1.933717324802669,0.02324247858520578,0.03969849628255579,0.030074676020449193,1.7970623354244146,0.9011043343787858,0.3377554031777459,0.4024279011254524,0.9562099012753132,0.9780694671247093,0.9769117553883456,284.5597995812665
292,10292,10292,10292,07025ed,solver_extremeB_s2,1,1,1,success,58,39.05806015060048,18.852861555267438,18.185518687950083,52,1,30.0,0.45,20.0,1.0,25,1,200,0.002,100,10.0,1.0,0,43,0,0.7413793103448276,0.3405376355080479,-0.7092583314032574,-2.2973555360282543,0.0215544377548331,0.03477506562915907,0.1032308510269587,0.9403065634369276,1.1605956206441195,0.332815094533764,0.37212816027423745,1.0098449075808973,1.0119814117795582,1.0450853109176914,290.5920399859544
293,10293,10293,10293,07025ed,solver_extremeB_s2,1,1,1,success,69,12.185386251701814,18.202697027509064,7.06599614557905,58,1,30.0,0.45,20.0,1.0,25,1,200,0.002,100,10.0,1.0,0,49,0,0.7101449275362319,0.3787201035709432,-0.6674967337145745,0.5486381142465353,0.02374800213764227,0.03462784195007485,0.08045891005362471,1.1984904423490745,0.9419818221587151,0.33791535765429226,0.5941959165384756,1.0119823486704973,1.0901848366290126,0.9930593193562557,291.0667363752449
294,10294,10294,10294,07025ed,solver_extremeB_s2,1,1,1,success,61,11.040155160983801,16.64550148763515,6.55900391840348,52,1,30.0,0.45,20.0,1.0,25,1,200,0.002,100,10.0,1.0,0,51,0,0.8360655737704918,0.3771894133405533,-0.4989793574819924,-0.7078341882138561,0.024631282571776346,0.03140722475430885,0.043808476041065296,0.8003467000624106,1.2358657393467247,0.35934315852338355,0.327806910220965,1.0280506051389695,1.0321032654166573,1.0265389335868629,287.2383165975189
295,10295,10295,10295,07025ed,solver_extremeB_s2,1,1,1,success,59,26.74958744063896,26.823092317289134,14.338567337107724,50,1,30.0,0.45,20.0,1.0,25,1,200,0.002,100,10.0,1.0,0,38,0,0.6440677966101694,0.36194416339128055,-0.6427313750906034,-0.4840281049341564,0.02465878965936512,0.03984635287983311,0.05883983779508481,1.9470659109388802,0.8383639194134139,0.37487277321857543,0.20519653804264962,1.0702530069381424,1.0208564762163101,1.1350596700467368,287.78501614737456
296,10296,10296,10296,07025ed,solver_extremeB_s2,1,1,1,success,44,7.481838580972702,10.784418182566409,14.255729804152892,39,1,30.0,0.45,20.0,1.0,25,1,200,0.002,100,10.0,1.0,0,31,0,0.7045454545454546,0.35306882321245914,-0.20779811182993102,-1.5861800862464641,0.026972229856573687,0.030914501398062743,0.04095770437607582,0.851779848030799,0.7700897616064657,0.3489060055871114,0.43909720384678697,0.9904682824638334,1.1237283372118647,1.0337213198273472,282.1438382295844
297,10297,10297,10297,07025ed,solver_extremeB_s2,1,1,1,success,59,13.068255613746967,9.946677432102305,9.749183001082924,52,1,30.0,0.45,20.0,1.0,25,1,200,0.002,100,10.0,1.0,0,34,0,0.576271186440678,0.34948361760207647,-0.500831548037679,0.6278933004215035,0.020666006661573325,0.033404379526173034,0.07162026021587008,1.3737604985368121,0.8370046238390207,0.348374822722546,0.4295430141535448,1.0386770589012404,1.040950651225961,0.9297640373891347,289.71773546280156
298,10298,10298,10298,07025ed,solver_extremeB_s2,1,1,1,success,64,37.297933016753944,23.936775150604472,14.399580941767857,48,1,30.0,0.45,20.0,1.0,25,1,200,0.002,100,10.0,1.0,0,46,0,0.71875,0.3739393452030412,-0.23377434844802308,3.0788550536918136,0.021492127275188046,0.0393955691548873,0.03691023246790661,0.9813524227307089,1.1039065713378058,0.352813658775845,0.5098522937394672,1.0168988270318287,1.0286841127866213,1.091728941285052,284.71873232404477
299,10299,10299,10299,07025ed,solver_extremeB_s2,1,1,1,success,65,21.338718755955135,22.0173954963667,9.720907998189325,60,1,30.0,0.45,20.0,1.0,25,1,200,0.002,100,10.0,1.0,0,46,0,0.7076923076923077,0.34297618899103166,-0.6290930568481843,-2.2852041959396594,0.024184925479593687,0.03469820504686902,0.030721301084327485,1.3795653247900197,1.1908700899285436,0.35813683003725255,0.5983398515677663,1.0474595545770293,0.9864064669495826,1.2372963644009878,294.266397301174
300,10300,10300,10300,07025ed,solver_extremeB_s2,1,1,1,success,52,9.561509766924631,6.369309278662689,4.55089444699559,44,1,30.0,0.45,20.0,1.0,25,1,200,0.002,100,10.0,1.0,0,39,0,0.75,0.3252015200757931,-0.23261993747377807,1.5069659662518244,0.022718535840457837,0.036462060216178926,0.1159219824894332,1.081034763033879,0.850673840896534,0.3811739028752681,0.2300012716700223,1.0210971896046739,0.9982501916005637,1.0567496645641279,279.95793089071407
301,10301,10301,10301,07025ed,solver_extremeB_s2,1,1,1,success,42,12.587028174356242,23.366898207825145,11.37210584318866,32,1,30.0,0.45,20.0,1.0,25,1,200,0.002,100,10.0,1.0,0,29,0,0.6904761904761905,0.3553028856781975,-0.2803826475709148,-0.02358002690960115,0.020591578201366954,0.039026105694195554,0.07001507905920883,1.5950101255664584,1.0928056657840934,0.32221248401974084,0.20690521684813837,1.0965767817737915,1.092965648244642,0.970595083704214,278.2792717433309
302,10302,10302,10302,07025ed,solver_extremeB_s2,0,0,0,unsafe,31,418.4192545357615,nan,nan,-1,1,30.0,0.45,20.0,1.0,25,1,200,0.002,100,10.0,1.0,0,24,0,0.7741935483870968,0.34676079181091374,-0.6195935091613144,2.098015638499076,0.024537277688379787,0.03755435402193642,0.0923742528123558,0.9010073216321777,0.9515006601545064,0.3268185124322055,0.7272558562713303,1.0676476813897027,1.0444995774464245,1.0240695177977712,-40.436350893357485
303,10303,10303,10303,07025ed,solver_extremeB_s2,1,1,1,success,61,25.385965792630376,17.984691207707897,23.792929024668403,43,1,30.0,0.45,20.0,1.0,25,1,200,0.002,100,10.0,1.0,0,51,0,0.8360655737704918,0.3050921421416524,-0.48199354794418825,-2.0368989738929892,0.020605756137807376,0.0395332803411377,0.05520739802087887,1.332802429003404,1.275860241972525,0.3440750204693337,0.527449145934268,0.9673808640957251,1.0723164765009037,0.9517693281191238,284.4139429919501
304,10304,10304,10304,07025ed,solver_extremeB_s2,1,1,1,success,55,11.496868283601868,17.461655465481858,4.719921469998395,50,1,30.0,0.45,20.0,1.0,25,1,200,0.002,100,10.0,1.0,0,42,0,0.7636363636363637,0.3837627206543509,-0.3324330478628652,1.8404561181973609,0.024901819683556734,0.03449168808958056,0.11670487679427193,1.065115205639986,0.9723142727670584,0.32656302691919564,0.5430072303996795,0.9811617662487342,0.9563488812732582,1.1155645375963656,285.4590331114185
305,10305,10305,10305,07025ed,solver_extremeB_s2,1,1,1,success,53,3.9571699836305148,26.5033919325943,21.456800891463526,46,1,30.0,0.45,20.0,1.0,25,1,200,0.002,100,10.0,1.0,0,33,0,0.6226415094339622,0.3042484634386332,-0.44974204223052044,-3.0212819554184964,0.02088961084748918,0.03297355878605071,0.042127046815633507,0.9853850515772039,1.2853982471338405,0.3723219933368329,0.27743997668341625,0.9352890785916265,1.0260254440203493,1.1810023763315443,284.7692585843473
306,10306,10306,10306,07025ed,solver_extremeB_s2,1,1,1,success,50,22.110525914073545,25.782384483954996,3.81260608258844,45,1,30.0,0.45,20.0,1.0,25,1,200,0.002,100,10.0,1.0,0,38,0,0.76,0.34326172082180767,-0.4525055798970606,-3.028552594055667,0.026642476720662136,0.02975150408705622,0.07621275030507026,1.6726116251358243,0.8209657416533993,0.38156132434925355,0.363779482414984,1.0356798715584523,1.0066711684554606,0.9308704820055298,285.8468045821283
307,10307,10307,10307,07025ed,solver_extremeB_s2,1,1,1,success,61,32.65902023938761,48.03375642950081,7.955201713581847,54,1,30.0,0.45,20.0,1.0,25,1,200,0.002,100,10.0,1.0,0,46,0,0.7540983606557377,0.3783797101397562,-0.32814814316004054,0.4535243388554271,0.02083305442725461,0.03013112093009998,0.04703319688652391,1.1772989474678413,0.8628743039246081,0.3055139469422474,0.6882774581827236,1.0164584824528051,1.0510450694263458,0.9574375542744712,288.7374624409649
308,10308,10308,10308,07025ed,solver_extremeB_s2,1,1,1,success,49,6.358880514091717,18.00634465335801,15.57293204353652,43,1,30.0,0.45,20.0,1.0,25,1,200,0.002,100,10.0,1.0,0,29,0,0.5918367346938775,0.3127904442488899,-0.3363069649436717,-0.28284001063791697,0.025700114542659924,0.03283828403578664,0.08196862954249413,0.9186907673299718,1.3286679808124442,0.37088863354080087,0.27138820056648655,0.9666006740617227,0.9747786793038705,0.8210940335400616,285.55275353337976
309,10309,10309,10309,07025ed,solver_extremeB_s2,1,1,1,success,56,21.139003131204003,16.34956718167953,4.813524263680311,51,1,30.0,0.45,20.0,1.0,25,1,200,0.002,100,10.0,1.0,0,35,0,0.625,0.32535250182822395,-0.6791471784266903,-1.1967984456810303,0.024353133541593606,0.03148536770619935,0.09816856058444788,1.2520087442703913,1.3263882392563866,0.31214758201912557,0.33390026338549983,1.0264302215430832,0.9805712535517567,1.0008387866108777,287.65421822932944
310,10310,10310,10310,07025ed,solver_extremeB_s2,1,1,1,success,51,14.288712573321257,28.953402420679474,9.660702281290652,45,1,30.0,0.45,20.0,1.0,25,1,200,0.002,100,10.0,1.0,0,36,0,0.7058823529411765,0.3729586122068828,-0.33549651143248294,0.5358506260602991,0.02361494582850909,0.032272009370383145,0.11205926740256889,1.6288576103694417,1.1224833809806118,0.30629269460553,0.4141482282416895,1.0414840283801527,1.1258730631757081,0.9001701301683758,282.9512405980041
311,10311,10311,10311,07025ed,solver_extremeB_s2,1,1,1,success,50,13.054124131352857,18.374860712442956,4.776173194684568,44,1,30.0,0.45,20.0,1.0,25,1,200,0.002,100,10.0,1.0,0,37,0,0.74,0.3014318417560224,-0.24194846338953763,-0.6020959254577876,0.020778723738231187,0.03449236765283113,0.04595885645995176,1.4316812390190283,0.7950844908574409,0.3373679545444825,0.5101844183086753,0.9832319682122718,0.988057996486123,0.9878537340847287,283.28926787228636
312,10312,10312,10312,07025ed,solver_extremeB_s2,1,1,1,success,53,17.2414791407752,14.265190122727816,1.440637891869771,48,1,30.0,0.45,20.0,1.0,25,1,200,0.002,100,10.0,1.0,0,40,0,0.7547169811320755,0.3886452286207955,-0.4894082987423585,-2.8028088396009645,0.022327174852530524,0.0331462501935009,0.08149101395018188,1.5472049480328325,1.394468872919738,0.3111449646950775,0.4013188361201375,0.9858772998078963,1.013398854864288,1.057418815906892,287.5568142579975
313,10313,10313,10313,07025ed,solver_extremeB_s2,1,1,1,success,60,15.130361209504889,18.7534401755078,9.80759651689535,54,1,30.0,0.45,20.0,1.0,25,1,200,0.002,100,10.0,1.0,0,40,0,0.6666666666666666,0.30578905027763675,-0.5295765331897454,1.8394295129774365,0.02119218991349082,0.03171994965401524,0.06546856679384774,1.1215796845307344,1.0857072877570912,0.375351730472673,0.6507212223726081,1.0287041986050467,1.0041743312932379,0.8802046954038576,289.4594488190812
314,10314,10314,10314,07025ed,solver_extremeB_s2,1,1,1,success,55,11.255265059485609,27.815838744932652,14.089569580639797,43,1,30.0,0.45,20.0,1.0,25,1,200,0.002,100,10.0,1.0,0,44,0,0.8,0.38142117624336935,-0.22420308899796715,2.828956184022317,0.022175138532168265,0.03870426748386515,0.08413346859652673,1.1155283139732264,0.9887825647764723,0.33631643100159997,0.663646169025801,1.0521421938847504,1.0638629805349689,1.0553359954411616,283.26339033811746
315,10315,10315,10315,07025ed,solver_extremeB_s2,1,1,1,success,57,16.321753296801155,17.789052899141584,1.59825870275111,54,1,30.0,0.45,20.0,1.0,25,1,200,0.002,100,10.0,1.0,0,40,0,0.7017543859649122,0.38454227336273916,-0.44852118309978417,2.9038902205660415,0.026945607281457295,0.034298887677732044,0.04580909127889783,1.4932983088665093,1.396555188918011,0.35932403173604666,0.5228893068521044,1.0790748195042918,1.0626057218197507,0.9893590108346026,290.95148635318037
316,10316,10316,10316,07025ed,solver_extremeB_s2,1,1,1,success,49,29.879050964604033,25.96084363764129,3.76369456079494,40,1,30.0,0.45,20.0,1.0,25,1,200,0.002,100,10.0,1.0,0,42,0,0.8571428571428571,0.382268141755397,-0.27525904770126897,1.2572864778729942,0.02292132056198555,0.04006118670101081,0.08716780708537022,1.8740740022280917,1.2623043273124788,0.3362285068813517,0.40821627311500824,1.0159388358477033,1.1018796305246534,1.0889915674846442,281.2229916757364
317,10317,10317,10317,07025ed,solver_extremeB_s2,1,1,1,success,52,21.736381288623335,24.624799405380426,5.261309407661743,42,1,30.0,0.45,20.0,1.0,25,1,200,0.002,100,10.0,1.0,0,35,0,0.6730769230769231,0.3027286000127728,-0.4823568555043257,2.9963118441729693,0.023199732589460835,0.03819309847695595,0.07013116223106744,1.5013269165719434,0.8848929801297744,0.304561301079435,0.36392934225531237,1.0576240391745575,1.03647707357576,1.1597497224975934,285.45587632247134
318,10318,10318,10318,07025ed,solver_extremeB_s2,1,1,0,success,63,15.0559730979152,71.26406766754044,77.4774314329711,47,1,30.0,0.45,20.0,1.0,25,1,200,0.002,100,10.0,1.0,0,54,0,0.8571428571428571,0.3246323741415135,-0.39452565245657717,-1.3332399506095294,0.022836242354452533,0.03125773077049199,0.07782217767504525,1.9855629161026154,1.2000985983735972,0.3476298775475589,0.7112600997409204,0.9699679236179474,0.9594276080602658,1.0098554123600192,264.0736810831156
319,10319,10319,10319,07025ed,solver_extremeB_s2,1,1,1,success,58,16.210595489261856,30.549745619949604,23.236151274392157,48,1,30.0,0.45,20.0,1.0,25,1,200,0.002,100,10.0,1.0,0,41,0,0.7068965517241379,0.3551417413851515,-0.3666354730864469,2.370375097289325,0.02048808590670714,0.03101977744484122,0.03484589419303505,1.2418348159011225,0.8918038645550659,0.301473111929964,0.7026961573250561,1.0348507675506056,1.0301650059107827,0.8125952242489308,288.35584554839045
320,10320,10320,10320,07025ed,solver_extremeB_s2,1,1,1,success,58,22.361995269898053,28.573493385320095,1.976222753243759,51,1,30.0,0.45,20.0,1.0,25,1,200,0.002,100,10.0,1.0,0,43,0,0.7413793103448276,0.33983707480284064,-0.4255910138603237,2.557968112187205,0.024897879630034852,0.03879178800696492,0.1051092283245632,1.2424505975305957,1.0763114912107645,0.3092339688942084,0.6806139206755909,0.971262016590965,0.9671711020875143,0.9163710178873485,286.8868471807687
321,10321,10321,10321,07025ed,solver_extremeB_s2,1,1,1,success,64,24.004250242559436,20.34389270969947,4.126384573301712,58,1,30.0,0.45,20.0,1.0,25,1,200,0.002,100,10.0,1.0,0,49,0,0.765625,0.3462705313927594,-0.6162808503990539,-0.8121196430641189,0.02602530886519598,0.03518138767902706,0.11938709840247422,1.1379016915268345,0.819141540726941,0.35460827854055177,0.6365066065351749,1.0487141722968107,1.0945379922852112,0.9288305780390498,292.6668274770509
322,10322,10322,10322,07025ed,solver_extremeB_s2,1,1,1,success,67,21.099596076520395,20.809147571284637,9.929408703132108,61,1,30.0,0.45,20.0,1.0,25,1,200,0.002,100,10.0,1.0,0,58,0,0.8656716417910447,0.3884824727795385,-0.6629665362396233,-1.1383084893076463,0.026563832592182937,0.032443577850872256,0.030363402515315618,1.676321072891293,1.0615835260562507,0.37674119246524,0.6758673149541093,1.0095754389612253,1.0786625561737169,1.17133951917031,292.5358196526721
323,10323,10323,10323,07025ed,solver_extremeB_s2,1,1,1,success,61,18.939207323295527,18.691427929424837,17.300649886367566,55,1,30.0,0.45,20.0,1.0,25,1,200,0.002,100,10.0,1.0,0,39,0,0.639344262295082,0.3362029656613492,-0.6100320284280127,1.4936413975428042,0.024302947819421054,0.029923824745610332,0.04593121176270544,1.1926314675775433,1.2012280307514303,0.33576353290275507,0.42544285318465724,1.0421648818579996,1.0503481826761156,0.9804659004164514,290.6349030234112
324,10324,10324,10324,07025ed,solver_extremeB_s2,1,1,1,success,52,34.46085149993224,15.373197115790406,22.24996322510468,47,1,30.0,0.45,20.0,1.0,25,1,200,0.002,100,10.0,1.0,0,45,0,0.8653846153846154,0.34824116869704175,-0.6372340834840309,-2.2412559087669095,0.021864653825220737,0.032601040608325346,0.061947647702455734,1.183972107234793,0.6098343287979772,0.3068478271674369,0.30846175222360805,1.075736723318797,1.077599587149725,1.0019890715140525,286.8827765356906
325,10325,10325,10325,07025ed,solver_extremeB_s2,1,1,1,success,62,7.681853535606894,11.011517279671097,3.865175401758651,59,1,30.0,0.45,20.0,1.0,25,1,200,0.002,100,10.0,1.0,0,38,0,0.6129032258064516,0.3202958840952165,-0.599831472606234,-1.8683866731994738,0.02630236924573674,0.0380647871398045,0.040199107939692294,1.7569710700824626,0.9873470581897786,0.3625502142665271,0.5109072707633271,0.9072273013298864,0.9563695437451788,0.9934439032542222,288.8500471556246
326,10326,10326,10326,07025ed,solver_extremeB_s2,1,1,1,success,56,18.50387894256783,24.943156991689534,4.544062940372358,49,1,30.0,0.45,20.0,1.0,25,1,200,0.002,100,10.0,1.0,0,39,0,0.6964285714285714,0.3487555071334769,-0.31717891754778565,-1.36730765487169,0.025376633840526516,0.03638862485454819,0.08529350254481474,1.1234960348500858,1.1353108916628591,0.33746925441008935,0.6480603788471884,0.9981202478890895,1.0252255114953712,1.2492201550919761,287.3876360396588
327,10327,10327,10327,07025ed,solver_extremeB_s2,1,1,1,success,45,13.87660835943807,25.974246091506192,10.645527702048868,39,1,30.0,0.45,20.0,1.0,25,1,200,0.002,100,10.0,1.0,0,32,0,0.7111111111111111,0.3222902982063376,-0.2550045153934334,1.9188587143483344,0.02471501839126852,0.03702911689499963,0.11828892003864833,1.4447763283527082,0.9111311727104219,0.3756887235736781,0.18196762160665744,0.9762768464372422,0.9768539914229496,0.9551906761999336,280.40761437355496
328,10328,10328,10328,07025ed,solver_extremeB_s2,1,1,1,success,55,16.076285856233582,9.95571881570483,11.74870608614565,50,1,30.0,0.45,20.0,1.0,25,1,200,0.002,100,10.0,1.0,0,35,0,0.6363636363636364,0.3141422800983575,-0.6670094518933319,3.0121882696662023,0.022400452723862485,0.03386633664913168,0.10437445409952266,1.4866153545879617,0.8874880445953202,0.340772950360411,0.2841507302673831,1.0238492523619898,1.051437903265603,0.8467581014974118,289.136947029575
329,10329,10329,10329,07025ed,solver_extremeB_s2,1,1,1,success,63,27.81883473874738,24.089637913312103,7.12014815365608,56,1,30.0,0.45,20.0,1.0,25,1,200,0.002,100,10.0,1.0,0,45,0,0.7142857142857143,0.32716204471743704,-0.6217405505836202,-1.9522676856776324,0.025603721884862745,0.036639537735092334,0.06655057070109757,1.691601688463149,1.0751391737600158,0.36269271359496524,0.5297051242490337,0.9012608202996022,0.9059721662770893,1.2398283407186033,290.40910403834965
330,10330,10330,10330,07025ed,solver_extremeB_s2,1,1,1,success,62,8.393570590620072,15.929056609638364,15.945526479133592,47,1,30.0,0.45,20.0,1.0,25,1,200,0.002,100,10.0,1.0,0,47,0,0.7580645161290323,0.32603938339455885,-0.37540174042315577,-0.9205538878775745,0.024145836153329527,0.0391147431244404,0.06429308994078864,1.9188157812688305,1.308335553240292,0.30579934325720937,0.5407314497836571,0.9402977617168229,0.9862247932698944,1.0648712924825592,283.5307643350401
331,10331,10331,10331,07025ed,solver_extremeB_s2,1,1,1,success,57,26.667887077714354,24.922998898864293,11.813250601274829,51,1,30.0,0.45,20.0,1.0,25,1,200,0.002,100,10.0,1.0,0,42,0,0.7368421052631579,0.3404720268984013,-0.6279989174319753,2.6049292655914673,0.027124653466838483,0.032253663060924,0.06098420382681193,1.244568512213644,0.9741356220327275,0.3004069182784539,0.6358959192678891,0.9479287007843452,1.0755230200584658,0.8518431738515102,290.087001270791
332,10332,10332,10332,07025ed,solver_extremeB_s2,1,1,1,success,55,16.567081209450258,20.86650911532519,3.794282451581631,50,1,30.0,0.45,20.0,1.0,25,1,200,0.002,100,10.0,1.0,0,30,0,0.5454545454545454,0.3199668863452464,-0.462715728983219,-0.512755602088037,0.022878175151391827,0.03030011624165355,0.11180057571905769,1.0915988927460667,0.8798566156928007,0.30480568019771276,0.5221851985017263,0.9930382726663981,1.066092504480981,1.1061872961857355,288.45469266945645
333,10333,10333,10333,07025ed,solver_extremeB_s2,1,1,1,success,61,28.76286771039913,33.71807833618516,0.42274035311280966,58,1,30.0,0.45,20.0,1.0,25,1,200,0.002,100,10.0,1.0,0,55,0,0.9016393442622951,0.3217589079365657,-0.6558009389493871,1.015452010969395,0.023215055832850762,0.035115943290366984,0.04472629304765097,1.3433476994841715,1.3248389744958646,0.3495430444855044,0.26801958510887913,0.9962607892569787,1.0921014154944217,1.0407208255105276,268.2454332611194
334,10334,10334,10334,07025ed,solver_extremeB_s2,1,1,1,success,61,21.520540350737917,15.37300621220545,10.750103194854898,55,1,30.0,0.45,20.0,1.0,25,1,200,0.002,100,10.0,1.0,0,46,0,0.7540983606557377,0.35645208073103635,-0.5975031544081244,1.173501096448203,0.02045567775260139,0.036979009404535544,0.10653079659020237,1.714790730134876,1.0036234656084533,0.33095949623165927,0.49222259311999533,1.02331760981301,0.9628844165217961,1.170075680223093,288.7884263226049
335,10335,10335,10335,07025ed,solver_extremeB_s2,1,1,1,success,66,15.395096621477487,26.09232400608478,7.35300070889365,57,1,30.0,0.45,20.0,1.0,25,1,200,0.002,100,10.0,1.0,0,45,0,0.6818181818181818,0.38733722057093345,-0.6829128924630207,1.2213851970906875,0.02123985926255982,0.0326225169040722,0.10220485485838496,1.829879159228096,1.0352015621479276,0.3691734986270472,0.2652626374798002,1.076246310324991,1.0255096594858593,0.8023029857056421,290.1476991254716
336,10336,10336,10336,07025ed,solver_extremeB_s2,1,1,1,success,52,16.826847828035312,16.494898236723316,2.798300709444187,47,1,30.0,0.45,20.0,1.0,25,1,200,0.002,100,10.0,1.0,0,36,0,0.6923076923076923,0.31396425366652325,-0.3024576058919289,1.892661897799921,0.024624116945009756,0.030947100857852634,0.04212396052488788,1.4709266896290298,0.6259586459015425,0.3876404382735855,0.4354960325480042,1.1046940836362331,1.0182186915816098,0.9740720910107422,284.3317898122948
337,10337,10337,10337,07025ed,solver_extremeB_s2,1,1,1,success,57,8.38137968229088,7.222839997051697,9.175643169563637,48,1,30.0,0.45,20.0,1.0,25,1,200,0.002,100,10.0,1.0,0,46,0,0.8070175438596491,0.3282095409184498,-0.5178519777134554,2.9259490577248766,0.02712690659071587,0.03853957778992496,0.046880129574984275,1.1824832059161436,1.0910646750872481,0.3349145276149186,0.31005228389541384,0.9804890447893414,0.9494512080667502,1.2477622109728896,284.4226735534528
338,10338,10338,10338,07025ed,solver_extremeB_s2,1,1,1,success,53,33.35722442523699,19.171099079895374,4.965678222527043,47,1,30.0,0.45,20.0,1.0,25,1,200,0.002,100,10.0,1.0,0,43,0,0.8113207547169812,0.31352848049985754,-0.5766766737864515,2.9665879402035307,0.0255070093878016,0.033200354207678924,0.07288973763942307,1.9293832671389155,1.3654027488261753,0.30633058604670904,0.5009672308447094,0.9696760564065491,1.0684147545497829,0.9207803821049125,285.5941949976401
339,10339,10339,10339,07025ed,solver_extremeB_s2,1,1,1,success,57,13.214029138475334,18.479579401938004,4.801458368285035,51,1,30.0,0.45,20.0,1.0,25,1,200,0.002,100,10.0,1.0,0,41,0,0.7192982456140351,0.32552190163908784,-0.29555673154765816,-0.44215364703877214,0.0260730071148045,0.03392923004277149,0.042036489369563126,1.5993794448520022,1.1638047988550995,0.34563241084308316,0.6047905008545881,0.9945230583336241,1.0248732734079282,1.18342577461623,286.5889807525202
340,10340,10340,10340,07025ed,solver_extremeB_s2,1,1,1,success,57,30.752333694416855,29.172933353240452,5.244691135216644,51,1,30.0,0.45,20.0,1.0,25,1,200,0.002,100,10.0,1.0,0,43,0,0.7543859649122807,0.3452110529869167,-0.4285620791545948,-2.5481623392522614,0.02124007583599379,0.031928361763115545,0.10970662746137964,1.344497040448212,1.347331260303454,0.3415368117203067,0.5663825291633986,1.0249509152532885,0.9779394782286442,1.1665185743399489,287.84201798156585
341,10341,10341,10341,07025ed,solver_extremeB_s2,1,1,1,success,55,12.416414030196977,8.742861682940955,9.62700815151255,49,1,30.0,0.45,20.0,1.0,25,1,200,0.002,100,10.0,1.0,0,39,0,0.7090909090909091,0.33766960679130636,-0.6734667974802403,-1.4717961548898801,0.02668693617800895,0.03252316139426708,0.09772336948746287,0.8054826367110209,0.7622323028389049,0.34392371516234377,0.276779182965288,1.0317981123176339,0.9544940863646216,0.8506061822035496,288.47475366771573
342,10342,10342,10342,07025ed,solver_extremeB_s2,1,1,1,success,51,31.180295174903492,41.70026912994257,25.750902769260055,45,1,30.0,0.45,20.0,1.0,25,1,200,0.002,100,10.0,1.0,0,37,0,0.7254901960784313,0.32926351446117547,-0.6792641815154875,2.0391868014763492,0.02153945956517215,0.03299996482766526,0.0608303929797117,1.9243774978638308,1.2241083981248533,0.38805597480397697,0.22884417658682488,1.0964109668561544,1.0153367219463008,1.0472433978690825,287.27080178844244
343,10343,10343,10343,07025ed,solver_extremeB_s2,1,1,1,success,66,3.7335977925560915,12.93804995229503,11.083992811480933,61,1,30.0,0.45,20.0,1.0,25,1,200,0.002,100,10.0,1.0,0,38,0,0.5757575757575758,0.35595901214178094,-0.6759264193394331,-1.0433272596832786,0.022693396582191105,0.0346542279486947,0.10738299704208228,1.6473330343900972,1.228876328385437,0.35926838051737947,0.36740781733497896,0.9558962012826699,1.001941534665071,1.0300251178309487,293.1103019983566
344,10344,10344,10344,07025ed,solver_extremeB_s2,0,0,0,timeout,200,244.66890208870512,nan,nan,-1,0,30.0,0.45,20.0,1.0,25,1,200,0.002,100,10.0,1.0,0,191,0,0.955,0.3465238496758301,-0.40347195372941264,0.9196387691318275,0.02548179780735487,0.03748525518581456,0.05061328896386169,1.3060835545824143,0.644499437500436,0.3215788154116655,0.4723333693845735,1.0935492121121466,1.0368996807394504,0.9597304119297088,-9.499998652129607
345,10345,10345,10345,07025ed,solver_extremeB_s2,1,1,1,success,53,13.160891595427803,16.96264745123231,6.9748435400793785,43,1,30.0,0.45,20.0,1.0,25,1,200,0.002,100,10.0,1.0,0,45,0,0.8490566037735849,0.37630096961589826,-0.40058589949023726,0.2687314848275135,0.0226556574075268,0.030243045413351294,0.08212507602534558,1.4756288009942917,0.9033311431682479,0.30524837110415975,0.3633140966024516,1.0326421109672672,0.9391846869238759,1.0777037024602354,284.1919676827213
346,10346,10346,10346,07025ed,solver_extremeB_s2,1,1,1,success,52,14.784881360592733,26.832100842253038,3.653338877722646,46,1,30.0,0.45,20.0,1.0,25,1,200,0.002,100,10.0,1.0,0,39,0,0.75,0.35665137013488835,-0.2730773058476557,-2.0402179116045533,0.022002718247852354,0.03583708951740767,0.10633998523399578,1.0961977559965712,1.0463992273228162,0.34856104715656266,0.4557569131913617,1.0048908306412556,1.0347548138958926,1.056935765976486,285.6896909722826
347,10347,10347,10347,07025ed,solver_extremeB_s2,1,1,1,success,57,16.987300317923108,18.211658870305996,9.525357416637615,51,1,30.0,0.45,20.0,1.0,25,1,200,0.002,100,10.0,1.0,0,47,0,0.8245614035087719,0.3499031832617392,-0.6255346462468857,1.4857763426908654,0.0241570625074251,0.035159553608512334,0.04713752971386262,1.8257632575381488,0.762706291152469,0.33288031569850934,0.5117636468123018,1.0246365628747527,1.0194860684452496,1.1322026107995553,290.50263059564907
348,10348,10348,10348,07025ed,solver_extremeB_s2,1,1,1,success,64,34.18372217432519,20.461818417862325,14.965557501767934,58,1,30.0,0.45,20.0,1.0,25,1,200,0.002,100,10.0,1.0,0,50,0,0.78125,0.35686616998843995,-0.653685315642088,0.7017068573039,0.026983026717718232,0.03279628823493636,0.04922452996729054,1.7407908244487353,1.018977289199003,0.32686087061901603,0.5745453080866533,1.0923910242869812,0.974242436575479,1.1266929549497684,290.9188446314132
349,10349,10349,10349,07025ed,solver_extremeB_s2,1,1,1,success,54,19.253173056851686,26.06483240783932,6.675494406741784,48,1,30.0,0.45,20.0,1.0,25,1,200,0.002,100,10.0,1.0,0,36,0,0.6666666666666666,0.3107801652204106,-0.7209771307889113,-2.468900781628842,0.0245579262462478,0.03072771720565548,0.10581520051543901,1.2271063041254313,0.6052065473823264,0.35439938262648135,0.18399166024038419,1.0802305886691757,1.0854637177583777,0.9961415312225924,287.6695024716795
350,10350,10350,10350,07025ed,solver_extremeB_s2,1,1,1,success,54,17.74723979530869,9.906453859519614,9.503597176417678,48,1,30.0,0.45,20.0,1.0,25,1,200,0.002,100,10.0,1.0,0,32,0,0.5925925925925926,0.3195240069264045,-0.7135572754425032,-2.0415008865719018,0.02397014952301202,0.03360483682799462,0.08671041608185642,1.2703058254038728,0.8803259298715798,0.35724560440738595,0.2291315818358254,1.0414711524341933,0.9999233219433717,1.0207817382767994,289.64122290053376
351,10351,10351,10351,07025ed,solver_extremeB_s2,1,1,1,success,51,19.567096625138202,18.380156716076083,2.9075832849693386,46,1,30.0,0.45,20.0,1.0,25,1,200,0.002,100,10.0,1.0,0,36,0,0.7058823529411765,0.3039902931426237,-0.41348851026057437,-2.0906009289076906,0.025314235736899914,0.03753728856788201,0.06328049351465648,1.1061227010561625,1.2197807783406547,0.3064080911030901,0.45443507754877,0.9777708054015465,1.049444520029976,0.9589951161700795,284.2545889347326
352,10352,10352,10352,07025ed,solver_extremeB_s2,1,1,1,success,62,20.076873541135594,11.461407594232108,10.184254056815952,56,1,30.0,0.45,20.0,1.0,25,1,200,0.002,100,10.0,1.0,0,45,0,0.7258064516129032,0.31517095800093053,-0.61288992014972,2.3887029018898627,0.024634761082706284,0.030818541306219242,0.05655313126360212,1.8143775278212748,0.9391923075404052,0.3516542174939542,0.6310358453102372,1.0568404720400126,1.0226464827666066,0.8983301562882217,292.3396565448446
353,10353,10353,10353,07025ed,solver_extremeB_s2,1,1,1,success,58,14.425139415587154,17.662648087449973,12.76920458390489,50,1,30.0,0.45,20.0,1.0,25,1,200,0.002,100,10.0,1.0,0,41,0,0.7068965517241379,0.34010175465988246,-0.43373645554958185,2.695040640170447,0.025295422168479412,0.0386612463146616,0.0327825583378376,1.4511154419019123,0.6240605497343016,0.3408346662412609,0.36697003003793544,1.001379885878684,0.9997646777764881,1.131402420049982,283.9998095687558
354,10354,10354,10354,07025ed,solver_extremeB_s2,1,1,1,success,57,7.997452482378497,8.748307462931301,4.654098247151564,51,1,30.0,0.45,20.0,1.0,25,1,200,0.002,100,10.0,1.0,0,45,0,0.7894736842105263,0.3608453685930617,-0.48358308557786495,-1.2311877095342774,0.023605228580232857,0.035955432180634204,0.1044424402796401,0.8882945906269823,0.9264819358464647,0.3560390635842536,0.6640044474792464,1.0749886576533543,1.0446527739090103,1.0654998774516056,289.0589599364977
355,10355,10355,10355,07025ed,solver_extremeB_s2,1,1,1,success,53,3.3831844930763295,5.027404095682217,5.943547007652769,47,1,30.0,0.45,20.0,1.0,25,1,200,0.002,100,10.0,1.0,0,41,0,0.7735849056603774,0.35453924031817785,-0.3238032122478583,2.8380911372044517,0.026627994319944844,0.0298250900139413,0.09802765485835016,1.1742568807264657,1.3078530122052063,0.33936571895272694,0.1908404268935115,1.0223269690529588,1.052359623651089,1.1113210997220242,284.6767979781477
356,10356,10356,10356,07025ed,solver_extremeB_s2,1,1,1,success,48,13.846743847340445,12.859332808409635,0.21361115419729002,45,1,30.0,0.45,20.0,1.0,25,1,200,0.002,100,10.0,1.0,0,31,0,0.6458333333333334,0.3197608580047539,-0.3249392320980376,0.8494494642455819,0.027324637763830602,0.037807423248020534,0.046858713303356864,1.13302248045569,1.1637935875430911,0.32089826827856427,0.19278108206460715,0.9484459685673964,0.9944734174694815,1.0442581158408366,279.74006563578496
357,10357,10357,10357,07025ed,solver_extremeB_s2,1,1,1,success,41,5.168333116073554,13.49933075594599,10.34490127093976,36,1,30.0,0.45,20.0,1.0,25,1,200,0.002,100,10.0,1.0,0,30,0,0.7317073170731707,0.3456485350563674,-0.22820124447254597,2.873061802397891,0.0248737064573362,0.030777563586102043,0.09833866380096694,1.4073831958403487,0.6104741883506465,0.333222294214978,0.2541074420803851,0.966381043038312,0.9877137792081516,1.0538708284739593,278.8075854547551
358,10358,10358,10358,07025ed,solver_extremeB_s2,1,1,1,success,74,25.990147950531256,31.010383608163576,11.640896474630951,64,1,30.0,0.45,20.0,1.0,25,1,200,0.002,100,10.0,1.0,0,53,0,0.7162162162162162,0.3889714832942593,-0.6958108130593191,1.1846514456138246,0.022740872665296962,0.038929362660273185,0.06848620931850219,1.478560528232281,0.7464069392754417,0.3862724646646821,0.5758480151777384,1.099416555800291,0.9716684227308097,0.9012215337987689,294.33420038190104
359,10359,10359,10359,07025ed,solver_extremeB_s2,1,1,1,success,67,36.91466144795136,37.913646008821466,1.6083719558971812,64,1,30.0,0.45,20.0,1.0,25,1,200,0.002,100,10.0,1.0,0,47,0,0.7014925373134329,0.38495403748017504,-0.6960901931979971,-1.7770158527749207,0.02631259996801578,0.037933839244448764,0.11230756851585375,1.1516785861054974,0.6107328901868383,0.38668092790721054,0.20931804702746284,1.01445162668824,1.0781159128965807,1.197429078842946,291.297246546117
360,10360,10360,10360,07025ed,solver_extremeB_s2,1,1,1,success,54,11.180914725224936,20.032050981620806,9.796914907630972,48,1,30.0,0.45,20.0,1.0,25,1,200,0.002,100,10.0,1.0,0,36,0,0.6666666666666666,0.34370376956629195,-0.49005187004021306,2.4594135422384067,0.026182017595966285,0.03338433500715016,0.1117419432430358,1.7551958019116642,0.8662802533711138,0.3745878117819322,0.5371575695243695,1.0347292144771918,1.0328773490452243,0.9146953543215653,290.12820346791045
361,10361,10361,10361,07025ed,solver_extremeB_s2,1,1,1,success,112,16.384358666164456,48.96271483069622,59.06893281423633,44,1,30.0,0.45,20.0,1.0,25,1,200,0.002,100,10.0,1.0,0,98,0,0.875,0.38067612538835605,-0.34434530158694215,1.4578226993574832,0.027149387235259108,0.030016255446195322,0.09018945328802992,0.9611638936254108,1.2016815427826346,0.3346365066344806,0.40226891499575423,1.1097318969802956,1.024001084030268,1.0930604404900826,267.63926950049307
362,10362,10362,10362,07025ed,solver_extremeB_s2,1,1,1,success,64,26.702788738426502,23.406145044744058,8.790474120391307,58,1,30.0,0.45,20.0,1.0,25,1,200,0.002,100,10.0,1.0,0,37,0,0.578125,0.3541420291199059,-0.5219558812552715,-2.8644765087219977,0.025446948573109647,0.03209145801904465,0.10523212491143386,1.1405948990355612,1.3823493537895066,0.3212867030463882,0.5329950561232308,1.1028160761133268,1.0278811970985473,1.2775998931611583,289.4719820838082
363,10363,10363,10363,07025ed,solver_extremeB_s2,1,1,1,success,61,21.533076034560846,22.632929235975865,6.2090322090780905,52,1,30.0,0.45,20.0,1.0,25,1,200,0.002,100,10.0,1.0,0,49,0,0.8032786885245902,0.3295068604386042,-0.5614271829118155,-0.7822630207603649,0.02451736456640276,0.039457769933011255,0.1050942692743898,1.2553560145386726,0.9981067056673414,0.3129069461836784,0.45510751815786116,1.0172265727161232,0.9626168488720014,1.3275768998459665,287.9152364605811
364,10364,10364,10364,07025ed,solver_extremeB_s2,1,1,1,success,55,10.723747468443092,22.86248377602453,5.5627545856523986,49,1,30.0,0.45,20.0,1.0,25,1,200,0.002,100,10.0,1.0,0,43,0,0.7818181818181819,0.3808730182742692,-0.5241731110968024,-0.6924300824384195,0.023582055283998524,0.03243056159227064,0.04935587688769562,1.9118662897747154,0.7844536038012229,0.36392356662328273,0.1996159884334477,1.0505925812988717,0.9817240800547818,1.0450167958385883,286.0027377250641
365,10365,10365,10365,07025ed,solver_extremeB_s2,1,1,1,success,45,14.48727748451032,27.54003313139964,7.546055349976729,38,1,30.0,0.45,20.0,1.0,25,1,200,0.002,100,10.0,1.0,0,27,0,0.6,0.3847611600951848,-0.4273370968006379,0.5882719686820983,0.02273376820589819,0.02993485590243457,0.11279227957116132,0.9254798417155548,0.6992798072162363,0.3469747086309198,0.21513237828919823,1.088815691604443,1.0175994057359719,1.0762574114152796,283.93857783140044
366,10366,10366,10366,07025ed,solver_extremeB_s2,1,1,1,success,44,12.938284511136896,27.62061928506092,6.0295900550171355,39,1,30.0,0.45,20.0,1.0,25,1,200,0.002,100,10.0,1.0,0,27,0,0.6136363636363636,0.3179810661839195,-0.208960822238064,-1.3144911624905804,0.020881443662282107,0.031948973899130165,0.0952454475082811,1.7707298743181732,0.6007677870092376,0.30173034364066087,0.23702011523615046,1.0157195996534885,1.027808862457433,1.3355987571774977,279.3654552596827
367,10367,10367,10367,07025ed,solver_extremeB_s2,1,1,1,success,64,5.004178865569109,13.41269341555094,9.28338434815388,58,1,30.0,0.45,20.0,1.0,25,1,200,0.002,100,10.0,1.0,0,46,0,0.71875,0.33180600122703874,-0.5809769005832288,-0.13947773026399268,0.025997429912093292,0.032128259703309986,0.0627980124644548,1.6587307292534947,1.1979077859027538,0.38536728598344716,0.695209812132491,1.088099861443742,1.138829690996228,1.0342965275613403,293.49929025127847
368,10368,10368,10368,07025ed,solver_extremeB_s2,1,1,1,success,58,18.59752434576205,23.44643836176537,22.449626144567844,49,1,30.0,0.45,20.0,1.0,25,1,200,0.002,100,10.0,1.0,0,39,0,0.6724137931034483,0.36789919100720636,-0.4895100028733714,-2.1031046175719634,0.022670448750678078,0.036589960639217455,0.05765233737972768,1.7493866096044808,1.328336016667196,0.34288338290814535,0.45882050295266447,0.9841584801555652,1.060673764347254,1.1402830359902372,287.6471745865867
369,10369,10369,10369,07025ed,solver_extremeB_s2,1,1,1,success,68,20.968701961438644,25.243676156401193,5.793792789995624,61,1,30.0,0.45,20.0,1.0,25,1,200,0.002,100,10.0,1.0,0,50,0,0.7352941176470589,0.3705044583855009,-0.6563325717000159,1.8907678977532498,0.024106015201275217,0.03305116196975031,0.10519226837275125,1.2307598639717499,1.205411685030728,0.34365467935123367,0.5246519233746808,1.0043655667701263,0.9922316361502431,1.2435868089394673,292.6432317661547
370,10370,10370,10370,07025ed,solver_extremeB_s2,1,1,1,success,53,20.530735695614737,22.44619277273851,17.577435411106134,45,1,30.0,0.45,20.0,1.0,25,1,200,0.002,100,10.0,1.0,0,40,0,0.7547169811320755,0.38913939392778774,-0.3283576595133454,-1.6706348796623636,0.020814757428195812,0.0361342828221419,0.04978082513822814,1.5183383110714321,1.326497715069628,0.3554238366954289,0.43797783951613845,0.9814271896724897,0.9808085337010397,1.1597067079950971,284.03639475085293
371,10371,10371,10371,07025ed,solver_extremeB_s2,1,1,1,success,65,24.801496454167292,10.4716840882736,9.981778082440073,52,1,30.0,0.45,20.0,1.0,25,1,200,0.002,100,10.0,1.0,0,56,0,0.8615384615384616,0.36548528246158557,-0.6273147660973927,2.4423662900743883,0.022013943685384257,0.03162973841113896,0.07754002068450162,1.454791473770908,1.321654298268818,0.3237341096407763,0.4586401906039608,1.0530884650758752,1.0461817540292428,1.1088573869262328,288.2644222532672
372,10372,10372,10372,07025ed,solver_extremeB_s2,1,1,1,success,47,8.947461545187476,9.56544844969487,3.0087894864513536,41,1,30.0,0.45,20.0,1.0,25,1,200,0.002,100,10.0,1.0,0,41,0,0.8723404255319149,0.3540954940707803,-0.3917771134169222,-1.8254944325521483,0.02345603248374049,0.0314280920891386,0.0833513413221027,0.9295737261511853,1.2670144370007868,0.37030945605858506,0.21121466506223052,1.0173582168475577,0.9757719286206462,0.9836188074624792,283.1024344687338
373,10373,10373,10373,07025ed,solver_extremeB_s2,0,1,1,timeout,200,28.696274543342238,28.056304829703773,0.0,200,1,30.0,0.45,20.0,1.0,25,1,200,0.002,100,10.0,1.0,0,188,0,0.94,0.3165195165865475,-0.6412688681621892,2.4977086524986998,0.021225074763894472,0.03504447760520543,0.09318133428058653,1.6095775636403227,0.9950121632106679,0.3650785679555185,0.38834942700435754,1.030307476006206,1.0902338958336018,0.9731755718257918,75.89447242574396
374,10374,10374,10374,07025ed,solver_extremeB_s2,1,1,1,success,66,13.600586579790972,5.963009938748996,5.361745674480054,55,1,30.0,0.45,20.0,1.0,25,1,200,0.002,100,10.0,1.0,0,56,0,0.8484848484848485,0.37029275296545067,-0.644963649717703,1.0033045484562884,0.020409612835915584,0.03812853000252424,0.04443126336394296,1.8673001170132137,1.2976231041227733,0.3653355945098569,0.5699140285089808,1.0064538756652992,1.0791195660412547,1.0664550398168244,290.77326159181575
375,10375,10375,10375,07025ed,solver_extremeB_s2,1,1,1,success,57,8.228709715013258,15.595468041993614,7.005918443597889,52,1,30.0,0.45,20.0,1.0,25,1,200,0.002,100,10.0,1.0,0,39,0,0.6842105263157895,0.3087107062446801,-0.5264148134914147,-0.6323828618800325,0.022739092769528353,0.03561836281311468,0.08447021424140402,1.9399072502248598,0.8608046990798323,0.34133064470669844,0.605581389946215,0.9760521370155735,0.9976234464603702,1.0346850602447506,288.4758316582496
376,10376,10376,10376,07025ed,solver_extremeB_s2,1,1,1,success,46,6.121865242510721,12.574480999743189,7.95565953574932,41,1,30.0,0.45,20.0,1.0,25,1,200,0.002,100,10.0,1.0,0,33,0,0.717391304347826,0.3075554620247063,-0.4439296940968903,-2.508008554012623,0.02285518861676063,0.0316565311742077,0.07949490858204554,0.9727180833425586,1.1912550160188218,0.3546258216180801,0.2994322542769069,0.9892842940533942,0.9749036238043124,1.0791299528247311,282.9009318305794
377,10377,10377,10377,07025ed,solver_extremeB_s2,1,1,1,success,51,36.73742488035201,39.13925511009471,12.508477385539946,45,1,30.0,0.45,20.0,1.0,25,1,200,0.002,100,10.0,1.0,0,29,0,0.5686274509803921,0.36350757611050444,-0.3325010450699918,1.426699007255606,0.024362279963033702,0.031542040198627705,0.04028918277181939,1.5315851838076986,1.0452516118968083,0.3014099400246062,0.2432332435786538,1.0075656767306722,1.090052483376606,1.062648135220445,283.9932245018026
378,10378,10378,10378,07025ed,solver_extremeB_s2,1,1,1,success,55,20.43883582382966,18.908633572289407,6.221299002081782,50,1,30.0,0.45,20.0,1.0,25,1,200,0.002,100,10.0,1.0,0,31,0,0.5636363636363636,0.3212323836010689,-0.5603341265926236,1.963442376472246,0.023538576994471056,0.03148103396905127,0.07024207694556166,1.2394130109406154,0.7522029348172672,0.3642287588954055,0.22327353017561008,0.9354048266713119,0.9744597206778275,1.0952358054380078,284.9249415469248
379,10379,10379,10379,07025ed,solver_extremeB_s2,1,1,1,success,56,18.26180566434544,17.647416387120668,1.6172432540133737,51,1,30.0,0.45,20.0,1.0,25,1,200,0.002,100,10.0,1.0,0,39,0,0.6964285714285714,0.3129169254490135,-0.5874592095614745,1.5327976606181828,0.0237891078450998,0.034204203771608356,0.06126337620044135,1.177739295480765,1.1845940035415417,0.3726332594650026,0.4797341606447771,1.0204643280611367,1.0379980821860264,1.0877619506020164,288.3994195761411
380,10380,10380,10380,07025ed,solver_extremeB_s2,1,1,1,success,65,15.482884936639167,27.11313016227159,11.348402585339858,59,1,30.0,0.45,20.0,1.0,25,1,200,0.002,100,10.0,1.0,0,50,0,0.7692307692307693,0.3245307998120635,-0.6659052776602002,2.8154374860999853,0.021379125775151168,0.03740491777922296,0.08300019003861803,1.334427429868387,0.9493571422985201,0.3895860199896531,0.6760548521682184,1.0185449277834582,1.006774790636574,1.0472050655370606,293.27333474076715
381,10381,10381,10381,07025ed,solver_extremeB_s2,1,1,1,success,51,10.524282672227569,22.681314631011343,9.58833823786709,45,1,30.0,0.45,20.0,1.0,25,1,200,0.002,100,10.0,1.0,0,33,0,0.6470588235294118,0.3288494931807252,-0.4283335273844921,0.9092824850662575,0.02091880519203138,0.03396893262819923,0.08810584065977428,1.3254108378201201,1.0506846077247678,0.3112974183185891,0.47322762158035453,1.0102009363673115,0.9628968596148019,1.0350697887927767,286.4174690826508
382,10382,10382,10382,07025ed,solver_extremeB_s2,1,1,1,success,58,38.69974558434965,21.129297751820694,22.52401248760203,52,1,30.0,0.45,20.0,1.0,25,1,200,0.002,100,10.0,1.0,0,42,0,0.7241379310344828,0.3255467479348829,-0.6596236400746966,2.624295800994074,0.020887294434967556,0.03112120188160126,0.04436767871613346,1.716885996736156,1.082364683005272,0.30069746618734755,0.43597158344434794,1.0027942958033358,0.9766445063924764,0.8031110310616782,289.9575051727983
383,10383,10383,10383,07025ed,solver_extremeB_s2,1,1,1,success,57,10.462359133354774,22.969953577599533,5.7274129909433515,50,1,30.0,0.45,20.0,1.0,25,1,200,0.002,100,10.0,1.0,0,46,0,0.8070175438596491,0.36535289699154794,-0.37065601318250563,1.1297469988192583,0.021121654808612046,0.03211889773522094,0.09527179223558728,1.0911515200004063,0.7265403754292591,0.317402128176741,0.6929329453541675,1.0134567648977686,1.011877214908837,1.0802653257465695,286.05798007059343
384,10384,10384,10384,07025ed,solver_extremeB_s2,1,1,1,success,58,4.612401544459313,14.467669168436917,9.80069995505748,50,1,30.0,0.45,20.0,1.0,25,1,200,0.002,100,10.0,1.0,0,42,0,0.7241379310344828,0.3250948785047714,-0.5136804803722751,2.934345301169392,0.026335707648914995,0.03689360620151303,0.06764333191431776,1.427720421423242,1.2564126567037421,0.3375190205182851,0.4011421627271133,1.0628992653179687,1.0847590431327727,0.8517866029601762,283.4813179934712
385,10385,10385,10385,07025ed,solver_extremeB_s2,1,1,1,success,51,37.55191391589964,22.62706605452652,21.54872831350924,41,1,30.0,0.45,20.0,1.0,25,1,200,0.002,100,10.0,1.0,0,38,0,0.7450980392156863,0.3012040860883951,-0.3865625562213237,2.3630677107653595,0.024882009267823794,0.02984309541989342,0.06482874681530051,1.8925656421886472,0.8728264085753967,0.30276301498317326,0.3967038085243065,1.1031025889115358,1.018709545118315,1.1728082026487257,282.8030898321492
386,10386,10386,10386,07025ed,solver_extremeB_s2,1,1,1,success,58,9.701858945981133,19.29873557578027,5.497675082632547,52,1,30.0,0.45,20.0,1.0,25,1,200,0.002,100,10.0,1.0,0,43,0,0.7413793103448276,0.30108996664908605,-0.3076994307543742,-1.6699478813023374,0.024171684678569644,0.031064243080296747,0.03241568503220582,1.1002165255656955,1.1155372807224917,0.3537157190518713,0.6672863872555875,1.0256024995270472,1.0361133609334998,1.1554661692756947,286.11399974370426
387,10387,10387,10387,07025ed,solver_extremeB_s2,1,1,1,success,65,17.480700842698894,13.597503005894092,15.047911604319408,58,1,30.0,0.45,20.0,1.0,25,1,200,0.002,100,10.0,1.0,0,49,0,0.7538461538461538,0.3719156301366021,-0.7256329399801716,0.6915133949652232,0.021746608001628878,0.03071089993470849,0.0769801254541168,1.8016858356653542,1.2555223880184063,0.3317321319884722,0.3816589457263417,1.0370087482034227,0.9881111661451046,0.9145669597804973,293.3191348953329
388,10388,10388,10388,07025ed,solver_extremeB_s2,1,1,1,success,57,10.165718537936316,11.258576253175317,0.3077811197931477,50,1,30.0,0.45,20.0,1.0,25,1,200,0.002,100,10.0,1.0,0,44,0,0.7719298245614035,0.31528629585392265,-0.6259802503466321,-0.7837931197150354,0.023056273279592216,0.03894788658548387,0.11838854274411621,1.7265590029355065,1.172777046240842,0.32734708423530773,0.4509688842857563,1.0463306578369276,0.9857178739449931,1.1924511715178934,288.48463044390064
389,10389,10389,10389,07025ed,solver_extremeB_s2,1,1,1,success,44,3.5219752304576315,10.90671539857828,5.598466471952713,39,1,30.0,0.45,20.0,1.0,25,1,200,0.002,100,10.0,1.0,0,33,0,0.75,0.35126349639939514,-0.1916252033257454,2.043364040990398,0.02576889293546373,0.03640913422557376,0.089502289585008,1.9963198523697456,1.1096201774492593,0.3699869322260518,0.23074237751901486,0.9757485721841114,1.0676616313501257,1.2949529685384649,276.8652645555736
390,10390,10390,10390,07025ed,solver_extremeB_s2,1,1,1,success,53,6.666818928167676,14.504916838164462,14.548478364832256,47,1,30.0,0.45,20.0,1.0,25,1,200,0.002,100,10.0,1.0,0,41,0,0.7735849056603774,0.35576076683001995,-0.43233452834334196,1.4268169592828697,0.024824082063884298,0.030696668613962974,0.07016122793681863,0.9159993742227628,1.2794409863986194,0.3490911407622922,0.3046993069289057,1.0893647895641574,1.0254641693917075,1.0618115458868278,284.3885373254757
391,10391,10391,10391,07025ed,solver_extremeB_s2,1,1,1,success,63,7.906871183186734,16.383222492624796,17.410296874976957,55,1,30.0,0.45,20.0,1.0,25,1,200,0.002,100,10.0,1.0,0,40,0,0.6349206349206349,0.35512702438703303,-0.6262593023189025,2.4987746860308517,0.02107802045526259,0.03837108543467907,0.10688326005197694,1.7156874889154494,0.9166311724539778,0.33806509392110273,0.3581237303876321,1.0217779745881452,1.026221258027928,1.045786659470177,291.1196061451361
392,10392,10392,10392,07025ed,solver_extremeB_s2,1,1,0,success,74,43.95540207464705,67.61861056886475,20.37039327635489,67,1,30.0,0.45,20.0,1.0,25,1,200,0.002,100,10.0,1.0,0,69,0,0.9324324324324325,0.37661370238400366,-0.3192994400093133,1.3351080460951943,0.020815715439682275,0.03239950121319392,0.11578473826922715,1.4151564317045082,0.8082339468836431,0.31849551478130983,0.29703185481178906,1.0297099176637305,0.9069300026277419,0.9773160755006717,245.52807665794734
393,10393,10393,10393,07025ed,solver_extremeB_s2,1,1,1,success,46,8.704827493590324,13.109517593708993,10.202277804449402,40,1,30.0,0.45,20.0,1.0,25,1,200,0.002,100,10.0,1.0,0,35,0,0.7608695652173914,0.3382472349435472,-0.2729925012915179,-2.198162411180526,0.022073640243183267,0.03795082748129665,0.09944445337492727,1.596587011556592,1.208607974522616,0.38080498727054796,0.28258396783388595,1.1328842851686085,0.9851418223174387,1.0499016676473074,281.2457862802599
394,10394,10394,10394,07025ed,solver_extremeB_s2,1,1,1,success,43,17.9686214756161,23.40324276721465,4.193217883745272,38,1,30.0,0.45,20.0,1.0,25,1,200,0.002,100,10.0,1.0,0,31,0,0.7209302325581395,0.3823945028584379,-0.19571945370757693,2.006900235383495,0.021092665819054952,0.03699919999807289,0.11557972709041414,1.6939624006249678,0.8786027678461363,0.3779448894975979,0.4033396056223107,0.997594187798256,1.0309732389691264,1.1397034708059155,281.5511127922025
395,10395,10395,10395,07025ed,solver_extremeB_s2,1,1,1,success,60,8.34441365125581,18.052577616093505,10.486106930194557,54,1,30.0,0.45,20.0,1.0,25,1,200,0.002,100,10.0,1.0,0,43,0,0.7166666666666667,0.31908515148463323,-0.4741986524821299,2.375893093781296,0.023194276020550995,0.03905782200712229,0.059148876968286135,1.279185895901,1.0088991391200235,0.3325512448206079,0.5878728293546459,1.0169510852174315,0.9290621485085201,1.083292424480929,287.5324414319569
396,10396,10396,10396,07025ed,solver_extremeB_s2,1,1,1,success,48,16.2914037929933,16.660858560374127,13.667942755442851,43,1,30.0,0.45,20.0,1.0,25,1,200,0.002,100,10.0,1.0,0,32,0,0.6666666666666666,0.33611593630257475,-0.3607210241511345,-2.63030822648978,0.02043536813589217,0.031077062174826125,0.11481238094896681,1.8645208425151425,0.7736673803467253,0.31266748236592085,0.30055618505107295,1.0810511951727027,1.028221268182,1.0222221509593474,284.3821958553343
397,10397,10397,10397,07025ed,solver_extremeB_s2,1,1,1,success,49,22.670695989010337,11.383155335113136,5.23719733268878,44,1,30.0,0.45,20.0,1.0,25,1,200,0.002,100,10.0,1.0,0,35,0,0.7142857142857143,0.3210510647127885,-0.21654859075703237,2.6803182528681724,0.023826043171409274,0.03802738304438214,0.03150338384771707,1.3156433201399738,0.8522672360363157,0.35956766849219246,0.3328601209429889,0.9916531840484505,0.9484602271606378,1.0006856630102696,282.1967697125804
398,10398,10398,10398,07025ed,solver_extremeB_s2,1,1,1,success,55,26.902344362613736,27.872808530070124,5.316763739250266,48,1,30.0,0.45,20.0,1.0,25,1,200,0.002,100,10.0,1.0,0,34,0,0.6181818181818182,0.3728182547267983,-0.5375056874900734,0.92502363948861,0.021881230788024755,0.029927308848325864,0.07883133364449321,1.1507793521527394,0.9669180714666692,0.3423680217042022,0.38039276370078695,0.9891404060849374,0.9774421555886119,1.189964430322905,287.5269235724561
399,10399,10399,10399,07025ed,solver_extremeB_s2,1,1,1,success,61,31.17245528344237,15.971414209646266,7.11747270558687,52,1,30.0,0.45,20.0,1.0,25,1,200,0.002,100,10.0,1.0,0,49,0,0.8032786885245902,0.38068108973616926,-0.64578724041941,-1.1924451079295397,0.023489514834780387,0.036367806251228235,0.07066296452133311,1.7245139316928784,1.2946309603590742,0.3199767222555347,0.3562992820386532,1.031265135573683,1.051677398220326,1.0800190675552737,290.7408904306121
400,10400,10400,10400,07025ed,solver_extremeB_s2,1,1,1,success,66,14.6590116506376,29.600802237867846,3.2499431676535733,63,1,30.0,0.45,20.0,1.0,25,1,200,0.002,100,10.0,1.0,0,52,0,0.7878787878787878,0.34413986852449385,-0.23344931259898305,2.116585349807634,0.025237849899362615,0.039794881268630226,0.05881402071713425,1.3512930015383433,1.2740732819840495,0.3146289397566405,0.6468945650008,0.9929987754731256,0.9827880629984794,0.937252083201445,281.44854041850925
401,10401,10401,10401,07025ed,solver_extremeB_s2,1,1,1,success,59,12.474460534859203,12.127488098073032,14.341324969877917,50,1,30.0,0.45,20.0,1.0,25,1,200,0.002,100,10.0,1.0,0,39,0,0.6610169491525424,0.30288906024289974,-0.671312435390137,-1.4599270140365637,0.024983756182299515,0.0397640865852639,0.11501885124148889,1.31826106291672,1.041346577304871,0.33874230465858823,0.3084552116393058,1.0514634419100815,1.0143209062604959,1.0774306960816231,286.3891760794647
402,10402,10402,10402,07025ed,solver_extremeB_s2,1,1,1,success,51,23.762724959079407,31.744390583769487,6.707618218254275,46,1,30.0,0.45,20.0,1.0,25,1,200,0.002,100,10.0,1.0,0,37,0,0.7254901960784313,0.32977444977805176,-0.19688338510820258,-2.2028627547149906,0.02427395019904276,0.03511760390218539,0.03397451663449556,0.8123059465192788,1.3357067090985775,0.36215925980422964,0.23795456962894193,1.0359717751578095,0.9253483998465358,1.0782773313162892,281.2736937266145
403,10403,10403,10403,07025ed,solver_extremeB_s2,1,1,1,success,69,32.77166705557699,36.79002307218917,0.06957594597978566,66,1,30.0,0.45,20.0,1.0,25,1,200,0.002,100,10.0,1.0,0,51,0,0.7391304347826086,0.344601249283006,-0.6208589276526728,1.449818461019511,0.025658713792945147,0.03510011233320466,0.04996545757433353,1.712858299784533,0.6809118599632291,0.3272723022738178,0.6914035395647367,0.9675412189576503,1.0325583445349418,1.1610247385744379,292.42661032356347
404,10404,10404,10404,07025ed,solver_extremeB_s2,1,1,1,success,66,17.358270322593494,13.875442338664767,8.264775326042786,60,1,30.0,0.45,20.0,1.0,25,1,200,0.002,100,10.0,1.0,0,44,0,0.6666666666666666,0.3710044377144504,-0.42045512229370374,-2.9812549797397763,0.027361079034542733,0.03566242778121236,0.07680555145221786,1.2149762180577033,1.2015820586420078,0.35630572500652435,0.4791983527178428,1.057560981679623,1.0407945882142235,0.8943882326711572,287.4011880995641
405,10405,10405,10405,07025ed,solver_extremeB_s2,1,1,1,success,50,19.5808537162018,26.126399224807205,14.293695162483523,44,1,30.0,0.45,20.0,1.0,25,1,200,0.002,100,10.0,1.0,0,37,0,0.74,0.3086180235806268,-0.4199781695823354,-0.37258637596702826,0.027160127263395117,0.034330614099276034,0.06818800962966114,1.6357380521221108,0.7132154300888702,0.37686776425075746,0.2667718818266612,1.019088160449128,1.0804289759502974,1.0324639543519534,284.61043865551926
406,10406,10406,10406,07025ed,solver_extremeB_s2,1,1,1,success,69,34.10111637577133,27.983412522553785,14.922639835936742,61,1,30.0,0.45,20.0,1.0,25,1,200,0.002,100,10.0,1.0,0,45,0,0.6521739130434783,0.3236739624978283,-0.4842511083830772,1.4080809503793823,0.021156417190577217,0.037927802674978625,0.08773176324905875,1.9062690813081309,1.1983423977804641,0.37502693860590075,0.6854712810760619,1.0083445112951612,0.9486820840958924,0.947272661580242,290.44611833647133
407,10407,10407,10407,07025ed,solver_extremeB_s2,1,1,1,success,55,30.40256628130101,30.63582616338701,2.1811071143455676,50,1,30.0,0.45,20.0,1.0,25,1,200,0.002,100,10.0,1.0,0,44,0,0.8,0.3750772268207918,-0.46255528983588645,-0.44409894173660147,0.025624032050666448,0.037029086749487544,0.08391265345728988,1.9096285709712486,1.3909561205871943,0.3039322270629025,0.42792333975876,1.0538730727763583,1.070975295262259,0.7883104283666581,286.3197883277271
408,10408,10408,10408,07025ed,solver_extremeB_s2,1,1,1,success,69,19.058714473381098,35.281845648904614,1.8374220624466129,63,1,30.0,0.45,20.0,1.0,25,1,200,0.002,100,10.0,1.0,0,46,0,0.6666666666666666,0.30207580483851537,-0.41910468076311225,-0.43969204256801664,0.025508069924051968,0.030652241770546738,0.1171342757262764,1.3720448073992846,0.8097317216377252,0.34634159939991366,0.6688338263691053,1.0051175311539815,0.9895531526547048,1.1877244097153543,284.1090909550594
409,10409,10409,10409,07025ed,solver_extremeB_s2,1,1,1,success,55,7.588356395843036,6.700993967222704,12.586515930955297,46,1,30.0,0.45,20.0,1.0,25,1,200,0.002,100,10.0,1.0,0,32,0,0.5818181818181818,0.36781540903103105,-0.428002130601651,-0.9995855937210907,0.023213653817273916,0.03575900587957636,0.05017681929243392,1.584056432968465,0.9814920597449819,0.33720355116586115,0.1988256026802461,1.0785663200909656,1.0762230025654944,0.8772924578307592,284.7538075849401
410,10410,10410,10410,07025ed,solver_extremeB_s2,1,1,1,success,42,14.721215472535265,18.095871836350174,5.641470977384985,37,1,30.0,0.45,20.0,1.0,25,1,200,0.002,100,10.0,1.0,0,36,0,0.8571428571428571,0.3260224631752943,-0.22788933835771263,2.0772577127232745,0.022081440980876044,0.04020442289792447,0.10499545667199034,1.073515138542341,0.6369681423900382,0.35366428026988245,0.3882709800286104,1.085243673228119,1.1263059813958811,1.282764766328165,281.12707181962105
411,10411,10411,10411,07025ed,solver_extremeB_s2,0,1,0,timeout,200,173.98202189001847,nan,nan,-1,1,30.0,0.45,20.0,1.0,25,1,200,0.002,100,10.0,1.0,0,185,0,0.925,0.38982386726723534,-0.21353879438648404,0.4653226954372802,0.0224533370062417,0.030790647063974302,0.06407761675713353,1.3972649391892085,0.6568498928265193,0.3164353623861559,0.3241074259807763,0.960566316130992,1.055155844060058,0.9846700381056096,15.529257680065868
412,10412,10412,10412,07025ed,solver_extremeB_s2,1,1,1,success,49,17.603929373195186,13.279765447633112,6.955580749153322,44,1,30.0,0.45,20.0,1.0,25,1,200,0.002,100,10.0,1.0,0,38,0,0.7755102040816326,0.32067310535993104,-0.34004667853303944,2.8084346563808653,0.02418731113826071,0.031184649939732453,0.1095054214327306,1.1076779941879864,1.3162838200151366,0.3315563135026665,0.5453604899677035,0.9888713203432459,1.0486738301063254,1.0009650885322716,283.2018580556478
413,10413,10413,10413,07025ed,solver_extremeB_s2,1,1,1,success,45,7.2213516115075205,15.16086371961725,2.1709845833734103,41,1,30.0,0.45,20.0,1.0,25,1,200,0.002,100,10.0,1.0,0,26,0,0.5777777777777777,0.31282657788531043,-0.4845887276362939,-0.2374570204583728,0.02709872670821905,0.030028187054692724,0.0623828103398769,1.3036733515992487,1.1755643925297088,0.37210346463062205,0.19913937116145958,1.010935999351714,0.9597800920205802,1.241339294544996,280.9766599535211
414,10414,10414,10414,07025ed,solver_extremeB_s2,1,1,1,success,56,25.237502945503447,39.42978337894567,10.453305611146078,50,1,30.0,0.45,20.0,1.0,25,1,200,0.002,100,10.0,1.0,0,31,0,0.5535714285714286,0.32813852102727054,-0.6109195323977435,-0.3463966830054659,0.025087969392003567,0.03818440465635355,0.058741854920988046,1.4223746017977368,0.9604773880338255,0.3686666329158929,0.29680845947447054,0.9561227883102069,0.9784295864880891,0.9272420773047676,288.6425752208114
415,10415,10415,10415,07025ed,solver_extremeB_s2,1,1,1,success,59,5.621556815642417,10.218845466629444,9.584842369221425,50,1,30.0,0.45,20.0,1.0,25,1,200,0.002,100,10.0,1.0,0,40,0,0.6779661016949152,0.3051585967550164,-0.6195615767419302,1.0820874277995909,0.024608121650657504,0.03742326125722773,0.09520569131212228,1.5842812823454726,0.7905374272183787,0.35098575774820967,0.4857282085600812,1.05397222761181,1.008545207502655,1.013001820244067,286.4545955659771
416,10416,10416,10416,07025ed,solver_extremeB_s2,1,1,1,success,58,13.550291064025036,12.17258501761854,3.3521678529498655,52,1,30.0,0.45,20.0,1.0,25,1,200,0.002,100,10.0,1.0,0,38,0,0.6551724137931034,0.3413298176905384,-0.5848354124224223,2.9617595840495863,0.021073062442960217,0.030671073987510976,0.11620462336357017,1.0635270154204124,1.1868085223231133,0.3344441898580298,0.3557845081807375,0.9803356086194908,1.0697504666467545,1.2237935289409612,288.99451835676575
417,10417,10417,10417,07025ed,solver_extremeB_s2,1,1,1,success,48,12.308815535948352,19.448840435492997,11.880881089856933,42,1,30.0,0.45,20.0,1.0,25,1,200,0.002,100,10.0,1.0,3,38,0,0.7916666666666666,0.38489933834169265,-0.5298429977025523,-2.6523430375512334,0.022245846922982107,0.037882650148407235,0.06582236532216243,1.6026393319307437,0.8726897313564929,0.3210483957900576,0.2241214568233735,1.0954889359936562,1.02888715946626,1.0127107078997792,281.9578397364787
418,10418,10418,10418,07025ed,solver_extremeB_s2,1,1,1,success,61,3.519649246088285,13.733174797519824,10.570694082573501,56,1,30.0,0.45,20.0,1.0,25,1,200,0.002,100,10.0,1.0,0,43,0,0.7049180327868853,0.3371839222949172,-0.57455802982717,-0.8653084716889081,0.023085801970813797,0.035253200619512294,0.08208407610828572,1.0287414823745573,0.6186808818463265,0.34555442401523145,0.660486551503064,1.041958759058897,1.076613057643502,0.9210298138655646,290.9843259606599
419,10419,10419,10419,07025ed,solver_extremeB_s2,1,1,1,success,66,34.70637430404654,36.18703271440073,9.983327518029654,61,1,30.0,0.45,20.0,1.0,25,1,200,0.002,100,10.0,1.0,0,54,0,0.8181818181818182,0.3567815761891584,-0.6766396077390191,-1.5482702148297867,0.025488846790128823,0.03428132178151895,0.07628913703559498,1.4704632858152293,1.3891258412478065,0.31064149842518585,0.6905351468855523,1.0819059690674675,1.0850970588031006,1.0135747457017896,291.6757661204934
420,10420,10420,10420,07025ed,solver_extremeB_s2,1,1,1,success,44,4.967215879417166,10.360290832222608,9.227972557004986,38,1,30.0,0.45,20.0,1.0,25,1,200,0.002,100,10.0,1.0,0,32,0,0.7272727272727273,0.31204974644203093,-0.24184836961858275,-0.49204579214648136,0.022377063289212434,0.037214182261245204,0.0905482290933053,1.0209009245664662,1.1708625097593781,0.34794501207271966,0.3131421537382668,1.028302755784124,1.033728018955412,1.09464554553786,279.6633653628924
421,10421,10421,10421,07025ed,solver_extremeB_s2,1,1,1,success,50,13.628788672598974,12.212316051501759,4.959455074354192,43,1,30.0,0.45,20.0,1.0,25,1,200,0.002,100,10.0,1.0,0,32,0,0.64,0.3150881288076993,-0.26089102066279,-1.3103915849933163,0.0270217478044718,0.034967866998421034,0.04673834594755864,1.2095167906472328,1.2487957160276442,0.36457092337605046,0.4162581809301082,1.0957675408374103,1.02965281478443,1.0928733361774223,282.3976107433348
422,10422,10422,10422,07025ed,solver_extremeB_s2,1,1,1,success,62,32.883308252515285,22.705235574735102,8.304853166130082,55,1,30.0,0.45,20.0,1.0,25,1,200,0.002,100,10.0,1.0,0,46,0,0.7419354838709677,0.3638681898675352,-0.5642033742137735,1.619692435590009,0.027301920023786043,0.033202953237612125,0.11935205324600448,1.0250326543505635,0.985559997231441,0.31884275260564393,0.48356010657791215,1.0156460733816297,1.0314059701566494,1.1472544606751485,288.1069856855554
423,10423,10423,10423,07025ed,solver_extremeB_s2,0,1,0,timeout,200,149.70314846500247,nan,nan,-1,1,30.0,0.45,20.0,1.0,25,1,200,0.002,100,10.0,1.0,0,192,0,0.96,0.38166291018303633,-0.2337079247978996,0.6540539504798009,0.021278092453858463,0.03329222484476593,0.1172697656378587,1.161367561252213,0.7974036604799754,0.3660432834190819,0.3300354379027574,1.0472777273504932,1.0380197862084157,1.2103607343324936,19.946298887498738
424,10424,10424,10424,07025ed,solver_extremeB_s2,1,1,1,success,60,19.60359289673073,22.07016069765389,14.211891943412652,54,1,30.0,0.45,20.0,1.0,25,1,200,0.002,100,10.0,1.0,0,39,0,0.65,0.34569474388859106,-0.4771571853954931,-2.2143393430268437,0.02657247050095879,0.035623099315903135,0.061395133098194284,1.6418925797947503,0.9245424104000064,0.3496384616510824,0.5315935941213279,1.0292858214755791,1.0328333196641413,1.0465271998242087,288.62751054880073
425,10425,10425,10425,07025ed,solver_extremeB_s2,1,1,1,success,60,36.003465220623305,31.917372465152486,7.701607984173199,55,1,30.0,0.45,20.0,1.0,25,1,200,0.002,100,10.0,1.0,0,38,0,0.6333333333333333,0.31189840631277777,-0.6675182418788611,-1.0241940818848096,0.024834581986219604,0.03196433769707101,0.0936613251201201,1.4903545510213303,0.6465337361387217,0.3186212325621432,0.5152996753059262,1.0167945509440524,1.0961047124318841,1.0022527873331373,290.0764130199081
426,10426,10426,10426,07025ed,solver_extremeB_s2,1,1,1,success,53,25.61345639253482,15.753734472057038,0.31097825615814545,50,1,30.0,0.45,20.0,1.0,25,1,200,0.002,100,10.0,1.0,0,35,0,0.660377358490566,0.37488898670480153,-0.48041231466473433,0.26716359506886,0.026575021953813966,0.03479050456609973,0.09269704239110771,1.0981385503933327,1.1623737768036198,0.3307092976370231,0.17009381384296085,0.9937066583277822,1.0562270771254059,1.0149536900026566,284.0835513359812
427,10427,10427,10427,07025ed,solver_extremeB_s2,1,1,1,success,46,10.550165656651261,13.497355727507204,1.2528298274845764,41,1,30.0,0.45,20.0,1.0,25,1,200,0.002,100,10.0,1.0,0,22,0,0.4782608695652174,0.3054390567496225,-0.3963298931059239,1.5751080443887595,0.025689848556566232,0.03637676951391203,0.06284541520629422,1.2078815766870556,1.1597884236669258,0.34114474039766973,0.279394795554758,0.9498710963494348,0.9877745210157324,0.975402002053299,284.7047864234416
428,10428,10428,10428,07025ed,solver_extremeB_s2,1,1,1,success,49,15.501584690254127,12.46146002407393,0.08924232822686276,46,1,30.0,0.45,20.0,1.0,25,1,200,0.002,100,10.0,1.0,0,37,0,0.7551020408163265,0.30931197547801326,-0.25944010106445897,0.8215004220923507,0.027195568847813333,0.036443504953056476,0.03489762676907987,0.8062925942898743,0.7797868986472736,0.37157386873856024,0.3063084432963929,1.030596894779252,1.0784100448787308,1.0541951410441566,281.86216810493454
429,10429,10429,10429,07025ed,solver_extremeB_s2,1,1,1,success,59,35.59593457985667,35.75845359417847,21.16284707657484,52,1,30.0,0.45,20.0,1.0,25,1,200,0.002,100,10.0,1.0,0,48,0,0.8135593220338984,0.3790005371570649,-0.4890496182574041,-0.5106308087162339,0.020907707197626763,0.034259512842277316,0.05255041992081505,1.349978361747539,0.9234200684712541,0.38012194730015825,0.4088048808481765,1.0813106561389443,0.9692876840681348,1.142303389963683,287.45018448187534
430,10430,10430,10430,07025ed,solver_extremeB_s2,1,1,1,success,70,8.00535538925246,25.363877747396902,17.452448502956848,57,1,30.0,0.45,20.0,1.0,25,1,200,0.002,100,10.0,1.0,0,51,0,0.7285714285714285,0.3354652446284539,-0.3064581571248487,2.221285518434514,0.026659377405136953,0.03904788497206353,0.04915172232911568,1.3269381066397563,0.9032069777905098,0.3586486382476806,0.7095247356627993,1.0148621281996388,1.0521008971359607,0.9686425468701654,288.32432529562607
431,10431,10431,10431,07025ed,solver_extremeB_s2,1,1,1,success,67,20.518951029582468,26.073702533363942,13.344886906107089,56,1,30.0,0.45,20.0,1.0,25,1,200,0.002,100,10.0,1.0,0,50,0,0.746268656716418,0.3737180085003627,-0.6255555784027783,-1.588666159263827,0.022075847263342583,0.039637536508390823,0.08432765341899341,0.810505763162367,0.8432598756012877,0.38226233432706347,0.6364771205512267,1.0328047249745356,0.9897557028716244,0.7795780908914616,289.8366039105206
432,10432,10432,10432,07025ed,solver_extremeB_s2,1,1,1,success,56,28.170990131852243,33.71010777473723,20.291828980616955,51,1,30.0,0.45,20.0,1.0,25,1,200,0.002,100,10.0,1.0,0,42,0,0.75,0.36729912935176645,-0.3363899445690531,-2.9546181753562952,0.024575341649033383,0.035565603642261086,0.03435372245038979,1.3449661824100438,0.7803412141733079,0.3382930720786663,0.683060026345151,1.0697356050359266,0.9636240628268489,1.1211594228115598,289.00527794916684
433,10433,10433,10433,07025ed,solver_extremeB_s2,0,1,0,timeout,200,133.6201358017317,nan,nan,-1,1,30.0,0.45,20.0,1.0,25,1,200,0.002,100,10.0,1.0,0,188,0,0.94,0.3805394844217144,-0.30113502868850306,1.2213436135824898,0.025243430423256694,0.0304253680553991,0.048919703194330796,1.8552284357558955,0.7222101129832659,0.3670573670010323,0.23391104782298808,0.9872937049808297,1.0044899527463482,0.9057787382843088,23.389674845749017
434,10434,10434,10434,07025ed,solver_extremeB_s2,1,1,1,success,89,39.39613818847531,41.414809515565004,28.656829511371033,82,1,30.0,0.45,20.0,1.0,25,1,200,0.002,100,10.0,1.0,0,79,0,0.8876404494382022,0.3080838004354488,-0.6261672794643828,0.29442923676442634,0.024129270286315726,0.036095595688191644,0.05817194960107775,1.0866074957699983,1.3921580711677615,0.3493396365970639,0.36670465281755393,0.932865142304364,1.1235534495361286,1.0682730084521328,278.1708458491723
435,10435,10435,10435,07025ed,solver_extremeB_s2,1,1,1,success,62,17.946658339505028,27.942935019991726,17.240694511526204,44,1,30.0,0.45,20.0,1.0,25,1,200,0.002,100,10.0,1.0,0,46,0,0.7419354838709677,0.3198718179216745,-0.44728935611899023,-2.935612403989623,0.025754875303614283,0.039892084290402,0.07472726360772527,1.527677769753571,0.7477291218629087,0.30068441668933077,0.3663309853008089,1.0482249210794032,0.9572696187850045,1.0969384739994044,280.8963629034492
436,10436,10436,10436,07025ed,solver_extremeB_s2,1,1,1,success,47,13.72341177349468,11.153320204529534,2.766798444435809,42,1,30.0,0.45,20.0,1.0,25,1,200,0.002,100,10.0,1.0,0,30,0,0.6382978723404256,0.3553318876656145,-0.2513636836269313,0.19905849173863377,0.02412455544586158,0.031356374283646855,0.036940358990217366,1.9353130478092178,0.8507371318503502,0.35303553060284804,0.3373434913149641,1.064238567700284,1.05134865532029,0.9909832748257617,282.40512547447713
437,10437,10437,10437,07025ed,solver_extremeB_s2,1,1,1,success,74,33.22449157407894,22.14585005841236,12.403467043559989,60,1,30.0,0.45,20.0,1.0,25,1,200,0.002,100,10.0,1.0,0,52,0,0.7027027027027027,0.36136154942448057,-0.5497654304463078,-0.2583781036567103,0.02295761557690105,0.03496213147194925,0.05509263166466764,0.9984004487516199,1.0729906400783091,0.386873018546359,0.6658647984605494,0.979437383173666,1.003834810686716,0.8069856345637538,290.14441793059893
438,10438,10438,10438,07025ed,solver_extremeB_s2,1,1,1,success,58,12.486529985908488,14.985848769680809,14.54477585828297,41,1,30.0,0.45,20.0,1.0,25,1,200,0.002,100,10.0,1.0,0,42,0,0.7241379310344828,0.3807319116215061,-0.17851023252523535,0.9040812920814858,0.022913512223468734,0.039461090882477935,0.056261354094300914,1.5933998728845178,0.8144289347199767,0.3604102682075187,0.1755087695324926,0.984434380172672,0.9693558475646362,0.8807707254511851,274.7137338881496
439,10439,10439,10439,07025ed,solver_extremeB_s2,1,1,1,success,52,9.824252837537609,13.86123114351505,8.121299276234554,45,1,30.0,0.45,20.0,1.0,25,1,200,0.002,100,10.0,1.0,0,39,0,0.75,0.34115728672423895,-0.30883787793404566,2.044918645497326,0.02289065223805053,0.033398509549158115,0.047015091351104724,1.196165954290255,1.145162867551904,0.3481094244450331,0.49963043725720035,0.9969447219243845,0.9319705950764453,0.9529872599881886,283.46569535606284
440,10440,10440,10440,07025ed,solver_extremeB_s2,1,1,1,success,58,14.956483489632694,17.190635696822554,1.997846141723968,52,1,30.0,0.45,20.0,1.0,25,1,200,0.002,100,10.0,1.0,0,34,0,0.5862068965517241,0.34863791152406837,-0.4571128793176093,-2.1031478304488562,0.02699506569896019,0.037435299410392406,0.09461830362830186,1.90264059428649,0.6657881485474182,0.34300293178340974,0.5612763889097153,0.9758720399067501,1.064334338856187,1.232689631260964,287.0894536771745
441,10441,10441,10441,07025ed,solver_extremeB_s2,1,1,1,success,50,23.528222981102516,20.02529525123805,1.1695223436354674,46,1,30.0,0.45,20.0,1.0,25,1,200,0.002,100,10.0,1.0,0,27,0,0.54,0.3231278585425622,-0.4244789322429127,2.504561676158141,0.02251111967370237,0.030722340313584628,0.0828051121488315,1.1801388836076412,1.262084978192332,0.37006056978422097,0.22216449621202564,1.1036913136637139,1.0342054389763546,1.1640327816436054,282.47689801070516
442,10442,10442,10442,07025ed,solver_extremeB_s2,1,1,1,success,49,27.849502343070824,29.439224268113083,5.451405520711854,40,1,30.0,0.45,20.0,1.0,25,1,200,0.002,100,10.0,1.0,0,39,0,0.7959183673469388,0.3753243486817076,-0.4103550367458901,-1.393495817778886,0.02040596181682479,0.03824038808162618,0.056514096078787227,1.5210747517290835,1.2652321448255865,0.3665157280265221,0.2399247225113429,1.0923450241307473,0.9426840355343835,0.9311529209124365,281.72433185615444
443,10443,10443,10443,07025ed,solver_extremeB_s2,1,1,1,success,59,33.217044457382016,33.01853031910638,9.579581834348392,51,1,30.0,0.45,20.0,1.0,25,1,200,0.002,100,10.0,1.0,0,50,0,0.847457627118644,0.37155932101205763,-0.37513301988465564,1.2761583975582722,0.023287071266957268,0.03354543909502778,0.08515448989805387,1.6338386556267852,1.2867327950656384,0.3085546428609652,0.6931588292872762,1.035922200820884,1.025525940099708,1.078660805226415,283.9964945330426
444,10444,10444,10444,07025ed,solver_extremeB_s2,1,1,1,success,42,18.10694801733063,13.304217969081789,12.048361265620823,36,1,30.0,0.45,20.0,1.0,25,1,200,0.002,100,10.0,1.0,0,26,0,0.6190476190476191,0.38163872124817433,-0.19555320059328496,-2.97264733042105,0.02175666431628604,0.036718932540040564,0.04595084755785499,1.0819320918057467,0.7673854173162764,0.33037492934586643,0.19260876392903337,0.992926580585573,1.0383001173090454,1.094740181282325,280.4079176636584
445,10445,10445,10445,07025ed,solver_extremeB_s2,1,1,1,success,59,25.28159551222046,38.67571928128863,16.226045650401417,53,1,30.0,0.45,20.0,1.0,25,1,200,0.002,100,10.0,1.0,0,42,0,0.711864406779661,0.3060892971852397,-0.5561224429525646,-2.5321137287078277,0.024370396920979226,0.03812994246344557,0.110833713397441,1.8755318260894946,0.6825978190956201,0.30059272220860583,0.4781212134624119,1.1095449070594061,1.030791067252852,1.0906022457265419,286.096801919014
446,10446,10446,10446,07025ed,solver_extremeB_s2,1,1,1,success,61,25.30580130465564,11.394465653790727,12.803435609222205,53,1,30.0,0.45,20.0,1.0,25,1,200,0.002,100,10.0,1.0,0,49,0,0.8032786885245902,0.3727403134819745,-0.4332381004744614,-0.05401289680296051,0.0253666893670647,0.038933593874328536,0.04677855589543675,1.0886084805461365,0.9510772812275055,0.32847715910355824,0.5440136888885858,1.081791522825741,1.093344524255549,0.8686983590466896,285.8875661185455
447,10447,10447,10447,07025ed,solver_extremeB_s2,1,1,1,success,46,15.725004015989425,42.86863484168426,25.612831486553137,41,1,30.0,0.45,20.0,1.0,25,1,200,0.002,100,10.0,1.0,0,31,0,0.6739130434782609,0.33844102619984767,-0.4549316045120404,-2.820621615033061,0.022997722955139303,0.03784815582861816,0.08075814964602897,1.523671365531388,0.8383805755590537,0.3886225789813981,0.2694889308799849,1.1361295299615792,1.004543980666334,0.9773206198797886,281.6039421939019
448,10448,10448,10448,07025ed,solver_extremeB_s2,1,1,1,success,55,10.389333062454286,20.596696488138953,16.078674059790607,49,1,30.0,0.45,20.0,1.0,25,1,200,0.002,100,10.0,1.0,0,44,0,0.8,0.3747682453549141,-0.25842698208294035,1.7684909289086486,0.025673471469441725,0.0363425899104604,0.1152731632286098,1.5348066228257293,0.738097501424371,0.37718520407012235,0.6736941608056728,1.041252883426873,0.9335680653079262,1.1717992473795056,286.2112945556425
449,10449,10449,10449,07025ed,solver_extremeB_s2,1,1,1,success,50,4.369340738689811,4.991060793600421,8.428583063150361,44,1,30.0,0.45,20.0,1.0,25,1,200,0.002,100,10.0,1.0,0,43,0,0.86,0.3566055637989947,-0.3524918972265981,-1.601717307856321,0.024711129433255673,0.033316259927653996,0.08246528346624457,1.709708102762526,1.1693031465002206,0.36116352099277127,0.41922266546093884,1.0110061679722608,1.0463657662335086,0.9571958775438203,284.99659633685695
450,10450,10450,10450,07025ed,solver_extremeB_s2,1,1,1,success,64,11.682276529399308,33.57505229455557,15.015471879902668,52,1,30.0,0.45,20.0,1.0,25,1,200,0.002,100,10.0,1.0,0,48,0,0.75,0.33788467347097767,-0.4466937225652576,0.4950358687615033,0.021469272788570647,0.032163425425834814,0.03245038279193626,1.9369752070074127,0.6363323062341092,0.326449506816214,0.6503770322536927,1.0202471271040818,1.0121639129351416,0.8895341885062701,284.46975334129934
451,10451,10451,10451,07025ed,solver_extremeB_s2,1,1,1,success,52,19.83734491971381,23.079683061368073,5.396209488194824,44,1,30.0,0.45,20.0,1.0,25,1,200,0.002,100,10.0,1.0,0,36,0,0.6923076923076923,0.3542535102582881,-0.38477650042501427,2.8332403177657106,0.02741693516640639,0.0313694217716632,0.06505851801445459,0.8726158904922972,0.697047625690841,0.3385733363619841,0.2734299012246153,0.9807867092010627,0.9553935071860338,1.0336535739012505,286.87689459744524
452,10452,10452,10452,07025ed,solver_extremeB_s2,1,1,1,success,50,27.075828530642642,26.311628523548364,5.853584932304153,45,1,30.0,0.45,20.0,1.0,25,1,200,0.002,100,10.0,1.0,0,40,0,0.8,0.3503389149122621,-0.24144591269554355,0.6119581941058199,0.02183367916320352,0.03370804584436295,0.11211483411540714,0.8466859142076373,1.1028337739058829,0.3860155153330051,0.5655863770663662,1.1066443914897655,1.0524759475284646,1.2120812731837693,282.89943681683377
453,10453,10453,10453,07025ed,solver_extremeB_s2,1,1,1,success,56,15.515955754539933,19.84640658716116,9.405613091358799,49,1,30.0,0.45,20.0,1.0,25,1,200,0.002,100,10.0,1.0,0,38,0,0.6785714285714286,0.3621686506306182,-0.5546560009958442,0.2591336737261094,0.023938079637498215,0.039404760487207695,0.06429010408930064,0.9925425627679076,1.2533704511136143,0.31849703645029986,0.21445040811538552,0.928953542889845,0.9866794355589993,0.7728689621273594,284.63332072363966
454,10454,10454,10454,07025ed,solver_extremeB_s2,1,1,1,success,50,21.83189861183262,20.33348355203115,6.937704004578337,45,1,30.0,0.45,20.0,1.0,25,1,200,0.002,100,10.0,1.0,0,31,0,0.62,0.3648661860703358,-0.2919782819551958,3.0448445365013628,0.026609740137080794,0.03160023365332441,0.08572864870204691,1.600879536632207,0.7554638278355594,0.3636436554238785,0.37528450511590616,1.024817728107717,1.0978093135931515,1.060485228321804,283.6466592046221
455,10455,10455,10455,07025ed,solver_extremeB_s2,1,1,1,success,61,4.0245634125595044,4.225231182387488,1.39132023484538,52,1,30.0,0.45,20.0,1.0,25,1,200,0.002,100,10.0,1.0,0,35,0,0.5737704918032787,0.3397898484013169,-0.6581234321139847,-1.4884711703769409,0.020742106988848628,0.036425825103606056,0.05338987269803552,1.1214506563634994,1.1664209315230223,0.34453251253080774,0.19530752902558995,0.9980208773022372,0.9633059789361722,1.1619957454201302,287.3134847082618
456,10456,10456,10456,07025ed,solver_extremeB_s2,1,1,1,success,48,3.5742235957391957,8.263566681143756,7.999207266700064,42,1,30.0,0.45,20.0,1.0,25,1,200,0.002,100,10.0,1.0,0,37,0,0.7708333333333334,0.3342627412770228,-0.3377169138216493,-1.9386946844986248,0.02433302581962869,0.03488704638345432,0.05906282598470071,1.4595499128207519,1.1928996019364895,0.3749683795335853,0.3644082252084716,1.0434219324603777,1.0255285191908672,1.1077076168589761,282.0299485456758
457,10457,10457,10457,07025ed,solver_extremeB_s2,1,1,1,success,57,20.721544093648628,20.763770033192454,10.248030828957825,50,1,30.0,0.45,20.0,1.0,25,1,200,0.002,100,10.0,1.0,0,45,0,0.7894736842105263,0.35031594608219463,-0.38913967382889303,1.6197110037944036,0.023521079848818967,0.034134810434687156,0.08338521959414777,1.9742247274207796,0.6372182924410066,0.33282825868232635,0.689421051805715,0.9947992119173767,1.1001110680666657,1.1772147950183602,286.68051605021515
458,10458,10458,10458,07025ed,solver_extremeB_s2,1,1,1,success,51,11.244802373033771,27.106259258254592,19.83714046665416,45,1,30.0,0.45,20.0,1.0,25,1,200,0.002,100,10.0,1.0,0,31,0,0.6078431372549019,0.3159216899803038,-0.26050709528752647,-0.14148508254384762,0.020559122497260284,0.03584144941679231,0.11938127797079759,0.854531201342928,1.086222749261335,0.33247469253894124,0.5441509714617169,0.9720154409127354,1.1109917876846473,1.0040963338460274,285.1471413247526
459,10459,10459,10459,07025ed,solver_extremeB_s2,1,1,1,success,56,12.416788334003908,29.442151366654677,11.699954603310923,50,1,30.0,0.45,20.0,1.0,25,1,200,0.002,100,10.0,1.0,0,45,0,0.8035714285714286,0.3628514605079614,-0.2018575715934119,-2.9422590513518094,0.026234919962879993,0.03720279117877831,0.10490457408661799,1.2921426558487714,0.7601818169401856,0.35357190467460403,0.6526838865337198,1.0275948644150086,1.0359775017650759,1.0575593503891045,283.41378902029055
460,10460,10460,10460,07025ed,solver_extremeB_s2,1,1,1,success,56,14.009342945249687,12.029751479228803,7.201931549388902,52,1,30.0,0.45,20.0,1.0,25,1,200,0.002,100,10.0,1.0,0,41,0,0.7321428571428571,0.32321354334415126,-0.5798840339583521,2.1362638619260093,0.02610016656898794,0.03226634386091553,0.07454509032968963,1.6942220474154157,1.2862277182756283,0.3453069752823631,0.5132252219461251,1.0002899481274046,1.0400695549331633,0.8723756153890697,288.3236312508559
461,10461,10461,10461,07025ed,solver_extremeB_s2,1,1,1,success,54,26.71635156881339,21.42052605691033,3.4193765293708105,50,1,30.0,0.45,20.0,1.0,25,1,200,0.002,100,10.0,1.0,0,33,0,0.6111111111111112,0.34583168031487294,-0.6918677532100296,-1.3804595398234707,0.024921942171566628,0.03386576652861838,0.10796400703836825,0.9610660846095873,1.2370191167071503,0.3781864565989761,0.20977220572938332,1.0407413899912556,1.0805415000073066,1.0102528929474897,287.30720923989395
462,10462,10462,10462,07025ed,solver_extremeB_s2,1,1,1,success,50,15.845406255071113,32.50547263811476,2.2425995931402185,42,1,30.0,0.45,20.0,1.0,25,1,200,0.002,100,10.0,1.0,0,40,0,0.8,0.3845964937566115,-0.17858853821266085,-1.567160390940922,0.0260902197728101,0.03360746561311105,0.0633890192311021,1.3325258249111052,0.959138710166903,0.3345538280472923,0.4064851283591055,1.0381491421025255,0.9958916955246108,1.114540673183049,281.4659348052688
463,10463,10463,10463,07025ed,solver_extremeB_s2,1,1,1,success,51,8.522918833150094,8.249124636024847,3.7091750446155447,45,1,30.0,0.45,20.0,1.0,25,1,200,0.002,100,10.0,1.0,0,36,0,0.7058823529411765,0.314959520227394,-0.3046775639433623,-0.3169009714908917,0.022282893489150624,0.03763152362307405,0.07381257580952724,1.8659752127177138,0.8081657729429357,0.386422435908544,0.40486713764550397,1.0763367781129525,1.012711095274437,1.0885189515163174,283.0643861747471
464,10464,10464,10464,07025ed,solver_extremeB_s2,1,1,1,success,54,21.671005642692812,27.074739197600962,4.960210516729775,48,1,30.0,0.45,20.0,1.0,25,1,200,0.002,100,10.0,1.0,0,41,0,0.7592592592592593,0.3221345109608065,-0.3152049283094447,1.3151357030574022,0.027082726659046097,0.035757181822800785,0.07338090380197038,1.85512151702078,1.1772460284270547,0.3115483529998853,0.5086784085923729,0.9712633478923142,1.088495187221949,1.1418977145019613,286.2542759728809
465,10465,10465,10465,07025ed,solver_extremeB_s2,1,1,1,success,66,26.14716849830641,23.32066402287075,7.671967502634654,60,1,30.0,0.45,20.0,1.0,25,1,200,0.002,100,10.0,1.0,0,45,0,0.6818181818181818,0.3113495680437834,-0.6551946360546685,-2.608223423941705,0.022575984220745037,0.0353067776381805,0.059423866056041025,1.096983391098623,0.6798931918058623,0.3625294485839804,0.7249641842526181,0.9928798892956271,1.0511571172946195,0.9747951039449039,293.66085092057864
466,10466,10466,10466,07025ed,solver_extremeB_s2,1,1,1,success,45,31.74357121466779,31.846685557079127,0.7533636834982098,40,1,30.0,0.45,20.0,1.0,25,1,200,0.002,100,10.0,1.0,0,30,0,0.6666666666666666,0.3596665780540693,-0.3636793496816893,-0.0994707447179719,0.02177295882171291,0.036953285202853146,0.10808632317808262,1.123778923510805,1.2898375910686846,0.3533333167918529,0.3077936069886616,1.1159413105938591,1.0048732457897318,1.3734944156402975,282.06054939758974
467,10467,10467,10467,07025ed,solver_extremeB_s2,1,1,1,success,46,7.705655120010728,6.087834024153595,10.583741111391552,39,1,30.0,0.45,20.0,1.0,25,1,200,0.002,100,10.0,1.0,0,31,0,0.6739130434782609,0.325877132982062,-0.2920792313362902,-2.2729005540803953,0.02268639678480333,0.03805263576821415,0.08798721868773718,1.6046911140668496,1.068653909884031,0.36023589962364017,0.2353478019538359,1.106242407848864,1.1130356386724454,1.22465840481542,282.27300374296556
468,10468,10468,10468,07025ed,solver_extremeB_s2,1,1,1,success,44,18.65479593462719,25.918443396599073,7.332464988472412,36,1,30.0,0.45,20.0,1.0,25,1,200,0.002,100,10.0,1.0,0,31,0,0.7045454545454546,0.33302015148658265,-0.18124144443251322,-0.10563597614705023,0.024906408797009644,0.03167121167589507,0.05290268862910109,1.0532491433287223,1.0334319651162502,0.33935212680719024,0.27614779063833667,1.087365088572735,1.0856002925571748,1.062595618425105,280.20691475463
469,10469,10469,10469,07025ed,solver_extremeB_s2,1,1,1,success,59,29.51168202866231,24.63452399278669,12.097563251709817,54,1,30.0,0.45,20.0,1.0,25,1,200,0.002,100,10.0,1.0,0,47,0,0.7966101694915254,0.32779200256568614,-0.3458693381314186,2.711931669133067,0.026217562506840365,0.03122235043004601,0.07742781823154814,1.777330337201267,0.6942203788435481,0.38091051299077994,0.6515960762037702,1.0198690081767212,0.969796729063634,1.1622208614840477,291.39843053486914
470,10470,10470,10470,07025ed,solver_extremeB_s2,1,1,1,success,45,20.19376063036885,24.720489376652377,3.542819142232355,36,1,30.0,0.45,20.0,1.0,25,1,200,0.002,100,10.0,1.0,0,28,0,0.6222222222222222,0.36884406334160413,-0.20995965113127013,-2.4771060782972087,0.02379209425744048,0.03975562276822298,0.054032547399979945,1.598933719885347,1.2536027730586086,0.3309639340384505,0.49286716657269447,0.966397149650499,0.9747111483480163,1.147269296625783,280.39240896599813
471,10471,10471,10471,07025ed,solver_extremeB_s2,1,1,1,success,54,14.264612213187174,18.892464820244847,6.516400226238284,47,1,30.0,0.45,20.0,1.0,25,1,200,0.002,100,10.0,1.0,0,40,0,0.7407407407407407,0.3495751643168598,-0.3866990362931724,-1.7331933116735772,0.027101760789181115,0.03880062088916249,0.1147881273770766,1.0091785577689893,1.1305439692240715,0.376071160783768,0.2649592463707148,1.0097266031557433,0.9721951211347148,0.8197935089386423,285.79134377281616
472,10472,10472,10472,07025ed,solver_extremeB_s2,1,1,1,success,41,12.315250171359722,15.027638299674315,9.097537666574125,35,1,30.0,0.45,20.0,1.0,25,1,200,0.002,100,10.0,1.0,0,28,0,0.6829268292682927,0.31548408037637504,-0.17440144419092474,-1.9068929174367093,0.025906544900731326,0.03376966489576952,0.06987618274076374,1.5917872273081912,1.2976942336057042,0.3270860385244164,0.25449334080038233,1.0812030435844762,1.0201963261509766,1.1440698898004458,277.29408770709983
473,10473,10473,10473,07025ed,solver_extremeB_s2,1,1,1,success,52,33.66127232299301,34.78578690807612,2.312536530755074,46,1,30.0,0.45,20.0,1.0,25,1,200,0.002,100,10.0,1.0,0,37,0,0.7115384615384616,0.3022928260305253,-0.3629826629072911,-1.089963924593472,0.02529943596839596,0.03496793560818408,0.08719027058224213,1.4215755252505562,0.9210239232569796,0.316125831347915,0.5739945960954578,1.0067829627610159,1.1192567721126774,1.145338390839839,285.5623993745078
474,10474,10474,10474,07025ed,solver_extremeB_s2,1,1,1,success,55,7.972684069947821,24.869211220896265,10.794675421282657,47,1,30.0,0.45,20.0,1.0,25,1,200,0.002,100,10.0,1.0,0,41,0,0.7454545454545455,0.3709946029963829,-0.3233395080897378,1.8118126664342613,0.022486605418790096,0.030582478095143115,0.10091281732370382,1.6127275880101102,0.6439508453552534,0.33117529000128026,0.5658051380012383,1.031830869980354,1.086904648794158,1.2175926277026239,285.7061939673128
475,10475,10475,10475,07025ed,solver_extremeB_s2,1,1,1,success,48,31.05476304904534,28.874692891143525,14.966119443050275,34,1,30.0,0.45,20.0,1.0,25,1,200,0.002,100,10.0,1.0,0,37,0,0.7708333333333334,0.3440858458674463,-0.24741901491721563,-0.7620955989548679,0.020895429294287973,0.03959200730425608,0.0866427565105479,1.1718591686129631,1.0762744351212066,0.32535090519210513,0.4836706351257011,1.0049250209425489,1.0914458513984808,1.0413940045826489,279.98974383147595
476,10476,10476,10476,07025ed,solver_extremeB_s2,1,1,1,success,53,22.987337430384162,20.363871012652538,18.66236984481779,41,1,30.0,0.45,20.0,1.0,25,1,200,0.002,100,10.0,1.0,0,44,0,0.8301886792452831,0.3805127034023787,-0.4603821127095937,1.6797102436249363,0.023498093522444422,0.039035388282324536,0.08919776202129909,1.8402834582387007,0.7353158630898465,0.3238136628101977,0.20434941400422865,1.02835575771742,1.105014697372816,1.106840346218613,282.68202073600116
477,10477,10477,10477,07025ed,solver_extremeB_s2,1,1,1,success,50,6.3144056632138295,34.00448921489475,25.815812477399067,43,1,30.0,0.45,20.0,1.0,25,1,200,0.002,100,10.0,1.0,0,28,0,0.56,0.3064130075968704,-0.29369140042544,1.4111686010774775,0.026184789092236597,0.037956375652121135,0.07758866491179292,1.4433370201563092,1.132533826680769,0.3327221144001186,0.36702002624844055,0.9694961821253533,1.0122970723096363,1.0064975032238377,282.2912389135394
478,10478,10478,10478,07025ed,solver_extremeB_s2,1,1,1,success,58,28.435013233878163,33.89685009608382,5.682220810653153,50,1,30.0,0.45,20.0,1.0,25,1,200,0.002,100,10.0,1.0,0,40,0,0.6896551724137931,0.31247738844404177,-0.3494451810999852,2.9929372452497027,0.026963377128473492,0.03870672520799135,0.10933928704998289,1.7368573638868976,0.6656159617451137,0.35645273642377856,0.6721905616186334,1.079015644804455,1.1082419467636808,1.0863668631166339,271.67272713799105
479,10479,10479,10479,07025ed,solver_extremeB_s2,1,1,1,success,64,28.257211032389044,27.137193701085845,2.4028460878976428,59,1,30.0,0.45,20.0,1.0,25,1,200,0.002,100,10.0,1.0,0,44,0,0.6875,0.38407796958903395,-0.6127921186612343,-1.7906763956582514,0.022319610532393716,0.03254457936211431,0.06682188727713467,1.0080010345000938,0.7174008643321046,0.3424565519649981,0.5388248832701333,1.0619878562347116,0.9963247696021548,0.9837909043080315,291.5112897193318
480,10480,10480,10480,07025ed,solver_extremeB_s2,1,1,1,success,53,8.63816261038037,19.833103127984256,10.742080455144913,47,1,30.0,0.45,20.0,1.0,25,1,200,0.002,100,10.0,1.0,0,38,0,0.7169811320754716,0.31188646999820313,-0.6082941619397584,-0.49502891260258197,0.02567369764329334,0.0331042602260379,0.05545262255601248,1.9740882136365625,1.1933927688199155,0.38905003600240745,0.27848188518292666,1.0403997704703463,1.0974838745127151,1.2023238888677645,287.70229838173833
481,10481,10481,10481,07025ed,solver_extremeB_s2,1,1,1,success,54,16.55019778132975,15.453303351627277,7.1293001182791285,48,1,30.0,0.45,20.0,1.0,25,1,200,0.002,100,10.0,1.0,0,40,0,0.7407407407407407,0.3282011031689063,-0.5284132927074648,2.4641362534853624,0.024576312120162355,0.03445648842898838,0.09047449022212062,0.9817207510102569,0.619108199395425,0.314027647632662,0.33499016335087733,1.0026903709738442,1.0463085839361768,0.9757168016938758,287.0516407726735
482,10482,10482,10482,07025ed,solver_extremeB_s2,0,1,0,unsafe,84,326.18481427870574,nan,nan,-1,1,30.0,0.45,20.0,1.0,25,1,200,0.002,100,10.0,1.0,0,76,0,0.9047619047619048,0.31135745119860636,-0.6704189917022897,-1.7010697924168436,0.02734136241956106,0.03683193419470545,0.1191428697306648,1.627760687489163,1.180385611893851,0.3298555812996206,0.5370830672890572,1.0588119392645274,0.9782575985185309,0.8895217056632161,-27.58520770163814
483,10483,10483,10483,07025ed,solver_extremeB_s2,1,1,1,success,69,16.72335172661775,19.01822937708754,7.710180522383554,61,1,30.0,0.45,20.0,1.0,25,1,200,0.002,100,10.0,1.0,0,46,0,0.6666666666666666,0.3511308587541938,-0.6556532337926911,0.3637838474833619,0.024655114493693998,0.036855014853492726,0.03449096091944344,1.5510502721245238,1.1511862993516977,0.3423539730155838,0.5401872497380658,1.0158072262023568,1.0386803739290085,1.0576723792617129,292.6706360582949
484,10484,10484,10484,07025ed,solver_extremeB_s2,1,1,1,success,48,17.677917350576447,14.721372095219778,21.7810768194695,41,1,30.0,0.45,20.0,1.0,25,1,200,0.002,100,10.0,1.0,0,35,0,0.7291666666666666,0.30580584471162314,-0.32797489370536687,-2.7064094963037144,0.023902466453776663,0.03777057678666307,0.09626433718759304,1.9826380195685145,0.8516236118398982,0.32347662100963204,0.25499004004495296,0.9916275202972825,1.084427879406625,1.3506385359529056,281.23425650207287
485,10485,10485,10485,07025ed,solver_extremeB_s2,1,1,1,success,51,23.141167127302225,8.916630243963002,10.35020221780724,44,1,30.0,0.45,20.0,1.0,25,1,200,0.002,100,10.0,1.0,0,44,0,0.8627450980392157,0.37616025427780975,-0.27317118040749205,2.5347929093314177,0.021011093078771085,0.03268727504046575,0.06169725408443675,1.1915774786946098,0.606947003358752,0.3095238296362316,0.6822438284358119,1.1179388150361584,1.0411331083458115,1.03734947476442,280.09769455971616
486,10486,10486,10486,07025ed,solver_extremeB_s2,1,1,1,success,60,21.150374743938492,19.342709824729447,15.626045887348502,52,1,30.0,0.45,20.0,1.0,25,1,200,0.002,100,10.0,1.0,0,43,0,0.7166666666666667,0.3026628265027088,-0.6372011054709353,-2.539609559020599,0.025108535183728332,0.039668787014361516,0.09678209562520756,0.971023261434827,0.7790355783558351,0.37001706565378656,0.32163254602416874,0.9847605602790301,0.9993439619177408,0.9337069612066047,287.656356380097
487,10487,10487,10487,07025ed,solver_extremeB_s2,1,1,1,success,54,21.101194548855368,31.885074369154367,10.325211973716913,45,1,30.0,0.45,20.0,1.0,25,1,200,0.002,100,10.0,1.0,0,41,0,0.7592592592592593,0.3764392259444679,-0.2005985979119671,-2.257351322864334,0.02324490720177323,0.035120446087151085,0.04580664679213283,1.377491100287385,1.2834798143569672,0.3294192897166689,0.6060945746702734,1.0347233720759539,1.0661809418558423,1.0738400732987727,284.7541026467606
488,10488,10488,10488,07025ed,solver_extremeB_s2,1,1,1,success,188,10.913618155262814,11.397235027481859,7.746522265926431,183,1,30.0,0.45,20.0,1.0,25,1,200,0.002,100,10.0,1.0,0,177,0,0.9414893617021277,0.3305587984327345,-0.34738986959176965,-1.8011502130912993,0.024925834429644175,0.034612367567798924,0.058815783623556626,0.836099248294971,0.9279209045524627,0.3304747063343007,0.35449081989394066,0.9330388203917588,1.0342932029475798,0.9182465652580597,262.8346482056531
489,10489,10489,10489,07025ed,solver_extremeB_s2,1,1,1,success,53,38.6491097972508,28.208873008385204,10.1989178166048,41,1,30.0,0.45,20.0,1.0,25,1,200,0.002,100,10.0,1.0,0,33,0,0.6226415094339622,0.3655127914981906,-0.3483293302863328,0.14467749849404354,0.025550924054481484,0.037829003920435554,0.10672917895191684,1.1282186068868747,0.8800014086559614,0.3253699749252564,0.37494772760151607,1.0979316451026246,0.9916548367177442,0.8643183391719105,282.60642478155586
490,10490,10490,10490,07025ed,solver_extremeB_s2,1,1,1,success,62,17.982415717554154,15.821850597331089,9.176299393279974,54,1,30.0,0.45,20.0,1.0,25,1,200,0.002,100,10.0,1.0,0,48,0,0.7741935483870968,0.3648141375732097,-0.44138316991039145,-2.3103707958215716,0.021560420251894016,0.030051133885782143,0.08612175384314197,1.042062421747043,1.2704739937086593,0.3463297711001709,0.6792066361487402,0.9010863022584381,1.018907926478106,1.0428499512263423,288.6750215753426
491,10491,10491,10491,07025ed,solver_extremeB_s2,1,1,1,success,54,23.64034969115435,15.150107609912817,9.699670937813517,47,1,30.0,0.45,20.0,1.0,25,1,200,0.002,100,10.0,1.0,1,39,0,0.7222222222222222,0.3363659693389712,-0.18263109934894228,1.3105412359371549,0.025420515643651404,0.03955403459422125,0.06365579722461054,1.2103138681029741,0.8007409234131458,0.38714527016967587,0.4498403671091887,1.018202844951634,1.022663991273373,0.8470254760186724,282.4277168058759
492,10492,10492,10492,07025ed,solver_extremeB_s2,1,1,1,success,44,12.010393631260955,10.094717046883197,3.934065470598592,41,1,30.0,0.45,20.0,1.0,25,1,200,0.002,100,10.0,1.0,0,33,0,0.75,0.31669813043171896,-0.2839891442627243,1.948004299985862,0.024249057495131846,0.037090558001799535,0.05617161585613699,1.92833538348005,1.22382251433066,0.3787878167593034,0.20977526787964454,1.0232500080415363,1.002252094182653,1.042589511222604,280.7860021811569
493,10493,10493,10493,07025ed,solver_extremeB_s2,1,1,1,success,61,14.767011336774875,17.63107321736155,8.846263599094708,53,1,30.0,0.45,20.0,1.0,25,1,200,0.002,100,10.0,1.0,0,53,0,0.8688524590163934,0.3565431615446415,-0.4630028316281717,1.8977850948771016,0.022190993892256948,0.03358810593464144,0.038061291645069426,1.037484456853397,1.2377277335360342,0.32204225840335937,0.6487672416157501,1.0675403632047078,1.0412648419629913,1.1165391369315045,290.26129037128555
494,10494,10494,10494,07025ed,solver_extremeB_s2,1,1,1,success,51,5.384383492511904,9.55453157792156,3.6473616377673785,44,1,30.0,0.45,20.0,1.0,25,1,200,0.002,100,10.0,1.0,0,36,0,0.7058823529411765,0.3263761972792188,-0.5107191466751209,0.3801440528954103,0.023221563603228072,0.03049232461332738,0.06514826383241955,1.4170457954992663,0.9453569644256687,0.3310581771376671,0.1856819755241882,1.004067808663601,1.0183042413584968,1.0305393143473585,285.4330410294252
495,10495,10495,10495,07025ed,solver_extremeB_s2,1,1,1,success,62,24.96172253550276,23.475067945357015,13.2528207759945,56,1,30.0,0.45,20.0,1.0,25,1,200,0.002,100,10.0,1.0,0,39,0,0.6290322580645161,0.3470320482924061,-0.5946893301985552,-0.035998493989867875,0.02477145928125868,0.03216978382356035,0.089158402837303,0.8980508540984917,1.2953244953464373,0.38657983412220787,0.510064564357589,1.0493922125390696,1.0172378092702117,1.1330118327239647,290.55041804242535
496,10496,10496,10496,07025ed,solver_extremeB_s2,1,1,1,success,75,6.558940680752472,6.856406355259912,0.7321360040567055,72,1,30.0,0.45,20.0,1.0,25,1,200,0.002,100,10.0,1.0,0,49,0,0.6533333333333333,0.3099297323026666,-0.5647146558640164,1.9900689166329268,0.025710137312052364,0.03978259702519478,0.04488756052462726,1.0626231593145137,0.879867419586006,0.3553907923092188,0.4269993346586173,1.032890761737266,1.0080683444894043,0.9560174930191938,289.42041445976906
497,10497,10497,10497,07025ed,solver_extremeB_s2,1,1,1,success,42,8.551423706999376,23.912274811247766,14.390954737825984,37,1,30.0,0.45,20.0,1.0,25,1,200,0.002,100,10.0,1.0,0,32,0,0.7619047619047619,0.3254942807499783,-0.4921596019602974,-1.1785692738242564,0.023131507899042177,0.03555237213816298,0.11761822641816794,0.9293182175073988,1.05053072125059,0.36003483899045313,0.2040485948179433,1.086160351085388,1.1080839632717312,1.1048736677996,283.5401423899792
498,10498,10498,10498,07025ed,solver_extremeB_s2,1,1,1,success,60,30.27942064493477,13.908531590245559,11.943475298266076,48,1,30.0,0.45,20.0,1.0,25,1,200,0.002,100,10.0,1.0,0,43,0,0.7166666666666667,0.37688651576979104,-0.5486468097014965,2.7153099417839535,0.026890050501600753,0.039489464873898594,0.05209491244071496,1.1294439567147165,0.7885920152619619,0.3176852164745525,0.4170185098042416,1.0077220432023486,1.063102014118493,1.1706232782058177,292.4407451441849
499,10499,10499,10499,07025ed,solver_extremeB_s2,1,1,1,success,64,26.072486965149963,27.577924493530805,6.085972231208822,52,1,30.0,0.45,20.0,1.0,25,1,200,0.002,100,10.0,1.0,0,38,0,0.59375,0.36468289826229644,-0.38770059249288646,1.5209529929798506,0.021437367615932443,0.03909067707370113,0.03613245534710893,1.930955038434211,1.010872891620853,0.3616787370126907,0.5201036757510477,1.0409274270160416,1.0580771397370456,0.9067603681579692,284.8809654464024
500,10500,10500,10500,07025ed,solver_extremeB_s2,1,1,1,success,53,17.691223637993577,12.997691707054246,9.742976287958564,48,1,30.0,0.45,20.0,1.0,25,1,200,0.002,100,10.0,1.0,0,36,0,0.6792452830188679,0.36639190778039066,-0.3040461190589092,-1.3551663674577807,0.026804022937776395,0.033841372471636655,0.11885533344159131,1.5154255902562088,0.9863957743146279,0.3819205504163218,0.5096973515094968,1.0347906103060562,1.0052997628198503,1.1060565220009038,284.1450246474897
501,10501,10501,10501,07025ed,solver_extremeB_s2,1,1,1,success,57,17.069654083279136,20.353776623209512,5.597302473341593,46,1,30.0,0.45,20.0,1.0,25,1,200,0.002,100,10.0,1.0,0,42,0,0.7368421052631579,0.33825851551890757,-0.34754360889972985,2.23340503811934,0.022010976410411946,0.03400988157867132,0.11436170931559027,1.187825117075045,1.0685567452439475,0.3620822771483229,0.5337014214887298,1.0286633423343527,1.0010013568878349,1.0810759030742128,282.0991747651932
502,10502,10502,10502,07025ed,solver_extremeB_s2,1,1,1,success,49,14.508165031991542,12.49070668071883,1.1263788730439013,46,1,30.0,0.45,20.0,1.0,25,1,200,0.002,100,10.0,1.0,0,28,0,0.5714285714285714,0.30107729594591137,-0.43329872851267137,-2.135903371613121,0.025161601075286383,0.03550974322159803,0.06512936912786262,1.5982960556654033,1.3788319178965105,0.35887889497636033,0.20568906712726343,1.09695414868673,0.9634715072004946,0.8691359113253748,284.4311665565683
503,10503,10503,10503,07025ed,solver_extremeB_s2,1,1,1,success,47,1.5132254481711904,7.762549067681939,5.964667143560517,41,1,30.0,0.45,20.0,1.0,25,1,200,0.002,100,10.0,1.0,0,27,0,0.574468085106383,0.33613460838551235,-0.39343061267316426,-2.8539573995543743,0.026914435418499326,0.03509321306108379,0.053618382197074675,1.7681064065454142,0.8808846565338508,0.34541756051077316,0.18502605094367056,1.0084789340090736,0.9220978811691706,1.066260914727789,282.48504118094564
504,10504,10504,10504,07025ed,solver_extremeB_s2,1,1,1,success,58,25.34045255279317,24.553681210827648,3.5624066359828426,52,1,30.0,0.45,20.0,1.0,25,1,200,0.002,100,10.0,1.0,0,42,0,0.7241379310344828,0.332543066102979,-0.5576221234886997,-2.3647958606472814,0.025631773414472484,0.03006932274332153,0.05188685547852487,1.5236669591693448,0.6178647648264645,0.3227343069163971,0.5657113683143581,1.0079398895191896,1.0687687139577284,0.9875887926007147,288.2521314861925
505,10505,10505,10505,07025ed,solver_extremeB_s2,1,1,1,success,64,24.451791762155306,22.710922476363436,4.972124869550038,58,1,30.0,0.45,20.0,1.0,25,1,200,0.002,100,10.0,1.0,0,49,0,0.765625,0.38126412104156265,-0.5943712091016213,-2.546766589530117,0.0235596798795338,0.033433746493301456,0.08656835376653133,1.5057854330918214,0.7118343365134209,0.3821486482207995,0.3529155687457396,1.1239925462511517,1.0113609098549012,0.9175098791472157,290.9495797644647
506,10506,10506,10506,07025ed,solver_extremeB_s2,1,1,0,success,135,44.647905283507754,9.956448813668267,31.427405828979836,43,1,30.0,0.45,20.0,1.0,25,1,200,0.002,100,10.0,1.0,2,121,0,0.8962962962962963,0.3691891229672362,-0.5197387231005324,-0.4497955802437663,0.025711778341217444,0.03861745702510235,0.076290523551822,1.2514480698415538,0.9283179291636172,0.32505702349343885,0.2098622787756597,1.10911445292851,1.0903968376462871,1.1259709486763394,248.66034931886622
507,10507,10507,10507,07025ed,solver_extremeB_s2,1,1,1,success,57,36.01586206451023,45.76471359220204,7.007198630707226,52,1,30.0,0.45,20.0,1.0,25,1,200,0.002,100,10.0,1.0,0,45,0,0.7894736842105263,0.36484409054421957,-0.4894749425847373,-0.10998439172472141,0.02158466776664974,0.03499252193402052,0.03134087666663587,1.564520042390296,0.8304837622621003,0.30652946106242857,0.6917780830637711,1.0237165845038785,0.9258510997287478,1.0787174234644101,288.25589853487656
508,10508,10508,10508,07025ed,solver_extremeB_s2,1,1,1,success,71,18.54838259140516,17.135452198033885,10.335052903568714,62,1,30.0,0.45,20.0,1.0,25,1,200,0.002,100,10.0,1.0,0,45,0,0.6338028169014085,0.3129013178126608,-0.46704694040897504,-2.200524033533828,0.025663937033641348,0.037489299028185596,0.03699546110206778,1.6097590370135695,0.79694780145176,0.37985200128753394,0.6506639159621322,1.0926091941740812,1.0219908968523013,1.0216963120722582,288.01493415185246
509,10509,10509,10509,07025ed,solver_extremeB_s2,1,1,1,success,53,9.360308761205806,22.777400207242994,10.558615944124593,48,1,30.0,0.45,20.0,1.0,25,1,200,0.002,100,10.0,1.0,0,42,0,0.7924528301886793,0.349501862207384,-0.27047486119893877,1.4346544500837553,0.025307114799647045,0.03147437147066762,0.1003089692910901,1.9565178131655558,0.8179146731624499,0.3268750737141404,0.6531151650303647,0.9662340182387411,1.0163575853180384,1.191773435672737,284.30841208029534
510,10510,10510,10510,07025ed,solver_extremeB_s2,1,1,1,success,51,20.549745200424283,14.62665024337946,5.492404520693646,46,1,30.0,0.45,20.0,1.0,25,1,200,0.002,100,10.0,1.0,0,38,0,0.7450980392156863,0.335271405211117,-0.25795027826309336,0.17012817648670264,0.024167206634175036,0.034012583427710553,0.09806077281006441,1.3138447422448325,0.997527857564551,0.3623883269334632,0.6001733202109591,1.127845742465216,1.0481709356076194,0.711298507839124,282.94085598678305
511,10511,10511,10511,07025ed,solver_extremeB_s2,1,1,1,success,53,27.588119278668664,40.72237487846686,8.543408036584982,42,1,30.0,0.45,20.0,1.0,25,1,200,0.002,100,10.0,1.0,0,39,0,0.7358490566037735,0.3703577396219846,-0.2630424885546781,-0.04375609614040421,0.02077284942270417,0.030566102604935207,0.09944654247313169,1.4798407497028236,1.2717093205786936,0.3109776645345349,0.5851965888740697,1.0394493424851867,1.0080642508296607,1.0091607089226688,283.8827433233322
512,10512,10512,10512,07025ed,solver_extremeB_s2,0,0,0,timeout,200,168.1082526446354,nan,nan,-1,1,30.0,0.45,20.0,1.0,25,1,200,0.002,100,10.0,1.0,0,192,0,0.96,0.3822194034197849,-0.1824178007083248,-1.7931932221039317,0.021596052203864593,0.0360550015076077,0.07795767178822104,1.1458559357909175,1.3563552409606514,0.32675694125305393,0.2145628345660226,0.9499947212025823,1.0163614646339976,0.9812102229723538,-5.958647922302873
513,10513,10513,10513,07025ed,solver_extremeB_s2,1,1,1,success,56,9.287554101404112,27.37677129331762,18.90945448860315,50,1,30.0,0.45,20.0,1.0,25,1,200,0.002,100,10.0,1.0,0,42,0,0.75,0.3658439340489021,-0.4530026842253456,2.7518202380319163,0.020479100602423004,0.03014022276862963,0.11723653057249879,0.8522334007443673,0.8221712896582796,0.3586156553014081,0.44453648214006847,0.9544918974134163,1.068656979328513,1.1657220650956481,288.0784225594601
514,10514,10514,10514,07025ed,solver_extremeB_s2,1,1,1,success,47,9.241093338676167,12.767945424019512,10.053101825259716,41,1,30.0,0.45,20.0,1.0,25,1,200,0.002,100,10.0,1.0,0,33,0,0.7021276595744681,0.3332128351241655,-0.32727259846000073,0.005640940900007774,0.022493202063843493,0.038563216330285255,0.08442589038998558,0.8316682553810881,1.3600792762109102,0.3385789159008674,0.2557260837145287,1.0583263059521626,1.0291075346685405,1.2300633613414327,281.7488066684555
515,10515,10515,10515,07025ed,solver_extremeB_s2,1,1,1,success,60,22.643968258092848,29.566897807047575,1.8658979832099523,56,1,30.0,0.45,20.0,1.0,25,1,200,0.002,100,10.0,1.0,0,47,0,0.7833333333333333,0.31930278857340316,-0.25031119220312487,1.9499549311705264,0.027455546386414866,0.037661345147494606,0.058168939718324854,0.8359601537997008,1.1539826364179282,0.326801536711982,0.7238564076120325,1.064307918789899,1.0695087386477442,0.935196156343463,285.6474249122473
516,10516,10516,10516,07025ed,solver_extremeB_s2,1,1,1,success,65,39.33567640662144,23.444643286447473,32.30293950479706,53,1,30.0,0.45,20.0,1.0,25,1,200,0.002,100,10.0,1.0,0,50,0,0.7692307692307693,0.34221494868634544,-0.6144653480754513,-0.09063108113826468,0.024647245132480046,0.03794547187435438,0.08807715190587828,1.7212783629508843,1.0634618972997862,0.31706911551142386,0.5491635423754713,0.9673880776125197,1.0080146079077865,1.0941613324063213,288.9599413079635
517,10517,10517,10517,07025ed,solver_extremeB_s2,0,0,0,unsafe,20,367.96107130418943,nan,nan,-1,1,30.0,0.45,20.0,1.0,25,1,200,0.002,100,10.0,1.0,0,12,0,0.6,0.32864696876871374,-0.4222367305324056,0.042560501438459575,0.02652218622880854,0.033474824407286975,0.09304966568285725,0.8210435346164974,0.8067309549275715,0.3543789122900832,0.6765093347113755,1.1224136870523531,0.994156329292056,1.239812019796604,-40.28723626838557
518,10518,10518,10518,07025ed,solver_extremeB_s2,1,1,1,success,62,7.470979471447922,11.274628092034886,4.7371554216328455,57,1,30.0,0.45,20.0,1.0,25,1,200,0.002,100,10.0,1.0,0,39,0,0.6290322580645161,0.3404103577437043,-0.517698316351042,3.125547202072039,0.025983645621335497,0.03382124193419982,0.055508875429780107,1.5447138531448803,0.7402020182965484,0.36875666057720896,0.4881370822779973,1.0944560176867946,1.100077944612254,1.2567725650266792,290.47007982430466
519,10519,10519,10519,07025ed,solver_extremeB_s2,1,1,1,success,48,25.22053671151381,17.457007080192525,28.490011162861155,41,1,30.0,0.45,20.0,1.0,25,1,200,0.002,100,10.0,1.0,0,38,0,0.7916666666666666,0.31587389849869724,-0.5225079114214463,-1.8173849529242445,0.02061903441164929,0.03769623493405433,0.05807991606947706,1.9570583144133373,0.7958253388776653,0.3225927402492956,0.3324801649474536,1.0200782856515185,1.061412134328672,0.8915327267859064,284.1118064569483
520,10520,10520,10520,07025ed,solver_extremeB_s2,1,1,1,success,53,6.367383483806885,7.007986000930726,1.0009631554104617,48,1,30.0,0.45,20.0,1.0,25,1,200,0.002,100,10.0,1.0,0,38,0,0.7169811320754716,0.3016959298808692,-0.6058526874627722,0.7611837492106677,0.025720901625341328,0.03714110171429516,0.0577709068809692,1.7146571984536072,0.7346060541744566,0.3714197728929636,0.379382822631108,0.9782024999284712,1.063944650750858,1.0856470986295146,286.2576487103619
521,10521,10521,10521,07025ed,solver_extremeB_s2,1,1,1,success,66,16.428267428678875,37.02051857681547,13.175334515881916,50,1,30.0,0.45,20.0,1.0,25,1,200,0.002,100,10.0,1.0,0,44,0,0.6666666666666666,0.37724423534873736,-0.38015321373130656,-2.245742260547926,0.02564031165458525,0.03588443246128122,0.054790434808253095,1.8993785704035235,1.2147415030695354,0.31466713374253,0.6151991862234829,0.9759096300133235,1.0651846749544345,1.0028069123345837,284.9408148340718
522,10522,10522,10522,07025ed,solver_extremeB_s2,1,1,1,success,64,2.7045936607956285,21.780396687279822,20.162925050427543,54,1,30.0,0.45,20.0,1.0,25,1,200,0.002,100,10.0,1.0,0,39,0,0.609375,0.3497425402794855,-0.5665590765364448,-0.8352416941872716,0.024533378035048486,0.031702454468482966,0.08070258416056922,1.636367682645547,1.2354970084562484,0.30722385963021254,0.6699392357007655,1.0733159501121814,1.0540971218499666,1.1251254526660066,290.5719902069918
523,10523,10523,10523,07025ed,solver_extremeB_s2,1,1,1,success,56,12.430494872272156,19.463488591688378,15.3729869262272,49,1,30.0,0.45,20.0,1.0,25,1,200,0.002,100,10.0,1.0,0,42,0,0.75,0.3045053286006068,-0.43077683935987354,0.3222723133444827,0.021133038301193743,0.029882904698121496,0.03694494635849911,1.2211298700894155,0.7878494693205176,0.3210782428134631,0.6078628958455405,0.9902841016060844,1.110182758844251,1.0499850341300638,285.2514987886765
524,10524,10524,10524,07025ed,solver_extremeB_s2,1,1,1,success,60,15.936466637660299,9.267509763646471,8.563865075378782,40,1,30.0,0.45,20.0,1.0,25,1,200,0.002,100,10.0,1.0,1,38,0,0.6333333333333333,0.34760256887209084,-0.18724908471076918,-1.9147499346490855,0.02097171922051395,0.04000809613212935,0.07103490260833592,1.6411431181732263,0.7776896606095485,0.35391195645727624,0.24221478584559564,1.0191490301921284,1.028255887344923,1.1612665315009643,277.89160416229146
525,10525,10525,10525,07025ed,solver_extremeB_s2,1,1,1,success,52,13.17748564113891,19.15154743864774,5.557220272365855,43,1,30.0,0.45,20.0,1.0,25,1,200,0.002,100,10.0,1.0,0,37,0,0.7115384615384616,0.32379343004792466,-0.5429290968246716,0.12444688189655828,0.02620873370526153,0.0364603875473281,0.031945224321445836,1.3074914431158313,1.197821473954067,0.3785459165651094,0.19995746510075924,1.0437092547269446,1.0184327941060487,1.009855537295667,284.9436031869732
526,10526,10526,10526,07025ed,solver_extremeB_s2,1,1,1,success,61,19.895862270299144,13.682955642482556,14.629643109167267,53,1,30.0,0.45,20.0,1.0,25,1,200,0.002,100,10.0,1.0,0,42,0,0.6885245901639344,0.31398927172701135,-0.6284374354753728,-0.2522514734651047,0.026349396372716546,0.031900044227739045,0.08211430117672831,1.2517918577321865,0.6326901723505085,0.3113635008880662,0.6761198274300514,1.0772139148196573,0.9725023325997798,0.9373745044015152,290.00883617171047
527,10527,10527,10527,07025ed,solver_extremeB_s2,1,1,1,success,60,20.623337798040982,20.059021467552604,4.285758937933466,53,1,30.0,0.45,20.0,1.0,25,1,200,0.002,100,10.0,1.0,0,48,0,0.8,0.33417983563046194,-0.5191120168376026,0.2668984214451502,0.025278948001816452,0.030481099288653935,0.08424279913127006,1.5949948754705945,0.6368950256299563,0.3465143439260602,0.5311264592336171,0.9852452573458851,0.9688117130065086,1.0521474542186064,289.00689109884115
528,10528,10528,10528,07025ed,solver_extremeB_s2,1,1,1,success,59,17.12924128726113,17.236962982481863,0.06307765262829883,56,1,30.0,0.45,20.0,1.0,25,1,200,0.002,100,10.0,1.0,0,40,0,0.6779661016949152,0.3449982478442942,-0.35704532656276633,-2.5803385355052164,0.027473243047141365,0.03241431240364973,0.058559472441746016,1.959479315858138,0.7603648875692647,0.34635674074577205,0.5071404510541183,0.9875056993121334,0.9640823478561845,0.965490456274928,286.0963277582665
529,10529,10529,10529,07025ed,solver_extremeB_s2,1,1,1,success,54,20.02299708810188,26.128902288190282,5.282897197279313,47,1,30.0,0.45,20.0,1.0,25,1,200,0.002,100,10.0,1.0,0,47,0,0.8703703703703703,0.3123349526882871,-0.36156777423842745,-0.6542973771447427,0.023267186043605646,0.03756471886527713,0.04080237824538612,1.0548799798811097,1.396652223071951,0.3168609915859886,0.6180607373254081,0.9707634533043306,1.0050479472165044,0.8208691765319933,286.2976686152548
530,10530,10530,10530,07025ed,solver_extremeB_s2,0,0,0,unsafe,32,305.32439650058427,nan,nan,-1,1,30.0,0.45,20.0,1.0,25,1,200,0.002,100,10.0,1.0,0,24,0,0.75,0.3698869493568627,-0.5372115255232868,0.3644111862136872,0.027535306324457227,0.036140617882027236,0.10113734032413901,1.804127347149053,1.375115728834429,0.3217573104571772,0.3738800522275774,1.0340604585563544,1.031194085989266,0.7848141336357635,-41.23408502123317
531,10531,10531,10531,07025ed,solver_extremeB_s2,1,1,1,success,46,24.01991096515281,19.227583066039777,6.268529816750598,39,1,30.0,0.45,20.0,1.0,25,1,200,0.002,100,10.0,1.0,0,38,0,0.8260869565217391,0.37874490345328066,-0.27020676761529444,2.3040228761484167,0.022885951834920162,0.03465114375311557,0.044578212087133806,0.8380292083302685,0.731087317940589,0.3420346998882215,0.3662474423567579,0.9758915591619725,1.0840895543745583,0.88799769045019,282.54454607233185
532,10532,10532,10532,07025ed,solver_extremeB_s2,1,1,1,success,61,19.640494957980323,16.7189501882703,7.4175710275200855,53,1,30.0,0.45,20.0,1.0,25,1,200,0.002,100,10.0,1.0,0,45,0,0.7377049180327869,0.3864221126611056,-0.5767252591124385,-0.7262866328529727,0.02212332882823944,0.039643777192200885,0.0731484518653768,1.930633671528299,1.180255125728864,0.33539123887208167,0.3830790055562295,1.0367015070044867,0.9676152049253387,1.0593379957359819,290.23679564471007
533,10533,10533,10533,07025ed,solver_extremeB_s2,1,1,1,success,72,15.103387035289135,25.531180498421676,4.503096759915558,63,1,30.0,0.45,20.0,1.0,25,1,200,0.002,100,10.0,1.0,0,53,0,0.7361111111111112,0.38351487989241156,-0.3191299243525851,1.0595538402034679,0.02709698542225337,0.040165701918905346,0.05484111460665618,1.511148850982016,1.08715533430797,0.3311495975055596,0.3911780014957199,1.0112376218409587,1.0838028973363953,0.862314793614399,279.9480853181833
534,10534,10534,10534,07025ed,solver_extremeB_s2,1,1,1,success,53,16.808863737278557,21.606875229898073,1.7229018445129567,48,1,30.0,0.45,20.0,1.0,25,1,200,0.002,100,10.0,1.0,0,45,0,0.8490566037735849,0.3776478326668682,-0.5365176169907389,-2.7597842298055086,0.02411010469254065,0.03035172994033075,0.10636823639816162,1.893605655926974,0.8429397938303417,0.3701924990524357,0.3492930666573883,1.0248295192287837,1.001593828663287,1.1057450639132638,287.5353105348413
535,10535,10535,10535,07025ed,solver_extremeB_s2,1,1,1,success,57,28.637081666705914,32.56537380123074,11.917363923706002,51,1,30.0,0.45,20.0,1.0,25,1,200,0.002,100,10.0,1.0,0,39,0,0.6842105263157895,0.3280741453000042,-0.3435423347607432,1.4571733364802375,0.02601889723451036,0.029767031516132404,0.06994887102689856,1.1124731473076834,0.8851041411309982,0.3306663384718816,0.6138156573194781,1.0082187177609703,1.048093171209641,1.0637885615907225,289.80559718239135
536,10536,10536,10536,07025ed,solver_extremeB_s2,1,1,1,success,55,1.0929868103779632,8.2143706296734,9.813199018720697,49,1,30.0,0.45,20.0,1.0,25,1,200,0.002,100,10.0,1.0,0,33,0,0.6,0.3169525642652856,-0.5295675192844991,2.3952882293853106,0.021447735909839817,0.034802209407853155,0.09560327537612233,1.581742548262099,0.7171478053706227,0.3886138731784361,0.19922219275937728,1.0636607288002478,0.955494266352278,1.029736263277738,287.1872833009733
537,10537,10537,10537,07025ed,solver_extremeB_s2,1,1,1,success,58,17.20897902123126,32.82410254831987,36.3121829193306,51,1,30.0,0.45,20.0,1.0,25,1,200,0.002,100,10.0,1.0,0,47,0,0.8103448275862069,0.3880557769698315,-0.7008706887277409,1.7330731155961514,0.02584687067553525,0.03246928277322787,0.0813117030395302,1.9570930567164897,0.9246911898148973,0.3058849510505812,0.2826242485760192,0.9813272279203706,1.036219434340515,1.0918569832628773,287.72491737441464
538,10538,10538,10538,07025ed,solver_extremeB_s2,1,1,1,success,51,6.035758859448479,19.68526357039585,13.874541023210295,43,1,30.0,0.45,20.0,1.0,25,1,200,0.002,100,10.0,1.0,0,41,0,0.803921568627451,0.37314426209518253,-0.2264583303798806,-0.27876179321416084,0.025451619918019835,0.03843344134288138,0.07215064930563006,1.763840127836973,0.9251036293063007,0.3615356209694078,0.40241248402147206,0.9938962888793387,1.0315512909556488,1.1996252658230595,280.52163924601416
539,10539,10539,10539,07025ed,solver_extremeB_s2,1,1,1,success,41,4.258501128024646,4.6347167100953595,6.273905231720428,36,1,30.0,0.45,20.0,1.0,25,1,200,0.002,100,10.0,1.0,0,28,0,0.6829268292682927,0.3458010882095556,-0.3765112439040799,3.041470499743557,0.025451414175379623,0.030590313059448787,0.07101759293876955,1.9943340280565145,0.9082802161613834,0.3479374988896923,0.1777167072914012,1.0257840008307832,1.0645194138421856,0.9975445653845486,280.5143233179596
540,10540,10540,10540,07025ed,solver_extremeB_s2,1,1,1,success,60,22.3155876470669,27.53705244225543,0.6678767953801431,57,1,30.0,0.45,20.0,1.0,25,1,200,0.002,100,10.0,1.0,0,40,0,0.6666666666666666,0.3396916752970183,-0.45432116048610094,-1.6962938046934704,0.025612441161240562,0.0323388515939485,0.04459311807175068,1.330778894214645,1.309281564457701,0.32329674469025577,0.6577275904537222,1.0725281630480283,1.034638712056983,1.08918156863664,289.22204054062104
541,10541,10541,10541,07025ed,solver_extremeB_s2,1,1,1,success,54,22.620429793000685,16.05523092496192,11.932573837909064,45,1,30.0,0.45,20.0,1.0,25,1,200,0.002,100,10.0,1.0,0,46,0,0.8518518518518519,0.36407897419939733,-0.634931483243203,-1.2596776085590924,0.022542752296079993,0.03985544196294685,0.08935766835309547,1.5055213503196385,1.1989241509433157,0.3118687008289078,0.1810004142165143,1.0668834932973166,1.01755433716746,0.9833923064829231,286.04973419199194
542,10542,10542,10542,07025ed,solver_extremeB_s2,1,1,1,success,57,14.486370178737005,28.14649961458387,8.035322870650285,48,1,30.0,0.45,20.0,1.0,25,1,200,0.002,100,10.0,1.0,0,44,0,0.7719298245614035,0.3075834908426024,-0.6046729843221275,1.0816260604683254,0.022047827809650755,0.03968524587830844,0.1186299045139439,1.2489918593328646,0.8334163065428917,0.31310375369592625,0.24760945358881054,1.0934627754885065,1.0040473610772727,0.9459222464025142,283.5839420742725
543,10543,10543,10543,07025ed,solver_extremeB_s2,1,1,1,success,55,32.514787621714866,31.244969951088375,16.590478737258376,49,1,30.0,0.45,20.0,1.0,25,1,200,0.002,100,10.0,1.0,0,40,0,0.7272727272727273,0.34037418730265045,-0.605482827664384,-1.8947520561320397,0.025169674331317598,0.03643999603971577,0.06369910569753487,0.9230651270532729,1.0147015251470395,0.34083362869914213,0.41248978680715603,0.980044023573269,0.9570499832996447,1.044799423907397,285.4401975850743
544,10544,10544,10544,07025ed,solver_extremeB_s2,1,1,1,success,51,28.488350525252457,27.629757937142003,6.862130685940012,44,1,30.0,0.45,20.0,1.0,25,1,200,0.002,100,10.0,1.0,0,41,0,0.803921568627451,0.36262160500372853,-0.48796174293079764,0.5983042440122204,0.022561003345406196,0.034662639639865045,0.11545055463431896,1.563879280617536,0.6511903345765725,0.37935359822191633,0.36648538179930434,0.9723326694485852,1.1012474637632008,1.0614211477641122,284.7914286457757
545,10545,10545,10545,07025ed,solver_extremeB_s2,1,1,1,success,60,13.748157508660164,25.247821606670193,5.912441901991262,53,1,30.0,0.45,20.0,1.0,25,1,200,0.002,100,10.0,1.0,0,50,0,0.8333333333333334,0.3700143636035296,-0.6091613236464608,-3.001849762964506,0.021913103241654977,0.03575577365806822,0.03695539845403991,0.8494842779365808,0.6908687300096347,0.36042946582118507,0.5077948026625232,1.0689870405354371,0.9874252218499561,0.8894712515230967,289.01081936764734
546,10546,10546,10546,07025ed,solver_extremeB_s2,1,1,1,success,57,34.21117240191556,34.297781664669095,5.706467221398689,45,1,30.0,0.45,20.0,1.0,25,1,200,0.002,100,10.0,1.0,0,47,0,0.8245614035087719,0.3771220698239607,-0.220628907680543,-3.079000606082075,0.021837326693958912,0.03847244359458284,0.09763243624849237,0.9397951816845135,1.1334210232596047,0.33280143076052027,0.6799267120498034,1.0420846700158954,0.978052137836632,1.1201719926995688,285.3628717983503
547,10547,10547,10547,07025ed,solver_extremeB_s2,1,1,1,success,56,23.605915193281184,7.755044209386096,9.183932471887484,52,1,30.0,0.45,20.0,1.0,25,1,200,0.002,100,10.0,1.0,0,46,0,0.8214285714285714,0.35721821100101914,-0.24702411665453355,-0.15470626698442702,0.026375039006118733,0.03956539207798465,0.07532640863677276,0.8724555870149219,0.6834546022549942,0.38101718419137,0.5212193843725891,1.0191408302534675,0.9659870109405804,1.0423869387471227,286.7475709841147
548,10548,10548,10548,07025ed,solver_extremeB_s2,1,1,1,success,47,2.032541324465999,7.605810430881399,6.051483326227001,43,1,30.0,0.45,20.0,1.0,25,1,200,0.002,100,10.0,1.0,0,34,0,0.723404255319149,0.36096657109950475,-0.19993271391539125,-1.869005845912557,0.02359516182925353,0.03447737144680493,0.03850896888265926,1.08441254903352,0.7223588534808152,0.3376073440079835,0.25485956679560634,1.0230241710162344,0.9474386780044932,1.0307902104528004,278.9683401353432
549,10549,10549,10549,07025ed,solver_extremeB_s2,1,1,1,success,62,33.31399917573602,32.80945016924765,4.133262182635679,54,1,30.0,0.45,20.0,1.0,25,1,200,0.002,100,10.0,1.0,0,43,0,0.6935483870967742,0.328130907386708,-0.5285179123896758,-0.5700706860705571,0.020523461705809758,0.03180399698365045,0.03456338032632539,1.5985192266647685,0.7248425515387484,0.38908097315267565,0.6010369067511759,0.9921864530333062,0.8971505648445668,0.9445206881758927,289.4995478811289
550,10550,10550,10550,07025ed,solver_extremeB_s2,1,1,1,success,50,8.461438000057749,1.517611892415065,8.092225762463658,45,1,30.0,0.45,20.0,1.0,25,1,200,0.002,100,10.0,1.0,0,37,0,0.74,0.38139387053175894,-0.390094600964135,0.0473972696216185,0.024220677424719332,0.03514928966858571,0.09192893067245587,1.6439918067274333,1.2275630794245074,0.31256812701905645,0.2819274663380068,0.9739938608151048,1.1113365306201808,1.2370824830251517,282.41374641207864
551,10551,10551,10551,07025ed,solver_extremeB_s2,1,1,1,success,47,3.5495064478024774,2.2092724187867296,1.5914175104679829,42,1,30.0,0.45,20.0,1.0,25,1,200,0.002,100,10.0,1.0,0,40,0,0.851063829787234,0.325708381917368,-0.39699450960789545,2.529481167140876,0.025606145701002066,0.0340472384887782,0.10309724994583135,1.776168600314914,1.0224952102652003,0.338069586795663,0.21568104969694224,1.103189636479604,1.067275259545861,1.0364290807705003,280.00879724706556
552,10552,10552,10552,07025ed,solver_extremeB_s2,1,1,1,success,49,8.367141938199058,22.161898583809197,4.073270782135735,46,1,30.0,0.45,20.0,1.0,25,1,200,0.002,100,10.0,1.0,0,33,0,0.673469387755102,0.3424104095923196,-0.17859112309993508,0.4278012018073123,0.02746528105837247,0.0327502334303585,0.1097298161045038,1.1980208082887795,1.3549172641159792,0.33398213810538746,0.22202050284783081,1.0018396892875934,0.9451192343481686,0.9828574606410624,274.48879373409636
553,10553,10553,10553,07025ed,solver_extremeB_s2,1,1,1,success,63,21.55633916947598,12.183227828153143,6.569609049973343,56,1,30.0,0.45,20.0,1.0,25,1,200,0.002,100,10.0,1.0,0,57,0,0.9047619047619048,0.38118434914956917,-0.6561070936846558,2.4082346345790953,0.02045369029194617,0.03777056296922168,0.05946505712423169,1.6193786147170235,1.071260940584451,0.3063704878874512,0.5541668390488645,1.0779457435414928,1.0178899394353604,1.1123216103336158,293.46054259937347
554,10554,10554,10554,07025ed,solver_extremeB_s2,1,1,1,success,60,18.49578025000206,20.320219856549244,5.68621301160151,54,1,30.0,0.45,20.0,1.0,25,1,200,0.002,100,10.0,1.0,0,46,0,0.7666666666666667,0.352950878976765,-0.37740189235058774,1.7866349662296184,0.02405516987603027,0.034210328500393225,0.07249625181286196,1.302089090336613,1.1625120894216647,0.3758434069186726,0.4570412424737148,1.0069867805498962,1.0659496773375978,0.9100286765622153,286.5743911167278
555,10555,10555,10555,07025ed,solver_extremeB_s2,1,1,1,success,59,15.056124683893795,16.18781269286476,7.160491850213643,49,1,30.0,0.45,20.0,1.0,25,1,200,0.002,100,10.0,1.0,0,42,0,0.711864406779661,0.3868397932302344,-0.4935294945416905,0.6272256861693712,0.023477952633923323,0.03210625777047275,0.06081925869593391,1.6337529037993122,1.1783791032216082,0.3308261748034345,0.40429793208932835,0.9664891699883513,0.9689502329119352,1.1444865544412888,287.6028503360589
556,10556,10556,10556,07025ed,solver_extremeB_s2,1,1,1,success,39,10.280385363022924,13.413010939191942,6.118571093056357,32,1,30.0,0.45,20.0,1.0,25,1,200,0.002,100,10.0,1.0,0,24,0,0.6153846153846154,0.31593831434548014,-0.196537463923655,1.529523921302788,0.02394407826364151,0.035623496273756085,0.06459041453516312,1.8016681474338514,1.1956820876613223,0.31978027297507206,0.18179589844384503,1.047507603110266,1.059555110621282,1.0237024818672866,278.3718863223049
557,10557,10557,10557,07025ed,solver_extremeB_s2,1,1,1,success,70,18.835522042088623,14.285991584005064,6.382587920335062,60,1,30.0,0.45,20.0,1.0,25,1,200,0.002,100,10.0,1.0,0,49,0,0.7,0.3672306959378394,-0.6209377708862911,0.1516062935419331,0.026376015855328182,0.03931443730928288,0.10714912835070695,1.3736969322540056,0.7779779958716495,0.37124056272875305,0.5862341133682004,1.0745953347195036,1.0986484189101613,1.0647907574411861,292.6860001002318
558,10558,10558,10558,07025ed,solver_extremeB_s2,1,1,1,success,67,8.167507871959534,20.651877474569837,8.575588424040431,58,1,30.0,0.45,20.0,1.0,25,1,200,0.002,100,10.0,1.0,0,52,0,0.7761194029850746,0.3877672392227821,-0.6376425605863717,-2.1085270875605,0.021232670811120256,0.031362480576592515,0.11623397897787288,1.911941588612174,1.2597819541285766,0.38176307702967316,0.5463549782649039,1.0739009190420405,1.006689616924905,1.083998641745016,292.28602448324375
559,10559,10559,10559,07025ed,solver_extremeB_s2,1,1,1,success,59,14.856697539114043,16.66294525018919,1.7651908320087297,55,1,30.0,0.45,20.0,1.0,25,1,200,0.002,100,10.0,1.0,0,41,0,0.6949152542372882,0.3363597021467398,-0.6612227900037466,-1.829185243148027,0.027174955095596413,0.032866082847576215,0.0923208418066655,1.6633904860276925,0.842969769724308,0.33512866128932245,0.3532401774458246,1.0387829788477378,1.1094444668825334,1.0759769849893486,289.2674651384293
560,10560,10560,10560,07025ed,solver_extremeB_s2,1,1,1,success,52,20.827635588536026,28.05336780186825,11.816182165604864,44,1,30.0,0.45,20.0,1.0,25,1,200,0.002,100,10.0,1.0,0,39,0,0.75,0.3777859526076393,-0.28697122238063966,0.056073737702304616,0.024871948707144462,0.038625453334493874,0.0870726171863207,1.2813008535414405,1.3695873006493782,0.3276465299917023,0.36977411008463196,1.046432903443529,1.0103786001383261,0.8627877757935802,280.6906686988376
561,10561,10561,10561,07025ed,solver_extremeB_s2,1,1,1,success,63,21.967230238797182,19.41054607532991,4.7611677300966235,58,1,30.0,0.45,20.0,1.0,25,1,200,0.002,100,10.0,1.0,0,48,0,0.7619047619047619,0.3820034789501945,-0.6884419054483695,-2.9150999760309433,0.027572148535542008,0.03711122285034661,0.11690103875964705,1.8266525826129327,1.2964168639355156,0.3408355794256982,0.5247605735137199,1.040709293210032,0.9926299860833867,1.0969121782456643,291.76906332324575
562,10562,10562,10562,07025ed,solver_extremeB_s2,0,1,0,timeout,200,118.22004221439374,95.26685924015361,71.5937964737637,58,1,30.0,0.45,20.0,1.0,25,1,200,0.002,100,10.0,1.0,0,179,0,0.895,0.30211180369841223,-0.6660564881088191,0.5424743827327676,0.022901273704947222,0.03760848634623698,0.07290168398992099,1.1896876406570356,0.6267342764226265,0.3580646586355198,0.5833688324262809,1.0605383966840598,0.9911070439539292,0.8558953941551076,63.23858857053538
563,10563,10563,10563,07025ed,solver_extremeB_s2,1,1,1,success,58,15.72267094639658,15.963745582163444,0.5606883858198809,52,1,30.0,0.45,20.0,1.0,25,1,200,0.002,100,10.0,1.0,0,44,0,0.7586206896551724,0.38481352829923415,-0.613654980037062,-2.7420204872480145,0.022648960698428058,0.0348033828318151,0.051151620501886756,1.730117983127137,1.185284271333094,0.31474227355801904,0.44846501697347796,0.9351948340052282,0.968362636990497,0.9731919536488536,290.41398812706086
564,10564,10564,10564,07025ed,solver_extremeB_s2,1,1,1,success,72,33.76236430956804,37.1149533860162,8.467186447803138,63,1,30.0,0.45,20.0,1.0,25,1,200,0.002,100,10.0,1.0,0,58,0,0.8055555555555556,0.3560611093191133,-0.4899531330562483,1.7518438512334917,0.02649931804409365,0.031580826835752585,0.08877314897431876,1.4195429987294428,1.1832132370097468,0.3307216754931971,0.5025934214773913,1.0001539140114828,0.9882940138762955,1.0813801615208494,279.244689112985
565,10565,10565,10565,07025ed,solver_extremeB_s2,1,1,1,success,55,27.83938607476322,30.36396824467823,0.5649191161654165,45,1,30.0,0.45,20.0,1.0,25,1,200,0.002,100,10.0,1.0,0,36,0,0.6545454545454545,0.3288380359589102,-0.2599903467336282,0.49971497928188047,0.02182696081408856,0.04022615483279323,0.11296866737954502,0.8183004039400865,1.0965129384205476,0.33279420478198124,0.6974723698050347,0.9822126877675732,1.0344158891173112,0.9801111676038092,285.6309295620524
566,10566,10566,10566,07025ed,solver_extremeB_s2,1,1,1,success,59,22.54882171091008,13.951843267663808,17.917051666358752,53,1,30.0,0.45,20.0,1.0,25,1,200,0.002,100,10.0,1.0,0,45,0,0.7627118644067796,0.38150039673120695,-0.49204613316680323,-2.0012419407218163,0.022658149650624057,0.03256042951257475,0.06074492444989156,1.6025467402392912,1.088561059848725,0.3385613263548918,0.4187838071017277,1.0028304497572336,1.0395209131263756,1.0246328058068566,288.9265469431172
567,10567,10567,10567,07025ed,solver_extremeB_s2,1,1,1,success,49,9.707068418926188,9.777075611728737,5.969929759928939,44,1,30.0,0.45,20.0,1.0,25,1,200,0.002,100,10.0,1.0,0,34,0,0.6938775510204082,0.3037259818949049,-0.2072893005079901,-0.11699958353061568,0.02623928945514854,0.037635533603379526,0.03652858050433709,0.853626044592885,0.8803210364753682,0.3662876923721995,0.34735708998099674,1.056217363492428,1.1053138332254446,1.0291177910341516,285.36270243222145
568,10568,10568,10568,07025ed,solver_extremeB_s2,1,1,1,success,54,19.67361332350471,7.154560740104872,12.60144297056909,46,1,30.0,0.45,20.0,1.0,25,1,200,0.002,100,10.0,1.0,0,43,0,0.7962962962962963,0.3408034733968779,-0.6852908314118173,-2.5106143171291304,0.022771883715232533,0.036223645424696915,0.08265421346285913,1.114750605708363,0.662156973790664,0.32928930886886365,0.19256410743131175,1.0164726790951242,1.0690759848504714,1.1269426169964567,287.35514130913225
569,10569,10569,10569,07025ed,solver_extremeB_s2,1,1,1,success,69,22.617820769165096,22.950504989760365,14.695122563104242,62,1,30.0,0.45,20.0,1.0,25,1,200,0.002,100,10.0,1.0,0,50,0,0.7246376811594203,0.3639351134404469,-0.6373080939975376,2.1701807527812864,0.026146559941492026,0.035742880663197606,0.10370591624068268,0.9045888649073327,1.1022302423309602,0.3419384857557898,0.6533656494735601,0.9992939218495126,1.0720448725968938,1.2249053380988173,291.1437906853682
570,10570,10570,10570,07025ed,solver_extremeB_s2,1,1,1,success,44,20.566389484718435,23.28447698653623,2.5986602279089257,36,1,30.0,0.45,20.0,1.0,25,1,200,0.002,100,10.0,1.0,0,38,0,0.8636363636363636,0.3341688319920738,-0.3482330698305567,-0.4871769264602155,0.023480281734373887,0.032955871254764894,0.06345046181682712,1.8600606220930984,1.1139085900816026,0.3385346678936885,0.3161938215824719,0.968298816022488,1.048590173989535,1.2604623188806459,282.46177162154436
571,10571,10571,10571,07025ed,solver_extremeB_s2,1,1,1,success,65,20.899904461110243,16.292442149103543,3.3649246545051907,59,1,30.0,0.45,20.0,1.0,25,1,200,0.002,100,10.0,1.0,0,52,0,0.8,0.31486827329640865,-0.36136289951810313,2.671515349692899,0.02422070902608521,0.030603419107042833,0.034733325593159385,1.5745664166055948,0.805943097353177,0.38782038418171416,0.7033729383750502,1.0797848645447108,1.0116381031518862,0.8594910236127391,286.7451020327563
572,10572,10572,10572,07025ed,solver_extremeB_s2,1,1,1,success,45,21.32333889383673,30.01005896697029,10.195128119217163,40,1,30.0,0.45,20.0,1.0,25,1,200,0.002,100,10.0,1.0,0,32,0,0.7111111111111111,0.36389403906868256,-0.24113476799102168,-2.3650290860471643,0.02520488870596622,0.03042381004842124,0.09589499800079208,1.6976581103053858,1.1178130325275042,0.38849113302110755,0.42760701441815174,1.0575494822045826,1.0590685597912224,0.9483121779361956,280.6614495969552
573,10573,10573,10573,07025ed,solver_extremeB_s2,1,1,1,success,59,34.106102044152635,45.45953795656552,5.976096001685356,48,1,30.0,0.45,20.0,1.0,25,1,200,0.002,100,10.0,1.0,0,44,0,0.7457627118644068,0.33917767051311026,-0.2910890076936781,-0.5838603601609305,0.025828169075718905,0.039554861709694626,0.07536539014560112,1.360264107811139,1.3756014136323027,0.3086426439721649,0.6123059702722742,1.0858318256877033,1.0157856464027113,1.112289457101248,283.2477541792077
574,10574,10574,10574,07025ed,solver_extremeB_s2,1,1,1,success,62,25.020518058102322,16.488270142989865,16.964436517352627,55,1,30.0,0.45,20.0,1.0,25,1,200,0.002,100,10.0,1.0,0,46,0,0.7419354838709677,0.31137791711594237,-0.4017479248710756,-0.21984775464450879,0.02488959934684269,0.030669294826468876,0.05585746318903605,1.9231447214071284,1.167956501392712,0.37761982863993315,0.716204343513648,1.052442985466474,0.9664782151447902,0.9747340168388126,285.62243354948754
575,10575,10575,10575,07025ed,solver_extremeB_s2,1,1,1,success,64,18.85673680598915,10.846676351983112,0.894620188353008,61,1,30.0,0.45,20.0,1.0,25,1,200,0.002,100,10.0,1.0,0,54,0,0.84375,0.37545518551761703,-0.6151968403152573,-1.5352280362156812,0.02297013888335715,0.039614117794637284,0.05734205888974364,1.7727576757859087,0.9574308042486663,0.3373940912670097,0.4696809646585841,1.0236109641512414,1.0521408087485913,0.9623109363165994,289.2156465404887
576,10576,10576,10576,07025ed,solver_extremeB_s2,1,1,1,success,63,10.29512451535307,34.685273407598224,21.477678396072726,54,1,30.0,0.45,20.0,1.0,25,1,200,0.002,100,10.0,1.0,0,49,0,0.7777777777777778,0.36073079383682505,-0.5341203226803148,-2.6096581468291946,0.020629886688509437,0.0339714560532514,0.03354160576144016,1.9723045396979306,1.0771389755742362,0.3796187771513765,0.7207489736630833,0.9898913645335142,1.003492831106506,0.962210650814232,289.6800935271602
577,10577,10577,10577,07025ed,solver_extremeB_s2,1,1,1,success,65,22.04819106562222,27.917305072587997,19.66864205986605,53,1,30.0,0.45,20.0,1.0,25,1,200,0.002,100,10.0,1.0,0,51,0,0.7846153846153846,0.3394325655675393,-0.6864457538725635,0.8753728662365345,0.024743537294438112,0.037994701160666784,0.044011572546044854,1.031126017421152,0.8199997484883491,0.33728906008174575,0.4002316310990143,1.0249504343792335,1.0059296976924477,1.4240711244751956,292.2562154386343
578,10578,10578,10578,07025ed,solver_extremeB_s2,1,1,1,success,63,34.61096328461386,29.21707649952529,9.020148251233946,44,1,30.0,0.45,20.0,1.0,25,1,200,0.002,100,10.0,1.0,0,50,0,0.7936507936507936,0.34141256384119373,-0.407605203396022,1.528077090630978,0.02459642231532197,0.03991101529757101,0.06759857326499585,1.4709251829012553,1.260820551267832,0.30537465008621584,0.46114706772706776,0.9648327820913973,1.0289140819466878,0.9128666483484182,277.75168997205293
579,10579,10579,10579,07025ed,solver_extremeB_s2,1,1,1,success,45,19.45430249686897,17.37747336492344,2.79680482407921,39,1,30.0,0.45,20.0,1.0,25,1,200,0.002,100,10.0,1.0,0,29,0,0.6444444444444445,0.3046852629027751,-0.21951068667583096,0.8188714398038042,0.02145325649475602,0.03545400360167439,0.06687161543054479,1.7010301683132805,0.8722328781758703,0.3561560620163952,0.3722601107488034,1.0192536194786557,1.0203469698990033,1.020670645978839,282.4950171227969
580,10580,10580,10580,07025ed,solver_extremeB_s2,1,1,1,success,58,27.96676375013339,9.038310317486216,22.476583544666646,51,1,30.0,0.45,20.0,1.0,25,1,200,0.002,100,10.0,1.0,0,32,0,0.5517241379310345,0.3152489507229551,-0.445657468159969,3.0473750510940043,0.02233598463627119,0.03991540673761375,0.0758581764797705,1.9026586351248174,1.3497636066301557,0.3474349029070804,0.4995483050032972,1.0764670826250495,0.9881763763886081,1.221506806993716,288.3196689274546
581,10581,10581,10581,07025ed,solver_extremeB_s2,1,1,0,success,64,26.481681978772972,55.85887406050483,38.66578676327518,55,1,30.0,0.45,20.0,1.0,25,1,200,0.002,100,10.0,1.0,4,53,0,0.828125,0.305974811940602,-0.4175765884580689,1.3058987796431856,0.026409326486260216,0.03267726689449945,0.0656734564362772,1.148546354816746,0.6023423883550035,0.3182507389321643,0.47051560741569803,1.0303177062812214,1.001411056306494,1.0415679207491675,265.2250631807284
582,10582,10582,10582,07025ed,solver_extremeB_s2,1,1,1,success,77,10.594941359907788,15.559664442013377,12.894327095100403,70,1,30.0,0.45,20.0,1.0,25,1,200,0.002,100,10.0,1.0,0,56,0,0.7272727272727273,0.33906444097091654,-0.26610882148337506,0.2714076409661428,0.02193493822995526,0.030474651312814086,0.1069575472312309,1.6224585564965992,1.2236086763952172,0.3636232428408958,0.7219378014225095,1.0320439373799577,1.0825415043684685,1.1005111250267978,286.58117165321636
583,10583,10583,10583,07025ed,solver_extremeB_s2,1,1,1,success,54,13.91787553953844,18.587845491156568,6.578171293954342,48,1,30.0,0.45,20.0,1.0,25,1,200,0.002,100,10.0,1.0,0,44,0,0.8148148148148148,0.3832722544071798,-0.5180122964148148,-2.4531122742933142,0.024513292797622974,0.031011773505940837,0.06667026777610008,1.4998907527743728,1.0096417963311257,0.3143110106768561,0.47620497176365956,0.9875767427380205,1.015454218709041,1.021135289387878,289.4252514094466
584,10584,10584,10584,07025ed,solver_extremeB_s2,1,1,1,success,46,6.3930448275689375,13.373435768200165,9.586533278940855,41,1,30.0,0.45,20.0,1.0,25,1,200,0.002,100,10.0,1.0,0,35,0,0.7608695652173914,0.35539223243686713,-0.30405950490989736,-2.9292367330017783,0.024137068782877278,0.031085037173447492,0.11646102870096824,1.8750669890686869,0.8507759949653915,0.3287071575909715,0.3552468274047289,0.9507760333247882,1.0921309022190993,1.0206182273167534,282.0076063814953
585,10585,10585,10585,07025ed,solver_extremeB_s2,1,1,1,success,47,9.55203504578731,14.094644495640352,5.682981514017305,39,1,30.0,0.45,20.0,1.0,25,1,200,0.002,100,10.0,1.0,0,31,0,0.6595744680851063,0.35107592654125996,-0.392653755923927,0.635862756253132,0.021402589069948862,0.03943022305405333,0.1154184068752746,1.7016344092163207,1.3011974887592774,0.3323356776841146,0.23092387521368063,1.0180872538129733,0.9601903247897746,0.9463127485256408,278.98179975265293
586,10586,10586,10586,07025ed,solver_extremeB_s2,1,1,1,success,54,8.669303471070778,25.51499228533868,23.24122315279321,47,1,30.0,0.45,20.0,1.0,25,1,200,0.002,100,10.0,1.0,0,47,0,0.8703703703703703,0.32518641346796157,-0.43904980469274957,-1.1438325564762613,0.024469895176030848,0.034611586446185456,0.03396945361281955,1.4040008446950156,0.7336267589279162,0.3745346578385546,0.5086732827156567,1.0392796239744004,1.0687074647782204,0.9664214066883178,285.0787633409617
587,10587,10587,10587,07025ed,solver_extremeB_s2,1,1,1,success,61,21.30439394090327,30.826248070386438,25.274869507916286,52,1,30.0,0.45,20.0,1.0,25,1,200,0.002,100,10.0,1.0,0,38,0,0.6229508196721312,0.34175784671858844,-0.3670599146813356,-0.08711104080848742,0.023731037633157415,0.03243215069669222,0.07499605540316895,1.3769607711717582,1.2418199695247076,0.36763718922474514,0.619402372609786,1.0807280497870675,0.9581338663818718,0.9906278356619731,285.83971770739026
588,10588,10588,10588,07025ed,solver_extremeB_s2,1,1,1,success,60,8.026163671676876,12.995623590046158,8.293215192050083,51,1,30.0,0.45,20.0,1.0,25,1,200,0.002,100,10.0,1.0,0,47,0,0.7833333333333333,0.3175084225861636,-0.608120871067124,2.179518575373617,0.02150812103909265,0.03878915728928039,0.09342920604884512,1.2455260514854285,1.099518226635179,0.3446973104970601,0.4336819523008576,0.9778744533032804,1.034610489379421,1.1067790115352458,288.17194472211355
589,10589,10589,10589,07025ed,solver_extremeB_s2,1,1,1,success,68,36.7799969441803,18.518991536008876,13.49968392924702,62,1,30.0,0.45,20.0,1.0,25,1,200,0.002,100,10.0,1.0,0,47,0,0.6911764705882353,0.383142510505818,-0.5075439239934255,0.9620230142708701,0.024315377302970204,0.03407439186132931,0.08523132956129312,1.80581873094655,0.6784987972220743,0.383078119370453,0.7163966240865733,1.0313395283888913,1.073696576984174,1.172601792823711,293.1550277341403
590,10590,10590,10590,07025ed,solver_extremeB_s2,1,1,1,success,62,24.861210607037062,19.071877175945552,23.91309187686804,55,1,30.0,0.45,20.0,1.0,25,1,200,0.002,100,10.0,1.0,0,49,0,0.7903225806451613,0.38866444909801495,-0.5821259815020253,-1.0869615949852318,0.02243159102078032,0.02982445155842247,0.043274282313798845,1.8936482443988139,1.3834219043376286,0.328952790592005,0.49622745786683325,1.0735953274492813,1.0122012193848757,1.1696194287846948,290.7932754459351
591,10591,10591,10591,07025ed,solver_extremeB_s2,1,1,1,success,40,24.782199381494365,12.353708334283697,16.047943395496148,34,1,30.0,0.45,20.0,1.0,25,1,200,0.002,100,10.0,1.0,0,25,0,0.625,0.30702429820972715,-0.19803098404757247,2.0993192160423053,0.02499306796076137,0.035503790112634256,0.08927266059123048,1.5864533974042847,1.293452706096906,0.30631663525119307,0.2981649145926088,1.0484931531676154,1.0580331279463313,1.0765891968662666,278.6150217990035
592,10592,10592,10592,07025ed,solver_extremeB_s2,0,1,0,timeout,200,147.67847530079766,nan,nan,-1,1,30.0,0.45,20.0,1.0,25,1,200,0.002,100,10.0,1.0,0,182,0,0.91,0.3843513585775544,-0.18211812559181062,-2.603509367990764,0.021607427051958054,0.0382036328906707,0.10760255364190881,1.1177731625465426,0.9579373991743301,0.3631113395450176,0.2023816639650262,0.9942760358418067,1.0712471387352143,0.9157231219029022,17.904566195759344
593,10593,10593,10593,07025ed,solver_extremeB_s2,1,1,1,success,62,13.313219027532753,12.484602387681031,8.932813597082516,49,1,30.0,0.45,20.0,1.0,25,1,200,0.002,100,10.0,1.0,0,42,0,0.6774193548387096,0.38887239619721586,-0.6087976093428398,0.47881937083716153,0.02403851311652888,0.039027453580561706,0.07830528984417734,1.983962995781765,1.291211486897653,0.3132666273797331,0.3054904494901558,1.0191207795362212,0.9855234299542647,1.1373477719747906,287.1862808731341
594,10594,10594,10594,07025ed,solver_extremeB_s2,1,1,1,success,66,29.832706778855904,16.683613766840164,13.667985748745048,60,1,30.0,0.45,20.0,1.0,25,1,200,0.002,100,10.0,1.0,0,46,0,0.696969696969697,0.32808444583679486,-0.35596257003021364,2.7580623140533946,0.020532053408894725,0.03920064124335731,0.035039370285627876,1.3043679597396065,1.3957625708857286,0.3643428264371191,0.6295292347198189,0.9947663548606313,1.020069782323717,0.9888623861118567,287.6241010112168
595,10595,10595,10595,07025ed,solver_extremeB_s2,1,1,1,success,53,10.312187635125564,16.350954373083148,5.281595420959684,47,1,30.0,0.45,20.0,1.0,25,1,200,0.002,100,10.0,1.0,0,35,0,0.660377358490566,0.30651158801616357,-0.34521087373745807,0.46877953115117954,0.024224185272040778,0.03291939184653946,0.043964335143433265,1.30443016884269,0.8608481161789249,0.3332010281562785,0.5258082459222443,0.992797781526458,1.0679115050092935,1.3132154031377268,286.2502382455026
596,10596,10596,10596,07025ed,solver_extremeB_s2,1,1,1,success,58,4.2724809803683375,9.389567295883841,8.078683529196914,50,1,30.0,0.45,20.0,1.0,25,1,200,0.002,100,10.0,1.0,0,44,0,0.7586206896551724,0.3062861771865884,-0.6475755855818173,-0.00014385443316022872,0.02421742164369738,0.039729632830645414,0.10530294490140851,0.8363077082429581,0.6343179940985323,0.35866944163197045,0.3873953789140362,1.0273479298135464,1.041282680816001,0.9840454845418953,286.8764816897966
597,10597,10597,10597,07025ed,solver_extremeB_s2,1,1,1,success,55,5.504615397651482,9.743996790706735,10.524538715590136,48,1,30.0,0.45,20.0,1.0,25,1,200,0.002,100,10.0,1.0,0,39,0,0.7090909090909091,0.3386186267030054,-0.5313797724488476,2.552217485806823,0.02392955870223726,0.03668068011839083,0.03535700124863844,1.811813828960797,0.9357480355707734,0.34731634299422015,0.375088204452007,0.9763547327761898,0.98033861016107,1.0084799555056643,288.2861332235591
598,10598,10598,10598,07025ed,solver_extremeB_s2,1,1,1,success,58,16.596431464247498,15.691211345829872,6.7017574534281055,53,1,30.0,0.45,20.0,1.0,25,1,200,0.002,100,10.0,1.0,0,45,0,0.7758620689655172,0.34328225105990556,-0.6998925705085026,-0.37804688730702374,0.022936262048016583,0.031533041821385076,0.06237150586891743,1.9917784360949715,1.056226388711777,0.35745160017478916,0.44996478284807007,1.062219728932839,0.9451074372838987,0.9780257080044787,289.7552550709498
599,10599,10599,10599,07025ed,solver_extremeB_s2,1,1,1,success,70,37.6221006008456,23.32936274181813,17.95481318064413,62,1,30.0,0.45,20.0,1.0,25,1,200,0.002,100,10.0,1.0,0,46,0,0.6571428571428571,0.36478357637367137,-0.5943197456184486,-1.412572517856362,0.025567788002762923,0.039225987112293866,0.0950819729565611,1.1435064714071959,1.0965460034750318,0.38629537087337296,0.5437565927061261,1.0722532389147188,1.0843809977916727,1.0322360170932081,290.35541874285695
600,10600,10600,10600,07025ed,solver_extremeB_s2,1,1,1,success,65,19.19258443206168,23.65910917427863,9.206155146447815,58,1,30.0,0.45,20.0,1.0,25,1,200,0.002,100,10.0,1.0,0,41,0,0.6307692307692307,0.36449113946263734,-0.6940482016022896,1.6776622506126007,0.02381904410658439,0.03643828037964179,0.09022277581322827,1.1834617592039416,0.8995320684915539,0.300078189736228,0.5356497298903936,0.9823483535064126,1.0704775169279295,0.9871454858076818,291.8020289502689
601,10601,10601,10601,07025ed,solver_extremeB_s2,1,1,1,success,78,33.88375801182247,45.55997118749707,30.836282398813903,70,1,30.0,0.45,20.0,1.0,25,1,200,0.002,100,10.0,1.0,0,60,0,0.7692307692307693,0.37816912672749015,-0.17321646617861675,-0.7989520098409368,0.02449488233056441,0.035950752599629154,0.03272234844029809,1.5094866591296143,0.6306648100790331,0.3535754208895486,0.5979901807900323,1.0361705605935214,1.0524170739663556,1.1914471666260593,276.22906650828213
602,10602,10602,10602,07025ed,solver_extremeB_s2,1,1,1,success,56,17.008602027095588,22.82019535293636,9.366523821209826,50,1,30.0,0.45,20.0,1.0,25,1,200,0.002,100,10.0,1.0,0,43,0,0.7678571428571429,0.31931836182036477,-0.46564101870985075,2.577500705699249,0.023341373644481148,0.0366147192219378,0.05976089231524728,1.6067713910028885,1.3793297324205815,0.3087284303735282,0.4663702514990754,1.0948278113241225,0.9061411137751714,1.2050161867863505,285.5830328505381
603,10603,10603,10603,07025ed,solver_extremeB_s2,1,1,1,success,65,24.926152535574225,22.278896212975493,5.718939928789002,53,1,30.0,0.45,20.0,1.0,25,1,200,0.002,100,10.0,1.0,0,52,0,0.8,0.3046803063680442,-0.49613846325127775,0.523855100537463,0.02145485033472953,0.03939332601831537,0.03205211587617252,1.3426894058013286,1.118956945044879,0.3899751257970199,0.5616964435611956,1.012908903927759,0.9778178225768402,0.9834802013692412,288.5674963880161
604,10604,10604,10604,07025ed,solver_extremeB_s2,1,1,1,success,48,9.458908964919917,11.58024051998021,10.551377747311601,42,1,30.0,0.45,20.0,1.0,25,1,200,0.002,100,10.0,1.0,0,36,0,0.75,0.3189457559239351,-0.4859270717150621,-0.7600945417524274,0.025383070726088162,0.03196938747281818,0.07129611580409047,0.8284515114871228,1.2052306225265235,0.33287157644091114,0.260450159846536,1.0223458627875706,0.9632279804657644,1.2368350302790212,283.6922071830126
605,10605,10605,10605,07025ed,solver_extremeB_s2,1,1,1,success,52,18.754005960717482,19.51515608145347,3.398378950512173,44,1,30.0,0.45,20.0,1.0,25,1,200,0.002,100,10.0,1.0,0,36,0,0.6923076923076923,0.37911788331573015,-0.5640058100478013,-1.0762985823586657,0.025788308234110366,0.03248499639086771,0.09181011380429155,0.8069679373998079,1.0612010166206471,0.33881126431155023,0.18898479647040908,1.0914510272372087,1.1271071624720774,1.077708167560053,286.2750108669459
606,10606,10606,10606,07025ed,solver_extremeB_s2,1,1,1,success,67,20.628569155715574,15.319463186736487,7.718328852651997,52,1,30.0,0.45,20.0,1.0,25,1,200,0.002,100,10.0,1.0,0,48,0,0.7164179104477612,0.38360364133729974,-0.6265681197839861,-1.332905183793237,0.021377796315923483,0.04019511963180242,0.10732982025101162,1.0866802993671139,1.319218766396434,0.3167183579585184,0.37355129125181424,1.0115315462575114,0.9520109909161698,0.9919198100995174,288.627750679882
607,10607,10607,10607,07025ed,solver_extremeB_s2,1,1,1,success,94,18.973020348460157,22.698406066527877,19.06739486903422,51,1,30.0,0.45,20.0,1.0,25,1,200,0.002,100,10.0,1.0,0,80,0,0.851063829787234,0.38722111970239587,-0.5967606648937143,2.74550261575983,0.02575417262734037,0.03276212843351608,0.05796572906217487,1.2501811681282031,1.080615577759411,0.3215215016265723,0.3449424933825588,1.0516375765514925,0.9887947733708498,0.896489012859668,281.88473192006677
608,10608,10608,10608,07025ed,solver_extremeB_s2,1,1,1,success,49,21.667568642563246,19.01340144269535,0.7240194560983892,46,1,30.0,0.45,20.0,1.0,25,1,200,0.002,100,10.0,1.0,0,34,0,0.6938775510204082,0.37004142281444546,-0.41921914237929847,-2.2224608454024364,0.020552262815863198,0.03635185471919641,0.033192493507633224,0.9068043016641749,0.6505938433862658,0.36802489447318754,0.24252781842273327,1.078224861049632,1.064770413138604,1.0105170645136097,283.7592114949347
609,10609,10609,10609,07025ed,solver_extremeB_s2,1,1,1,success,47,3.6024488882049157,1.9638005825299514,3.3068071165943835,39,1,30.0,0.45,20.0,1.0,25,1,200,0.002,100,10.0,1.0,0,35,0,0.7446808510638298,0.325150362375243,-0.31656256822242684,-1.3421068187106397,0.025607403640578574,0.031638022539802364,0.10313399797302115,1.0014279044972287,0.9928378488705749,0.3533679006516757,0.2010988111192317,1.0655982907503045,1.024112107712392,1.0407440046397507,282.1837522312419
610,10610,10610,10610,07025ed,solver_extremeB_s2,1,1,1,success,58,7.717118545895413,20.66487039673933,15.319299445223466,53,1,30.0,0.45,20.0,1.0,25,1,200,0.002,100,10.0,1.0,0,47,0,0.8103448275862069,0.38616351516813846,-0.5883927983686135,1.145754562722507,0.026464596914102516,0.03664201784253136,0.07931033987948297,0.980474118230179,0.784430758832113,0.30822267594150315,0.24590157369189947,1.030744650261303,0.9794884574234752,0.8910602322889376,287.3156213057838
611,10611,10611,10611,07025ed,solver_extremeB_s2,1,1,1,success,54,23.97313545431639,29.28027057119218,7.927446407196699,45,1,30.0,0.45,20.0,1.0,25,1,200,0.002,100,10.0,1.0,0,39,0,0.7222222222222222,0.34814641498503807,-0.28640323427374526,-3.0605263993926193,0.025238776160156445,0.039588200800931214,0.09320045845756494,1.136218976887939,0.9931872942867028,0.34322944673672284,0.5670989211994131,1.1181737952661932,0.946182355565657,1.0475950634088143,283.9229555404178
612,10612,10612,10612,07025ed,solver_extremeB_s2,1,1,1,success,60,4.455417588443325,26.31845766085055,5.373217019673406,48,1,30.0,0.45,20.0,1.0,25,1,200,0.002,100,10.0,1.0,0,49,0,0.8166666666666667,0.3502534508516413,-0.5459697297278188,0.3707083838500176,0.020837734306336064,0.03886035213657018,0.11373926092749904,1.676170573579634,0.8449512439549514,0.3703902286042451,0.3200080760412565,1.0190889293851269,1.0275014802097238,0.9797405920746772,287.7682115347126
613,10613,10613,10613,07025ed,solver_extremeB_s2,1,1,1,success,60,22.731668370986906,22.106945196690134,6.59531723643521,52,1,30.0,0.45,20.0,1.0,25,1,200,0.002,100,10.0,1.0,0,50,0,0.8333333333333334,0.38212904922922863,-0.4500264782332154,-1.81067739273845,0.023641267712443584,0.03685997071959997,0.04112928263500272,1.9729501143792985,1.0356068803425442,0.3634957417534529,0.5116676397707484,1.0424461859652077,0.9735924857656852,1.2643794706506264,288.4878377840896
614,10614,10614,10614,07025ed,solver_extremeB_s2,1,1,1,success,62,33.412428960391956,14.247116163630798,9.777930936438786,55,1,30.0,0.45,20.0,1.0,25,1,200,0.002,100,10.0,1.0,0,44,0,0.7096774193548387,0.3779605268964112,-0.6635358735265983,2.040745938381524,0.022534153728994255,0.036536286353627816,0.07932875989236937,1.631885160204959,0.7547538436349646,0.30190531705062096,0.41360383642216575,1.0248200058890393,0.959599888752211,1.1577375100628124,290.79400367205074
615,10615,10615,10615,07025ed,solver_extremeB_s2,1,1,1,success,56,29.434936577972675,24.227884914741985,12.14372157250191,50,1,30.0,0.45,20.0,1.0,25,1,200,0.002,100,10.0,1.0,0,32,0,0.5714285714285714,0.34968342258589036,-0.5214550766837018,-1.160927116437651,0.02417016464176781,0.03432273782115137,0.04880549601118494,1.9379747189498062,0.94018305257432,0.38442695568357127,0.42117515397706784,1.0833683595622232,1.0305018520749012,1.0938336395019297,286.4343180865512
616,10616,10616,10616,07025ed,solver_extremeB_s2,1,1,1,success,63,20.361174292664536,34.96141886249876,16.4021123891721,49,1,30.0,0.45,20.0,1.0,25,1,200,0.002,100,10.0,1.0,0,41,0,0.6507936507936508,0.3703904923528872,-0.5112800710227173,-1.9193899969970074,0.02759447660701441,0.036693625593466304,0.05245316535499329,1.36513070340792,1.0095166184511781,0.3313490399172249,0.6159572130709479,1.041570896998644,1.0136114622945671,0.9082083359697515,288.79665906423145
617,10617,10617,10617,07025ed,solver_extremeB_s2,1,1,1,success,54,11.704812258907264,11.710131310402454,8.307861838204177,49,1,30.0,0.45,20.0,1.0,25,1,200,0.002,100,10.0,1.0,0,41,0,0.7592592592592593,0.31414828940682016,-0.31489471594244706,-2.658565718276664,0.02634082248614052,0.034136306076485524,0.06675714254284759,1.488234522907465,0.9665157827275817,0.36961910938364284,0.5099207849258713,0.9708620000721421,1.0237133311066324,1.046417909053668,284.59366026254554
618,10618,10618,10618,07025ed,solver_extremeB_s2,1,1,1,success,56,11.440082070404243,12.0764462560666,0.046349111946389174,53,1,30.0,0.45,20.0,1.0,25,1,200,0.002,100,10.0,1.0,0,44,0,0.7857142857142857,0.3486315511544742,-0.6888865839663788,0.2982797411158824,0.027166149178335076,0.03504157775796477,0.09040838283911821,1.1480056521480773,0.7826998178396053,0.3429437869308453,0.19032858202015446,1.0271166058433425,0.9835710601291311,1.0289133806510766,286.45867186606813
619,10619,10619,10619,07025ed,solver_extremeB_s2,1,1,1,success,56,34.82246226053765,17.970362328906642,26.498186762851358,50,1,30.0,0.45,20.0,1.0,25,1,200,0.002,100,10.0,1.0,0,43,0,0.7678571428571429,0.3025366975061367,-0.5483007353188073,-0.8880258322313854,0.02604955510501104,0.03291588336261764,0.04402717705894607,1.5990503007396097,0.6832394493230415,0.3276593105641178,0.5578141344320537,0.9553897642378999,0.9773197313567178,1.0170961640062357,287.87305586412117
620,10620,10620,10620,07025ed,solver_extremeB_s2,1,1,1,success,46,7.769185786029805,9.504664966341503,4.18019915111257,41,1,30.0,0.45,20.0,1.0,25,1,200,0.002,100,10.0,1.0,0,30,0,0.6521739130434783,0.3353416678353035,-0.25927528206140166,-1.5649757531484125,0.020541706193969077,0.03451152508104563,0.10885204696167017,1.4526038921473794,1.1412408584303364,0.38944071521957296,0.2935380605475951,0.9780714259859752,1.0723841368552152,1.2623633557760816,282.0923821244439
621,10621,10621,10621,07025ed,solver_extremeB_s2,1,1,1,success,46,28.591974434177878,16.941860724142778,12.312117214122416,41,1,30.0,0.45,20.0,1.0,25,1,200,0.002,100,10.0,1.0,0,34,0,0.7391304347826086,0.35992809693888567,-0.3215079676635645,2.1650456504465456,0.027343198997260818,0.03372252195547291,0.1162131027924435,1.970975491516413,0.6373001491627056,0.37925028159893087,0.28467608652646964,1.0296346382075778,0.9654438196471516,0.9432510276333497,284.19545840826515
622,10622,10622,10622,07025ed,solver_extremeB_s2,1,1,1,success,69,11.175396785570015,11.476750495318116,3.1097245785016843,46,1,30.0,0.45,20.0,1.0,25,1,200,0.002,100,10.0,1.0,1,60,0,0.8695652173913043,0.30152061927605417,-0.3882102103039044,0.6333345653982079,0.02348563593553268,0.038963331238619135,0.030720053320901313,0.9975026564913556,1.0081174912127562,0.37096617569711804,0.42442568802916497,1.1009892662288612,0.9814179230092214,1.1004386030671833,279.53769461288186
623,10623,10623,10623,07025ed,solver_extremeB_s2,1,1,1,success,71,15.485439528840203,40.48222399171077,53.87217266580506,57,1,30.0,0.45,20.0,1.0,25,1,200,0.002,100,10.0,1.0,0,58,0,0.8169014084507042,0.3738871148960597,-0.7277304909506017,-2.1255094658677836,0.02758031168846119,0.03910789401103262,0.0797288202215086,1.2617317033837518,0.9934588645611095,0.3253927401855298,0.4182413181417338,1.038407947594843,1.1683708163470077,0.9893261068606315,289.02054745756766
624,10624,10624,10624,07025ed,solver_extremeB_s2,1,1,1,success,64,20.675780183640804,17.985502281306296,5.143546180226631,58,1,30.0,0.45,20.0,1.0,25,1,200,0.002,100,10.0,1.0,0,51,0,0.796875,0.3262113902831394,-0.6773089963610924,-3.131441499584715,0.022433925264257564,0.037569200313132455,0.11675412169730269,1.86771980954477,0.8780171872822444,0.36743406142700796,0.5441918165804399,1.0646870355288691,1.0410261260377895,1.0905039312501286,293.13895890109904
625,10625,10625,10625,07025ed,solver_extremeB_s2,1,1,1,success,55,30.991855949253196,24.967715901603906,6.605981500768096,51,1,30.0,0.45,20.0,1.0,25,1,200,0.002,100,10.0,1.0,0,49,0,0.8909090909090909,0.3628509185391059,-0.29212506327315074,2.002114274974658,0.02375986446925932,0.031370251485239226,0.058081833466637166,1.004046540084245,0.620199897922027,0.3008785088334759,0.5756934954550549,1.0906595706038948,0.935632577760454,1.003623893638724,283.17088255324506
626,10626,10626,10626,07025ed,solver_extremeB_s2,1,1,1,success,49,19.398825146417153,21.26050847578686,5.876660984604974,42,1,30.0,0.45,20.0,1.0,25,1,200,0.002,100,10.0,1.0,0,37,0,0.7551020408163265,0.3136342526096959,-0.45563534365906616,1.4644624938697763,0.024836989336436716,0.03988194837633291,0.03264462473677289,1.0007200199287722,0.7542517058582594,0.3702526512783193,0.1916944589183816,1.07730271357094,0.9712225859600631,1.1396368876698886,280.28752065730345
627,10627,10627,10627,07025ed,solver_extremeB_s2,1,1,1,success,47,23.64049228314575,19.657758287656325,3.050897556153142,42,1,30.0,0.45,20.0,1.0,25,1,200,0.002,100,10.0,1.0,0,39,0,0.8297872340425532,0.36385587517220236,-0.40875240086956904,-0.4284933540782352,0.022147215709823496,0.037216731169592454,0.11257396317996819,1.0059006431996365,1.3597379453125291,0.32556099228717506,0.1846758377450582,1.0794197129038476,1.0058865333075897,0.9181705112920064,282.417713085689
628,10628,10628,10628,07025ed,solver_extremeB_s2,1,1,1,success,59,23.825704009682614,13.43155050414266,11.70879051897196,51,1,30.0,0.45,20.0,1.0,25,1,200,0.002,100,10.0,1.0,0,42,0,0.711864406779661,0.35509741766614206,-0.6230429609698092,1.8820017211477493,0.022110147222164218,0.03586797946317432,0.10110067752464721,0.8299200002648781,0.6033895723155288,0.30057676760703167,0.42374870063166903,1.0779760080788747,0.9404885068989083,1.1261279348229363,289.18961934233874
629,10629,10629,10629,07025ed,solver_extremeB_s2,1,1,1,success,56,23.525806322810908,22.756677668973584,6.610447156981671,50,1,30.0,0.45,20.0,1.0,25,1,200,0.002,100,10.0,1.0,0,39,0,0.6964285714285714,0.32914038146278285,-0.26625596093820586,1.2889681697189364,0.02160634243547055,0.03759649089500055,0.10668142891954605,1.4398408693481768,1.1314532001017288,0.3835077918665836,0.6882031751734105,0.9867421727881691,1.0095994010221445,1.2961639994985488,287.183127195891
630,10630,10630,10630,07025ed,solver_extremeB_s2,1,1,1,success,52,10.777775652795707,8.18489748191634,4.464012109560065,46,1,30.0,0.45,20.0,1.0,25,1,200,0.002,100,10.0,1.0,0,39,0,0.75,0.3007544851983934,-0.37813480889257023,2.2844504192476878,0.02623004032910551,0.030872810216378048,0.07629428639091426,0.9564445921930375,1.1728824889023088,0.3602652857763031,0.4789830467044566,1.0755104839776126,1.0396273424973836,1.1691313723732786,282.9206828064175
631,10631,10631,10631,07025ed,solver_extremeB_s2,1,1,1,success,63,11.498490355112759,18.600440617582326,2.52368871755175,58,1,30.0,0.45,20.0,1.0,25,1,200,0.002,100,10.0,1.0,0,43,0,0.6825396825396826,0.31846593636588966,-0.3614652244706638,-1.7525864289120967,0.025648353290207686,0.030725101946406083,0.09206783147351602,1.5736189733356443,1.078144212911898,0.3272299836957605,0.6755672418508956,1.0340368551678725,1.127922723892393,1.0052506107627357,290.72796296896155
632,10632,10632,10632,07025ed,solver_extremeB_s2,1,1,1,success,63,7.9950674319385815,19.178590199122787,16.751774168667694,58,1,30.0,0.45,20.0,1.0,25,1,200,0.002,100,10.0,1.0,0,56,0,0.8888888888888888,0.3686638346470248,-0.5702285972187185,2.533738503819534,0.025276330533062465,0.03793968978395248,0.10713336451882492,0.9950783761768719,1.286049171546152,0.38270561823347116,0.6087352315839901,1.1514058310050361,1.0922406251815722,1.2171051819512333,292.3647120441647
633,10633,10633,10633,07025ed,solver_extremeB_s2,1,1,1,success,55,18.467154861024348,18.931277905125594,11.756063724419873,49,1,30.0,0.45,20.0,1.0,25,1,200,0.002,100,10.0,1.0,0,43,0,0.7818181818181819,0.3522543556440275,-0.3128103021563767,0.25013017088511535,0.021062026559881483,0.03466388442427125,0.11969877604620867,0.9554497066570992,1.2612621508155972,0.3740637370507505,0.6613987743622592,1.037162578332532,1.0130748617249212,0.891669989049955,285.0516428908366
634,10634,10634,10634,07025ed,solver_extremeB_s2,1,1,1,success,62,1.9929341422939397,13.10814720989894,10.32126934592991,55,1,30.0,0.45,20.0,1.0,25,1,200,0.002,100,10.0,1.0,0,43,0,0.6935483870967742,0.37166612648629765,-0.5915094008065914,1.6654391345187758,0.0225955549779197,0.03301117834957718,0.0987107825229758,1.706742091472139,0.6441815668546514,0.3066856746576317,0.5144432682616412,1.0350203964030873,1.055137766887957,1.016648199507217,287.5893661529316
635,10635,10635,10635,07025ed,solver_extremeB_s2,1,1,1,success,58,27.21306466637884,32.27360800251566,6.7601763326477124,50,1,30.0,0.45,20.0,1.0,25,1,200,0.002,100,10.0,1.0,0,40,0,0.6896551724137931,0.33229821001117776,-0.6031849131812302,0.45873601014892973,0.020584425325658393,0.033139181384762184,0.07894931966203564,1.120513142352518,1.310344479004917,0.3745321793682193,0.4437128139597786,1.0655197679897106,1.021485257885476,1.015839771696214,287.44826551956385
636,10636,10636,10636,07025ed,solver_extremeB_s2,1,1,1,success,60,12.665535944269356,28.692378730809274,1.426416833867628,57,1,30.0,0.45,20.0,1.0,25,1,200,0.002,100,10.0,1.0,0,51,0,0.85,0.3332810870712554,-0.7251032240278539,-0.38372363209584925,0.022552065644752997,0.03760576982565572,0.06084678560558712,1.078237975998835,0.8545230220921428,0.35666333888461016,0.3833029991181467,0.9500192169065965,1.0596500332222665,0.8545574709642894,272.7035787261604
637,10637,10637,10637,07025ed,solver_extremeB_s2,1,1,1,success,59,20.776153443121547,37.085702152885325,21.759822591755913,52,1,30.0,0.45,20.0,1.0,25,1,200,0.002,100,10.0,1.0,0,39,0,0.6610169491525424,0.3618599592933994,-0.5069984034854127,-1.0203906591358574,0.020419151975407737,0.032632277962353275,0.1095434964303637,1.9696744509607889,0.8839349360189823,0.3795294630222568,0.5748223040153211,1.0729266473107537,1.1355675621191863,0.9875523128300662,289.0569925541048
638,10638,10638,10638,07025ed,solver_extremeB_s2,1,1,1,success,54,30.079984892626946,33.77015279889747,9.519965595930666,48,1,30.0,0.45,20.0,1.0,25,1,200,0.002,100,10.0,1.0,0,36,0,0.6666666666666666,0.3310399969848167,-0.3700677136265202,-0.0037806572221774637,0.02673046446613892,0.033866700139625255,0.0962769761098099,0.9101195541946012,0.912287390720472,0.3566177950703249,0.6146252286736991,0.9824370860447834,1.0508235258654888,1.024403180194823,284.1233289419034
639,10639,10639,10639,07025ed,solver_extremeB_s2,1,1,1,success,66,25.4489060398472,22.351092945217076,15.167818052294882,57,1,30.0,0.45,20.0,1.0,25,1,200,0.002,100,10.0,1.0,0,55,0,0.8333333333333334,0.3527906867434127,-0.5946070440742348,2.9733307930372552,0.026471706533722966,0.035022570228802286,0.07601063844630024,1.3919568288560171,1.2468163911398886,0.36323237705063033,0.6030438376472526,0.9821525952482217,1.0303383595518063,1.098794942692523,289.4003333868129
640,10640,10640,10640,07025ed,solver_extremeB_s2,1,1,1,success,52,28.95932363600022,3.480814271758083,11.100635688880303,43,1,30.0,0.45,20.0,1.0,25,1,200,0.002,100,10.0,1.0,0,38,0,0.7307692307692307,0.35138715543837645,-0.4982634753792695,-0.6113038369140793,0.026463247473036522,0.03640685160604636,0.10070664735451516,0.8853732431107916,1.2072643963696224,0.3073471665958165,0.2731515321631806,1.107783097029097,1.0228354667600368,0.8057141129914231,281.80169277225707
641,10641,10641,10641,07025ed,solver_extremeB_s2,1,1,1,success,47,7.97208110727635,4.779694829090642,1.507164356855716,42,1,30.0,0.45,20.0,1.0,25,1,200,0.002,100,10.0,1.0,0,37,0,0.7872340425531915,0.3226513945752459,-0.2101380325045108,-1.99814903698039,0.020923991202660662,0.0370278787251001,0.11811930787055097,1.2419297924911554,1.155262079165353,0.3566296618815117,0.25999664489030383,1.0261187715677862,1.0103074909793615,0.9978226786060276,279.1046692532104
642,10642,10642,10642,07025ed,solver_extremeB_s2,1,1,1,success,41,24.489981004123287,27.47192794678749,8.553276288183927,34,1,30.0,0.45,20.0,1.0,25,1,200,0.002,100,10.0,1.0,0,31,0,0.7560975609756098,0.306428256255392,-0.24178703085850145,-3.1079611397116143,0.021040205849511977,0.03844414467381018,0.09218805107301402,1.8097904966730094,1.398026902531143,0.38931990637405767,0.3886080931001497,1.0876858544221222,1.0278705482935646,1.1350369287695516,282.1408712046763
643,10643,10643,10643,07025ed,solver_extremeB_s2,1,1,1,success,59,19.586654885324002,8.412935735917856,2.8300393916397297,52,1,30.0,0.45,20.0,1.0,25,1,200,0.002,100,10.0,1.0,0,42,0,0.711864406779661,0.32662818855510745,-0.6309198911767755,-0.6960497292841215,0.021864572336861426,0.033171245712915964,0.043892503391715146,0.8374862182820983,1.3377151392111677,0.3212281649624828,0.41096331418486776,1.0686670761535597,0.9523775382907733,0.9815426411263735,286.47409401276616
644,10644,10644,10644,07025ed,solver_extremeB_s2,1,1,1,success,63,25.184449851737927,27.36066751583503,8.444479861628729,56,1,30.0,0.45,20.0,1.0,25,1,200,0.002,100,10.0,1.0,0,38,0,0.6031746031746031,0.327918095374327,-0.6331026825810565,-0.7247861323765061,0.020787646496139782,0.033788343486722994,0.10259535050208715,1.6273668751988308,0.6737825825312767,0.32215162924034063,0.603577970638,0.9956506681127344,0.9660592623137501,1.2569623296598396,292.5688638972929
645,10645,10645,10645,07025ed,solver_extremeB_s2,1,1,1,success,60,18.211856415098435,25.402009109977374,15.347251915133668,51,1,30.0,0.45,20.0,1.0,25,1,200,0.002,100,10.0,1.0,0,43,0,0.7166666666666667,0.38942221418255907,-0.619892988601772,-0.34318174412815283,0.02538291613910334,0.03446981210965851,0.05640888381419096,0.8801655803484469,0.6414971911886479,0.3031766577400111,0.41976641433391126,1.0802634971470828,1.1010230217922432,0.9792652549359906,288.58844457851404
646,10646,10646,10646,07025ed,solver_extremeB_s2,1,1,1,success,57,32.94797310954204,22.06169007226759,14.152293766759277,49,1,30.0,0.45,20.0,1.0,25,1,200,0.002,100,10.0,1.0,0,48,0,0.8421052631578947,0.32759561097000106,-0.3165361425501116,0.9318340523044917,0.02320949584393045,0.032371052792974093,0.09389891941472074,1.3786009057594266,0.6587930147055903,0.3837002580474388,0.681271568719964,1.0933683058584232,1.0700241505061296,0.9250543849901779,285.9744244408046
647,10647,10647,10647,07025ed,solver_extremeB_s2,0,1,0,timeout,200,51.017816601646764,70.7621625464872,14.073793195795602,128,1,30.0,0.45,20.0,1.0,25,1,200,0.002,100,10.0,1.0,0,192,0,0.96,0.38999052754634517,-0.6647532927230237,2.715501908262743,0.026128879957224058,0.03326207084089338,0.08568758042454522,1.41162343357334,0.8069848643743035,0.36872874864917204,0.5055093389124032,1.129788807154574,1.0261006746869932,1.2222207902530018,64.6549126806311
648,10648,10648,10648,07025ed,solver_extremeB_s2,1,1,1,success,53,21.097893033284755,17.585722264867105,11.35747583541111,43,1,30.0,0.45,20.0,1.0,25,1,200,0.002,100,10.0,1.0,0,38,0,0.7169811320754716,0.37364641764066897,-0.2566246201070683,-1.5679439146141678,0.021269013841298062,0.03765576319353004,0.10913100850855799,1.4129375738423016,0.6900545542547297,0.3189683901315765,0.1959285627649064,1.1123703265881877,1.0892466686223636,1.0509931358453084,280.1561063659026
649,10649,10649,10649,07025ed,solver_extremeB_s2,1,1,1,success,54,22.15221675086843,28.564916525967757,14.300017760666778,48,1,30.0,0.45,20.0,1.0,25,1,200,0.002,100,10.0,1.0,0,42,0,0.7777777777777778,0.375831993470779,-0.46144394876471695,0.32275708978630213,0.02397717503508434,0.037029376220951406,0.061019875636037446,1.6695179180628839,1.3049808327855135,0.33398999635042437,0.542044428336563,1.0278534527901937,1.0294956023432325,1.0635949337855721,286.08371274704893
650,10650,10650,10650,07025ed,solver_extremeB_s2,1,1,1,success,59,13.590648352913629,27.075233044689593,13.054765645787565,55,1,30.0,0.45,20.0,1.0,25,1,200,0.002,100,10.0,1.0,0,46,0,0.7796610169491526,0.3475039798311631,-0.4941383311413499,-1.9613907255171656,0.02733649210323014,0.038519749852101416,0.0821977729339356,0.8087957660631114,1.372267617626733,0.3266415274061502,0.5440797681437671,1.0386518822873334,1.0244634784707167,1.1080110371378389,286.38407624902794
651,10651,10651,10651,07025ed,solver_extremeB_s2,1,1,1,success,57,32.427983431883426,30.512720651026445,12.742917537121398,52,1,30.0,0.45,20.0,1.0,25,1,200,0.002,100,10.0,1.0,0,34,0,0.5964912280701754,0.32767724389752995,-0.2449176148704003,-0.700333320091926,0.021481617830275215,0.03891863959013714,0.04050622804767623,1.2140173738238913,1.0402242417071415,0.38523271192204794,0.23901204678317906,0.9821490582413127,0.9738651000752757,1.1258927517095159,260.88355102657874
652,10652,10652,10652,07025ed,solver_extremeB_s2,1,1,1,success,51,40.853871461397894,37.77192710623885,13.288192153395402,45,1,30.0,0.45,20.0,1.0,25,1,200,0.002,100,10.0,1.0,0,36,0,0.7058823529411765,0.35284869435131944,-0.3849208985580696,1.1621434143929559,0.025048500232096014,0.0337840575420828,0.11989628819040778,1.8153272378920358,0.8262887206880563,0.35047303062535584,0.4301533849804565,0.980502699348928,0.970387420986763,0.9734309973872473,282.38369528447606
653,10653,10653,10653,07025ed,solver_extremeB_s2,1,1,1,success,71,32.86146791242793,21.490015499479263,8.710354344462885,62,1,30.0,0.45,20.0,1.0,25,1,200,0.002,100,10.0,1.0,0,51,0,0.7183098591549296,0.3598124801535456,-0.575485835498021,0.7066733300347452,0.0216845253375899,0.03221649302984652,0.08205728448537261,1.6373068473805352,1.1330430610493027,0.38289661867759406,0.6037239557726441,0.9127196223265379,0.9743736030447812,0.9903528710279141,290.7125091946425
654,10654,10654,10654,07025ed,solver_extremeB_s2,1,1,1,success,59,9.300931764257985,13.941864750229152,10.564836909670683,49,1,30.0,0.45,20.0,1.0,25,1,200,0.002,100,10.0,1.0,0,44,0,0.7457627118644068,0.3413454411012798,-0.23944652591956017,-2.255004312647587,0.027541818616877493,0.03560662229572062,0.07701360849735996,1.59588315133551,0.663670387669265,0.34982671241534763,0.6011047351301684,1.0577886174750533,1.042343905198262,1.1585600481093927,281.88865052955794
655,10655,10655,10655,07025ed,solver_extremeB_s2,1,1,1,success,49,16.438815330476665,30.601393096314357,21.001965764907908,42,1,30.0,0.45,20.0,1.0,25,1,200,0.002,100,10.0,1.0,0,38,0,0.7755102040816326,0.37839506873727935,-0.4722580598580249,0.3637303259122331,0.024229222641233245,0.035377144785240594,0.09800627166864787,0.9702190515653933,0.9780645229326208,0.3634095093470955,0.24836820425701703,0.9345261241206991,1.0860831176899388,0.8344942289819077,285.3814971363243
656,10656,10656,10656,07025ed,solver_extremeB_s2,1,1,1,success,43,24.070012561772355,22.970734211185796,0.08635237955552993,40,1,30.0,0.45,20.0,1.0,25,1,200,0.002,100,10.0,1.0,0,25,0,0.5813953488372093,0.3605481039688566,-0.19918577458762332,-1.4978160405759469,0.026059114572485602,0.034761651592427896,0.07121481686260125,1.9169478090727654,1.3784054365617038,0.35163023465404253,0.24761293860810457,1.070733893885807,1.0144021740602254,1.1321607895675898,279.4553809876069
657,10657,10657,10657,07025ed,solver_extremeB_s2,1,1,1,success,56,20.74199859779979,23.081132464302947,11.455814226845607,50,1,30.0,0.45,20.0,1.0,25,1,200,0.002,100,10.0,1.0,0,42,0,0.75,0.3856570319694717,-0.27677446843656295,2.2183903884459877,0.025746610370250105,0.03237983259675663,0.0537356884676206,1.2019308306079817,1.009283068011029,0.3650303527349554,0.6192531724717875,1.0685534485865098,1.02368343173636,1.1194834896460306,287.2837706201483
658,10658,10658,10658,07025ed,solver_extremeB_s2,1,1,1,success,64,28.236594976668723,22.93111677381806,9.82495322773618,58,1,30.0,0.45,20.0,1.0,25,1,200,0.002,100,10.0,1.0,0,49,0,0.765625,0.31023588479353637,-0.6789192378538309,1.9071047880185645,0.025521372628366276,0.03292408449096978,0.06343947130024613,1.686783471893953,0.9000077750759401,0.34225320022486494,0.6460795528983457,1.0778197211310088,1.0808293260079986,0.8817679154728018,291.6021194206323
659,10659,10659,10659,07025ed,solver_extremeB_s2,0,1,0,timeout,200,180.6418449125126,nan,nan,-1,1,30.0,0.45,20.0,1.0,25,1,200,0.002,100,10.0,1.0,0,187,0,0.935,0.387826002962285,-0.21235574399853563,-0.22205674340578252,0.025176358844470847,0.03521403564536356,0.08194183723737067,1.2795451142937033,0.7494422805651655,0.35685243952909473,0.47574503074494845,0.9865041747135832,1.0626346423169697,1.0252816251117993,24.141104609990283
660,10660,10660,10660,07025ed,solver_extremeB_s2,1,1,1,success,58,25.361420327552754,19.932777472953767,6.991619070705263,44,1,30.0,0.45,20.0,1.0,25,1,200,0.002,100,10.0,1.0,0,43,0,0.7413793103448276,0.30114619661142855,-0.46697027897483395,-0.6574644130951892,0.021307413926935515,0.03717063472278744,0.030338394069676904,1.0154855897561594,1.0582895694074206,0.31234552558613055,0.49964464181027557,1.0078259375975527,1.0682158482100697,0.8702819449280983,283.70606635849987
661,10661,10661,10661,07025ed,solver_extremeB_s2,1,1,1,success,60,19.110198961563082,10.136229759676546,4.113111250164383,46,1,30.0,0.45,20.0,1.0,25,1,200,0.002,100,10.0,1.0,0,42,0,0.7,0.35941488401909755,-0.40049687411263696,3.112939678126174,0.021135323107306554,0.03966491516674759,0.03037659367715889,1.4109582310312208,1.2582169105824117,0.338441426658663,0.6489117847140781,0.9550050657857526,1.0254765636644951,0.9186080509312446,286.7618718747147
662,10662,10662,10662,07025ed,solver_extremeB_s2,0,1,0,timeout,200,64.17161924171502,22.22785044957134,23.509566653506997,63,1,30.0,0.45,20.0,1.0,25,1,200,0.002,100,10.0,1.0,0,193,0,0.965,0.3545034028299279,-0.7034745398182762,-3.0849707091810634,0.02184589425162925,0.0340607707891416,0.07253106578683632,1.7662044445962088,1.2962864935899363,0.30185374719579655,0.721815929702337,1.028711023718474,1.0870307402937753,1.0070505544179156,55.93515103705914
663,10663,10663,10663,07025ed,solver_extremeB_s2,1,1,0,success,40,28.021599146649372,nan,nan,-1,1,30.0,0.45,20.0,1.0,25,1,200,0.002,100,10.0,1.0,0,35,0,0.875,0.33668649368935205,-0.17369382611672346,-0.04989026128957397,0.026720888389672227,0.030778372693999714,0.05494122700872548,1.657189400651173,0.9425628298574877,0.3566160254534016,0.5320304691287203,1.085927906623749,0.9846453569501518,1.213156889387901,234.1473842632632
664,10664,10664,10664,07025ed,solver_extremeB_s2,1,1,1,success,53,33.77494987705454,11.541312524556764,11.317177517969705,45,1,30.0,0.45,20.0,1.0,25,1,200,0.002,100,10.0,1.0,0,43,0,0.8113207547169812,0.362449678916986,-0.4337397365466792,-1.0008421135989733,0.023297735415096655,0.037218265393782764,0.035394541368461936,1.2283000898194645,1.0966785970770963,0.3354469754287502,0.3421647523352902,0.9711043310822023,1.0279685158766667,0.9756695796213711,282.4215302330766
665,10665,10665,10665,07025ed,solver_extremeB_s2,1,1,1,success,56,32.57738072712307,16.195903502422656,24.076396580275958,49,1,30.0,0.45,20.0,1.0,25,1,200,0.002,100,10.0,1.0,0,38,0,0.6785714285714286,0.3360762962759808,-0.6385701991815103,-2.245177432679808,0.02681838444036743,0.0319722391207942,0.11530152817378182,1.9645580569693057,0.9188514381093676,0.31173544252541546,0.34858945591794066,1.1105053381039487,0.9709843125937458,1.201151345607066,290.43220750535363
666,10666,10666,10666,07025ed,solver_extremeB_s2,1,1,1,success,52,19.036337419652497,22.69720267845262,1.4559783650967122,41,1,30.0,0.45,20.0,1.0,25,1,200,0.002,100,10.0,1.0,0,36,0,0.6923076923076923,0.3688931347024844,-0.3357088826449804,-0.15330922944926684,0.024516557825417666,0.03922725757501906,0.09627973304325833,1.1968472846424396,1.2840650096188573,0.3594084853302525,0.30820290443183473,1.0367627507276087,1.0281215101476568,0.8248035709488093,281.09874885790407
667,10667,10667,10667,07025ed,solver_extremeB_s2,1,1,1,success,53,3.2809854531420104,18.60363028766842,5.977815130958715,47,1,30.0,0.45,20.0,1.0,25,1,200,0.002,100,10.0,1.0,0,40,0,0.7547169811320755,0.30398908563227267,-0.44773855117313727,-1.7554577878801,0.020502853255726216,0.03155230832232947,0.03592050099676045,1.9737929229793052,1.366227765530734,0.38188278814335064,0.5247023119519889,1.0260994063132136,0.9281410493337845,1.189196498504385,288.17735682013625
668,10668,10668,10668,07025ed,solver_extremeB_s2,1,1,1,success,61,12.497769899487142,35.30965405538985,5.6229556900046305,55,1,30.0,0.45,20.0,1.0,25,1,200,0.002,100,10.0,1.0,0,42,0,0.6885245901639344,0.347549791646019,-0.37839585328230707,0.8128576014991178,0.021797541440682987,0.03847974115463058,0.06920849478124558,1.8606449072855709,1.346456566025846,0.31856000097086173,0.6514438013639237,1.0084523714044742,1.0318220377493537,0.8729981183258086,287.7635284878455
669,10669,10669,10669,07025ed,solver_extremeB_s2,1,1,1,success,64,24.332018263123256,21.55812298362002,4.967111678905217,58,1,30.0,0.45,20.0,1.0,25,1,200,0.002,100,10.0,1.0,0,46,0,0.71875,0.33848239244321,-0.6002693615150698,3.014677214228951,0.02322829680562176,0.03302817477591398,0.0715957767758399,1.1124271534472554,0.70525899602787,0.36052521954259986,0.6484885003277854,1.0858036997583245,1.0180658495490533,0.9686384664480652,293.1453245282471
670,10670,10670,10670,07025ed,solver_extremeB_s2,1,1,0,success,64,42.16642300118609,55.045288204008074,4.666876996912661,51,1,30.0,0.45,20.0,1.0,25,1,200,0.002,100,10.0,1.0,0,45,0,0.703125,0.34044870874183775,-0.2951407683297009,-3.0761954045219504,0.025002709394979544,0.031557899484135475,0.05644713696088341,1.2774292237991902,1.0026110210873054,0.3008872650201308,0.7061632511724177,1.0360517943111012,1.0390086751489371,0.9998444090811871,260.19844231039025
671,10671,10671,10671,07025ed,solver_extremeB_s2,1,1,1,success,48,12.205331510256661,1.3470172503186209,3.3395696732362685,43,1,30.0,0.45,20.0,1.0,25,1,200,0.002,100,10.0,1.0,0,31,0,0.6458333333333334,0.34651630676831485,-0.2885454791559111,-3.004165805393176,0.021026145353335184,0.037620452881804184,0.11452090977092318,1.1326252422379524,1.3060155421869275,0.3689472630785,0.2656149484774474,0.9943951508258942,0.9538976838542855,1.1641712082196047,281.1528344602586
672,10672,10672,10672,07025ed,solver_extremeB_s2,1,1,1,success,44,17.23481136006147,24.11583995219121,13.811480792391556,37,1,30.0,0.45,20.0,1.0,25,1,200,0.002,100,10.0,1.0,0,29,0,0.6590909090909091,0.36304152602338224,-0.26050600502711213,2.0267501832924726,0.02432758849034978,0.036815382284984016,0.07908786946578147,0.8382236220134522,1.1205998517556615,0.3209138073554308,0.2278042891408344,1.0709141349428115,1.123664504472776,0.9389245895390984,281.0140799991979
673,10673,10673,10673,07025ed,solver_extremeB_s2,1,1,1,success,56,4.499849644754435,20.723183230953158,10.839646549248007,48,1,30.0,0.45,20.0,1.0,25,1,200,0.002,100,10.0,1.0,0,35,0,0.625,0.3410191720344363,-0.414537600711386,0.8540994058778466,0.023645863414289776,0.039534110541919125,0.08354176848426437,1.3843355201587582,0.7035620904805708,0.3721554362520314,0.2405104201621783,0.9779177816053141,1.1016774398480944,0.9882859705088793,284.3965938553083
674,10674,10674,10674,07025ed,solver_extremeB_s2,1,1,1,success,51,11.539024515566199,21.533513490128005,16.555551363082,35,1,30.0,0.45,20.0,1.0,25,1,200,0.002,100,10.0,1.0,0,36,0,0.7058823529411765,0.3602353756629758,-0.19717954970288454,0.018355375174758937,0.022201860781486445,0.03804788576044733,0.05209332368155435,0.8023951815768574,1.276987927349695,0.31706857309188413,0.49894848987260154,1.029712656734904,0.9831357668543373,1.020607533929244,281.19785234920164
675,10675,10675,10675,07025ed,solver_extremeB_s2,1,1,1,success,58,19.60084183349441,21.794508037224162,2.722529905805986,55,1,30.0,0.45,20.0,1.0,25,1,200,0.002,100,10.0,1.0,0,32,0,0.5517241379310345,0.3132411912571462,-0.5204804746789782,-2.245801726272302,0.024889175425437355,0.03291675350938883,0.10048248421375612,1.1062547617899818,0.7699502670248465,0.38783024209370376,0.3442212499926365,0.9731833069103487,0.9674831724695476,1.2093996039332535,286.8648794443519
676,10676,10676,10676,07025ed,solver_extremeB_s2,1,1,1,success,56,40.62055209557441,14.309341091262901,26.56953414142489,44,1,30.0,0.45,20.0,1.0,25,1,200,0.002,100,10.0,1.0,0,42,0,0.75,0.3756636359312483,-0.2442830210332168,-0.24527926534751288,0.020881454402717155,0.03779393151336783,0.0522582368069365,0.9733609666138756,0.6956924498735637,0.36181921848409904,0.22050589560204273,1.0762979864726987,1.0880477895177842,1.0825651527318065,279.9015621177108
677,10677,10677,10677,07025ed,solver_extremeB_s2,1,1,1,success,65,17.06878190422989,45.494402516906774,22.038487749613424,53,1,30.0,0.45,20.0,1.0,25,1,200,0.002,100,10.0,1.0,0,55,0,0.8461538461538461,0.38216896794305644,-0.7072268352522899,2.555204303308849,0.023344202923571457,0.039696021327876974,0.10109634255520815,0.8278868652779112,0.8424792570849705,0.3839906510501996,0.1702657085987752,1.0521128111354283,1.0777625613752386,0.9509303460596454,288.14268625330794
678,10678,10678,10678,07025ed,solver_extremeB_s2,1,1,1,success,56,28.883038435411336,26.33698106239332,4.474780300160963,51,1,30.0,0.45,20.0,1.0,25,1,200,0.002,100,10.0,1.0,0,37,0,0.6607142857142857,0.34301052701211415,-0.5261054611425018,1.9590495572486875,0.026799966781650565,0.03522752477547805,0.0632221851605895,1.1998845102636246,0.7823862713648224,0.38441241410163907,0.34797281311019596,0.9504867263848217,1.052333380069878,0.880017145122029,288.54211874203486
679,10679,10679,10679,07025ed,solver_extremeB_s2,1,1,0,success,64,38.73019803799304,58.89294039448285,21.399532222261175,54,1,30.0,0.45,20.0,1.0,25,1,200,0.002,100,10.0,1.0,0,43,0,0.671875,0.3673129926927,-0.6430832144121276,-2.208537337607557,0.027297230695531836,0.03680974444364406,0.11839990253474363,1.1958010042598237,1.1755246297272626,0.3850657716660214,0.5446336823542106,1.0131406935941512,1.0510014250046478,1.1473344135873482,251.02498470600156
680,10680,10680,10680,07025ed,solver_extremeB_s2,1,1,1,success,58,5.734395795347075,10.183216514583327,6.446458837559859,50,1,30.0,0.45,20.0,1.0,25,1,200,0.002,100,10.0,1.0,0,39,0,0.6724137931034483,0.3433551189638003,-0.3162395652509693,-1.7057330882555422,0.02569122270452152,0.03787897107742369,0.0924468778430384,1.483559488835943,0.6229066102671416,0.34810825820507507,0.5239209250898788,1.0236102429464278,1.098289227612677,1.0940676946338714,284.94062787041304
681,10681,10681,10681,07025ed,solver_extremeB_s2,1,1,1,success,46,23.060710111673217,20.492615530413694,0.5450726463589294,41,1,30.0,0.45,20.0,1.0,25,1,200,0.002,100,10.0,1.0,0,36,0,0.782608695652174,0.33656081715418473,-0.4441027514663346,-1.876773295091274,0.02656404260414634,0.032556395672207986,0.07690377994194118,1.2269512718094078,1.1731096032117043,0.31467403750067474,0.1725764787443724,1.0844686134532058,1.0373616291355816,0.9406502515007324,282.80997981385303
682,10682,10682,10682,07025ed,solver_extremeB_s2,1,1,1,success,52,6.3752957081511346,19.298103746585472,25.110836477118013,44,1,30.0,0.45,20.0,1.0,25,1,200,0.002,100,10.0,1.0,0,35,0,0.6730769230769231,0.32487784901576444,-0.28854037215875566,-0.5177048223251361,0.021931042538174787,0.039275820436985326,0.04990057445191935,0.8386947389043494,0.8687670295322755,0.3285425188636752,0.4261673284030545,1.0990583339423836,1.0173521418652731,0.9885759304921018,281.9716156386821
683,10683,10683,10683,07025ed,solver_extremeB_s2,1,1,1,success,46,6.131833356413009,10.366815613575387,2.205946519910726,40,1,30.0,0.45,20.0,1.0,25,1,200,0.002,100,10.0,1.0,0,33,0,0.717391304347826,0.30506694102094434,-0.2568501441640747,-0.016734419729377947,0.023413554123550114,0.034101600207921114,0.055414722027373256,1.8328668370640975,1.0512895694648268,0.3248214798353814,0.29291618140411985,1.0500690126766468,1.0534850400723241,0.9900432653706139,280.8062206058007
684,10684,10684,10684,07025ed,solver_extremeB_s2,1,1,1,success,58,16.579370382305612,23.92695738280024,9.559331409829307,52,1,30.0,0.45,20.0,1.0,25,1,200,0.002,100,10.0,1.0,0,44,0,0.7586206896551724,0.33875261175197213,-0.6289819293868584,-2.018240434694038,0.020642436834487153,0.03712623894417477,0.11198908128958891,1.658266881738343,1.2802533706608972,0.35330009453222283,0.47572850876582407,1.0838021855816684,1.0991116030686812,0.9557030041887181,290.77893161337784
685,10685,10685,10685,07025ed,solver_extremeB_s2,1,1,1,success,52,27.7923677820612,49.239829166195975,15.553160407211145,48,1,30.0,0.45,20.0,1.0,25,1,200,0.002,100,10.0,1.0,0,41,0,0.7884615384615384,0.32569985721888317,-0.2835819517755171,1.4885758516808583,0.026287787908472266,0.032924145348873335,0.11218913547031546,1.9423283368520627,1.3134737717829106,0.3155884268260965,0.7268545779285284,1.0498601207815423,0.9904286365821015,0.9632007453605536,281.84778736690345
686,10686,10686,10686,07025ed,solver_extremeB_s2,1,1,1,success,60,2.9734604508400437,23.059617525622947,3.2239833691921604,52,1,30.0,0.45,20.0,1.0,25,1,200,0.002,100,10.0,1.0,0,46,0,0.7666666666666667,0.3851423465375359,-0.647586495685297,2.278936923108531,0.02611240790562789,0.03522340098050752,0.06320767160753313,0.8071587623688954,1.1212778053151047,0.38694144286410914,0.20098286415015543,1.0537356779567832,0.9902517431538815,1.02625666325521,289.30893636564826
687,10687,10687,10687,07025ed,solver_extremeB_s2,1,1,1,success,48,4.201558088129267,9.81310839172594,4.15837631171545,43,1,30.0,0.45,20.0,1.0,25,1,200,0.002,100,10.0,1.0,0,34,0,0.7083333333333334,0.3449169729518752,-0.4070722020400131,0.4746781488341951,0.02162849268386756,0.03584196080288733,0.06546258969914268,0.8783463635364993,0.9917464408572163,0.35079831835399244,0.2045661955740838,1.051662984445207,1.020224309370381,0.761094781815,283.1353370002863
688,10688,10688,10688,07025ed,solver_extremeB_s2,1,1,1,success,61,16.648236282705348,17.709772648130638,0.43289884323749456,48,1,30.0,0.45,20.0,1.0,25,1,200,0.002,100,10.0,1.0,0,47,0,0.7704918032786885,0.3044166313917682,-0.18090343161410916,2.5927051817169726,0.026653092493212155,0.03722355981011729,0.03334544239893142,1.5397241940230764,0.7103196262090019,0.3265746401860734,0.6066510437455133,1.0370233286235515,1.1039782366595008,0.9130197195656948,282.06229908494385
689,10689,10689,10689,07025ed,solver_extremeB_s2,1,1,1,success,70,44.40085597518405,10.542324542512034,8.62704173096607,63,1,30.0,0.45,20.0,1.0,25,1,200,0.002,100,10.0,1.0,0,53,0,0.7571428571428571,0.32485914946177874,-0.5657845641142099,2.0294320774534054,0.025733023082666454,0.03412517311145903,0.036029576116308235,1.01996827072796,0.8621511456224562,0.3659133385369527,0.5098897467826167,1.0294832297383936,1.0226904727639923,1.1307315940513842,285.7699227399095
690,10690,10690,10690,07025ed,solver_extremeB_s2,1,1,1,success,49,8.644602901957228,19.125278184450657,13.629773829657658,42,1,30.0,0.45,20.0,1.0,25,1,200,0.002,100,10.0,1.0,0,37,0,0.7551020408163265,0.30818585078948585,-0.19258218834367347,-0.37376471391111954,0.025309936820551993,0.038898130647816415,0.1031806007675017,1.8565139612139505,1.260997922807624,0.3732459842485938,0.3955674895751658,1.0617987702807652,0.992230243207449,1.3486871275249743,281.3958102604079
691,10691,10691,10691,07025ed,solver_extremeB_s2,1,1,1,success,46,12.156678228232202,17.788669902416277,8.403634135392787,32,1,30.0,0.45,20.0,1.0,25,1,200,0.002,100,10.0,1.0,0,34,0,0.7391304347826086,0.34429125798879817,-0.22087769893165266,-0.9520100709712991,0.024131355534989407,0.038394384915298674,0.10366616211576894,1.82325855220334,0.6231584555249243,0.3110592291884257,0.24417612086938226,1.0812817808953412,1.0100820381782984,0.8944792757351532,277.6953281168505
692,10692,10692,10692,07025ed,solver_extremeB_s2,1,1,1,success,51,33.77557495093149,31.932829561216035,9.302119012696158,45,1,30.0,0.45,20.0,1.0,25,1,200,0.002,100,10.0,1.0,0,37,0,0.7254901960784313,0.3024050889891856,-0.3610408589661093,-0.8002406903478634,0.023613331139923362,0.03450352971338971,0.06586470814279077,1.432625850379287,0.6756672918932174,0.31330449088488577,0.47220130843142355,0.9578682181955261,1.059919588370342,0.8903001186956184,284.02442647050714
693,10693,10693,10693,07025ed,solver_extremeB_s2,1,1,1,success,64,8.73947929294238,8.125527080262627,5.7727216000984845,59,1,30.0,0.45,20.0,1.0,25,1,200,0.002,100,10.0,1.0,0,49,0,0.765625,0.31985506276444803,-0.3245537108243787,-1.5794853028367164,0.02486061736946472,0.03165390470902573,0.11639732411200844,0.8540317456438318,1.3201843963652087,0.32389793139959605,0.707676300548425,0.9298886090355837,1.0187025210701444,1.1506126576609605,286.3513785464462
694,10694,10694,10694,07025ed,solver_extremeB_s2,1,1,1,success,53,29.0509248407706,25.46925579986398,18.12970553986922,47,1,30.0,0.45,20.0,1.0,25,1,200,0.002,100,10.0,1.0,0,43,0,0.8113207547169812,0.3386223774441504,-0.26914127451426434,0.36170228090214307,0.021300417329968017,0.03490194689801339,0.07091612935156441,1.4118140010237012,1.3508556809914052,0.3296134844108509,0.6611977491567924,1.0127323804665596,1.0754760789456126,0.9632820801182405,286.7811833825222
695,10695,10695,10695,07025ed,solver_extremeB_s2,0,1,1,timeout,200,32.21709789576576,45.6161711665376,0.0,200,1,30.0,0.45,20.0,1.0,25,1,200,0.002,100,10.0,1.0,0,190,0,0.95,0.37933446370498836,-0.7201075012921249,-2.7367993185095303,0.0251041439373673,0.034810861349175715,0.11190992510110613,1.3648996032839498,0.9330984621735039,0.3556608946209612,0.5850883259944571,1.024543354603433,1.0726455174744125,0.958317622243682,68.39902796391394
696,10696,10696,10696,07025ed,solver_extremeB_s2,1,1,1,success,69,9.699780472532055,15.391670856044197,2.255626038578145,64,1,30.0,0.45,20.0,1.0,25,1,200,0.002,100,10.0,1.0,0,54,0,0.782608695652174,0.37272331617742077,-0.2871988805043355,-2.0804177508153736,0.02640101962768058,0.03867674459184438,0.04806631199857596,1.4655039537410803,1.134896839638412,0.3219823299299152,0.3794411993680021,1.1282087506832885,1.0911873480066887,1.1781734067590945,284.5696936093316
697,10697,10697,10697,07025ed,solver_extremeB_s2,0,0,0,unsafe,18,314.4017247450298,nan,nan,-1,1,30.0,0.45,20.0,1.0,25,1,200,0.002,100,10.0,1.0,0,12,0,0.6666666666666666,0.3234233034209366,-0.33512337944501513,1.7066975040058976,0.023207312294780125,0.03515138553628933,0.05581866611330322,1.4941539603580685,0.9708034213406825,0.31646883602236925,0.6913795903013381,1.0445682042955813,1.0130247030393342,1.1694501409664348,-41.78743573312406
698,10698,10698,10698,07025ed,solver_extremeB_s2,1,1,1,success,55,22.521488095892185,25.488154067324903,3.193589617064712,45,1,30.0,0.45,20.0,1.0,25,1,200,0.002,100,10.0,1.0,0,31,0,0.5636363636363636,0.3224370273764866,-0.46112144545626754,-2.7689461748463993,0.02457019391121869,0.03855909912364107,0.06709961743910153,1.7987420565131864,1.1164347804213648,0.371939701782107,0.1845358209800645,1.0177575160982624,0.977728783637067,1.2608207989931093,282.72737450753596
699,10699,10699,10699,07025ed,solver_extremeB_s2,1,1,1,success,71,28.712341560283576,13.15899057855167,0.4332452744386637,68,1,30.0,0.45,20.0,1.0,25,1,200,0.002,100,10.0,1.0,0,41,0,0.5774647887323944,0.32637320284079535,-0.5286694221345345,-0.8186611399185106,0.02285258896818115,0.03765920555490623,0.06576008761113633,1.8216634590752943,0.9241128987672403,0.3768747950404514,0.36383876219364286,1.0321844164993117,1.0103163554940517,1.205021697997349,285.5067275336047
700,10700,10700,10700,07025ed,solver_extremeB_s2,1,1,1,success,53,36.71564027674046,19.781189872367804,22.20701410994906,46,1,30.0,0.45,20.0,1.0,25,1,200,0.002,100,10.0,1.0,0,39,0,0.7358490566037735,0.3401683410576595,-0.5850337081931368,-1.6994268000916728,0.021417244978203437,0.03164240289969154,0.06952313605125263,1.832044921022272,1.0024564643314695,0.31045747038685734,0.5255418469422285,1.0278814094514466,1.0832441871513083,0.99254056764627,287.1352387806834
701,10701,10701,10701,07025ed,solver_extremeB_s2,1,1,1,success,54,19.89044191120249,19.080590844038284,4.258059278876112,48,1,30.0,0.45,20.0,1.0,25,1,200,0.002,100,10.0,1.0,0,40,0,0.7407407407407407,0.3448347281177711,-0.3702001408369909,-2.7251727113524566,0.02268013463364755,0.033087445124866964,0.04615376057169919,1.15702541887023,0.7599164484841803,0.38429584422338803,0.33252073518045105,1.0222224143002474,1.075883449753648,1.1322436610731512,284.3086080214978
702,10702,10702,10702,07025ed,solver_extremeB_s2,1,1,1,success,50,13.76456650602851,22.342407615632343,8.815393410854611,45,1,30.0,0.45,20.0,1.0,25,1,200,0.002,100,10.0,1.0,0,36,0,0.72,0.36259060343367244,-0.4154389167351326,0.28040158488615674,0.02508111853811197,0.03334475550095365,0.10642035237080438,1.9074572348003505,0.9025639334817247,0.30010782324798774,0.5414021416854815,1.0748764532414543,0.9764955416785251,0.9992755013906062,286.3217588333375
703,10703,10703,10703,07025ed,solver_extremeB_s2,1,1,1,success,53,9.135642883643989,27.89619334955362,9.18843736753361,43,1,30.0,0.45,20.0,1.0,25,1,200,0.002,100,10.0,1.0,0,42,0,0.7924528301886793,0.3639563457105984,-0.5306951844487107,-2.5242225742691176,0.02222233620572235,0.03959145146865228,0.056834217176939456,1.8759284001372394,0.9834929744450176,0.36830220823513904,0.1785856878972799,0.9798901367515062,1.0501538627789109,0.9367178642529105,284.6787075794509
704,10704,10704,10704,07025ed,solver_extremeB_s2,1,1,1,success,64,15.9072608640815,16.625202328480807,20.105946018549304,46,1,30.0,0.45,20.0,1.0,25,1,200,0.002,100,10.0,1.0,0,46,0,0.71875,0.3445385868469142,-0.5347789405998451,-0.2509041832632808,0.025371444222531753,0.04010682876935856,0.06715129324903418,1.7438919476532702,1.099456663627447,0.3679592671070875,0.23551633964616248,1.0339098008811562,1.0390205761327553,0.9223089878523701,281.3604515800217
705,10705,10705,10705,07025ed,solver_extremeB_s2,1,1,1,success,70,17.33050823663366,47.794443814590885,16.179038915075047,51,1,30.0,0.45,20.0,1.0,25,1,200,0.002,100,10.0,1.0,0,54,0,0.7714285714285715,0.3641037182778292,-0.3634312654880592,1.887984360121287,0.021539277499882454,0.03000166144845765,0.057708292128385734,1.7778027561812535,1.366329906009236,0.3013743727952619,0.6835283346963668,1.0064585353422522,1.0016263224041226,0.9994586612839023,286.454139181322
706,10706,10706,10706,07025ed,solver_extremeB_s2,1,1,1,success,51,21.62534922500398,19.74485060096754,13.458410336921668,45,1,30.0,0.45,20.0,1.0,25,1,200,0.002,100,10.0,1.0,0,41,0,0.803921568627451,0.31813925214887784,-0.34010728410413454,-0.08532008991499085,0.0270364853567234,0.034598680594831906,0.051345861354890596,1.577943642921262,0.7470624208531149,0.30083539823949745,0.40826292912191636,1.0519232356463484,1.0431125195800937,0.9032338191197489,283.80342343660175
707,10707,10707,10707,07025ed,solver_extremeB_s2,1,1,1,success,52,9.953046137970123,23.61619318067736,11.346315998297316,43,1,30.0,0.45,20.0,1.0,25,1,200,0.002,100,10.0,1.0,0,39,0,0.75,0.36785622814745933,-0.31271802461198633,-0.14982883139221004,0.02265019161037236,0.0379386767169575,0.08086518330621463,1.1950713629702383,0.9250246863274394,0.3246191375865887,0.1724969581972213,0.9426596829043382,1.0231414578318085,1.054531336507274,281.3834840560434
708,10708,10708,10708,07025ed,solver_extremeB_s2,1,1,1,success,52,11.538905976767655,3.2523504655705047,13.083995942792418,40,1,30.0,0.45,20.0,1.0,25,1,200,0.002,100,10.0,1.0,0,36,0,0.6923076923076923,0.33651016509296033,-0.33600517961012066,1.7175240007927925,0.022888651432696683,0.03956790794603732,0.07499456666467705,1.117519264071487,1.3567585554266541,0.3558853954600763,0.24275146446586715,1.0676604896230182,1.032008172529505,1.0535137969541166,282.8375950917834
709,10709,10709,10709,07025ed,solver_extremeB_s2,1,1,1,success,57,4.484984059943455,53.32721226851142,32.87882029455047,47,1,30.0,0.45,20.0,1.0,25,1,200,0.002,100,10.0,1.0,0,45,0,0.7894736842105263,0.380571618902114,-0.6423627234893798,-1.320736074495856,0.02040416334794115,0.03868446853917719,0.06146407274570397,1.9948007562077323,0.8447360865128903,0.3573439196964911,0.23492697102807797,0.938018560447656,1.0759377927815423,0.9360915306861202,287.34540715942524
710,10710,10710,10710,07025ed,solver_extremeB_s2,1,1,1,success,63,19.558431996464375,30.445212680144582,4.939025628105925,57,1,30.0,0.45,20.0,1.0,25,1,200,0.002,100,10.0,1.0,0,45,0,0.7142857142857143,0.30356939568188945,-0.5557971444985169,1.9365347441084122,0.02663100987643173,0.03807846618858127,0.10154976107532818,1.1177275718834643,1.3719975490372558,0.36490622610041823,0.6890901674493447,1.0029982190547415,0.9800179857743414,1.1031961669152746,288.4068180871091
711,10711,10711,10711,07025ed,solver_extremeB_s2,1,1,1,success,51,19.928993394727392,12.960716477202126,1.4908766716591348,44,1,30.0,0.45,20.0,1.0,25,1,200,0.002,100,10.0,1.0,0,48,0,0.9411764705882353,0.3577522136038845,-0.5133832434668033,-2.4051995970973854,0.024962438540645487,0.0323163180120228,0.10940727362468575,1.3676406708839246,1.26254008635977,0.33346852967879886,0.2818239212299677,0.9683883751850696,1.0208672790986177,1.0032966927541742,286.1574458763076
712,10712,10712,10712,07025ed,solver_extremeB_s2,1,1,1,success,54,15.18561956740757,11.121557844438067,12.599136600010114,48,1,30.0,0.45,20.0,1.0,25,1,200,0.002,100,10.0,1.0,0,42,0,0.7777777777777778,0.3504602090147447,-0.40870759373288645,-0.1737765225995429,0.022108091130996804,0.030699970941100625,0.06976056208041043,1.4358481477057825,0.7017006584490532,0.3594379929003695,0.6357524783291926,1.0526926964891319,1.0347599971941301,0.993750383152539,284.7902815089061
713,10713,10713,10713,07025ed,solver_extremeB_s2,1,1,1,success,73,25.02893108272936,11.777499864384438,14.867172947220874,63,1,30.0,0.45,20.0,1.0,25,1,200,0.002,100,10.0,1.0,4,59,0,0.8082191780821918,0.38336996287127667,-0.6530184839997732,1.8609194307397328,0.021596675191530985,0.03702507131006208,0.05829623626167278,0.9782015646345984,1.1022122704334998,0.3198007116276799,0.5807086760326312,0.9584958329256745,1.1052407662588983,1.0410619109114163,289.1095805899896
714,10714,10714,10714,07025ed,solver_extremeB_s2,1,1,1,success,49,7.5180170748738435,43.642603046930034,16.751287974051774,42,1,30.0,0.45,20.0,1.0,25,1,200,0.002,100,10.0,1.0,0,41,0,0.8367346938775511,0.37373830006712244,-0.5500635387756168,-2.696768682913908,0.02417773077871076,0.031892126122247406,0.03325633314035702,1.4892984127340747,1.0327778086882837,0.34593141739122446,0.18811929074240863,1.057149702505426,1.1388370067898461,1.2128075700185315,286.3885032608663
715,10715,10715,10715,07025ed,solver_extremeB_s2,1,1,1,success,49,10.153496300631689,13.891396945030383,8.368576504695715,44,1,30.0,0.45,20.0,1.0,25,1,200,0.002,100,10.0,1.0,0,39,0,0.7959183673469388,0.32101002898352415,-0.36960613018482436,2.7999242144926972,0.02398518866755737,0.03259609401665526,0.054014269445865855,0.9733586367848753,0.7704938502264479,0.3762250069291072,0.25051979074280767,1.0366743373623313,1.048720126767701,1.104526371776176,283.7479887862014
716,10716,10716,10716,07025ed,solver_extremeB_s2,1,1,1,success,57,17.748590861876544,24.80047912968765,15.225880525306081,40,1,30.0,0.45,20.0,1.0,25,1,200,0.002,100,10.0,1.0,0,48,0,0.8421052631578947,0.36410479651128613,-0.43311962442086016,2.2554894622701838,0.02196543989543368,0.03449713340456067,0.04924992160491538,1.1922667984569097,1.2029507196889428,0.34870870403157034,0.24448568577375107,0.9766215994391306,0.9336304064825836,0.997869216322605,281.25174463068583
717,10717,10717,10717,07025ed,solver_extremeB_s2,1,1,1,success,74,28.79940432630411,22.548902515664885,0.4001350353870076,71,1,30.0,0.45,20.0,1.0,25,1,200,0.002,100,10.0,1.0,0,56,0,0.7567567567567568,0.38594322467341385,-0.5780884351173357,1.2873185941634064,0.026949193260097447,0.03481358479775432,0.08815683261997294,1.2587400009830534,1.0668025174917946,0.35510447328630057,0.3089695279077166,1.1106570226364083,1.028398794518916,0.8970028711235891,280.78473445810226
718,10718,10718,10718,07025ed,solver_extremeB_s2,1,1,1,success,49,21.441358073240696,23.25830784762171,15.290266432109425,41,1,30.0,0.45,20.0,1.0,25,1,200,0.002,100,10.0,1.0,0,32,0,0.6530612244897959,0.3627804551372168,-0.1746843862309213,-2.069912229311833,0.02072197869620499,0.039694865474629595,0.06269682648306207,1.0483287803727481,0.7624915230486979,0.3224034276541664,0.47807962838672646,1.0586602651382353,1.045455305889247,1.0325526171797539,280.96596932647225
719,10719,10719,10719,07025ed,solver_extremeB_s2,1,1,1,success,50,30.48002913242485,32.92531349085282,7.939362559345107,43,1,30.0,0.45,20.0,1.0,25,1,200,0.002,100,10.0,1.0,0,34,0,0.68,0.3421784965090121,-0.674112943009897,-1.5399892453069508,0.02145549284782421,0.03664661731397542,0.11209004169378013,0.9829624684291495,1.117633991837562,0.3504330179789979,0.18319612247801195,1.0699470378064881,1.0617410330880135,1.0154292870456634,285.54420832687754
720,10720,10720,10720,07025ed,solver_extremeB_s2,1,1,1,success,57,8.630991989738137,6.080887252470229,2.868507060266169,52,1,30.0,0.45,20.0,1.0,25,1,200,0.002,100,10.0,1.0,0,40,0,0.7017543859649122,0.3749097195381802,-0.3672807942607023,-2.078047830436487,0.02245482180638391,0.03414172348138646,0.05866180585231207,0.8194059058517121,1.3374756093437234,0.37630812944823555,0.43801848271453747,1.0227388190812652,1.0910961232731675,1.1635906769862367,287.6346259948111
721,10721,10721,10721,07025ed,solver_extremeB_s2,1,1,1,success,61,22.592011922174652,27.958922075229808,6.499734853125752,49,1,30.0,0.45,20.0,1.0,25,1,200,0.002,100,10.0,1.0,0,56,0,0.9180327868852459,0.3876015308441767,-0.5921700247422226,-0.44720861845037474,0.02701097354968849,0.03957011454604684,0.0931949366927051,1.4216768742416332,0.8156074893142543,0.3591368807478181,0.3804594899467311,1.1374001200041755,1.0050164926271885,1.1683915069956532,289.6230242464607
722,10722,10722,10722,07025ed,solver_extremeB_s2,1,1,1,success,61,22.484105493710008,39.824585160218,14.360437746866038,47,1,30.0,0.45,20.0,1.0,25,1,200,0.002,100,10.0,1.0,0,47,0,0.7704918032786885,0.3896258473026511,-0.40003578225599623,1.4354053415412036,0.024739943149853155,0.03969331532834777,0.09686309664766352,1.1528748186636912,1.2804664513729322,0.30067003959538496,0.550926996597944,1.0486071778124306,1.0699458645187438,1.1730005259796967,283.54611686342344
723,10723,10723,10723,07025ed,solver_extremeB_s2,1,1,1,success,48,14.393295791165613,12.885150559851548,7.951112192769229,41,1,30.0,0.45,20.0,1.0,25,1,200,0.002,100,10.0,1.0,0,34,0,0.7083333333333334,0.3454867078568787,-0.20234890467478872,-3.1019338898297653,0.02318260309652535,0.03819726639020734,0.06054546067881261,1.0668215441084714,0.8828345684511323,0.38422360852154525,0.3198342408571707,1.0599528671034992,1.0348326585691177,0.9861558415163632,279.8266631417447
724,10724,10724,10724,07025ed,solver_extremeB_s2,1,1,1,success,88,28.78962272640197,46.75752827272397,7.245145987225521,76,1,30.0,0.45,20.0,1.0,25,1,200,0.002,100,10.0,1.0,0,67,0,0.7613636363636364,0.31751030944028275,-0.709719454364674,1.1551243861844114,0.02524725591640969,0.03857869508746804,0.033011256262006496,0.8706666410784509,0.6479943927645528,0.36288999020719565,0.5240789999086005,1.0312410082017038,0.9791692873836438,1.0492328887369935,289.6277716965023
725,10725,10725,10725,07025ed,solver_extremeB_s2,1,1,1,success,65,22.55216940556004,17.400142545398683,10.667695746859211,59,1,30.0,0.45,20.0,1.0,25,1,200,0.002,100,10.0,1.0,0,46,0,0.7076923076923077,0.3359311071545105,-0.5691023048196144,-2.5283557101645124,0.024136552595603752,0.03180854285946395,0.07841193628322728,1.0645612083436724,0.994961096874873,0.36948540859178586,0.623840420977091,1.034137233166177,0.9512620718859114,0.865022523662217,287.2651094439372
726,10726,10726,10726,07025ed,solver_extremeB_s2,1,1,1,success,52,10.32591184431345,22.487455723497607,15.86115049793789,41,1,30.0,0.45,20.0,1.0,25,1,200,0.002,100,10.0,1.0,0,37,0,0.7115384615384616,0.37725825225607845,-0.2522617944760412,0.7631033349656202,0.020576886263638555,0.03899350505662311,0.11560268498991341,1.6629538950329668,1.2711637254062154,0.37233278882552595,0.5472143329964769,0.9755825733541518,0.9912930842919943,1.0021474536092068,283.73281185380216
727,10727,10727,10727,07025ed,solver_extremeB_s2,1,1,1,success,51,29.566061821971953,12.86328267729725,21.183141548057016,45,1,30.0,0.45,20.0,1.0,25,1,200,0.002,100,10.0,1.0,0,38,0,0.7450980392156863,0.32387280744825764,-0.213677446727508,-2.114025968352096,0.02746017458917658,0.03803090088480932,0.06594261875539842,1.8762445192233466,0.8757192823438575,0.35196928966411706,0.4226327011090183,0.9522995747331817,1.0564675452465233,0.995842153394956,280.9196083295849
728,10728,10728,10728,07025ed,solver_extremeB_s2,1,1,1,success,52,16.362686903547424,24.50447473669016,9.702351405632063,43,1,30.0,0.45,20.0,1.0,25,1,200,0.002,100,10.0,1.0,0,36,0,0.6923076923076923,0.34192780119780514,-0.35508314918641676,0.0717078709612089,0.0220425641734088,0.03339834406095677,0.08225807790996503,1.7961284039346883,0.8656859020219239,0.3196592382767849,0.3895772902153983,1.026579241106815,1.0218140185011833,1.114576404127283,284.25800584257604
729,10729,10729,10729,07025ed,solver_extremeB_s2,0,0,0,unsafe,21,335.64858097421603,nan,nan,-1,1,30.0,0.45,20.0,1.0,25,1,200,0.002,100,10.0,1.0,0,14,0,0.6666666666666666,0.34177053719824174,-0.6699692028062945,-2.2673735623655435,0.025903996462864433,0.03502067270781216,0.0872880661885202,0.979928559102484,1.17506704925876,0.33471972626438595,0.36748508339905084,1.0432544684909955,1.0188206677420877,0.9712480294327641,-39.12716554555122
730,10730,10730,10730,07025ed,solver_extremeB_s2,1,1,0,success,102,38.748923820696376,54.414145868469994,64.7077542326377,81,1,30.0,0.45,20.0,1.0,25,1,200,0.002,100,10.0,1.0,0,92,0,0.9019607843137255,0.35257855166397006,-0.37692566959729806,2.614392512195728,0.025882318040418167,0.030881629316967637,0.06170630352405546,1.5835524431061723,0.8362811958604264,0.302411867596264,0.463225697288829,1.0486635420504071,1.0214608009930006,0.9929541241939037,273.9056435380816
731,10731,10731,10731,07025ed,solver_extremeB_s2,1,1,1,success,54,23.083568592992158,7.503041576457371,17.26201661374922,42,1,30.0,0.45,20.0,1.0,25,1,200,0.002,100,10.0,1.0,0,41,0,0.7592592592592593,0.3026146846485044,-0.20420883015140068,0.8142765551421114,0.026889180933609,0.03966828354563139,0.08457130011590058,1.1137548015378018,0.8213093323639454,0.3805958909780327,0.2905582868909429,1.0436330919167567,1.0186143413466737,1.1839535758086104,280.70909799840695
732,10732,10732,10732,07025ed,solver_extremeB_s2,1,1,1,success,53,20.855054734699515,19.663276227544007,12.863579395548891,46,1,30.0,0.45,20.0,1.0,25,1,200,0.002,100,10.0,1.0,0,36,0,0.6792452830188679,0.3686842506353364,-0.40553232397166766,2.8710632270448873,0.021734077998952606,0.03388134945002025,0.04129180680194556,1.7801900695846526,1.0137758315060637,0.3306837277852449,0.4517740807521221,0.9745933613857227,0.9974494481567618,1.0003735665315996,286.79549439740714
733,10733,10733,10733,07025ed,solver_extremeB_s2,0,0,0,timeout,200,203.77719946251761,nan,nan,-1,1,30.0,0.45,20.0,1.0,25,1,200,0.002,100,10.0,1.0,0,176,0,0.88,0.3023802660524138,-0.36124090112665874,-2.139234121985959,0.02490841259225728,0.031203514876184665,0.06652339999986903,1.6261114506244088,1.1865624410775464,0.3638770194580807,0.21664808254666795,0.9370837714511175,1.041255367306405,1.2698634061211709,-6.569935035144503
734,10734,10734,10734,07025ed,solver_extremeB_s2,1,1,1,success,48,9.113526290544499,26.09577029483688,34.08453959371737,42,1,30.0,0.45,20.0,1.0,25,1,200,0.002,100,10.0,1.0,0,36,0,0.75,0.31914694700647983,-0.3899600729942486,0.652941022005566,0.022141399492627268,0.03339432814138031,0.10081864857504685,1.1926271128771893,0.8541246782383792,0.3478371500127156,0.40856316715725927,0.9221158201324274,1.0096285806731018,1.082609589058447,283.3092549503483
735,10735,10735,10735,07025ed,solver_extremeB_s2,1,1,1,success,45,12.069088425846356,24.326080437262736,10.322410159459341,36,1,30.0,0.45,20.0,1.0,25,1,200,0.002,100,10.0,1.0,0,36,0,0.8,0.3192354915321571,-0.23504974793013445,-2.2735157266587054,0.022992370575781695,0.03820407934997109,0.08452174001106905,1.695628469653315,1.11175581261211,0.31218136574550226,0.3311955879835572,0.9879641573748074,0.9972534154509891,0.9435591985098248,279.13931211238844
736,10736,10736,10736,07025ed,solver_extremeB_s2,1,1,1,success,47,7.884359327203584,11.035524473563084,3.9588192969932465,40,1,30.0,0.45,20.0,1.0,25,1,200,0.002,100,10.0,1.0,0,29,0,0.6170212765957447,0.3359669215070787,-0.19870323314777838,2.1568320889249186,0.02208110362302305,0.0361566926776518,0.07151075751879743,1.338212466072057,0.8082453678841583,0.3417531369457185,0.19230284190017757,1.0490291204595874,1.078618844300867,1.1121035427093273,280.58376629727786
737,10737,10737,10737,07025ed,solver_extremeB_s2,1,1,1,success,51,5.028196744340103,11.517430434074765,12.437561989270256,46,1,30.0,0.45,20.0,1.0,25,1,200,0.002,100,10.0,1.0,0,36,0,0.7058823529411765,0.36438369195529297,-0.4796427156447429,1.6729549945134243,0.023775183455659894,0.03242988455628418,0.06663474715707898,1.129990146542626,0.9113373012987924,0.3476175427098905,0.32267583283725637,0.9498633840179387,1.036644162803769,0.9723666980297854,286.89755383762594
738,10738,10738,10738,07025ed,solver_extremeB_s2,1,1,1,success,73,35.70427013188049,29.00373923430642,29.909721214851952,58,1,30.0,0.45,20.0,1.0,25,1,200,0.002,100,10.0,1.0,0,61,0,0.8356164383561644,0.36289838246197903,-0.4250010407601524,-0.35852586741666714,0.02204569878689425,0.03876188921138522,0.03503894784542676,0.995392745166988,0.8575750499381541,0.37020127075250386,0.6818956852957028,1.1382621124148578,1.041724779853696,1.1069128154896362,286.73456725875377
739,10739,10739,10739,07025ed,solver_extremeB_s2,1,1,1,success,62,21.74758518985876,23.711875041617155,20.351000576734762,51,1,30.0,0.45,20.0,1.0,25,1,200,0.002,100,10.0,1.0,3,45,0,0.7258064516129032,0.3781390101134279,-0.6694815914387983,-1.0557689712644693,0.020556539983088977,0.03615760965523601,0.03613739019605217,1.5379337978869638,0.9333361565910592,0.31543013391753577,0.24041332912300759,1.0662584192689548,1.0652352742125728,1.0001403712198211,288.4436339696139
740,10740,10740,10740,07025ed,solver_extremeB_s2,1,1,1,success,51,25.477586283516295,27.607190439019654,9.266923075130874,47,1,30.0,0.45,20.0,1.0,25,1,200,0.002,100,10.0,1.0,0,38,0,0.7450980392156863,0.31058697432582705,-0.41046723280103975,2.170961229403826,0.026849618301201836,0.031852677730319655,0.06786820059708773,1.6474281758475438,1.299596550234599,0.3109371864562677,0.6243153835050169,0.9304901251750312,0.9813138196565038,1.1510201336197192,285.29827153934656
741,10741,10741,10741,07025ed,solver_extremeB_s2,1,1,1,success,58,14.219933308644592,26.17841884472132,5.894607135697405,49,1,30.0,0.45,20.0,1.0,25,1,200,0.002,100,10.0,1.0,0,42,0,0.7241379310344828,0.3842530811501379,-0.5866893087066165,-1.9588567817029217,0.024299660530441504,0.03729402846391838,0.04764371698531843,1.993613105316732,1.1748658592745573,0.33355998336276693,0.27438718613485114,1.0313658785529565,1.0750899240971887,1.1833737266084152,287.7940325858741
742,10742,10742,10742,07025ed,solver_extremeB_s2,1,1,1,success,56,13.054307015504303,14.12806568712029,1.905650465571076,53,1,30.0,0.45,20.0,1.0,25,1,200,0.002,100,10.0,1.0,0,42,0,0.75,0.3258434026203056,-0.26910518529011257,2.4591973776037523,0.027061885049487026,0.037827780444886584,0.10819502650561891,1.4246710821519097,1.299890638216495,0.3570459340070665,0.6782982675849737,0.9722442980364645,1.054427681113861,0.9600716477709033,284.1839932221761
743,10743,10743,10743,07025ed,solver_extremeB_s2,0,1,0,timeout,200,120.30416918387684,nan,nan,-1,1,30.0,0.45,20.0,1.0,25,1,200,0.002,100,10.0,1.0,0,189,0,0.945,0.37492681542714906,-0.1823262808719679,1.3386871111129874,0.020692102391382524,0.03552468001752509,0.04271110854881371,0.9261249205934557,1.07587197633748,0.3137426057050162,0.33859272834262016,1.0186095849205734,1.0379922816437537,1.0820412766543208,24.70959193142704
744,10744,10744,10744,07025ed,solver_extremeB_s2,1,1,1,success,50,31.34131486126325,28.44182356246249,0.8797675104672487,45,1,30.0,0.45,20.0,1.0,25,1,200,0.002,100,10.0,1.0,0,39,0,0.78,0.37774470167683155,-0.29655634766103556,-2.4915135026138677,0.023670063046171537,0.0402176722625177,0.11571716420943742,1.744988002164277,0.8051812624786456,0.3479864361878859,0.3442105840739084,1.0419708981833298,0.9913189115383949,0.8841875098950766,280.95116288881457
745,10745,10745,10745,07025ed,solver_extremeB_s2,1,1,1,success,61,16.471826365293207,13.989499293238651,10.857714270933048,54,1,30.0,0.45,20.0,1.0,25,1,200,0.002,100,10.0,1.0,0,46,0,0.7540983606557377,0.33926314732836277,-0.5790470726463102,2.2959259129600325,0.021283141417383557,0.04011283201584854,0.11695693349903423,1.7180904653047109,0.9683388805981601,0.36495453925797305,0.6164558402753739,1.0406778676283694,0.9799855105799474,1.0097859513161036,290.0294878473795
746,10746,10746,10746,07025ed,solver_extremeB_s2,1,1,1,success,50,5.737385428718965,11.614060028594787,4.558707684572457,45,1,30.0,0.45,20.0,1.0,25,1,200,0.002,100,10.0,1.0,0,39,0,0.78,0.3173400980434174,-0.5297186741951356,3.0898864478552728,0.026157680061275116,0.038558744958097406,0.09445329094339608,1.2657565414609615,0.9713845727207588,0.3840438724336996,0.33852592299431233,0.9321210317301531,1.0426334892676548,1.070954136997391,286.48400084757196
747,10747,10747,10747,07025ed,solver_extremeB_s2,1,1,1,success,63,16.470958190674814,20.67645958048897,11.682208832516647,54,1,30.0,0.45,20.0,1.0,25,1,200,0.002,100,10.0,1.0,0,50,0,0.7936507936507936,0.3151485557169482,-0.5384669058735887,1.5657846183322066,0.023475246144731617,0.03974673958523335,0.07997080061010875,1.3269470638184857,0.8290141611695585,0.3276359032028087,0.727308405505934,0.9121536135734142,1.0551604510568602,1.1809686551441867,288.7122854692645
748,10748,10748,10748,07025ed,solver_extremeB_s2,0,1,0,timeout,200,46.746681082984196,17.67955327768439,16.02551153567838,52,1,30.0,0.45,20.0,1.0,25,1,200,0.002,100,10.0,1.0,0,184,0,0.92,0.3780160866873507,-0.34097927026052255,1.04311613311181,0.025629160246384418,0.03338433857225349,0.035555008660691806,1.284698816668505,1.396813912717717,0.34308528026082064,0.6178968155760785,1.0216399269347267,1.044867856624226,1.1161928917863588,45.38658575688571
749,10749,10749,10749,07025ed,solver_extremeB_s2,1,1,1,success,72,32.309299550115874,25.361379030865848,10.463020350495997,60,1,30.0,0.45,20.0,1.0,25,1,200,0.002,100,10.0,1.0,0,68,0,0.9444444444444444,0.387733397961178,-0.652350951602046,-2.898053176618416,0.02353079852758405,0.038802259158325435,0.10035754913526237,1.7708045390781866,0.8099986930637215,0.3726527518579755,0.6906466302296778,1.07200467010184,0.9977654755557713,1.092653571755327,292.7292625071805
750,10750,10750,10750,07025ed,solver_extremeB_s2,1,1,1,success,61,22.961626889252095,20.26993886677494,7.122986741961271,54,1,30.0,0.45,20.0,1.0,25,1,200,0.002,100,10.0,1.0,0,42,0,0.6885245901639344,0.359409499433817,-0.559020000197152,-1.8402140844229875,0.02235293651212664,0.031610843940594865,0.06668692063158328,0.8991945014369165,0.7600279667912564,0.31492184911222687,0.4540933671814713,0.9744570205558031,1.0153301537697161,0.9821921009921384,281.090448063936
751,10751,10751,10751,07025ed,solver_extremeB_s2,0,1,1,timeout,200,24.92758315510457,38.099934463032724,0.018328733418414057,199,1,30.0,0.45,20.0,1.0,25,1,200,0.002,100,10.0,1.0,0,186,0,0.93,0.330467156029906,-0.48719171699373937,2.635924970478219,0.024147230047932743,0.03628723781076154,0.07426827008012839,1.9270822989191168,1.3857032171498507,0.3621287384619952,0.43304401109489943,1.0344558799280057,1.004445107972342,1.0225887130234441,82.24079841471531
752,10752,10752,10752,07025ed,solver_extremeB_s2,1,1,1,success,54,19.22398030651947,26.313158057501333,3.3330170271903294,45,1,30.0,0.45,20.0,1.0,25,1,200,0.002,100,10.0,1.0,0,41,0,0.7592592592592593,0.3515237023385106,-0.2834008856228892,-0.22418799733469408,0.026704646994095665,0.03798113930850312,0.09429377040741628,1.9894840171280308,0.8716048040730294,0.33335309649048245,0.6679168175916704,1.0503844860710156,1.1164420136525173,1.132908434338722,281.36967032344523
753,10753,10753,10753,07025ed,solver_extremeB_s2,1,1,1,success,76,9.24569220529726,16.817309611360677,6.760231292135551,62,1,30.0,0.45,20.0,1.0,25,1,200,0.002,100,10.0,1.0,0,56,0,0.7368421052631579,0.3176770882428725,-0.6824454063498815,1.2442203339970996,0.02101602674837726,0.0400252899410776,0.08475142106528309,1.2982945562475858,1.2089340845733028,0.359852290678002,0.6344079920713195,0.9768803151176223,1.1037225918325766,0.9993335157807364,293.41527282125907
754,10754,10754,10754,07025ed,solver_extremeB_s2,1,1,1,success,44,11.109035659658314,34.629050132143874,22.44532081320228,39,1,30.0,0.45,20.0,1.0,25,1,200,0.002,100,10.0,1.0,0,38,0,0.8636363636363636,0.37353472640399604,-0.5564822809401659,-2.15826815716739,0.020823955673215107,0.03356247666135585,0.1040590020102911,1.518148560796054,0.8862208640362353,0.31472878004266475,0.1775442711289152,1.0033259127183438,0.9416762868087701,0.9939009926597232,284.0318812722891
755,10755,10755,10755,07025ed,solver_extremeB_s2,1,1,1,success,57,28.167708691522275,24.74820945765905,16.248816592000374,51,1,30.0,0.45,20.0,1.0,25,1,200,0.002,100,10.0,1.0,0,49,0,0.8596491228070176,0.36977958119522003,-0.6591753583574289,-0.026956305899110244,0.025543884088362938,0.03251019082263757,0.11689748724578058,1.859850460126972,0.6450981662815402,0.35166344560534996,0.28612643753358835,1.0653225249189244,1.0768274183432849,1.2159368362278284,289.23982948969945
756,10756,10756,10756,07025ed,solver_extremeB_s2,1,1,1,success,80,11.6710368311579,53.227838700531585,31.034907799040266,43,1,30.0,0.45,20.0,1.0,25,1,200,0.002,100,10.0,1.0,0,71,0,0.8875,0.35978935605320655,-0.5669955480428512,-2.7605625601797383,0.02579741427719944,0.03567206739843682,0.040199944874796306,0.8872333583559273,1.3418705251137792,0.37483844796307697,0.2621135507975519,1.1284956794571088,1.0153394351324894,1.1871911913742121,282.8431840719485
757,10757,10757,10757,07025ed,solver_extremeB_s2,1,1,1,success,60,10.667860560225103,10.543884817067212,10.609390655755552,55,1,30.0,0.45,20.0,1.0,25,1,200,0.002,100,10.0,1.0,0,44,0,0.7333333333333333,0.3728952112043986,-0.6110761271570466,1.7968862189155344,0.025295621883890246,0.03220351823102136,0.09551829509249128,1.4010386039672067,1.0692266334294087,0.3543278643423585,0.3947876543903739,1.042934362418858,1.1043092926277145,1.1616960290644973,289.82984743170294
758,10758,10758,10758,07025ed,solver_extremeB_s2,0,1,1,timeout,200,18.945585472887274,31.144691131242592,0.0,200,1,30.0,0.45,20.0,1.0,25,1,200,0.002,100,10.0,1.0,0,188,0,0.94,0.324311453787329,-0.3368466140082298,1.7514527234709538,0.026981294904698867,0.03304639002053233,0.09271143224313048,1.05198287904902,0.7409815283196082,0.35116514054826264,0.4010816817564916,1.0590611570327997,1.0013812109064297,1.2016490775412239,69.31489517425312
759,10759,10759,10759,07025ed,solver_extremeB_s2,1,1,1,success,61,22.282133368386035,14.442362915793742,19.641599579397997,51,1,30.0,0.45,20.0,1.0,25,1,200,0.002,100,10.0,1.0,0,45,0,0.7377049180327869,0.3307887776810025,-0.7049823208975294,1.0054484045705445,0.02390342075019103,0.030050317887175236,0.07009384491856732,1.2084760226260727,0.7598863618829415,0.30413600632675813,0.17634091638065816,1.0225165120270427,1.0632020750971485,1.1378074297237548,288.8678713063444
760,10760,10760,10760,07025ed,solver_extremeB_s2,1,1,1,success,60,28.03015328958253,22.081767273197016,0.8685633917642478,57,1,30.0,0.45,20.0,1.0,25,1,200,0.002,100,10.0,1.0,0,48,0,0.8,0.34227686911446487,-0.510175647828073,-0.6586976892685148,0.026602662179314996,0.03862215071074716,0.05189173520907788,1.6409324641013079,1.2586429612531185,0.30914125853843305,0.23736428181779912,1.0465567377954323,0.952238422939471,1.1839180531173628,284.4268638456944
761,10761,10761,10761,07025ed,solver_extremeB_s2,1,1,1,success,52,26.49951105516618,27.699839158661316,10.487008199534767,48,1,30.0,0.45,20.0,1.0,25,1,200,0.002,100,10.0,1.0,0,39,0,0.75,0.3398140741164578,-0.5251381775729451,0.27493013256521204,0.02343427555528286,0.03118902456145185,0.05261322865626143,1.7723700796954416,0.6817492717237064,0.30733309591997504,0.45636609501349457,1.0287074817439559,0.9465506624747189,0.9954326222288757,287.301812013811
762,10762,10762,10762,07025ed,solver_extremeB_s2,1,1,1,success,52,6.224254021274983,20.432807130431506,13.838797674516725,45,1,30.0,0.45,20.0,1.0,25,1,200,0.002,100,10.0,1.0,0,40,0,0.7692307692307693,0.3549345490239115,-0.3303571099038919,1.3401959485563548,0.023652465252816304,0.03953593985887537,0.10916536251175352,0.8268314412791753,0.9779615517633148,0.324266092328514,0.542741742360701,1.054202417613993,0.9948042087135818,0.9143550489645975,284.8034524341132
763,10763,10763,10763,07025ed,solver_extremeB_s2,1,1,1,success,58,27.885387897622326,25.365523262045095,7.1340123234583555,52,1,30.0,0.45,20.0,1.0,25,1,200,0.002,100,10.0,1.0,0,40,0,0.6896551724137931,0.31511304010820346,-0.35172484059045706,1.116334526521972,0.02557895731899699,0.0362542696564338,0.11804968609864668,1.4467600545285455,0.8098439401417241,0.38872101396221137,0.6976981604499473,1.0215196178976649,1.034543665844949,1.0293538996594966,287.0552199584638
764,10764,10764,10764,07025ed,solver_extremeB_s2,1,1,1,success,50,15.223260681041815,9.196170801274208,16.722340386751572,39,1,30.0,0.45,20.0,1.0,25,1,200,0.002,100,10.0,1.0,0,37,0,0.74,0.33302958251556547,-0.17564684037584855,1.2277057631894852,0.02100627051528738,0.037415815578692314,0.03304387569323546,1.5944541113781106,0.9745399170565743,0.3651455463033265,0.36670802252852885,0.940666012413274,1.0884924826179003,1.046003858280534,280.7186806444231
765,10765,10765,10765,07025ed,solver_extremeB_s2,1,1,1,success,45,11.23297098276389,19.521407909372094,12.344838265469793,40,1,30.0,0.45,20.0,1.0,25,1,200,0.002,100,10.0,1.0,0,40,0,0.8888888888888888,0.3131610286899641,-0.5554780640006758,-1.2903395874974044,0.02144816042176867,0.030292135156987365,0.0724850740547108,1.0203764675171998,1.2418630693979615,0.317274306177769,0.20788032484030483,1.0330767308160143,1.026861107851298,0.9198083149351644,284.11527240603823
766,10766,10766,10766,07025ed,solver_extremeB_s2,1,1,1,success,56,19.128757848096072,15.990998500715135,4.141721898747258,51,1,30.0,0.45,20.0,1.0,25,1,200,0.002,100,10.0,1.0,0,44,0,0.7857142857142857,0.3394220474677289,-0.5974401443089725,2.6803490736079203,0.02366953462800341,0.035535353886592,0.05627250196475442,1.2260884101696392,0.8373490337382529,0.32057745072354865,0.5539958660763947,1.041982659276982,1.0714134687141745,0.8562410026656981,289.4369686305247
767,10767,10767,10767,07025ed,solver_extremeB_s2,1,1,1,success,46,5.600320770674317,21.954641873881666,12.562738524081865,41,1,30.0,0.45,20.0,1.0,25,1,200,0.002,100,10.0,1.0,0,31,0,0.6739130434782609,0.31682856251171204,-0.2941166897401347,-0.4944067279586153,0.02324906644812179,0.03153086198837744,0.09690625107871922,0.8590432862820824,1.0379444216024427,0.32626979298422304,0.29752915603492486,1.0546764783595068,1.0539306458708166,1.1425178685616166,281.71017353620215
768,10768,10768,10768,07025ed,solver_extremeB_s2,1,1,1,success,46,23.468815560050388,35.17644568722636,10.225244858614063,41,1,30.0,0.45,20.0,1.0,25,1,200,0.002,100,10.0,1.0,0,31,0,0.6739130434782609,0.35660869662013395,-0.3993160422604775,1.6188315883646016,0.022705998026952688,0.0309398436838965,0.10627913809247551,1.3972915185567718,1.0708692617271676,0.3493878179706804,0.2535141797689082,0.9907418222294282,1.0378169513917845,1.0919561572405252,281.95273974892746
769,10769,10769,10769,07025ed,solver_extremeB_s2,1,1,1,success,53,37.94318250634377,27.581989504020225,18.35457511783426,47,1,30.0,0.45,20.0,1.0,25,1,200,0.002,100,10.0,1.0,0,34,0,0.6415094339622641,0.3714611246342289,-0.19275089374615673,1.9669501129867273,0.0269181924401855,0.03493592237370709,0.10993565641504667,0.9526566893760392,1.020677762133384,0.36755877804202997,0.7167708568956236,1.0933802389017793,1.070587716562984,1.0226845581389181,284.02073997087695
770,10770,10770,10770,07025ed,solver_extremeB_s2,1,1,1,success,59,24.518571435483523,25.032595835060665,13.851128079876894,53,1,30.0,0.45,20.0,1.0,25,1,200,0.002,100,10.0,1.0,0,38,0,0.6440677966101694,0.3541278947330363,-0.6884122278822442,1.7306420183343434,0.022292192987493516,0.030795913945312194,0.07746255496917304,0.9078978449573936,0.7177571234792495,0.36726936963147777,0.2887477293323828,1.0963141903244815,1.0442250343426276,1.1325604421962012,289.0716778689538
771,10771,10771,10771,07025ed,solver_extremeB_s2,1,1,1,success,58,14.290479665870116,26.082684475861875,10.703549111028895,52,1,30.0,0.45,20.0,1.0,25,1,200,0.002,100,10.0,1.0,0,34,0,0.5862068965517241,0.3045931557602911,-0.6781366196783861,2.601322499496196,0.022944238704864832,0.03367994015473391,0.06560991057684191,0.9600432827381442,0.8706882023388518,0.3042339729470517,0.32626371970419943,1.0906418121703445,0.9995028807035692,1.002161688139744,288.1209190513659
772,10772,10772,10772,07025ed,solver_extremeB_s2,1,1,1,success,53,15.325796446662508,18.60361750886955,11.544336021465405,47,1,30.0,0.45,20.0,1.0,25,1,200,0.002,100,10.0,1.0,0,35,0,0.660377358490566,0.3837798049410015,-0.5066846702598473,2.635965155478984,0.022490957709950448,0.03602832893391405,0.0614251292051392,1.29948605526918,1.2629193847763203,0.32404174155710536,0.4368027124551448,0.9922150320744593,0.9581131345750908,1.0061529091870778,287.74245018234365
773,10773,10773,10773,07025ed,solver_extremeB_s2,1,1,1,success,50,6.937333707991825,18.883042832922538,15.90792251088121,45,1,30.0,0.45,20.0,1.0,25,1,200,0.002,100,10.0,1.0,0,36,0,0.72,0.36429412292851293,-0.44324244053481804,2.6689776599991664,0.022572700616728832,0.03744676405250861,0.04131911326214859,1.7284722252215174,0.8599784332941022,0.3100814526089681,0.2415635089072046,0.9772783253556169,1.0162642116180278,1.0559537939712167,285.37712705424224
774,10774,10774,10774,07025ed,solver_extremeB_s2,1,1,1,success,53,31.861065153693318,16.857277587338423,3.4795731138078376,48,1,30.0,0.45,20.0,1.0,25,1,200,0.002,100,10.0,1.0,0,39,0,0.7358490566037735,0.3045486925724364,-0.3025358291402551,0.08463962784215973,0.025300225353417416,0.03890354740593345,0.033976697297549756,0.935675467510005,0.729404669368121,0.3037928719964051,0.2605109859399189,1.0162648454026093,1.0339079079253783,1.1520421634646714,279.8322268753857
775,10775,10775,10775,07025ed,solver_extremeB_s2,1,1,1,success,44,5.501208089031027,13.709324781591093,13.735937349613584,36,1,30.0,0.45,20.0,1.0,25,1,200,0.002,100,10.0,1.0,0,32,0,0.7272727272727273,0.3320154142400231,-0.31237006601226885,-2.530380512844317,0.02650244419379202,0.03660785298888572,0.05996205647558488,1.6534779528668917,0.946068855071762,0.34174966246680466,0.21771854503833143,0.9985411051681351,1.0203012586570228,0.9596870692539776,278.47067631159325
776,10776,10776,10776,07025ed,solver_extremeB_s2,1,1,1,success,50,26.20300489411623,32.204686379612525,6.693752529201954,43,1,30.0,0.45,20.0,1.0,25,1,200,0.002,100,10.0,1.0,0,42,0,0.84,0.35140154653754735,-0.2584136499513754,1.0632684662674192,0.022653083045312654,0.03663599651031107,0.10821103348880083,1.07576220011307,0.7736335022112345,0.31921901236911365,0.542573021542754,0.9681754405823286,0.9998298855194617,1.0409783624812952,282.15541885277656
777,10777,10777,10777,07025ed,solver_extremeB_s2,1,1,1,success,57,18.281022796482542,25.604884895367405,13.86197234926507,51,1,30.0,0.45,20.0,1.0,25,1,200,0.002,100,10.0,1.0,0,38,0,0.6666666666666666,0.30932467204972275,-0.41509151619756923,2.4379750009784322,0.024873719969901127,0.035128099810470215,0.07262845677212157,1.207658072300742,1.1492586447550415,0.3463576560713111,0.4517054331516055,1.020838338576914,1.0068706932955496,0.9117388207956605,287.8790648563528
778,10778,10778,10778,07025ed,solver_extremeB_s2,1,1,1,success,50,14.418038233009622,10.970661409550758,16.19593056961875,43,1,30.0,0.45,20.0,1.0,25,1,200,0.002,100,10.0,1.0,0,40,0,0.8,0.3083682228871197,-0.45848638064889624,-2.0390424289763267,0.02213548498189519,0.037578039142473575,0.044231429682760795,1.3739319415620646,0.727535411267589,0.32682714004528657,0.4156491086133511,0.9310171656132252,1.0107243120714713,1.070328816156654,282.5172725934357
779,10779,10779,10779,07025ed,solver_extremeB_s2,1,1,1,success,73,35.33721265747245,26.50999892598069,8.300125183060764,66,1,30.0,0.45,20.0,1.0,25,1,200,0.002,100,10.0,1.0,0,49,0,0.6712328767123288,0.38290446017551744,-0.6725291940043101,2.7183840445468146,0.024905818310088448,0.03186995438120055,0.11116594789605941,1.540735059033373,1.3232438172228287,0.3817243939381067,0.684775602806795,1.097109131326546,1.016365992388555,0.9808147161808431,293.2313561135194
780,10780,10780,10780,07025ed,solver_extremeB_s2,1,1,1,success,56,24.946260814568284,31.242322610282464,4.645043302394424,50,1,30.0,0.45,20.0,1.0,25,1,200,0.002,100,10.0,1.0,0,38,0,0.6785714285714286,0.37173323993589674,-0.5582785107413435,-1.4497164427667284,0.02507472115752865,0.03973883178533825,0.03891067802606371,1.702226354154284,1.3513227952052473,0.37905201736633026,0.2691195427251425,1.0512111261628925,0.9460297873612458,0.9495094851743895,285.4796800619688
781,10781,10781,10781,07025ed,solver_extremeB_s2,0,1,0,unsafe,17,300.56552941213295,nan,nan,-1,0,30.0,0.45,20.0,1.0,25,1,200,0.002,100,10.0,1.0,0,14,0,0.8235294117647058,0.3104357764391644,-0.7288555976530604,-2.981274974068942,0.023215170401842757,0.03843342158621262,0.05340795426262392,1.9776540736381225,1.3612947787984142,0.32272526895476605,0.25327329038818275,1.0632136354003083,1.0459840590594764,0.9472560432414016,-40.582825095057835
782,10782,10782,10782,07025ed,solver_extremeB_s2,1,1,1,success,58,17.77265858550483,23.540489440138963,17.229872159241275,51,1,30.0,0.45,20.0,1.0,25,1,200,0.002,100,10.0,1.0,0,42,0,0.7241379310344828,0.31921911104309675,-0.5933731377380349,0.3040698512109694,0.022494191825859516,0.03018087678125055,0.05173848240124124,1.6313074005275592,1.2592675413840335,0.3294076582011568,0.6757864666558141,1.0018226157367354,1.0862483070588524,0.9463906393515045,291.7271997159904
783,10783,10783,10783,07025ed,solver_extremeB_s2,1,1,1,success,50,29.99899756540523,26.53667975444279,19.736320651532804,44,1,30.0,0.45,20.0,1.0,25,1,200,0.002,100,10.0,1.0,0,32,0,0.64,0.34014998456317497,-0.3329551331967857,0.5969274862554066,0.02605379424820456,0.03269385350158923,0.0730846717778031,1.8270839941030281,1.116013723886542,0.34170700656763286,0.3702105973020682,1.047697566427653,1.0035763112063758,0.8025182341202535,283.01385798837146
784,10784,10784,10784,07025ed,solver_extremeB_s2,1,1,1,success,64,27.04524906750846,23.53615586942713,11.244897047121938,58,1,30.0,0.45,20.0,1.0,25,1,200,0.002,100,10.0,1.0,0,47,0,0.734375,0.37266508485940747,-0.6109798179817632,-3.08924841493387,0.021593009213787966,0.03569626165187616,0.07773696529193952,1.8747118568569996,1.0489944587952311,0.3560625758867103,0.48272834415989946,0.8739484984796949,1.00197989752225,1.0725741110435016,291.688951560823
785,10785,10785,10785,07025ed,solver_extremeB_s2,1,1,1,success,52,21.419554345443018,13.32408614582786,18.868475022480663,46,1,30.0,0.45,20.0,1.0,25,1,200,0.002,100,10.0,1.0,0,37,0,0.7115384615384616,0.31444557084656977,-0.6226935098809239,1.6403754900353338,0.0272303853286504,0.031993871172545645,0.10278198515110154,1.9277743287218936,0.6680124198341728,0.3414578542330303,0.3212294245968532,0.9948843942519119,1.0095576817152938,0.8119306125843954,286.68689137687574
786,10786,10786,10786,07025ed,solver_extremeB_s2,1,1,1,success,65,19.9580264713805,13.523799441098678,2.662810071306297,58,1,30.0,0.45,20.0,1.0,25,1,200,0.002,100,10.0,1.0,0,50,0,0.7692307692307693,0.38621530020991524,-0.6135672933711274,-0.6838358497388315,0.02309772611478313,0.03816535215865504,0.06090113026911098,1.4827815942937133,0.8467021176759737,0.36026921243188437,0.33276147210154605,0.956321794109584,0.9655888550559276,0.8231819490591299,285.3111064486144
787,10787,10787,10787,07025ed,solver_extremeB_s2,1,1,1,success,51,10.729604517671044,24.25299113854432,16.69180007598455,44,1,30.0,0.45,20.0,1.0,25,1,200,0.002,100,10.0,1.0,0,41,0,0.803921568627451,0.31786152883954877,-0.17157843217674662,-0.2767018910641217,0.02505503729563664,0.03805205736266704,0.04089262228780635,0.8290207496621539,1.34612232773417,0.31781951746706777,0.6851725669461944,0.9601422655672387,1.0050531461551595,1.0237908303270942,282.379299488327
788,10788,10788,10788,07025ed,solver_extremeB_s2,1,1,1,success,63,25.894365090126666,26.957692197066862,3.987290457174395,55,1,30.0,0.45,20.0,1.0,25,1,200,0.002,100,10.0,1.0,0,46,0,0.7301587301587301,0.3014076554699917,-0.7215389132878575,-1.9721467722354455,0.021907607408000913,0.0309270879106452,0.09495233574238368,1.7802710993177358,0.9884050005356961,0.3068507053534902,0.6396796889263272,0.9966453160567124,1.0800172387564981,1.3001733153597401,292.99658015397483
789,10789,10789,10789,07025ed,solver_extremeB_s2,1,1,1,success,51,15.408894412267143,21.971376379717817,6.24660730671904,45,1,30.0,0.45,20.0,1.0,25,1,200,0.002,100,10.0,1.0,0,43,0,0.8431372549019608,0.3733951792674736,-0.34424841947143037,-0.861411696157532,0.025513681419420564,0.036440099389098285,0.09910002723535591,1.1233562610036656,0.7763726829517732,0.3142647763129006,0.5316809441703458,1.005817316333954,1.0499039149975522,1.1179968494757686,284.56012763648323
790,10790,10790,10790,07025ed,solver_extremeB_s2,1,1,1,success,77,24.989815192899446,23.831316800655074,9.354070315875614,66,1,30.0,0.45,20.0,1.0,25,1,200,0.002,100,10.0,1.0,0,46,0,0.5974025974025974,0.30020010417825843,-0.7143904916035358,-0.45202353687655483,0.023831855627270308,0.03394600669037682,0.09691868907464432,0.855965809727855,1.2022777296565494,0.3734861608505999,0.6531541706085222,0.9681202806041923,0.9935389832154523,1.0205822761943606,292.56291843262056
791,10791,10791,10791,07025ed,solver_extremeB_s2,1,1,1,success,75,23.350422605900388,20.7695482609337,5.635555249284662,71,1,30.0,0.45,20.0,1.0,25,1,200,0.002,100,10.0,1.0,0,60,0,0.8,0.33959269948725923,-0.5394311339417498,-0.6847523524557717,0.025698229656787034,0.038791800246195524,0.09457313979903138,1.5583258916280966,0.9732229174106372,0.38967886896044124,0.47851337940945315,0.9861373361825102,1.0242238151947034,0.9238193912452461,285.33117442605743
792,10792,10792,10792,07025ed,solver_extremeB_s2,1,1,1,success,51,27.557248791798298,33.1931865283233,18.59060248658152,46,1,30.0,0.45,20.0,1.0,25,1,200,0.002,100,10.0,1.0,0,41,0,0.803921568627451,0.37547315992977914,-0.4058086642497356,-0.5628931283273042,0.02523928367546493,0.03785653952476201,0.0825545507899697,1.2282775421257761,0.6249577086071162,0.32528599768860345,0.7242350759123859,1.0904154223162197,1.1077858039203088,1.0520699348763325,287.2967062854607
793,10793,10793,10793,07025ed,solver_extremeB_s2,1,1,1,success,57,21.847004266909227,21.959715504415357,5.500057291200244,52,1,30.0,0.45,20.0,1.0,25,1,200,0.002,100,10.0,1.0,0,45,0,0.7894736842105263,0.35933129320575363,-0.6080346594032816,-0.9824793252415835,0.02250096563156725,0.031169678220496152,0.11797497756483268,1.5695612607426805,1.3694282756813205,0.3205316605799968,0.5220599122349124,0.9860562841430618,1.056288758060722,1.0222517464133192,290.57834458459035
794,10794,10794,10794,07025ed,solver_extremeB_s2,1,1,1,success,58,9.4324047873696,14.116770570121677,3.7908238492021127,49,1,30.0,0.45,20.0,1.0,25,1,200,0.002,100,10.0,1.0,0,49,0,0.8448275862068966,0.33802691053590095,-0.27731772747895433,1.9438122241808138,0.02681022980687122,0.036148783195971985,0.030169235050458345,1.8572766326130992,1.051053627638703,0.3339682487055074,0.4544975417580925,1.1906618870067232,1.021423343853817,1.0244878962292727,280.3534447015714
795,10795,10795,10795,07025ed,solver_extremeB_s2,1,1,1,success,50,22.442397401112558,28.340809815515986,0.9510797621793333,47,1,30.0,0.45,20.0,1.0,25,1,200,0.002,100,10.0,1.0,0,42,0,0.84,0.3346614051886494,-0.3197244949570828,-0.8115321775822006,0.024607859995199162,0.03653198589268786,0.11710614072918278,1.3814144550649632,1.1044155828013866,0.31158685979000145,0.3997262412048472,1.0574981927848355,1.0076471198485677,0.8902260149682816,281.3362123999773
796,10796,10796,10796,07025ed,solver_extremeB_s2,1,1,1,success,58,30.201300327669188,21.34126552504681,7.1503882464607615,52,1,30.0,0.45,20.0,1.0,25,1,200,0.002,100,10.0,1.0,0,42,0,0.7241379310344828,0.3126179517484795,-0.544377795409219,-0.8971989257283393,0.027417743561588992,0.03341803573196459,0.08955509793506147,1.8063956319224113,0.6577243395862592,0.3316917546217022,0.7165442193744164,1.0156319476172764,1.0702855313550883,0.9985154198623065,288.93421905435423
797,10797,10797,10797,07025ed,solver_extremeB_s2,1,1,1,success,45,20.377889865142254,15.957560495975365,10.880392479140193,36,1,30.0,0.45,20.0,1.0,25,1,200,0.002,100,10.0,1.0,0,27,0,0.6,0.30741037839726953,-0.23965645343149122,-2.8536501058671386,0.02230510855375232,0.032134479833643835,0.06808485677108456,1.0430862251416957,0.9163119272026264,0.3337667034951033,0.20198554904734037,1.0591646959336618,1.0901522160408388,1.13337986589905,280.0739670641564
798,10798,10798,10798,07025ed,solver_extremeB_s2,1,1,1,success,50,16.098639875461444,24.751528120163815,6.887798317134542,44,1,30.0,0.45,20.0,1.0,25,1,200,0.002,100,10.0,1.0,0,38,0,0.76,0.3580337421160244,-0.4426132246018444,0.31718209500122097,0.023170942991442,0.0311599721573359,0.0919541927943589,1.3121702485065128,1.2289677116341884,0.3511240358739933,0.30655422998819415,1.0187160935472312,0.9962054326873401,1.0288321925484127,284.1707689583182
799,10799,10799,10799,07025ed,solver_extremeB_s2,1,1,1,success,58,19.86897334078884,8.12365528893106,3.2710665882727943,50,1,30.0,0.45,20.0,1.0,25,1,200,0.002,100,10.0,1.0,0,27,0,0.46551724137931033,0.3139549491314578,-0.6002149893912492,-2.714016732944776,0.024400296650910768,0.036271202931245666,0.07638665664144748,1.4357876599867252,1.2645897198069773,0.30754162518747286,0.2670727910965854,0.9710594590953622,0.998562996677839,0.9773319917483951,287.45876668274616
800,10800,10800,10800,07025ed,solver_extremeB_s2,1,1,0,success,101,33.50162669377172,30.313280760521955,46.61985960279089,62,1,30.0,0.45,20.0,1.0,25,1,200,0.002,100,10.0,1.0,0,83,0,0.8217821782178217,0.37080378633256567,-0.7069944884661301,-1.75546635994825,0.02125318697812861,0.03452567711515459,0.03377376266991038,1.6548679929453372,0.9353921773083531,0.3281477633013341,0.6259610822997623,1.0378605344781737,1.0241000330763859,1.0773534754978003,262.64009776390856
801,10801,10801,10801,07025ed,solver_extremeB_s2,1,1,1,success,59,36.16938355499555,32.57977483659487,26.726060042983576,51,1,30.0,0.45,20.0,1.0,25,1,200,0.002,100,10.0,1.0,0,51,0,0.864406779661017,0.31297745218847056,-0.37041383998704824,1.4219819473335598,0.023094879379710546,0.03815222718330952,0.03988156561540476,1.287980403289112,0.9632073590127873,0.3006117892770643,0.7032152845092705,1.0263264063703506,1.0681758012483336,0.8809341037425701,286.1548969066393
802,10802,10802,10802,07025ed,solver_extremeB_s2,1,1,1,success,41,18.98626354896438,20.407733688659963,3.6439116268855303,33,1,30.0,0.45,20.0,1.0,25,1,200,0.002,100,10.0,1.0,0,29,0,0.7073170731707317,0.3479239066325337,-0.21746808959596042,-2.6134053481269675,0.025472206298763393,0.040046653140945146,0.08786999023964057,1.5074708724853538,1.0005527672064007,0.31040019286947595,0.2823683738050122,1.0541665470907096,0.9918806938530407,1.0875423322938103,278.2488975987189
803,10803,10803,10803,07025ed,solver_extremeB_s2,1,1,1,success,45,11.930659054433502,7.693997691473025,15.231598907116211,39,1,30.0,0.45,20.0,1.0,25,1,200,0.002,100,10.0,1.0,0,32,0,0.7111111111111111,0.3525211819902976,-0.3109553490953932,-1.3588254326604918,0.024624335347136643,0.03963278322903268,0.06640492723620142,0.8792462841118212,0.7711074043591198,0.34149103259246555,0.17205564112714106,1.0940196001695477,1.0466077590610783,1.0809094612999768,279.0335698811472
804,10804,10804,10804,07025ed,solver_extremeB_s2,1,1,1,success,42,13.278542456568292,15.435404849746096,5.938797326835407,37,1,30.0,0.45,20.0,1.0,25,1,200,0.002,100,10.0,1.0,0,25,0,0.5952380952380952,0.30567050335702955,-0.38451391030603316,3.1373593380680296,0.023372151751850208,0.03461271805225923,0.08742218757155343,1.0400250756118892,1.2978038030352086,0.30713587240368767,0.19076024282746173,1.0079896195560167,1.0247356388339122,0.9968108062389177,280.0326579793693
805,10805,10805,10805,07025ed,solver_extremeB_s2,1,1,1,success,54,34.26315932957124,37.011758826199916,7.18917551846434,47,1,30.0,0.45,20.0,1.0,25,1,200,0.002,100,10.0,1.0,0,39,0,0.7222222222222222,0.37343299230982396,-0.3119876222759734,1.2743512837210362,0.02377086243955859,0.033904145093721354,0.06555773655359196,1.9495508809045998,0.7993738634964407,0.3005491599760038,0.6294412051827157,1.0657473049268449,0.9648163204292007,1.0186947728260134,285.96161843372886
806,10806,10806,10806,07025ed,solver_extremeB_s2,1,1,1,success,50,15.563674400875975,34.9425866261256,9.54928509475383,44,1,30.0,0.45,20.0,1.0,25,1,200,0.002,100,10.0,1.0,0,41,0,0.82,0.3528914155992545,-0.551938176754636,-2.3707352385865197,0.02478942360322181,0.03220333076824563,0.05593069272068575,1.7429706936393257,1.2450493096968782,0.3656235906403055,0.3154336009669802,0.9504310735285723,1.0067747896148649,1.0936892300473735,287.40297388102334
807,10807,10807,10807,07025ed,solver_extremeB_s2,1,1,1,success,50,24.18348370706241,29.933670919512643,7.6425751045525026,42,1,30.0,0.45,20.0,1.0,25,1,200,0.002,100,10.0,1.0,0,32,0,0.64,0.3196169461676323,-0.5455934449725832,-2.5833501740989164,0.02146765683608905,0.036760994786924586,0.049630192567441986,1.3880488822553638,0.7408408606362906,0.3562748594628646,0.17770487300291016,1.0279988554916186,1.078405035715358,1.0527118231653887,284.20054387018956
808,10808,10808,10808,07025ed,solver_extremeB_s2,1,1,1,success,77,12.991729402645067,28.831507106857103,11.361006013507806,59,1,30.0,0.45,20.0,1.0,25,1,200,0.002,100,10.0,1.0,0,53,0,0.6883116883116883,0.3266010878604438,-0.6467567966880511,2.065667378671681,0.02547426634546531,0.03966540357722012,0.04176096922706872,1.2249936416150802,0.7246415184868948,0.305406588707752,0.7218286521847324,0.9846355296188458,1.0259025486460303,0.9764727954416634,288.5360289085198
809,10809,10809,10809,07025ed,solver_extremeB_s2,1,1,1,success,53,22.380441293576716,24.311405577896792,3.1514799924678583,47,1,30.0,0.45,20.0,1.0,25,1,200,0.002,100,10.0,1.0,0,37,0,0.6981132075471698,0.3422164433767907,-0.3733234328487223,1.532739856072145,0.02248884076786063,0.03331968243049766,0.06507475753958651,1.4430233255124802,0.7713093552807863,0.3197914367640344,0.5115284522583371,1.0622089353243525,1.0483852730297707,0.9779584331020473,285.6230561665976
810,10810,10810,10810,07025ed,solver_extremeB_s2,1,1,1,success,62,10.949145598699204,23.79042082850744,9.536785832224346,54,1,30.0,0.45,20.0,1.0,25,1,200,0.002,100,10.0,1.0,0,42,0,0.6774193548387096,0.3622671819449859,-0.5089547153380052,0.3613931334896199,0.024021861632329302,0.03199220150623569,0.05386857237427517,1.0571263241313882,0.7253265681955364,0.3244685500404669,0.560548018420591,1.075345610747677,1.0758509114788122,1.2180986670408287,290.56087456171
811,10811,10811,10811,07025ed,solver_extremeB_s2,1,1,1,success,57,22.918523831047377,17.586074304207287,14.369172621604093,51,1,30.0,0.45,20.0,1.0,25,1,200,0.002,100,10.0,1.0,0,46,0,0.8070175438596491,0.3436887305489983,-0.6658670325707987,0.13636968779235348,0.026354019655568255,0.03443751209117639,0.08997126198439948,1.0467131163346544,1.172210833219638,0.32367929742473955,0.379659857658642,1.0296987437962934,1.0105995156931424,0.9703202066707313,288.31211902007817
812,10812,10812,10812,07025ed,solver_extremeB_s2,1,1,1,success,63,20.333365328831405,21.503039740298963,1.2362354944108132,58,1,30.0,0.45,20.0,1.0,25,1,200,0.002,100,10.0,1.0,0,47,0,0.746031746031746,0.3184925031338869,-0.6822401680063255,-0.21000596316923126,0.025139292427536115,0.03435312504957556,0.10480163664165348,0.8314199170415675,0.6115443126371624,0.37231562992099815,0.45694345450785406,0.9886695534601848,1.087346972370926,1.0748873260212257,290.6368399891623
813,10813,10813,10813,07025ed,solver_extremeB_s2,1,1,1,success,57,8.782223067398657,21.832445715692774,14.64114147772864,45,1,30.0,0.45,20.0,1.0,25,1,200,0.002,100,10.0,1.0,0,43,0,0.7543859649122807,0.3170002232824312,-0.36591390488860714,-0.5702393406261677,0.02607954003458887,0.03900970249698081,0.08718305594379999,1.8264789729378006,1.077046193554883,0.3457029123489151,0.4347153291496983,1.0000545694757388,0.9698984857254812,0.778689019633503,281.93672721127837
814,10814,10814,10814,07025ed,solver_extremeB_s2,1,1,1,success,45,20.556792700893475,17.30920557862831,0.044025392511547363,42,1,30.0,0.45,20.0,1.0,25,1,200,0.002,100,10.0,1.0,0,29,0,0.6444444444444445,0.3485009664321136,-0.30556808577107464,-2.083275962544765,0.027351836530736355,0.03251665098042705,0.0677346399417586,1.2859447857018167,0.7315930961224892,0.36060177741167604,0.21595645345929945,0.9804091806332389,1.0571302962434246,1.1076528214656916,283.8181642726197
815,10815,10815,10815,07025ed,solver_extremeB_s2,1,1,1,success,59,12.657115752938529,18.189433783730042,4.914658493376373,54,1,30.0,0.45,20.0,1.0,25,1,200,0.002,100,10.0,1.0,0,43,0,0.7288135593220338,0.32046403711040666,-0.5659131567775944,2.214318620689995,0.024153396783384132,0.03273863139535109,0.1013187682176157,1.2987877461160233,0.9717424397451295,0.3806787407830739,0.5889644122056151,1.0347110967879298,1.0230029073600944,0.9928556864305548,289.8096103845894
816,10816,10816,10816,07025ed,solver_extremeB_s2,1,1,1,success,54,20.792892658555786,6.520056871313578,6.413372341286428,47,1,30.0,0.45,20.0,1.0,25,1,200,0.002,100,10.0,1.0,0,38,0,0.7037037037037037,0.30498750863638485,-0.5858208007388604,-1.4540296170522793,0.02121181516361829,0.039784514192953487,0.11119093547742924,1.4037369483887296,1.2115824696907629,0.3526671970079726,0.31024129133258205,0.9913198607935833,1.0869870487427653,1.1300736783756218,285.41715843189326
817,10817,10817,10817,07025ed,solver_extremeB_s2,1,1,1,success,51,17.939109774470914,26.645511165430474,10.660412532388396,45,1,30.0,0.45,20.0,1.0,25,1,200,0.002,100,10.0,1.0,0,41,0,0.803921568627451,0.3086702820931631,-0.21749588677378706,-1.0215215048119135,0.02176804688702079,0.036322380065792824,0.07235417723847018,0.9820663582958021,0.8915830481651078,0.36421313099295133,0.7172534168792816,1.0492597673105644,0.9940739166641465,1.0348668938725563,285.8812556879755
818,10818,10818,10818,07025ed,solver_extremeB_s2,1,1,1,success,75,23.936856113458564,17.12878520862718,4.463808302200223,61,1,30.0,0.45,20.0,1.0,25,1,200,0.002,100,10.0,1.0,0,50,0,0.6666666666666666,0.36074100312710383,-0.6219144846531343,2.3883866313156545,0.020465309221998063,0.03523087678182455,0.09565549266183226,1.8460949066608667,1.1453552905448472,0.3583082052862393,0.6837586614655279,1.0748054510706004,1.0432893324160386,0.9705821897343535,293.0541826982196
819,10819,10819,10819,07025ed,solver_extremeB_s2,1,1,1,success,61,19.236391792279797,21.95766644322806,8.307998624493868,55,1,30.0,0.45,20.0,1.0,25,1,200,0.002,100,10.0,1.0,0,51,0,0.8360655737704918,0.34907809183189736,-0.5988739339030029,-0.9264839271345293,0.021502425471435476,0.030796039845778243,0.07759650330829584,1.6604256812444849,0.7028618677214883,0.3012768730007428,0.4173611918494927,1.009645306457518,1.1013967490113374,1.0137842895724454,290.90926953000553
820,10820,10820,10820,07025ed,solver_extremeB_s2,1,1,1,success,50,22.953066618339815,19.934367673386447,6.070852993737665,44,1,30.0,0.45,20.0,1.0,25,1,200,0.002,100,10.0,1.0,0,37,0,0.74,0.3584627593629164,-0.3349609426196036,-2.108466205357464,0.02369199118774427,0.03321948929224751,0.04270840253365793,1.6112311181027872,1.009219422914409,0.3808107731266921,0.2753287188666396,0.9951533549655077,0.9668169192771515,0.883139064398273,283.35286987620765
821,10821,10821,10821,07025ed,solver_extremeB_s2,1,1,1,success,52,14.508823640988945,16.10435819713562,7.006233499625849,46,1,30.0,0.45,20.0,1.0,25,1,200,0.002,100,10.0,1.0,0,30,0,0.5769230769230769,0.3014103523713596,-0.36906204485390615,-1.856863517369824,0.024113269451006045,0.033928751747780365,0.05318935130964843,1.9799118617665807,1.0786166783629065,0.36253632524048274,0.33133606120610093,1.0314225223725335,1.0263726747676514,0.8954129701680993,285.7302472552797
822,10822,10822,10822,07025ed,solver_extremeB_s2,1,1,1,success,68,6.570714997624432,23.456963258305986,12.009056129104478,61,1,30.0,0.45,20.0,1.0,25,1,200,0.002,100,10.0,1.0,2,56,0,0.8235294117647058,0.37727758530026906,-0.3889409175062213,0.17728421715328624,0.020960639366898518,0.037821910460100146,0.06946267895964768,0.9005738799505125,0.6429133344467511,0.37726173000642305,0.5997515690670954,1.0690785471650732,1.0787990361469835,1.0815314107498066,282.3839177228335
823,10823,10823,10823,07025ed,solver_extremeB_s2,1,1,1,success,62,20.858797999142084,9.567909077221259,3.2558686140412885,57,1,30.0,0.45,20.0,1.0,25,1,200,0.002,100,10.0,1.0,0,48,0,0.7741935483870968,0.33408123278810664,-0.6680764874387985,-2.3448484896363535,0.025709590273236806,0.03360558281326275,0.10306963324946482,1.7060541557858198,0.6705894044530334,0.3396265835075025,0.5222312984884718,0.9445529568301213,1.060164525708086,1.0107300229491925,292.043493269455
824,10824,10824,10824,07025ed,solver_extremeB_s2,1,1,1,success,58,30.081501261847166,27.09468795324163,8.080638468373511,51,1,30.0,0.45,20.0,1.0,25,1,200,0.002,100,10.0,1.0,0,50,0,0.8620689655172413,0.3042551416303568,-0.5519743720386052,2.970112722548074,0.02294131839699217,0.03859432420674839,0.10074092106499326,1.9538176590286576,1.0039322395066046,0.3057913660674174,0.525207057274676,0.9911791143477311,1.0457270864728125,0.9515642206954187,286.7363484417814
825,10825,10825,10825,07025ed,solver_extremeB_s2,1,1,1,success,55,13.04915255859084,4.176379480936762,16.396659499563338,47,1,30.0,0.45,20.0,1.0,25,1,200,0.002,100,10.0,1.0,0,40,0,0.7272727272727273,0.3232719031028288,-0.6722057078590221,-2.3003326790817984,0.02731642694213029,0.0330954126564416,0.06721303376906046,1.8642131306436287,1.1333994997019554,0.3352848391810871,0.2458179690239754,1.0485790575247151,1.1019550365480895,1.0899964346778037,290.08214735969455
826,10826,10826,10826,07025ed,solver_extremeB_s2,0,0,0,object_lost,115,428.8700518043506,nan,nan,-1,1,30.0,0.45,20.0,1.0,25,1,200,0.002,100,10.0,1.0,0,109,0,0.9478260869565217,0.35975483972059746,-0.7150835600399894,0.8889809275569691,0.020711141867944968,0.031559480395359135,0.030835808695589648,1.5532058138340576,0.9080236842839535,0.3476597940037068,0.2283605582818871,1.047730762775704,1.0162100679895782,1.0120523481926114,-179.2765961172538
827,10827,10827,10827,07025ed,solver_extremeB_s2,1,1,1,success,66,10.364898017598243,23.281642055363434,12.60406980389318,59,1,30.0,0.45,20.0,1.0,25,1,200,0.002,100,10.0,1.0,0,41,0,0.6212121212121212,0.32631181263080544,-0.6659853893799017,0.5943309871709648,0.020960798409456284,0.036640330532500515,0.03491609885512641,1.7786012793945503,1.1255380800999997,0.3402010532565767,0.6366032380166899,0.940275455920882,1.0215658360349251,0.9415436637427449,290.5631519373791
828,10828,10828,10828,07025ed,solver_extremeB_s2,1,1,1,success,52,14.456018848643307,9.705818462030111,4.670950486688461,45,1,30.0,0.45,20.0,1.0,25,1,200,0.002,100,10.0,1.0,0,40,0,0.7692307692307693,0.33481107657990794,-0.5393222831720037,1.3637717422274278,0.023441316488185728,0.03393967015354945,0.08845686082190349,1.54958879429899,1.0244790124457197,0.33750321378319437,0.37428924844259154,0.985974580270323,1.114167483236175,1.0686056166486182,283.8302915014434
829,10829,10829,10829,07025ed,solver_extremeB_s2,1,1,1,success,86,8.565081525171538,6.984917955493802,2.9083899048407305,82,1,30.0,0.45,20.0,1.0,25,1,200,0.002,100,10.0,1.0,0,73,0,0.8488372093023255,0.38263977808760485,-0.6652388655667612,1.478913927375447,0.025256378661088354,0.03948797693157981,0.031505720919908026,0.9187886487494545,1.1741025742820175,0.3747167517895257,0.6957824002352822,1.05699006405294,1.0677007643098178,1.0303788183420783,292.51566282436613
830,10830,10830,10830,07025ed,solver_extremeB_s2,1,1,1,success,48,21.71088395476823,17.825200832566047,6.826956951796214,40,1,30.0,0.45,20.0,1.0,25,1,200,0.002,100,10.0,1.0,0,32,0,0.6666666666666666,0.35185907915170617,-0.34306227393091066,-2.987547928922062,0.025366433885100223,0.0333427513899256,0.11552223668190072,1.3582600683046095,0.7600868736357473,0.30791610264217273,0.31333507035186203,1.033389473991874,1.0063377650445273,1.0409705926819477,282.72106005053115
831,10831,10831,10831,07025ed,solver_extremeB_s2,1,1,1,success,49,4.1677238620597805,20.45215333954604,17.00204639245088,41,1,30.0,0.45,20.0,1.0,25,1,200,0.002,100,10.0,1.0,0,32,0,0.6530612244897959,0.35660895023766054,-0.31891346013235894,-2.6804210456339415,0.021368591972141887,0.03682988403418148,0.10267506283935925,1.9696871252630719,1.281396241929165,0.3224121657891051,0.1861958414510849,0.9585137010838614,1.0511107002614326,1.3018907256764283,281.87534037528104
832,10832,10832,10832,07025ed,solver_extremeB_s2,1,1,1,success,59,24.12647060641094,15.279833626142196,17.196962628806904,53,1,30.0,0.45,20.0,1.0,25,1,200,0.002,100,10.0,1.0,0,38,0,0.6440677966101694,0.3169412826371253,-0.3846160620103114,2.225088250977688,0.022385058037522672,0.035124106697113154,0.09904558610678206,0.8385749242494726,0.8619698663730105,0.35230203904423957,0.6060136569790175,0.9612273214257387,1.0075359481116644,0.9024405439707468,288.1214514890914
833,10833,10833,10833,07025ed,solver_extremeB_s2,1,1,1,success,51,40.223417659026595,46.24662949943494,11.080049938690687,42,1,30.0,0.45,20.0,1.0,25,1,200,0.002,100,10.0,1.0,0,44,0,0.8627450980392157,0.30839370253488246,-0.4636280721834995,-3.0716721095016015,0.021637901908960457,0.03588146908750566,0.11792874904207423,1.463589627988045,0.6212183195019466,0.3264968787340375,0.5699136452209163,1.0928811074306668,1.0829627405368671,0.9097030452357413,267.9684072347777
834,10834,10834,10834,07025ed,solver_extremeB_s2,1,1,1,success,52,5.28507106183915,5.521927070422905,9.833445289111824,46,1,30.0,0.45,20.0,1.0,25,1,200,0.002,100,10.0,1.0,0,38,0,0.7307692307692307,0.33742299439845636,-0.5731470594336616,0.6178692283177329,0.023575895319309266,0.030386599203591155,0.0523683124194045,1.404993607865362,1.2448881611355853,0.33181948718821414,0.22325031522237201,1.0194832553111939,0.993487339990553,1.1034016116571896,285.66259803160534
835,10835,10835,10835,07025ed,solver_extremeB_s2,1,1,1,success,60,15.991851309805773,20.321149998495212,6.197882403987838,54,1,30.0,0.45,20.0,1.0,25,1,200,0.002,100,10.0,1.0,0,45,0,0.75,0.3372474435205918,-0.43178996477774156,-1.348368111158719,0.023849352046586156,0.0352202961395866,0.11818131362887607,1.8446938948078029,0.7836414528105987,0.38779172405212153,0.46010808076880827,0.9804349702691185,1.0351848284055192,1.0128403513380064,286.34878299433865
836,10836,10836,10836,07025ed,solver_extremeB_s2,1,1,1,success,56,20.52071430099443,29.494257975473932,12.016659068632674,49,1,30.0,0.45,20.0,1.0,25,1,200,0.002,100,10.0,1.0,0,36,0,0.6428571428571429,0.3204648861333816,-0.6676077718839808,0.5060584867964377,0.02117579580819733,0.03878157246209025,0.09367722522410443,1.6012760907389056,0.7306733072665421,0.38382390375755815,0.25462242018273573,1.026776759379419,1.0424724935185403,0.875177210112063,287.7259675771122
837,10837,10837,10837,07025ed,solver_extremeB_s2,1,1,1,success,59,10.42482485940314,14.730457186297071,4.555403448929432,52,1,30.0,0.45,20.0,1.0,25,1,200,0.002,100,10.0,1.0,0,44,0,0.7457627118644068,0.35353427609028326,-0.4233285982878263,-0.057461186350191706,0.026562425387929172,0.031524717044113984,0.07579701780815752,1.9539500681007436,1.1360107174604843,0.3299110512946841,0.5952695611004429,1.023192840914802,1.0390043863627576,1.0121820112274147,286.53230326853327
838,10838,10838,10838,07025ed,solver_extremeB_s2,0,1,0,object_lost,141,351.7731843447901,nan,nan,-1,0,30.0,0.45,20.0,1.0,25,1,200,0.002,100,10.0,1.0,0,131,0,0.9290780141843972,0.38086721743758734,-0.18871817585255235,1.13925096452465,0.025425883479972405,0.034935217282033935,0.03950654500329024,1.168402454156696,0.6163944767362084,0.33405597737480536,0.2784031081537805,1.0101127429048224,0.9727887578604684,1.1182295160446158,-176.5802699507451
839,10839,10839,10839,07025ed,solver_extremeB_s2,1,1,1,success,51,19.68655813061178,23.534959873230665,7.808181843145012,44,1,30.0,0.45,20.0,1.0,25,1,200,0.002,100,10.0,1.0,0,36,0,0.7058823529411765,0.3843885832864764,-0.24290348445763776,1.352786671170823,0.020999924339885376,0.03522020295961134,0.10878459628819592,1.2765957615174461,0.6330818411531239,0.36503392440718185,0.34305073574511935,0.9716307310228268,1.0713977459920048,1.0591460381640354,282.4563578933515
840,10840,10840,10840,07025ed,solver_extremeB_s2,1,1,1,success,50,19.56915498338575,13.412475950327174,7.824592766471207,31,1,30.0,0.45,20.0,1.0,25,1,200,0.002,100,10.0,1.0,0,29,0,0.58,0.3290950546300797,-0.17165084430990762,2.335917448801686,0.0275250156737265,0.038335260601445466,0.08629271306758325,1.0031194768466745,0.6696754211890701,0.3068033385637924,0.2717563895311186,1.0449990800202262,1.035035330029406,1.072994305575541,278.1071133523948
841,10841,10841,10841,07025ed,solver_extremeB_s2,1,1,1,success,44,14.643763099914926,11.629261262443626,1.7896033309149235,40,1,30.0,0.45,20.0,1.0,25,1,200,0.002,100,10.0,1.0,0,32,0,0.7272727272727273,0.30154153608324186,-0.1878336840119671,-2.8816921851866826,0.02504690385387242,0.037760758426145825,0.11846868265173542,1.1915440608966097,1.1252873138680737,0.34832126244638467,0.451931759518141,1.1355946932383738,1.0642782682690348,0.8839775863835534,279.9000015388339
842,10842,10842,10842,07025ed,solver_extremeB_s2,1,1,1,success,74,18.503583174445854,12.840699948568727,9.714772232573825,68,1,30.0,0.45,20.0,1.0,25,1,200,0.002,100,10.0,1.0,0,58,0,0.7837837837837838,0.3714735484844477,-0.6568029792293846,-0.5803425430408704,0.024702685978655704,0.03786214865159546,0.09385522978678733,0.8720282456381252,1.3348972031467674,0.3208468958872335,0.5104810782490142,1.018524740456707,1.0383421730341629,1.0658313752122444,291.40446512956777
843,10843,10843,10843,07025ed,solver_extremeB_s2,1,1,1,success,53,16.344528087063786,18.913384645081614,5.05638938663025,46,1,30.0,0.45,20.0,1.0,25,1,200,0.002,100,10.0,1.0,0,34,0,0.6415094339622641,0.3507219773862063,-0.37890798574072093,-2.434495360895366,0.02471879177810951,0.03410530740006171,0.06274560867612754,0.9009219402754634,1.0297415024827659,0.37235600141044223,0.29410442561899325,1.0235877638641073,1.1063018378356126,1.001397065592989,284.87805255157144
844,10844,10844,10844,07025ed,solver_extremeB_s2,1,1,1,success,40,17.616521557651538,14.584223722647662,4.17545868208171,35,1,30.0,0.45,20.0,1.0,25,1,200,0.002,100,10.0,1.0,0,28,0,0.7,0.3258021515075704,-0.1862025949848204,2.2056239096118597,0.0258852206557567,0.03370502431285634,0.09878281929580224,1.215681234118436,1.2682898359132853,0.33755667099898434,0.32465670972576455,0.9748682343915266,1.0072046822439844,1.0148159844344735,278.5733975042087
845,10845,10845,10845,07025ed,solver_extremeB_s2,1,1,1,success,89,39.33353848633633,26.379435685036793,11.23833044617483,52,1,30.0,0.45,20.0,1.0,25,1,200,0.002,100,10.0,1.0,0,76,0,0.8539325842696629,0.3715172044121711,-0.43021216461957246,0.7583708108826048,0.021819946084082234,0.0392346647731281,0.03679211515025894,0.9518132559121502,1.0333997308119391,0.376251414679375,0.5384964469317814,1.013462099319058,1.0073268010748626,1.0268794631537674,281.0799327385244
846,10846,10846,10846,07025ed,solver_extremeB_s2,1,1,1,success,49,21.150003437865802,14.978370183515919,13.683772082859338,44,1,30.0,0.45,20.0,1.0,25,1,200,0.002,100,10.0,1.0,0,37,0,0.7551020408163265,0.3675746004180641,-0.44331479420254105,-2.932365231834318,0.023640532621198054,0.031375960899498415,0.08018483383211084,1.853886280739117,1.1430645071878454,0.32810812673552764,0.362385860365487,1.093532995510092,1.0452205829026933,1.0254252016055871,282.8793232185608
847,10847,10847,10847,07025ed,solver_extremeB_s2,1,1,1,success,57,15.501751802235654,14.777257994305044,1.7913888858482852,54,1,30.0,0.45,20.0,1.0,25,1,200,0.002,100,10.0,1.0,0,38,0,0.6666666666666666,0.3090014751557056,-0.5203873957163268,0.7409702388881612,0.02657540091796729,0.03853053860066757,0.09966174204172862,0.9532442975614808,1.2443374034305477,0.36816420016647217,0.5270318618601143,1.0588039977085366,0.9682373245655409,1.075481087768333,287.95569749206345
848,10848,10848,10848,07025ed,solver_extremeB_s2,1,1,1,success,48,25.820253713542144,1.759399203703285,4.725357110155409,42,1,30.0,0.45,20.0,1.0,25,1,200,0.002,100,10.0,1.0,0,31,0,0.6458333333333334,0.3652692422817102,-0.27065435049259945,-0.5164018939032449,0.026046458590301958,0.03667094598594032,0.09989468841140474,1.243940186575469,0.6637829293819828,0.3243188003063332,0.17523798117274852,1.1086767836020726,1.076613130104162,0.9308297920005255,278.4718515069553
849,10849,10849,10849,07025ed,solver_extremeB_s2,0,1,1,timeout,200,25.338880504970994,17.607848059393792,0.0,200,1,30.0,0.45,20.0,1.0,25,1,200,0.002,100,10.0,1.0,0,178,0,0.89,0.36708410884704556,-0.6838826578414797,2.969621193536833,0.02509382624803667,0.03413130904929917,0.048701422531045674,1.0433508254870256,0.7076910664697504,0.3711198129382728,0.6088455850940959,0.9533461677897945,1.0040964925232603,1.245568091811212,64.02173799600642
850,10850,10850,10850,07025ed,solver_extremeB_s2,1,1,1,success,45,12.872905354874865,12.000051516222843,5.0087666523650896,40,1,30.0,0.45,20.0,1.0,25,1,200,0.002,100,10.0,1.0,0,37,0,0.8222222222222222,0.33348164893142423,-0.36382567185015285,-0.9736421544695717,0.022895190985034522,0.034197768552037544,0.11797643955615726,0.9703158381967738,1.0003024055839422,0.38523875256426643,0.19715133727389372,1.0329529707833436,1.0483194719563387,0.898081449232645,282.24506790421907
851,10851,10851,10851,07025ed,solver_extremeB_s2,1,1,1,success,63,31.05928817048604,27.006433110174555,2.5446967670709566,54,1,30.0,0.45,20.0,1.0,25,1,200,0.002,100,10.0,1.0,0,49,0,0.7777777777777778,0.3481859825578782,-0.48980572737216077,-0.7398361402426024,0.022987172556801518,0.03646879398756173,0.09246701772073235,1.3284893524344665,1.248255351993992,0.3520464021475772,0.6165806414839634,1.0248088338601171,0.965544907428799,0.9779142268444094,286.80084398348595
852,10852,10852,10852,07025ed,solver_extremeB_s2,1,1,1,success,55,26.042360533601848,10.437063780476088,5.07354910907278,47,1,30.0,0.45,20.0,1.0,25,1,200,0.002,100,10.0,1.0,0,39,0,0.7090909090909091,0.33990708355021554,-0.6840771639607082,-1.3165384555307456,0.025473561454411462,0.03628710033082558,0.03567347896960116,0.904403791031112,1.2010730022793603,0.3203085751595119,0.21615855911242618,1.1011821809179,1.1217396850945742,1.1607508094837815,286.2844209044021
853,10853,10853,10853,07025ed,solver_extremeB_s2,1,1,1,success,53,9.854864244198804,5.212715057160787,5.458537432483063,47,1,30.0,0.45,20.0,1.0,25,1,200,0.002,100,10.0,1.0,0,40,0,0.7547169811320755,0.3352858094969817,-0.522855780015504,-2.80396872643684,0.021747907666265023,0.032152599890425,0.04119182117540976,1.5472841876222345,0.6438230618929179,0.3465291758783344,0.333045317914152,1.0847359756756096,1.0455199768070094,1.045413429940369,285.1529902079992
854,10854,10854,10854,07025ed,solver_extremeB_s2,1,1,1,success,56,16.56630140859893,6.699841963748575,8.223488696301844,50,1,30.0,0.45,20.0,1.0,25,1,200,0.002,100,10.0,1.0,0,49,0,0.875,0.3083922443825891,-0.23853616149432733,-1.9236413640579382,0.020752539235725866,0.03563904317159045,0.03627241333682255,1.9029208976760172,1.06809410493747,0.35024050058802136,0.6067199815703576,0.9909760445590093,1.0702634550338046,1.0211255159169963,284.2679577140317
855,10855,10855,10855,07025ed,solver_extremeB_s2,1,1,1,success,63,16.101704126774703,24.1506651519926,5.007544175729929,56,1,30.0,0.45,20.0,1.0,25,1,200,0.002,100,10.0,1.0,0,50,0,0.7936507936507936,0.31174575433238627,-0.6705357573272728,-0.5636589432233619,0.026898519007379974,0.034776261931941936,0.04925616094687199,1.8315250640784795,1.1503657889360088,0.35044369180059676,0.648500449119545,0.9601011392827413,1.0050654799220846,1.0648457206924444,293.30983686127104
856,10856,10856,10856,07025ed,solver_extremeB_s2,1,1,1,success,70,12.01235022293173,10.037546592527535,3.1434812990329104,63,1,30.0,0.45,20.0,1.0,25,1,200,0.002,100,10.0,1.0,0,53,0,0.7571428571428571,0.34872275684948145,-0.7105627783822299,1.0325378279956468,0.023770664612687797,0.03967627068004577,0.10318631521055134,0.861121290564165,1.025417493041762,0.3479664671379575,0.31868467577520787,1.1014812323866316,0.9692360457970138,1.1704747290824347,290.27153141903875
857,10857,10857,10857,07025ed,solver_extremeB_s2,0,1,0,timeout,200,286.31728444496287,nan,nan,-1,1,30.0,0.45,20.0,1.0,25,1,200,0.002,100,10.0,1.0,0,186,0,0.93,0.3895536956411009,-0.45840152664755457,1.0429202423428015,0.027324703983735394,0.030820702252706708,0.07342224978794956,1.8702510078537844,0.8730884942048318,0.3542734924705305,0.4274862550643151,0.9825196928174635,0.9684284067594556,1.1632933286804308,16.880232907009844
858,10858,10858,10858,07025ed,solver_extremeB_s2,1,1,1,success,65,4.3331252728545815,17.78102854025327,19.766078618602464,58,1,30.0,0.45,20.0,1.0,25,1,200,0.002,100,10.0,1.0,0,48,0,0.7384615384615385,0.35123786034395577,-0.7291614667371781,-1.5555287035174203,0.021161984096905076,0.030332608761046938,0.11253088992663786,0.9612472313199945,1.386409387478998,0.36622185460404927,0.5546535703735329,1.0033900959889455,1.0201435290303265,1.215392879576973,292.78420224956545
859,10859,10859,10859,07025ed,solver_extremeB_s2,1,1,1,success,44,14.438351676589747,17.39850417779471,8.53632429822745,39,1,30.0,0.45,20.0,1.0,25,1,200,0.002,100,10.0,1.0,0,31,0,0.7045454545454546,0.3067812097022842,-0.18613193130954764,0.7643503306568689,0.026967057892202564,0.03681461516761355,0.11200473597490505,1.8825821513009724,0.6951704431476798,0.3497416247994843,0.30387639082437057,1.0233207884157167,0.9843562372245244,1.0846978296658556,278.3230215961489
860,10860,10860,10860,07025ed,solver_extremeB_s2,1,1,1,success,50,26.204601790041426,19.43628543575009,22.04939188461539,36,1,30.0,0.45,20.0,1.0,25,1,200,0.002,100,10.0,1.0,0,27,0,0.54,0.3066166548815959,-0.38097220932618914,0.6763911686365116,0.022204324053987475,0.03884653689733633,0.08939752519452222,1.921590976944091,1.2314355575936722,0.34964147275492574,0.3236249559037377,0.9911713151599384,1.0342852935432085,0.8473469695425018,278.55633523798093
861,10861,10861,10861,07025ed,solver_extremeB_s2,1,1,1,success,56,11.760005020695393,16.883608455661168,4.0586667143650805,49,1,30.0,0.45,20.0,1.0,25,1,200,0.002,100,10.0,1.0,0,45,0,0.8035714285714286,0.3323210472376946,-0.5364542625671376,2.903553574190826,0.025342606567848886,0.03879017791727812,0.10873200335518046,1.3143470603378509,0.6002466736368864,0.3846319800316019,0.2614682771830747,1.0183779913485933,0.9986082602865862,1.0944059171796487,283.2276257635255
862,10862,10862,10862,07025ed,solver_extremeB_s2,1,1,1,success,51,38.44441553654304,32.15181105637763,7.731831437628758,45,1,30.0,0.45,20.0,1.0,25,1,200,0.002,100,10.0,1.0,0,37,0,0.7254901960784313,0.33942593948262223,-0.5237439056734977,-2.9239597427307022,0.026543661044898935,0.03540123519467918,0.033459395231040835,1.1559939027597719,1.3343611248153027,0.3752641688527515,0.18318975213537186,1.0726796396531526,0.9672997626674887,1.1337359303825338,283.1679459957968
863,10863,10863,10863,07025ed,solver_extremeB_s2,1,1,1,success,53,24.81565351495471,16.672983331273052,9.277878652113825,45,1,30.0,0.45,20.0,1.0,25,1,200,0.002,100,10.0,1.0,0,39,0,0.7358490566037735,0.34654264226176584,-0.36023248223414844,2.2904882537422706,0.025483558783299637,0.03352610040755521,0.07857035382893353,1.0525027622548038,0.7293160151355594,0.3824470781169418,0.29090034743806903,1.0236833545907242,1.026384425124768,1.0947226952564477,284.80549508804296
864,10864,10864,10864,07025ed,solver_extremeB_s2,1,1,1,success,53,9.814239330098353,16.01267643285351,2.233899713021394,49,1,30.0,0.45,20.0,1.0,25,1,200,0.002,100,10.0,1.0,0,34,0,0.6415094339622641,0.32829987631135393,-0.3819184601931428,2.8000977092712223,0.022723531276267243,0.033742622222268245,0.04993643508788542,1.2162929949900378,1.330897639007841,0.3203534379345046,0.23674441345667158,1.0163752034336124,0.9153322064683872,0.9580183608175521,286.68837653781156
865,10865,10865,10865,07025ed,solver_extremeB_s2,1,1,1,success,61,28.903561883126077,24.47553250621344,4.217404709395724,55,1,30.0,0.45,20.0,1.0,25,1,200,0.002,100,10.0,1.0,0,48,0,0.7868852459016393,0.3701793795632789,-0.525661236670463,-1.308920720845477,0.02664881882572232,0.03522432352752596,0.10545725060941837,1.4217575840212717,1.1665604668045009,0.3380567098933076,0.4763534894072707,1.1024151943603397,1.0484729227265628,1.0690946162285588,287.4708592345678
866,10866,10866,10866,07025ed,solver_extremeB_s2,1,1,1,success,56,10.956462567791464,21.53868025441379,14.945492891607959,50,1,30.0,0.45,20.0,1.0,25,1,200,0.002,100,10.0,1.0,0,39,0,0.6964285714285714,0.34110324230197964,-0.33456893557271955,-1.9664680919051138,0.02308348669524337,0.03214143417754854,0.09122805942509876,1.987926070606909,0.9198392106795078,0.37871073213669043,0.5896670750881898,1.0260984326732348,1.0275042227472109,1.1246749569613188,287.91681769874253
867,10867,10867,10867,07025ed,solver_extremeB_s2,1,1,1,success,63,19.01291517335323,16.59299789628613,7.777441431978814,58,1,30.0,0.45,20.0,1.0,25,1,200,0.002,100,10.0,1.0,0,47,0,0.746031746031746,0.3740221243910572,-0.6210090971312703,0.1585051148905845,0.02497766100952572,0.030741196334124404,0.10148666395263181,1.1994884493000761,0.7010811677216797,0.3857938564109444,0.5408696602202862,1.0983188481497042,1.0343184648560053,1.3774952286596303,291.74512316780755
868,10868,10868,10868,07025ed,solver_extremeB_s2,1,1,1,success,50,22.31646513920021,29.698896580769038,8.819604259520801,44,1,30.0,0.45,20.0,1.0,25,1,200,0.002,100,10.0,1.0,0,36,0,0.72,0.34952554416662684,-0.3512112376226215,-1.8742646717529614,0.021686919846076614,0.03690294122516572,0.08023128464943224,1.796671384937778,1.1164512969943456,0.3112473994117962,0.5331764002054761,1.0253329953986938,1.0717317671151503,1.06417110794875,284.7218010396702
869,10869,10869,10869,07025ed,solver_extremeB_s2,0,0,0,unsafe,19,236.38667905728562,nan,nan,-1,1,30.0,0.45,20.0,1.0,25,1,200,0.002,100,10.0,1.0,0,11,0,0.5789473684210527,0.3598364692137208,-0.2688824608196786,-0.7755691954973778,0.023640737270827505,0.036923121392602,0.037228503663254364,1.314610157483665,0.7615988707963459,0.332083384688026,0.4274519741296237,1.0499192256357046,0.9821371051957543,1.101873387948403,-41.919703954218484
870,10870,10870,10870,07025ed,solver_extremeB_s2,1,1,1,success,75,22.654956328339765,20.117668365060165,5.521951183303881,71,1,30.0,0.45,20.0,1.0,25,1,200,0.002,100,10.0,1.0,0,61,0,0.8133333333333334,0.37379584941129546,-0.7251781876364773,-0.7391431552552823,0.02348928339100459,0.03516459426262192,0.05422965788845009,1.561586954180608,1.3387466235161987,0.38172521975599777,0.524148900188105,1.017795172431854,0.9778216614005306,1.1015921057081355,295.86895283241097
871,10871,10871,10871,07025ed,solver_extremeB_s2,1,1,1,success,46,9.161503332576892,10.659389263798705,1.475210019922635,43,1,30.0,0.45,20.0,1.0,25,1,200,0.002,100,10.0,1.0,0,28,0,0.6086956521739131,0.32957670012173024,-0.26874994052057866,-1.135018237067003,0.02519085717874832,0.03995409604881419,0.0864093792271667,1.5377103316656369,0.9433485458917166,0.3781262262193733,0.2493835381326659,0.9181969570722963,1.0593913151225425,1.1030066032127062,279.3218731855634
872,10872,10872,10872,07025ed,solver_extremeB_s2,1,1,1,success,47,14.168506968287886,8.884074577088107,11.151613407303904,41,1,30.0,0.45,20.0,1.0,25,1,200,0.002,100,10.0,1.0,0,32,0,0.6808510638297872,0.3244074858141755,-0.486149415789938,1.5786762502136753,0.02596545525810357,0.0341553107089029,0.055306917792062066,1.217755204388018,0.7588568839745315,0.31244561963819856,0.17206394294271704,1.0398327237808622,1.0808272272786132,1.082389774988925,281.8655737972657
873,10873,10873,10873,07025ed,solver_extremeB_s2,1,1,1,success,62,28.811398503342097,25.696806291560307,2.902469866960473,56,1,30.0,0.45,20.0,1.0,25,1,200,0.002,100,10.0,1.0,0,37,0,0.5967741935483871,0.33432388223588555,-0.5393704604731098,2.848346086088762,0.02309334657860074,0.03163030872229221,0.054448858314425835,1.4826203068336987,1.3021059003642872,0.3875253955873352,0.5719137818408002,1.0450525995909088,1.002731942117604,1.2285004497302583,289.7978273266045
874,10874,10874,10874,07025ed,solver_extremeB_s2,1,1,1,success,53,18.05735410959555,13.584237595193006,15.52863106598702,42,1,30.0,0.45,20.0,1.0,25,1,200,0.002,100,10.0,1.0,1,43,0,0.8113207547169812,0.385695571011183,-0.1796692416834983,0.6938741892071896,0.02256695793192963,0.040104104036815504,0.07982908294040522,1.4988929284398125,1.0541062871067386,0.38309815986965745,0.38555914539707914,0.9844924558422639,0.9860778154620976,1.0396664278916952,278.7603365333679
875,10875,10875,10875,07025ed,solver_extremeB_s2,1,1,1,success,70,25.351225986991363,14.071137202546472,8.427775462370088,61,1,30.0,0.45,20.0,1.0,25,1,200,0.002,100,10.0,1.0,0,54,0,0.7714285714285715,0.36462755402108793,-0.7159547655402866,3.0945813663613775,0.02535199603324036,0.03652963380963057,0.044670827679015465,1.2484699821024976,0.6919446839304697,0.3058742780701806,0.5056878442293284,0.9901053089520706,1.0265968069675597,1.0620756270098566,294.6121228217821
876,10876,10876,10876,07025ed,solver_extremeB_s2,1,1,1,success,68,21.90037714041902,8.62411880196375,19.223313484540547,62,1,30.0,0.45,20.0,1.0,25,1,200,0.002,100,10.0,1.0,0,53,0,0.7794117647058824,0.3482980582008799,-0.37934703465506003,1.534924096209033,0.025682274884050497,0.03158438840656714,0.10936568344093145,1.927311656007886,0.8074926267222245,0.32451031638184774,0.5570147381265632,1.0208548002112103,0.9278113344267837,1.0291027952416023,277.99710614204304
877,10877,10877,10877,07025ed,solver_extremeB_s2,1,1,1,success,69,24.45490421407769,18.05894615716372,6.219740002558578,59,1,30.0,0.45,20.0,1.0,25,1,200,0.002,100,10.0,1.0,0,52,0,0.7536231884057971,0.3819055495283563,-0.4139197126574587,-0.8839405956526343,0.022877928924309416,0.039398119922998055,0.07955985655661668,0.9367700825063896,1.257632506967286,0.38234828622581046,0.7281251631301425,0.9974209402647247,1.0509444779640678,1.141199263886344,290.1395384536182
878,10878,10878,10878,07025ed,solver_extremeB_s2,0,1,0,unsafe,40,185.99359563049606,nan,nan,-1,1,30.0,0.45,20.0,1.0,25,1,200,0.002,100,10.0,1.0,0,28,0,0.7,0.3448216153244134,-0.28162830197492944,-1.7640502184028495,0.02672773376827255,0.03782672523559334,0.11804077267862703,1.716936063818481,0.969290173391339,0.32279511215142653,0.4509931574195674,1.0565525037407448,1.0158448996977745,0.8825490903614135,-21.016596037436372
879,10879,10879,10879,07025ed,solver_extremeB_s2,1,1,1,success,57,11.52474817603658,16.922162690219754,9.570753275224643,50,1,30.0,0.45,20.0,1.0,25,1,200,0.002,100,10.0,1.0,0,41,0,0.7192982456140351,0.3255459405658737,-0.30300327331725824,-2.4927784324413436,0.020721065965625403,0.03949736131726905,0.09228453316932139,1.8747128715235382,1.1992802779017557,0.3730095865693871,0.6769609066157437,1.1080884019301618,0.9683623355089129,1.0468090678040474,286.37915582660435
880,10880,10880,10880,07025ed,solver_extremeB_s2,1,1,1,success,51,23.297897521437374,22.388097730016785,11.753932664223386,46,1,30.0,0.45,20.0,1.0,25,1,200,0.002,100,10.0,1.0,0,38,0,0.7450980392156863,0.30221645575079475,-0.3459437415734097,-0.20043158550388362,0.027290734629286415,0.03205492095250614,0.10808088707031364,1.8677887526941175,0.8062580847639766,0.31463094404283576,0.487598279997614,0.9435026577739298,0.914508247896128,1.0592510360780136,270.2429331196604
881,10881,10881,10881,07025ed,solver_extremeB_s2,1,1,1,success,60,12.733275451670778,20.070629835141332,13.473364294324188,52,1,30.0,0.45,20.0,1.0,25,1,200,0.002,100,10.0,1.0,0,44,0,0.7333333333333333,0.30691800131252023,-0.5363636669359756,-2.8733224341437498,0.027576415128091353,0.03654117801733222,0.04022678639582971,1.641001899716875,1.381984046780534,0.36524286690010654,0.6495253372315235,1.0558322112928602,1.0454922090336214,0.9743364164873439,288.5107039063578
882,10882,10882,10882,07025ed,solver_extremeB_s2,1,1,1,success,68,33.49344209254935,9.762529784802647,22.00722559467018,50,1,30.0,0.45,20.0,1.0,25,1,200,0.002,100,10.0,1.0,0,51,0,0.75,0.36908744336000415,-0.5823638271952204,-0.5088248238633102,0.020580288660285016,0.03375456161158363,0.053277641185728704,1.2475495669327918,1.1250768436061231,0.30760549680720295,0.41451547267167943,1.0153386630336017,0.981397506011195,0.8965409446264041,288.72747484030504
883,10883,10883,10883,07025ed,solver_extremeB_s2,0,0,0,timeout,200,449.50533737331546,nan,nan,-1,1,30.0,0.45,20.0,1.0,25,1,200,0.002,100,10.0,1.0,0,189,0,0.945,0.35853205998152954,-0.6223632814432385,0.3661185392848325,0.026979563150643617,0.036850242814814804,0.11825438994216345,1.5254429352281322,0.9784585224895357,0.3167306510813687,0.5733372980624816,0.9459736410825595,1.0522325646757866,1.0226831233745415,-5.087096539418097
884,10884,10884,10884,07025ed,solver_extremeB_s2,1,1,1,success,53,18.217281134145527,6.014830027508896,17.01473266667026,43,1,30.0,0.45,20.0,1.0,25,1,200,0.002,100,10.0,1.0,0,36,0,0.6792452830188679,0.32386285841160395,-0.3443615405173398,2.9352122267640004,0.0256977575250887,0.038951126759701506,0.06142324091775172,1.6936163898702277,0.7594206400687873,0.3427917864589183,0.3120360356429357,1.0351194995875723,1.02633589400863,0.966818959287196,285.5280864953517
885,10885,10885,10885,07025ed,solver_extremeB_s2,1,1,0,success,59,31.724115424043013,39.1434521888933,15.70551627434675,41,1,30.0,0.45,20.0,1.0,25,1,200,0.002,100,10.0,1.0,0,45,0,0.7627118644067796,0.3762631613708812,-0.17698613599400204,-2.637888170721954,0.023004870000159345,0.03901363655631313,0.03194152154269435,1.2553756274042636,1.278198743573179,0.30910118986144647,0.6314555429958706,1.0708281850473984,1.0389911686068718,0.9169719645485452,281.404834927292
886,10886,10886,10886,07025ed,solver_extremeB_s2,1,1,1,success,66,19.490433550316457,19.694898500428,7.81427737896709,59,1,30.0,0.45,20.0,1.0,25,1,200,0.002,100,10.0,1.0,0,37,0,0.5606060606060606,0.31324904608391735,-0.6299003488198895,-2.898253276135711,0.02160562509660077,0.03186370409474367,0.09993779920776867,0.9236852129389377,0.8527706928781973,0.3626105881876055,0.6076953260707317,1.0299235356913865,1.0158571626400257,1.1501680367108345,293.1729137357163
887,10887,10887,10887,07025ed,solver_extremeB_s2,1,1,1,success,58,22.172399352711693,20.57204761989264,3.8425312665499405,51,1,30.0,0.45,20.0,1.0,25,1,200,0.002,100,10.0,1.0,0,44,0,0.7586206896551724,0.3100025913442514,-0.7087875314890631,-0.6052183768340957,0.02053248372396056,0.03580853917522036,0.08123319881252422,1.222675973246737,0.7846319120293472,0.3708124397191581,0.3397105321888287,1.0510393663729116,1.0514323632187488,1.0945647534501002,288.87301953335947
888,10888,10888,10888,07025ed,solver_extremeB_s2,1,1,1,success,60,4.568117458012067,7.7498118150397435,8.272571733626675,54,1,30.0,0.45,20.0,1.0,25,1,200,0.002,100,10.0,1.0,0,50,0,0.8333333333333334,0.3088505079963163,-0.47048201324497146,-0.84519187614067,0.0211633941372146,0.03497756949128126,0.09832969603881953,0.8777092607211487,0.8176751423234342,0.3584604430920963,0.6205592150169336,1.096651835628586,1.0093494921324162,0.9286303204940333,286.4837395980328
889,10889,10889,10889,07025ed,solver_extremeB_s2,1,1,1,success,56,22.38936371129619,34.3811685581198,10.538987993273519,50,1,30.0,0.45,20.0,1.0,25,1,200,0.002,100,10.0,1.0,0,44,0,0.7857142857142857,0.3631285055570639,-0.4716985197810689,-0.9111102820069377,0.0254149086438953,0.038858446190821294,0.057231491473409855,0.9263816003523115,0.8510433314517846,0.33766861214098165,0.5124085569184949,0.94197256323055,0.9210209906900545,0.9146126602300828,282.6753827748817
890,10890,10890,10890,07025ed,solver_extremeB_s2,1,1,1,success,61,24.509977594471614,19.65386442344495,19.556682998639857,51,1,30.0,0.45,20.0,1.0,25,1,200,0.002,100,10.0,1.0,0,50,0,0.819672131147541,0.3723885096496465,-0.6016079810423081,-0.4874400279284199,0.02114548981311344,0.032363837372520875,0.05019242611943895,0.8560594476094685,0.7812356752654344,0.3899231387238125,0.33866335084835153,0.989125036084613,1.0004430657191095,1.1596804321123249,290.0373685931356
891,10891,10891,10891,07025ed,solver_extremeB_s2,1,1,1,success,59,8.524443979017915,18.067993456303906,11.684976719546473,53,1,30.0,0.45,20.0,1.0,25,1,200,0.002,100,10.0,1.0,0,48,0,0.8135593220338984,0.3134695178381643,-0.51696703804325,2.6914782915000153,0.02302340536882492,0.031277599006590634,0.10701513166592215,0.8195720421015481,1.263997402966019,0.35515976799951177,0.6566779603838796,1.033424864612852,1.0457957569036693,0.8874426331597471,290.46487876522053
892,10892,10892,10892,07025ed,solver_extremeB_s2,1,1,1,success,44,21.3512759127401,26.344752224772826,7.021626561925623,39,1,30.0,0.45,20.0,1.0,25,1,200,0.002,100,10.0,1.0,0,34,0,0.7727272727272727,0.37886461217556333,-0.39530266370187006,1.6337156488398978,0.02568949780024842,0.03681881202784291,0.08522903632150303,1.6986344726413127,0.8861399972687473,0.36800193532167275,0.1858157417582343,1.071864692597804,1.0189657564671502,1.100862671391214,282.6166794826915
893,10893,10893,10893,07025ed,solver_extremeB_s2,1,1,1,success,52,9.838921153886496,15.762647002519628,3.0762617327135042,47,1,30.0,0.45,20.0,1.0,25,1,200,0.002,100,10.0,1.0,0,43,0,0.8269230769230769,0.31324687563821285,-0.3881898847430294,-0.416487736674374,0.022195820814053104,0.0328225862605117,0.11039668562834554,1.3399898845496954,1.0309054653394185,0.387016789974913,0.44528868680410505,0.9904291378583127,1.0631014925337594,1.1122540216901262,284.8300258575937
894,10894,10894,10894,07025ed,solver_extremeB_s2,1,1,1,success,62,21.873345454555356,26.15432659475069,5.430798287422871,56,1,30.0,0.45,20.0,1.0,25,1,200,0.002,100,10.0,1.0,0,55,0,0.8870967741935484,0.3774310292896455,-0.5370260152545221,-1.0152839301015777,0.02438315341446348,0.03524667210016288,0.04743363877692912,0.8980753554095033,0.9911000669788731,0.3358948408461696,0.6968419296129079,0.9659461448954259,1.0765384960706406,0.8998453570965845,290.04961233385694
895,10895,10895,10895,07025ed,solver_extremeB_s2,1,1,1,success,61,24.836296804056005,38.413810621083094,11.398032234035378,56,1,30.0,0.45,20.0,1.0,25,1,200,0.002,100,10.0,1.0,0,35,0,0.5737704918032787,0.3491595521712166,-0.5278600189238876,-0.4987858608659721,0.027150429910087176,0.03709151767421101,0.0816714680167139,0.9159932050350686,0.933269001297485,0.3250172232002998,0.6303552213963483,1.0523393199866413,1.0818621238423558,1.0179668444419776,288.13313137567974
896,10896,10896,10896,07025ed,solver_extremeB_s2,1,1,1,success,49,27.15456064561251,18.66258387110433,12.607948523683762,43,1,30.0,0.45,20.0,1.0,25,1,200,0.002,100,10.0,1.0,0,42,0,0.8571428571428571,0.3488537323981416,-0.1966107025769256,3.008256750930035,0.02545604873761936,0.03480631771941415,0.08534810954245023,1.6367207433112156,0.9610772116995554,0.36953342734271005,0.6248402465496662,1.0068919696914693,1.0396640701995035,1.1087373779689629,284.6922500327756
897,10897,10897,10897,07025ed,solver_extremeB_s2,1,1,1,success,55,17.08272790870873,26.938161749213894,15.203901105068985,41,1,30.0,0.45,20.0,1.0,25,1,200,0.002,100,10.0,1.0,0,41,0,0.7454545454545455,0.3782702670724424,-0.2779848436034063,-1.2045878150577651,0.02418066509654151,0.03871758809950564,0.08903671991989963,0.8378386239326878,0.8829574586051503,0.37640134077698706,0.6647378593807806,1.0193415814998765,0.9893206040035837,0.9779697486599596,283.8487065113232
898,10898,10898,10898,07025ed,solver_extremeB_s2,1,1,1,success,56,17.170418241175007,18.696818231008724,6.634961985884899,47,1,30.0,0.45,20.0,1.0,25,1,200,0.002,100,10.0,1.0,0,37,0,0.6607142857142857,0.38849643711617105,-0.5056568240736836,2.2686436616352843,0.021590105232663526,0.032090987985131325,0.046626002957619934,1.5254459127192808,1.1091248610727755,0.30261004644221207,0.3672238645772334,1.0433622722644487,1.0139352219000484,1.045082727657463,287.0020733685103
899,10899,10899,10899,07025ed,solver_extremeB_s2,1,1,1,success,67,8.65101485546576,24.989098689467106,8.45089468238726,52,1,30.0,0.45,20.0,1.0,25,1,200,0.002,100,10.0,1.0,0,45,0,0.6716417910447762,0.3890721973372966,-0.32874895971829493,-1.5927558871396694,0.027250814651759388,0.037243725657106035,0.03374641748583921,1.495878127175338,0.9165802550731486,0.3433112737284125,0.47800695840083146,0.953151789149235,1.0006899825765538,1.0537827350049471,287.5120593226815
900,10900,10900,10900,07025ed,solver_extremeB_s2,1,1,1,success,54,26.544918531313673,28.503543357539503,11.001978667829206,46,1,30.0,0.45,20.0,1.0,25,1,200,0.002,100,10.0,1.0,0,36,0,0.6666666666666666,0.3849210020718161,-0.3029197569388557,2.335561841865757,0.02127942438643146,0.03602305027951932,0.10694633336140376,1.1475250326419448,1.215943908134701,0.34526647268134447,0.6858447862680157,1.0561104583192382,1.0125948778228302,1.0396366115062348,286.2132949356044
901,10901,10901,10901,07025ed,solver_extremeB_s2,1,1,1,success,57,13.235973631386242,17.920348570461897,16.378191891935682,49,1,30.0,0.45,20.0,1.0,25,1,200,0.002,100,10.0,1.0,0,38,0,0.6666666666666666,0.32869863032883284,-0.6834805598201372,1.2819593173408492,0.023364086149218852,0.03046812224131239,0.06656934200393393,1.7841702580883718,0.8504746495719512,0.32593776311829825,0.32008399189141756,1.11549938028171,1.0056042359639639,0.9153758620657308,288.96469286009926
902,10902,10902,10902,07025ed,solver_extremeB_s2,1,1,1,success,62,28.923088888158087,25.22854197885777,24.788758858511734,54,1,30.0,0.45,20.0,1.0,25,1,200,0.002,100,10.0,1.0,0,45,0,0.7258064516129032,0.32009073994429144,-0.6177893773760568,2.933979698853979,0.022607729301701244,0.039590857441203026,0.06029103828065531,1.2611453649722177,0.6325820527729765,0.3203021997195074,0.5833923334455665,1.0582875597268833,1.0273069334044893,0.9542405089248271,290.03522286714554
903,10903,10903,10903,07025ed,solver_extremeB_s2,1,1,1,success,55,31.839578445732737,37.94485549424904,8.16116057893197,47,1,30.0,0.45,20.0,1.0,25,1,200,0.002,100,10.0,1.0,0,34,0,0.6181818181818182,0.3549859511950646,-0.4662701917469569,-2.3270969558931354,0.025109339214665204,0.03199447481720931,0.09193751431422842,0.9969678775533463,0.6496503283654645,0.30648206950915063,0.4428059384424679,0.9843818231848402,0.9810891450851748,1.1185140994120608,286.3701024690213
904,10904,10904,10904,07025ed,solver_extremeB_s2,0,0,0,unsafe,17,266.3154610211387,nan,nan,-1,0,30.0,0.45,20.0,1.0,25,1,200,0.002,100,10.0,1.0,0,13,0,0.7647058823529411,0.326205363276095,-0.5303758881994145,-2.7859570541525347,0.02441826924326529,0.036547463136899425,0.08860375224428974,1.9963510916041056,1.285163661251631,0.34017834810010006,0.2293879240750073,1.0142456072221118,1.0069336580756676,1.0867230543111908,-40.00483209025442
905,10905,10905,10905,07025ed,solver_extremeB_s2,1,1,1,success,49,24.09737316700281,19.37719232144152,23.968386939102366,42,1,30.0,0.45,20.0,1.0,25,1,200,0.002,100,10.0,1.0,0,42,0,0.8571428571428571,0.31896570332445806,-0.3024528801314151,2.7562710027301724,0.021105897822389506,0.03844624529749049,0.10042086355047848,1.6706721002218385,1.1623336705508835,0.31159253842454754,0.5865210588912633,1.06247760049466,1.0778662564349302,1.0376059748920263,282.62371893951155
906,10906,10906,10906,07025ed,solver_extremeB_s2,1,1,1,success,62,20.237275154925275,15.676050008062322,8.208077824181116,57,1,30.0,0.45,20.0,1.0,25,1,200,0.002,100,10.0,1.0,0,54,0,0.8709677419354839,0.34513941960590433,-0.6496201958894429,-2.85439007544198,0.024075181722710656,0.03400240118654095,0.10254460982610253,1.5346188120135027,1.2053594340969007,0.34462674500428125,0.22052167057298985,1.0168489342237002,1.0883022276813614,0.8088357710772919,286.5331910847588
907,10907,10907,10907,07025ed,solver_extremeB_s2,1,1,1,success,58,20.76088392768489,25.6375961653533,9.58576724123559,50,1,30.0,0.45,20.0,1.0,25,1,200,0.002,100,10.0,1.0,0,37,0,0.6379310344827587,0.33033953214151035,-0.4582113089287359,-0.9677414736898959,0.023271863125769295,0.034217873616559286,0.07483994931026916,0.9195326291219957,0.9454355300666754,0.3650869775743132,0.7216286332841769,1.087603157044517,1.008467372745334,0.8424266394840285,288.39631576583014
908,10908,10908,10908,07025ed,solver_extremeB_s2,1,1,1,success,56,19.682573723882314,15.941746391487412,4.667216499518763,50,1,30.0,0.45,20.0,1.0,25,1,200,0.002,100,10.0,1.0,0,43,0,0.7678571428571429,0.38257522071592764,-0.5682914911792022,-1.134396707291566,0.023994426746879415,0.032903959597602464,0.07143603599045772,1.5832508463496913,0.7420590909275802,0.3327386181851195,0.37864626507203486,1.0173826180469168,1.0119622994946482,1.0311728224087757,287.60543827220994
909,10909,10909,10909,07025ed,solver_extremeB_s2,1,1,1,success,45,12.429725175022623,26.403922658232393,19.175362969163956,40,1,30.0,0.45,20.0,1.0,25,1,200,0.002,100,10.0,1.0,0,28,0,0.6222222222222222,0.316017933663852,-0.22313431517568239,-1.2036034159608167,0.021627091576503325,0.037146358571166015,0.10810329982039815,1.7331703238474985,1.2754767550619475,0.33283530881642553,0.30759969539659304,1.0663010012184737,1.0507048399331222,0.8821072843393257,280.52939796180584
910,10910,10910,10910,07025ed,solver_extremeB_s2,1,1,1,success,66,19.534564239240705,24.593680758147126,8.86170486388015,56,1,30.0,0.45,20.0,1.0,25,1,200,0.002,100,10.0,1.0,0,46,0,0.696969696969697,0.3791188811874964,-0.5083619778843619,1.9499673786963934,0.020570684067789526,0.035118553007910246,0.036749270337557774,1.7764377912312033,0.9017867220151476,0.3476230479522733,0.6813943151992409,1.0324417748317907,1.1040944575730192,1.1000401771793198,291.21424187753877
911,10911,10911,10911,07025ed,solver_extremeB_s2,1,1,1,success,56,24.11784624318461,21.74858917095421,12.831098666599356,48,1,30.0,0.45,20.0,1.0,25,1,200,0.002,100,10.0,1.0,0,41,0,0.7321428571428571,0.38964539976065526,-0.4800341878042109,-1.9795157354748079,0.020561955335392974,0.0361958023457299,0.07441558263057999,1.23798224262836,1.2489934111243124,0.3094205189040139,0.4252722057069055,0.98206991678474,0.9644068630698202,1.1556113719721526,285.7805496726716
912,10912,10912,10912,07025ed,solver_extremeB_s2,1,1,1,success,63,22.65678467612953,29.679933853842915,3.3523893443855854,57,1,30.0,0.45,20.0,1.0,25,1,200,0.002,100,10.0,1.0,0,50,0,0.7936507936507936,0.382044755283181,-0.6587950024044427,1.7296183481745482,0.027006185437596267,0.03311149632158012,0.10800120857276875,1.2716737688134392,0.79495321064053,0.35317414573621253,0.5776592316419058,0.9779606373672289,0.9753696409862445,1.032731457877917,291.8625182742745
913,10913,10913,10913,07025ed,solver_extremeB_s2,1,1,1,success,51,13.989812490815297,12.356091283550974,4.162547208440575,45,1,30.0,0.45,20.0,1.0,25,1,200,0.002,100,10.0,1.0,0,32,0,0.6274509803921569,0.3001743701015389,-0.4804062329383363,0.06054598420780488,0.02084002892115305,0.03369377418011439,0.032388257120304874,1.713853956419448,0.7362292457981439,0.31386664027609973,0.47121686272787255,0.9809197455266692,1.1096857175492796,1.0074538693309734,285.980809495424
914,10914,10914,10914,07025ed,solver_extremeB_s2,1,1,1,success,48,16.446977960014898,16.781764447199368,2.2400229352023775,41,1,30.0,0.45,20.0,1.0,25,1,200,0.002,100,10.0,1.0,0,38,0,0.7916666666666666,0.31033894759631436,-0.2235292926181195,2.4373504398452734,0.022347370030132062,0.03489315860198058,0.05042234571590773,1.820099818576967,1.0142204833131334,0.3381251180269396,0.4444107510637102,0.9920496282886176,1.0230510344135155,1.069382341513201,280.0840935037542
915,10915,10915,10915,07025ed,solver_extremeB_s2,1,1,1,success,58,31.785268496294815,15.534379533433512,7.133944511006195,46,1,30.0,0.45,20.0,1.0,25,1,200,0.002,100,10.0,1.0,0,46,0,0.7931034482758621,0.38478859299467016,-0.4744742673225632,-0.19547598175914027,0.02686591945410508,0.03758987350962895,0.061760705544564504,1.4564039772893076,1.294960285035478,0.3152133845079639,0.28202692437072874,1.0264659600357897,1.1098724936611337,1.333390634979104,287.52988930264235
916,10916,10916,10916,07025ed,solver_extremeB_s2,1,1,1,success,49,28.780692861385184,30.03016787886075,3.5929069561991116,43,1,30.0,0.45,20.0,1.0,25,1,200,0.002,100,10.0,1.0,0,42,0,0.8571428571428571,0.3774764965438168,-0.24480510787100568,-1.7275867228855741,0.02268892008162947,0.03005595048323269,0.08778657112621727,1.8883858078262594,0.9957921129419463,0.31082938081193934,0.60729969587116,1.0405993375814557,1.053744168055523,1.0569456915406197,284.4674193356769
917,10917,10917,10917,07025ed,solver_extremeB_s2,1,1,1,success,55,18.94560114844479,19.569249984566465,1.8191407535891058,49,1,30.0,0.45,20.0,1.0,25,1,200,0.002,100,10.0,1.0,0,40,0,0.7272727272727273,0.3462748978292576,-0.4232437378022241,-1.6239513960888312,0.024998558210243875,0.031998280877666166,0.03627218670186934,1.79710321351153,1.1054680535961579,0.3823368979405856,0.4648181995971121,1.0232986615549737,1.0350531402832936,1.176313430749723,284.63322104353745
918,10918,10918,10918,07025ed,solver_extremeB_s2,1,1,1,success,61,28.0050633338774,27.820293875784934,6.803964760802734,54,1,30.0,0.45,20.0,1.0,25,1,200,0.002,100,10.0,1.0,0,46,0,0.7540983606557377,0.36993022179351837,-0.32085059298529683,1.128559170267641,0.022800587002814326,0.029831706162699097,0.06422127539114361,1.975312334306819,0.9844811699356742,0.3836476055574109,0.6746552937538218,1.0342802562771207,0.9771501376729966,1.1842167397606889,288.4767415314793
919,10919,10919,10919,07025ed,solver_extremeB_s2,1,1,1,success,48,27.29853239316449,12.926193918818301,20.80045759407753,42,1,30.0,0.45,20.0,1.0,25,1,200,0.002,100,10.0,1.0,0,39,0,0.8125,0.32727939997146416,-0.5222590053637555,2.895590175144834,0.020708070215309796,0.037688260636861266,0.11818749327314025,1.7300855958519228,1.306594834356703,0.3141633347438852,0.32216975163952155,1.0033599046453694,1.0513699562495948,0.9752994887280639,285.553703553864
920,10920,10920,10920,07025ed,solver_extremeB_s2,1,1,1,success,57,29.187470066056726,26.703850589447985,6.635846180606173,51,1,30.0,0.45,20.0,1.0,25,1,200,0.002,100,10.0,1.0,0,44,0,0.7719298245614035,0.36044540440606254,-0.43705417289594967,0.7565150040412827,0.027289268667200783,0.03287274034804103,0.04801953499865883,1.855279521696295,1.0505159933567285,0.376608641606829,0.6833364174771404,0.9634144174982825,1.0318810701903156,1.0546834230587758,289.05095450402274
921,10921,10921,10921,07025ed,solver_extremeB_s2,1,1,1,success,53,34.15959581360606,44.853841284048336,9.269264139696986,47,1,30.0,0.45,20.0,1.0,25,1,200,0.002,100,10.0,1.0,0,40,0,0.7547169811320755,0.3622197044392353,-0.2546921670238356,-2.4807596652453343,0.02516393041823866,0.03195189791661625,0.10176935947222528,0.9054609523900039,1.1967534453927073,0.30515959375322854,0.6156943187362722,1.0899684242311403,1.1365739733997027,1.1261254015174198,284.22904561303545
922,10922,10922,10922,07025ed,solver_extremeB_s2,1,1,1,success,56,10.497012675448525,18.17398373802208,7.747869240962038,51,1,30.0,0.45,20.0,1.0,25,1,200,0.002,100,10.0,1.0,0,49,0,0.875,0.35740796812153475,-0.5911801788152169,3.009981167019829,0.024885059942953053,0.03133218566086225,0.04353686434700012,1.844858453134029,0.6975286734590563,0.33885683843985837,0.5787256892816274,1.0232322248526309,1.0872005286320197,1.1149877444217884,288.6964909250747
923,10923,10923,10923,07025ed,solver_extremeB_s2,1,1,1,success,59,15.557819033894939,29.46024714781175,19.170129910269925,49,1,30.0,0.45,20.0,1.0,25,1,200,0.002,100,10.0,1.0,0,38,0,0.6440677966101694,0.3610493702593397,-0.6356783763789495,0.23853977848791308,0.025081329409158734,0.03842488817516108,0.06663032239237146,1.035735391979186,0.7746165368953676,0.3830181093386779,0.26136424489070903,1.046629579283992,1.0626352691789707,1.1000144256234297,287.41354404639657
924,10924,10924,10924,07025ed,solver_extremeB_s2,1,1,1,success,60,21.421797456653767,15.723977649008985,9.470463764741211,51,1,30.0,0.45,20.0,1.0,25,1,200,0.002,100,10.0,1.0,0,42,0,0.7,0.3115581980406845,-0.4630274445445698,0.29427795849310634,0.022064042084630763,0.037554464320939625,0.07359912637093624,1.3724770170012428,0.886575564581022,0.3623006328404734,0.4763484255199525,1.0077055531776262,1.007494160298133,1.0525578632517458,287.1146982858296
925,10925,10925,10925,07025ed,solver_extremeB_s2,1,1,1,success,51,32.5383875274615,44.07158278435377,10.06788747929477,46,1,30.0,0.45,20.0,1.0,25,1,200,0.002,100,10.0,1.0,0,45,0,0.8823529411764706,0.3299234189117796,-0.28462080552725544,1.0572886260258736,0.026449779269371414,0.039196228792586094,0.09709911141816435,1.5646082539642485,0.9717124277930103,0.38958867517051127,0.3592826543735037,1.062566653512698,0.9362562167553519,1.1987235564552972,276.1415541263748
926,10926,10926,10926,07025ed,solver_extremeB_s2,1,1,1,success,67,27.553044940051834,40.45549039316419,9.927917844742515,53,1,30.0,0.45,20.0,1.0,25,1,200,0.002,100,10.0,1.0,0,53,0,0.7910447761194029,0.36767728771562197,-0.306917539652118,2.026176961671344,0.021950370660068757,0.031001442251583352,0.057652302710183845,1.593449201954292,0.9093705270354698,0.34079517797881864,0.5940973273750477,1.070917037610156,1.0310920741581122,1.0816672703949664,284.95083794471043
927,10927,10927,10927,07025ed,solver_extremeB_s2,1,1,1,success,45,8.155416959985414,15.978227254972465,25.651295441372643,39,1,30.0,0.45,20.0,1.0,25,1,200,0.002,100,10.0,1.0,0,32,0,0.7111111111111111,0.32307145506380075,-0.3536517238664046,-0.1632008004398986,0.020559734416092205,0.031268418185967393,0.08041175731682952,1.5587257380670962,1.3895181225936115,0.3395195786658585,0.18262841725653484,0.9598573745465859,1.129098331680112,0.9502326173849835,283.3533610121685
928,10928,10928,10928,07025ed,solver_extremeB_s2,1,1,1,success,45,13.111483576660289,6.930399679513692,4.763263722122194,38,1,30.0,0.45,20.0,1.0,25,1,200,0.002,100,10.0,1.0,0,37,0,0.8222222222222222,0.33995703015271933,-0.4353463758852258,2.719037933601304,0.026563166328813104,0.03385920866567314,0.05114534309883509,0.9830258833675413,1.230144907063993,0.3129903911544646,0.17905100180587846,1.0506680621560385,1.0311100335202816,0.9238140355566571,283.1617056248094
929,10929,10929,10929,07025ed,solver_extremeB_s2,1,1,1,success,65,24.05721026016922,26.738627769938024,11.41247613047349,60,1,30.0,0.45,20.0,1.0,25,1,200,0.002,100,10.0,1.0,0,59,0,0.9076923076923077,0.3725120418383995,-0.6224412712555263,2.621108226730853,0.026414392644843326,0.03338019036174809,0.10745378821182829,1.0615736222224985,1.0362715026907905,0.38315068320639817,0.5283496920620601,1.0344554222398121,1.024128261392526,1.1266602310986271,290.0679870644961
930,10930,10930,10930,07025ed,solver_extremeB_s2,1,1,1,success,57,13.448762858094009,20.907246487101617,5.95472111643241,51,1,30.0,0.45,20.0,1.0,25,1,200,0.002,100,10.0,1.0,0,39,0,0.6842105263157895,0.3037708750123814,-0.5505813000744784,0.8008610368933025,0.02224979276358834,0.03335555487716319,0.08006853020900226,1.6625462883490871,1.1708137642430234,0.3401070692333104,0.6071977085383353,1.0656752427560585,0.9471835484040236,0.9057748451877261,289.83668194505975
931,10931,10931,10931,07025ed,solver_extremeB_s2,1,1,1,success,47,1.9965548006033087,35.408343110013966,26.875336268519156,41,1,30.0,0.45,20.0,1.0,25,1,200,0.002,100,10.0,1.0,0,37,0,0.7872340425531915,0.34738284236478567,-0.4938218067885779,-1.9337487462986536,0.020626927940958825,0.036488529060106974,0.08348466838821676,1.919655153208253,0.804060828614778,0.3689406114623614,0.2483102286150233,1.037962270953694,1.0790932263586106,1.0139274188001155,284.8352983046875
932,10932,10932,10932,07025ed,solver_extremeB_s2,1,1,1,success,66,23.032306096373503,3.658041636739993,10.065978379977098,54,1,30.0,0.45,20.0,1.0,25,1,200,0.002,100,10.0,1.0,0,54,0,0.8181818181818182,0.3756580838086713,-0.7040907811455785,-1.4279493799262055,0.02346050641444085,0.03436864862874523,0.03613697573638712,1.5327187811975338,0.6774790885698477,0.32429020687362525,0.3327057663629509,0.9637201059285133,0.973466215777253,1.104360484256365,290.29002067349865
933,10933,10933,10933,07025ed,solver_extremeB_s2,1,1,1,success,62,23.133719570997485,23.42416814365766,0.626047548834483,59,1,30.0,0.45,20.0,1.0,25,1,200,0.002,100,10.0,1.0,0,45,0,0.7258064516129032,0.38387884217554347,-0.5975711147025161,-2.84748704131136,0.02683272754709914,0.03819328980465723,0.03062301647824823,1.7901566325276044,0.9217118211716893,0.3790396586088913,0.24195692803246002,0.9434909024124921,1.0092088269981994,0.8983331417583633,287.87951974075304
934,10934,10934,10934,07025ed,solver_extremeB_s2,1,1,1,success,48,7.379933012819692,28.975489831945364,15.272302859172033,41,1,30.0,0.45,20.0,1.0,25,1,200,0.002,100,10.0,1.0,0,39,0,0.8125,0.3799702568799451,-0.27536494905034276,1.8104602245143573,0.021543447107478127,0.03852397903402194,0.0828394411991506,1.679166062967611,0.632359289942694,0.37632143562539283,0.38472922651199665,0.9971661640824265,0.972999122125087,0.9967607553814858,283.69307173753486
935,10935,10935,10935,07025ed,solver_extremeB_s2,1,1,1,success,52,24.420853788082105,39.66244306687172,6.878647361026733,46,1,30.0,0.45,20.0,1.0,25,1,200,0.002,100,10.0,1.0,0,36,0,0.6923076923076923,0.3358146277855682,-0.22134040452603831,-1.6914143823928336,0.02578256355395758,0.030212712449432664,0.0320896768212032,1.376495855419665,0.9896877997802821,0.3192297573075132,0.6936482549760382,1.004719902194456,1.0898825992338865,0.9781701703854407,286.6551759323876
936,10936,10936,10936,07025ed,solver_extremeB_s2,1,1,1,success,58,26.36020887910118,21.972921328382586,4.866125310296739,53,1,30.0,0.45,20.0,1.0,25,1,200,0.002,100,10.0,1.0,0,46,0,0.7931034482758621,0.31400314404963114,-0.6605761713912403,-3.0345832660386187,0.025711494419322457,0.03142794333737169,0.10915297976534578,1.3061081010892641,0.9548776132721786,0.35636782410741197,0.5066504517000369,1.0703954906526427,0.935297822502218,1.0096013692335593,288.73232668937396
937,10937,10937,10937,07025ed,solver_extremeB_s2,1,1,1,success,51,18.282981420579585,20.19136344053014,19.686593844930037,46,1,30.0,0.45,20.0,1.0,25,1,200,0.002,100,10.0,1.0,0,33,0,0.6470588235294118,0.3058193543569568,-0.5462443206361952,-2.890647909097935,0.023618473310366095,0.03394180826850174,0.04787450379595329,1.4212082927389238,0.7968237905236562,0.33849739541884627,0.45860435883105416,1.133482759110415,0.9813733793921495,1.1721392786075806,286.97356106068764
938,10938,10938,10938,07025ed,solver_extremeB_s2,1,1,1,success,47,25.815252697505915,35.946615270805246,5.773419244578378,39,1,30.0,0.45,20.0,1.0,25,1,200,0.002,100,10.0,1.0,0,36,0,0.7659574468085106,0.3494717604328797,-0.2182938422610745,-0.4469193848048274,0.025685109581727917,0.03620295689138471,0.09338810027499707,0.9790314571085589,0.7393008036504576,0.3123310471421867,0.3600800275698647,1.0277259999478272,0.9490572796533023,1.143685252948318,279.22000603017534
939,10939,10939,10939,07025ed,solver_extremeB_s2,1,1,1,success,63,11.985478695013525,12.098753817269257,12.453454242512981,57,1,30.0,0.45,20.0,1.0,25,1,200,0.002,100,10.0,1.0,0,47,0,0.746031746031746,0.3395948492187356,-0.7205558081080862,-2.3347868666355174,0.02284667611734759,0.036495015466457496,0.047099682184924586,1.3364071658491012,0.7252265043803463,0.35069081191655327,0.586679301392905,0.9678604652696595,1.024564401398833,1.0744642048678443,293.3064568462532
940,10940,10940,10940,07025ed,solver_extremeB_s2,1,1,1,success,59,20.095248577102534,22.06114103335088,5.989940367258433,52,1,30.0,0.45,20.0,1.0,25,1,200,0.002,100,10.0,1.0,0,45,0,0.7627118644067796,0.34249716095702926,-0.369962883698664,0.13196276907627835,0.02481170425175463,0.03629044023358881,0.08248189355687982,1.9447843887908245,0.9294206504866309,0.3747551045457587,0.5599026192202722,0.9853399981056885,1.0158597361031823,1.1568978159529262,286.8430063431338
941,10941,10941,10941,07025ed,solver_extremeB_s2,1,1,1,success,65,31.456969201755182,34.48491054510654,5.9790271274048825,59,1,30.0,0.45,20.0,1.0,25,1,200,0.002,100,10.0,1.0,0,37,0,0.5692307692307692,0.3142509353958367,-0.6221796345584073,-0.6568580978941374,0.025701290228799186,0.031596099867704376,0.0601641000428252,1.6590789229360152,0.7867438183998106,0.38000204855675335,0.7291492802207044,1.063114808858913,0.996544183173792,1.0161586074300095,292.0341807321588
942,10942,10942,10942,07025ed,solver_extremeB_s2,1,1,1,success,50,21.42713006667757,11.749907783019484,11.487805487993837,45,1,30.0,0.45,20.0,1.0,25,1,200,0.002,100,10.0,1.0,0,35,0,0.7,0.3025862014070066,-0.4574439699987181,-2.851952668140056,0.021040294436785817,0.03152501008616443,0.08235412009806865,1.3084030445243615,0.7643301332800241,0.34521528574852206,0.2088866355006631,0.9155935935094067,1.04939261269613,1.1968410320475247,283.26300714396905
943,10943,10943,10943,07025ed,solver_extremeB_s2,1,1,1,success,57,23.297079808743366,15.33141621944026,8.785438776515987,48,1,30.0,0.45,20.0,1.0,25,1,200,0.002,100,10.0,1.0,0,42,0,0.7368421052631579,0.3746884593601949,-0.5256669078467615,-0.8723719891365755,0.02558960502588006,0.034705726107529374,0.045398540465675825,1.2930471880708652,1.1197193296402128,0.31834090125889625,0.21004926721944864,0.9710252904875972,1.0820803315259373,1.0208349891962696,286.33987799158757
944,10944,10944,10944,07025ed,solver_extremeB_s2,1,1,1,success,51,7.670497103430051,14.281045314502416,3.135199266845658,46,1,30.0,0.45,20.0,1.0,25,1,200,0.002,100,10.0,1.0,0,37,0,0.7254901960784313,0.33727693948550685,-0.4683621383659931,2.2266465098238797,0.023421964888996206,0.03247744461187646,0.03619024664687102,0.8150959078563635,0.9091690243106312,0.35064249940164705,0.36851805580487174,1.029731595971598,1.0969973877749488,1.2143575021875155,285.92107696128716
945,10945,10945,10945,07025ed,solver_extremeB_s2,1,1,1,success,60,31.95269318874256,19.759105788157857,25.81518392161766,52,1,30.0,0.45,20.0,1.0,25,1,200,0.002,100,10.0,1.0,0,50,0,0.8333333333333334,0.369967536034414,-0.7293885817239175,2.431062893343441,0.021826223995135452,0.032014957716727584,0.044419233126264085,1.7615503898582858,0.9738774942996551,0.30505547375320496,0.37619134310570446,1.06382409682594,0.984363248535007,0.7442484343628726,290.71956695563085
946,10946,10946,10946,07025ed,solver_extremeB_s2,1,1,1,success,44,14.822445541102285,8.898127642126541,20.954193521131845,38,1,30.0,0.45,20.0,1.0,25,1,200,0.002,100,10.0,1.0,0,32,0,0.7272727272727273,0.3070614204795216,-0.3151469832624073,0.18277464738702154,0.026229939068862475,0.039166719099484486,0.040799628606062566,1.6313873617712955,1.2025335380076867,0.331051853005962,0.22834250351469296,1.0064096668416735,1.0095519753655462,1.2326181582136657,281.0387740147769
947,10947,10947,10947,07025ed,solver_extremeB_s2,1,1,1,success,59,12.99422726240709,17.71122654541791,4.9107291502048005,50,1,30.0,0.45,20.0,1.0,25,1,200,0.002,100,10.0,1.0,0,46,0,0.7796610169491526,0.34535918097509466,-0.5103391617250345,-2.7670404668054274,0.026437516120281824,0.038076822163802954,0.04958175159375304,0.8839564843962272,0.8656660280803185,0.382049620532661,0.4698479357556801,0.982733288137086,1.0276244532070218,1.0974641369850642,287.1736429682934
948,10948,10948,10948,07025ed,solver_extremeB_s2,1,1,1,success,49,10.405156923183789,11.842047771212604,3.8044703147258034,43,1,30.0,0.45,20.0,1.0,25,1,200,0.002,100,10.0,1.0,0,33,0,0.673469387755102,0.31150545600623664,-0.43470375988866483,1.1277619491749684,0.020964450366829257,0.0364309469678532,0.0981806826886602,0.8578640892017385,1.2313167972137777,0.3436998183688385,0.444961239385698,1.0506191967998457,1.0758836487602912,0.8904423350220928,284.77464373599753
949,10949,10949,10949,07025ed,solver_extremeB_s2,1,1,1,success,61,25.844142887112053,20.082355570420123,2.952083735891365,55,1,30.0,0.45,20.0,1.0,25,1,200,0.002,100,10.0,1.0,0,42,0,0.6885245901639344,0.38467401223533265,-0.6682294299802377,0.36499971719026236,0.02616810271298375,0.033159019491863104,0.05264481690309947,1.995175304209763,0.8138948506583605,0.3403481734304973,0.27464466164587525,0.9895301373902525,1.0246413181392564,1.084229683171786,286.8748674331731
950,10950,10950,10950,07025ed,solver_extremeB_s2,1,1,1,success,57,22.069956630079176,14.997557995707265,11.769362539770732,49,1,30.0,0.45,20.0,1.0,25,1,200,0.002,100,10.0,1.0,0,38,0,0.6666666666666666,0.3847055437068747,-0.28228906276967697,-2.6313941460526085,0.024150327647094252,0.03762055007054104,0.08206264328968366,0.9651055209535231,0.8221378793749523,0.3624607110487513,0.20098257387436866,1.0230860222553841,1.0740066137640327,1.216068888761972,277.6382069433008
951,10951,10951,10951,07025ed,solver_extremeB_s2,1,1,1,success,63,17.443009192864835,5.157623714793235,2.666064128858415,59,1,30.0,0.45,20.0,1.0,25,1,200,0.002,100,10.0,1.0,0,40,0,0.6349206349206349,0.3265557257220491,-0.6646461490835164,2.2974237998370324,0.024637978943515448,0.03888231237782074,0.08455089187273616,1.0970489491288875,1.1829831371086013,0.3619992467496675,0.3153631935092257,1.0708969166731246,0.9975027750399468,0.9741063159651424,288.3503727524843
952,10952,10952,10952,07025ed,solver_extremeB_s2,1,1,1,success,64,8.122867512821049,28.050062137146156,15.97493533620445,49,1,30.0,0.45,20.0,1.0,25,1,200,0.002,100,10.0,1.0,0,46,0,0.71875,0.33747056181950513,-0.4319483290640502,-1.875202058098195,0.02453439893047614,0.04018452357550434,0.0908152586470414,1.101030159173245,0.966112135768548,0.3172650173548827,0.4671543044131704,0.9484070074309433,0.9832229167783648,1.1277167585428545,287.9812952287318
953,10953,10953,10953,07025ed,solver_extremeB_s2,1,1,1,success,61,23.724801764959366,21.570433039037194,12.904032698450644,51,1,30.0,0.45,20.0,1.0,25,1,200,0.002,100,10.0,1.0,0,43,0,0.7049180327868853,0.3650540346729225,-0.40770883714466716,1.5283310823523442,0.02103175097485663,0.033722576890609715,0.09924252903348325,1.469446001893131,0.9906835737510775,0.34663472202996,0.7259824769012211,1.0553534965699825,1.099715792418447,1.1016490445020615,286.17498732260435
954,10954,10954,10954,07025ed,solver_extremeB_s2,1,1,1,success,60,11.253104628458795,17.613069332206198,9.121196992046233,53,1,30.0,0.45,20.0,1.0,25,1,200,0.002,100,10.0,1.0,0,51,0,0.85,0.30869924604045285,-0.5875588450241588,-2.3405031813877653,0.026594267970303415,0.03924189345248846,0.09162691606884477,1.4182206726948667,1.3220879438903088,0.3154305308754715,0.6456605917910438,1.0029695506321519,1.1173763031737445,1.1321147098819302,287.24540762850495
955,10955,10955,10955,07025ed,solver_extremeB_s2,1,1,1,success,73,17.763931454635692,16.9714932110874,22.71678463006555,59,1,30.0,0.45,20.0,1.0,25,1,200,0.002,100,10.0,1.0,0,57,0,0.7808219178082192,0.3604193477998298,-0.5430879116022076,1.519792207810192,0.02735735272451078,0.03458961112501473,0.07109897456128111,1.7813913202897131,0.8637577892983995,0.3518531642399664,0.46830818617900444,1.0348341781146706,0.967441507206007,1.197218649906931,287.1899658316792
956,10956,10956,10956,07025ed,solver_extremeB_s2,1,1,1,success,53,18.052907257222685,22.002289327621916,10.873870682279819,47,1,30.0,0.45,20.0,1.0,25,1,200,0.002,100,10.0,1.0,0,41,0,0.7735849056603774,0.32019700761475056,-0.28020455445240133,1.6266033713360724,0.021409134321536724,0.031022937274830027,0.11107525436723503,1.7806473062617143,1.165529050209266,0.35212171984436097,0.6461291465934801,0.9822860770085639,1.0301770482714192,1.0936906354496938,286.670034410022
957,10957,10957,10957,07025ed,solver_extremeB_s2,1,1,1,success,61,44.38920729517118,34.75328559124446,29.202580262259055,53,1,30.0,0.45,20.0,1.0,25,1,200,0.002,100,10.0,1.0,0,50,0,0.819672131147541,0.38870302725498057,-0.3109190159977611,-0.07851209906232004,0.023455301652030476,0.03334924243939089,0.03915737066665189,0.9248266313563076,1.3827463728273912,0.3411490270288332,0.6643386899544066,0.975612887440939,1.0354395083214416,0.9394513431305815,284.4693997546364
958,10958,10958,10958,07025ed,solver_extremeB_s2,0,1,0,timeout,200,35.76503138291321,50.959486680451064,46.27518337248427,43,1,30.0,0.45,20.0,1.0,25,1,200,0.002,100,10.0,1.0,0,190,0,0.95,0.3876110755853017,-0.41280647267229675,-2.825077799977175,0.022315014099144513,0.032571606195506794,0.09933205703148672,1.3506085834672659,0.9153353659674311,0.3417923390408459,0.3136059680319625,1.0095586729468848,0.9885363778149389,0.9873212814101686,57.46339495931567
959,10959,10959,10959,07025ed,solver_extremeB_s2,1,1,1,success,64,16.496923128520432,22.490495572335675,15.717454156748426,58,1,30.0,0.45,20.0,1.0,25,1,200,0.002,100,10.0,1.0,0,39,0,0.609375,0.3551893825515584,-0.5462250304912054,1.74282869423413,0.024297858614638033,0.03686223880252213,0.10269078529247276,1.4303990201277448,0.9176908694197,0.34627082929608305,0.38974481746915274,0.9685763643939065,1.030652542310253,1.0959084812344884,289.31077206673825
960,10960,10960,10960,07025ed,solver_extremeB_s2,1,1,1,success,47,13.862776388622018,19.858559819098655,8.754941652862566,39,1,30.0,0.45,20.0,1.0,25,1,200,0.002,100,10.0,1.0,0,36,0,0.7659574468085106,0.3628714763383165,-0.37133516343992,1.0075465551078766,0.02220525220727879,0.031911831043923415,0.03659558803577338,1.530755906977466,0.9199326120057033,0.31967693910765266,0.25299796353095316,1.0016214902391043,1.0124725993973487,0.9669004777485326,282.61000229890476
961,10961,10961,10961,07025ed,solver_extremeB_s2,0,1,0,timeout,200,108.2686281995348,59.18286818992256,124.53608128578168,52,1,30.0,0.45,20.0,1.0,25,1,200,0.002,100,10.0,1.0,0,194,0,0.97,0.3783639447815328,-0.6935771837372852,1.2315666965203027,0.026461689564499628,0.030373958044014927,0.047848498281527777,1.95172875728322,0.9578130320724023,0.30278431061205696,0.22416993797048876,1.030619047023064,1.0015631152390034,0.9883566851761036,57.035482196733085
962,10962,10962,10962,07025ed,solver_extremeB_s2,1,1,1,success,47,14.495563534810028,26.441939886684857,17.931989518570056,41,1,30.0,0.45,20.0,1.0,25,1,200,0.002,100,10.0,1.0,0,32,0,0.6808510638297872,0.3269293020984556,-0.22023988960396523,-0.39572537191786594,0.0242148899409611,0.030620568245725507,0.03912259128844395,1.461747643176175,1.0919089410269418,0.3759537534756527,0.22064281543434439,0.9969128801023022,1.059556727552026,1.1298044895792687,281.5015175325843
963,10963,10963,10963,07025ed,solver_extremeB_s2,1,1,1,success,53,12.947753517374817,29.419265934686646,26.63829370761083,47,1,30.0,0.45,20.0,1.0,25,1,200,0.002,100,10.0,1.0,0,36,0,0.6792452830188679,0.3565152502610223,-0.43478401924126536,3.0362731952816144,0.021950708363554998,0.030274358225415035,0.05193569442507234,1.6218030516069484,1.0227106072341563,0.3606296695968834,0.5602663668487269,1.0306624192361782,0.9624367469037802,1.0673220094332865,286.5842556988366
964,10964,10964,10964,07025ed,solver_extremeB_s2,1,1,1,success,78,16.12958467359311,22.600701063580065,2.1632322708469784,73,1,30.0,0.45,20.0,1.0,25,1,200,0.002,100,10.0,1.0,0,70,0,0.8974358974358975,0.32762458233249403,-0.7112025168913554,1.4481187782915477,0.023398558065316252,0.035487589907076206,0.054176565955364464,0.838813542716983,0.6042757243743312,0.3716297924605723,0.5261682103753702,0.9671254171856435,0.9433479831271787,0.9642755551216174,282.1071533376263
965,10965,10965,10965,07025ed,solver_extremeB_s2,1,1,1,success,52,25.243614964756958,21.631810361155303,3.8030566917323747,47,1,30.0,0.45,20.0,1.0,25,1,200,0.002,100,10.0,1.0,0,31,0,0.5961538461538461,0.3885552279794967,-0.39848203273579286,-0.24865767263362537,0.025186849319070597,0.03362402381669902,0.09490653408338166,1.0279324373034229,1.3943386280718189,0.3815098066864562,0.3839838421466177,1.0008919926053694,1.0843574426221738,0.8749102589745694,285.2412943579633
966,10966,10966,10966,07025ed,solver_extremeB_s2,1,1,1,success,78,26.0639149686684,13.892337546394325,5.19905712313887,64,1,30.0,0.45,20.0,1.0,25,1,200,0.002,100,10.0,1.0,0,61,0,0.782051282051282,0.3203075379417775,-0.6766166353604124,0.6573849417755451,0.027263670545806237,0.03923454468969135,0.06485216890401568,1.7691825523421385,0.8094890990390549,0.33105350168040537,0.609262793690297,1.0397943910494143,1.095772893148052,1.1609920881912266,285.24241131837255
967,10967,10967,10967,07025ed,solver_extremeB_s2,1,1,1,success,70,13.95067851215902,16.400156589695428,11.71666971830834,53,1,30.0,0.45,20.0,1.0,25,1,200,0.002,100,10.0,1.0,0,51,0,0.7285714285714285,0.35604103964624634,-0.5969011155405961,0.9571636754264263,0.021679862389896255,0.03762970496286862,0.06332246999350111,1.4685570057642077,0.826970233398742,0.3281482443950403,0.4998321603469473,0.9723001856411686,1.0736715006920774,1.1597627034294515,290.25996972727694
968,10968,10968,10968,07025ed,solver_extremeB_s2,1,1,1,success,55,10.238256585105297,7.987532496630359,12.182884436638219,45,1,30.0,0.45,20.0,1.0,25,1,200,0.002,100,10.0,1.0,0,46,0,0.8363636363636363,0.3881009240501071,-0.4591053386237493,-2.717367381745642,0.02307441700641106,0.037393304483061086,0.08979515647274103,1.1223730595690848,0.9509042501990468,0.32287993722554126,0.3677660933434882,1.0439388252060755,1.0009156634971201,0.9873563016010176,286.23740773688394
969,10969,10969,10969,07025ed,solver_extremeB_s2,1,1,1,success,57,34.53291764803428,28.362179822574983,4.651993997641999,53,1,30.0,0.45,20.0,1.0,25,1,200,0.002,100,10.0,1.0,0,42,0,0.7368421052631579,0.3711565049957592,-0.6829138950770294,2.5785458303086504,0.026177818265342215,0.0319325295528757,0.11499969216233431,1.035276416931152,0.6167926428694025,0.30464508288972125,0.5402149081338342,1.0840360291695605,1.0128806361489582,0.890040905246137,290.196424113311
970,10970,10970,10970,07025ed,solver_extremeB_s2,1,1,1,success,54,15.252139086408523,12.456862468760365,7.132279675948898,48,1,30.0,0.45,20.0,1.0,25,1,200,0.002,100,10.0,1.0,0,40,0,0.7407407407407407,0.30077692551629476,-0.33099347629995324,1.4835521181152398,0.022127929546813436,0.03411999238658425,0.114139241915339,1.554012776338762,0.7789591746808053,0.35162029855982524,0.650094859948942,1.0325979090679644,0.9640760290942954,0.8183986668573899,286.89283238448684
971,10971,10971,10971,07025ed,solver_extremeB_s2,1,1,1,success,65,28.369563104146604,35.38101435513101,11.90642795373666,59,1,30.0,0.45,20.0,1.0,25,1,200,0.002,100,10.0,1.0,0,45,0,0.6923076923076923,0.3392249564230072,-0.6360026330091055,-2.735931202848497,0.02373039525618427,0.02989186428541999,0.061234212653593946,0.811684183168139,1.375030672754246,0.37524272927186353,0.7137329483030778,0.9557549034394407,1.015118424641408,1.0853779805774182,293.9196070229442
972,10972,10972,10972,07025ed,solver_extremeB_s2,1,1,1,success,53,26.334864866192337,17.153980945111375,11.60341347009853,47,1,30.0,0.45,20.0,1.0,25,1,200,0.002,100,10.0,1.0,0,33,0,0.6226415094339622,0.3644409046731651,-0.3926629248074047,-0.7913934902103903,0.021067801535778963,0.03632264998904056,0.03472248729382692,1.892126968144247,0.9595879676789699,0.3306816357202055,0.20212938631348598,0.9700579477824792,0.9159246713015214,1.1131195741427717,281.6625158091146
973,10973,10973,10973,07025ed,solver_extremeB_s2,1,1,1,success,60,22.97449972608928,43.11143775628662,10.593348700278375,52,1,30.0,0.45,20.0,1.0,25,1,200,0.002,100,10.0,1.0,0,44,0,0.7333333333333333,0.3359405235449887,-0.5387520051766412,-1.5342852655899277,0.02203256821356747,0.03404131475619555,0.10193981639778275,1.3545023898591793,0.6622916403864235,0.32513101238843245,0.48068447787317525,1.0533881609591664,0.9595456250284687,0.9865316777194936,286.73511311048946
974,10974,10974,10974,07025ed,solver_extremeB_s2,0,1,0,timeout,200,255.6206631963872,nan,nan,-1,1,30.0,0.45,20.0,1.0,25,1,200,0.002,100,10.0,1.0,0,190,0,0.95,0.3605131935195754,-0.4699225738811394,-2.009971606842597,0.027136589978281816,0.038388450230984875,0.10311906872469868,1.0367942227897975,1.0891630207764988,0.33984300821707314,0.444709538672724,0.9332156159230226,1.0284278300755008,1.078395572290952,17.95328455652469
975,10975,10975,10975,07025ed,solver_extremeB_s2,1,1,1,success,56,21.10142309996221,25.106788712005812,5.162526200165207,51,1,30.0,0.45,20.0,1.0,25,1,200,0.002,100,10.0,1.0,0,43,0,0.7678571428571429,0.3640748862377522,-0.5344268279426065,-0.4655922785908073,0.025894054574751003,0.03208674011929366,0.04349162900163163,1.5441220550682404,0.9110540058164084,0.384128965123898,0.36102118519532733,1.0042382434503427,0.9441539908667311,1.3376211724989175,294.76525508568045
976,10976,10976,10976,07025ed,solver_extremeB_s2,1,1,1,success,54,16.67315866928474,22.973001275223954,13.870650011618753,45,1,30.0,0.45,20.0,1.0,25,1,200,0.002,100,10.0,1.0,0,35,0,0.6481481481481481,0.3801581128746593,-0.2692994449451928,-1.34563598504225,0.021264955691096828,0.03157542522996914,0.09512391633285308,1.1692061473727333,1.311177748135258,0.3558720341244802,0.5874468099228051,0.9908725135614213,1.0674799774797492,1.29570243554324,284.3540044065644
977,10977,10977,10977,07025ed,solver_extremeB_s2,1,1,1,success,59,19.290468080779384,18.016658724120468,7.218326176051574,52,1,30.0,0.45,20.0,1.0,25,1,200,0.002,100,10.0,1.0,0,40,0,0.6779661016949152,0.37359392877589925,-0.7241967211197374,-0.33808369588399767,0.022086654567767806,0.03440598642340357,0.07890465470082682,1.8078643174145015,1.0561282785727628,0.30066323286177316,0.20786720739812783,1.0169341947069435,1.1211916709168448,1.0218695872695283,291.04309090025095
978,10978,10978,10978,07025ed,solver_extremeB_s2,1,1,1,success,47,16.359313223594164,33.25286698635451,11.290158091562956,41,1,30.0,0.45,20.0,1.0,25,1,200,0.002,100,10.0,1.0,0,33,0,0.7021276595744681,0.3316027106987163,-0.36114959420031223,-0.9323627877411114,0.02415087821277541,0.036242119442074706,0.0900964323550531,1.3260079428702372,0.6471940999410722,0.38936226551144903,0.3479153239595612,1.0969676660183993,1.0184815796581208,1.2092039129735486,281.8146019699281
979,10979,10979,10979,07025ed,solver_extremeB_s2,1,1,1,success,68,14.457283804717699,17.461525525437164,14.871727400507206,48,1,30.0,0.45,20.0,1.0,25,1,200,0.002,100,10.0,1.0,0,56,0,0.8235294117647058,0.329970329639164,-0.4277359914018205,0.9347060375435978,0.026058061484200125,0.04023570878191298,0.10951679529978157,1.3139978480767047,0.7423328829443834,0.3118472006252202,0.44182836087978095,1.0316185840558332,1.071356001286692,1.0932648501995308,280.4490015029419
980,10980,10980,10980,07025ed,solver_extremeB_s2,1,1,1,success,54,23.91372429396502,22.16152442252869,5.5261043967894,48,1,30.0,0.45,20.0,1.0,25,1,200,0.002,100,10.0,1.0,0,35,0,0.6481481481481481,0.3509762771505384,-0.40957281222773795,2.0215393669258566,0.025628594066108214,0.03150435422420604,0.07874411879275828,1.274416898345261,0.9598248633350475,0.3850997549425728,0.3355228419070117,1.034683664332749,1.0703255470194104,0.827198468479753,283.9536044606448
981,10981,10981,10981,07025ed,solver_extremeB_s2,1,1,1,success,43,19.383730063798826,23.635757311100424,2.75423036139503,37,1,30.0,0.45,20.0,1.0,25,1,200,0.002,100,10.0,1.0,0,38,0,0.8837209302325582,0.38926409500085934,-0.3956285811076601,0.348240229423864,0.024975897344814965,0.03346058437444377,0.09200258017346936,0.8505647006606157,1.1276342017932526,0.3795538615072422,0.2061946186649401,1.048052084286221,1.0165316273917582,1.1065433560515854,281.0803819820749
982,10982,10982,10982,07025ed,solver_extremeB_s2,1,1,1,success,56,15.962583400783311,20.64315582789268,11.356130327278391,50,1,30.0,0.45,20.0,1.0,25,1,200,0.002,100,10.0,1.0,0,42,0,0.75,0.31590222141021246,-0.5119106780366258,-2.708709867472607,0.02725396154580888,0.03144468052694907,0.03813679276599633,1.385955487494442,0.7037943703397245,0.3206098369864042,0.5278353695775524,1.0823994925448706,0.981245050915771,0.9301108390605571,287.2046141529064
983,10983,10983,10983,07025ed,solver_extremeB_s2,1,1,1,success,57,17.978645137597717,15.080396276309228,5.730934308205894,50,1,30.0,0.45,20.0,1.0,25,1,200,0.002,100,10.0,1.0,0,31,0,0.543859649122807,0.30747194641800246,-0.5590913792392994,1.9544516935774139,0.025599347378625795,0.0392081540588274,0.03828274523262445,1.817693321914847,0.7411278335800677,0.3369056908601338,0.45872032170961974,1.02810322497687,1.0928467338336036,1.009316143030495,288.75432884683664
984,10984,10984,10984,07025ed,solver_extremeB_s2,1,1,1,success,55,11.50275335734607,13.690252779575436,2.434543078952322,47,1,30.0,0.45,20.0,1.0,25,1,200,0.002,100,10.0,1.0,0,42,0,0.7636363636363637,0.349963622562283,-0.35786114406618486,-0.03370036616147276,0.022169870005292577,0.03535793557853643,0.08053035133565743,1.5552595971593206,0.7073991758835502,0.3777171610100847,0.5073900541507782,1.0094041308363162,1.0499601613244998,0.9199612122795257,285.21663272952946
985,10985,10985,10985,07025ed,solver_extremeB_s2,0,1,0,timeout,200,138.62788307274792,nan,nan,-1,1,30.0,0.45,20.0,1.0,25,1,200,0.002,100,10.0,1.0,0,195,0,0.975,0.30393407989629057,-0.2772171662091141,2.5622640783362183,0.02757010394583783,0.032304104218535155,0.054951513220698765,1.022183706210296,0.8372295879911157,0.30948311750900037,0.20093528207912337,1.0118246034573952,0.9839133540024256,1.1612606665799012,9.217588145599954
986,10986,10986,10986,07025ed,solver_extremeB_s2,1,1,1,success,47,29.306607240111802,18.391984327114212,21.31383986481476,40,1,30.0,0.45,20.0,1.0,25,1,200,0.002,100,10.0,1.0,0,35,0,0.7446808510638298,0.3300703491927367,-0.24805018255638944,2.2102952715242514,0.021398150558863967,0.032743625489068263,0.06046995500292712,1.3472704468811325,1.2774359148956214,0.3074446218868171,0.5496825815280876,1.033130180660107,0.9900697845797236,1.010451732533562,281.82099016993527
987,10987,10987,10987,07025ed,solver_extremeB_s2,1,1,1,success,49,16.17748999357057,11.255564765372556,12.457531216404092,43,1,30.0,0.45,20.0,1.0,25,1,200,0.002,100,10.0,1.0,0,32,0,0.6530612244897959,0.3719122433535348,-0.37597428195705396,2.7635895520623714,0.02733669652000071,0.032646898549008374,0.055970788138019076,0.8636429904547946,1.0781520650493013,0.35481965352562744,0.24574592684651544,1.0369585339341552,1.0116994490413107,1.0564648066257192,287.4981111853095
988,10988,10988,10988,07025ed,solver_extremeB_s2,1,1,1,success,49,13.503176172775856,21.593695167930612,6.191520661731366,43,1,30.0,0.45,20.0,1.0,25,1,200,0.002,100,10.0,1.0,0,36,0,0.7346938775510204,0.31581313741605704,-0.3632830595612523,0.16507822572908948,0.025751574060294408,0.031288204153370386,0.04308314865561925,1.6140954597135024,1.078934503248984,0.33947906768392544,0.37512705160948473,1.0363791799997002,0.9427591848632243,1.0939422913369885,281.5990382354762
989,10989,10989,10989,07025ed,solver_extremeB_s2,1,1,1,success,65,6.640153032738682,11.505815983626295,7.397836893525573,58,1,30.0,0.45,20.0,1.0,25,1,200,0.002,100,10.0,1.0,0,41,0,0.6307692307692307,0.3311228506744441,-0.6462787319295695,0.27196641946568834,0.0265978861378181,0.03876253920823283,0.07955606434919738,1.6821237719253932,1.1543982578226615,0.35347224323124976,0.2212275645374471,1.0268942331964384,1.1113598360190429,0.9784972405855787,287.1053639443118
990,10990,10990,10990,07025ed,solver_extremeB_s2,1,1,1,success,53,15.90224315696327,22.349294900484537,10.18302189503645,44,1,30.0,0.45,20.0,1.0,25,1,200,0.002,100,10.0,1.0,0,36,0,0.6792452830188679,0.30458427615563166,-0.1976448081823704,-1.5428128077245524,0.02485768940564392,0.03332069870195981,0.04896450738553783,1.0774177588509146,0.9451180602215633,0.3799191086088543,0.4958765902417638,1.0011205484674428,0.9852871532351192,1.0779238070362833,282.11925347753487
991,10991,10991,10991,07025ed,solver_extremeB_s2,1,1,1,success,45,19.71193728121714,19.667607151721974,9.86683324891929,40,1,30.0,0.45,20.0,1.0,25,1,200,0.002,100,10.0,1.0,0,32,0,0.7111111111111111,0.304314805372264,-0.246178784666573,-0.6332250786559683,0.023991766464470408,0.03272137238170908,0.09207813975068152,1.1687083837640022,0.7993492966817094,0.3855273515980199,0.2998995234324085,1.0403826634831808,1.0728685001992126,0.9128272492742147,281.49802067621874
992,10992,10992,10992,07025ed,solver_extremeB_s2,1,1,1,success,45,27.011386892676644,34.99907419881102,2.9811129146796778,40,1,30.0,0.45,20.0,1.0,25,1,200,0.002,100,10.0,1.0,0,35,0,0.7777777777777778,0.3550605182822431,-0.4284977300939328,1.0315998997305336,0.02362581183824127,0.03481187828540772,0.1107091594972761,0.9578887278745418,1.0945667179822762,0.3874268856367775,0.24690462086347686,0.9497100446245488,1.1043646865399723,1.1712215165222823,282.28001341687025
993,10993,10993,10993,07025ed,solver_extremeB_s2,1,1,1,success,56,26.686466936720386,18.655328318351742,5.315347425756584,51,1,30.0,0.45,20.0,1.0,25,1,200,0.002,100,10.0,1.0,0,36,0,0.6428571428571429,0.34364412519789184,-0.3717931745198225,-0.8244402093685625,0.025658156971792266,0.03691795757685628,0.04700363725357269,0.804372962215971,0.990065299873967,0.30377659484217945,0.5331700409134381,0.9997756102132261,1.0146102672697848,1.0919117790409052,286.5388949362702
994,10994,10994,10994,07025ed,solver_extremeB_s2,1,1,1,success,69,21.314052895139618,13.443114092641972,8.601907056869436,58,1,30.0,0.45,20.0,1.0,25,1,200,0.002,100,10.0,1.0,0,60,0,0.8695652173913043,0.3890166900701902,-0.6852486170236937,-2.325293745531036,0.026862543729422914,0.03718915914972123,0.04026763630342695,1.2231608557855544,0.8830403222193662,0.3480839547725186,0.45255138797610256,1.0065554486956123,0.9391111047815148,1.1687081646051287,296.2393279481523
995,10995,10995,10995,07025ed,solver_extremeB_s2,1,1,1,success,59,35.230074359030006,21.075662879691432,10.350874603130816,55,1,30.0,0.45,20.0,1.0,25,1,200,0.002,100,10.0,1.0,0,46,0,0.7796610169491526,0.3784201390037618,-0.6000461462353581,-1.1519351567102278,0.02344128517798101,0.03909632937010967,0.10722402930531598,1.8611715802366409,1.3208256664173215,0.30617126991864185,0.5291976305838818,1.005865829961791,1.03634890478405,1.2656798533122804,274.9181038021437
996,10996,10996,10996,07025ed,solver_extremeB_s2,1,1,1,success,66,12.549106117958829,41.11756654553685,30.81870673024469,60,1,30.0,0.45,20.0,1.0,25,1,200,0.002,100,10.0,1.0,0,54,0,0.8181818181818182,0.3379025422198124,-0.5673478860806478,2.6926826307243967,0.0270826193068649,0.030350073277511335,0.08143610842373115,0.9277135515656199,0.825702945867963,0.30314148328733204,0.5494934382773875,0.9808900983472928,1.0320554514112772,1.0244672957777239,282.2045226800585
997,10997,10997,10997,07025ed,solver_extremeB_s2,1,1,1,success,51,11.21028020208246,21.27865793101955,11.706235505109621,42,1,30.0,0.45,20.0,1.0,25,1,200,0.002,100,10.0,1.0,0,43,0,0.8431372549019608,0.34938548188052476,-0.32019911060740347,-1.7132260286786096,0.02515930698158181,0.03861508329380987,0.03356517308101019,1.8902150974499579,1.043557015859277,0.3649097085680606,0.36146431248053146,1.0427616714407886,1.0431696660842713,1.060670578461704,279.47034845774317
998,10998,10998,10998,07025ed,solver_extremeB_s2,1,1,1,success,43,28.213838815917722,20.380835356997625,8.193465037671308,38,1,30.0,0.45,20.0,1.0,25,1,200,0.002,100,10.0,1.0,0,36,0,0.8372093023255814,0.3182062021159616,-0.2858283982982185,-0.22967200373253505,0.021678110946237963,0.03539121996425551,0.05402482145473796,1.9149064118640593,1.2094029437460299,0.33032851634973115,0.25973270365855716,1.05048267703873,1.01602668345142,0.9956378337419279,277.5707913989295
999,10999,10999,10999,07025ed,solver_extremeB_s2,1,1,1,success,71,18.2819579802643,16.952189437976386,4.598177599765752,67,1,30.0,0.45,20.0,1.0,25,1,200,0.002,100,10.0,1.0,0,58,0,0.8169014084507042,0.3504219645776198,-0.6918964706011328,-1.790560410601142,0.023782805933965385,0.033851415586731576,0.0383687024946291,0.9850887131938518,0.8071775848878798,0.3778625056255416,0.6881779383449892,0.9959396600172877,1.0042817589589808,0.9723936195972207,294.24508513044873
1000,11000,11000,11000,07025ed,solver_extremeB_s2,1,1,1,success,41,8.956384732388779,18.708032251286422,12.846002360604741,34,1,30.0,0.45,20.0,1.0,25,1,200,0.002,100,10.0,1.0,0,31,0,0.7560975609756098,0.3572361855964169,-0.20275689770496186,-2.6068060778529265,0.02482232929274113,0.034792338475462564,0.03348901360408023,1.9604535335741808,0.8598602468450882,0.3198525049594449,0.19128266245047904,1.0695536724921768,1.1254339356468512,0.8505691978952226,277.1605232942847
1001,11001,11001,11001,07025ed,solver_extremeB_s2,1,1,1,success,52,10.139493966812203,21.068163248367696,18.407363646577345,47,1,30.0,0.45,20.0,1.0,25,1,200,0.002,100,10.0,1.0,0,38,0,0.7307692307692307,0.38281771775475687,-0.4781858472083388,1.876661862915424,0.02648360430053547,0.03321028455761557,0.07788992151748808,1.818431525018341,0.8667693106752826,0.3249351870296706,0.31711165687132253,1.0204998881490808,1.038213754552487,1.0161157397506284,284.9130044775969
1002,11002,11002,11002,07025ed,solver_extremeB_s2,1,1,1,success,65,25.844230783276043,7.406828518137106,7.472117561853645,58,1,30.0,0.45,20.0,1.0,25,1,200,0.002,100,10.0,1.0,0,54,0,0.8307692307692308,0.3499844203581368,-0.653121239544633,0.7805834614956688,0.025829595292838993,0.033879884325515454,0.05333572544648385,1.0883554125310517,0.9759382949078934,0.32671798713007083,0.6230929453582559,1.0632020561267919,1.028561772048493,1.0961680236892115,296.91522995401584
1003,11003,11003,11003,07025ed,solver_extremeB_s2,1,1,1,success,62,26.516206819251178,23.158669956611245,16.785249982786514,56,1,30.0,0.45,20.0,1.0,25,1,200,0.002,100,10.0,1.0,0,48,0,0.7741935483870968,0.36915652583088976,-0.6277635410582165,2.4504087270888215,0.026606296498867345,0.03205889543345378,0.09609894804714025,1.2286867097332028,0.7566946559368286,0.3162072795170229,0.5708986641271038,1.0034602326309685,0.9999617954809297,1.3072719575392298,291.2003238009678
1004,11004,11004,11004,07025ed,solver_extremeB_s2,1,1,1,success,65,8.536592131343012,29.61020517307309,7.029213472231249,48,1,30.0,0.45,20.0,1.0,25,1,200,0.002,100,10.0,1.0,1,54,0,0.8307692307692308,0.383412720779981,-0.6582308761722133,2.7940868547664257,0.022746294777181698,0.040041180663924335,0.048938775272146906,1.3539742565070485,0.9359693026448759,0.3203414074330383,0.22292528011332102,0.9652126040932176,1.1563409353624259,1.259706108336386,287.40919047872126
1005,11005,11005,11005,07025ed,solver_extremeB_s2,1,1,1,success,66,8.93497776740497,20.55817697781633,10.938294758419698,60,1,30.0,0.45,20.0,1.0,25,1,200,0.002,100,10.0,1.0,0,57,0,0.8636363636363636,0.3742306279135379,-0.6399595384828027,-1.116324242812302,0.022197418765157406,0.03192899886823623,0.07322764218493086,1.1171265005455315,0.7672859585535856,0.3477241924690328,0.5615934164511649,1.0313908021654041,1.0300364826639765,1.0062614791406805,293.19010000988783
1006,11006,11006,11006,07025ed,solver_extremeB_s2,0,1,0,timeout,200,90.90951409262787,86.75042807476258,10.862814263968438,58,1,30.0,0.45,20.0,1.0,25,1,200,0.002,100,10.0,1.0,0,192,0,0.96,0.30017388784042626,-0.34373626496258053,-2.2458303360745493,0.022098198867613498,0.032434011905807934,0.07692118506773071,1.075412154453471,1.329835624003859,0.35929930600701443,0.4287736536692913,1.0162821374606232,1.0935834995520917,1.0876621767643777,51.04848971297355
1007,11007,11007,11007,07025ed,solver_extremeB_s2,1,1,1,success,52,21.31233779342254,21.523238667228757,5.483840633835387,44,1,30.0,0.45,20.0,1.0,25,1,200,0.002,100,10.0,1.0,0,32,0,0.6153846153846154,0.30110428576271636,-0.4795809221878813,-0.8339836202761308,0.023262999531421726,0.03940405938830055,0.10111401124638218,0.9941750999064934,1.2932340802732536,0.3002709095247972,0.4819317714620233,0.982278996714624,1.0505431402582759,1.0296937846065446,285.11029760444194
1008,11008,11008,11008,07025ed,solver_extremeB_s2,1,1,1,success,64,26.34671832925693,29.986300440087334,2.2839473855289283,60,1,30.0,0.45,20.0,1.0,25,1,200,0.002,100,10.0,1.0,0,60,0,0.9375,0.3859504717728056,-0.5979374940489438,1.013344115851603,0.02719329573457205,0.0325644373963903,0.06750865334117384,1.4920583993090895,0.9170998973599573,0.3223997173068859,0.710368038228266,0.9902117587604268,1.0368977461052855,0.9834148932280211,284.225039200902
1009,11009,11009,11009,07025ed,solver_extremeB_s2,1,1,1,success,60,16.28630141463374,14.77254651347059,8.168757142150412,55,1,30.0,0.45,20.0,1.0,25,1,200,0.002,100,10.0,1.0,0,43,0,0.7166666666666667,0.31747135094629414,-0.70353856803562,0.8482430546415252,0.027028996856198376,0.030036053578010282,0.03766838789934091,0.9686836485877738,0.9136530498858338,0.3531074106412657,0.2451463637697241,0.8952332704112128,1.0865254248591432,1.0227889275511899,289.7995110914857
1010,11010,11010,11010,07025ed,solver_extremeB_s2,1,1,1,success,61,2.4384375535382428,14.60561135578968,14.478476474166479,56,1,30.0,0.45,20.0,1.0,25,1,200,0.002,100,10.0,1.0,0,51,0,0.8360655737704918,0.3595043258066219,-0.6394138421487218,-0.081128859356987,0.024943151585988334,0.030011595224597794,0.07016108084788725,1.0243184190888739,1.138910170193698,0.3664652370758797,0.4635018024156785,1.0103600055331945,1.0407118245253086,0.8908617347028852,292.0678298006457
1011,11011,11011,11011,07025ed,solver_extremeB_s2,1,1,1,success,51,14.6770246600954,27.158725891249183,10.708996504667853,45,1,30.0,0.45,20.0,1.0,25,1,200,0.002,100,10.0,1.0,0,36,0,0.7058823529411765,0.30212059943283176,-0.32201599820625587,0.17165295450549856,0.020907690961132205,0.03561085112843163,0.0465051991272019,1.6579676585163503,0.9371728107726693,0.31099671477281504,0.6558514491016144,1.065059517769525,1.012184320665501,0.9705639963734142,284.6632272598709
1012,11012,11012,11012,07025ed,solver_extremeB_s2,1,1,1,success,55,18.41600179234293,14.177393973726666,3.9592026022834923,49,1,30.0,0.45,20.0,1.0,25,1,200,0.002,100,10.0,1.0,0,34,0,0.6181818181818182,0.37982030666941496,-0.5736374991898299,-1.9332503666356518,0.024366099940539006,0.03444992485278404,0.08596934457842548,0.8379640857586792,0.8188364815106609,0.32855760658497807,0.2951741468217007,0.9830005700088995,1.0865979465430986,1.090763657575598,288.16315257271617
1013,11013,11013,11013,07025ed,solver_extremeB_s2,1,1,1,success,65,18.15972108480889,23.035885643910316,2.160879453518752,62,1,30.0,0.45,20.0,1.0,25,1,200,0.002,100,10.0,1.0,0,46,0,0.7076923076923077,0.35740831548553037,-0.6219332177865265,-0.864803629250325,0.02186019849475789,0.038050870965147136,0.04562184329759548,1.6003903273414717,0.9863015920655938,0.30812410670292284,0.3291803359119971,1.063938217890492,1.0107946842752584,1.214781548939575,287.0202428370951
1014,11014,11014,11014,07025ed,solver_extremeB_s2,1,1,1,success,44,21.831218768227178,26.156750755279244,2.2934682738439114,39,1,30.0,0.45,20.0,1.0,25,1,200,0.002,100,10.0,1.0,0,28,0,0.6363636363636364,0.31784191613291224,-0.4196268855369608,0.6279142966024809,0.02584778353309689,0.03688403922356312,0.06901519316256782,0.8692844085402789,0.9927049607590614,0.3545446020267522,0.24560344552960137,1.0650232554881218,0.9343848825137785,1.0894527267784646,279.36300137522664
1015,11015,11015,11015,07025ed,solver_extremeB_s2,0,0,0,unsafe,33,262.8571665943895,nan,nan,-1,0,30.0,0.45,20.0,1.0,25,1,200,0.002,100,10.0,1.0,0,27,0,0.8181818181818182,0.33186455281916205,-0.4251096318466094,1.5378006933693813,0.027506830588227026,0.03525393915895791,0.11594218050654512,1.0942736144075127,0.9448753882350363,0.3364960674573335,0.38658971627040156,1.060488792805113,0.985900823334612,1.110169467234457,-41.10750516866899
1016,11016,11016,11016,07025ed,solver_extremeB_s2,1,1,1,success,64,13.632712110170354,19.17627943324621,10.823218181580325,55,1,30.0,0.45,20.0,1.0,25,1,200,0.002,100,10.0,1.0,0,47,0,0.734375,0.37004700250996025,-0.7198664923683397,-0.07997938797584059,0.021691417327297364,0.03253307281034615,0.09007693929749092,0.9795586070088231,0.8223569589238217,0.35242505869390695,0.42663620339194586,0.9562662116288517,0.9990161777444792,1.1883719739399947,291.6253541947295
1017,11017,11017,11017,07025ed,solver_extremeB_s2,1,1,1,success,56,19.777647238302208,27.75432447342176,11.746453545916628,51,1,30.0,0.45,20.0,1.0,25,1,200,0.002,100,10.0,1.0,0,36,0,0.6428571428571429,0.32693541453663394,-0.4200956416491447,2.5173170821594084,0.02682379782652492,0.03341128094146599,0.1065927737246526,0.9725043861169513,0.8734286327211835,0.3294108917431696,0.7086448858849502,0.9857053868830563,1.0096403471413447,1.0575965816924726,288.29580092708903
1018,11018,11018,11018,07025ed,solver_extremeB_s2,1,1,1,success,62,4.549862736185669,41.026926856658456,20.892752343923167,52,1,30.0,0.45,20.0,1.0,25,1,200,0.002,100,10.0,1.0,0,45,0,0.7258064516129032,0.3597819523228354,-0.48234667365752815,2.033387103564583,0.022849431520349427,0.034007721658788674,0.07603487788285077,1.7209148724847028,1.3367684857373732,0.3045388519400768,0.5617519742809584,1.0575611362391444,1.0293854714550017,1.056771595229315,285.5573900704758
1019,11019,11019,11019,07025ed,solver_extremeB_s2,1,1,1,success,69,21.476416068844,21.135951319597307,11.951615983878002,62,1,30.0,0.45,20.0,1.0,25,1,200,0.002,100,10.0,1.0,0,42,0,0.6086956521739131,0.3769958446208312,-0.6009999857432757,2.3130596203774436,0.024259762211629628,0.03827953249327959,0.04833375271040141,1.7027448416579078,1.2133766944983482,0.37440402527465455,0.7274654448881323,1.0036457282497575,0.9820134124155336,1.191280536483002,293.25857845408575
1020,11020,11020,11020,07025ed,solver_extremeB_s2,1,1,1,success,53,22.416163302368776,14.035073417093555,6.403115634406949,47,1,30.0,0.45,20.0,1.0,25,1,200,0.002,100,10.0,1.0,0,40,0,0.7547169811320755,0.3409582465470883,-0.36731859029014635,-1.3105023932091047,0.024847624103848002,0.03181135439317752,0.09980643479387125,1.884859637129856,1.001640714271906,0.34733100066207184,0.37372579875532597,0.9376768991075329,1.0756628746234742,1.2249437977453304,283.3498023596467
1021,11021,11021,11021,07025ed,solver_extremeB_s2,0,1,0,timeout,200,54.322467839909486,43.02574482691357,4.709441514457533,81,1,30.0,0.45,20.0,1.0,25,1,200,0.002,100,10.0,1.0,0,188,0,0.94,0.33129565181512743,-0.34989878100266253,-2.9181333595534733,0.02547960700873521,0.03363768076103759,0.05689374323857267,1.4515771353895097,0.8436183274789433,0.3155058927434395,0.6595796185291075,0.936980484986156,0.9910634753860312,0.9156630360058067,65.8982373060893
1022,11022,11022,11022,07025ed,solver_extremeB_s2,1,1,1,success,53,27.570557542536083,18.87562347817477,5.870659522760141,48,1,30.0,0.45,20.0,1.0,25,1,200,0.002,100,10.0,1.0,0,34,0,0.6415094339622641,0.32550516937701485,-0.362921948048328,0.4085982606591019,0.020519417510129923,0.038321870604047036,0.08581732945359474,0.9590010324138795,0.7657381017815723,0.3772053388328103,0.45132430691769754,0.9827151712856252,0.9949366157741241,1.1117750273646254,285.34209547989684
1023,11023,11023,11023,07025ed,solver_extremeB_s2,1,1,1,success,55,22.201010776346774,31.176078095712075,9.09646276485752,48,1,30.0,0.45,20.0,1.0,25,1,200,0.002,100,10.0,1.0,0,33,0,0.6,0.3351890225376323,-0.36108750001513473,0.006295555529574948,0.021739134924763228,0.03093293716802356,0.06978495282065753,1.3975601200819399,1.048413484693796,0.3801331833090934,0.5594811841949286,1.0477218012953988,1.093269853178015,0.9288845458781974,286.3007304038149
1024,11024,11024,11024,07025ed,solver_extremeB_s2,1,1,1,success,48,1.788069829980141,12.663180532702327,12.44932618450704,38,1,30.0,0.45,20.0,1.0,25,1,200,0.002,100,10.0,1.0,0,33,0,0.6875,0.34701573223678317,-0.3343802313679084,-2.0771775847144642,0.023155743302455234,0.031512238785299025,0.05952739186808727,1.067518031254937,1.056740293357846,0.3119861599487217,0.21629733098537948,0.9224980653411121,1.0061956577492694,1.0368850240333625,280.2973385158873
1025,11025,11025,11025,07025ed,solver_extremeB_s2,1,1,1,success,51,18.019456423327387,22.606877909730567,11.161591568086545,43,1,30.0,0.45,20.0,1.0,25,1,200,0.002,100,10.0,1.0,0,39,0,0.7647058823529411,0.37997350873673086,-0.4116241954621794,-1.4375038183845819,0.022642679356454795,0.037281388405670496,0.06345222323174465,0.900457205435529,1.1304990293243138,0.3848051999637326,0.27955833614021536,1.0772658976797815,0.9835524586753256,1.0934001058684735,284.21264100133385
1026,11026,11026,11026,07025ed,solver_extremeB_s2,1,1,1,success,39,19.95412204421274,17.136192844701647,6.88283483251392,32,1,30.0,0.45,20.0,1.0,25,1,200,0.002,100,10.0,1.0,0,27,0,0.6923076923076923,0.3000004470721194,-0.2361623702626004,0.21587535521708512,0.027457514918572862,0.04006662315356315,0.09893915939214322,1.6460529937558959,1.2275447144746776,0.3282273298238189,0.1822098840127395,0.9735107601780751,0.9707253802423005,0.9526000283557249,278.0125177623265
1027,11027,11027,11027,07025ed,solver_extremeB_s2,1,1,1,success,65,19.919866421928493,16.024419435212383,12.921153080380448,58,1,30.0,0.45,20.0,1.0,25,1,200,0.002,100,10.0,1.0,0,50,0,0.7692307692307693,0.35583026086370145,-0.4144228111868247,-1.897614049017079,0.026139428452193615,0.03189460515592425,0.05486841226728202,0.9257995642352358,1.1846449415873814,0.3519543642055319,0.6396896398389246,0.9794142006560805,1.0147573604331928,1.3209782892250208,285.8642201586986
1028,11028,11028,11028,07025ed,solver_extremeB_s2,1,1,1,success,50,12.18873848335507,18.71692870982234,6.8065217583730035,41,1,30.0,0.45,20.0,1.0,25,1,200,0.002,100,10.0,1.0,0,34,0,0.68,0.3281771689008406,-0.18443027177087923,2.3170558910832613,0.023333127007916184,0.040048517270001166,0.06521710667496575,0.8631988064740022,1.3773959546609733,0.3215055230904451,0.4907535778621084,0.9491853760839977,1.0171395096106366,1.2014714793771073,281.5162731581194
1029,11029,11029,11029,07025ed,solver_extremeB_s2,1,1,1,success,62,32.63581599960302,24.214950640446986,8.629374757905211,57,1,30.0,0.45,20.0,1.0,25,1,200,0.002,100,10.0,1.0,0,44,0,0.7096774193548387,0.33602511520198236,-0.4088147143196952,2.8134628966732675,0.02371528860237503,0.03197595247206891,0.07127292476064011,1.2783186695261155,0.9061958131096389,0.3013651495652728,0.4281074843233746,1.1088830656501236,1.0078302892829982,0.7131550155117988,282.78506830748813
1030,11030,11030,11030,07025ed,solver_extremeB_s2,1,1,1,success,52,21.634695708546904,20.43278883547827,3.512234225134493,44,1,30.0,0.45,20.0,1.0,25,1,200,0.002,100,10.0,1.0,0,38,0,0.7307692307692307,0.31522289811277515,-0.18236419460860487,2.860786851747303,0.025852987304675043,0.03493926519211071,0.08355274120394206,1.7202305084272587,0.8510756795405365,0.3476554120902596,0.6508609927871613,0.998021450750974,1.0571666117069816,1.1720581382128672,286.82558789606264
1031,11031,11031,11031,07025ed,solver_extremeB_s2,1,1,1,success,62,21.9150619651246,31.117886127027646,7.185117407528832,55,1,30.0,0.45,20.0,1.0,25,1,200,0.002,100,10.0,1.0,0,38,0,0.6129032258064516,0.34766657500359904,-0.4390771407834164,1.9971424601852954,0.022294134144351878,0.03952375705396524,0.11049885875146814,1.4662852125611732,0.729611096573708,0.3662538871549927,0.7053785475874805,1.042463898761959,1.0377594151884195,0.9680033957134879,286.71423853468866
1032,11032,11032,11032,07025ed,solver_extremeB_s2,1,1,1,success,60,42.09503524470167,34.66532862165783,6.530333728308973,56,1,30.0,0.45,20.0,1.0,25,1,200,0.002,100,10.0,1.0,0,49,0,0.8166666666666667,0.3866907209738904,-0.48585592621572377,-1.0409074099762163,0.02597431550757083,0.031657674826466066,0.051430374827068186,1.8698852003201716,1.3741742306955622,0.3838015622549631,0.6493045901109168,1.0193824345291262,1.0686218316858354,1.084790760319626,274.75521178231844
1033,11033,11033,11033,07025ed,solver_extremeB_s2,1,1,1,success,55,15.973469906260574,18.336233548493073,5.3335699746544165,49,1,30.0,0.45,20.0,1.0,25,1,200,0.002,100,10.0,1.0,0,42,0,0.7636363636363637,0.3514516116872034,-0.3474276440989982,-0.0015846260934848644,0.020876124006650593,0.031610535827992885,0.08216302512143317,1.8218951945560207,0.9652086494367996,0.3284641187537928,0.4983392893211867,1.0691585863944468,1.0595316940320652,1.3413046902966492,286.0763670116503
1034,11034,11034,11034,07025ed,solver_extremeB_s2,1,1,1,success,61,36.11541876776153,16.90946757076467,4.681710982257141,51,1,30.0,0.45,20.0,1.0,25,1,200,0.002,100,10.0,1.0,0,49,0,0.8032786885245902,0.3736455366654523,-0.37127615113810586,-2.9765016759239034,0.024504342969917138,0.03502545167018683,0.10997960525315438,1.862018995114095,0.8977460591556051,0.3478688866825391,0.7029768251659404,0.9984648227695578,1.0875689457166453,1.0872308268244357,268.8753477831793
1035,11035,11035,11035,07025ed,solver_extremeB_s2,1,1,1,success,61,13.027894235812136,25.842082992871017,10.13232358365487,53,1,30.0,0.45,20.0,1.0,25,1,200,0.002,100,10.0,1.0,0,42,0,0.6885245901639344,0.3035698188334052,-0.405837126984947,-1.2063462823029552,0.02528825234301678,0.037020510262103845,0.08734920701949843,0.958493848810644,0.8813481571610011,0.3491241762292609,0.6610707806060754,1.0317363981073444,1.0225040450573355,0.9568993453809471,287.090999786239
1036,11036,11036,11036,07025ed,solver_extremeB_s2,1,1,1,success,54,16.137447916198788,5.612431263111289,3.7008405798471515,48,1,30.0,0.45,20.0,1.0,25,1,200,0.002,100,10.0,1.0,0,41,0,0.7592592592592593,0.3720646675630891,-0.6318598682523203,0.9875116790460909,0.020809765349203334,0.03396045286499981,0.07300552811612124,0.9060047553700902,0.6377224945770389,0.3502151794735393,0.21020668273921972,1.0195642473313498,0.9422705996793257,1.0362403214124463,287.22173695013873
1037,11037,11037,11037,07025ed,solver_extremeB_s2,1,1,1,success,65,14.520795408620756,19.909648045593496,16.725036826110983,58,1,30.0,0.45,20.0,1.0,25,1,200,0.002,100,10.0,1.0,0,51,0,0.7846153846153846,0.3630518267374716,-0.6075748756269022,2.0174751155835215,0.02632587528905939,0.03748534160670051,0.038180056706488115,1.1857778389763312,1.172381178413083,0.3588190344755586,0.5623198240495235,0.9498538855524948,1.1284900752278664,1.1097232935736214,292.42457493119616
1038,11038,11038,11038,07025ed,solver_extremeB_s2,0,1,0,timeout,200,250.571077817901,22.261520478767032,252.3190975057043,43,1,30.0,0.45,20.0,1.0,25,1,200,0.002,100,10.0,1.0,0,188,0,0.94,0.3828709091070928,-0.45049156039610055,1.2708793128937783,0.027387599894742456,0.039037987522383716,0.060398197339655686,1.1693394510311996,0.7235358633484673,0.3491674589389597,0.20936579891089335,0.9756268198852143,1.026658375872651,1.0635247485677428,35.838156647353735
1039,11039,11039,11039,07025ed,solver_extremeB_s2,1,1,1,success,45,18.570511758330134,15.560682334740893,11.977138303779235,37,1,30.0,0.45,20.0,1.0,25,1,200,0.002,100,10.0,1.0,0,31,0,0.6888888888888889,0.3120764026736477,-0.21612681130846823,-2.6462038849262597,0.02684505368289724,0.03230713647105122,0.052198370516379065,1.2070326497647654,0.7284118357687257,0.3110867225204871,0.27438207294329214,0.9838761648788472,1.078806939090289,1.0467532756630709,281.0969683666416
1040,11040,11040,11040,07025ed,solver_extremeB_s2,1,1,1,success,51,26.34292537175792,22.67002448536987,5.74151796469707,40,1,30.0,0.45,20.0,1.0,25,1,200,0.002,100,10.0,1.0,0,39,0,0.7647058823529411,0.38649906360630326,-0.2398725672613753,2.2072850652635045,0.02752898208367941,0.03840355145390945,0.07742982793093786,1.2197824165536633,1.1016588413919686,0.372091792004879,0.31268229924800583,0.9938322352368034,1.0063818054312699,0.900966890126699,275.8998948951133
1041,11041,11041,11041,07025ed,solver_extremeB_s2,1,1,1,success,54,9.714276456490742,16.78064312679848,6.819939517699,48,1,30.0,0.45,20.0,1.0,25,1,200,0.002,100,10.0,1.0,0,44,0,0.8148148148148148,0.34939454606955433,-0.6871381040799271,-2.2138454463309376,0.025659757804003765,0.03354772711253001,0.09202154588850989,1.9048585791625818,0.9190732856651092,0.3710439670966125,0.22156062104530044,1.0273070075556772,0.994800939294542,0.9640131402941354,296.2987025779845
1042,11042,11042,11042,07025ed,solver_extremeB_s2,1,1,1,success,60,8.321708740784228,15.295515686985336,17.736831766762162,53,1,30.0,0.45,20.0,1.0,25,1,200,0.002,100,10.0,1.0,0,47,0,0.7833333333333333,0.3005948287972254,-0.6014584200674142,1.3151485787692554,0.02592688839489505,0.03508920870826082,0.044416496921649506,1.2706069140362033,1.2583782231566054,0.3470336819186043,0.454764815779597,1.1615861831184933,1.0740576072092527,1.1446122612541045,288.78582294596197
1043,11043,11043,11043,07025ed,solver_extremeB_s2,1,1,1,success,60,29.23882920827032,33.28891127341185,5.12327921630332,54,1,30.0,0.45,20.0,1.0,25,1,200,0.002,100,10.0,1.0,0,35,0,0.5833333333333334,0.31228470555119026,-0.6021622700968237,1.4719674734868917,0.02648780354387284,0.03180536750836824,0.043679059740621376,1.2979477377650408,1.3865000724608167,0.33472774882404477,0.5260160873582225,1.0156582647138348,1.04889821710889,0.9583777900944548,289.3331036523348
1044,11044,11044,11044,07025ed,solver_extremeB_s2,1,1,1,success,54,9.161546034046177,18.42585810032443,19.698340729240037,48,1,30.0,0.45,20.0,1.0,25,1,200,0.002,100,10.0,1.0,0,39,0,0.7222222222222222,0.3157904291031422,-0.22609692906606593,-1.0681068213117455,0.02401081881770316,0.033021606866251246,0.04185826959102753,0.8931439940214575,1.1914435170665687,0.35019540325500664,0.32682680841525047,1.0417733734172852,1.063614059069075,1.0454937105441044,282.2650295294009
1045,11045,11045,11045,07025ed,solver_extremeB_s2,1,1,1,success,60,16.425926431127177,12.240270849248311,10.240618435902471,52,1,30.0,0.45,20.0,1.0,25,1,200,0.002,100,10.0,1.0,0,48,0,0.8,0.36363420053559936,-0.4040886857836719,-2.9737311495819276,0.02170410573134054,0.029777037184619243,0.07097818438776049,0.9171520726722373,1.219948645335596,0.33558271156772207,0.5154259334570749,1.0838485141262615,1.0150771237598788,1.16293727719908,287.0590145926397
1046,11046,11046,11046,07025ed,solver_extremeB_s2,1,1,0,success,97,41.78878888139533,25.46434104164034,53.99620229228341,40,1,30.0,0.45,20.0,1.0,25,1,200,0.002,100,10.0,1.0,0,80,0,0.8247422680412371,0.356460854044766,-0.2560330376529198,-1.944969139042438,0.020759990558225968,0.032640339929824604,0.04329312030686411,1.9025068895631425,0.7386499875805728,0.3651107157885957,0.1716941078955651,0.9850216735727845,0.9861827400036826,0.9034864770331195,246.32076848680398
1047,11047,11047,11047,07025ed,solver_extremeB_s2,1,1,1,success,61,12.76480162199633,16.6954405220697,4.4415444925761705,54,1,30.0,0.45,20.0,1.0,25,1,200,0.002,100,10.0,1.0,0,39,0,0.639344262295082,0.369953494291695,-0.5779248369860609,-2.6586029916504357,0.025109278695037124,0.03237317659210188,0.09401821096369148,1.9122667294515747,1.2116337805470643,0.3209325868404809,0.1941314372357449,1.0563188072316039,1.060326433154793,1.219032184618768,286.16642303525293
1048,11048,11048,11048,07025ed,solver_extremeB_s2,1,1,1,success,48,27.926984556369487,15.907123575650623,17.72005847771432,43,1,30.0,0.45,20.0,1.0,25,1,200,0.002,100,10.0,1.0,0,34,0,0.7083333333333334,0.36608196623647044,-0.3909690108877561,-2.182603421621981,0.022421187094456976,0.03401946037108921,0.04356327475170634,1.4926926841094246,1.0764330326643048,0.38075106521230684,0.2470170934418922,1.027021033917163,1.0112453315338439,0.8374344402114531,284.70984091054163
1049,11049,11049,11049,07025ed,solver_extremeB_s2,0,0,0,unsafe,21,386.83365648096554,nan,nan,-1,0,30.0,0.45,20.0,1.0,25,1,200,0.002,100,10.0,1.0,0,20,0,0.9523809523809523,0.3276664492436453,-0.6933391869915586,-3.026498729259364,0.025141407201508287,0.038983552674392886,0.09856318320917962,1.5875108892847338,1.0264692475781816,0.30651251164799104,0.5431169894472871,1.0060059879727619,0.9634693303607546,1.043418534834729,-39.10252707095146
1050,11050,11050,11050,07025ed,solver_extremeB_s2,1,1,1,success,57,6.039877292934475,13.54493426462935,7.350056848440497,49,1,30.0,0.45,20.0,1.0,25,1,200,0.002,100,10.0,1.0,0,43,0,0.7543859649122807,0.359028679391026,-0.5544659917148997,0.36946514678232933,0.020592806046126358,0.03951111213778002,0.04191801506326201,1.072750499064259,1.048574216621415,0.3439387960422879,0.4454485072668221,1.047711430221956,1.061149371994047,1.0310882913808888,286.9917632236089
1051,11051,11051,11051,07025ed,solver_extremeB_s2,1,1,1,success,56,18.11754869714355,17.163206854850852,5.717230366027206,50,1,30.0,0.45,20.0,1.0,25,1,200,0.002,100,10.0,1.0,0,42,0,0.75,0.3021669262072078,-0.3995462719666824,1.3741823463553349,0.026683871700301356,0.039989270356735315,0.061968999884394076,1.6755447362645637,0.9649036469365974,0.3263330503493028,0.5699980997544654,1.002779511797505,0.9576426740738001,1.085951707745367,285.9848045734301
1052,11052,11052,11052,07025ed,solver_extremeB_s2,1,1,1,success,59,38.650483137799824,30.34435448895429,6.552463824114412,52,1,30.0,0.45,20.0,1.0,25,1,200,0.002,100,10.0,1.0,0,44,0,0.7457627118644068,0.35252633395141475,-0.36314605057196964,0.044237693860281535,0.023653679510156646,0.03582190961913639,0.08932261878088175,1.6550104060498572,0.6973706285646186,0.3873776006955097,0.6085250695882387,1.0122750916857137,0.9256722094938087,1.3289922471694702,282.53292628470376
1053,11053,11053,11053,07025ed,solver_extremeB_s2,1,1,1,success,58,16.37929488878169,12.193767992598126,6.234481246452336,54,1,30.0,0.45,20.0,1.0,25,1,200,0.002,100,10.0,1.0,0,44,0,0.7586206896551724,0.3383438477307395,-0.5857548555346798,0.4009353921672134,0.025414784747820343,0.03539845514422731,0.07397889142599015,1.6679141132151565,1.236453134196959,0.34996595139482706,0.4644992674826316,1.0609706522804947,1.1011575880215627,0.9129384932633615,288.8108590449292
1054,11054,11054,11054,07025ed,solver_extremeB_s2,0,1,0,timeout,200,47.11833502620069,57.48182746911494,44.99230646931345,88,1,30.0,0.45,20.0,1.0,25,1,200,0.002,100,10.0,1.0,105,180,0,0.9,0.3046516738755616,-0.6463015253387864,1.3956188607544462,0.02483555563221625,0.03279827720284433,0.05294300858749665,1.3954222291605436,1.110983764435388,0.30365301420074403,0.6972296835144111,0.9987522935301679,1.0566317850317788,1.0948370059211463,-41.61327015984337
1055,11055,11055,11055,07025ed,solver_extremeB_s2,1,1,1,success,65,13.386086903321335,19.11918675538482,22.24515132386482,58,1,30.0,0.45,20.0,1.0,25,1,200,0.002,100,10.0,1.0,0,47,0,0.7230769230769231,0.36398001456193546,-0.7065259626936884,1.7924281618428664,0.023440057277189504,0.03402730006952087,0.05267321528475302,0.8552024280812698,0.6787921454235176,0.33221915768022825,0.2954936395049314,0.983732301188952,1.1190361470965313,1.150776779930187,291.3594483806778
1056,11056,11056,11056,07025ed,solver_extremeB_s2,1,1,0,success,39,2.8117185710993478,nan,nan,-1,1,30.0,0.45,20.0,1.0,25,1,200,0.002,100,10.0,1.0,0,32,0,0.8205128205128205,0.3171326490582841,-0.18507498341995865,2.4582939258062,0.021484321302770133,0.03184479193265558,0.10085265887356153,1.7327386486650524,1.1068956996790438,0.33723065074053704,0.44625404454822104,1.0748327533332775,1.0594997263614598,1.138862255528196,253.99100855620316
1057,11057,11057,11057,07025ed,solver_extremeB_s2,1,1,1,success,60,36.64787723953403,23.755250622696902,13.270057555633944,45,1,30.0,0.45,20.0,1.0,25,1,200,0.002,100,10.0,1.0,0,47,0,0.7833333333333333,0.35437711845804604,-0.2569695029693479,-0.7433805502785904,0.02232996395335882,0.03954695430870783,0.04217613626812496,1.4809825801931567,0.7603031341857136,0.38932766622420567,0.5569910916532432,1.0680887281059277,1.0804270718604,1.090329427742672,283.63619965446094
1058,11058,11058,11058,07025ed,solver_extremeB_s2,1,1,1,success,58,16.81496461467696,10.886780262958919,7.077188709632218,50,1,30.0,0.45,20.0,1.0,25,1,200,0.002,100,10.0,1.0,0,50,0,0.8620689655172413,0.3873667924564469,-0.6655894967406097,-1.670154735983465,0.024314117849961518,0.03741442664530412,0.03561613206970688,1.5638213591397416,0.6646155402563649,0.30395050817738734,0.251006916959804,1.0283342805533016,0.9625919185303565,1.1128240149702109,290.7392304502
1059,11059,11059,11059,07025ed,solver_extremeB_s2,1,1,1,success,47,25.33913310735981,21.908876445239954,13.446645646247235,42,1,30.0,0.45,20.0,1.0,25,1,200,0.002,100,10.0,1.0,0,36,0,0.7659574468085106,0.3176254303871077,-0.24350782756383943,2.142614673259412,0.02253638009447919,0.03300069510004033,0.08241073644369942,1.2998668340052504,1.1057553714765262,0.3391260243503079,0.42548691096230806,1.1083469633480936,1.0544834797000704,1.0161150508920702,282.1888677278722
1060,11060,11060,11060,07025ed,solver_extremeB_s2,1,1,1,success,51,23.51976989933526,22.31789943710277,9.002529335591943,46,1,30.0,0.45,20.0,1.0,25,1,200,0.002,100,10.0,1.0,0,35,0,0.6862745098039216,0.3122251949055164,-0.24830270219286832,-1.0785680061142702,0.027181512578308312,0.03367619189925408,0.06258485378091921,1.3227064991170403,1.215826284057325,0.3771571588396119,0.3625788167558286,1.0380678169383177,1.0305602506192986,0.9659795960723032,282.0403941840563
1061,11061,11061,11061,07025ed,solver_extremeB_s2,1,1,1,success,61,20.50912942745334,14.068508742161798,2.121515615332782,55,1,30.0,0.45,20.0,1.0,25,1,200,0.002,100,10.0,1.0,0,45,0,0.7377049180327869,0.33053809318325533,-0.6480340714854542,-0.3237437875160807,0.025697216079991213,0.03014312518613969,0.07611456556497423,1.1529126574144946,1.2119220909793182,0.3090996138204324,0.17476057959441438,0.9783279938197585,1.0533527260473297,0.9640953980469052,285.11899589282433
1062,11062,11062,11062,07025ed,solver_extremeB_s2,1,1,1,success,65,26.961285273930343,19.439762560631284,11.624608481568117,57,1,30.0,0.45,20.0,1.0,25,1,200,0.002,100,10.0,1.0,0,47,0,0.7230769230769231,0.3807754895249184,-0.5716079586323823,-0.6807438078162571,0.024814419618734925,0.039139137760106454,0.11720871676494843,0.9215578561517892,0.9091117025625954,0.37835956312106733,0.6034610219433534,1.0547478829910586,1.058592479073447,1.081108410242064,291.2914281870602
1063,11063,11063,11063,07025ed,solver_extremeB_s2,1,1,1,success,52,21.5129315914605,30.312117996561085,12.124597456774806,45,1,30.0,0.45,20.0,1.0,25,1,200,0.002,100,10.0,1.0,0,31,0,0.5961538461538461,0.3556368214355769,-0.4926941987187938,2.7221066651261614,0.024820401520108278,0.03496241853928593,0.04918414659338029,1.2313979477572303,0.9889644528156301,0.38928668017043033,0.22319396939876196,0.9798568093072424,1.0694287600854284,1.200798273713712,287.292658951684
1064,11064,11064,11064,07025ed,solver_extremeB_s2,1,1,1,success,53,18.469481406786763,17.821648358703314,1.3515338403809447,48,1,30.0,0.45,20.0,1.0,25,1,200,0.002,100,10.0,1.0,0,29,0,0.5471698113207547,0.3069716671130735,-0.5226720776174881,-2.169190665484984,0.025165884831925847,0.033707556973000465,0.07077404549028102,0.9471284503196721,1.1060866044141153,0.35572660124458994,0.34699909621581415,1.0056338409486842,1.0130409600565675,0.9949238323181562,285.02025875882987
1065,11065,11065,11065,07025ed,solver_extremeB_s2,1,1,1,success,62,41.93620402826113,28.385636883451497,19.179278124930253,56,1,30.0,0.45,20.0,1.0,25,1,200,0.002,100,10.0,1.0,0,40,0,0.6451612903225806,0.3022701085152073,-0.6886974948154432,-2.370301151419185,0.02736406252789698,0.03293658459195407,0.058224867047403386,0.8030162524375737,1.1915566300782874,0.311463128648406,0.6076147900121895,1.008738435376318,0.9540790752558638,1.1664012058615798,289.43929827716676
1066,11066,11066,11066,07025ed,solver_extremeB_s2,1,1,1,success,101,19.875911074897374,30.41125008423017,12.28854869578506,93,1,30.0,0.45,20.0,1.0,25,1,200,0.002,100,10.0,1.0,0,82,0,0.8118811881188119,0.34030562760236627,-0.20651537714744728,-2.279668457987783,0.025959470891988294,0.031174443672556246,0.10572285895612298,0.8835036280695948,1.3923849876862597,0.3236939270563505,0.6378670040382499,1.0187630017130795,0.998558488616909,0.7650132367090141,277.4070395359289
1067,11067,11067,11067,07025ed,solver_extremeB_s2,0,1,0,timeout,200,125.16814124095274,8.460221839036382,120.84553458066574,111,1,30.0,0.45,20.0,1.0,25,1,200,0.002,100,10.0,1.0,0,178,0,0.89,0.3563548253849279,-0.638752947346216,1.6846850011046044,0.022149975812223773,0.033828347753308036,0.10790273456880155,1.760052247235458,0.7160896934012353,0.3113909657675549,0.5809207528368989,1.0652834184830264,1.025558558630553,1.085079745656277,61.99546329637777
1068,11068,11068,11068,07025ed,solver_extremeB_s2,1,1,1,success,63,11.97623129762166,16.673095099129373,1.8718182425881715,53,1,30.0,0.45,20.0,1.0,25,1,200,0.002,100,10.0,1.0,0,47,0,0.746031746031746,0.3271502322822687,-0.5819404903432899,-1.8195425980279274,0.025880289056751986,0.03982723079708257,0.06174072008104263,1.566187367404701,1.3736039701468485,0.3861518482615013,0.5390993806313037,1.023707774420624,1.0122831037268665,1.0539503128642025,286.9449526502658
1069,11069,11069,11069,07025ed,solver_extremeB_s2,1,1,1,success,50,8.50833483334731,7.019925442267306,10.298926640729773,45,1,30.0,0.45,20.0,1.0,25,1,200,0.002,100,10.0,1.0,0,34,0,0.68,0.34343154995936753,-0.3246925203448038,-2.5894311124771985,0.026853494350437046,0.03457302532255302,0.04888846742076616,0.8772013801471903,0.6638839451864467,0.3843247681275904,0.34917575752817526,1.0106138284004167,1.0381803558439686,1.1199056494514366,283.2621192870888
1070,11070,11070,11070,07025ed,solver_extremeB_s2,1,1,1,success,63,18.623764972529926,27.11061207744693,11.921780760555986,51,1,30.0,0.45,20.0,1.0,25,1,200,0.002,100,10.0,1.0,0,47,0,0.746031746031746,0.37172933669243097,-0.6412853021626801,-2.6537721848312184,0.022435516350342282,0.0344704349060793,0.035471603350297934,1.1627604744975641,0.7209751755645193,0.3799145688779595,0.3318144142335119,1.0479818171211643,1.0520560982543736,1.0350581248578663,287.18945926618534
1071,11071,11071,11071,07025ed,solver_extremeB_s2,1,1,1,success,62,20.801412358294076,23.881249300110273,11.070249177910137,56,1,30.0,0.45,20.0,1.0,25,1,200,0.002,100,10.0,1.0,0,38,0,0.6129032258064516,0.35407293297015474,-0.7179994613789027,1.4253706168930673,0.02087280958928918,0.03200447391705334,0.11498059706741337,1.8803684644123688,0.8414053952915612,0.3612658744819878,0.28092184029693196,0.9571311077840623,1.047419530469383,1.1944470204073458,291.68758736066445
1072,11072,11072,11072,07025ed,solver_extremeB_s2,1,1,1,success,61,19.3390332567769,8.96440006907432,13.806570423095966,53,1,30.0,0.45,20.0,1.0,25,1,200,0.002,100,10.0,1.0,0,42,0,0.6885245901639344,0.3408417240191588,-0.6059403617647859,1.6261752943206096,0.023438387289053418,0.037858273079582214,0.1137013450134473,0.8153305532340196,0.6830384491802879,0.33688133545071813,0.3917682595805653,1.005069100292013,0.9924318143625531,1.0273150235032644,288.2758630440882
1073,11073,11073,11073,07025ed,solver_extremeB_s2,1,1,1,success,55,16.189967747757176,24.01471561688809,13.752277844736275,47,1,30.0,0.45,20.0,1.0,25,1,200,0.002,100,10.0,1.0,0,47,0,0.8545454545454545,0.33089250327410435,-0.38231084600846793,-2.7170299345552493,0.022393493725810714,0.03746147171901244,0.0866047815227822,1.0064725038170559,1.144322590875321,0.3265007647717603,0.6584917564206542,0.9552628378624785,1.0570369794752952,1.107735503643059,285.9093731329909
1074,11074,11074,11074,07025ed,solver_extremeB_s2,1,1,1,success,54,8.478560806637553,6.875871615602441,7.308416315324876,49,1,30.0,0.45,20.0,1.0,25,1,200,0.002,100,10.0,1.0,0,40,0,0.7407407407407407,0.3554568221166346,-0.6433628138609656,1.926388997304504,0.027550984963395954,0.03640812702090984,0.11269405795400826,0.8595687134778516,0.7362475479107481,0.37398427793800954,0.20180046402385077,0.9837826115737821,0.9501780659610682,1.0090308031752806,285.361286291154
1075,11075,11075,11075,07025ed,solver_extremeB_s2,1,1,1,success,61,2.740066263211532,15.697971437955971,10.101005811225887,54,1,30.0,0.45,20.0,1.0,25,1,200,0.002,100,10.0,1.0,0,46,0,0.7540983606557377,0.3103907209462014,-0.714420654930805,0.19733522187398167,0.022534366151799653,0.029795347074650962,0.03666368560604431,0.844246179413203,0.9801585514623441,0.33446686678329723,0.43343617242325794,1.014611205508803,1.0095263426271508,1.142418924337769,290.432855680276
1076,11076,11076,11076,07025ed,solver_extremeB_s2,1,1,1,success,56,21.965243261533768,31.001335005392903,10.128773929379326,50,1,30.0,0.45,20.0,1.0,25,1,200,0.002,100,10.0,1.0,0,37,0,0.6607142857142857,0.3399441224151436,-0.40553917200218215,-2.53754429555005,0.02326452088042998,0.03449252301649167,0.05983101385215095,1.871022470889764,0.8992821168265492,0.3302801848075393,0.5225489971734564,1.0079283748591576,0.9830438311834447,0.9590022838837622,285.9518820894968
1077,11077,11077,11077,07025ed,solver_extremeB_s2,1,1,1,success,56,8.331380334379997,6.304302774270971,4.494256162909594,50,1,30.0,0.45,20.0,1.0,25,1,200,0.002,100,10.0,1.0,0,40,0,0.7142857142857143,0.31232194230243165,-0.4853373516722367,1.3681768576479039,0.021505326461439815,0.033809994196250304,0.10212647165343444,1.8589572205963045,1.1898256811483376,0.3476322139981808,0.5655046984970323,1.0303419086291803,1.0152166193488237,0.9183704375453685,289.33695051903857
1078,11078,11078,11078,07025ed,solver_extremeB_s2,1,1,1,success,57,21.595285873995813,37.328532814689844,15.696693153528681,50,1,30.0,0.45,20.0,1.0,25,1,200,0.002,100,10.0,1.0,0,44,0,0.7719298245614035,0.37094285436103225,-0.5946209522711651,0.053037769739952445,0.027563351769195533,0.030766363951011993,0.07601577521266772,1.944041595319854,1.2408188333800436,0.38160374233015987,0.17260205202759724,0.9613686676202207,1.0199787040259554,0.9730229070605666,286.97785165528103
1079,11079,11079,11079,07025ed,solver_extremeB_s2,1,1,1,success,43,26.35968293515815,13.409566810351,5.675025342633627,36,1,30.0,0.45,20.0,1.0,25,1,200,0.002,100,10.0,1.0,0,29,0,0.6744186046511628,0.37675855684775555,-0.17964749829954463,1.8612462081828474,0.02127921397103119,0.03409988410612334,0.11961860571368799,0.9647461966727192,1.0871475976940528,0.367622257653315,0.3195376253765303,1.0923425253652521,1.0766785221714332,1.1531291563660957,279.17294502720983
1080,11080,11080,11080,07025ed,solver_extremeB_s2,1,1,1,success,45,7.417742939912734,6.142428478224397,0.9450014359766541,40,1,30.0,0.45,20.0,1.0,25,1,200,0.002,100,10.0,1.0,0,30,0,0.6666666666666666,0.3497618370284749,-0.2689487815680932,0.30895433191353083,0.022730668027187945,0.03431552638932363,0.04787278612148542,1.7451917601070774,1.2270635996066162,0.3262294108689304,0.35566751757170784,1.1199295308475243,1.0833853905052873,0.9338355527676592,281.9682207478511
1081,11081,11081,11081,07025ed,solver_extremeB_s2,1,1,1,success,49,0.9062352685659935,6.328195171171793,1.3922537944465552,44,1,30.0,0.45,20.0,1.0,25,1,200,0.002,100,10.0,1.0,0,32,0,0.6530612244897959,0.3317086932077911,-0.22468963853292623,-0.8822734838879112,0.023439322998915685,0.03520051339017875,0.09586039350493938,1.8289163271590598,1.015017868883422,0.3621545408408279,0.3711146853827006,1.0693206475395534,1.0496765500679697,1.1828276918611165,280.1897512558271
1082,11082,11082,11082,07025ed,solver_extremeB_s2,1,1,1,success,49,40.335633234024634,29.917336801008364,10.82678649810625,39,1,30.0,0.45,20.0,1.0,25,1,200,0.002,100,10.0,1.0,0,32,0,0.6530612244897959,0.35155538895237515,-0.2769549055359238,-2.8828583192853845,0.022682955435104936,0.03258021288882386,0.054479170113631376,0.8857800132199297,0.8916448313067765,0.35843166508207913,0.41191189584242294,1.0452844494770293,0.9541593068729846,1.1338558025961163,282.8881915256198
1083,11083,11083,11083,07025ed,solver_extremeB_s2,1,1,1,success,55,27.203355430362684,33.2752996469116,5.759072339238212,45,1,30.0,0.45,20.0,1.0,25,1,200,0.002,100,10.0,1.0,0,41,0,0.7454545454545455,0.3811220042471581,-0.3182654701924062,-0.7122028201107122,0.02551084664709489,0.031748687377226685,0.06869604308999011,1.607661002112605,1.033934629955328,0.32733223923722415,0.3887470111092236,1.0291299691608338,0.9641942003630134,0.9865581321968242,281.82502249425914
1084,11084,11084,11084,07025ed,solver_extremeB_s2,1,1,1,success,49,12.276953645882395,21.57838931192091,3.261883531994389,42,1,30.0,0.45,20.0,1.0,25,1,200,0.002,100,10.0,1.0,0,34,0,0.6938775510204082,0.3292786066741981,-0.5906648537825565,1.00070599662011,0.020923054118349712,0.03215486412065049,0.10138631714172952,1.1366947277986965,1.0075087902138251,0.31135398595091507,0.21103862672275597,1.013109386283156,0.9532406618793258,1.131896808080686,284.4945254045308
1085,11085,11085,11085,07025ed,solver_extremeB_s2,1,1,1,success,51,13.154319595263921,12.845495814065831,6.071938740499902,47,1,30.0,0.45,20.0,1.0,25,1,200,0.002,100,10.0,1.0,0,36,0,0.7058823529411765,0.31463790888339555,-0.38396021267471503,1.139710210408249,0.026554506062581515,0.034774977449267934,0.05065398739065959,1.6103304085187395,0.8677203202680619,0.34636407203243014,0.3806697047129042,1.002201280295558,1.1509253607600816,1.2239810390951997,280.6796913586603
1086,11086,11086,11086,07025ed,solver_extremeB_s2,1,1,1,success,54,14.506455380431722,13.915172545363637,3.8838447201190873,48,1,30.0,0.45,20.0,1.0,25,1,200,0.002,100,10.0,1.0,0,49,0,0.9074074074074074,0.37151438162200084,-0.5030529421037664,-1.3551418897872347,0.026980187881032083,0.03430979233844686,0.06888994288957048,1.5258019752428695,0.6956479719905034,0.37023057849661045,0.17474976651804644,1.0480709107452635,1.1577995397552938,0.9856625664733255,280.95066978441554
1087,11087,11087,11087,07025ed,solver_extremeB_s2,1,1,1,success,70,23.379509024132552,24.468933982635743,3.9648825498322138,60,1,30.0,0.45,20.0,1.0,25,1,200,0.002,100,10.0,1.0,0,52,0,0.7428571428571429,0.3671524713525494,-0.6030225015152852,-2.5370347795085,0.021816324939238175,0.03343850382145036,0.10981614515415852,1.042524869027503,0.7821502300293922,0.3289780963864889,0.6990334042920465,0.966279802475816,1.0619092474875125,1.0479287506819073,290.61924433827744
1088,11088,11088,11088,07025ed,solver_extremeB_s2,1,1,1,success,62,27.455503350768392,39.7374293351723,14.871580212195875,56,1,30.0,0.45,20.0,1.0,25,1,200,0.002,100,10.0,1.0,0,49,0,0.7903225806451613,0.35740901691815846,-0.44641573188045586,-1.3738224536108528,0.025143126984811946,0.03241552016588278,0.04865055141489461,1.64862301224344,1.29012809492301,0.33803951714046193,0.6470360489832203,1.0596819703804168,1.0400592449457562,1.004143710944233,288.0106975647416
1089,11089,11089,11089,07025ed,solver_extremeB_s2,1,1,1,success,58,15.51814056670453,14.221145675795839,8.061485221055138,51,1,30.0,0.45,20.0,1.0,25,1,200,0.002,100,10.0,1.0,0,45,0,0.7758620689655172,0.3279004226945994,-0.6563378287751891,-1.6451937595667459,0.02205879366502293,0.03556154167722796,0.03950715984704577,1.3565234842535332,1.3758496064730368,0.36614075288541686,0.2262172281931508,1.1052597401069364,1.0950223552622356,0.9769045536893328,289.1340331950846
1090,11090,11090,11090,07025ed,solver_extremeB_s2,0,1,0,unsafe,57,441.2757914290258,nan,nan,-1,1,30.0,0.45,20.0,1.0,25,1,200,0.002,100,10.0,1.0,0,45,0,0.7894736842105263,0.3369021786682812,-0.6978260306256567,-1.309826801837489,0.026611733528659105,0.0390003043263093,0.11815375110085988,1.1189462369550012,1.1282769954945762,0.3347654825873706,0.6610409184518283,0.9856693477250564,1.0022621576336153,1.194125362041399,-17.72707794346133
1091,11091,11091,11091,07025ed,solver_extremeB_s2,1,1,1,success,54,13.865696295247956,18.822421432533833,12.376246966834206,47,1,30.0,0.45,20.0,1.0,25,1,200,0.002,100,10.0,1.0,0,39,0,0.7222222222222222,0.34344680319480014,-0.4767429947203464,-2.752661500864144,0.02218665557197919,0.03293028883862648,0.05920741589034663,1.7892592488142294,0.7063098606557536,0.3349534593428506,0.5812984340598951,0.9427904663250064,1.0034716262768044,1.0569156612098223,286.60857015048566
1092,11092,11092,11092,07025ed,solver_extremeB_s2,1,1,1,success,70,37.97148642960562,32.64428469926442,9.567901047867142,64,1,30.0,0.45,20.0,1.0,25,1,200,0.002,100,10.0,1.0,0,66,0,0.9428571428571428,0.38267015556656864,-0.6669742570188693,-1.4937860128727922,0.020415842080598625,0.03564640494579712,0.06404562243505643,1.7696200435861507,1.1964680620934356,0.35662419010671276,0.7049830390085026,0.9665703782161553,1.0123658648128007,0.9654556958992944,295.68085868927193
1093,11093,11093,11093,07025ed,solver_extremeB_s2,1,1,1,success,62,7.024161855353853,20.401401201576522,11.62395302001193,56,1,30.0,0.45,20.0,1.0,25,1,200,0.002,100,10.0,1.0,0,36,0,0.5806451612903226,0.35750714152943797,-0.6016355747992292,2.388446704828567,0.026495033811281876,0.03679628701778996,0.10201700818976878,1.3417156289355567,1.2946032316833582,0.33999626154436835,0.48031612980868166,1.1023055083055096,1.0109699767064626,0.8786675863809493,293.08236545439695
1094,11094,11094,11094,07025ed,solver_extremeB_s2,1,1,1,success,65,22.61780481967307,16.65983457094758,11.872463367747661,59,1,30.0,0.45,20.0,1.0,25,1,200,0.002,100,10.0,1.0,0,51,0,0.7846153846153846,0.33106758892871596,-0.5362808805675487,2.040682409019258,0.02361487063694618,0.03397246620828235,0.056336802164362654,1.4240757675532558,0.9069192483597309,0.31333581906726976,0.5770513915275077,0.9895666031903456,1.052920835710203,1.1797250045931835,286.9583316408881
1095,11095,11095,11095,07025ed,solver_extremeB_s2,1,1,1,success,49,9.544177854122566,19.203908950593057,11.421632545558511,41,1,30.0,0.45,20.0,1.0,25,1,200,0.002,100,10.0,1.0,0,41,0,0.8367346938775511,0.3042188132144716,-0.22149651718193553,-1.0755506924572082,0.020990621516120262,0.03913338191746165,0.0864795094762808,1.3162447286656787,0.8336257474351398,0.3266156718345137,0.3609233612839868,1.055825585564649,1.0481017955578362,1.1452556212156524,279.0026911885514
1096,11096,11096,11096,07025ed,solver_extremeB_s2,1,1,1,success,53,19.263114199243315,15.9878729848002,6.651644084907822,49,1,30.0,0.45,20.0,1.0,25,1,200,0.002,100,10.0,1.0,0,40,0,0.7547169811320755,0.34252683980059423,-0.43449337874623256,0.6706570481804772,0.02412867622738813,0.034881198251593935,0.05968526938298911,1.529065177867202,1.099669144498003,0.36222009177117453,0.4240356616773838,0.9406180620682667,0.9765799088499801,1.1293806120242962,284.57199264357286
1097,11097,11097,11097,07025ed,solver_extremeB_s2,1,1,1,success,58,19.821717698886506,12.563230418156083,5.804743561011356,46,1,30.0,0.45,20.0,1.0,25,1,200,0.002,100,10.0,1.0,0,48,0,0.8275862068965517,0.3692463785695737,-0.3327510792303374,-0.23967520351892535,0.02211201824518221,0.0371383547197436,0.06258368985342411,1.5484675450671364,1.0372505866826294,0.3218726498648427,0.6209273336522206,1.0036126877865488,1.0757824283234514,1.1117624855152384,285.12128761279763
1098,11098,11098,11098,07025ed,solver_extremeB_s2,1,1,1,success,68,12.365650872272642,16.805075880982404,3.9534580716370495,62,1,30.0,0.45,20.0,1.0,25,1,200,0.002,100,10.0,1.0,0,50,0,0.7352941176470589,0.3209090522559756,-0.7168051966238893,-0.7653131693775479,0.02370308654633423,0.03067512125000467,0.11640682431678283,1.8773184238478782,0.7238478504537389,0.35791505943318314,0.7001296288657602,1.0624459988155315,1.1778999954624323,1.0852447195719979,295.42681854419607
1099,11099,11099,11099,07025ed,solver_extremeB_s2,1,1,1,success,54,5.394094971556433,18.05734439118025,16.703317131989667,42,1,30.0,0.45,20.0,1.0,25,1,200,0.002,100,10.0,1.0,0,36,0,0.6666666666666666,0.32766575241312157,-0.2297535693847501,-3.063481687970286,0.02309742184284269,0.03707458189278589,0.03853180635766548,1.8842849190878732,0.6603988102130599,0.3566666720111497,0.5249851835386379,1.0551182442394602,1.0511356996666599,1.0323122929928419,283.5913615608689
1100,11100,11100,11100,07025ed,solver_extremeB_s2,1,1,1,success,55,24.33042619301588,25.359968506517564,2.6736971608474387,50,1,30.0,0.45,20.0,1.0,25,1,200,0.002,100,10.0,1.0,0,34,0,0.6181818181818182,0.3275657830203607,-0.46208289334180674,-0.5915522941103348,0.0251291080620933,0.03323893153481033,0.1079832814040531,1.6071373820208184,1.0418597950841548,0.3612301361869078,0.4138131960085058,1.0691336333004575,1.0138400041527507,0.9430071600794372,284.1054688578677
1101,11101,11101,11101,07025ed,solver_extremeB_s2,1,1,1,success,53,14.263906359170482,14.440825790117515,8.011659934920873,40,1,30.0,0.45,20.0,1.0,25,1,200,0.002,100,10.0,1.0,0,40,0,0.7547169811320755,0.3348344357343387,-0.25174025625009827,2.321233206573887,0.02589804037299628,0.039968359196195485,0.11570430554335863,1.7641336412982602,0.608909734082573,0.31384449728792396,0.222046462327828,1.015575807313489,1.0045975242995684,0.8448992811989697,279.72516023597325
1102,11102,11102,11102,07025ed,solver_extremeB_s2,1,1,1,success,61,12.36730625774225,13.831474745474004,2.7880989637985576,56,1,30.0,0.45,20.0,1.0,25,1,200,0.002,100,10.0,1.0,0,42,0,0.6885245901639344,0.36426934759877294,-0.5832706595138143,-1.7186757218252944,0.025780923863873494,0.031433496272740655,0.09129964170632865,1.2084498821590548,0.6763220078110742,0.37920936767441027,0.3534955160191305,0.9977533205898635,1.0598222482839548,1.0529285770754009,289.9889610597366
1103,11103,11103,11103,07025ed,solver_extremeB_s2,1,1,1,success,58,13.58404750614619,18.39644418918607,12.99737249067816,52,1,30.0,0.45,20.0,1.0,25,1,200,0.002,100,10.0,1.0,0,39,0,0.6724137931034483,0.30348801605377457,-0.6697757241857956,-2.759003222470377,0.02384221521994104,0.036233506944317574,0.10589284482411473,1.193072371822128,0.6759171261308821,0.34340347336969523,0.48980237157699114,1.0181278646014156,0.9784943982687692,0.8999365336157233,289.7799239902691
1104,11104,11104,11104,07025ed,solver_extremeB_s2,1,1,1,success,66,17.045962286288272,37.746438125597564,16.550439398848493,53,1,30.0,0.45,20.0,1.0,25,1,200,0.002,100,10.0,1.0,0,43,0,0.6515151515151515,0.3681248616150999,-0.22291749496544233,-1.4144027634441723,0.022058332291404515,0.031107408003553008,0.0646774694109688,1.566663579112914,1.3446820806805082,0.3382348972672044,0.6995177838565539,1.07148834557293,0.9732505324558137,1.109089953194063,286.83392295143733
1105,11105,11105,11105,07025ed,solver_extremeB_s2,1,1,1,success,51,15.687011743998509,7.036336181109229,15.122986050820327,41,1,30.0,0.45,20.0,1.0,25,1,200,0.002,100,10.0,1.0,0,37,0,0.7254901960784313,0.3584782256301785,-0.27002782525040814,2.2185693928431007,0.02085455290100362,0.03131670377698896,0.11539625288416656,1.6287178565560552,0.7634771397699658,0.3119626687118313,0.27196651659177185,0.9953366549977462,1.0425022493146725,1.1273570427323105,279.41955599226736
1106,11106,11106,11106,07025ed,solver_extremeB_s2,1,1,1,success,62,9.436225553704125,14.90924599286181,6.452536889897042,50,1,30.0,0.45,20.0,1.0,25,1,200,0.002,100,10.0,1.0,0,52,0,0.8387096774193549,0.35497972809514394,-0.6749168126562101,1.715378486196295,0.025607360831696162,0.039523410941372364,0.08175335346292185,0.8150229932650155,1.0800978729546324,0.35382640681277494,0.25202515523892216,1.0651748986790393,1.001112897873877,1.1294767937769756,289.1484099787041
1107,11107,11107,11107,07025ed,solver_extremeB_s2,1,1,1,success,49,29.739550240743913,23.450913968000886,8.796613178674553,41,1,30.0,0.45,20.0,1.0,25,1,200,0.002,100,10.0,1.0,0,35,0,0.7142857142857143,0.37068531994639253,-0.24455063998519366,2.128490839534286,0.02404968051163046,0.03744501772277749,0.08974091312088268,1.8731571690641196,0.9499997434453065,0.3094201460733729,0.5200495539389496,1.1318644028585931,1.0965389397815712,1.0371582059370659,281.7653742149653
1108,11108,11108,11108,07025ed,solver_extremeB_s2,1,1,1,success,47,20.55468132456006,26.09355670596236,6.093174110700442,38,1,30.0,0.45,20.0,1.0,25,1,200,0.002,100,10.0,1.0,0,37,0,0.7872340425531915,0.33544114294644833,-0.18869683569371465,-2.5299420365873155,0.022016398202247607,0.0378463953512526,0.06364083932497558,1.7233269453047573,1.2771452662396667,0.3459303583069139,0.30774801120760364,1.0211780531145986,1.074401965026377,0.976212928381903,279.15376890167863
1109,11109,11109,11109,07025ed,solver_extremeB_s2,1,1,1,success,63,30.35996870612176,16.886070139580912,8.411770702533797,57,1,30.0,0.45,20.0,1.0,25,1,200,0.002,100,10.0,1.0,0,49,0,0.7777777777777778,0.36770668171019966,-0.3979393845996213,3.1198702438676706,0.02589028198226946,0.03598108323655204,0.11925540333831067,1.24095730773323,0.7615240009991079,0.35649110239703685,0.7089445962687068,1.0838954653571622,0.9688743103682373,1.0753816954192983,288.2046367825512
1110,11110,11110,11110,07025ed,solver_extremeB_s2,1,1,1,success,70,19.043045687028524,17.50593992557948,10.588070710505463,59,1,30.0,0.45,20.0,1.0,25,1,200,0.002,100,10.0,1.0,0,52,0,0.7428571428571429,0.3768444192972976,-0.48120157805875086,-0.9108461932485032,0.02342514078909387,0.036392725561272925,0.07862379131673866,0.9337683192953709,0.945350821494634,0.365316754478681,0.6395382076945539,1.1129275311031328,1.116347052341498,1.1858981069447871,291.305248190862
1111,11111,11111,11111,07025ed,solver_extremeB_s2,1,1,1,success,59,12.399434466928055,10.226279147953447,13.099511676381171,52,1,30.0,0.45,20.0,1.0,25,1,200,0.002,100,10.0,1.0,0,42,0,0.711864406779661,0.3417302572666809,-0.6962177277627457,-0.8430470836446928,0.021933993528749283,0.03033593968206435,0.0885643057139266,1.8755361297903934,1.3201423749564802,0.31546149440758575,0.3420761982212656,0.999900884238568,1.070954465835953,1.09390181702254,290.4322499125708
1112,11112,11112,11112,07025ed,solver_extremeB_s2,1,1,1,success,46,16.87331191262944,29.352079497779183,8.809664926287814,40,1,30.0,0.45,20.0,1.0,25,1,200,0.002,100,10.0,1.0,0,37,0,0.8043478260869565,0.3895294803514444,-0.2843477855504679,1.2355596180529442,0.025710679350637703,0.03028211396222471,0.0592149289815468,1.8625635565535337,0.9366811037275156,0.3201272731561166,0.2805769799880676,1.0515321574149792,1.0222308707039058,0.9171001347861462,277.3315377476658
1113,11113,11113,11113,07025ed,solver_extremeB_s2,1,1,1,success,49,2.7895701511174336,24.79078440504312,16.644646842278476,38,1,30.0,0.45,20.0,1.0,25,1,200,0.002,100,10.0,1.0,0,38,0,0.7755102040816326,0.3143399436555446,-0.18865932313470257,-2.220691722593216,0.02439692038560833,0.03768967435287711,0.038240489007439114,1.3774631893187799,0.9863528012086242,0.3394253481333983,0.44271436980233253,1.0122042343392261,0.9642464944008232,1.1908342322065242,280.4313795365547
1114,11114,11114,11114,07025ed,solver_extremeB_s2,1,1,1,success,68,25.2145657931816,17.40020663277128,3.374888268398907,59,1,30.0,0.45,20.0,1.0,25,1,200,0.002,100,10.0,1.0,0,39,0,0.5735294117647058,0.32531105679170774,-0.650261381743145,2.591279450168078,0.023361976286648614,0.03592201191115302,0.11460787386898914,1.0911321548321373,1.0540807049429,0.3634321695213916,0.5215997646556433,1.032262185969879,1.085069909901452,1.0226311803447947,287.86393723167504
1115,11115,11115,11115,07025ed,solver_extremeB_s2,1,1,1,success,55,25.601180837859356,24.84093172341689,3.752941200060577,49,1,30.0,0.45,20.0,1.0,25,1,200,0.002,100,10.0,1.0,0,39,0,0.7090909090909091,0.33892513171345806,-0.3522706624500656,2.9894726575076147,0.024810655710439784,0.03337424533920676,0.10306491194169547,1.3252559072123031,1.1568848247785564,0.3804298169765287,0.5157565571166598,1.033036469721117,1.058039296090541,1.114217888086857,284.91958212772937
1116,11116,11116,11116,07025ed,solver_extremeB_s2,1,1,1,success,56,29.627670946285228,19.22422788459881,7.281081824543079,51,1,30.0,0.45,20.0,1.0,25,1,200,0.002,100,10.0,1.0,0,35,0,0.625,0.32396653244704077,-0.3369215183041272,-1.2445489527785694,0.027225372159424183,0.03198990643143686,0.03049771410181296,1.8691767672020543,1.1372530168765242,0.37447883454735076,0.6056746117037851,1.0252744495238704,0.9854123971648167,1.2461061065794345,286.2198133088082
1117,11117,11117,11117,07025ed,solver_extremeB_s2,1,1,1,success,43,30.48611119233905,28.72008749241673,6.4428735742218715,37,1,30.0,0.45,20.0,1.0,25,1,200,0.002,100,10.0,1.0,0,33,0,0.7674418604651163,0.3502557636224101,-0.18154352801265405,-2.9182249602606865,0.02666280049664193,0.03182287920609748,0.11967084118598384,1.6919996343341168,1.3519225352990016,0.31909808515072496,0.45085551979466304,1.072227507318985,1.0636696660380613,1.0008051158518265,278.78465400535174
1118,11118,11118,11118,07025ed,solver_extremeB_s2,1,1,1,success,57,13.197901924859481,13.826895122233624,2.2366178174760702,50,1,30.0,0.45,20.0,1.0,25,1,200,0.002,100,10.0,1.0,0,47,0,0.8245614035087719,0.32007665078188097,-0.24290927019438507,2.088429056851121,0.02449627176058375,0.03945049286640908,0.11710603894864044,1.4233220990372493,0.9163636275237086,0.3629939766535962,0.6547744567291234,0.9868030177919593,1.0683013270594215,1.0036348440825191,285.3665599867786
1119,11119,11119,11119,07025ed,solver_extremeB_s2,1,1,1,success,59,10.930027295209154,27.67230331009555,14.559029399162004,49,1,30.0,0.45,20.0,1.0,25,1,200,0.002,100,10.0,1.0,0,43,0,0.7288135593220338,0.30474793615974183,-0.39380990199818783,0.671997542772095,0.022498880037300363,0.03782166538245328,0.10227748502118579,1.7753971079981858,0.7381271048145281,0.3397138897254515,0.6090422682635704,0.9849412475111998,0.9923702724499124,1.1117264084567648,268.61395807956546
1120,11120,11120,11120,07025ed,solver_extremeB_s2,1,1,1,success,51,39.86677153143781,52.95733135065036,6.543733508213442,45,1,30.0,0.45,20.0,1.0,25,1,200,0.002,100,10.0,1.0,0,36,0,0.7058823529411765,0.3423225630032627,-0.3117933079355398,2.909332443159191,0.0258361888453202,0.037704378724333285,0.09356630385956907,0.8023288937280267,0.8948157508121581,0.30106586228761645,0.6287983377904048,0.9965711712653474,1.013244924836106,1.1806803174044895,286.58678544854916
1121,11121,11121,11121,07025ed,solver_extremeB_s2,1,1,1,success,61,23.54096902495358,34.353197835269725,31.259631325283575,48,1,30.0,0.45,20.0,1.0,25,1,200,0.002,100,10.0,1.0,0,45,0,0.7377049180327869,0.3506954891649045,-0.6696363426673214,0.39776571247039927,0.02221065471299424,0.039595339612673044,0.06696917974721443,0.8570664096645564,1.2135424167682252,0.36980056339101597,0.30965580373777263,1.0197681835407315,1.0330960971481438,1.0872431047566047,287.75225908532616
1122,11122,11122,11122,07025ed,solver_extremeB_s2,1,1,1,success,56,26.476450832595894,22.719852312841528,6.780906270784681,51,1,30.0,0.45,20.0,1.0,25,1,200,0.002,100,10.0,1.0,0,40,0,0.7142857142857143,0.3141169807528404,-0.32639802006750834,0.9562951387362055,0.025284996421105047,0.030214703391198833,0.10145506595832969,1.4573109518604443,1.1920779773582573,0.3495817762836991,0.486576274065864,1.0319742953691757,0.9922057525742355,1.0224217318879436,281.82273542327
1123,11123,11123,11123,07025ed,solver_extremeB_s2,1,1,1,success,50,16.607737349199553,16.931443655098235,6.877583939851767,44,1,30.0,0.45,20.0,1.0,25,1,200,0.002,100,10.0,1.0,0,37,0,0.74,0.32557204821373886,-0.30766727335337785,-1.8287404816927533,0.02341982975268411,0.030221596725081783,0.03974423402394799,1.824888780091443,1.346989140822244,0.35975648286626083,0.5071789574318846,0.9922493215247872,1.0807088717763242,1.195745236237553,282.56817483556284
1124,11124,11124,11124,07025ed,solver_extremeB_s2,1,1,1,success,73,28.236785741604237,11.906046167704053,12.482055715063646,63,1,30.0,0.45,20.0,1.0,25,1,200,0.002,100,10.0,1.0,0,55,0,0.7534246575342466,0.3747765926764797,-0.7231793310098695,2.7290760308267332,0.022140844265637387,0.035244774179983014,0.04356845509867754,1.6103993741421612,0.9794219702495677,0.31181727177623625,0.5356170292335417,1.0878139814848298,1.0366317851021263,0.7242545772194218,292.11373140777425
1125,11125,11125,11125,07025ed,solver_extremeB_s2,1,1,1,success,51,14.438713858504613,18.055232673782868,5.190309014616653,43,1,30.0,0.45,20.0,1.0,25,1,200,0.002,100,10.0,1.0,0,38,0,0.7450980392156863,0.3479142475953711,-0.3342705022678309,2.5788128944013655,0.024417979351263275,0.03680571859342927,0.0644692655524473,1.4633017793759353,1.3583753744983613,0.31344300309244705,0.34173079494058456,1.0020737181230257,1.0941250046551947,1.2262520137308952,283.84558533802783
1126,11126,11126,11126,07025ed,solver_extremeB_s2,1,1,1,success,45,18.482185327007375,10.25096010773571,12.260724912309435,40,1,30.0,0.45,20.0,1.0,25,1,200,0.002,100,10.0,1.0,0,36,0,0.8,0.37403258771479275,-0.28925505165175014,-2.068569000137964,0.024352630991200244,0.03832641746043775,0.1154837449153311,1.693614878750161,0.7165599842947291,0.35977913260554095,0.19261362483038133,1.0548786339549034,1.0216125427910574,1.0662828739304724,280.25320947594594
1127,11127,11127,11127,07025ed,solver_extremeB_s2,1,1,1,success,54,32.43330655767964,18.08074580890259,20.883103944603562,45,1,30.0,0.45,20.0,1.0,25,1,200,0.002,100,10.0,1.0,0,47,0,0.8703703703703703,0.3746293613155551,-0.319286517072745,0.02172117885465852,0.026068834957378408,0.03511627681709121,0.05120482095097324,1.8799707524479685,0.8170245962394355,0.32788807881265575,0.5283040100753804,1.0302847020369683,1.0767329402365913,1.0033862668116615,279.0280267164531
1128,11128,11128,11128,07025ed,solver_extremeB_s2,1,1,1,success,51,10.687476146212896,22.192993998011247,25.441679167063768,45,1,30.0,0.45,20.0,1.0,25,1,200,0.002,100,10.0,1.0,0,40,0,0.7843137254901961,0.36647120576474723,-0.507942675911375,-1.3048850658134494,0.020814707790058316,0.033052240428359456,0.05349297663784554,1.9901924850733943,1.1578485526457694,0.3327025459427267,0.34369034148861505,1.0369095577256642,1.0063253216614154,0.9628517380180655,285.6143490781912
1129,11129,11129,11129,07025ed,solver_extremeB_s2,1,1,1,success,59,32.16289442473437,25.08892213592054,11.474567419271214,53,1,30.0,0.45,20.0,1.0,25,1,200,0.002,100,10.0,1.0,0,44,0,0.7457627118644068,0.3764646164470413,-0.39943493437028316,2.43625730034634,0.02659014827320766,0.03003195524925612,0.10889469183552253,1.5922867315824876,1.045711857425465,0.37191864551356957,0.6313373773757038,0.9918048215674394,1.0396575704858064,1.0700710899479509,288.3640435076001
1130,11130,11130,11130,07025ed,solver_extremeB_s2,1,1,1,success,65,32.66752720766965,34.814416859187006,6.283094302648715,60,1,30.0,0.45,20.0,1.0,25,1,200,0.002,100,10.0,1.0,0,47,0,0.7230769230769231,0.30943477692861526,-0.7201363219172869,-1.1209525656269421,0.0263166287444918,0.03602171950049058,0.08254697527193036,1.5641703708279389,1.2322483520108756,0.319687571585856,0.6133688126149053,1.0709749645760396,1.0505628634418378,1.1183790395044413,289.2837304081439
1131,11131,11131,11131,07025ed,solver_extremeB_s2,1,1,1,success,54,29.607605900969684,34.26752002455894,8.35311908128741,47,1,30.0,0.45,20.0,1.0,25,1,200,0.002,100,10.0,1.0,0,33,0,0.6111111111111112,0.31604940024829536,-0.5944099419454403,-0.9436536892648588,0.023647567296774828,0.0397203011656117,0.033291071318722734,1.5182824960676327,1.3730784786774395,0.3786981474049212,0.3571175622362365,1.06388927844026,1.0667488894776738,0.997730598519456,285.4403925924473
1132,11132,11132,11132,07025ed,solver_extremeB_s2,1,1,1,success,70,28.480172671743375,28.47610427587157,5.95484636513097,62,1,30.0,0.45,20.0,1.0,25,1,200,0.002,100,10.0,1.0,0,53,0,0.7571428571428571,0.38854212600485166,-0.6468326753608046,2.0040180465367605,0.0218708650790957,0.03744315688476302,0.04355118674585084,1.8232344155995526,1.0491184423628612,0.37830808138584,0.6766977256929113,0.969411141035016,1.098605698721624,1.0944522661809826,293.9432958039746
1133,11133,11133,11133,07025ed,solver_extremeB_s2,0,1,1,timeout,200,16.259476092003176,21.218439530372734,0.0,200,1,30.0,0.45,20.0,1.0,25,1,200,0.002,100,10.0,1.0,0,183,0,0.915,0.3752196077396148,-0.5774268277480367,-0.23433549639633666,0.021077237260836823,0.03229517419151897,0.06975083973217523,1.289699422231584,0.892940469375217,0.317348080614237,0.36623149329777704,1.0906238568916398,1.0100311288704875,1.1818970107464386,73.27638499391365
1134,11134,11134,11134,07025ed,solver_extremeB_s2,1,1,1,success,50,32.01332324393295,26.230876279844793,17.458406887517892,43,1,30.0,0.45,20.0,1.0,25,1,200,0.002,100,10.0,1.0,0,36,0,0.72,0.35546788340524305,-0.2787889934232404,0.43968523706426543,0.020935145759248545,0.030248959646074835,0.033345988014154504,1.7499407844698804,1.0463892966981034,0.3106044512901267,0.43351796108043616,0.9961344695187156,1.04554460631619,0.9363588526821087,284.04217601169
1135,11135,11135,11135,07025ed,solver_extremeB_s2,1,1,1,success,64,9.99206679758478,18.685472946433382,14.881136279302826,58,1,30.0,0.45,20.0,1.0,25,1,200,0.002,100,10.0,1.0,0,37,0,0.578125,0.3118096707905498,-0.43219864307705247,1.2922898584747555,0.02059356074463615,0.03018236376088182,0.07115399639445769,1.4207378582155519,0.9151567510139605,0.35034860904713266,0.702040837807631,0.941613877007739,0.9671679716864121,1.0411120935654745,290.2395129278348
1136,11136,11136,11136,07025ed,solver_extremeB_s2,1,1,1,success,52,39.066812652518365,43.98246304353308,8.674896907216722,47,1,30.0,0.45,20.0,1.0,25,1,200,0.002,100,10.0,1.0,0,44,0,0.8461538461538461,0.33042631571546544,-0.6517127116857862,-3.055291015976651,0.02180223107106225,0.03320952699143605,0.09363836824826322,1.5253732367126815,1.0784994871910074,0.3871544766088561,0.17693027469221068,1.1158889000303618,1.0178634689676767,0.9916841035405104,267.816608347123
1137,11137,11137,11137,07025ed,solver_extremeB_s2,1,1,1,success,53,31.05540151220319,31.887270918578146,3.3871813825504367,47,1,30.0,0.45,20.0,1.0,25,1,200,0.002,100,10.0,1.0,0,38,0,0.7169811320754716,0.30259316672443537,-0.4257254291298197,-2.091717060973112,0.024489961914863495,0.03471227588799599,0.07751459345835995,1.9813062063499665,0.9427289331905495,0.30036872541612214,0.4706518773232229,1.0521525900602802,1.017071734521643,1.0205522257055157,284.6840387431384
1138,11138,11138,11138,07025ed,solver_extremeB_s2,1,1,1,success,66,24.001676971285224,35.72250239668111,5.76351830410384,55,1,30.0,0.45,20.0,1.0,25,1,200,0.002,100,10.0,1.0,0,50,0,0.7575757575757576,0.3578320592023762,-0.5252737933107091,3.1392567297038507,0.023298185439997437,0.03773759617488243,0.07887650588475342,1.4269948708434401,0.6571309113493272,0.31519476581344175,0.6394532405361707,1.0764570501900683,1.0033630298311151,1.110355752007983,289.0591226501481
1139,11139,11139,11139,07025ed,solver_extremeB_s2,1,1,1,success,62,18.213474921406924,19.63768811927289,11.915134862897467,55,1,30.0,0.45,20.0,1.0,25,1,200,0.002,100,10.0,1.0,0,49,0,0.7903225806451613,0.3633645957696757,-0.5214032108843241,-0.6385174541699445,0.02638225602373251,0.037751698659732415,0.07181073291859938,1.9303840967398893,1.2553602546540188,0.33379577414676853,0.43664283565201767,1.0042502401751254,1.041225820776156,1.1122966665280396,290.4044618752069
1140,11140,11140,11140,07025ed,solver_extremeB_s2,1,1,1,success,46,36.26193867931473,46.256014916137616,5.758101259234877,40,1,30.0,0.45,20.0,1.0,25,1,200,0.002,100,10.0,1.0,0,28,0,0.6086956521739131,0.3709254117805651,-0.274936738045908,3.137007895943708,0.02334211394360042,0.0345554046974363,0.036994681193843824,1.689931274104289,1.0238608856332803,0.3179741021825155,0.31394323726514045,0.9598830058294829,1.0086513220156779,0.9288512200649167,279.8431274714066
1141,11141,11141,11141,07025ed,solver_extremeB_s2,1,1,1,success,60,8.86458759764936,33.14730861240105,23.77925353469474,50,1,30.0,0.45,20.0,1.0,25,1,200,0.002,100,10.0,1.0,0,41,0,0.6833333333333333,0.31526778649833326,-0.5665168344794272,-2.4130138652692414,0.023579733107667675,0.030302687414144627,0.0619490618144263,1.9699598598526311,0.9947342573159847,0.34285823932369425,0.5371414644980375,1.1034649537832373,1.0733302404765603,1.0866518297176602,288.1425543974558
1142,11142,11142,11142,07025ed,solver_extremeB_s2,1,1,1,success,53,27.288245816024556,18.758575221220646,7.655513032594525,47,1,30.0,0.45,20.0,1.0,25,1,200,0.002,100,10.0,1.0,0,43,0,0.8113207547169812,0.35824694132926527,-0.2949556829877128,2.3557752128288385,0.02240321935121946,0.03458885173516917,0.0996586128385784,1.2209534600592473,0.8138507663808568,0.3828754955535808,0.6832804338198983,1.156868858083762,1.0273955562183092,1.081833021578054,285.660220024377
1143,11143,11143,11143,07025ed,solver_extremeB_s2,1,1,1,success,64,18.11424174362496,11.686597036832099,8.138390283387867,55,1,30.0,0.45,20.0,1.0,25,1,200,0.002,100,10.0,1.0,0,53,0,0.828125,0.36763859385880016,-0.605058669763033,0.849079723204722,0.020769558975082543,0.031202945310300288,0.05542155247410735,1.4619796234852789,1.0457811498256566,0.37050566212748404,0.4377730904117264,1.0441092421211642,1.0705493045695413,1.2077779922192984,290.0453978367244
1144,11144,11144,11144,07025ed,solver_extremeB_s2,1,1,1,success,47,5.5584022495472665,9.494238440210394,11.099944033352937,40,1,30.0,0.45,20.0,1.0,25,1,200,0.002,100,10.0,1.0,0,33,0,0.7021276595744681,0.36538344943573536,-0.29252706013909047,-2.0836935947661592,0.025292747581382263,0.03588851463219872,0.04945862062123457,1.9867863792823697,1.2953351175152625,0.3803578331488711,0.26920568410633267,1.0224397749377674,1.0481407946611934,1.160109540952733,283.4620391500869
1145,11145,11145,11145,07025ed,solver_extremeB_s2,1,1,1,success,58,10.918756533443796,16.42947439657738,12.573732255815365,50,1,30.0,0.45,20.0,1.0,25,1,200,0.002,100,10.0,1.0,0,36,0,0.6206896551724138,0.33864865972040387,-0.6866144750156643,-0.4098455027708652,0.023804651488653,0.038603400995300956,0.07409685275305955,1.9515157823386067,0.881756935296427,0.3431687243605912,0.2106089482183468,1.0211373507209096,1.0712653209551373,1.09840717885121,289.1984615801717
1146,11146,11146,11146,07025ed,solver_extremeB_s2,1,1,1,success,50,8.794269133841725,15.554705954125758,4.889443342840398,44,1,30.0,0.45,20.0,1.0,25,1,200,0.002,100,10.0,1.0,0,38,0,0.76,0.3120896556452022,-0.2282906171667507,2.114989824650592,0.020727497783056714,0.03700416523889801,0.047861931726969786,0.9835263519342556,0.6027133932869332,0.3632070818781508,0.5855275778214152,0.9037388477620346,1.0363096796743627,1.0533179165851672,285.0075491124526
1147,11147,11147,11147,07025ed,solver_extremeB_s2,1,1,1,success,49,19.292284925963727,14.470068291392787,10.084754565025197,43,1,30.0,0.45,20.0,1.0,25,1,200,0.002,100,10.0,1.0,0,40,0,0.8163265306122449,0.38643282470753565,-0.4085766156609599,0.9824772226680842,0.024529381630547964,0.03238820121052393,0.06189225091740249,1.2045384179880019,0.9975484120770288,0.3341200887624084,0.2190805994816275,1.0326493889734913,0.9701287083559694,1.0887113025357043,284.23056610076617
1148,11148,11148,11148,07025ed,solver_extremeB_s2,1,1,1,success,51,40.102667835138334,23.046110296263812,12.424851413821784,47,1,30.0,0.45,20.0,1.0,25,1,200,0.002,100,10.0,1.0,0,45,0,0.8823529411764706,0.3766126349963139,-0.2484812331591918,1.0872181003234171,0.02700674244867637,0.03370820181865137,0.06109546905632352,1.9215959978768715,0.9784237411067274,0.3740267058165844,0.6475916074136289,1.0555630888994094,0.9829879241885315,1.167496737271519,282.473113330548
1149,11149,11149,11149,07025ed,solver_extremeB_s2,1,1,1,success,56,24.125887600653346,19.756349608023054,3.139443269334959,50,1,30.0,0.45,20.0,1.0,25,1,200,0.002,100,10.0,1.0,0,45,0,0.8035714285714286,0.36621082959313134,-0.4051855464195328,-2.9821572110169137,0.02439559682850791,0.030121611907854298,0.11017473496530703,1.2028784079205876,0.8441594242499226,0.33983075336947055,0.444024630231277,1.085684844959898,1.0902332921274351,1.0900876421198495,282.4779088240265
1150,11150,11150,11150,07025ed,solver_extremeB_s2,1,1,1,success,55,22.782229244396653,25.88935933215896,4.905256283967028,45,1,30.0,0.45,20.0,1.0,25,1,200,0.002,100,10.0,1.0,0,41,0,0.7454545454545455,0.3370015632102275,-0.41296776766395354,1.1990486437747796,0.025114140303075023,0.0381928234462601,0.03193729652541638,1.9652138939792774,0.890472381525785,0.37885486250348943,0.4550324109632906,0.939762007461533,0.9399017961698399,1.1043763923788967,286.52054499940255
1151,11151,11151,11151,07025ed,solver_extremeB_s2,1,1,1,success,79,31.53636133307583,29.502436377168568,5.622797929471178,62,1,30.0,0.45,20.0,1.0,25,1,200,0.002,100,10.0,1.0,0,60,0,0.759493670886076,0.35855279116227584,-0.5613240130316158,-1.916121288081609,0.026513809081589058,0.031325677059713834,0.04607171192843572,0.9709859789769335,1.0099223753483606,0.35058788025127174,0.6167245644977623,1.0825892941255264,1.0834567604852954,1.1443288362115784,286.24069405847354
1152,11152,11152,11152,07025ed,solver_extremeB_s2,0,1,0,timeout,200,52.79857266896109,28.966576876001252,53.6580454268575,57,1,30.0,0.45,20.0,1.0,25,1,200,0.002,100,10.0,1.0,0,185,0,0.925,0.3612868872423676,-0.7272782328949617,1.335285836194239,0.021495439199521883,0.040061094073558415,0.10218730462852527,1.2474153623628528,1.3877206034380054,0.31213037693823165,0.28341391451589276,1.0347121653306428,1.0294930735664756,0.8983166303422171,52.439116624125674
1153,11153,11153,11153,07025ed,solver_extremeB_s2,1,1,1,success,47,24.495703027522186,22.459059528412265,10.982662446237697,41,1,30.0,0.45,20.0,1.0,25,1,200,0.002,100,10.0,1.0,0,40,0,0.851063829787234,0.3584417884291208,-0.27379384482252195,0.17905611653357045,0.025145427834500775,0.032886417059509836,0.10902006472666612,1.5946757358352772,0.8613330722989859,0.3855654293123142,0.4511616060602699,1.0051031527550784,1.0138528357426875,1.0595926435418295,283.2276341036875
1154,11154,11154,11154,07025ed,solver_extremeB_s2,1,1,1,success,49,5.685927962560221,5.839350940178735,4.5494378404844795,44,1,30.0,0.45,20.0,1.0,25,1,200,0.002,100,10.0,1.0,0,33,0,0.673469387755102,0.32946341929141737,-0.5602097517232767,-0.6545576034568947,0.024220027935544047,0.03656384920844656,0.10746053077531613,1.6778413963187655,0.7684446254275348,0.35024029016156244,0.23171644984596224,1.0418461000540684,1.0527692219399334,0.8928801941547483,285.74152879871747
1155,11155,11155,11155,07025ed,solver_extremeB_s2,1,1,1,success,56,32.045089916574334,29.471580008054193,41.553274942685334,47,1,30.0,0.45,20.0,1.0,25,1,200,0.002,100,10.0,1.0,0,44,0,0.7857142857142857,0.361099596087539,-0.6591646883778588,-0.6278612861679851,0.025348112464168203,0.03616721210092853,0.036473505779832646,0.831762957464584,0.7304288842517441,0.3719422556648777,0.2127173358629135,1.0049836317303718,0.9759092924930186,1.0812866782367858,286.6891270747502
1156,11156,11156,11156,07025ed,solver_extremeB_s2,1,1,1,success,65,12.431439883946002,13.381350250064399,1.1950924168815147,60,1,30.0,0.45,20.0,1.0,25,1,200,0.002,100,10.0,1.0,0,44,0,0.676923076923077,0.3241834069412044,-0.7168361153729236,-0.3821217901268579,0.025495756799849216,0.0374058286973279,0.11472103831654905,1.460016674952131,0.9482927874632934,0.3818423860037867,0.5341943071655808,1.0162934067516627,1.1324521565360097,1.0633985774016455,292.65205925259085
1157,11157,11157,11157,07025ed,solver_extremeB_s2,1,1,1,success,56,21.12036443837707,21.38420699232937,7.901470793363787,46,1,30.0,0.45,20.0,1.0,25,1,200,0.002,100,10.0,1.0,0,37,0,0.6607142857142857,0.3707537706864782,-0.31913923720282433,1.5999967405507842,0.023287211851819523,0.0372111333145164,0.05235492140641117,1.962182175643423,0.9926041130185763,0.306861049950365,0.5790307487471211,1.1164253328217018,1.1079403797403737,1.10365036284256,284.2633281734036
1158,11158,11158,11158,07025ed,solver_extremeB_s2,1,1,1,success,46,10.846705401996052,12.827666190004733,7.9169322611322945,40,1,30.0,0.45,20.0,1.0,25,1,200,0.002,100,10.0,1.0,0,32,0,0.6956521739130435,0.3199787537977572,-0.31158920907299414,-2.518147967843397,0.025576396486845645,0.034716666369317924,0.10649336380956287,0.8336739856607209,1.111827359771278,0.32329223516978045,0.21805409809837395,1.0050371811260812,1.036367988411995,1.1556340703269208,282.900468258557
1159,11159,11159,11159,07025ed,solver_extremeB_s2,1,1,1,success,50,25.873962621714686,32.00522524069753,3.5991774895512836,44,1,30.0,0.45,20.0,1.0,25,1,200,0.002,100,10.0,1.0,0,35,0,0.7,0.3390641283682434,-0.41735898580587594,1.2910358221991514,0.02465326702790235,0.032427702249124356,0.06218056676169402,1.7052337536794946,0.8650442234302409,0.37267547380959937,0.29890774941470505,0.8963817793344139,0.941065403059209,1.212484906218756,284.3288393451893
1160,11160,11160,11160,07025ed,solver_extremeB_s2,1,1,1,success,57,25.23071605259166,27.745935282635287,2.8973055097579987,49,1,30.0,0.45,20.0,1.0,25,1,200,0.002,100,10.0,1.0,0,44,0,0.7719298245614035,0.3221505897862,-0.36469119527055055,-2.859704139637479,0.022745031720174478,0.03859403422080205,0.060629310322652855,1.6131493098967122,0.8481652303707818,0.37221242184420433,0.5400368260879416,1.0703759689219057,0.9857144012419943,1.1516259019421955,285.07555109223375
1161,11161,11161,11161,07025ed,solver_extremeB_s2,1,1,1,success,43,19.20187764621393,14.028210376047065,15.584563242071113,37,1,30.0,0.45,20.0,1.0,25,1,200,0.002,100,10.0,1.0,0,29,0,0.6744186046511628,0.31286867319074724,-0.24594289471706654,-1.3764012464583557,0.02598004607686646,0.03502405227608223,0.0462835245572375,1.7220295322228762,0.8131857609579868,0.31646471369548906,0.29294292554986195,1.0361269023146369,1.0236809580214437,0.8211672210229599,281.7528989528079
1162,11162,11162,11162,07025ed,solver_extremeB_s2,1,1,1,success,53,38.344756407847775,23.35754842317453,19.588822785273123,47,1,30.0,0.45,20.0,1.0,25,1,200,0.002,100,10.0,1.0,0,47,0,0.8867924528301887,0.3587247738262539,-0.30710290686990277,-2.7120309984987796,0.026004181952389384,0.034925471116135094,0.0421804463535877,1.75644741722179,1.2204985146396772,0.33084577091886636,0.7289679844302334,1.0187059036175785,0.978101996716288,1.0158590421388038,285.97926440796664
1163,11163,11163,11163,07025ed,solver_extremeB_s2,1,1,1,success,56,28.093798738589353,21.557435913548883,6.639416499747748,50,1,30.0,0.45,20.0,1.0,25,1,200,0.002,100,10.0,1.0,0,47,0,0.8392857142857143,0.330170221567441,-0.4556825151988829,1.3834136039299008,0.02599757929272037,0.03485408711580997,0.09463022751478983,1.5328395690307834,0.8729066398775387,0.3426211064291813,0.2985049722242491,1.0325297897151544,1.0017462929341343,1.0084142966419227,268.4236052064173
1164,11164,11164,11164,07025ed,solver_extremeB_s2,1,1,1,success,62,24.56385026127269,31.87311197053328,11.431616341892061,56,1,30.0,0.45,20.0,1.0,25,1,200,0.002,100,10.0,1.0,0,46,0,0.7419354838709677,0.3796731825964242,-0.5948784491510826,0.11949597700745995,0.025821765446687572,0.035317227431351295,0.0833558024577624,0.8042715546648451,1.142257932176989,0.3081315497629742,0.6656724584861604,0.9544206619383981,1.0622979641237833,1.175164165061238,292.0991156370768
1165,11165,11165,11165,07025ed,solver_extremeB_s2,0,1,0,timeout,200,205.15110469458023,nan,nan,-1,1,30.0,0.45,20.0,1.0,25,1,200,0.002,100,10.0,1.0,0,175,0,0.875,0.31171233886266037,-0.6663627377440867,2.442282149017699,0.023060634148464244,0.03729190446732733,0.056382791557482936,1.8003273128621935,1.186613641842733,0.30106753754678667,0.4411546772872028,1.0703043038178668,1.0560424528097545,0.8407757779135632,24.734041874233117
1166,11166,11166,11166,07025ed,solver_extremeB_s2,1,1,1,success,54,14.048008587660858,24.363610461526086,11.701787716603896,41,1,30.0,0.45,20.0,1.0,25,1,200,0.002,100,10.0,1.0,0,43,0,0.7962962962962963,0.3648440712186063,-0.28186290396697466,0.3048668000167658,0.021372347080753622,0.039094649526888355,0.11778277730742705,0.9975603458229071,0.7017582277782362,0.3037504008346646,0.4937098386422702,1.0122015325844786,1.0448074397903395,0.7546723376798878,280.09504550236034
1167,11167,11167,11167,07025ed,solver_extremeB_s2,1,1,1,success,49,15.069562099148659,17.372237938844076,4.624174828875607,43,1,30.0,0.45,20.0,1.0,25,1,200,0.002,100,10.0,1.0,0,46,0,0.9387755102040817,0.3291944612576807,-0.1816572143843408,1.1088560813927035,0.02582155316790975,0.036792768064063223,0.06403863004872365,1.4949689809333568,1.2070511871195317,0.3839867138390957,0.6041184965566532,1.0488470439173365,0.9756368133226501,1.1766570836656993,281.9915861526367
1168,11168,11168,11168,07025ed,solver_extremeB_s2,1,1,1,success,65,23.12139481834893,18.84644518378362,6.815167457764942,59,1,30.0,0.45,20.0,1.0,25,1,200,0.002,100,10.0,1.0,0,55,0,0.8461538461538461,0.3655687204137932,-0.7272989479635561,-1.7215225183139269,0.025393943303881786,0.03191178291095223,0.11568284517697364,1.5791280878307252,0.7505711572860426,0.30138991636793266,0.5992344781582329,1.0271063689132345,1.075189805147779,1.1038088038382845,293.42989593221847
1169,11169,11169,11169,07025ed,solver_extremeB_s2,1,1,1,success,63,23.789397158900176,20.76451982812856,8.58511184314319,52,1,30.0,0.45,20.0,1.0,25,1,200,0.002,100,10.0,1.0,0,41,0,0.6507936507936508,0.3705616516881077,-0.5013900570281346,1.445118315607755,0.021950679229430167,0.03936963599319541,0.043949834750842055,1.0064172585863054,0.8642206781285685,0.35794080635685577,0.43452014260753336,1.0516272513465232,1.1080117316375304,1.084831754719406,286.75936015559085
1170,11170,11170,11170,07025ed,solver_extremeB_s2,1,1,1,success,56,2.322358652107969,10.473503644980894,4.391298528430531,45,1,30.0,0.45,20.0,1.0,25,1,200,0.002,100,10.0,1.0,0,46,0,0.8214285714285714,0.3102404032205852,-0.45074894078284583,2.3728519780908384,0.024993697957342006,0.03882131983603288,0.0846788064243435,1.741320815433113,0.9382186171995766,0.36096227196098407,0.29331337468374746,1.0929359634044875,1.0130054571718254,1.0427427348261917,282.42442980340627
1171,11171,11171,11171,07025ed,solver_extremeB_s2,1,1,1,success,63,7.961872936448009,15.694788841410581,3.596723621526209,54,1,30.0,0.45,20.0,1.0,25,1,200,0.002,100,10.0,1.0,0,44,0,0.6984126984126984,0.3090746076487742,-0.5347171035212999,-3.0941715151247875,0.02228511856593892,0.038581556994626474,0.09406524775500101,1.9233911468594442,0.7274549385856006,0.3409598304865002,0.5676493100454133,1.0961376532806641,0.9663674197108625,1.111845490608839,289.0840542790019
1172,11172,11172,11172,07025ed,solver_extremeB_s2,1,1,1,success,53,22.88868951702243,18.924541172398857,5.571985371379585,40,1,30.0,0.45,20.0,1.0,25,1,200,0.002,100,10.0,1.0,0,37,0,0.6981132075471698,0.3645702105434264,-0.38087486016991595,0.8593930635447533,0.023096621796402064,0.03924277654888336,0.0628875807350035,1.773772680365064,0.6266853412913364,0.32070275351500643,0.17718767627490384,1.0032852339348983,0.9893177855324902,1.096298123386177,283.81967290955527
1173,11173,11173,11173,07025ed,solver_extremeB_s2,1,1,1,success,53,16.233029933646467,20.928050640526802,4.604741785957055,48,1,30.0,0.45,20.0,1.0,25,1,200,0.002,100,10.0,1.0,0,36,0,0.6792452830188679,0.3772334611396071,-0.49604168570236884,2.0611876491846584,0.02586038098724403,0.03075005968167739,0.05378868845462555,0.8120921980446827,0.6869530740389886,0.32101924407865284,0.4928256223374828,1.0104768247550084,1.0865503089812094,0.9614261769595911,287.7233750675408
1174,11174,11174,11174,07025ed,solver_extremeB_s2,1,1,1,success,78,29.64785845271765,23.603380649569843,3.029111483158325,74,1,30.0,0.45,20.0,1.0,25,1,200,0.002,100,10.0,1.0,0,57,0,0.7307692307692307,0.32223976874919563,-0.6307977060482615,-2.9435764734074215,0.02152793385056006,0.0396425438891335,0.06396791806610008,1.5060347470366064,1.0946136861713534,0.3761024929608566,0.7268929011785813,1.1186400079500374,1.0672357475438523,0.9795378526467651,293.2881343817968
1175,11175,11175,11175,07025ed,solver_extremeB_s2,1,1,1,success,61,27.155116041446423,27.767524592610656,5.453644525853284,54,1,30.0,0.45,20.0,1.0,25,1,200,0.002,100,10.0,1.0,0,38,0,0.6229508196721312,0.31768671828915895,-0.5834727025593663,-3.002918374100392,0.026134563694574817,0.038282941400013794,0.08836377220854305,1.4286054636091734,0.6354496435144922,0.34162770504969375,0.4631302965708652,1.0677870557827054,1.0392991922641561,1.1289674900156648,286.85594721365624
1176,11176,11176,11176,07025ed,solver_extremeB_s2,1,1,1,success,56,20.417207253231542,23.49338765286942,9.794097811036083,50,1,30.0,0.45,20.0,1.0,25,1,200,0.002,100,10.0,1.0,0,44,0,0.7857142857142857,0.3834912294058297,-0.5784721324895324,2.908788241596916,0.02570566305569132,0.03267444700633507,0.09746608270136947,1.7557176976012252,1.3699984231336952,0.3270586654742535,0.3410964231552149,0.9573584102597851,1.1044478803061062,1.084565162827837,290.5962345860236
1177,11177,11177,11177,07025ed,solver_extremeB_s2,1,1,1,success,62,23.67037292850289,22.53878074173093,14.78719795764544,56,1,30.0,0.45,20.0,1.0,25,1,200,0.002,100,10.0,1.0,0,38,0,0.6129032258064516,0.31055495998024585,-0.6407592454094126,-3.1092377971692953,0.022683889712137435,0.03583498948818808,0.11807568836390124,1.72661258840346,0.7254110659805795,0.3202947551428303,0.6465758133865155,1.0633799541420965,1.0507063036905235,0.9548997632174291,291.85866893363107
1178,11178,11178,11178,07025ed,solver_extremeB_s2,1,1,1,success,61,5.575924485072285,18.49608640487599,12.69045563114066,53,1,30.0,0.45,20.0,1.0,25,1,200,0.002,100,10.0,1.0,0,48,0,0.7868852459016393,0.325623455805785,-0.5511124893758955,-2.5152578850904854,0.022647529700289975,0.03992529774923244,0.10868908133794311,1.1659564307318508,0.946062031165217,0.3601779319424969,0.4559303840912003,1.0502511526543716,1.0994627303889175,1.0878105696069187,289.99905419455297
1179,11179,11179,11179,07025ed,solver_extremeB_s2,1,1,1,success,40,15.524542135556164,16.991582083105666,5.781403540835133,34,1,30.0,0.45,20.0,1.0,25,1,200,0.002,100,10.0,1.0,0,26,0,0.65,0.3017035516521992,-0.20800124866717495,-0.6463731133221193,0.02104951179470481,0.03223416908440147,0.055985007831214455,1.898406167483283,1.2042540616733346,0.3414416549151216,0.20382497140695607,1.0351190718947298,1.1171575251764603,0.9975763356836097,280.32141013425655
1180,11180,11180,11180,07025ed,solver_extremeB_s2,1,1,1,success,66,35.88525952507459,19.975334745990565,21.088595129251626,60,1,30.0,0.45,20.0,1.0,25,1,200,0.002,100,10.0,1.0,0,45,0,0.6818181818181818,0.30941649794941994,-0.4568440585897884,-0.9738953271317814,0.027581047578363018,0.030788762774231936,0.09969824157498594,0.9278877468277609,1.2892417896054864,0.31887288163269656,0.565867660172489,0.9670662598932126,1.0145262963986992,1.155094473157165,284.71107684790854
1181,11181,11181,11181,07025ed,solver_extremeB_s2,1,1,1,success,63,9.448863183181723,23.857939349486458,12.686437121752418,52,1,30.0,0.45,20.0,1.0,25,1,200,0.002,100,10.0,1.0,0,48,0,0.7619047619047619,0.3180111895133879,-0.7270890844800652,2.8395944346206496,0.024732508771064216,0.038020514451358484,0.0891978298227244,0.8352498854191382,1.1625793303731569,0.33079129044934763,0.23746167581853675,1.0512302843200996,1.0414067068229222,1.0969867092667518,287.58987560617726
1182,11182,11182,11182,07025ed,solver_extremeB_s2,1,1,1,success,56,31.05027199171022,24.153296262786217,2.0576458172709082,50,1,30.0,0.45,20.0,1.0,25,1,200,0.002,100,10.0,1.0,0,38,0,0.6785714285714286,0.3310071291259629,-0.49590307397025707,-2.4110189104737305,0.027255691480468663,0.03083119584348566,0.05195850635318229,1.2311588368565514,1.321839108571071,0.3024688636384391,0.47368340977939666,0.9543796738854301,0.9840357446289784,1.3180524524968005,285.2609019901742
1183,11183,11183,11183,07025ed,solver_extremeB_s2,1,1,1,success,49,23.90530373298873,18.26994331564557,7.367951345471347,44,1,30.0,0.45,20.0,1.0,25,1,200,0.002,100,10.0,1.0,0,40,0,0.8163265306122449,0.3501793122270128,-0.36171682924222676,-2.0312259805059973,0.027266518876198163,0.035822086300542705,0.04572467771906351,1.4005540316169602,1.3199274870815116,0.38703384079082215,0.294837088574158,0.9520879597613232,1.0034352921870278,1.0209326422622689,283.2700306313262
1184,11184,11184,11184,07025ed,solver_extremeB_s2,1,1,1,success,47,20.953637831202418,19.114285650513818,7.735434888737694,33,1,30.0,0.45,20.0,1.0,25,1,200,0.002,100,10.0,1.0,0,29,0,0.6170212765957447,0.3499919543638883,-0.193648031915706,-0.4313026161465867,0.02278076632762939,0.03786818533126488,0.04560564920291113,1.2359322273803623,0.8923786518665382,0.31797331064972656,0.3455963086848903,1.0479618733840543,1.0401569487270936,0.9654204559011739,279.206825911867
1185,11185,11185,11185,07025ed,solver_extremeB_s2,1,1,1,success,49,23.041912819883336,24.618050110288454,5.084728487884782,43,1,30.0,0.45,20.0,1.0,25,1,200,0.002,100,10.0,1.0,0,35,0,0.7142857142857143,0.3130390184936131,-0.2619737467786023,-0.9356870591329227,0.021322051237433488,0.0328958356296562,0.10236554229332928,1.4302739010631647,0.7918472711597069,0.3075716088829268,0.6363490155048177,1.1028577167992686,1.0015921693317922,1.0547429018361743,277.8745074890405
1186,11186,11186,11186,07025ed,solver_extremeB_s2,1,1,1,success,48,13.865726517579786,17.050546798234237,1.9414044637856274,43,1,30.0,0.45,20.0,1.0,25,1,200,0.002,100,10.0,1.0,0,30,0,0.625,0.30333635381869944,-0.42686763406561823,-3.0727358690355673,0.024015106823893767,0.03876876750479856,0.11892020768606579,0.8772343871480872,1.1341882381238277,0.3146095504172432,0.2565011663902248,1.0998926105287223,0.9566443709669199,1.2086931602443898,279.72417547002027
1187,11187,11187,11187,07025ed,solver_extremeB_s2,1,1,1,success,55,10.761483316208464,7.8107979912594745,2.07825607015534,50,1,30.0,0.45,20.0,1.0,25,1,200,0.002,100,10.0,1.0,0,38,0,0.6909090909090909,0.31677250447649924,-0.49973019513800643,-3.051618270375514,0.02424933697862873,0.03586566168282684,0.06149453211837467,1.2745260412846475,1.2050211630041083,0.316234755700604,0.44610120523663843,1.012090721387916,1.0397955245618338,1.092709660598882,285.06136824395355
1188,11188,11188,11188,07025ed,solver_extremeB_s2,1,1,1,success,60,15.237611478185087,17.41763062740401,5.346721592372322,53,1,30.0,0.45,20.0,1.0,25,1,200,0.002,100,10.0,1.0,0,43,0,0.7166666666666667,0.32408790986527325,-0.6167756391435346,-0.2232982826358576,0.022869745995863573,0.0344936698743815,0.09562603061773692,0.9586987948178306,1.2278970877455786,0.3090885914429292,0.614222454239158,0.9894556713730395,1.0162129656640673,1.1755547177061936,290.4828902070284
1189,11189,11189,11189,07025ed,solver_extremeB_s2,1,1,1,success,57,31.927371075417174,25.973649756756277,12.17351950262209,46,1,30.0,0.45,20.0,1.0,25,1,200,0.002,100,10.0,1.0,0,42,0,0.7368421052631579,0.3394836100404934,-0.4256949115795068,2.1835919802321024,0.023232040004567866,0.03661619904183586,0.06693094393065024,1.6510594203394273,1.2266153757984153,0.3733858201527427,0.25412147750625425,1.0936043879141604,0.9578243846837197,0.9009967326765038,282.46850130323793
1190,11190,11190,11190,07025ed,solver_extremeB_s2,1,1,1,success,56,30.338897803618462,24.61887433236054,2.937530714256554,52,1,30.0,0.45,20.0,1.0,25,1,200,0.002,100,10.0,1.0,0,49,0,0.875,0.3096772080007306,-0.2751039636395468,-2.7805362262117583,0.027535775886165903,0.03535026795318665,0.08015847625218163,1.8537463436399446,1.2232515326961533,0.37436832777178414,0.6438020517890415,1.1053430966942597,0.9505418089692232,0.920569628954441,281.63649762202715
1191,11191,11191,11191,07025ed,solver_extremeB_s2,1,1,1,success,87,29.012574506431154,42.72232199197312,53.8180545111601,68,1,30.0,0.45,20.0,1.0,25,1,200,0.002,100,10.0,1.0,0,68,0,0.7816091954022989,0.3894032372667992,-0.43215958509965563,-1.2310130521760603,0.02745896922836862,0.0301848006678737,0.036614643885866195,1.9457584743039686,1.3570966516387102,0.3712793984328334,0.595286288160246,1.0004314400874352,1.0157096020671201,1.237583022299337,264.46159257888496
1192,11192,11192,11192,07025ed,solver_extremeB_s2,1,1,1,success,49,5.4182587617611695,9.014163041945572,4.557530906002776,42,1,30.0,0.45,20.0,1.0,25,1,200,0.002,100,10.0,1.0,0,37,0,0.7551020408163265,0.33136676171118934,-0.2772149329026657,-0.4393067082781674,0.024552488314165618,0.036032238190475456,0.11665045703111622,1.4046068642125604,1.1904451032696863,0.36797349634463805,0.25560114390736527,0.9911824350171242,0.9646841105702917,0.9529590841836615,280.3905918412628
1193,11193,11193,11193,07025ed,solver_extremeB_s2,1,1,1,success,51,4.818527179794971,17.075165015504766,9.973671314799834,42,1,30.0,0.45,20.0,1.0,25,1,200,0.002,100,10.0,1.0,0,32,0,0.6274509803921569,0.33346256704013155,-0.3802264674851898,-1.7965329276243693,0.024259255676007882,0.03605700632401364,0.053609751519465496,1.046369594287596,0.9082166681937881,0.326509229968283,0.32615660869655627,1.0546654319643207,0.9780845957560069,0.9006319260607201,280.1365444844995
1194,11194,11194,11194,07025ed,solver_extremeB_s2,1,1,1,success,68,25.300906229615144,31.29407909696598,16.310574928284115,59,1,30.0,0.45,20.0,1.0,25,1,200,0.002,100,10.0,1.0,0,50,0,0.7352941176470589,0.30932402323233404,-0.6923373879783059,1.0387427636183562,0.023115005110915993,0.03614098607003242,0.071569259695891,1.113844640854154,1.1853786593364717,0.3454170369724295,0.6431977799965137,0.9960534871632308,1.059987248691216,1.200485784717701,292.19117632193723
1195,11195,11195,11195,07025ed,solver_extremeB_s2,0,0,0,unsafe,15,335.38072437480224,nan,nan,-1,0,30.0,0.45,20.0,1.0,25,1,200,0.002,100,10.0,1.0,0,9,0,0.6,0.3319782408680839,-0.4386280136692935,1.563299734400153,0.025499534048142307,0.03948698409897111,0.11855220008383163,1.8362829996252223,1.1808676681881771,0.31658279458136407,0.6493521213698916,1.1207286001621282,0.9489481514798265,1.1792150951742546,-41.64665695512438
1196,11196,11196,11196,07025ed,solver_extremeB_s2,1,1,1,success,45,14.726888027861943,25.955269733569786,16.213667215449355,39,1,30.0,0.45,20.0,1.0,25,1,200,0.002,100,10.0,1.0,0,31,0,0.6888888888888889,0.3246193200670435,-0.4144525196509628,2.5558754177509257,0.02251353658106763,0.03709447264122514,0.06738392256979006,1.5726829563251135,1.3157202732441005,0.33773193415568187,0.3449465854501664,0.9859997282516179,1.0588631591797628,1.2248423888358753,283.257256318738
1197,11197,11197,11197,07025ed,solver_extremeB_s2,1,1,1,success,61,13.764714766740852,18.693104144504503,0.7592468530510577,54,1,30.0,0.45,20.0,1.0,25,1,200,0.002,100,10.0,1.0,0,38,0,0.6229508196721312,0.32454505659300636,-0.4818683393243971,-3.044723678738992,0.022836991726685334,0.03061041928429086,0.05874627606409352,1.5912435225321975,1.1318440478552696,0.3140007965500508,0.6456754577429293,1.0203898595283083,0.9224041999583009,1.175852766486344,290.10745322420087
1198,11198,11198,11198,07025ed,solver_extremeB_s2,1,1,1,success,51,14.353752972742807,26.872634579050743,6.9810401551023205,45,1,30.0,0.45,20.0,1.0,25,1,200,0.002,100,10.0,1.0,0,44,0,0.8627450980392157,0.34764428761410215,-0.25570893998556515,1.3949898697948004,0.023452657519332672,0.038496432515165775,0.04390637659128333,1.0180252587237095,1.3763214005013293,0.31214967901692114,0.4944046232205021,1.1814934192444262,1.0063798327775844,1.061277603432925,281.00979079001877
1199,11199,11199,11199,07025ed,solver_extremeB_s2,1,1,1,success,40,12.015459972628118,10.673693232640526,4.078824639720969,35,1,30.0,0.45,20.0,1.0,25,1,200,0.002,100,10.0,1.0,0,29,0,0.725,0.3074381783190531,-0.24284423660723298,-2.0307602729059635,0.023333263332967466,0.03758535012413722,0.03145255655557741,1.4877548073409053,1.2657458862783277,0.33310568775160276,0.27620229543044816,0.947150237525543,1.0104406399047297,1.1508278711756503,278.99556026664
1200,11200,11200,11200,07025ed,solver_extremeB_s2,1,1,1,success,53,24.967512941192403,33.95226201672529,9.869665543437412,47,1,30.0,0.45,20.0,1.0,25,1,200,0.002,100,10.0,1.0,0,47,0,0.8867924528301887,0.314376381896725,-0.2452921850646711,-2.122809563830574,0.02710226288377829,0.03085203359541128,0.08403891311553752,1.6151503912455238,0.7119564399146587,0.31374852495131167,0.6369440366949587,1.045835655867427,1.0497296104996972,0.9829279138346573,282.2020753306516
1201,11201,11201,11201,07025ed,solver_extremeB_s2,1,1,1,success,54,23.580372807841076,21.200474370953312,10.430091603309295,48,1,30.0,0.45,20.0,1.0,25,1,200,0.002,100,10.0,1.0,0,45,0,0.8333333333333334,0.3896979272942916,-0.42962450684532594,-0.30094721522523926,0.026016141792853595,0.037383490411675956,0.08485465506503828,1.8697843405906225,1.0710278514442855,0.38817545993591884,0.2732950631365788,1.0082527597106286,1.075794735592223,0.975209047832603,285.96824838463897
1202,11202,11202,11202,07025ed,solver_extremeB_s2,1,1,1,success,49,30.72946553720575,18.403725804965795,13.847878947771383,40,1,30.0,0.45,20.0,1.0,25,1,200,0.002,100,10.0,1.0,0,39,0,0.7959183673469388,0.3508034101870245,-0.3109945174813512,0.041651245975065976,0.020990427918361122,0.03259915942299122,0.06917982734448211,1.732384946752801,0.9138771111066926,0.31283196812358266,0.44430805026816755,1.0114234743886938,0.9896678349951875,1.0072740077556217,283.22671038317094
1203,11203,11203,11203,07025ed,solver_extremeB_s2,1,1,1,success,48,17.253333055696356,24.1620266113871,27.52994493177094,39,1,30.0,0.45,20.0,1.0,25,1,200,0.002,100,10.0,1.0,0,34,0,0.7083333333333334,0.30793956570979086,-0.4128126438073414,-0.438386224180936,0.025653891172555714,0.03533789727390935,0.06314298436399567,1.8402970660501634,1.2466110595523012,0.3104641351207995,0.3274108888253276,1.0484268186485577,0.9980578226638203,0.8906027883834804,284.85294231440025
1204,11204,11204,11204,07025ed,solver_extremeB_s2,1,1,1,success,64,24.639143503898637,21.082405925654502,12.504704870721516,58,1,30.0,0.45,20.0,1.0,25,1,200,0.002,100,10.0,1.0,0,37,0,0.578125,0.3453199292665046,-0.4876962336162194,1.062689275701306,0.024973790395957884,0.034855691855796546,0.06395405501389476,0.9394278491303525,0.6338952229034805,0.36259120089196517,0.5135305105515133,0.9605414658812189,1.0735086612808626,0.9152788732262908,290.2444358736367
1205,11205,11205,11205,07025ed,solver_extremeB_s2,1,1,1,success,53,21.465129836134754,22.99827574049069,0.5343403946520304,44,1,30.0,0.45,20.0,1.0,25,1,200,0.002,100,10.0,1.0,0,32,0,0.6037735849056604,0.31135651839353296,-0.40216690783691095,0.7202516920580173,0.021877093860682546,0.03589405073721634,0.05635995691426611,1.2381386147808384,0.7680539687998346,0.3642846453330153,0.5373759025957676,1.1009471180859642,1.022511784032324,0.891318511629732,283.48823275740995
1206,11206,11206,11206,07025ed,solver_extremeB_s2,1,1,1,success,55,16.912416642442256,17.341077807595344,0.2638972774784154,52,1,30.0,0.45,20.0,1.0,25,1,200,0.002,100,10.0,1.0,0,46,0,0.8363636363636363,0.30725013384249095,-0.32953894712005843,0.7397562445139383,0.02524332075465447,0.031592426903768414,0.0649737689686512,0.834594465003039,0.8162682944697905,0.37850718681272527,0.6378900579184171,1.0224897767505456,0.936630406186121,1.0971421339763285,285.13601619239
1207,11207,11207,11207,07025ed,solver_extremeB_s2,1,1,1,success,53,11.984103890378936,20.182821029114706,7.435264153322942,43,1,30.0,0.45,20.0,1.0,25,1,200,0.002,100,10.0,1.0,0,45,0,0.8490566037735849,0.33161890084519186,-0.34467046937638457,-0.8094264547994054,0.0218620351788433,0.039208165341965834,0.04790374708739321,1.1636824502509993,0.8211701823371342,0.33784623233568123,0.6234703049242167,1.027428286902809,0.9668641988114144,1.0312431560136424,283.01652732431677
1208,11208,11208,11208,07025ed,solver_extremeB_s2,0,1,0,object_lost,108,216.48146343031326,181.7429642048108,395.7779132771861,30,0,30.0,0.45,20.0,1.0,25,1,200,0.002,100,10.0,1.0,0,103,0,0.9537037037037037,0.37206562811714683,-0.4112337746694618,0.33955049588966224,0.026871996445651476,0.039281595681864005,0.08387971998088703,1.423772122217629,0.9046397457919731,0.36885869724098785,0.37990413757045366,1.01686198301724,0.9280787738618719,1.1735374608277134,-164.6879737156213
1209,11209,11209,11209,07025ed,solver_extremeB_s2,1,1,1,success,61,11.159655175421276,21.788139220199444,19.018118733514395,54,1,30.0,0.45,20.0,1.0,25,1,200,0.002,100,10.0,1.0,0,40,0,0.6557377049180327,0.3194788927847503,-0.5505165620417073,1.5617064196948816,0.02492436657309179,0.03347435617596966,0.07864681743468949,1.9695210968840569,1.3577514962394677,0.3459848093762318,0.5915840613733632,1.0655785645160154,1.097870165534475,1.193040465173175,289.7311540241951
1210,11210,11210,11210,07025ed,solver_extremeB_s2,1,1,1,success,49,24.50595870814492,22.75532713211952,2.601000636164608,44,1,30.0,0.45,20.0,1.0,25,1,200,0.002,100,10.0,1.0,0,33,0,0.673469387755102,0.34249097308426185,-0.28719740252781434,-0.322349774317948,0.02733536801328852,0.03185395795474836,0.0765716405021078,0.8237772851914349,0.6721801854247957,0.3839261039295087,0.35016041989196145,1.0333661825693672,0.9844127559673093,1.114224161727985,280.1626409933465
1211,11211,11211,11211,07025ed,solver_extremeB_s2,1,1,1,success,45,16.77308713669994,17.05380618346016,6.1614344895117155,40,1,30.0,0.45,20.0,1.0,25,1,200,0.002,100,10.0,1.0,0,34,0,0.7555555555555555,0.30749790835852203,-0.4742759545799969,-1.042737554160861,0.025540384209940696,0.031165593431131632,0.09192612939292247,0.9082073027011032,1.0916164296389705,0.32895547520130247,0.4370918999794281,0.9981139924388254,0.9635456493526995,1.1265793425435957,282.7998560146275
1212,11212,11212,11212,07025ed,solver_extremeB_s2,1,1,1,success,66,16.766830474160304,16.922893227450093,11.127231176467992,62,1,30.0,0.45,20.0,1.0,25,1,200,0.002,100,10.0,1.0,0,49,0,0.7424242424242424,0.34280796347564285,-0.49754441880264116,-0.19954489031135436,0.025935681110278806,0.02976484374655315,0.07216058134677392,1.4691841594594512,1.1525247837422228,0.36412699907570006,0.7142703146844022,1.0354948034271456,1.0251906548863867,1.0130743510515137,288.711612443788
1213,11213,11213,11213,07025ed,solver_extremeB_s2,0,1,0,timeout,200,110.20661731019803,nan,nan,-1,1,30.0,0.45,20.0,1.0,25,1,200,0.002,100,10.0,1.0,0,183,0,0.915,0.3709408842124434,-0.26358227152318614,-2.3361625809749613,0.027339814532284984,0.03753300992282881,0.07677494501612125,1.6192956101003446,0.9333620394911191,0.38321907742206474,0.18973728721310487,1.026711908633725,1.046326050836108,1.023803831902085,15.527773272677786
1214,11214,11214,11214,07025ed,solver_extremeB_s2,1,1,1,success,49,15.98973404202082,21.170017335291,10.31050098703002,43,1,30.0,0.45,20.0,1.0,25,1,200,0.002,100,10.0,1.0,0,38,0,0.7755102040816326,0.3805192215703677,-0.4552335948146547,0.8596950772725966,0.024772692637019086,0.033791063100676054,0.08933728761271785,1.750786360574664,1.3525917127414102,0.32355945634263383,0.41764762888021595,0.9245339801555252,1.0790889898959213,0.990417871927776,286.53645112932486
1215,11215,11215,11215,07025ed,solver_extremeB_s2,1,1,1,success,54,26.075343225075507,18.469506439525826,7.672710460672465,49,1,30.0,0.45,20.0,1.0,25,1,200,0.002,100,10.0,1.0,0,32,0,0.5925925925925926,0.37932172363543804,-0.462196896504845,-0.8330372636819736,0.024232768275132367,0.03307185162010019,0.07583519160893354,1.1468733562001885,1.2696807725664714,0.35362757333062644,0.17138649724277435,0.9957424948544713,1.0811556859659812,1.079501850302372,284.04197696774855
1216,11216,11216,11216,07025ed,solver_extremeB_s2,1,1,1,success,59,43.585930185939674,51.73781903158869,12.07018250877351,56,1,30.0,0.45,20.0,1.0,25,1,200,0.002,100,10.0,1.0,0,50,0,0.847457627118644,0.3193077966361802,-0.7187908569838339,0.2988283403623777,0.02378809950172942,0.03495724104312351,0.03956317402351238,1.0214265472150552,0.706509469036801,0.35582788112309793,0.3715842430471841,1.0608562263588082,1.0917212867670194,1.2197383121829117,269.575086753282
1217,11217,11217,11217,07025ed,solver_extremeB_s2,1,1,1,success,58,36.17188493671595,32.10229808870184,13.119672592591924,51,1,30.0,0.45,20.0,1.0,25,1,200,0.002,100,10.0,1.0,0,46,0,0.7931034482758621,0.35366739035678657,-0.3900412894849594,-2.697260158605354,0.026178915157272276,0.03950860589016216,0.05056737187903813,1.3978520456416281,1.378149846214006,0.30778770448491705,0.6634722762950055,1.0757705410888396,1.0192210778894777,0.9563986532733081,286.3663042548509
1218,11218,11218,11218,07025ed,solver_extremeB_s2,1,1,1,success,63,32.302082434095986,30.66116808935734,6.694011583692612,58,1,30.0,0.45,20.0,1.0,25,1,200,0.002,100,10.0,1.0,0,47,0,0.746031746031746,0.38011644722854,-0.7036558534245406,0.16354671290774148,0.025942825859705563,0.03462452194030805,0.11034391491591146,1.182005180364094,0.6593599748626225,0.3779727435783907,0.5399535881534102,0.9588997909199549,1.0672941579077768,0.9364399054482873,292.6323844914624
1219,11219,11219,11219,07025ed,solver_extremeB_s2,1,1,1,success,65,28.027830186787828,24.636556024905477,8.515468354470269,57,1,30.0,0.45,20.0,1.0,25,1,200,0.002,100,10.0,1.0,0,53,0,0.8153846153846154,0.37291713148556876,-0.7157079819296772,2.478688594334896,0.026705250991751518,0.037782673653288336,0.08013089917638927,1.0717713455429625,0.75607630394334,0.3047632693336448,0.4266821006898498,1.0024964359391562,1.0328793385153083,1.0858784827514687,284.8739208932675
1220,11220,11220,11220,07025ed,solver_extremeB_s2,1,1,1,success,58,26.067466667068622,33.900079244459924,7.9967228186452415,52,1,30.0,0.45,20.0,1.0,25,1,200,0.002,100,10.0,1.0,0,45,0,0.7758620689655172,0.36371353620542046,-0.4391151151847257,2.7784739443855475,0.02674873122802126,0.03517986004785049,0.0875314533720549,1.449355121989866,1.220633085470963,0.34133926394819913,0.5372011062454517,1.0114070199082934,0.9893976682761784,0.8535628723196447,269.4826227024999
1221,11221,11221,11221,07025ed,solver_extremeB_s2,1,1,1,success,67,7.918768354779199,29.130042269851433,18.392464272319323,53,1,30.0,0.45,20.0,1.0,25,1,200,0.002,100,10.0,1.0,0,52,0,0.7761194029850746,0.37813637895898417,-0.500630489755258,-1.0632520880776424,0.022365641258503915,0.03567178531829136,0.08903132265563035,1.2704963744203381,0.8347164175857694,0.3068861191132453,0.668708626292591,0.9613031789599343,1.0196031330298703,0.8754749351846696,289.44177320375815
1222,11222,11222,11222,07025ed,solver_extremeB_s2,1,1,1,success,51,32.46072988902919,14.701387556754653,14.169471464114453,45,1,30.0,0.45,20.0,1.0,25,1,200,0.002,100,10.0,1.0,0,32,0,0.6274509803921569,0.3087927747559862,-0.6436692766157364,-1.5414383356541947,0.026979829473104896,0.03287624825673683,0.08277951055262903,1.1199658840058166,0.6960512168227118,0.30544130206718,0.21620487581937334,1.0802446918918722,1.0979301787614018,1.0298627292932778,286.71619677527246
1223,11223,11223,11223,07025ed,solver_extremeB_s2,0,1,0,timeout,200,380.46053379647134,nan,nan,-1,1,30.0,0.45,20.0,1.0,25,1,200,0.002,100,10.0,1.0,0,177,0,0.885,0.3725563072779512,-0.26773672819388605,2.249088412823215,0.023273606873477445,0.03130249484293947,0.0673080822239732,1.7108127754240374,0.962060390329985,0.35570491734960674,0.6268661321319449,1.070661542233802,0.9989046659912617,0.9893115488320375,8.934764427571634
1224,11224,11224,11224,07025ed,solver_extremeB_s2,1,1,1,success,57,22.43194413128882,23.88652065724864,17.967380778386964,51,1,30.0,0.45,20.0,1.0,25,1,200,0.002,100,10.0,1.0,0,35,0,0.6140350877192983,0.38389006923207947,-0.5040374350731115,-0.38661768724614776,0.026939921937229962,0.029769680852387292,0.08279177575964554,1.9658435368476626,1.1210208393725232,0.3305047455640782,0.3452367415958536,0.8912571683329275,0.9791451834863858,1.0494336947739218,287.7697707566616
1225,11225,11225,11225,07025ed,solver_extremeB_s2,1,1,1,success,62,29.989222892452577,17.738370579932905,15.381484459470725,51,1,30.0,0.45,20.0,1.0,25,1,200,0.002,100,10.0,1.0,0,43,0,0.6935483870967742,0.3629168189524152,-0.4014989326071775,2.057411168395631,0.02364244227746839,0.03919066201708198,0.10050700612091505,1.3135834722934157,0.9711712128527346,0.3642128010845439,0.6817751513104393,1.0388429262176562,1.0038592474815489,1.0248696329063427,285.8748123248741
1226,11226,11226,11226,07025ed,solver_extremeB_s2,1,1,1,success,73,6.770990987259493,16.42075379151214,17.031875550777183,66,1,30.0,0.45,20.0,1.0,25,1,200,0.002,100,10.0,1.0,0,61,0,0.8356164383561644,0.37616204189553165,-0.27947187746253116,1.6762085546070322,0.024322347353481082,0.03024071443690706,0.09302709616075902,1.8013450917430536,0.8071211692280293,0.3750546872587583,0.5812119755326066,0.9645674184689959,1.1478120324969374,1.1688235510330576,277.2252927905187
1227,11227,11227,11227,07025ed,solver_extremeB_s2,1,1,1,success,59,22.35803992152873,15.680310694712967,13.842155487254974,53,1,30.0,0.45,20.0,1.0,25,1,200,0.002,100,10.0,1.0,0,38,0,0.6440677966101694,0.3214827474785787,-0.5101817528470436,-1.3258085819925776,0.021400286324606478,0.0322593119692955,0.06732685443977779,0.9068719773618642,1.027800253044651,0.37273456086724843,0.590794510643921,1.0439398239109605,1.002030511012107,0.876455734391196,290.56519532313996
1228,11228,11228,11228,07025ed,solver_extremeB_s2,1,1,1,success,57,25.96482447880418,26.421215327804898,6.493229658221867,52,1,30.0,0.45,20.0,1.0,25,1,200,0.002,100,10.0,1.0,0,46,0,0.8070175438596491,0.34812120383896283,-0.7176507253255784,-0.6027717381296793,0.024610062504876466,0.03267807217309104,0.10664521563703701,1.2274650200923067,1.1347392507263927,0.30844821041970144,0.3539729871810203,0.939665405436302,1.0103959241844436,1.1729264325228752,289.3778973440726
1229,11229,11229,11229,07025ed,solver_extremeB_s2,1,1,1,success,65,30.391508640934187,29.458357450687103,3.1551848981065107,56,1,30.0,0.45,20.0,1.0,25,1,200,0.002,100,10.0,1.0,0,42,0,0.6461538461538462,0.3382263867100847,-0.47675872367005323,2.976695188971708,0.026366184120144253,0.030666389342340984,0.031385976515097586,1.6224351198662137,1.3458723100457974,0.3855654248520866,0.6782851197990477,1.0584102332964727,1.0320171597839518,0.8926098958453486,292.18624314640505
1230,11230,11230,11230,07025ed,solver_extremeB_s2,1,1,1,success,53,10.810191303551715,24.65319484597073,13.832548420567294,42,1,30.0,0.45,20.0,1.0,25,1,200,0.002,100,10.0,1.0,0,46,0,0.8679245283018868,0.32840364002495115,-0.2337576063929927,1.0724169360172846,0.0222488587655733,0.038958166695660386,0.04539469269828991,1.1399469788716048,0.7771484178721052,0.34932525119333646,0.5698094698293447,0.9650897287673095,0.9108776595768102,0.9670363888876503,281.6348441076393
1231,11231,11231,11231,07025ed,solver_extremeB_s2,1,1,1,success,64,21.04627390223235,18.32548980970172,10.826833288014512,59,1,30.0,0.45,20.0,1.0,25,1,200,0.002,100,10.0,1.0,0,45,0,0.703125,0.3330429676310427,-0.6457141197133405,-0.7310710754598597,0.0267082431978233,0.035403826382279936,0.04297699956823935,1.1735449213173628,0.9409469214218978,0.3779510170208633,0.641095555378787,1.0734749637013394,1.0441810624519,1.18260529400594,291.92435971835107
1232,11232,11232,11232,07025ed,solver_extremeB_s2,1,1,1,success,60,11.138682906065567,8.912202122337094,19.955490165897384,53,1,30.0,0.45,20.0,1.0,25,1,200,0.002,100,10.0,1.0,0,52,0,0.8666666666666667,0.35138094516927343,-0.6871024525093035,2.491928813381511,0.021164763284520646,0.0318284855970196,0.1034763030317361,1.0677069231097447,0.6063199969261774,0.32493696390354193,0.3334312929534116,1.1470236459356133,1.0271307127890414,1.1679329458300332,286.4778257675025
1233,11233,11233,11233,07025ed,solver_extremeB_s2,1,1,1,success,64,9.774023783117883,16.389619990988116,6.222091461002305,52,1,30.0,0.45,20.0,1.0,25,1,200,0.002,100,10.0,1.0,0,46,0,0.71875,0.3403058089967856,-0.6813607568509727,0.32980441058602317,0.02058833478626865,0.03941431249324052,0.08489436828990185,1.7902317400668593,1.219362648510295,0.3754160592806977,0.2640793885484984,1.0140185321371902,1.0296760355454675,0.8390732087396491,288.574485059343
1234,11234,11234,11234,07025ed,solver_extremeB_s2,1,1,1,success,42,21.2126322500671,17.027759073344725,2.094993234358397,37,1,30.0,0.45,20.0,1.0,25,1,200,0.002,100,10.0,1.0,0,28,0,0.6666666666666666,0.3217858424045775,-0.20029002124231066,-2.4207376739706654,0.02662072631060931,0.034190357369486585,0.07751927195675329,1.4945599855216272,1.0687675539591792,0.3315399898670781,0.28295908917894164,0.9462296303275571,1.0172526389952556,0.9816389343869258,280.0487609213311
1235,11235,11235,11235,07025ed,solver_extremeB_s2,1,1,1,success,64,17.56964680276959,21.382009365496504,8.696804389260851,58,1,30.0,0.45,20.0,1.0,25,1,200,0.002,100,10.0,1.0,0,44,0,0.6875,0.3886052727493275,-0.6474125260825523,-1.285036500113695,0.02344069345030546,0.03000644928938918,0.07687802321279541,1.476061177465902,0.6157227096631837,0.35159564714244507,0.4611653351955113,0.9927920541786912,1.0234418911663328,1.236454963506818,293.01355891044255
1236,11236,11236,11236,07025ed,solver_extremeB_s2,1,1,1,success,63,31.93997701722924,23.7881086145935,6.592397784928255,57,1,30.0,0.45,20.0,1.0,25,1,200,0.002,100,10.0,1.0,0,46,0,0.7301587301587301,0.34464637125270503,-0.497580151083578,2.2314806300461942,0.02322825911757058,0.032838460387718205,0.1039119286282907,1.3986119980745242,1.1992101038640655,0.3849336888952004,0.5234079827004475,1.06842156174708,0.9748987203722367,1.128760807070511,289.2302899767675
1237,11237,11237,11237,07025ed,solver_extremeB_s2,1,1,1,success,49,26.99481579450979,22.064362292685242,5.449424331988743,46,1,30.0,0.45,20.0,1.0,25,1,200,0.002,100,10.0,1.0,0,37,0,0.7551020408163265,0.33678353735573013,-0.4004923584529369,-0.7884398338401515,0.027562592159891926,0.03364582305999386,0.04700667507953689,1.5549589892462898,0.7345956238936124,0.3710741302897241,0.22271447641242953,1.02608706571865,1.1275949175349678,1.068687790690337,283.7607731099738
1238,11238,11238,11238,07025ed,solver_extremeB_s2,1,1,1,success,62,6.1071027936058755,14.325543058575679,4.700796614405397,54,1,30.0,0.45,20.0,1.0,25,1,200,0.002,100,10.0,1.0,0,44,0,0.7096774193548387,0.38235040860405556,-0.658702503010874,2.679567753479782,0.022545233887619268,0.03705321905078607,0.07601019934400441,1.2841943898136776,0.9019241690881591,0.3413146580099224,0.25252019016789506,0.981099293683658,0.974419059544196,1.0295592064671677,289.14316692988444
1239,11239,11239,11239,07025ed,solver_extremeB_s2,1,1,1,success,53,16.028669287660502,26.954804245553724,13.374708941886153,43,1,30.0,0.45,20.0,1.0,25,1,200,0.002,100,10.0,1.0,0,37,0,0.6981132075471698,0.3085739038457862,-0.2263669182602288,-0.8733109069054117,0.02213068299224259,0.039041630161318654,0.072498647333201,0.816408799731313,1.2550611839714492,0.339071513501672,0.6466483465332189,0.9527016851874983,0.9624616474503246,1.0564471346248472,284.59841407696297
1240,11240,11240,11240,07025ed,solver_extremeB_s2,1,1,1,success,53,18.86469698522782,23.958571657362,21.66320117477481,46,1,30.0,0.45,20.0,1.0,25,1,200,0.002,100,10.0,1.0,0,39,0,0.7358490566037735,0.3061082450098453,-0.38451777370131174,2.0118564538026504,0.021936944580368736,0.032219260579113555,0.09283605975285238,1.972266893285537,0.9010529136696533,0.32394657895548973,0.4948505413695207,1.0056430757796375,0.9432623199971445,1.0387424534892857,285.5992909692098
1241,11241,11241,11241,07025ed,solver_extremeB_s2,1,1,1,success,69,11.920685038774618,9.409986673008765,4.45798002801866,64,1,30.0,0.45,20.0,1.0,25,1,200,0.002,100,10.0,1.0,0,54,0,0.782608695652174,0.34855478941226936,-0.7022000523334463,-1.3240953861469797,0.026606486848338804,0.03663128779983504,0.03161921388063045,0.9623994799670934,0.8085922465267154,0.38653861407700735,0.19105919959870524,1.034941639962746,0.9804969259870193,1.301597681466185,292.1131897393883
1242,11242,11242,11242,07025ed,solver_extremeB_s2,1,1,1,success,45,17.607829241012357,20.780080841099377,11.450874113329746,39,1,30.0,0.45,20.0,1.0,25,1,200,0.002,100,10.0,1.0,0,30,0,0.6666666666666666,0.3505810838974135,-0.4703738601425586,-0.3861438959539196,0.021059808260970526,0.0317080164268001,0.09846623271108357,1.5418892692770103,1.108577858183149,0.30801241937894114,0.20990690034893877,1.0980654500375124,1.1351387820052017,0.9393453119315702,285.01410248292154
1243,11243,11243,11243,07025ed,solver_extremeB_s2,1,1,1,success,57,26.418017209833664,33.360135069752694,12.334821933592135,51,1,30.0,0.45,20.0,1.0,25,1,200,0.002,100,10.0,1.0,0,43,0,0.7543859649122807,0.3305535602529658,-0.4613943993304152,-0.666953268116234,0.0267359513711432,0.03490571445217978,0.07575518724235455,1.5487584974070034,1.2443745515984372,0.3363302675058513,0.6416963003266715,0.9910556659401583,0.9878008598623761,1.0324072836773075,289.89524164664715
1244,11244,11244,11244,07025ed,solver_extremeB_s2,1,1,1,success,54,21.731090938910743,21.80606763301867,8.588543759138005,46,1,30.0,0.45,20.0,1.0,25,1,200,0.002,100,10.0,1.0,0,40,0,0.7407407407407407,0.3240883158020759,-0.22531073992778838,1.461248766928227,0.023493874298012352,0.036721550557231315,0.03743515114233567,1.5547561083510482,1.2076892116577995,0.37717100764136996,0.27875943291823824,1.0898221132009822,0.9673325983129022,0.8280163287056068,281.84988051478683
1245,11245,11245,11245,07025ed,solver_extremeB_s2,1,1,1,success,55,27.887475495897156,25.823393703969483,11.820448286592782,47,1,30.0,0.45,20.0,1.0,25,1,200,0.002,100,10.0,1.0,0,38,0,0.6909090909090909,0.35568296035525016,-0.3123365644717376,-0.20273034662146516,0.02214823908469877,0.039684208612395674,0.08155924464206116,1.6973149452101155,1.18169495092557,0.3183357178364401,0.49005987514954713,1.0407077969198937,0.9696618242305242,1.0645240184567515,283.5284258375569
1246,11246,11246,11246,07025ed,solver_extremeB_s2,1,1,1,success,68,28.03255677980352,31.756497850970067,0.5946610718104409,65,1,30.0,0.45,20.0,1.0,25,1,200,0.002,100,10.0,1.0,0,44,0,0.6470588235294118,0.3159881792716017,-0.6008296798174334,-0.7026375234142654,0.02687435065614618,0.03616802526303191,0.03453368132294092,0.9379010649208723,1.0038405108385395,0.33347947583655274,0.68859529176341,0.9626479964043643,1.088146750124654,0.9537483964196662,292.7762903540089
1247,11247,11247,11247,07025ed,solver_extremeB_s2,1,1,1,success,52,10.352228695431608,16.7841690068723,17.226078921784836,41,1,30.0,0.45,20.0,1.0,25,1,200,0.002,100,10.0,1.0,0,27,0,0.5192307692307693,0.3428497952445223,-0.20992768859187405,2.27493369007503,0.022780456618100155,0.038836830258379446,0.04097420959564126,1.8725486065787298,0.937080351317986,0.35314352961228157,0.24706931383719047,0.9744830927861523,1.0286580939639598,0.882398840023108,281.3847184717994
1248,11248,11248,11248,07025ed,solver_extremeB_s2,0,1,0,timeout,200,89.4379619070275,58.692244937253044,40.74880265680717,67,1,30.0,0.45,20.0,1.0,25,1,200,0.002,100,10.0,1.0,0,191,0,0.955,0.38752461383048814,-0.37881164624377456,2.9666847636958806,0.02673534695153284,0.029805870376215706,0.04311552557950998,1.779547373362527,1.0951269105690815,0.3378740541643838,0.5412114782033342,1.046154007217323,0.9639227533362907,1.112152282183997,80.5574649908258
1249,11249,11249,11249,07025ed,solver_extremeB_s2,1,1,1,success,65,13.449792751327893,14.92902772395066,5.065915885912299,61,1,30.0,0.45,20.0,1.0,25,1,200,0.002,100,10.0,1.0,0,52,0,0.8,0.316272855092302,-0.701259519771544,-0.8822761993493433,0.026061339901045363,0.039653007464757625,0.0578572785376856,1.6511098680378233,0.7536389015537958,0.364217573290736,0.6055650105070323,1.005409940101355,1.1286197963116094,1.052594039421672,283.7428456138969
1250,11250,11250,11250,07025ed,solver_extremeB_s2,1,1,1,success,56,22.43384509273471,18.445456157081395,6.5411880240974645,51,1,30.0,0.45,20.0,1.0,25,1,200,0.002,100,10.0,1.0,0,35,0,0.625,0.36585337358465264,-0.46084396875440004,0.8097319704359682,0.027289422608069873,0.032760738529479964,0.044235381845554374,1.3463726368089142,0.9280444090620517,0.32817090028841805,0.3931549121691351,1.1019513348656074,1.0113784960019894,0.899071074453137,287.01436238590964
1251,11251,11251,11251,07025ed,solver_extremeB_s2,1,1,1,success,45,23.891710750439795,18.331823294352894,7.266874670056842,39,1,30.0,0.45,20.0,1.0,25,1,200,0.002,100,10.0,1.0,0,33,0,0.7333333333333333,0.32755720616198697,-0.2009607925086031,-1.2807260560387708,0.022049413545174472,0.03594453220643763,0.06212869793732345,0.9447768079522412,1.1956079957685488,0.31665032978087637,0.45656267145072166,1.003954433503058,0.9869626649176567,0.981013359380679,282.8656897747477
1252,11252,11252,11252,07025ed,solver_extremeB_s2,1,1,1,success,63,22.596969829789447,25.44009228187888,4.657784675796095,57,1,30.0,0.45,20.0,1.0,25,1,200,0.002,100,10.0,1.0,0,50,0,0.7936507936507936,0.36613613845662696,-0.6481600303733925,2.160831431677469,0.027260218523386063,0.03122700277665263,0.0592835826092392,1.0527515228429216,1.3775872619881258,0.32618588437501006,0.5171918546459945,1.0808921832746334,0.9771412289207682,1.2423691412758888,290.59820129405693
1253,11253,11253,11253,07025ed,solver_extremeB_s2,1,1,1,success,58,21.703325734519055,31.172326510402126,8.457790330756396,51,1,30.0,0.45,20.0,1.0,25,1,200,0.002,100,10.0,1.0,0,37,0,0.6379310344827587,0.347197800977746,-0.20133698387081544,-1.21861459099324,0.02593850108769325,0.03531116329697882,0.04693070588995633,1.8406107459934344,1.2399684214106959,0.36202712978610985,0.6681238135965416,1.0246668728103703,1.0218885304774912,0.9156258354969546,284.9075903903628
1254,11254,11254,11254,07025ed,solver_extremeB_s2,1,1,1,success,55,28.238395215257853,26.696896308039218,8.266448471834352,47,1,30.0,0.45,20.0,1.0,25,1,200,0.002,100,10.0,1.0,0,47,0,0.8545454545454545,0.32792585680438374,-0.5144600113303592,0.6518991504240783,0.021153666901203114,0.03148308127994118,0.06396350841605063,1.090732758562621,1.155521030317321,0.3130514657419735,0.6248264660084251,1.113185537594313,1.0202662712435127,0.9785486692102794,284.6517619289143
1255,11255,11255,11255,07025ed,solver_extremeB_s2,1,1,1,success,52,27.543424829992116,30.248503207706445,8.914341310668275,44,1,30.0,0.45,20.0,1.0,25,1,200,0.002,100,10.0,1.0,0,37,0,0.7115384615384616,0.3857351170407429,-0.2450373723344999,2.0717790749555673,0.02669546115294909,0.039025426836598036,0.11962867108616425,0.8781746519006144,0.680664897772939,0.3324785617883664,0.4323663613304344,1.0632947937602626,1.016387266354783,1.07459671947477,281.9167414920137
1256,11256,11256,11256,07025ed,solver_extremeB_s2,1,1,1,success,54,19.77376936300959,19.507986793227296,2.3481902164011643,42,1,30.0,0.45,20.0,1.0,25,1,200,0.002,100,10.0,1.0,0,37,0,0.6851851851851852,0.3769567469834341,-0.2952569549302727,-0.43804718180298385,0.023440050496315798,0.04021106424475167,0.0703720436996879,0.9772381333997805,0.8273563159944785,0.3022949822575247,0.5564604752047135,1.0134239176667923,1.0229177350646654,1.1411119429444598,282.75384620108593
1257,11257,11257,11257,07025ed,solver_extremeB_s2,1,1,1,success,53,18.372084558593148,13.446428791443207,10.09398400679431,48,1,30.0,0.45,20.0,1.0,25,1,200,0.002,100,10.0,1.0,0,40,0,0.7547169811320755,0.3845767569190798,-0.39026320408972254,-2.248324979732053,0.024987518761110567,0.034931975177353664,0.07486575988686918,1.8851045299105562,1.0852122241976998,0.3357748872654424,0.42733467214825427,0.9817483253518463,1.0244352465321593,1.052791011860787,284.34914460897807
1258,11258,11258,11258,07025ed,solver_extremeB_s2,1,1,1,success,57,10.172204626413581,20.447988881307126,5.85717307549887,46,1,30.0,0.45,20.0,1.0,25,1,200,0.002,100,10.0,1.0,0,35,0,0.6140350877192983,0.3100247458524324,-0.3326807446221579,-0.5782472153079246,0.02194784484038014,0.03865637220384025,0.04429016176352335,1.3517036064114927,1.3251048573691755,0.3232531715736192,0.2018516978941334,1.018747387052159,1.0406588273539672,1.0965696052942562,281.95180894848875
1259,11259,11259,11259,07025ed,solver_extremeB_s2,1,1,1,success,53,31.022733449293973,28.33028952059676,17.461191442586408,46,1,30.0,0.45,20.0,1.0,25,1,200,0.002,100,10.0,1.0,0,37,0,0.6981132075471698,0.323377837090228,-0.3825655675880799,2.84150892093266,0.023877468955310035,0.038247987621692084,0.05248365893398432,1.1261798977142572,0.7846207545273298,0.307476135419085,0.4770651739845439,1.071089983553569,1.0512226326396645,1.2784240735764385,284.71715624493436
1260,11260,11260,11260,07025ed,solver_extremeB_s2,1,1,1,success,47,8.411733335853649,15.610667216902891,5.541768507500748,43,1,30.0,0.45,20.0,1.0,25,1,200,0.002,100,10.0,1.0,0,35,0,0.7446808510638298,0.30557712499448103,-0.2898938533412199,-2.3741690990658935,0.02442855942710709,0.039983959833480034,0.03320281466479982,1.3258138284804497,0.7257726613009844,0.3278201927699796,0.31669271111570124,1.0537565177526724,1.0148104331763457,1.1189487573919625,279.05046059035095
1261,11261,11261,11261,07025ed,solver_extremeB_s2,1,1,1,success,57,26.08263478957544,9.858826424464235,20.67985968685649,51,1,30.0,0.45,20.0,1.0,25,1,200,0.002,100,10.0,1.0,0,34,0,0.5964912280701754,0.36701594164271956,-0.48980489817878586,-1.9722310271434145,0.02061788574077106,0.0318041903595064,0.038917442769203794,1.745905823074587,0.7571836554686922,0.3159162528797797,0.5104983633874921,1.0586210497359143,1.0118202657445354,1.2160753222923302,289.4009437924356
1262,11262,11262,11262,07025ed,solver_extremeB_s2,1,1,1,success,63,27.50635211150954,25.541772857239582,17.315085712304462,54,1,30.0,0.45,20.0,1.0,25,1,200,0.002,100,10.0,1.0,0,42,0,0.6666666666666666,0.33785983318366597,-0.6874797816719458,-0.05454699103038285,0.02073434015593193,0.030655748557816557,0.03244650319273743,0.8712332708941892,1.0198533434132184,0.3096575856819607,0.5500827577991956,1.0762644945629858,1.0181078441648046,1.1621231691243619,289.90062224697886
1263,11263,11263,11263,07025ed,solver_extremeB_s2,1,1,1,success,57,8.281530908930671,30.166783188252538,17.963055923641424,48,1,30.0,0.45,20.0,1.0,25,1,200,0.002,100,10.0,1.0,0,38,0,0.6666666666666666,0.3599562975587281,-0.6358585058803765,-0.4856578504838067,0.023210724642862827,0.030389289710603288,0.0808084874795896,0.9706978948198752,1.040877328370274,0.3516748008140911,0.25476707196309517,1.0741625614863501,1.0218993425841705,0.9934549613274006,286.73672127307714
1264,11264,11264,11264,07025ed,solver_extremeB_s2,1,1,1,success,49,23.859152714129298,31.019748037645652,8.752154697974285,41,1,30.0,0.45,20.0,1.0,25,1,200,0.002,100,10.0,1.0,0,31,0,0.6326530612244898,0.3710179182862306,-0.30517477623038813,-2.599125592109122,0.027415272518398297,0.03956179430856311,0.08398965463611437,1.4395711751685358,0.9331567154920918,0.30804613249743007,0.3008041760624514,1.0257300693917082,1.1246658784077097,1.1805282468798701,280.32312302016
1265,11265,11265,11265,07025ed,solver_extremeB_s2,1,1,1,success,51,26.197242495960513,21.947650650918956,4.852494163329111,44,1,30.0,0.45,20.0,1.0,25,1,200,0.002,100,10.0,1.0,0,44,0,0.8627450980392157,0.3293317310321612,-0.34251351579356576,-0.0167729447430216,0.025562337897579075,0.0306402017827007,0.03495312773972222,1.1960165683546429,0.904148895554218,0.317281533824478,0.46810464729927304,0.9912881958325231,1.0115540324818875,1.137968762558909,284.55156506483513
1266,11266,11266,11266,07025ed,solver_extremeB_s2,1,1,1,success,53,8.302930912138503,6.810673302925488,4.975390738301956,47,1,30.0,0.45,20.0,1.0,25,1,200,0.002,100,10.0,1.0,0,39,0,0.7358490566037735,0.3254958016165996,-0.5286762926381567,-1.4362122774987092,0.024937720894889347,0.03441970888414546,0.10167651415717406,1.4818604963168927,0.8545622981811257,0.3764714255470947,0.2728522031979265,1.0719671689127883,1.0013297322915127,0.9817006871778216,286.6660534146972
1267,11267,11267,11267,07025ed,solver_extremeB_s2,0,0,0,timeout,200,382.97747256544886,nan,nan,-1,1,30.0,0.45,20.0,1.0,25,1,200,0.002,100,10.0,1.0,0,194,0,0.97,0.3183712774698475,-0.5293650489343618,0.5694185208002893,0.02659670768647512,0.03508012140195529,0.0912609998725957,1.1128983273464248,0.8966203066394205,0.37756518637086234,0.6429572464050615,1.0398829108136272,1.0061936822386468,1.064826663575935,-9.386297647545947
1268,11268,11268,11268,07025ed,solver_extremeB_s2,1,1,1,success,60,20.22478582658713,26.03104011901616,9.357664906065043,54,1,30.0,0.45,20.0,1.0,25,1,200,0.002,100,10.0,1.0,0,46,0,0.7666666666666667,0.37918279780395436,-0.5499199291628111,2.8008653064600013,0.026686638774105268,0.0342345310640409,0.053672653276239324,1.2961136249859462,1.1427833379601295,0.3887456642252865,0.4465006149644407,1.0284203768271378,0.963169233192989,1.121580991034733,293.44486305641436
1269,11269,11269,11269,07025ed,solver_extremeB_s2,1,1,1,success,50,19.327672899285343,17.674111368088433,2.769409230418121,45,1,30.0,0.45,20.0,1.0,25,1,200,0.002,100,10.0,1.0,0,39,0,0.78,0.31697482102413,-0.3339883688937891,-1.2622958324524118,0.024486988977823164,0.03419396965617837,0.041329371320362455,1.6059362128194214,0.8045661038791161,0.371615290228515,0.47235132685655773,1.092321067522486,1.0556094540040064,1.0927969465245175,282.7718641035145
1270,11270,11270,11270,07025ed,solver_extremeB_s2,1,1,1,success,51,7.253018398754698,12.734052745562858,9.97157761534668,40,1,30.0,0.45,20.0,1.0,25,1,200,0.002,100,10.0,1.0,0,30,0,0.5882352941176471,0.3646804932344852,-0.5592873819055737,0.22559062240426186,0.025679217075463275,0.03283005461897462,0.07608029106705863,1.6544494353709025,0.62897984011052,0.314598669468512,0.17046119198263546,0.9791541428113527,0.9676527713870905,1.0356656948340528,285.9651500857005
1271,11271,11271,11271,07025ed,solver_extremeB_s2,1,1,1,success,50,25.845201466995796,34.68925665242627,28.525312439429626,43,1,30.0,0.45,20.0,1.0,25,1,200,0.002,100,10.0,1.0,0,30,0,0.6,0.30776614300735206,-0.5117999832885242,2.7483477112787567,0.02671873435920299,0.034807955473679354,0.040335153225639526,1.214962835515893,0.6907477317649873,0.3554335135671158,0.23129605235988257,1.0299461630089155,1.0574680148317148,1.1147671529114933,286.03316517428283
1272,11272,11272,11272,07025ed,solver_extremeB_s2,1,1,1,success,67,30.128620891195,25.91427365836799,6.850902709177528,61,1,30.0,0.45,20.0,1.0,25,1,200,0.002,100,10.0,1.0,0,54,0,0.8059701492537313,0.343562993618167,-0.7271057983995047,-0.9294006698700841,0.022532467736771353,0.03774623256224635,0.06971033165101964,1.9612375085783664,1.2758000040890416,0.3366639434700245,0.6337662898021572,0.9409366497505467,0.9880822837410755,1.1421406342219846,293.59602524230013
1273,11273,11273,11273,07025ed,solver_extremeB_s2,1,1,1,success,49,34.20814329505046,23.555399313672048,10.100447656586727,44,1,30.0,0.45,20.0,1.0,25,1,200,0.002,100,10.0,1.0,0,37,0,0.7551020408163265,0.3609945918727687,-0.1878958056645912,2.3138761560074723,0.027187220663037026,0.03892879511567178,0.044153701756557986,1.1488206912572039,0.7185809310983928,0.37447738521094887,0.4606731924901125,1.0909973919114166,1.098047368767365,1.0351745892606512,277.84790618943475
1274,11274,11274,11274,07025ed,solver_extremeB_s2,1,1,1,success,43,18.186270251879595,24.164951186524704,19.55475540694468,37,1,30.0,0.45,20.0,1.0,25,1,200,0.002,100,10.0,1.0,0,34,0,0.7906976744186046,0.35937622063726216,-0.24590088609975042,3.0299563469382615,0.021890255281033243,0.03213069547016676,0.11399786721805573,1.5934689113670621,0.7760209968485203,0.3434861878760497,0.23393358890364543,1.030621002802164,1.0739857599295894,0.922969975268201,280.46780144982563
1275,11275,11275,11275,07025ed,solver_extremeB_s2,1,1,1,success,53,27.290526704665538,24.72498463142516,10.802139268216209,46,1,30.0,0.45,20.0,1.0,25,1,200,0.002,100,10.0,1.0,0,43,0,0.8113207547169812,0.38764354098352327,-0.2978361439432268,-0.28848128922241223,0.024897582169297206,0.0384148626369666,0.08849150312992468,1.4494679721759722,1.0659848473413853,0.33161297043614063,0.5042189977547763,0.9667605863961802,0.9517223946990302,1.079935506880665,284.7054309182518
1276,11276,11276,11276,07025ed,solver_extremeB_s2,1,1,1,success,64,28.337195972545032,22.90792989091185,3.2430324850411907,61,1,30.0,0.45,20.0,1.0,25,1,200,0.002,100,10.0,1.0,0,49,0,0.765625,0.3790266898958396,-0.3606286345014109,-0.19622963490323642,0.027219312690939638,0.04006670609517589,0.04505256845592014,1.5255936572451025,1.2383964732557566,0.3662053182503919,0.6315230929064122,1.0701956265171382,1.0400412741952594,1.0768206482709337,289.48694788405976
1277,11277,11277,11277,07025ed,solver_extremeB_s2,1,1,1,success,65,6.6477072015395855,15.468015327202597,5.341300204458836,56,1,30.0,0.45,20.0,1.0,25,1,200,0.002,100,10.0,1.0,0,51,0,0.7846153846153846,0.3357874045743934,-0.6883078390899484,-2.069098867960398,0.026995193971841292,0.040227899811962085,0.035311242460361,1.5873029330122637,1.2130339339606082,0.32599909575810865,0.47092816408069943,0.9331050798727755,1.0593952654138536,1.2082425577290485,298.0093263768411
1278,11278,11278,11278,07025ed,solver_extremeB_s2,1,1,1,success,55,16.149887116610074,14.319874724169397,14.682882182446976,48,1,30.0,0.45,20.0,1.0,25,1,200,0.002,100,10.0,1.0,0,40,0,0.7272727272727273,0.35329176313144145,-0.4303403000215319,-1.2501374166189685,0.02362106382050062,0.031194274758944616,0.0985329604518056,0.8251467870100506,1.1737981555825836,0.35474845907804187,0.4977620734805878,0.9718090098644477,1.1155612335510663,1.00991207344279,286.8080715657916
1279,11279,11279,11279,07025ed,solver_extremeB_s2,1,1,1,success,62,30.23027877856152,22.451610199294645,12.258496854418512,56,1,30.0,0.45,20.0,1.0,25,1,200,0.002,100,10.0,1.0,0,47,0,0.7580645161290323,0.3566330570389476,-0.537423313077418,1.5776444396609364,0.023824090458065997,0.030604976919356656,0.03193911617731418,1.216135877726571,1.063545335899003,0.335606008316649,0.5894149958224677,1.0340904728134055,1.032078346274629,0.8017401794771056,289.1867104628925
1280,11280,11280,11280,07025ed,solver_extremeB_s2,1,1,1,success,62,11.504088718767207,18.121315846760982,8.421103539229417,54,1,30.0,0.45,20.0,1.0,25,1,200,0.002,100,10.0,1.0,0,42,0,0.6774193548387096,0.3591786471097245,-0.5141086716122252,2.520700449769083,0.026446228995875058,0.037999675791761105,0.0991198106521745,1.4596376340567345,1.1014846554609556,0.3148847477702565,0.45293840227916116,1.0293724171365053,1.0850859539624562,0.9894832749425617,288.07032705349127
1281,11281,11281,11281,07025ed,solver_extremeB_s2,1,1,1,success,50,7.802542185215804,14.399070806736889,6.958878165615313,42,1,30.0,0.45,20.0,1.0,25,1,200,0.002,100,10.0,1.0,0,35,0,0.7,0.37344659956167053,-0.4040617328601681,1.035990545694463,0.02085100260848107,0.03302472425906482,0.10087345739761464,1.3889712151614753,1.3734671013931123,0.3109718329312004,0.3411522978486381,1.02539901794219,1.0258981354497376,1.0739374822988403,283.39589520380497
1282,11282,11282,11282,07025ed,solver_extremeB_s2,1,1,1,success,62,27.806600316813153,23.363443023681892,10.493797926612995,56,1,30.0,0.45,20.0,1.0,25,1,200,0.002,100,10.0,1.0,0,43,0,0.6935483870967742,0.33201363414286855,-0.43588248867303336,2.182904902163875,0.02676503475103175,0.03920957711706706,0.062134148148167374,1.2025299919301877,1.0383641531448022,0.3411490909902002,0.6079580649166921,1.0282522395776519,0.9967224141591957,1.1949479192918557,286.0678999043342
1283,11283,11283,11283,07025ed,solver_extremeB_s2,1,1,1,success,63,14.378101045506828,18.28553386551554,13.59257508562555,53,1,30.0,0.45,20.0,1.0,25,1,200,0.002,100,10.0,1.0,0,49,0,0.7777777777777778,0.3694676513938855,-0.4646215022604347,2.2103732627659927,0.020959600365219974,0.0333622262742956,0.04869916794206791,1.1657608534433679,0.6970246767112956,0.37795790324039635,0.5797973618548474,0.980472781284374,1.0368984440592766,1.1951351410585547,287.3777473400922
1284,11284,11284,11284,07025ed,solver_extremeB_s2,1,1,1,success,69,24.17786037623371,9.480827162820653,3.847924920435506,62,1,30.0,0.45,20.0,1.0,25,1,200,0.002,100,10.0,1.0,0,54,0,0.782608695652174,0.3658401244826175,-0.1727022243685632,2.9060101223313204,0.027582252808736402,0.034203262732856704,0.06365976020650319,1.9387383132036928,1.182094873629868,0.30498073634336126,0.5177386377005095,0.964420034491316,1.1532274359611496,1.2019904352284496,273.731845095465
1285,11285,11285,11285,07025ed,solver_extremeB_s2,1,1,1,success,54,11.45669649627905,12.814995559232727,4.310216496051672,48,1,30.0,0.45,20.0,1.0,25,1,200,0.002,100,10.0,1.0,0,31,0,0.5740740740740741,0.3104191562099959,-0.6343029854094319,0.18443827593635964,0.02102904249315533,0.03742594409127634,0.10193620333929966,0.914380129922082,1.2043013837865395,0.34942314169982763,0.19360482519043465,0.9687105746315916,1.0877511826396444,1.0719829838596675,289.5037382369523
1286,11286,11286,11286,07025ed,solver_extremeB_s2,1,1,1,success,61,6.904064219016597,23.019510538479363,14.74581484179101,53,1,30.0,0.45,20.0,1.0,25,1,200,0.002,100,10.0,1.0,0,45,0,0.7377049180327869,0.3301834080005407,-0.4830481917107924,-3.1403041522708466,0.022469372674391506,0.030110189943242955,0.053567670992088416,1.3163686855055063,0.6499939314584746,0.32496887374130784,0.6740199164634,1.0182331316265683,1.0557220037876118,1.0491568581897677,286.25921859759114
1287,11287,11287,11287,07025ed,solver_extremeB_s2,1,1,1,success,66,31.310624668423603,37.01885128507013,8.711226849351611,59,1,30.0,0.45,20.0,1.0,25,1,200,0.002,100,10.0,1.0,0,37,0,0.5606060606060606,0.30425976097069984,-0.6724132380373938,1.2495219733727776,0.02479408785411644,0.03880024067743559,0.06747941569486321,1.393795756902693,0.975116156052033,0.32264325139915895,0.7027531059559534,1.0217457022652454,1.0647618360902373,0.9781551128763607,291.7210674769465
1288,11288,11288,11288,07025ed,solver_extremeB_s2,1,1,1,success,67,20.26010226564431,33.43516053869186,17.719273285084665,58,1,30.0,0.45,20.0,1.0,25,1,200,0.002,100,10.0,1.0,0,55,0,0.8208955223880597,0.31905372981256946,-0.6008027954988577,-1.18048827995273,0.020742996041087362,0.03689443018269681,0.10516955127857312,0.8006224880267089,0.94955689070725,0.33306995915588633,0.7241220671744718,0.9768906330079129,1.076021921229996,0.8513871022539365,290.76809091723663
1289,11289,11289,11289,07025ed,solver_extremeB_s2,1,1,1,success,50,6.908954345028672,37.92192665414082,10.694411155087433,45,1,30.0,0.45,20.0,1.0,25,1,200,0.002,100,10.0,1.0,0,29,0,0.58,0.32236257092785053,-0.2614602249083226,0.7636462339243342,0.02575773774544652,0.030513616466689087,0.03285049964622108,1.226566439552647,0.8749380292641146,0.30645002006241634,0.4722662540072927,0.9659994995253628,1.09130360995279,0.956104407069817,281.4847422096104
1290,11290,11290,11290,07025ed,solver_extremeB_s2,1,1,1,success,52,29.376851476836553,26.47900996840607,5.203582797027212,45,1,30.0,0.45,20.0,1.0,25,1,200,0.002,100,10.0,1.0,0,37,0,0.7115384615384616,0.35802934826275756,-0.26608377782020476,-0.9997945252295342,0.023298057528591872,0.029844708711024178,0.09066975758786065,1.9491694813749747,0.8009528308511169,0.3119422959657763,0.5368966868595746,1.098036811464653,1.106507056315828,1.0565165969198316,285.00045319885584
1291,11291,11291,11291,07025ed,solver_extremeB_s2,1,1,1,success,70,40.14729049451035,25.67758863713091,18.811946221755015,63,1,30.0,0.45,20.0,1.0,25,1,200,0.002,100,10.0,1.0,0,42,0,0.6,0.35856196662481815,-0.6059093944404379,-2.8509299337804053,0.026472531469829245,0.035377270033085606,0.05784138758705039,1.0562803884159104,1.2254667467893547,0.3884355289616048,0.6410121907237487,1.028071629844476,1.0281195031673849,1.0063709982717797,292.2883026140166
1292,11292,11292,11292,07025ed,solver_extremeB_s2,1,1,1,success,78,4.998663317141336,20.54593332922503,19.768786177098924,57,1,30.0,0.45,20.0,1.0,25,1,200,0.002,100,10.0,1.0,0,54,0,0.6923076923076923,0.3768432264856415,-0.6012871662879132,-3.061586742601971,0.021165069969279363,0.03989342399115725,0.04079994921806426,1.075286220908867,0.7363948099865869,0.30911995274851706,0.6332108632265717,0.9459411551043205,0.9847748244423412,1.0384639343415782,288.9457953326744
1293,11293,11293,11293,07025ed,solver_extremeB_s2,1,1,1,success,39,14.721000909995372,19.23614515824399,22.450634997139236,33,1,30.0,0.45,20.0,1.0,25,1,200,0.002,100,10.0,1.0,0,27,0,0.6923076923076923,0.30274442287932407,-0.31301713394597236,2.622563307559477,0.020601986976764297,0.03406556604056756,0.06224434622589006,1.539273584747833,0.6476483339333452,0.3053289178783581,0.18786689411451335,1.0219784373242495,1.0622559207964708,1.10290306476243,279.21834067751587
1294,11294,11294,11294,07025ed,solver_extremeB_s2,1,1,1,success,67,10.933201571733129,18.44238653134073,7.689861964948701,60,1,30.0,0.45,20.0,1.0,25,1,200,0.002,100,10.0,1.0,0,49,0,0.7313432835820896,0.35700003048685014,-0.6892429960600934,-2.402981045732157,0.023906795206258352,0.03717559928573408,0.031134414570948805,1.0869280256692415,1.0170523408707952,0.3793853685930327,0.4760859419867773,0.9984901341913315,1.0998908998313646,1.0812335948745844,291.3430542634686
1295,11295,11295,11295,07025ed,solver_extremeB_s2,1,1,1,success,69,22.9364459166388,23.38621314176282,12.198807027388474,53,1,30.0,0.45,20.0,1.0,25,1,200,0.002,100,10.0,1.0,0,48,0,0.6956521739130435,0.3346479514841484,-0.5389933872076674,-1.5820321462253233,0.024526449287114033,0.039574766291709314,0.07644391191566241,1.8798080293074573,1.358860546480431,0.3171810180082248,0.5624950431793293,0.9119906897358876,1.0353479025680177,1.1353131085940358,289.2478937426433
1296,11296,11296,11296,07025ed,solver_extremeB_s2,1,1,1,success,66,21.456390954637694,18.941067406286653,3.1543651861815913,60,1,30.0,0.45,20.0,1.0,25,1,200,0.002,100,10.0,1.0,0,53,0,0.803030303030303,0.3892093871709019,-0.6268975759487616,0.31891439522495046,0.022992545507117875,0.034084406311286564,0.04309810381232452,1.2234348070453933,1.1957392925574382,0.32678470367018464,0.6572219879112621,1.0173142068402652,1.0377550490327183,1.1059500854854196,292.1901311511099
1297,11297,11297,11297,07025ed,solver_extremeB_s2,1,1,1,success,54,19.747763817326508,20.45880213911608,3.285260794116631,48,1,30.0,0.45,20.0,1.0,25,1,200,0.002,100,10.0,1.0,0,38,0,0.7037037037037037,0.3117440842007878,-0.5149466517480701,0.6412090500725638,0.021449721692682833,0.035362176244424046,0.09436500296635536,1.632245575006027,1.1071575690029636,0.326349527716858,0.5023578206689412,1.0043779258253758,1.0290415841984604,0.8670054304718957,286.98010158270904
1298,11298,11298,11298,07025ed,solver_extremeB_s2,1,1,1,success,69,18.643628490839223,31.188778356357837,3.7201143033522426,62,1,30.0,0.45,20.0,1.0,25,1,200,0.002,100,10.0,1.0,0,59,0,0.855072463768116,0.35312272950337875,-0.6749606127316201,-3.0178213335890662,0.027094277223573833,0.0365446843720885,0.1153428959152259,1.4556721355946696,0.6064260810039004,0.327793847011648,0.7081770501366631,0.9992444152188545,0.955418908463865,0.9186200187526442,288.20107016912675
1299,11299,11299,11299,07025ed,solver_extremeB_s2,1,1,1,success,50,19.96003420919506,12.590669502431055,11.00491183545742,39,1,30.0,0.45,20.0,1.0,25,1,200,0.002,100,10.0,1.0,0,38,0,0.76,0.3486301600728072,-0.3470698046421084,-1.1105565138875693,0.02145048882647213,0.03961082190797672,0.04675534046499075,1.4433217096571447,0.946344226740208,0.3340401397589591,0.19373818359039788,0.9683695138181554,0.957482875511758,1.0641159118345656,281.12091293431627
1300,11300,11300,11300,07025ed,solver_extremeB_s2,1,1,1,success,51,4.892251884434734,4.355350944480387,5.4897447927580965,45,1,30.0,0.45,20.0,1.0,25,1,200,0.002,100,10.0,1.0,0,33,0,0.6470588235294118,0.3301257518624042,-0.4620517112164449,2.3503308185480485,0.020943696654727045,0.031196273059600592,0.04676047412550237,1.75794127992911,0.7590678904240409,0.3885995148928835,0.2806135671158222,0.9841486312646822,1.0033395181068667,1.2569426950644296,285.89252548896957
1301,11301,11301,11301,07025ed,solver_extremeB_s2,1,1,1,success,53,22.15318728672481,25.42266930730113,6.39373438500797,48,1,30.0,0.45,20.0,1.0,25,1,200,0.002,100,10.0,1.0,0,40,0,0.7547169811320755,0.36334908161323454,-0.24532053899525524,1.8666611915672462,0.02442136570958857,0.033597250879694125,0.09611783060038054,1.5735610786775434,0.8469253590527,0.36464383945875545,0.2154955212393162,1.0467618967865169,1.0347071201046798,1.0429265318182053,280.5544794113389
1302,11302,11302,11302,07025ed,solver_extremeB_s2,1,1,1,success,61,28.958833844205753,12.738186223061394,12.698978906155903,56,1,30.0,0.45,20.0,1.0,25,1,200,0.002,100,10.0,1.0,0,47,0,0.7704918032786885,0.3562593124101278,-0.4417393280920585,0.3704070306886411,0.025035674445343454,0.03196100016028915,0.04657002701926666,0.8496415462676169,0.7176341410264059,0.3866366102834306,0.6160830418934453,0.9444786075169672,1.0410088857603872,1.1117220113860462,288.7955631114306
1303,11303,11303,11303,07025ed,solver_extremeB_s2,1,1,1,success,70,17.446106103133392,20.684942999871836,2.784006110258634,64,1,30.0,0.45,20.0,1.0,25,1,200,0.002,100,10.0,1.0,0,52,0,0.7428571428571429,0.366356758919402,-0.7009100866611216,1.5764477965404806,0.026479609073408895,0.03087742544463486,0.08100955991463202,1.9383370160058864,1.0238033551487518,0.3773657451308014,0.572821930412047,1.0708246855135495,1.008377135175691,1.0949861332008881,292.45383958295395
1304,11304,11304,11304,07025ed,solver_extremeB_s2,1,1,1,success,49,11.787036354151255,17.58895685370371,2.2056329864925606,42,1,30.0,0.45,20.0,1.0,25,1,200,0.002,100,10.0,1.0,0,31,0,0.6326530612244898,0.3290556928967556,-0.6334169789227863,-2.45397388270012,0.023068973360716935,0.031872613918722065,0.07842691172204896,1.493623119023661,0.8333488029447622,0.33724966530441647,0.26503193064909775,1.0060723356603103,1.008352162840683,1.2063772669385175,286.1521812019918
1305,11305,11305,11305,07025ed,solver_extremeB_s2,1,1,1,success,52,25.46128014091246,25.547236454814495,6.155612299871954,44,1,30.0,0.45,20.0,1.0,25,1,200,0.002,100,10.0,1.0,0,38,0,0.7307692307692307,0.3231899093042169,-0.2978071436130524,0.4014774060699384,0.02314171978683344,0.03363834443241834,0.04675960715406674,1.1285327196512762,1.1003464515437646,0.3239633236781894,0.6492858268922257,1.0182404330906354,0.948311864128792,1.0336005916839426,284.48125110939384
1306,11306,11306,11306,07025ed,solver_extremeB_s2,1,1,1,success,68,15.974634012895196,21.082849520596987,5.769222384064746,62,1,30.0,0.45,20.0,1.0,25,1,200,0.002,100,10.0,1.0,0,51,0,0.75,0.3754265464723901,-0.719709645708352,2.7770651608312837,0.023713286016484317,0.0331719167633083,0.09321020289589431,1.8395075166342627,0.7652505252520951,0.3072544323922343,0.6299683502407203,1.076012965190424,1.0861994007795197,1.0286905166414302,294.8236171141057
1307,11307,11307,11307,07025ed,solver_extremeB_s2,1,1,1,success,52,19.487498563399278,14.735959825640704,7.038274999133809,44,1,30.0,0.45,20.0,1.0,25,1,200,0.002,100,10.0,1.0,0,38,0,0.7307692307692307,0.31972727291637715,-0.31131839361845054,-2.154890009122556,0.027002314373887545,0.03663197837867329,0.061233569447560005,1.9841118446649681,1.1764930217018597,0.3784771816751097,0.2556447306958687,1.030108238703803,1.0626718740242531,0.9880480898536628,280.8116616479628
1308,11308,11308,11308,07025ed,solver_extremeB_s2,1,1,1,success,56,5.817701936530577,38.316371812111726,9.033163929693494,49,1,30.0,0.45,20.0,1.0,25,1,200,0.002,100,10.0,1.0,0,48,0,0.8571428571428571,0.3868485588843878,-0.6358599624421031,3.0224228732375247,0.022902377751516725,0.034166239012969286,0.09827767352023851,1.8175582159124932,0.7361614389107665,0.368199449935368,0.18756446592527964,1.0478417092294763,1.0888694195404627,1.1745706050227374,288.3665227191724
1309,11309,11309,11309,07025ed,solver_extremeB_s2,1,1,1,success,58,30.65094790262965,26.949723033684798,7.864639631383801,52,1,30.0,0.45,20.0,1.0,25,1,200,0.002,100,10.0,1.0,0,45,0,0.7758620689655172,0.3724903690816716,-0.3545368337144984,-2.093759881490347,0.023137996049344963,0.0319262208903855,0.10245787335150593,1.0466316805107128,0.7142924487236746,0.3657223324783506,0.5979703018082457,1.0728245765412159,1.0522983477260004,0.9665820857174069,286.2003458788066
1310,11310,11310,11310,07025ed,solver_extremeB_s2,1,1,1,success,49,39.38262801125808,38.37227862888278,12.861931723784894,43,1,30.0,0.45,20.0,1.0,25,1,200,0.002,100,10.0,1.0,0,38,0,0.7755102040816326,0.3711154972968438,-0.3192303796604934,-0.20964076417372013,0.027442308675932087,0.033513448115757585,0.07356689040320806,1.095251547862773,0.6175511825650016,0.30020959885133436,0.5252848235003302,0.9918629434563749,0.9809041785663124,1.0692340967280112,270.10257121672987
1311,11311,11311,11311,07025ed,solver_extremeB_s2,0,1,0,object_lost,152,485.4183779614953,nan,nan,-1,0,30.0,0.45,20.0,1.0,25,1,200,0.002,100,10.0,1.0,0,131,0,0.8618421052631579,0.38682183376551693,-0.23221826480474494,1.129503755982518,0.025130708699410188,0.029982769395530018,0.11217278990194736,1.3193067378610732,0.6896552285846932,0.3026892352553142,0.69597384073523,1.028029433934876,1.067294692526511,1.1019856755110515,-176.1890322811812
1312,11312,11312,11312,07025ed,solver_extremeB_s2,1,1,1,success,58,22.053566684222723,24.211643331266174,9.573788725659218,52,1,30.0,0.45,20.0,1.0,25,1,200,0.002,100,10.0,1.0,0,37,0,0.6379310344827587,0.351069197171929,-0.5184686910918367,-0.14941516010677747,0.02568317509017455,0.03034185360445245,0.0881792120406377,1.660714790172905,0.9726233253831011,0.3808136906053079,0.41810396504055813,0.9405698407192047,0.9337662481530629,1.08223081663896,285.52311861935925
1313,11313,11313,11313,07025ed,solver_extremeB_s2,1,1,1,success,49,12.868105258317534,7.592818845736278,7.346556397172819,45,1,30.0,0.45,20.0,1.0,25,1,200,0.002,100,10.0,1.0,0,41,0,0.8367346938775511,0.38270046910915584,-0.45643830842542765,2.592388616552028,0.027454101803897388,0.031739948006490756,0.07168286473833876,1.9398598093684782,0.8727469125772042,0.34623329942205766,0.43711539145448447,1.0535220298872516,1.0086821720903176,0.9697668797968991,286.0830271182948
1314,11314,11314,11314,07025ed,solver_extremeB_s2,1,1,1,success,51,10.892031603823554,28.15721571385979,15.544746834669947,43,1,30.0,0.45,20.0,1.0,25,1,200,0.002,100,10.0,1.0,0,37,0,0.7254901960784313,0.32849180093694813,-0.29988982659831875,1.5648262691329267,0.02078870372017595,0.03930170676533493,0.0751340929871196,1.603778651376893,0.7622121581051516,0.34413120326024976,0.6969854929364525,1.1202947074951348,1.0943304238076086,0.9639566691787735,285.4394620056455
1315,11315,11315,11315,07025ed,solver_extremeB_s2,1,1,1,success,58,13.04438946416061,14.274341737394561,10.892779988584932,51,1,30.0,0.45,20.0,1.0,25,1,200,0.002,100,10.0,1.0,0,43,0,0.7413793103448276,0.3775194334917633,-0.5650975910439031,2.31673308608386,0.020718817206659402,0.03432799660082657,0.1044975837314975,1.405125576191017,0.6573035515972362,0.34822587665563487,0.4346069047893624,1.0094025926376946,1.1035361930290084,0.9955250952190947,289.8363923037291
1316,11316,11316,11316,07025ed,solver_extremeB_s2,1,1,1,success,82,18.88100453058905,13.069339777042591,6.889249906940228,77,1,30.0,0.45,20.0,1.0,25,1,200,0.002,100,10.0,1.0,0,64,0,0.7804878048780488,0.31753439215451273,-0.36613574539555355,2.010698607163892,0.02720510742791024,0.03716763159906925,0.08058297275426249,1.3182693772732792,0.7570470303816377,0.3300905691527815,0.3826456857843589,1.1189551057859473,1.020667165765122,1.1178920371580432,272.8444055891222
1317,11317,11317,11317,07025ed,solver_extremeB_s2,1,1,1,success,74,20.732341065892875,14.188810010635466,5.152106001370943,59,1,30.0,0.45,20.0,1.0,25,1,200,0.002,100,10.0,1.0,0,59,0,0.7972972972972973,0.38946713444755987,-0.6750013190289654,-1.0840199706220068,0.024031379604230435,0.0398964346150807,0.07207876443270236,1.053827569966323,0.9441663500376684,0.3500827543210056,0.6611714394868985,1.0413757700864206,0.9940962932696146,1.1151668397557404,291.04599529540326
1318,11318,11318,11318,07025ed,solver_extremeB_s2,1,1,1,success,64,24.296237692310857,17.193801513840654,13.749510198655063,55,1,30.0,0.45,20.0,1.0,25,1,200,0.002,100,10.0,1.0,0,44,0,0.6875,0.36201971570527264,-0.6114061435103644,0.5455783509186629,0.02427737238382723,0.03816668315912579,0.08258767195998724,0.9811816711968748,1.3817056840124065,0.3724594120155136,0.4422567946758973,1.0126694172696096,1.0528288435345343,1.151991316560411,289.8498264600004
1319,11319,11319,11319,07025ed,solver_extremeB_s2,1,1,1,success,45,20.049191487559924,17.003848737515987,6.951605629977761,39,1,30.0,0.45,20.0,1.0,25,1,200,0.002,100,10.0,1.0,0,32,0,0.7111111111111111,0.33183282800867053,-0.3872860612090126,1.0963214782629382,0.022138941518051056,0.031248166745167897,0.04882924284503143,1.6321646619199606,0.7748099615582937,0.30621612781229735,0.21883704986540023,1.0100112110185497,1.0114523596204887,1.0917180462228964,279.86976995012986
1320,11320,11320,11320,07025ed,solver_extremeB_s2,1,1,1,success,52,13.231223052764648,10.05835095291164,9.71693108902809,47,1,30.0,0.45,20.0,1.0,25,1,200,0.002,100,10.0,1.0,0,41,0,0.7884615384615384,0.38496295396501967,-0.40264090486111703,0.7646003476384298,0.024355870080024395,0.03841929660478527,0.10271471256295102,1.6916933286181983,0.7959986037696184,0.3678686723876921,0.2864767283324481,1.1294814736865961,1.0339796442251885,0.9994455860880299,282.76894287661315
1321,11321,11321,11321,07025ed,solver_extremeB_s2,1,1,1,success,56,19.9827749876049,25.651099599410795,8.144694639144891,47,1,30.0,0.45,20.0,1.0,25,1,200,0.002,100,10.0,1.0,0,43,0,0.7678571428571429,0.3245296806834473,-0.3968316910405457,1.7343118848954298,0.021363631130665358,0.03949524952090495,0.05763370731043163,1.5718115426280428,1.0123587514597348,0.3713986440172197,0.5559895859402928,1.134078470010861,1.0814279191489662,1.1500071325501058,285.4700991635826
1322,11322,11322,11322,07025ed,solver_extremeB_s2,1,1,1,success,73,24.706642080452394,13.76855155850537,13.357086069445012,61,1,30.0,0.45,20.0,1.0,25,1,200,0.002,100,10.0,1.0,0,50,0,0.684931506849315,0.3881555682288446,-0.7106249340471887,1.2258967878244942,0.022478367211859692,0.03206930144965008,0.03375146335103521,1.6173618768164313,0.907666073533818,0.3633128697407184,0.49090040645790367,1.0861315242590566,0.9900744570443102,0.8862322029081735,294.09589848085557
1323,11323,11323,11323,07025ed,solver_extremeB_s2,1,1,1,success,59,25.392537168678295,31.339607803563748,23.90681194431415,45,1,30.0,0.45,20.0,1.0,25,1,200,0.002,100,10.0,1.0,0,48,0,0.8135593220338984,0.350352147984477,-0.6122509309283486,-0.2460930362138365,0.02336335849845451,0.03822036040094128,0.034443339360154195,1.1149810660453523,0.8449055722700619,0.35727931878442265,0.28365353694654294,0.9911468620367502,0.9603518917068854,1.1848216202864639,285.9989001465845
1324,11324,11324,11324,07025ed,solver_extremeB_s2,1,1,1,success,62,11.071549863274265,20.17363567485162,0.334546449222213,59,1,30.0,0.45,20.0,1.0,25,1,200,0.002,100,10.0,1.0,0,47,0,0.7580645161290323,0.3739059995538098,-0.5105019883929991,-0.6049808573674729,0.026550859575940645,0.03301207823216734,0.07801063961144679,0.8773762434087571,1.330029876002662,0.33201081142605116,0.48351309680885945,1.03672505118058,0.9908147936933497,1.0261263475439528,280.02405914609693
1325,11325,11325,11325,07025ed,solver_extremeB_s2,1,1,1,success,98,24.909076513047264,17.112097482835093,6.861386845852886,56,1,30.0,0.45,20.0,1.0,25,1,200,0.002,100,10.0,1.0,0,83,0,0.8469387755102041,0.36918478268042215,-0.5679979042830319,-0.30854029516815284,0.025315729668187736,0.03960536987782559,0.05559823105715511,1.2183032360355883,1.2418787190295173,0.33865579789508005,0.656842017474433,1.0264105171406157,0.9418643447413169,1.1565146015738628,284.03390560207777
1326,11326,11326,11326,07025ed,solver_extremeB_s2,1,1,1,success,50,24.075146873172525,18.347495947519164,8.246292999308086,41,1,30.0,0.45,20.0,1.0,25,1,200,0.002,100,10.0,1.0,0,42,0,0.84,0.38731716912465564,-0.3197110259803086,0.44584894072603065,0.02320898310965802,0.036280175236034384,0.053666792951922365,1.1201053346873817,1.021190827067055,0.34954311385346426,0.35391244753523665,1.0529284049034018,1.0623242173521088,0.9658722330679111,283.3670752205189
1327,11327,11327,11327,07025ed,solver_extremeB_s2,1,1,1,success,51,21.712644257954015,22.043278597964488,3.461488549576095,44,1,30.0,0.45,20.0,1.0,25,1,200,0.002,100,10.0,1.0,0,48,0,0.9411764705882353,0.32810469690384464,-0.26680556301636005,1.4376492200852935,0.02251182257643931,0.035653374565539624,0.05417204880920316,0.9963108596188012,0.7413407761113622,0.3853288857679882,0.5706136690720321,1.0532921241954372,0.9882758875222216,0.9978952722697922,281.92623281590875
1328,11328,11328,11328,07025ed,solver_extremeB_s2,1,1,1,success,59,14.663275740033525,7.821615008166055,8.962045712636783,46,1,30.0,0.45,20.0,1.0,25,1,200,0.002,100,10.0,1.0,0,39,0,0.6610169491525424,0.31507387114321694,-0.4473396267783387,-1.5862504328586275,0.02201875475473506,0.04005379783082942,0.07327702266883253,1.1004275322124821,1.2473263764971732,0.3259732858287312,0.3580034893198727,0.9798257120641738,1.0339237092379265,1.3381548948229902,284.2862359104204
1329,11329,11329,11329,07025ed,solver_extremeB_s2,1,1,1,success,47,16.611041348713634,18.012336886017845,17.219418206321112,41,1,30.0,0.45,20.0,1.0,25,1,200,0.002,100,10.0,1.0,0,32,0,0.6808510638297872,0.32232446201298304,-0.24211161905206185,-2.414504243712357,0.027394027016524002,0.03022686842801172,0.05272200344284238,1.2256763867698464,1.1377741361646279,0.3381885795146201,0.4243689983053659,0.978646864727499,0.9300620013858374,1.1795509722687259,281.6523872167554
1330,11330,11330,11330,07025ed,solver_extremeB_s2,1,1,1,success,61,33.67622520753418,35.286042324299906,5.292032328043631,51,1,30.0,0.45,20.0,1.0,25,1,200,0.002,100,10.0,1.0,0,46,0,0.7540983606557377,0.35424598448004607,-0.2804113405643708,2.9082310714559876,0.023167894994385072,0.039369806748608654,0.062208088933644615,0.99760602768083,1.3033495916862488,0.38946859091832076,0.6213433863907033,1.0324282856078726,0.9947231868031857,0.9061495357112663,281.7804033387248
1331,11331,11331,11331,07025ed,solver_extremeB_s2,1,1,1,success,57,4.486532278050641,21.33041558129216,13.545815067542769,49,1,30.0,0.45,20.0,1.0,25,1,200,0.002,100,10.0,1.0,0,33,0,0.5789473684210527,0.3448367540727832,-0.2973044022028042,2.1238991906374274,0.027176196346128768,0.03697109091774586,0.104434346737065,1.2549118405470523,1.0686062401832643,0.3193384900527718,0.6726480089314951,0.99328428166052,1.0816219045344961,1.1478787937676556,283.26069935972527
1332,11332,11332,11332,07025ed,solver_extremeB_s2,1,1,1,success,59,22.836125231258542,22.65130739942491,1.4091083943488323,53,1,30.0,0.45,20.0,1.0,25,1,200,0.002,100,10.0,1.0,0,44,0,0.7457627118644068,0.387290289779077,-0.6081116777931755,-0.8543870327020899,0.021313595285798553,0.030113624991870622,0.11788221658650999,0.8265100006828203,0.8954482532766225,0.3029405494973106,0.3610999958441358,0.988442733807591,1.0349237188887812,1.0272947975240054,288.37163787014
1333,11333,11333,11333,07025ed,solver_extremeB_s2,1,1,1,success,50,11.581834320815672,31.925673987524107,10.570315832902423,43,1,30.0,0.45,20.0,1.0,25,1,200,0.002,100,10.0,1.0,0,39,0,0.78,0.323791020869576,-0.6543975128322955,-2.8655938884799355,0.02197170515957622,0.037471444220676164,0.11528044361828703,1.2826857416916109,1.1116444200324473,0.34879647008347914,0.28263726951988927,1.1107024461572137,1.0475614702274691,1.0463534684284477,284.9270473535554
1334,11334,11334,11334,07025ed,solver_extremeB_s2,1,1,1,success,58,25.309452989102688,25.80311784768802,12.053746039498407,52,1,30.0,0.45,20.0,1.0,25,1,200,0.002,100,10.0,1.0,0,43,0,0.7413793103448276,0.38611536407441316,-0.2349373170511433,2.7127075619564334,0.027425798789627108,0.03827323005320494,0.09974785343560229,1.3793911871601878,0.9204147682304088,0.35840429092136655,0.7171243424240211,0.9703166394827977,1.0737670150297551,1.312087990117127,287.1263684379321
1335,11335,11335,11335,07025ed,solver_extremeB_s2,1,1,1,success,59,23.07391355195982,25.191726117146814,0.36766416231662924,56,1,30.0,0.45,20.0,1.0,25,1,200,0.002,100,10.0,1.0,0,39,0,0.6610169491525424,0.32776916917420623,-0.5907392630723352,-3.134152008695634,0.026149298683090856,0.03158847179907331,0.06545848169793142,0.8263835044352025,1.105963098017579,0.3512209556145679,0.3572840823678379,0.9935706938133155,1.059522943390127,1.0611054026668225,287.4112811846845
1336,11336,11336,11336,07025ed,solver_extremeB_s2,1,1,1,success,52,27.575914008915458,25.84962930253373,9.615698228732054,42,1,30.0,0.45,20.0,1.0,25,1,200,0.002,100,10.0,1.0,3,42,0,0.8076923076923077,0.323406023648331,-0.20126449285004777,3.0405070779843255,0.021234345074995428,0.03685141077017976,0.09325045182776091,1.0031813756086616,0.8891800118930232,0.32468214574423465,0.6978879247851614,1.1058561284447097,1.0640678205760161,0.8549656336292534,280.1701059456873
1337,11337,11337,11337,07025ed,solver_extremeB_s2,1,1,1,success,45,11.567693250890091,4.205177291381488,11.425552798173548,37,1,30.0,0.45,20.0,1.0,25,1,200,0.002,100,10.0,1.0,0,32,0,0.7111111111111111,0.31489849977079326,-0.26325209208583084,-0.15325667017683697,0.02076460380067783,0.03895415268552642,0.07064378145832956,1.5639199859222424,0.9901831265634589,0.3468446137310442,0.3386076405413239,0.9303362532670418,1.031978674541051,0.9063850691000144,281.1749199215541
1338,11338,11338,11338,07025ed,solver_extremeB_s2,1,1,1,success,67,21.080000936561852,32.06461413466334,6.83604525445845,61,1,30.0,0.45,20.0,1.0,25,1,200,0.002,100,10.0,1.0,0,36,0,0.5373134328358209,0.36043625088820364,-0.5828045994777723,1.404565621733397,0.0236369058948685,0.032046409568856515,0.08603048328229225,1.2187844594811459,0.9356040842606348,0.3296030291635114,0.6535393213992203,1.0523794268602018,0.9823707236862173,1.1256873460914498,292.2691028222102
1339,11339,11339,11339,07025ed,solver_extremeB_s2,1,1,1,success,65,30.924038906404608,27.24633356499437,4.820528773986824,56,1,30.0,0.45,20.0,1.0,25,1,200,0.002,100,10.0,1.0,0,42,0,0.6461538461538462,0.3882403155201791,-0.4421642800308907,1.4281210044785846,0.020792161371466594,0.0372417887773223,0.11111953652488889,1.0203204847704026,0.9455166999597451,0.3824659746884538,0.7095795450365915,1.0542971128269165,1.0604483435985539,1.0987991047120418,290.41911737957145
1340,11340,11340,11340,07025ed,solver_extremeB_s2,1,1,1,success,63,28.81987016055131,14.565181183369573,10.625101885912153,58,1,30.0,0.45,20.0,1.0,25,1,200,0.002,100,10.0,1.0,0,47,0,0.746031746031746,0.37830526170840517,-0.614115495191138,2.326778204805721,0.02409764536274898,0.040152380228935323,0.08114123558401609,1.4167682542649582,0.8107905458393673,0.3292468498966832,0.3883548546097785,0.9575365274358996,1.037568680003617,1.1328693645445815,289.2677110316859
1341,11341,11341,11341,07025ed,solver_extremeB_s2,1,1,1,success,52,23.881300128471143,13.301674867986467,23.795734542345176,44,1,30.0,0.45,20.0,1.0,25,1,200,0.002,100,10.0,1.0,0,38,0,0.7307692307692307,0.3257305802307952,-0.5943496423389003,1.3304396578514748,0.021361857712225565,0.03181294801709858,0.03286106314379166,1.1934218664041931,0.8483017548972183,0.33538282935760155,0.18014323031177526,0.9652479840832537,0.9878342062910173,1.2401939023879807,285.37429048814596
1342,11342,11342,11342,07025ed,solver_extremeB_s2,1,1,1,success,57,28.648950016718786,27.23072579356997,7.116910408965652,49,1,30.0,0.45,20.0,1.0,25,1,200,0.002,100,10.0,1.0,0,39,0,0.6842105263157895,0.37728731411450966,-0.4743509798378296,2.10661190352707,0.025144417997509817,0.04006511037671502,0.05909131710646255,1.6026423012192375,1.2068183893613105,0.30900305827886304,0.2402009505171041,1.0413771543258494,1.0090259689607053,1.0943719132637746,284.5432814926497
1343,11343,11343,11343,07025ed,solver_extremeB_s2,1,1,1,success,54,14.828857352483878,18.614101441637075,5.505201387507029,46,1,30.0,0.45,20.0,1.0,25,1,200,0.002,100,10.0,1.0,0,38,0,0.7037037037037037,0.30707705783808353,-0.36022454908435436,1.9945904082581318,0.02407221124504339,0.033355985008166424,0.041096235649032115,1.2040380314167698,1.3218818956473655,0.32997298411727716,0.4946411393129243,0.9854649153298665,1.0440320213069991,0.8848905232008324,283.94621846267927
1344,11344,11344,11344,07025ed,solver_extremeB_s2,1,1,1,success,51,8.662391927842055,5.925174279509488,1.0632012796586523,46,1,30.0,0.45,20.0,1.0,25,1,200,0.002,100,10.0,1.0,0,34,0,0.6666666666666666,0.30232957390113163,-0.5835335357133723,-0.8068546510550836,0.023415052207420253,0.03290475029381544,0.05561726084532684,1.5960225099006462,0.8894079438852313,0.3473865568155182,0.24176051079370114,0.9801873411755663,1.0693605239891208,0.897208311271967,286.3854182997748
1345,11345,11345,11345,07025ed,solver_extremeB_s2,1,1,1,success,50,12.564266277349514,15.467347618426217,3.3822415334142075,44,1,30.0,0.45,20.0,1.0,25,1,200,0.002,100,10.0,1.0,0,43,0,0.86,0.3052966870864841,-0.2310602488659092,2.8433418221576954,0.02126051687042973,0.037007931757198326,0.04342742975856914,1.743113161785274,0.6339379362172565,0.34849145116866204,0.6520511818019284,1.1206476903010838,1.0045620154306045,1.1094417901460365,284.988326531791
1346,11346,11346,11346,07025ed,solver_extremeB_s2,1,1,1,success,40,17.525403207424997,19.184671515891708,12.29345655231408,34,1,30.0,0.45,20.0,1.0,25,1,200,0.002,100,10.0,1.0,0,33,0,0.825,0.33922649303243574,-0.22004417959906564,-1.5735965593995682,0.02576669436091125,0.034789523951504524,0.0995669496310667,1.4015633539543098,0.766473974361378,0.37147649116152326,0.2339386198422264,1.117757527150966,1.1048403449348119,1.0659954022784532,278.3482447547226
1347,11347,11347,11347,07025ed,solver_extremeB_s2,1,1,1,success,56,34.97086111661499,17.662412425915107,23.95504182008985,44,1,30.0,0.45,20.0,1.0,25,1,200,0.002,100,10.0,1.0,0,49,0,0.875,0.3342909504127939,-0.6352234035392316,0.05995805569836721,0.02173582471115267,0.0379569409568763,0.037802434558792515,0.8775815224753192,1.1337039855627542,0.3193302697641869,0.2503511943963787,1.0676122231106213,1.02821616417563,1.0456034997587804,286.5690151243336
1348,11348,11348,11348,07025ed,solver_extremeB_s2,1,1,1,success,54,18.439131979688483,52.03979967105294,10.554380661555955,48,1,30.0,0.45,20.0,1.0,25,1,200,0.002,100,10.0,1.0,0,46,0,0.8518518518518519,0.37965650156133923,-0.6948980765917142,0.9502351177391564,0.022070514274180497,0.030543613563694835,0.10669750124983483,1.7148394223612096,0.8602953636651945,0.38539888201604666,0.21140415862114062,1.0628577817748923,1.0302784019996358,0.9048617211240837,288.7766735113697
1349,11349,11349,11349,07025ed,solver_extremeB_s2,1,1,1,success,49,27.666748709745043,45.33100063913791,10.0973233303646,40,1,30.0,0.45,20.0,1.0,25,1,200,0.002,100,10.0,1.0,0,34,0,0.6938775510204082,0.33475932293709904,-0.1871367908933752,-2.3805922760090605,0.023779301717072137,0.032823421613567744,0.07072392822426676,1.862711795264114,0.636554241002533,0.30584541722451253,0.6328522737531405,1.0189807102761546,1.0177676396737352,1.1945234245505019,280.7156813010446
1350,11350,11350,11350,07025ed,solver_extremeB_s2,1,1,1,success,67,19.607417513650322,16.44599451767447,8.741456869588006,58,1,30.0,0.45,20.0,1.0,25,1,200,0.002,100,10.0,1.0,0,44,0,0.6567164179104478,0.33289522855564474,-0.6136848897705577,2.0619903909752217,0.026469718509680426,0.0398115148010426,0.11946275929340416,1.3284948282117086,0.8391822913140725,0.36299426944713375,0.5502427081408222,0.9828025245334068,0.9934861129383689,1.1597696088931198,287.9221421013744
1351,11351,11351,11351,07025ed,solver_extremeB_s2,1,1,1,success,82,14.63145915308349,20.879169991811462,14.722164584911058,62,1,30.0,0.45,20.0,1.0,25,1,200,0.002,100,10.0,1.0,0,61,0,0.7439024390243902,0.3898081200069479,-0.6807498056038039,0.9698119304570083,0.026633121505079713,0.0399768363999808,0.03689146839670074,1.6347283775164492,1.2385124777565704,0.3428885932239398,0.693205512087054,1.0897683100859514,1.0764360788170388,1.2742046741997228,291.2083429730382
1352,11352,11352,11352,07025ed,solver_extremeB_s2,1,1,1,success,99,16.739546729910554,19.89278715575633,8.460694488975086,51,1,30.0,0.45,20.0,1.0,25,1,200,0.002,100,10.0,1.0,0,92,0,0.9292929292929293,0.3845339404524777,-0.5182746854212774,-0.1413059100104932,0.02382771258772022,0.04010344208798389,0.03632640194706745,1.2405004980263656,0.7422834200551054,0.31446173320284304,0.7020973865396761,1.0179449437752988,1.0217727438060784,1.1040887137450488,284.98424625258434
1353,11353,11353,11353,07025ed,solver_extremeB_s2,1,1,1,success,58,10.735020554035751,20.52290136669193,13.797435630030604,52,1,30.0,0.45,20.0,1.0,25,1,200,0.002,100,10.0,1.0,0,48,0,0.8275862068965517,0.3440236120628914,-0.4608494580640681,-0.5833850363766269,0.027492630414132694,0.03578268070596158,0.0421960419440333,0.9537746539880844,0.7966261735395282,0.34807620551907553,0.6660148881612011,1.056825384685291,1.0167865874566013,1.2089889963342741,285.65111938704314
1354,11354,11354,11354,07025ed,solver_extremeB_s2,1,1,1,success,57,35.4459935007969,29.942586778253574,11.774338977868805,52,1,30.0,0.45,20.0,1.0,25,1,200,0.002,100,10.0,1.0,0,42,0,0.7368421052631579,0.368949779234532,-0.4628001940312192,1.926023191340299,0.025455038233929236,0.03046435863710122,0.0930557255823734,0.9766502109296302,1.0593042935083796,0.31275313391489484,0.6408847183444702,1.0180017853518282,1.0318977032672354,1.027624695487415,287.67067739744067
1355,11355,11355,11355,07025ed,solver_extremeB_s2,1,1,1,success,54,24.43906503598061,18.719254046336115,18.571077082075856,46,1,30.0,0.45,20.0,1.0,25,1,200,0.002,100,10.0,1.0,0,40,0,0.7407407407407407,0.3519258074630782,-0.4163621123741537,-0.628272273961179,0.022876824409315294,0.039020566359636584,0.10354125831552541,1.2045266704997581,1.3659852264451497,0.32515172051401187,0.6384167292865812,1.0496874493786594,1.019148502750292,0.9950241467416574,286.64482676708906
1356,11356,11356,11356,07025ed,solver_extremeB_s2,1,1,1,success,58,13.818948198966693,23.287201884488095,10.751437765452161,51,1,30.0,0.45,20.0,1.0,25,1,200,0.002,100,10.0,1.0,0,45,0,0.7758620689655172,0.3296646097388076,-0.40115638864677694,-3.1081221937130317,0.022197683804571135,0.03720428499004981,0.08157566757565751,0.8322163831470254,1.149180616073112,0.38291979974148294,0.5767493760827479,0.9437669079275385,1.0526443321997043,0.9270580258347805,283.6794827775524
1357,11357,11357,11357,07025ed,solver_extremeB_s2,1,1,1,success,45,9.207225985358257,15.804177028123544,19.70664829230097,39,1,30.0,0.45,20.0,1.0,25,1,200,0.002,100,10.0,1.0,0,29,0,0.6444444444444445,0.30217359646859376,-0.3131033399244048,-0.019511357540607843,0.021641169582273242,0.03730768484672361,0.11497383903453387,1.5810400861410598,1.3189748320591053,0.3224154293615703,0.4293173739506413,1.0314520993704137,0.9939219445527768,1.1250923444886618,280.7198672569675
1358,11358,11358,11358,07025ed,solver_extremeB_s2,1,1,1,success,176,13.875542812210453,23.83834570763718,0.9584122957422869,173,1,30.0,0.45,20.0,1.0,25,1,200,0.002,100,10.0,1.0,0,155,0,0.8806818181818182,0.3562983925323871,-0.2750538844814147,-0.711988230769931,0.027592177510408163,0.036144865263387976,0.056233833060730556,1.9919919694338721,1.395005876695458,0.34923814733675046,0.6560595312064955,0.9805132996036958,1.002742504426269,1.025864875595169,257.52888489217605
1359,11359,11359,11359,07025ed,solver_extremeB_s2,1,1,1,success,57,11.242440935738875,8.684579324165785,6.485092892271499,48,1,30.0,0.45,20.0,1.0,25,1,200,0.002,100,10.0,1.0,0,37,0,0.6491228070175439,0.32104588016004987,-0.43467691751373383,-1.0355587721980961,0.02532565443034883,0.03720510447643617,0.07465942273538854,1.1871553849502672,0.995107584395371,0.34864726954123615,0.433848823745875,0.9863511228906326,1.041731416579734,1.1813643885971241,286.7521823746851
1360,11360,11360,11360,07025ed,solver_extremeB_s2,1,1,1,success,49,15.513638537284185,5.6283600601115955,9.2696487946802,43,1,30.0,0.45,20.0,1.0,25,1,200,0.002,100,10.0,1.0,0,31,0,0.6326530612244898,0.336997897124605,-0.2014781790456831,2.265718762444073,0.02729153082396843,0.03935650731795663,0.04462074285416092,0.9019562787443101,1.3905992033312036,0.32402549112320406,0.20579978867095822,0.9764043983392728,0.9424833268466388,1.0201456773184145,277.9506404946398
1361,11361,11361,11361,07025ed,solver_extremeB_s2,1,1,1,success,47,20.603601860909958,11.632689535619367,6.900853339024258,40,1,30.0,0.45,20.0,1.0,25,1,200,0.002,100,10.0,1.0,0,37,0,0.7872340425531915,0.32408456946480946,-0.21990612551042166,-1.9472168313808245,0.022473638791796036,0.03776723813565562,0.036203303807145766,1.550382936856899,0.7242830133459446,0.350298783094341,0.5197779082924902,0.9198449714841693,1.0525164486160015,1.031719885243291,281.04588486925525
1362,11362,11362,11362,07025ed,solver_extremeB_s2,1,1,1,success,67,19.270364925266907,4.7590425260724825,8.086591417409274,60,1,30.0,0.45,20.0,1.0,25,1,200,0.002,100,10.0,1.0,0,53,0,0.7910447761194029,0.3642735338932404,-0.6996940733099596,2.897252161685132,0.02426092779434942,0.03667949442698221,0.05220731870970724,0.9717618996514331,0.8725825684553064,0.33907022481823823,0.5842941235567342,1.0558914455628796,0.9893163915399066,1.1247873314973462,293.74220287058324
1363,11363,11363,11363,07025ed,solver_extremeB_s2,1,1,1,success,46,2.0872106101770926,9.143688263628897,7.560794396065614,39,1,30.0,0.45,20.0,1.0,25,1,200,0.002,100,10.0,1.0,0,30,0,0.6521739130434783,0.30529917824656005,-0.20316164632114342,-2.5311697268276334,0.023015522071080766,0.03027746191164724,0.05017103394399028,1.7897369058756096,1.0788298994183037,0.36655637840291116,0.3627702411154702,0.9713995595411165,1.0913848467008893,0.9595248410133355,282.36178530619384
1364,11364,11364,11364,07025ed,solver_extremeB_s2,1,1,1,success,62,19.688129070223166,18.275551352886403,4.187526458636919,56,1,30.0,0.45,20.0,1.0,25,1,200,0.002,100,10.0,1.0,0,42,0,0.6774193548387096,0.3500867016677811,-0.5388879671191049,1.1316062752208964,0.02538133260661183,0.03323698465031527,0.10394684359225653,1.6698688221150308,0.9029102943900305,0.38569923291549346,0.45386732654932455,1.0197657178935289,1.080447967016748,1.1396709806866978,287.0818378619854
1365,11365,11365,11365,07025ed,solver_extremeB_s2,1,1,1,success,58,36.99970071268215,31.326373572847345,4.485796423398069,50,1,30.0,0.45,20.0,1.0,25,1,200,0.002,100,10.0,1.0,0,41,0,0.7068965517241379,0.38523543328506504,-0.3254735912284557,2.5939989229827356,0.02195054756043132,0.03445944543998222,0.05477072449371852,0.9692224475762661,0.6175861471231112,0.38858296675131365,0.7294894113055653,1.0098532678393666,1.0658800998783513,1.0616398021363596,287.5090278708383
1366,11366,11366,11366,07025ed,solver_extremeB_s2,1,1,1,success,47,4.605255478649802,31.220189963834688,23.48067404547164,40,1,30.0,0.45,20.0,1.0,25,1,200,0.002,100,10.0,1.0,0,34,0,0.723404255319149,0.3363365711762335,-0.2412315042898191,-1.6711764543433278,0.024414589639511805,0.03697138193801853,0.11623211444554042,1.6039178275140031,0.8102496159748406,0.38564015195931145,0.4831770752194478,1.0314942094782908,1.0908665538850761,1.081994676458205,279.28021450620804
1367,11367,11367,11367,07025ed,solver_extremeB_s2,1,1,1,success,51,14.839746698194586,11.16910694206333,8.393164920030808,46,1,30.0,0.45,20.0,1.0,25,1,200,0.002,100,10.0,1.0,0,44,0,0.8627450980392157,0.31189689598802833,-0.49923099379989566,-0.9830628641155164,0.024128400658548602,0.03272443641662244,0.09090160934239916,1.0046487321496689,0.9941086192995465,0.3117995172373967,0.37793050459860145,1.0571532804772628,1.058563984974071,1.0141777805248886,283.52429739972047
1368,11368,11368,11368,07025ed,solver_extremeB_s2,1,1,1,success,50,28.20138309221754,45.48544814980499,6.6922900257341995,45,1,30.0,0.45,20.0,1.0,25,1,200,0.002,100,10.0,1.0,0,39,0,0.78,0.3014772074579384,-0.1975893261664401,2.2105553472821704,0.027276973468127113,0.03616189504483501,0.11396936475752817,1.4132479025233957,0.9197023972320271,0.3036141269767015,0.6916857383470997,1.1308762652636262,1.1054614945556878,1.1287879478400042,282.0145447375263
1369,11369,11369,11369,07025ed,solver_extremeB_s2,1,1,1,success,56,7.939915486458731,5.612332204037025,12.879657241372609,45,1,30.0,0.45,20.0,1.0,25,1,200,0.002,100,10.0,1.0,2,49,0,0.875,0.3650145968860504,-0.37851132338802945,1.0294773379048259,0.02361327892676558,0.0392302797437872,0.06886585925622181,1.169921904559962,1.0130497154300815,0.3618659512464368,0.3863740784695395,1.055129562575344,0.9773210839003571,1.3211991842915385,280.530142992176
1370,11370,11370,11370,07025ed,solver_extremeB_s2,1,1,1,success,102,28.81955587812071,27.29579409414514,14.813511086793888,56,1,30.0,0.45,20.0,1.0,25,1,200,0.002,100,10.0,1.0,0,88,0,0.8627450980392157,0.3893268377419566,-0.46047515143691903,0.11132200655830804,0.02290640800090819,0.0353672671158707,0.041471133125664486,1.1932845852719152,0.9225751276839737,0.33801562753677644,0.7166061318624436,0.9836830209350144,1.049087689364826,1.017144308039459,282.06876972107045
1371,11371,11371,11371,07025ed,solver_extremeB_s2,1,1,1,success,62,15.608714157922114,11.088806133192055,5.9084036997786855,52,1,30.0,0.45,20.0,1.0,25,1,200,0.002,100,10.0,1.0,0,39,0,0.6290322580645161,0.3259317041816607,-0.5344719680220951,-2.62251360035007,0.020518425413661986,0.03856046736452212,0.10801529032861344,1.0332558951986939,0.691738043722404,0.33882095601489987,0.5353185095324903,1.0543668550292662,0.9870455998892026,1.2881920515905163,287.69155876042254
1372,11372,11372,11372,07025ed,solver_extremeB_s2,1,1,1,success,62,32.10248985847906,27.318469048874327,1.408813637477001,54,1,30.0,0.45,20.0,1.0,25,1,200,0.002,100,10.0,1.0,0,47,0,0.7580645161290323,0.37726772978400985,-0.5882636724881604,3.0084420614234224,0.021953162125016874,0.03566291754410271,0.10743566940048564,0.9218561449530921,0.9367325394631922,0.31660373164535927,0.6776050439300648,1.0751318031348118,1.0389544788951561,0.8391166301608436,290.9994708253246
1373,11373,11373,11373,07025ed,solver_extremeB_s2,1,1,1,success,54,16.36193067668971,19.211141239890747,14.332411060063636,48,1,30.0,0.45,20.0,1.0,25,1,200,0.002,100,10.0,1.0,0,32,0,0.5925925925925926,0.32712461930494385,-0.4610275729867184,2.797041536154798,0.022405074697396037,0.035346360622224585,0.07932135346128928,1.946477562841875,0.6009473055501481,0.37623265560519903,0.29513452377796384,1.0572113368847462,0.9557139090822122,0.7757581538804876,285.22479409178806
1374,11374,11374,11374,07025ed,solver_extremeB_s2,1,1,1,success,53,16.679848265835982,25.137045727327738,13.281744818678144,45,1,30.0,0.45,20.0,1.0,25,1,200,0.002,100,10.0,1.0,0,30,0,0.5660377358490566,0.31915474668565125,-0.3695433732719591,1.8407812844535956,0.023812841777837646,0.03818820660619058,0.045262615657974944,0.9453693298804445,0.7632312566958901,0.3131993568342522,0.1953734345105183,1.119681136427362,0.9859265422729144,1.0421782003460032,282.14484913377225
1375,11375,11375,11375,07025ed,solver_extremeB_s2,1,1,1,success,62,17.10303728761894,11.906385807586181,7.357625856554206,55,1,30.0,0.45,20.0,1.0,25,1,200,0.002,100,10.0,1.0,0,46,0,0.7419354838709677,0.3779223300686321,-0.5751445369801473,-1.017931527144825,0.02423271131032081,0.03535334281905629,0.08197013549444948,1.1359935842386013,0.8211475496464652,0.3410454105385358,0.46004755079624543,1.0357685969315267,1.1596382858785754,1.0020499146827664,290.48179574357204
1376,11376,11376,11376,07025ed,solver_extremeB_s2,1,1,1,success,53,15.492060875746361,10.103423058611776,2.828253191957232,50,1,30.0,0.45,20.0,1.0,25,1,200,0.002,100,10.0,1.0,0,41,0,0.7735849056603774,0.31127440051814376,-0.6523794922707753,-2.16514987782054,0.024222267089560906,0.03143310780942998,0.060820547379664504,1.6933173920618172,1.0734375200925936,0.3160416139927424,0.2781735348887915,0.9379246322952205,1.0472713022663844,1.0688300232047767,288.727153138489
1377,11377,11377,11377,07025ed,solver_extremeB_s2,1,1,1,success,50,32.78956606974215,43.62124607512623,7.251366975588007,44,1,30.0,0.45,20.0,1.0,25,1,200,0.002,100,10.0,1.0,0,36,0,0.72,0.34504915740280795,-0.4926025214909108,-0.5391417529805778,0.023863376098103902,0.03299934256510554,0.0424452276097482,1.7334104961390269,0.9578917753289449,0.3748013081465757,0.4144570874341384,1.0624374417593738,0.9419699870470735,1.00080183922669,284.65268115090925
1378,11378,11378,11378,07025ed,solver_extremeB_s2,1,1,1,success,65,32.06843904955598,25.2919202992119,4.854927809039312,59,1,30.0,0.45,20.0,1.0,25,1,200,0.002,100,10.0,1.0,0,41,0,0.6307692307692307,0.37012281440237227,-0.5693996360685907,0.12513778116710528,0.024230600595460696,0.031333982752446116,0.10874180606426587,1.9678618989009617,1.104594580167506,0.3544738093086709,0.5622176777705857,1.0113616308486224,0.9757880895511536,1.0874675650665981,291.2635367521463
1379,11379,11379,11379,07025ed,solver_extremeB_s2,0,1,0,timeout,200,349.5946797293942,nan,nan,-1,0,30.0,0.45,20.0,1.0,25,1,200,0.002,100,10.0,1.0,0,159,0,0.795,0.31561050209833497,-0.5403609846853619,-1.5781501453763513,0.027061210260018603,0.03892585678878461,0.07431942455640667,1.570740098023717,0.9226688253117875,0.3832925932982936,0.3479524449358109,1.0027874470487563,1.022935822243285,0.8790176043141336,7.638886592274474
1380,11380,11380,11380,07025ed,solver_extremeB_s2,1,1,1,success,54,27.298750738251005,26.600021728012873,5.022165993847933,48,1,30.0,0.45,20.0,1.0,25,1,200,0.002,100,10.0,1.0,0,42,0,0.7777777777777778,0.36044626977728733,-0.4580638880093667,-1.6241035909157115,0.027361852690539104,0.03846556904472545,0.0489706328423714,0.8273985440334916,0.6788136315585898,0.30404493583147185,0.38771054899198193,1.1332013827286291,0.9171229645558698,1.1301544244471766,284.8579914601262
1381,11381,11381,11381,07025ed,solver_extremeB_s2,1,1,1,success,55,26.248291503009284,25.388437115790413,4.936725454389411,46,1,30.0,0.45,20.0,1.0,25,1,200,0.002,100,10.0,1.0,0,43,0,0.7818181818181819,0.32287536232766073,-0.20429168281625798,0.8733712437615049,0.02601771301647633,0.03198061074944433,0.08826495009529281,1.7865732540753614,0.812725756462893,0.37933249209839354,0.5305918950821575,1.0238696737046602,1.0359718752144909,1.2093742070974196,284.0805849493952
1382,11382,11382,11382,07025ed,solver_extremeB_s2,1,1,1,success,46,17.57714865117202,17.134378623786308,2.9011374518207274,41,1,30.0,0.45,20.0,1.0,25,1,200,0.002,100,10.0,1.0,0,32,0,0.6956521739130435,0.3380449619636156,-0.32199823032302016,1.2151691359278534,0.02087559554888842,0.0346651370309682,0.099483854750316,0.8857346256575364,1.198913057659501,0.37694823178449177,0.21128364683079046,1.0334562819365394,0.9584512587960576,1.0663968375101165,283.26968576323793
1383,11383,11383,11383,07025ed,solver_extremeB_s2,1,1,1,success,65,20.640941522371417,23.038986678655096,4.759986810253469,58,1,30.0,0.45,20.0,1.0,25,1,200,0.002,100,10.0,1.0,0,51,0,0.7846153846153846,0.3425688269784779,-0.5829920551138689,-3.1392113812249347,0.022007835443744475,0.03495060288377172,0.09770849418375971,1.7677653563241875,1.1080249432577718,0.33495734029308877,0.6821827507083356,1.003536203435747,1.0127826096190355,1.0107994854001652,291.4364499073132
1384,11384,11384,11384,07025ed,solver_extremeB_s2,1,1,1,success,59,13.967516032230229,24.1879127607486,7.444858439055657,54,1,30.0,0.45,20.0,1.0,25,1,200,0.002,100,10.0,1.0,0,41,0,0.6949152542372882,0.38557751229867626,-0.33884851873609506,-0.500968490405298,0.027491935066252474,0.03761080681149246,0.03323583784285028,1.2290437840468627,0.9820401757025166,0.30869435538407913,0.5774410901616621,1.0344965522148204,1.0406139252262985,1.0020814015496318,285.86223977356633
1385,11385,11385,11385,07025ed,solver_extremeB_s2,1,1,1,success,49,26.97977598708399,36.65040043877633,2.625433656704515,41,1,30.0,0.45,20.0,1.0,25,1,200,0.002,100,10.0,1.0,0,42,0,0.8571428571428571,0.3387392026588053,-0.5080820486973603,0.7911794963655097,0.022333435170869564,0.037538522717026186,0.07702222870222925,1.1262648511911224,0.9831732253409124,0.3696304851645841,0.18101471048223994,0.9787837293380147,1.0491853380574994,1.108353473729443,282.5549116336948
1386,11386,11386,11386,07025ed,solver_extremeB_s2,1,1,1,success,69,11.364006346066379,6.020614196004878,5.499339144317461,51,1,30.0,0.45,20.0,1.0,25,1,200,0.002,100,10.0,1.0,0,59,0,0.855072463768116,0.32818022147939435,-0.6140890453254962,-1.1180521150830791,0.025080973789123207,0.039720555726193,0.09226514135844967,1.2068058268908495,1.1114339660970591,0.3460541433491831,0.45214445031563977,1.016621790260234,1.1170551697574989,0.9265646230482802,283.9621326756186
1387,11387,11387,11387,07025ed,solver_extremeB_s2,1,1,1,success,48,9.685391268458874,6.904532834291467,4.484565721854399,43,1,30.0,0.45,20.0,1.0,25,1,200,0.002,100,10.0,1.0,0,37,0,0.7708333333333334,0.32370336621746115,-0.20314828704158228,-2.571833127645284,0.02329005035021365,0.03659424090591389,0.08550658234597484,1.189727678001857,0.6438975981034446,0.35265924083390465,0.5044090864715557,1.020815345413293,1.0134430306068885,0.8564836854457485,281.2216623797451
1388,11388,11388,11388,07025ed,solver_extremeB_s2,1,1,1,success,50,22.2429806021748,24.188943916792383,9.277727239338905,44,1,30.0,0.45,20.0,1.0,25,1,200,0.002,100,10.0,1.0,0,29,0,0.58,0.3473564136492712,-0.4107284166158159,-0.9213716830872709,0.02265555369670292,0.0315087657191394,0.057861727044242126,1.0695505890737476,0.9301049983491531,0.30831117522173934,0.18648132694110592,1.0498693702983102,1.0874089776352316,1.087590718233266,284.60208043975354
1389,11389,11389,11389,07025ed,solver_extremeB_s2,1,1,1,success,55,7.3200530042758265,14.391294127745963,10.66362009437925,49,1,30.0,0.45,20.0,1.0,25,1,200,0.002,100,10.0,1.0,0,37,0,0.6727272727272727,0.3343470822183119,-0.5722207323579002,1.4045195441635423,0.021850731044365926,0.0324343470267988,0.08595894598955554,1.8585342858005687,0.9304148765352781,0.3655252022890781,0.350592285742772,0.9907278800250781,1.0234117888143577,1.358516156628257,287.6035630039606
1390,11390,11390,11390,07025ed,solver_extremeB_s2,1,1,1,success,47,8.463555828584994,9.077244245370242,0.5280119359932717,42,1,30.0,0.45,20.0,1.0,25,1,200,0.002,100,10.0,1.0,0,40,0,0.851063829787234,0.3635534586858805,-0.212676154929755,0.0820156900494804,0.02351826879987028,0.03871848826279564,0.05379778480265158,0.829662518579877,0.7093530057642461,0.34227493038024626,0.25790296730981854,1.0497410475416822,1.0548973392976677,1.099799110835479,280.5330947824644
1391,11391,11391,11391,07025ed,solver_extremeB_s2,1,1,1,success,50,21.35279994713052,24.7704476758154,1.3905329761056668,46,1,30.0,0.45,20.0,1.0,25,1,200,0.002,100,10.0,1.0,0,40,0,0.8,0.30112422909404507,-0.5787123278019546,-0.8382808552428833,0.02549887741644574,0.03455499555482273,0.06923533140383717,1.395887791664673,1.3559625476335435,0.38821970290372765,0.3637312047999569,1.112192590827556,0.9406839703304463,0.9457449583911057,272.22960218849937
1392,11392,11392,11392,07025ed,solver_extremeB_s2,1,1,1,success,67,30.766011797520193,24.026102459421164,12.972179149523537,57,1,30.0,0.45,20.0,1.0,25,1,200,0.002,100,10.0,1.0,0,49,0,0.7313432835820896,0.35618632476593376,-0.5654663621003134,-2.991915743170343,0.022766475457728298,0.03430842972400393,0.04787186806784131,1.2733487392311549,0.7025261962865792,0.32904560155360524,0.6131526189368135,1.0253889612127896,1.0887462534714325,1.0240844539304435,291.12762511255784
1393,11393,11393,11393,07025ed,solver_extremeB_s2,1,1,1,success,47,16.570378831967844,23.67575145484444,7.060380451696979,40,1,30.0,0.45,20.0,1.0,25,1,200,0.002,100,10.0,1.0,0,35,0,0.7446808510638298,0.3703930846202158,-0.20544389696157261,-1.099345667620668,0.021443719134760567,0.034086835353026236,0.03715517295018867,1.086602300704541,1.3552141770883042,0.34650712888257873,0.48945510298413697,1.0776984187850942,1.0373819580914063,1.1437370115475813,283.15791660431876
1394,11394,11394,11394,07025ed,solver_extremeB_s2,1,1,1,success,54,28.344288635005597,35.97189305164852,8.116276586107471,49,1,30.0,0.45,20.0,1.0,25,1,200,0.002,100,10.0,1.0,0,40,0,0.7407407407407407,0.3036420695789853,-0.4101743506084599,-1.2245176485233842,0.026518338766763162,0.033317366534787646,0.08189786309603447,1.2325620321433908,1.0854243933790308,0.30579654301876363,0.6169719513364678,0.9440058648477292,0.9990886872933586,0.9324763767589221,286.28643224437013
1395,11395,11395,11395,07025ed,solver_extremeB_s2,1,1,1,success,55,34.39502778721793,15.577361541713776,13.242506140080536,46,1,30.0,0.45,20.0,1.0,25,1,200,0.002,100,10.0,1.0,0,43,0,0.7818181818181819,0.374637719564709,-0.2620437172190393,-2.1673779015472965,0.02474312262670086,0.030165801494404013,0.04059530219995462,0.8324208603510729,0.9622272621478767,0.38923773053572863,0.1916938920645753,1.0701960504619925,1.0413350318346513,1.0949434371707572,271.59527963883454
1396,11396,11396,11396,07025ed,solver_extremeB_s2,1,1,1,success,67,31.174349550166216,23.84264511912199,12.87130420490268,53,1,30.0,0.45,20.0,1.0,25,1,200,0.002,100,10.0,1.0,0,54,0,0.8059701492537313,0.36230223499102077,-0.4947322069991512,-0.9184393122301215,0.020507332257015357,0.03079815548278948,0.09740233170350861,1.9886836616871977,0.9425545126331822,0.386691125590468,0.6416011782492049,0.9625844417603008,1.017982537121719,0.9745592023643473,288.2696450907167
1397,11397,11397,11397,07025ed,solver_extremeB_s2,1,1,1,success,54,7.451974761341408,6.7725844063643965,10.23192179388233,49,1,30.0,0.45,20.0,1.0,25,1,200,0.002,100,10.0,1.0,0,28,0,0.5185185185185185,0.32009208245302473,-0.5608058285217861,0.04733470414894381,0.021192344963824276,0.03508798259195087,0.030746112322166477,1.9736380487216991,0.6075363937673961,0.3483545066561357,0.31045057695003814,0.955961479688021,0.9859485733923617,0.9158884953964006,288.7315442484903
1398,11398,11398,11398,07025ed,solver_extremeB_s2,1,1,1,success,62,22.89104608770075,22.292325957172007,14.379077433000717,56,1,30.0,0.45,20.0,1.0,25,1,200,0.002,100,10.0,1.0,0,46,0,0.7419354838709677,0.3666657267533421,-0.3370706612346893,0.8956704822604671,0.025816966037585213,0.03224631139528183,0.09367721424720309,1.1386420617696955,1.389038636775373,0.3815738877985926,0.5247449650743691,1.0356825630207196,0.9847682341938774,1.2862490138238174,283.56049119823274
1399,11399,11399,11399,07025ed,solver_extremeB_s2,1,1,1,success,57,12.72666910404949,14.492263980492838,9.242188744277195,51,1,30.0,0.45,20.0,1.0,25,1,200,0.002,100,10.0,1.0,0,41,0,0.7192982456140351,0.3513198117127652,-0.7137207177028556,2.5552572534766025,0.02205596820256935,0.035326826133935,0.09208475297863829,1.2858773653009177,0.9009147567824018,0.3673218039296626,0.23450215018359719,0.9415346703535205,1.037469945215109,1.1130425935200257,289.9977269821871
1400,11400,11400,11400,07025ed,solver_extremeB_s2,1,1,1,success,55,19.362345099741198,13.228014991750323,8.20225186670575,46,1,30.0,0.45,20.0,1.0,25,1,200,0.002,100,10.0,1.0,0,45,0,0.8181818181818182,0.3520100961592342,-0.24172929500770202,1.714326858620426,0.02089633760140097,0.03844297854886279,0.06352447130688757,1.1462942873581516,1.3574012577489964,0.348826982737892,0.6721197741415266,0.9745743788424311,0.9858066425662839,1.065523140394706,284.21238069460543
1401,11401,11401,11401,07025ed,solver_extremeB_s2,1,1,1,success,53,24.589971761871517,27.39519307208058,2.955054773841684,47,1,30.0,0.45,20.0,1.0,25,1,200,0.002,100,10.0,1.0,0,41,0,0.7735849056603774,0.37417527579255166,-0.37442650537404415,-2.360432681506797,0.026913412180335126,0.033168319378086536,0.08235848667601628,1.7027644333073266,1.096543423668231,0.31982638333480345,0.6453392318858356,0.9857607867101439,1.0998495072375871,1.039135422697262,285.9583304326371
1402,11402,11402,11402,07025ed,solver_extremeB_s2,1,1,1,success,58,23.338213512522216,24.826880732117196,7.588233696816808,52,1,30.0,0.45,20.0,1.0,25,1,200,0.002,100,10.0,1.0,0,43,0,0.7413793103448276,0.37648491378123483,-0.3315568007542553,-0.7200336015254023,0.027432399936869238,0.03606533831902989,0.061229116588260794,1.596750357612065,1.1310449015067792,0.3636392924266148,0.5614736296379238,0.9643330892787505,1.0088755860182725,1.1815415876757913,285.85505444836156
1403,11403,11403,11403,07025ed,solver_extremeB_s2,0,0,0,timeout,200,429.5858936811608,nan,nan,-1,1,30.0,0.45,20.0,1.0,25,1,200,0.002,100,10.0,1.0,0,196,0,0.98,0.3307784578967524,-0.6843483950720609,1.4048777698191506,0.025375516532831082,0.034376443551538446,0.06921155215645941,1.7778488707176099,1.0448819482912606,0.3287793058601208,0.6554041756963508,0.9996161535345024,1.0484167173150367,1.0603126972086312,-1.290535085315439
1404,11404,11404,11404,07025ed,solver_extremeB_s2,1,1,1,success,60,23.32545384871782,35.423573226130955,16.136784200930787,51,1,30.0,0.45,20.0,1.0,25,1,200,0.002,100,10.0,1.0,0,47,0,0.7833333333333333,0.3507651436535839,-0.5815719035393644,2.8207326817025145,0.026889381874260317,0.030909313430711426,0.0326530394702512,1.557591324518867,0.9879258277086149,0.3035980585328297,0.5531454106099635,1.055050196742539,1.1082127078536657,1.0310113806385672,289.5675968162233
1405,11405,11405,11405,07025ed,solver_extremeB_s2,1,1,1,success,46,9.179680680307165,21.850191077999003,10.118800016940941,37,1,30.0,0.45,20.0,1.0,25,1,200,0.002,100,10.0,1.0,0,33,0,0.717391304347826,0.3063359734338949,-0.451921326296881,3.0928927894680998,0.02540658715346317,0.037160897509647364,0.07302301120366159,0.8494310968609442,0.646853858004618,0.33393759003139806,0.20782394577177468,0.9507053222788376,1.0456880136182958,1.1171678545778732,283.21669183625346
1406,11406,11406,11406,07025ed,solver_extremeB_s2,1,1,1,success,53,16.418560255291467,10.159407596443183,7.63531702281503,47,1,30.0,0.45,20.0,1.0,25,1,200,0.002,100,10.0,1.0,0,38,0,0.7169811320754716,0.344333943659934,-0.6325987972720114,1.8687587561040004,0.021329378208636503,0.02999974711611482,0.06748145949350781,1.8495805639389629,1.3175834538347113,0.33706004463542666,0.24424415614118872,1.1090704687963184,1.0466152335165966,1.06234813216062,287.45038283606124
1407,11407,11407,11407,07025ed,solver_extremeB_s2,1,1,1,success,63,19.475754547336372,34.08446557387437,21.504047050002505,57,1,30.0,0.45,20.0,1.0,25,1,200,0.002,100,10.0,1.0,0,46,0,0.7301587301587301,0.3805243798404854,-0.578531683057053,-0.7368875117735518,0.020415754198061974,0.03597151667268839,0.10300218125593534,1.2465662156342503,1.381596730145875,0.35346504322070327,0.5790320380700407,1.0736731106436619,1.0635798335050424,1.034562408108086,293.09894532011026
1408,11408,11408,11408,07025ed,solver_extremeB_s2,1,1,1,success,53,39.44643652350481,35.56646903230371,8.634307218008853,46,1,30.0,0.45,20.0,1.0,25,1,200,0.002,100,10.0,1.0,0,42,0,0.7924528301886793,0.33485985869234897,-0.3830822582653673,2.4028781252173346,0.02293922374708844,0.03085246253835286,0.11108366756602589,1.6997899401673475,0.6587049856214221,0.30272666300826784,0.7199567445714887,1.0278638270816465,1.14290630717395,0.9173676994688351,287.7393981072294
1409,11409,11409,11409,07025ed,solver_extremeB_s2,1,1,1,success,69,30.534220077484058,24.840676416765508,9.426650606958347,61,1,30.0,0.45,20.0,1.0,25,1,200,0.002,100,10.0,1.0,0,55,0,0.7971014492753623,0.36721384495387704,-0.547147420433236,-0.5855154809933367,0.02186193512345684,0.03375764119869329,0.03384082045843503,1.1314356070729354,0.8509569491249602,0.31157691876077814,0.7279323233179771,1.024132306542474,1.1084697060513657,1.2340419101911781,293.6579057100265
1410,11410,11410,11410,07025ed,solver_extremeB_s2,1,1,1,success,45,40.832090128753485,20.66138018673243,14.188855478638239,39,1,30.0,0.45,20.0,1.0,25,1,200,0.002,100,10.0,1.0,0,30,0,0.6666666666666666,0.3079262791659755,-0.3365696701419406,-1.8075277408938484,0.02717997275348426,0.03475018296773025,0.07033677451188358,1.008577326117922,1.0625448082467481,0.30474730899098434,0.20989779602896233,0.980139260170586,1.0026857359786983,1.095265541169664,281.0620795613801
1411,11411,11411,11411,07025ed,solver_extremeB_s2,1,1,1,success,69,32.5743740860799,24.153515157932787,9.763208363575114,62,1,30.0,0.45,20.0,1.0,25,1,200,0.002,100,10.0,1.0,0,49,0,0.7101449275362319,0.3199091758942351,-0.7101760372073749,2.728822075700414,0.024344733064383665,0.03696953354850673,0.1167659450152763,0.8212306073298575,1.2402599772531748,0.31230575054413107,0.7048318457812845,1.0056424782998523,0.9809567674950339,1.109392476238408,293.46911467650006
1412,11412,11412,11412,07025ed,solver_extremeB_s2,0,1,0,object_lost,71,296.129087220011,191.2377185012542,504.8429026092679,34,0,30.0,0.45,20.0,1.0,25,1,200,0.002,100,10.0,1.0,0,64,0,0.9014084507042254,0.34624372801349507,-0.6410288125595527,-0.4679767623356663,0.02411021678009252,0.03703696908573307,0.09094718203341481,0.886000410463108,1.1913719315440534,0.34212717928036473,0.21206593383338007,0.9585453692751464,1.0490782085207928,0.9212440072298727,-156.66070555936884
1413,11413,11413,11413,07025ed,solver_extremeB_s2,1,1,1,success,57,20.13704179065844,21.488505301727713,2.868992745117351,49,1,30.0,0.45,20.0,1.0,25,1,200,0.002,100,10.0,1.0,0,36,0,0.631578947368421,0.3534733658088453,-0.3926480065401127,-1.6803093270121945,0.021398058241427213,0.038560048728702064,0.10291588824501202,1.83400736515221,0.8912944023001143,0.34048904738353786,0.5594468780898775,0.9983658451618258,1.079358605743979,1.1160282063321705,287.4610588832474
1414,11414,11414,11414,07025ed,solver_extremeB_s2,0,1,0,timeout,200,102.54906692636527,38.12682827220079,122.76361401505133,62,1,30.0,0.45,20.0,1.0,25,1,200,0.002,100,10.0,1.0,0,183,0,0.915,0.3476662168774865,-0.6704025001929887,-0.08989428544521783,0.026312707293315033,0.03493034965583739,0.10687482852621544,1.141897022768632,0.911267354887541,0.3329648370350237,0.657432151027062,1.0278967195779822,0.9862874322054032,1.1268172923615845,50.33808113971464
1415,11415,11415,11415,07025ed,solver_extremeB_s2,1,1,1,success,45,16.537607726339548,13.97469398018728,5.461989389130776,40,1,30.0,0.45,20.0,1.0,25,1,200,0.002,100,10.0,1.0,0,34,0,0.7555555555555555,0.34030333064416785,-0.2679863221170227,0.9434103625955439,0.02738735676742879,0.03022507601376381,0.04003401523013693,1.777183263526085,0.7646140904183684,0.3300383847977821,0.3685432325594907,1.0543203238633811,1.0757478104790397,1.0137390536057285,280.8695460764833
1416,11416,11416,11416,07025ed,solver_extremeB_s2,0,1,0,object_lost,119,373.24222616656226,nan,nan,-1,0,30.0,0.45,20.0,1.0,25,1,200,0.002,100,10.0,1.0,0,112,0,0.9411764705882353,0.34423966953886703,-0.6785844275600343,2.565760523543137,0.023679513512182754,0.039016797399303596,0.05602333645271863,1.5895077030659681,0.8342532908866691,0.3499454784624784,0.3020770175369328,1.0521297627795472,0.9671749049199301,1.2176599699436976,-166.41675179046808
1417,11417,11417,11417,07025ed,solver_extremeB_s2,0,1,0,unsafe,21,232.81948763158232,nan,nan,-1,1,30.0,0.45,20.0,1.0,25,1,200,0.002,100,10.0,1.0,0,14,0,0.6666666666666666,0.32622310006936384,-0.2989095011798544,-2.2432294320779276,0.025763129565509354,0.034713086451810066,0.04169951999440064,0.9989242661035999,1.0920082572237355,0.30329464910766535,0.4542759867697745,1.0010452792681106,0.986249704117267,0.9466315648745421,-16.30989979527108
1418,11418,11418,11418,07025ed,solver_extremeB_s2,1,1,1,success,79,38.571455318819375,15.233746626739707,27.092484171258935,57,1,30.0,0.45,20.0,1.0,25,1,200,0.002,100,10.0,1.0,0,62,0,0.7848101265822784,0.3732444666939267,-0.5083617912233372,1.500103058861094,0.025432590826241913,0.037246738931850924,0.05927859927466993,1.1007267772228684,0.7475008958172744,0.36915187158082463,0.7073825487936822,1.0275866188359,1.0483335366065607,0.935336326598556,287.6601883038896
1419,11419,11419,11419,07025ed,solver_extremeB_s2,1,1,1,success,66,40.5754448535368,32.28018920988797,14.24152799557111,61,1,30.0,0.45,20.0,1.0,25,1,200,0.002,100,10.0,1.0,0,49,0,0.7424242424242424,0.3609767368110546,-0.5723496662328388,1.5358077828548602,0.02491941420644381,0.036875689190050735,0.06321238208561056,1.799318128116024,0.7766747776651107,0.37193339778208306,0.7159307214845277,1.0320649088375464,1.0402135998672255,1.2064098811719957,292.0899912207026
1420,11420,11420,11420,07025ed,solver_extremeB_s2,1,1,1,success,56,27.54362346202087,15.688675313526812,15.458597326659547,51,1,30.0,0.45,20.0,1.0,25,1,200,0.002,100,10.0,1.0,0,49,0,0.875,0.331956561438961,-0.5455175085921637,-2.4281420959274733,0.024640337988345307,0.03354685170016359,0.050546818711952754,1.7786593728063633,0.8090531391069056,0.35356166742496864,0.5933533586194767,1.0348758201824355,0.9517958406643521,1.0432587645168216,287.7967565858942
1421,11421,11421,11421,07025ed,solver_extremeB_s2,1,1,1,success,62,26.862856924693876,18.312902775835262,9.355944336120182,57,1,30.0,0.45,20.0,1.0,25,1,200,0.002,100,10.0,1.0,0,42,0,0.6774193548387096,0.36111973830737526,-0.5793880721972171,-1.5744301022012062,0.026944659561047288,0.03636076554727284,0.04461591153854676,1.3748838542984054,0.6062003353335679,0.3508819676349558,0.3801458869943772,1.0114178204843896,1.040116447783714,1.1893380631113124,288.2787763772259
1422,11422,11422,11422,07025ed,solver_extremeB_s2,1,1,1,success,67,10.9000166102196,15.337345757522773,3.5699648308833893,57,1,30.0,0.45,20.0,1.0,25,1,200,0.002,100,10.0,1.0,0,48,0,0.7164179104477612,0.34746063502783786,-0.5244424056161293,-0.37429242211879554,0.025678781383011776,0.030975551109016612,0.08293117291068489,1.6244319331009833,0.6825030356987507,0.3055193515997906,0.6211850481895247,1.0064398974325477,0.9855988793844067,0.9890474576601791,287.2757487860474
1423,11423,11423,11423,07025ed,solver_extremeB_s2,1,1,1,success,71,31.94363399635643,39.95698232754744,15.161635187299414,57,1,30.0,0.45,20.0,1.0,25,1,200,0.002,100,10.0,1.0,0,44,0,0.6197183098591549,0.34588355261716386,-0.6344788680257786,-3.0928968452019854,0.02517592559531244,0.03949493225591244,0.030965832169635697,1.8644239200815766,1.1908746895453044,0.3302399269204525,0.43769660582135295,0.9212344988919338,0.9260464699297053,1.0478886689878502,288.43717869175305
1424,11424,11424,11424,07025ed,solver_extremeB_s2,1,1,1,success,63,30.26767714976405,24.5531170726655,2.721723217830016,57,1,30.0,0.45,20.0,1.0,25,1,200,0.002,100,10.0,1.0,0,44,0,0.6984126984126984,0.33318994416859926,-0.6012135128006901,-1.9057281067291822,0.022942496251526296,0.035676439089305255,0.10222684356052669,1.1901738173286138,0.7049482388895987,0.3802760412014104,0.4631240318407187,0.9988975293779987,1.051751348810806,1.043459165293398,288.1638051348856
1425,11425,11425,11425,07025ed,solver_extremeB_s2,1,1,1,success,45,30.652782910332515,27.741068302688006,9.157696789235558,39,1,30.0,0.45,20.0,1.0,25,1,200,0.002,100,10.0,1.0,0,35,0,0.7777777777777778,0.3584357867312098,-0.21135013645508738,2.3945785103834467,0.025532640428072,0.03574813172637899,0.09580610756710002,1.8381061645542265,1.0559068730477341,0.339076654221933,0.47240262478386064,1.1116551852478087,1.0372205915851918,1.1135619058815844,282.4364976285582
1426,11426,11426,11426,07025ed,solver_extremeB_s2,1,1,1,success,64,11.629529646775154,13.173543600239821,5.736828184442743,56,1,30.0,0.45,20.0,1.0,25,1,200,0.002,100,10.0,1.0,0,41,0,0.640625,0.3098082586677661,-0.717353075891334,1.1665877751958451,0.021147331513663686,0.03699813890654531,0.04561849547409688,1.079581707835796,0.6120348411005789,0.38159609184481436,0.31881994972248184,1.0041393854742833,0.9871956222880819,1.129663733027899,291.4211032847214
1427,11427,11427,11427,07025ed,solver_extremeB_s2,0,1,1,timeout,200,23.815034700144285,35.30873662715219,0.0,200,1,30.0,0.45,20.0,1.0,25,1,200,0.002,100,10.0,1.0,0,189,0,0.945,0.30137898370322125,-0.7268559925214807,-1.7302160561389992,0.025554370855769903,0.03463520271146001,0.030832425566805478,1.9477276444682345,1.2629975469985872,0.34348243026219255,0.3370663917291513,0.9853596615869871,0.9916064647064455,1.030234155264627,75.8536342197334
1428,11428,11428,11428,07025ed,solver_extremeB_s2,1,1,1,success,53,31.83627448428547,32.28210687385976,11.184241869707822,47,1,30.0,0.45,20.0,1.0,25,1,200,0.002,100,10.0,1.0,0,42,0,0.7924528301886793,0.3785766568927195,-0.36130648108043906,-1.1463371227543582,0.027473131330412383,0.03712295254119372,0.09198193492451562,1.6271569086619113,0.6021529479657153,0.33104430820943687,0.4631950425262714,1.0231237569432226,1.005919521880233,1.0122961973449933,283.4301637355925
1429,11429,11429,11429,07025ed,solver_extremeB_s2,1,1,1,success,53,27.339636808055314,29.785900596324048,3.3243405179845613,45,1,30.0,0.45,20.0,1.0,25,1,200,0.002,100,10.0,1.0,0,35,0,0.660377358490566,0.31464203127637785,-0.47129176227355496,0.5623184703279396,0.022025826607471287,0.03864287731848601,0.06723415401824076,1.7390894871942715,0.986829524470286,0.38590287964901443,0.39403299651521173,1.089602610866883,1.0714342365494967,1.023496338755677,283.74472762971385
1430,11430,11430,11430,07025ed,solver_extremeB_s2,1,1,1,success,46,9.971127753675297,28.75168023882543,17.10453618373168,40,1,30.0,0.45,20.0,1.0,25,1,200,0.002,100,10.0,1.0,0,35,0,0.7608695652173914,0.3031631683271936,-0.19896607172484548,0.9611813642012201,0.02537027065040297,0.03369865463586923,0.0891126568855947,1.6724445676594375,1.1210522883434226,0.36243471531990007,0.5032052966303392,1.0421213641467248,0.9994717532725856,1.1393996585642219,281.96286341099085
1431,11431,11431,11431,07025ed,solver_extremeB_s2,1,1,1,success,64,44.23108968003524,25.857033285229903,13.088448351018704,53,1,30.0,0.45,20.0,1.0,25,1,200,0.002,100,10.0,1.0,0,51,0,0.796875,0.3581569466365119,-0.2200441552602781,0.14603653505706315,0.022591019385511536,0.03942400199114364,0.11667977327427051,1.2192215276058533,0.8610897395170249,0.3752592202678889,0.6076834506057978,1.0538429363919337,1.0409950282251266,1.0038972063382803,284.2414943572483
1432,11432,11432,11432,07025ed,solver_extremeB_s2,1,1,1,success,50,24.85227671697721,30.58494825247799,13.996822245577123,41,1,30.0,0.45,20.0,1.0,25,1,200,0.002,100,10.0,1.0,0,40,0,0.8,0.3673270916004937,-0.2952399123023701,-1.3256482310186017,0.02086253960032438,0.036242560469935674,0.0757112170938394,0.9330024036765501,1.1203915236209614,0.34877462334658865,0.4785144998383677,1.0752326426147574,1.0082171015186143,1.0598876862514568,282.1222964259327
1433,11433,11433,11433,07025ed,solver_extremeB_s2,0,1,0,timeout,200,119.48565302303481,121.82456096611544,6.116376389302768,40,1,30.0,0.45,20.0,1.0,25,1,200,0.002,100,10.0,1.0,0,179,0,0.895,0.36742118920365097,-0.23375531308810243,-1.531808597414195,0.02643238086870394,0.039094983494013795,0.1187823119244767,1.8145155526171854,0.6898067255440884,0.31204317917803154,0.6907937448144045,1.0335728156325323,1.0290070715642707,0.9238111886438701,6.526230533864451
1434,11434,11434,11434,07025ed,solver_extremeB_s2,1,1,1,success,54,22.687006414615052,13.864728247888864,2.714182583694465,48,1,30.0,0.45,20.0,1.0,25,1,200,0.002,100,10.0,1.0,0,37,0,0.6851851851851852,0.3830656796787315,-0.5273633306949203,0.4844147888361321,0.023140157540362537,0.03793099540649395,0.06958851834668295,1.7270679851301758,0.91823151467605,0.3276612016043921,0.39681787630821075,1.08482892698076,1.1046133529868318,1.0794689531430037,288.2104686683808
1435,11435,11435,11435,07025ed,solver_extremeB_s2,1,1,1,success,65,30.605291277836557,26.847387300198964,1.571730510574798,60,1,30.0,0.45,20.0,1.0,25,1,200,0.002,100,10.0,1.0,0,53,0,0.8153846153846154,0.3744485336496963,-0.4728711836882468,-0.06791985755630536,0.02556268529988837,0.03781555942764256,0.0374448164748922,0.8446608899459566,0.7374374546952029,0.3621670526231533,0.7167612963975922,1.0198105657111076,0.966142250840756,0.966399204888611,289.8036386082829
1436,11436,11436,11436,07025ed,solver_extremeB_s2,1,1,1,success,47,9.243126871003282,8.679066428282795,1.911227059748736,41,1,30.0,0.45,20.0,1.0,25,1,200,0.002,100,10.0,1.0,0,28,0,0.5957446808510638,0.3266292277135959,-0.34847049165700567,-0.7908761125096069,0.025907188928247685,0.03313460995670993,0.05594844892047923,1.5930637815441682,0.6025538069985935,0.3336204126784031,0.21106818671082425,1.0200165550720857,1.0695077055579778,1.1296729041186042,282.002778429777
1437,11437,11437,11437,07025ed,solver_extremeB_s2,1,1,1,success,55,7.8731326729866575,6.743892311021769,1.663701403313117,52,1,30.0,0.45,20.0,1.0,25,1,200,0.002,100,10.0,1.0,0,41,0,0.7454545454545455,0.3663659419303269,-0.5669910911432667,-2.91386754735011,0.02440113548131786,0.03852996810760422,0.058172066192697505,1.2990451212624219,1.0804883413743358,0.3311661617012576,0.2105494072256027,0.9896630767400101,1.0341144444099024,1.171113363490839,287.62835488162546
1438,11438,11438,11438,07025ed,solver_extremeB_s2,1,1,1,success,56,12.079264419903145,15.52248823695612,8.78024542551568,48,1,30.0,0.45,20.0,1.0,25,1,200,0.002,100,10.0,1.0,0,40,0,0.7142857142857143,0.3070377303604643,-0.29855825850612616,-1.8905872916204967,0.02106391305534579,0.03828435647124895,0.036669716775905206,1.9490558959002342,1.2190849774708172,0.3562663918176061,0.5447816212332541,1.0712727670777689,1.0914202792458825,1.2163746282155756,284.4854263784139
1439,11439,11439,11439,07025ed,solver_extremeB_s2,1,1,1,success,64,21.145917635638348,21.84869696269863,17.11050729032867,56,1,30.0,0.45,20.0,1.0,25,1,200,0.002,100,10.0,1.0,0,48,0,0.75,0.354416210238143,-0.6352107582103984,1.0703593049890063,0.023936537034069522,0.039340069255542016,0.09063540434580276,1.6964395611298726,1.2550442932604824,0.32893570821936857,0.6811130279244174,1.0730909589866457,1.0421897792593806,1.0136295086195064,291.8479650526802
1440,11440,11440,11440,07025ed,solver_extremeB_s2,1,1,1,success,61,22.168739093558365,14.05723853209835,0.42727274723115893,55,1,30.0,0.45,20.0,1.0,25,1,200,0.002,100,10.0,1.0,0,48,0,0.7868852459016393,0.3757192403044884,-0.6995777708514724,-1.588159453763397,0.022133031930725102,0.03644392475703986,0.08447132310874476,1.197465915796693,1.2167491669940609,0.30096240393230295,0.356986650878434,1.0314575051630919,1.0450642164578547,1.1059467635020805,290.63183996827905
1441,11441,11441,11441,07025ed,solver_extremeB_s2,1,1,1,success,61,18.248715116004313,22.709974928592345,14.01632298504802,51,1,30.0,0.45,20.0,1.0,25,1,200,0.002,100,10.0,1.0,0,43,0,0.7049180327868853,0.38701923124429716,-0.6231552678878881,-3.0143959791742216,0.025574315888995086,0.03820194777906369,0.061474418546413036,1.1685138104164123,0.9195275055634498,0.36637719617967857,0.2674339310523013,1.021299849525479,0.9380608391870935,1.1713764110064497,288.68866686717666
1442,11442,11442,11442,07025ed,solver_extremeB_s2,1,1,1,success,62,26.547076506085737,34.325565008360805,1.2559056051975865,57,1,30.0,0.45,20.0,1.0,25,1,200,0.002,100,10.0,1.0,0,33,0,0.532258064516129,0.306447355742492,-0.6009406572687916,-0.5677316717643524,0.0255859309637099,0.03472284207502874,0.09670714690328351,1.7640750466518464,0.8953760127877495,0.3384033909509152,0.5542749689022756,0.9858661912694925,0.9770263875407176,1.0250814232192778,291.77564969514697
1443,11443,11443,11443,07025ed,solver_extremeB_s2,1,1,1,success,54,11.777556229973555,11.318908993202152,0.14148457170827689,51,1,30.0,0.45,20.0,1.0,25,1,200,0.002,100,10.0,1.0,0,39,0,0.7222222222222222,0.3797016786619878,-0.352235998128103,-2.4616919141936044,0.024773336774758833,0.03648597320707374,0.08084823782720776,0.859328688526064,0.881697443351697,0.34531775266244646,0.3142936524571569,1.053542350745124,1.0732559230071412,0.9560250848901388,284.33031715418133
1444,11444,11444,11444,07025ed,solver_extremeB_s2,1,1,1,success,55,15.394854537822074,22.768647501487038,18.201407715830214,47,1,30.0,0.45,20.0,1.0,25,1,200,0.002,100,10.0,1.0,0,44,0,0.8,0.3670208095162012,-0.5484499177152796,-0.8023492076593053,0.023772858365289338,0.034348836860074033,0.08887294619720332,1.808410989722973,0.7918020463945225,0.3325969031930002,0.3290422936093063,1.0207949834382013,0.9867199898900179,1.0648035903831072,288.2589007494908
1445,11445,11445,11445,07025ed,solver_extremeB_s2,1,1,1,success,52,14.616848161673643,15.513177634755905,2.8234907237232574,44,1,30.0,0.45,20.0,1.0,25,1,200,0.002,100,10.0,1.0,0,40,0,0.7692307692307693,0.33818997707695225,-0.5105006321082898,0.2758985364372757,0.025283263903944513,0.036031846142879416,0.10678117706576394,1.7892108398907947,0.8309687295023936,0.338197506322084,0.29355653572689283,0.9815567690635685,0.9802189862028369,1.2579115051078935,283.269563498753
1446,11446,11446,11446,07025ed,solver_extremeB_s2,1,1,1,success,60,20.804334452035075,28.76586471571098,17.94784679499965,55,1,30.0,0.45,20.0,1.0,25,1,200,0.002,100,10.0,1.0,0,38,0,0.6333333333333333,0.3357321302008308,-0.6195378579109864,-1.5422737194457798,0.02480345517646667,0.031151234386713772,0.10247750940009505,1.445335076875705,1.0610009210674007,0.3174283501953391,0.5168651219921665,1.0145559456833513,1.053400038678644,0.8943965121085131,289.0155735534535
1447,11447,11447,11447,07025ed,solver_extremeB_s2,1,1,1,success,48,26.411050555587572,34.61659256006678,9.40609423730487,42,1,30.0,0.45,20.0,1.0,25,1,200,0.002,100,10.0,1.0,0,32,0,0.6666666666666666,0.3354032393716223,-0.19656329707516662,-1.1033992251210347,0.020869462222713322,0.0340919242135593,0.04058118448433961,1.0370690831070157,1.262771205384409,0.3147785267103143,0.6791652173157802,1.0249977169987154,0.9428385139147464,1.069684278034348,284.9334250171552
1448,11448,11448,11448,07025ed,solver_extremeB_s2,1,1,1,success,69,18.825786105383138,20.07689699914142,6.997264630240261,64,1,30.0,0.45,20.0,1.0,25,1,200,0.002,100,10.0,1.0,0,53,0,0.7681159420289855,0.3761691392427897,-0.6841336804499846,-0.5318412734613331,0.026350540249607948,0.03132002940325144,0.1179605204032042,1.2639120553766643,1.3348607827637808,0.33138536417718695,0.6124792350859143,0.9378997439836689,1.0313293041690024,0.921127720169423,296.4730067651012
1449,11449,11449,11449,07025ed,solver_extremeB_s2,0,0,0,unsafe,19,371.43537732387654,nan,nan,-1,0,30.0,0.45,20.0,1.0,25,1,200,0.002,100,10.0,1.0,0,17,0,0.8947368421052632,0.3086983474073501,-0.6842259910109254,1.508644718695865,0.02153846174223035,0.03855025545952843,0.10774913308583739,1.1098407564789015,0.913817917911563,0.37822834503235037,0.3885030316993419,1.0904353222843768,1.0018726871316253,1.1607581157595264,-39.88481301560097
1450,11450,11450,11450,07025ed,solver_extremeB_s2,1,1,1,success,49,18.225139739606217,17.010880375656594,15.986525651453375,43,1,30.0,0.45,20.0,1.0,25,1,200,0.002,100,10.0,1.0,0,21,0,0.42857142857142855,0.3020257046848485,-0.46865517133369117,-1.3585994278255862,0.024230797153876663,0.032005747925362,0.09832876358402076,1.440040560798217,0.6546174551971602,0.32970553141014486,0.267343470132041,1.0142220483604305,1.0332217972119964,1.0986019365383046,284.49872058017814
1451,11451,11451,11451,07025ed,solver_extremeB_s2,1,1,1,success,50,18.432414693028853,20.93672520317448,3.309588972052036,43,1,30.0,0.45,20.0,1.0,25,1,200,0.002,100,10.0,1.0,0,38,0,0.76,0.3010371502162011,-0.2939432528842284,2.822353968369404,0.02240964714864128,0.036470426798333976,0.06027588336190352,0.8040437302504838,0.7033821088425662,0.32254013072741117,0.6020139750375907,1.0409055466814452,0.9757655944222293,1.1141252130865613,283.6216299036667
1452,11452,11452,11452,07025ed,solver_extremeB_s2,1,1,1,success,69,20.416367821126524,17.490019043916696,16.76493258621132,59,1,30.0,0.45,20.0,1.0,25,1,200,0.002,100,10.0,1.0,0,49,0,0.7101449275362319,0.38396111797153387,-0.725283295071283,-1.9646891468753613,0.023550684348606833,0.03648190776082086,0.031061322733803708,1.3102978242183352,1.0387497732902637,0.36812052679852636,0.5086075003417618,1.064724685907659,1.0053010680194063,1.0583891168320143,294.1897192410377
1453,11453,11453,11453,07025ed,solver_extremeB_s2,1,1,1,success,49,19.590129913958055,31.46025960066548,14.41867620730497,45,1,30.0,0.45,20.0,1.0,25,1,200,0.002,100,10.0,1.0,0,30,0,0.6122448979591837,0.311252348853507,-0.2749096780857662,0.33579479930443856,0.026611650504777238,0.032047796320358715,0.07919412713179716,1.4541838421676485,1.3013306487554717,0.32681884265809025,0.44430312432847313,0.9466150197614297,1.0420596250659306,1.0166127162014786,282.40747451392315
1454,11454,11454,11454,07025ed,solver_extremeB_s2,1,1,1,success,51,27.405614886181493,21.639186203563032,10.770966126923971,45,1,30.0,0.45,20.0,1.0,25,1,200,0.002,100,10.0,1.0,0,31,0,0.6078431372549019,0.34861783766706955,-0.1822472795260207,-0.8316232504141512,0.024442316895873714,0.03827910302058988,0.11181441977835808,1.9444693438735052,1.241477156802941,0.3429400098743131,0.3354544402535262,0.9414398036249778,1.0172764538744157,1.0998880725768458,281.301406027076
1455,11455,11455,11455,07025ed,solver_extremeB_s2,1,1,1,success,56,15.149940048203693,12.24903706955879,7.331033016920359,51,1,30.0,0.45,20.0,1.0,25,1,200,0.002,100,10.0,1.0,0,42,0,0.75,0.3242980722112003,-0.6049016599900532,-0.011906614450849506,0.024491615967252876,0.03092013249017489,0.10669890748109319,1.9285181327730663,0.8768108854375186,0.37864105870219483,0.3450208600587792,0.8824583551030253,0.9034857485526417,1.0958429653208117,289.3994799826021
1456,11456,11456,11456,07025ed,solver_extremeB_s2,1,1,1,success,63,24.47225507979723,27.44402360620156,24.413820094564766,57,1,30.0,0.45,20.0,1.0,25,1,200,0.002,100,10.0,1.0,0,46,0,0.7301587301587301,0.3437445064667483,-0.7230602233920088,2.2868760675428925,0.026532298503577422,0.03170465501485648,0.05771580620918107,1.56251438841787,0.7378135314935317,0.3599140447421427,0.5039305997791389,0.9786089934647346,1.0081418959094566,0.8936604239554544,290.7065569395682
1457,11457,11457,11457,07025ed,solver_extremeB_s2,1,1,1,success,51,23.315887758359487,22.717642294014258,11.563573643497113,46,1,30.0,0.45,20.0,1.0,25,1,200,0.002,100,10.0,1.0,0,42,0,0.8235294117647058,0.3779422186675628,-0.20384356794109126,2.3821477483212163,0.02641758329187085,0.03481833777232146,0.06911016985588017,0.9190985838638897,0.875394875197014,0.37080228478947597,0.7199156080813238,0.993466572557815,1.014819598605318,0.8419143966632217,285.19430020866474
1458,11458,11458,11458,07025ed,solver_extremeB_s2,1,1,1,success,62,26.350577554639994,18.39882745003653,17.3722097566636,56,1,30.0,0.45,20.0,1.0,25,1,200,0.002,100,10.0,1.0,0,46,0,0.7419354838709677,0.35245555922015626,-0.7083925418966678,-2.3930655658412605,0.026498952987353788,0.030931740778346633,0.10653904434366757,1.3806325724864403,1.1990144904265638,0.37987491517862626,0.2846431433795368,1.0485472181631617,0.9187692715658675,1.1099920601824338,289.91535629544705
1459,11459,11459,11459,07025ed,solver_extremeB_s2,1,1,1,success,50,15.368322366230517,27.82436757755613,8.735873531532217,41,1,30.0,0.45,20.0,1.0,25,1,200,0.002,100,10.0,1.0,0,34,0,0.68,0.3712225923179485,-0.2567090635392412,-2.9464886061215054,0.02348540316638137,0.04014533725698193,0.08938666486267297,1.7501407803019942,0.8250321652361833,0.3187022902261204,0.4558178420382346,1.0654099288667958,0.9962908441958974,1.0407086139231656,279.82644690583595
1460,11460,11460,11460,07025ed,solver_extremeB_s2,1,1,1,success,62,32.24679501289187,12.25457856601337,25.79744683490626,50,1,30.0,0.45,20.0,1.0,25,1,200,0.002,100,10.0,1.0,0,41,0,0.6612903225806451,0.3002377022181905,-0.5445314076012541,2.7693411386643856,0.02113105310925028,0.03771821304699892,0.07915208631059524,1.4392686341011987,0.8260203542914379,0.3064515966107036,0.4192068761473698,1.0204331237897033,1.08801883317247,1.0247738566077453,286.84512783606283
1461,11461,11461,11461,07025ed,solver_extremeB_s2,1,1,1,success,54,17.47057624117729,19.719891748689555,3.877839964416169,49,1,30.0,0.45,20.0,1.0,25,1,200,0.002,100,10.0,1.0,0,32,0,0.5925925925925926,0.389208940800796,-0.4507320307822061,0.20829169452032703,0.022684118550055452,0.030761396403702845,0.11513478988511779,1.0643613618252226,1.1498804473051853,0.3559950130236149,0.4026161593958427,0.9808218117107618,1.1182874332225934,1.2057097549627123,287.57636894396046
1462,11462,11462,11462,07025ed,solver_extremeB_s2,1,1,1,success,56,8.358187680817661,20.420911286539148,18.461847156577115,48,1,30.0,0.45,20.0,1.0,25,1,200,0.002,100,10.0,1.0,0,40,0,0.7142857142857143,0.3552889063822451,-0.5098329103720703,1.1365874214163894,0.025583927497632965,0.040222794939768707,0.039939116116457514,1.876531920831288,0.6493257625240156,0.30660482897153574,0.34543029946973886,0.9268511955902835,1.0618003801583842,1.1412855687277128,284.5182404158335
1463,11463,11463,11463,07025ed,solver_extremeB_s2,1,1,1,success,56,14.464016164893952,35.202817073207164,10.78334520108445,47,1,30.0,0.45,20.0,1.0,25,1,200,0.002,100,10.0,1.0,0,43,0,0.7678571428571429,0.31536294700609735,-0.25223162252955217,-1.3640813337605056,0.021914345588738515,0.03812290297110705,0.06603446393828306,1.6140375063971306,0.6297305930453316,0.31215166054136134,0.49981767970810637,1.0164342856178676,1.013808873930285,0.9741590293278606,282.7005753443045
1464,11464,11464,11464,07025ed,solver_extremeB_s2,1,1,1,success,57,27.106931609483247,29.20929333612579,18.19789644748238,46,1,30.0,0.45,20.0,1.0,25,1,200,0.002,100,10.0,1.0,0,40,0,0.7017543859649122,0.33804547671394053,-0.21835526335053224,1.1496898663439588,0.02470074812849442,0.03241406653728009,0.06544416213936156,1.6089647676377794,1.2668551308139977,0.3715548890457541,0.6975297416741332,0.9590633887628126,1.006085954447505,1.142331113415386,283.6955172075351
1465,11465,11465,11465,07025ed,solver_extremeB_s2,1,1,1,success,51,9.0401269264556,17.97167646882911,11.696578595413012,41,1,30.0,0.45,20.0,1.0,25,1,200,0.002,100,10.0,1.0,0,33,0,0.6470588235294118,0.31897899469602686,-0.37017966315653983,0.3399623062538244,0.021596358028569743,0.03986978147476373,0.11677568274023122,0.965699574260972,0.8652843651877273,0.3567621932532473,0.30740048255399666,1.1103882397213374,0.9394362248809313,1.2352873636592792,281.56041297970023
1466,11466,11466,11466,07025ed,solver_extremeB_s2,1,1,1,success,61,19.750883223175446,22.058584152378064,9.530649674850705,55,1,30.0,0.45,20.0,1.0,25,1,200,0.002,100,10.0,1.0,0,42,0,0.6885245901639344,0.334970221050511,-0.3948728202763889,2.060249369635031,0.02051355269009459,0.03323710000697362,0.11656192389096705,1.9398682535206568,0.9635368075906561,0.3854747845530221,0.7289916642536584,0.9858320042045332,0.9914272718291811,1.2691039977029344,288.7162429886093
1467,11467,11467,11467,07025ed,solver_extremeB_s2,1,1,1,success,49,11.272434578382896,12.535577612063735,4.8453861928958695,43,1,30.0,0.45,20.0,1.0,25,1,200,0.002,100,10.0,1.0,0,38,0,0.7755102040816326,0.33434904224156997,-0.5280491704855812,-2.7402708201247217,0.022929780991908618,0.030934225872736178,0.0407637062805623,1.080501834655094,0.8666617648304169,0.37500997301733036,0.2788276835031578,0.9954670020581192,0.9960129531465566,0.9502939503307769,285.9444298780061
1468,11468,11468,11468,07025ed,solver_extremeB_s2,1,1,1,success,114,29.740780127912036,20.912700428713727,4.058242063906316,109,1,30.0,0.45,20.0,1.0,25,1,200,0.002,100,10.0,1.0,0,105,0,0.9210526315789473,0.32701347511531725,-0.6708868197667337,0.013161046099866347,0.027224561355935845,0.03775129323782265,0.09574437937595358,1.7825903380955554,0.6065151115020132,0.38721031510011267,0.7058004799183408,1.036100623854204,1.0508865602725659,1.1512691026180297,282.12146436783337
1469,11469,11469,11469,07025ed,solver_extremeB_s2,0,1,0,timeout,200,342.9671887580893,nan,nan,-1,1,30.0,0.45,20.0,1.0,25,1,200,0.002,100,10.0,1.0,6,197,0,0.985,0.33547809618723345,-0.5261231827964925,3.0949451407463053,0.02714293545380794,0.03969544381452284,0.06055776878758673,1.8753105713130431,1.053922209403034,0.30610267324933477,0.5642015339412771,1.0027597447667387,1.143662341278188,1.1053673499185148,14.761245469852035
1470,11470,11470,11470,07025ed,solver_extremeB_s2,1,1,1,success,55,20.732431286797855,26.941927667065336,12.878078542263188,47,1,30.0,0.45,20.0,1.0,25,1,200,0.002,100,10.0,1.0,0,42,0,0.7636363636363637,0.35136055415154793,-0.34530613208317007,2.4887014159329164,0.020690550152579364,0.03863792855252197,0.0822562836971864,1.6336320600640253,1.2508859350633088,0.31291313836519113,0.6368478139956815,1.073566348148857,1.083848051757864,1.115847921047349,285.66999687502715
1471,11471,11471,11471,07025ed,solver_extremeB_s2,0,1,0,object_lost,90,226.26463901619434,nan,nan,-1,0,30.0,0.45,20.0,1.0,25,1,200,0.002,100,10.0,1.0,0,83,0,0.9222222222222223,0.3318452199362958,-0.6190791492319576,0.7118720772468574,0.021829718318613626,0.03893923031711552,0.08806124020742251,1.6572497717413528,1.3978588192491184,0.36724458856411796,0.3836616763656504,1.037432111933882,1.0194014732817431,1.1981301810672507,-164.86292744102155
1472,11472,11472,11472,07025ed,solver_extremeB_s2,0,0,0,unsafe,20,360.0263740054478,nan,nan,-1,1,30.0,0.45,20.0,1.0,25,1,200,0.002,100,10.0,1.0,0,16,0,0.8,0.37771294819927287,-0.4075093426839067,0.7490528727731349,0.021653820310281208,0.03652035782743989,0.06327075752727103,1.1899843150853728,0.9433042822710377,0.37100169456248294,0.5959284848143146,1.0815261870621025,1.101652350758615,1.0807485652984772,-41.54437565942502
1473,11473,11473,11473,07025ed,solver_extremeB_s2,1,1,1,success,61,15.081502280100132,24.36852586014704,17.820255274596903,55,1,30.0,0.45,20.0,1.0,25,1,200,0.002,100,10.0,1.0,0,43,0,0.7049180327868853,0.31889494180490585,-0.5604826565423067,1.8949240756783414,0.02515876431450038,0.035587833458332066,0.0446341841633772,1.6412305488350905,1.1259168932431463,0.35280547680631785,0.6052353725105208,1.0030564436921516,1.0521493058432956,0.9222361074444845,289.4219583921163
1474,11474,11474,11474,07025ed,solver_extremeB_s2,1,1,1,success,56,18.932664063841376,17.846667417358642,8.566053856849221,51,1,30.0,0.45,20.0,1.0,25,1,200,0.002,100,10.0,1.0,0,41,0,0.7321428571428571,0.32961350493430347,-0.44864921416656767,-0.04252860507691825,0.021991804067862438,0.03289742790728343,0.05994358364191343,1.3278101526319717,0.8717306067669686,0.3740877139421591,0.5136146828022251,0.9922061245429742,0.9980295297329214,1.1317188727643808,288.98461884726953
1475,11475,11475,11475,07025ed,solver_extremeB_s2,1,1,1,success,38,18.727225530083626,23.567750272107233,15.828919883001918,32,1,30.0,0.45,20.0,1.0,25,1,200,0.002,100,10.0,1.0,0,28,0,0.7368421052631579,0.3308534728894047,-0.29123927578249253,0.7835146276510847,0.023516035666644116,0.033111879622574836,0.08023350477027702,1.6221470813899208,0.9715960198468763,0.30409269302461356,0.1807481748398826,1.0444082300662714,1.0193056947033694,0.9914166937787809,278.55267371364073
1476,11476,11476,11476,07025ed,solver_extremeB_s2,1,1,1,success,55,29.071461455010883,19.49210820643383,15.557912539604358,43,1,30.0,0.45,20.0,1.0,25,1,200,0.002,100,10.0,1.0,0,37,0,0.6727272727272727,0.3518969400471511,-0.4088528190096828,1.9232771576631729,0.02260838341009503,0.039606602584573894,0.10469755595463308,0.8111344697892365,1.3707608436250291,0.30859654551886445,0.5375589402990592,0.9238164888722293,1.0387786842837279,0.9682067435190089,284.82080650302674
1477,11477,11477,11477,07025ed,solver_extremeB_s2,1,1,1,success,67,28.76453677279206,28.758896362946953,32.70638220779161,58,1,30.0,0.45,20.0,1.0,25,1,200,0.002,100,10.0,1.0,0,63,0,0.9402985074626866,0.3397237440455869,-0.7255825829957679,-1.6285279318487722,0.025708735671388365,0.037799222741536444,0.046429278809720954,1.2428312062630624,1.0901296916400327,0.30561956183401,0.36236040402519887,0.9729583784570356,1.0514597350505404,1.0757521803614813,285.91146176461996
1478,11478,11478,11478,07025ed,solver_extremeB_s2,1,1,1,success,66,22.885150215671157,21.69639402854968,10.226581039594265,55,1,30.0,0.45,20.0,1.0,25,1,200,0.002,100,10.0,1.0,0,51,0,0.7727272727272727,0.34287893965711114,-0.3884388002987643,1.0972562370163663,0.024529297457456866,0.03861768083179405,0.08730448109264202,1.0802543470968795,0.9746728117204735,0.3639268165907662,0.5918425862196112,1.085550685058914,1.0585378407247261,1.1567627611371534,287.09041063040274
1479,11479,11479,11479,07025ed,solver_extremeB_s2,1,1,1,success,54,19.03695196937204,10.923547766594186,17.139828625282988,37,1,30.0,0.45,20.0,1.0,25,1,200,0.002,100,10.0,1.0,1,36,0,0.6666666666666666,0.3049280402467044,-0.43799884396858,3.008413951616255,0.02579498295540089,0.039836386847314886,0.05011901945040191,1.6752887583106966,1.218632390986385,0.30788208634415953,0.1856475154008694,0.9964475144113482,1.0414808790245076,1.0692980420243596,280.06986410112637
1480,11480,11480,11480,07025ed,solver_extremeB_s2,1,1,1,success,46,17.330124679541328,22.66874502421245,11.172457784846227,40,1,30.0,0.45,20.0,1.0,25,1,200,0.002,100,10.0,1.0,0,36,0,0.782608695652174,0.3383113733963553,-0.2899329658782722,1.4004973972955002,0.020528413988719955,0.03468280236676046,0.030788807739383455,1.2194332161056418,1.0585070489608208,0.33808615249758633,0.20729671595724108,1.0509314810939359,0.9826331554618932,0.8809777735219255,280.82525234485604
1481,11481,11481,11481,07025ed,solver_extremeB_s2,1,1,1,success,66,18.467052490141455,15.382953491386928,10.140966384923528,59,1,30.0,0.45,20.0,1.0,25,1,200,0.002,100,10.0,1.0,0,58,0,0.8787878787878788,0.3503090394201038,-0.693949161819644,0.982075576021856,0.02590259360801187,0.029939838678012417,0.08501130726960122,1.0463856651476608,1.081034446438786,0.3175518336484423,0.5746034224553598,1.059212224574927,1.0925674860211672,1.0433745308451767,291.2891224334918
1482,11482,11482,11482,07025ed,solver_extremeB_s2,1,1,1,success,50,28.02322990240062,34.16187578729864,8.163405563323108,45,1,30.0,0.45,20.0,1.0,25,1,200,0.002,100,10.0,1.0,0,43,0,0.86,0.35157452550415247,-0.4842972402426723,2.8791185370631593,0.02526296022838981,0.03888696135072379,0.11414252349425358,1.2593117714877018,1.0517012128679182,0.3748300693187207,0.43192565308823894,1.0081566157197728,0.9817350885773368,1.1543541907734913,285.90104916822065
1483,11483,11483,11483,07025ed,solver_extremeB_s2,1,1,1,success,56,24.15554482786574,29.596327224203424,12.965162591916375,48,1,30.0,0.45,20.0,1.0,25,1,200,0.002,100,10.0,1.0,0,38,0,0.6785714285714286,0.37483988018971515,-0.3780300078819108,-3.1173871120742063,0.024742712622475047,0.03768855610848324,0.06539657684035678,1.3027330370941121,0.7655381994496092,0.3100601063231474,0.5381580346691412,0.9414117684006414,1.0470208578995677,1.1557003919575162,282.34183136638705
1484,11484,11484,11484,07025ed,solver_extremeB_s2,1,1,1,success,49,26.513969732404036,19.95653645735233,0.6692347834141128,46,1,30.0,0.45,20.0,1.0,25,1,200,0.002,100,10.0,1.0,0,28,0,0.5714285714285714,0.32343092573519583,-0.5263982033946116,-1.6585937462445823,0.026773809831211626,0.03723219394924433,0.08833081322823896,1.6012285767708017,0.6390942569891297,0.36290986132137243,0.17990407302977846,0.9702706300265503,1.0610577626717919,0.9206169075965593,282.7583409669452
1485,11485,11485,11485,07025ed,solver_extremeB_s2,1,1,1,success,59,26.616847927784594,33.859599842883824,11.33817503784572,54,1,30.0,0.45,20.0,1.0,25,1,200,0.002,100,10.0,1.0,0,51,0,0.864406779661017,0.3726621904319549,-0.45814461392039474,2.1672653325027786,0.02116400654365281,0.03184450635308076,0.11393514820488454,1.0711280379791377,0.667716001651623,0.32949647783176433,0.5612107515407537,1.0430987989146367,1.0225377834758476,0.9907611767616602,288.2252180594199
1486,11486,11486,11486,07025ed,solver_extremeB_s2,1,1,1,success,67,9.5647364621398,13.037315935755858,18.678810960128168,56,1,30.0,0.45,20.0,1.0,25,1,200,0.002,100,10.0,1.0,0,57,0,0.8507462686567164,0.37566579491900165,-0.442323547539188,0.1690561595915554,0.02555472097578539,0.037908091700544454,0.03383505264932666,0.8438793771619985,0.7040406150865369,0.3819629060602573,0.5326495439505263,1.016890052770701,1.1073746947198626,0.9368367744242823,283.8030625900106
1487,11487,11487,11487,07025ed,solver_extremeB_s2,0,1,0,object_lost,192,600.1427469801457,nan,nan,-1,0,30.0,0.45,20.0,1.0,25,1,200,0.002,100,10.0,1.0,0,175,0,0.9114583333333334,0.35077964673668316,-0.18021615491561116,-0.20906442937084435,0.026278630723989626,0.031223345693216234,0.09975075717990667,1.9507356869285475,0.6693941450919063,0.38607831157775263,0.4351322693448968,0.9568428850081316,1.051736823933091,1.0587043512504435,-198.91139628277003
1488,11488,11488,11488,07025ed,solver_extremeB_s2,1,1,1,success,47,17.10266048385593,18.652915000499103,6.162401079460484,39,1,30.0,0.45,20.0,1.0,25,1,200,0.002,100,10.0,1.0,0,35,0,0.7446808510638298,0.3545633436858919,-0.1815923536451275,2.844691474407303,0.02588315596426236,0.03705937065038672,0.10202978848868127,1.0342674272469607,0.7338844461635332,0.37361681216128934,0.5894798452618044,1.069414620871123,0.9532756138252265,1.0279144878605555,282.37246606876386
1489,11489,11489,11489,07025ed,solver_extremeB_s2,1,1,1,success,60,15.760809162409528,18.946277364840714,10.738869337540402,54,1,30.0,0.45,20.0,1.0,25,1,200,0.002,100,10.0,1.0,0,46,0,0.7666666666666667,0.3407582294568975,-0.6171993567489749,2.617828379852739,0.024084243217618043,0.03897743922128903,0.10159602393132972,1.5249363038412609,0.638230397672891,0.38453661398974787,0.3492356518593016,1.085079645695894,1.0458778592513416,0.9766371982189204,287.9590664909433
1490,11490,11490,11490,07025ed,solver_extremeB_s2,1,1,1,success,48,34.2064718865045,17.74504379114011,16.75482169092002,37,1,30.0,0.45,20.0,1.0,25,1,200,0.002,100,10.0,1.0,0,34,0,0.7083333333333334,0.3579703514514973,-0.21321586630462397,1.7238178627582483,0.02267291398821291,0.039072607204635325,0.050718658131634065,1.6871334871088095,0.934374527250909,0.3332135169835683,0.33114253911194114,0.9874547610204899,1.03754834377761,1.0415130603824174,281.63334037579904
1491,11491,11491,11491,07025ed,solver_extremeB_s2,1,1,1,success,50,18.677472006921736,22.924944018437323,8.509976823409872,44,1,30.0,0.45,20.0,1.0,25,1,200,0.002,100,10.0,1.0,0,36,0,0.72,0.3691014710203785,-0.3990380406659398,-3.1052313028141345,0.024456988378300494,0.03352217445484212,0.053891478190919245,1.5394409846554042,0.7950078075381072,0.31055812704947255,0.3129785595084897,0.9927703257446583,0.9070909601655932,1.1137476818162768,281.2546350662933
1492,11492,11492,11492,07025ed,solver_extremeB_s2,1,1,0,success,59,40.68355584866716,34.12398205400237,7.445268590460211,50,1,30.0,0.45,20.0,1.0,25,1,200,0.002,100,10.0,1.0,0,41,0,0.6949152542372882,0.3447731304016374,-0.5172727482407574,1.3096415469988951,0.02483284124004572,0.037951229445714385,0.11064187814067743,1.4415259150063888,1.2715088419951972,0.3072904599978941,0.6194472364595609,1.0661321246836364,0.9921379335985314,0.9700601257133554,262.14178704051756
1493,11493,11493,11493,07025ed,solver_extremeB_s2,1,1,1,success,49,29.812068934087744,55.40573932990744,21.361604235763437,42,1,30.0,0.45,20.0,1.0,25,1,200,0.002,100,10.0,1.0,0,43,0,0.8775510204081632,0.3482969948759557,-0.2801700313935308,2.992296346103637,0.02743820480795885,0.03492894759677208,0.11352684381842243,1.2273334807076965,0.8113235807631158,0.34410358001522734,0.5332942707123383,1.0790541731949284,1.0620716568550599,1.3301756147258825,262.5342178922849
1494,11494,11494,11494,07025ed,solver_extremeB_s2,1,1,1,success,58,11.812250417066181,15.477675051629602,6.440494479926224,45,1,30.0,0.45,20.0,1.0,25,1,200,0.002,100,10.0,1.0,2,40,0,0.6896551724137931,0.31462142828204226,-0.4499875114561868,0.1986512694883582,0.0208908831629543,0.036865196925293095,0.03284815974167478,1.458963140366676,1.2895665272317676,0.3518696064674495,0.5171369048355119,1.07477831854543,1.051285281323775,1.0962613694883192,283.1180986219599
1495,11495,11495,11495,07025ed,solver_extremeB_s2,1,1,1,success,48,15.855142123501285,26.937962597028942,7.4736153033888,43,1,30.0,0.45,20.0,1.0,25,1,200,0.002,100,10.0,1.0,0,34,0,0.7083333333333334,0.31234806563082335,-0.5647323366482871,0.32742803630788453,0.02628297586958599,0.037102040455220725,0.1111808982522457,1.362098250753081,0.7748407968983114,0.37462812274340695,0.2964279474520457,1.0611739414283439,1.0317035326087785,0.8712895581046347,285.3239899398185
1496,11496,11496,11496,07025ed,solver_extremeB_s2,1,1,1,success,54,10.54812893794044,14.51837366554512,10.105615108647937,48,1,30.0,0.45,20.0,1.0,25,1,200,0.002,100,10.0,1.0,0,42,0,0.7777777777777778,0.34100713285702366,-0.43924456407261253,-2.603084913214824,0.0251384098517086,0.029982718141077124,0.0836335506282728,1.603292701004928,0.6188301348881609,0.3609020874062997,0.34520052959510095,1.0152193504609548,1.0250411297071174,1.042318732375457,284.8021919280708
1497,11497,11497,11497,07025ed,solver_extremeB_s2,1,1,1,success,48,0.5522907159870816,12.512442508678957,8.462989072319669,43,1,30.0,0.45,20.0,1.0,25,1,200,0.002,100,10.0,1.0,0,39,0,0.8125,0.30027579667015053,-0.25092337459446606,-3.090041101788358,0.024996544125367913,0.03624457813024901,0.07287658630263265,1.7776634800832778,0.8793095517015064,0.35562967548172675,0.42742260379640756,1.036756619853543,1.003344669274126,0.9855097948309951,281.78020375921244
1498,11498,11498,11498,07025ed,solver_extremeB_s2,1,1,1,success,49,23.873545024631856,32.221602109004074,11.276634326309242,43,1,30.0,0.45,20.0,1.0,25,1,200,0.002,100,10.0,1.0,0,43,0,0.8775510204081632,0.35147550507993414,-0.3923012735507402,-2.410998351097173,0.020974012252603036,0.03321788744801664,0.06173541850990605,1.7890968490778918,1.3947215631147816,0.3541213664304771,0.31246204529425736,0.9207287328555959,1.034360377972158,1.0458580295283737,282.43783862902666
1499,11499,11499,11499,07025ed,solver_extremeB_s2,0,1,0,timeout,200,495.2898979590624,324.86714476126247,262.32294411606114,74,1,30.0,0.45,20.0,1.0,25,1,200,0.002,100,10.0,1.0,0,197,0,0.985,0.3285072202899092,-0.6975291395313151,2.295506404754887,0.027490876847071827,0.03863583182718322,0.1165745025292693,1.3454995399086371,0.7599566384035477,0.38449642828341046,0.6302881368518598,1.0863348079213768,1.0015699288726994,1.1684394210800022,-15.268072406297804
1500,11500,11500,11500,07025ed,solver_extremeB_s2,1,1,1,success,74,10.757326046423083,21.180200097690015,7.665934858724985,60,1,30.0,0.45,20.0,1.0,25,1,200,0.002,100,10.0,1.0,0,61,0,0.8243243243243243,0.3547769534628342,-0.7249078164308747,1.5712153998316856,0.022015999594070326,0.036564975464642,0.05383604257259721,1.2181541407415315,1.1740692085879192,0.30752922850352665,0.647510352453636,1.0652381419769004,1.0320852490656225,1.0188509338442233,289.27455008246164
1501,11501,11501,11501,07025ed,solver_extremeB_s2,1,1,1,success,45,12.241484772819652,11.960693836020674,4.022681351348206,36,1,30.0,0.45,20.0,1.0,25,1,200,0.002,100,10.0,1.0,0,36,0,0.8,0.38993984136037174,-0.3987536922812576,0.9906439595126182,0.02247521203976802,0.03743764244932056,0.08670759855050778,0.899320482383821,1.3054334703253154,0.338163831224304,0.2438212389405031,1.026245878726502,1.047674478476427,1.0300043745949266,279.8440267938285
1502,11502,11502,11502,07025ed,solver_extremeB_s2,1,1,1,success,55,8.58867336471916,9.998538674649627,1.903927118917842,52,1,30.0,0.45,20.0,1.0,25,1,200,0.002,100,10.0,1.0,0,38,0,0.6909090909090909,0.37905520910572205,-0.28605272495425,0.1996997525020059,0.022243571035830176,0.03871649423111027,0.04717030602708084,1.8791746284973796,1.340230269124671,0.35946495907479636,0.229420602574247,1.1007717492612108,1.0571526866380732,0.9735776674261134,278.55907523640406
1503,11503,11503,11503,07025ed,solver_extremeB_s2,1,1,1,success,62,17.571628842960774,19.756351488584517,6.376132476841619,57,1,30.0,0.45,20.0,1.0,25,1,200,0.002,100,10.0,1.0,0,44,0,0.7096774193548387,0.37456990415534447,-0.5944795436177972,-0.925468383311796,0.02659659019001144,0.032027595009162545,0.08707915232323452,1.265373086292336,0.657716589271587,0.3812170067974126,0.5777840762552996,1.039975384569369,1.0947401388960531,0.998863342313979,290.7295294901664
1504,11504,11504,11504,07025ed,solver_extremeB_s2,1,1,1,success,63,41.18914794163854,40.8411326266043,5.058533821212096,42,1,30.0,0.45,20.0,1.0,25,1,200,0.002,100,10.0,1.0,0,51,0,0.8095238095238095,0.33222815871697126,-0.3489411313611684,0.6544608127855298,0.02228261870751032,0.03418270874423127,0.1199363887546572,1.5231498113606765,1.0557888218785227,0.3585372222718106,0.5029821491679279,1.0196461583999843,0.9712273309902736,1.2009448990626026,266.556385754843
1505,11505,11505,11505,07025ed,solver_extremeB_s2,0,1,0,timeout,200,113.60746597622072,21.082249111973162,98.20720888585994,93,1,30.0,0.45,20.0,1.0,25,1,200,0.002,100,10.0,1.0,0,180,0,0.9,0.36958445428385656,-0.45233684229911525,-3.0597338570886867,0.023966201180919928,0.03092517009351975,0.0493904518686554,0.9972432679435782,0.7609966132876615,0.38938079032368533,0.6477330847302388,1.0983551085320835,1.0038693882950003,1.011538297778509,12.84168463890281
1506,11506,11506,11506,07025ed,solver_extremeB_s2,1,1,1,success,61,22.982517509615647,18.699451531006353,4.221304514082011,55,1,30.0,0.45,20.0,1.0,25,1,200,0.002,100,10.0,1.0,0,50,0,0.819672131147541,0.36755745652304944,-0.5918661604569923,-0.6387118536870195,0.02468563848690342,0.03595318464359499,0.09207311679611718,0.8409236599963625,0.7553706526019366,0.310984070734864,0.6536048866519638,0.9379642582695131,1.042566075141166,0.9837191816639643,290.5634136241432
1507,11507,11507,11507,07025ed,solver_extremeB_s2,1,1,1,success,52,35.46734393737011,22.647504392277238,6.8343116478077715,46,1,30.0,0.45,20.0,1.0,25,1,200,0.002,100,10.0,1.0,0,36,0,0.6923076923076923,0.36449632317713615,-0.5809803099288917,-2.8764614459401012,0.02439318979121741,0.03275487375041673,0.07033532834014392,1.0954093035520636,1.2175664880861286,0.3000731432663337,0.265635774322896,1.0074304876624967,1.0734850559311255,1.0171295728057563,285.66420080088506
1508,11508,11508,11508,07025ed,solver_extremeB_s2,1,1,1,success,65,12.54565222802224,13.581323329871514,1.3352117747512924,51,1,30.0,0.45,20.0,1.0,25,1,200,0.002,100,10.0,1.0,0,53,0,0.8153846153846154,0.329565147875608,-0.4411461187695512,2.0335663686432754,0.022332304922378924,0.03586349381251649,0.05530149640730987,1.6102548428324992,0.7840137212454564,0.3581146405786882,0.5911613498470565,1.0469404558102895,1.0651895243974043,1.1162275422486938,288.07947910022784
1509,11509,11509,11509,07025ed,solver_extremeB_s2,1,1,1,success,54,5.442334237678262,11.785435399939693,7.246803956675652,42,1,30.0,0.45,20.0,1.0,25,1,200,0.002,100,10.0,1.0,0,37,0,0.6851851851851852,0.3718594764723,-0.4775587595865833,2.7644823231674476,0.024346756609650237,0.039755866153965355,0.08398683578150248,1.4401526842076602,1.2634019786428627,0.3108640493858457,0.20169305849942448,0.9565972146308461,1.0189124943585823,1.2790434798991908,282.6276369581306
1510,11510,11510,11510,07025ed,solver_extremeB_s2,1,1,1,success,40,15.787288718706916,23.16727723038546,4.897919064783356,35,1,30.0,0.45,20.0,1.0,25,1,200,0.002,100,10.0,1.0,0,30,0,0.75,0.35254565057127246,-0.1786859802959121,-1.9694035904378708,0.02106642375313286,0.03095077161669099,0.09353513539974714,1.648464610001101,1.077900420689897,0.307695363563407,0.39621910878988775,1.0110052476942621,1.038508044281645,1.2215543336063872,280.5088970543743
1511,11511,11511,11511,07025ed,solver_extremeB_s2,1,1,1,success,64,12.410562520767227,9.385139724900856,11.805807522148456,58,1,30.0,0.45,20.0,1.0,25,1,200,0.002,100,10.0,1.0,0,57,0,0.890625,0.38498314481091656,-0.6877392376955559,1.4513046216505145,0.027498377553284617,0.03296084498039326,0.08612421075189391,0.9048674198739174,1.1893437103157802,0.32013728634745964,0.5541900476694299,0.9640399718876537,0.9051559144294181,0.7768040138195649,293.3958438539528
1512,11512,11512,11512,07025ed,solver_extremeB_s2,1,1,1,success,43,7.172589314492985,4.834257609128451,4.804628125777223,38,1,30.0,0.45,20.0,1.0,25,1,200,0.002,100,10.0,1.0,0,33,0,0.7674418604651163,0.3004602257185267,-0.1816694939361888,1.1663662781612647,0.02103983628172186,0.029810479364796697,0.057112698696544034,1.159382181208057,1.3336620475125913,0.34099033108674875,0.3858462554815865,1.0103023142610583,0.9617244048978723,1.1062175546345978,281.43357124649367
1513,11513,11513,11513,07025ed,solver_extremeB_s2,1,1,1,success,54,19.641124914501663,24.680068598910935,7.098621102563525,46,1,30.0,0.45,20.0,1.0,25,1,200,0.002,100,10.0,1.0,0,41,0,0.7592592592592593,0.3585142304945348,-0.5286836346600152,-1.5386364867563345,0.022306940712436038,0.0356238357554334,0.07202604485824726,0.9648916722361627,1.2026557965268134,0.3317606560266333,0.4274483170071322,1.0562670778931729,1.075599670051176,1.311872862646787,286.900182421951
1514,11514,11514,11514,07025ed,solver_extremeB_s2,1,1,1,success,46,15.85389497783829,23.7026813208817,3.495348732394967,43,1,30.0,0.45,20.0,1.0,25,1,200,0.002,100,10.0,1.0,0,35,0,0.7608695652173914,0.36807515330495055,-0.3560380700412394,0.9927262298680501,0.02684081904683437,0.038314303115390407,0.05694422352626922,0.9695271137124934,0.7386414268994155,0.32066535967379955,0.1789580593873854,1.0955517191587218,0.9957632350054001,0.9280868022512088,281.43852110703097
1515,11515,11515,11515,07025ed,solver_extremeB_s2,1,1,1,success,55,5.6723093358360455,12.82847832154694,10.762622899757966,50,1,30.0,0.45,20.0,1.0,25,1,200,0.002,100,10.0,1.0,0,38,0,0.6909090909090909,0.30321958528347653,-0.6545472181550539,1.8728096241776182,0.026492478158457046,0.03473874241501105,0.0490011736215276,1.7965773105250369,1.1177501667088159,0.3328906641497847,0.4867594697870596,0.9459139848739626,1.0751521111581532,1.0969513274189602,288.7203924127557
1516,11516,11516,11516,07025ed,solver_extremeB_s2,1,1,1,success,54,8.751103459951407,14.659605772442987,4.510853420386727,49,1,30.0,0.45,20.0,1.0,25,1,200,0.002,100,10.0,1.0,0,49,0,0.9074074074074074,0.35145715690846835,-0.5339006695563491,2.5576939240719447,0.022765200814775278,0.03256452615381251,0.04612727533561926,1.1362391466140174,1.2158157774234595,0.3548526132410568,0.4267421496052268,1.0721371340955417,0.9981836877884511,1.027664703724286,287.90435899344584
1517,11517,11517,11517,07025ed,solver_extremeB_s2,1,1,1,success,61,19.62414891542986,16.457778709577383,8.418961802325683,56,1,30.0,0.45,20.0,1.0,25,1,200,0.002,100,10.0,1.0,0,44,0,0.7213114754098361,0.3815638700677111,-0.6397208528980938,-2.1966826424481303,0.026695877539189658,0.03185404851956203,0.061890356753200926,1.9552424768841559,0.7894617133624914,0.34391311670371794,0.3198828009819472,1.0280591241102341,0.9860917585536123,1.1467387711764367,289.9121737894568
1518,11518,11518,11518,07025ed,solver_extremeB_s2,1,1,1,success,52,11.764459144139146,22.176499234233333,13.629108874724865,44,1,30.0,0.45,20.0,1.0,25,1,200,0.002,100,10.0,1.0,0,39,0,0.75,0.36177571459020363,-0.3520903124065313,-1.5979591781769027,0.024950156124029944,0.037694133146127434,0.08152636658776166,0.8544526278614621,0.7983710414051925,0.3413756506408559,0.20758933833804577,1.0400828433830485,1.0379861448216934,1.031658700125387,279.57592685131533
1519,11519,11519,11519,07025ed,solver_extremeB_s2,1,1,1,success,60,19.359757485416303,18.691870126730013,10.681501161260694,45,1,30.0,0.45,20.0,1.0,25,1,200,0.002,100,10.0,1.0,0,46,0,0.7666666666666667,0.3865991748369381,-0.5351308596304573,1.4800689153303939,0.024202410710245596,0.03693727403296358,0.033406419300133654,1.8159620562592165,0.7375125037520955,0.3779803861615211,0.3208390983030857,1.050570857260006,0.9838464677358362,1.1548672212172413,285.60302863120273
1520,11520,11520,11520,07025ed,solver_extremeB_s2,1,1,1,success,50,23.476236317136248,21.194222190459335,5.039152916853472,46,1,30.0,0.45,20.0,1.0,25,1,200,0.002,100,10.0,1.0,0,35,0,0.7,0.3474697750931008,-0.4291585755187777,-0.6782878584908119,0.025759348561145513,0.030131792550750377,0.08796933734024169,1.122449322881521,1.241162193132464,0.36412751462245463,0.2645939489585488,1.0221120528318424,1.0862460551689086,1.0261256499868157,283.63532229457803
1521,11521,11521,11521,07025ed,solver_extremeB_s2,1,1,1,success,59,7.470788876173409,11.00356181798877,5.543360382512675,55,1,30.0,0.45,20.0,1.0,25,1,200,0.002,100,10.0,1.0,0,55,0,0.9322033898305084,0.34560158491467236,-0.5493686303904683,-0.7463880710601192,0.023621862120601814,0.034272887000948146,0.053192595931632364,1.0175521061155108,0.8941928971366363,0.356126737484397,0.3766576131565875,1.0104425603683773,1.0230295368563254,1.2067966840578774,287.68764796115124
1522,11522,11522,11522,07025ed,solver_extremeB_s2,1,1,1,success,58,20.684779328430334,18.199621587681662,11.945732416878942,49,1,30.0,0.45,20.0,1.0,25,1,200,0.002,100,10.0,1.0,0,45,0,0.7758620689655172,0.3832408559949038,-0.3930013368451927,2.9962093548241464,0.022717352841210535,0.03508492795877795,0.051976240264004436,1.8412401632712694,0.9198978090667898,0.35194132651967197,0.4351323889680129,0.9865868076491748,1.045652767642216,1.1061118376263686,286.2641726860835
1523,11523,11523,11523,07025ed,solver_extremeB_s2,1,1,1,success,52,15.398583157543158,14.68441338452109,9.80100696980321,44,1,30.0,0.45,20.0,1.0,25,1,200,0.002,100,10.0,1.0,0,37,0,0.7115384615384616,0.38237235916530826,-0.4066094304603981,1.1955322219983602,0.02064681693765943,0.036380072556370775,0.10530267028738038,1.7382825193522917,0.7087453693250109,0.30050877810766186,0.39473325173835266,1.068146480301133,1.01193535718429,1.230275387703315,285.738143167475
1524,11524,11524,11524,07025ed,solver_extremeB_s2,1,1,1,success,62,14.402810882080708,9.293393478758288,26.0555147389621,51,1,30.0,0.45,20.0,1.0,25,1,200,0.002,100,10.0,1.0,0,44,0,0.7096774193548387,0.3661772947735432,-0.5762580097598908,-0.29410394954387353,0.022753762186146036,0.03389422253530864,0.048243809651740965,0.9985106172771399,1.042321837723129,0.3183779414564333,0.42161153559795284,0.9167765741985866,1.0472537824746309,1.1822274857495192,288.9796712384528
1525,11525,11525,11525,07025ed,solver_extremeB_s2,1,1,1,success,65,16.033523606622506,18.612132064649888,17.132714671090838,57,1,30.0,0.45,20.0,1.0,25,1,200,0.002,100,10.0,1.0,0,42,0,0.6461538461538462,0.3618339511307158,-0.6526347747026355,-2.906657843888068,0.021370825692171316,0.030355045955331554,0.06914952081461286,0.8281757616756235,0.7147410190619068,0.3446856810622031,0.4773322463918195,1.0084731375421625,1.0982494559615996,0.932393353525021,291.0634373296579
1526,11526,11526,11526,07025ed,solver_extremeB_s2,1,1,1,success,63,40.316551230796534,19.436611142409948,1.818933969693287,60,1,30.0,0.45,20.0,1.0,25,1,200,0.002,100,10.0,1.0,0,55,0,0.873015873015873,0.31094242663256905,-0.6473499834202112,-0.2838793797005108,0.02326576431317211,0.03531631275197801,0.09207689921917928,1.343684082693926,1.065743976825727,0.30852902991826736,0.5933102053823138,0.9817988732783401,1.025110411229344,1.2385796143034025,285.10455734938125
1527,11527,11527,11527,07025ed,solver_extremeB_s2,1,1,1,success,67,6.453348273774395,24.577305750913613,7.968464365532848,57,1,30.0,0.45,20.0,1.0,25,1,200,0.002,100,10.0,1.0,0,57,0,0.8507462686567164,0.3499778411605453,-0.7095087377334771,2.295078900719287,0.021640638758759486,0.032884845697629436,0.07319008055581014,1.2003898268606377,1.351524500744116,0.372079843009058,0.17811497545371024,0.9718049215944957,1.0044328900842703,1.1713176162514896,286.85809995497937
1528,11528,11528,11528,07025ed,solver_extremeB_s2,1,1,1,success,53,20.952936875444838,28.72448518514795,11.449789298180967,45,1,30.0,0.45,20.0,1.0,25,1,200,0.002,100,10.0,1.0,0,30,0,0.5660377358490566,0.3135960370081161,-0.3877067466110296,0.8136249684568759,0.023600882349920565,0.0369410438967612,0.07357046068178097,1.82321255192069,1.0271239135266566,0.3890973129962422,0.2273166433431311,0.9355231069775003,0.9992620872962099,1.0211181612136073,284.20337650584395
1529,11529,11529,11529,07025ed,solver_extremeB_s2,1,1,1,success,53,7.994006608381294,10.131435800808244,10.740903426698388,47,1,30.0,0.45,20.0,1.0,25,1,200,0.002,100,10.0,1.0,0,32,0,0.6037735849056604,0.3594121451723223,-0.5477241011315953,-1.1447111118212416,0.025404177744404892,0.03788575110608973,0.05349034599273507,1.0088837023607435,0.8329620122742493,0.3689975654745675,0.23538252890523673,0.9962299193678128,1.0064146065262296,1.0019277532530273,287.35769504228034
1530,11530,11530,11530,07025ed,solver_extremeB_s2,1,1,1,success,51,24.204997335234065,40.16940031452938,6.034335060327334,45,1,30.0,0.45,20.0,1.0,25,1,200,0.002,100,10.0,1.0,0,44,0,0.8627450980392157,0.37520512573703774,-0.224835226273274,-2.3064836824700423,0.023734671247519087,0.034394234644614836,0.08001242918681806,1.3915696530542125,1.1847487574156697,0.3257344193561974,0.5865474651643875,0.9123022307568862,1.0972752291154255,1.0205615284113438,283.54492326318507
1531,11531,11531,11531,07025ed,solver_extremeB_s2,1,1,1,success,68,21.594363322998575,20.433328609537423,9.861931591799323,62,1,30.0,0.45,20.0,1.0,25,1,200,0.002,100,10.0,1.0,0,51,0,0.75,0.38884235149933444,-0.6619623192222444,0.42469918370096504,0.02634102318612348,0.033066305362311935,0.043241326514807506,0.9869233112189444,1.2440160649584242,0.3234735827553712,0.6692304069140224,1.056672590095412,0.9636399314329142,1.1529791576850874,294.4465377722857
1532,11532,11532,11532,07025ed,solver_extremeB_s2,1,1,1,success,58,4.8015709578532775,17.47468839763873,9.1658701759229,53,1,30.0,0.45,20.0,1.0,25,1,200,0.002,100,10.0,1.0,0,45,0,0.7758620689655172,0.3029518241062498,-0.5600472029610596,-2.0767456158143864,0.022319330968628422,0.03311116945534066,0.11170698545887149,1.9433456725874745,0.6871480166291604,0.33950774579079185,0.5925342794239918,1.0337717417560028,1.0966148772955207,1.0434156594498871,286.57656800384814
1533,11533,11533,11533,07025ed,solver_extremeB_s2,1,1,1,success,61,15.116329875806544,35.616790628574044,8.537868610269182,55,1,30.0,0.45,20.0,1.0,25,1,200,0.002,100,10.0,1.0,0,48,0,0.7868852459016393,0.3430217154715002,-0.42117489147355275,-0.047697063774939874,0.02186358576022016,0.03892372928618772,0.11584258639659394,1.8118450865636797,1.3485628688384461,0.3196725470096581,0.7229846253396883,1.171941995323137,1.0220122023355358,1.1472042430873384,287.4779829960525
1534,11534,11534,11534,07025ed,solver_extremeB_s2,1,1,1,success,96,30.427232551474653,35.96324992208144,9.45770294435193,87,1,30.0,0.45,20.0,1.0,25,1,200,0.002,100,10.0,1.0,0,83,0,0.8645833333333334,0.3793729728070365,-0.40132113947082426,-0.12854836309762385,0.026537847287501953,0.03241735856477968,0.09888955007658441,0.9768735732543505,1.1552805833663542,0.38212036264884375,0.4106613790665036,1.0461335564572438,1.0141192138170767,1.0697700079291397,277.33216698451787
1535,11535,11535,11535,07025ed,solver_extremeB_s2,1,1,1,success,56,24.56533963895446,29.75938516375142,7.87671852608852,50,1,30.0,0.45,20.0,1.0,25,1,200,0.002,100,10.0,1.0,0,35,0,0.625,0.3866343048802868,-0.5155064891113663,0.8858135274366319,0.020500582603497127,0.03601367833808653,0.09490968817853832,1.2964851393078631,1.1248985560596352,0.3565292280221902,0.23874925347697884,1.0682577985408501,1.0349951456194266,1.0468557645995202,287.2004454730893
1536,11536,11536,11536,07025ed,solver_extremeB_s2,1,1,1,success,62,14.708720411214687,13.037651911118255,0.9068168223117139,55,1,30.0,0.45,20.0,1.0,25,1,200,0.002,100,10.0,1.0,0,49,0,0.7903225806451613,0.3420020810226532,-0.6220184576552344,1.8255567461492852,0.021902688726506466,0.03914795065111859,0.10574745654541881,1.03680599455557,0.6451284235162702,0.34559658804040677,0.5037120565647037,0.990169959482991,1.0352403181342065,0.9346229340976702,290.3888538501528
1537,11537,11537,11537,07025ed,solver_extremeB_s2,1,1,1,success,54,23.281378483658777,17.11349482339839,7.934336554131733,41,1,30.0,0.45,20.0,1.0,25,1,200,0.002,100,10.0,1.0,0,40,0,0.7407407407407407,0.3691950353498864,-0.29038023623453935,1.2091209732681962,0.02165935953421073,0.035676922837673736,0.09581996728275653,1.3673286716345703,1.376403217476328,0.33581935206725405,0.40363327484476463,1.0143844323301852,1.0504860862873666,0.9865105646623524,279.95736363255895
1538,11538,11538,11538,07025ed,solver_extremeB_s2,1,1,1,success,62,28.152375533839294,18.03232697072344,9.087538923043025,56,1,30.0,0.45,20.0,1.0,25,1,200,0.002,100,10.0,1.0,0,46,0,0.7419354838709677,0.3614458445854525,-0.6751771679917837,-2.728668573329188,0.02430537781633721,0.03562265762904884,0.09114505925021599,1.2113380165651062,1.3429519262036054,0.34763505801436606,0.3589946692045883,1.0588945495989777,1.0632059865388641,1.1732278055489227,289.7950194107957
1539,11539,11539,11539,07025ed,solver_extremeB_s2,1,1,1,success,59,31.137198388300682,21.52051383844476,39.609763959686354,50,1,30.0,0.45,20.0,1.0,25,1,200,0.002,100,10.0,1.0,0,41,0,0.6949152542372882,0.33624075807515474,-0.6930220149393889,0.04965525353256384,0.022273982015149678,0.03889021755788404,0.03479367096823918,1.9056851027056871,0.9442703978155379,0.33903452254831656,0.2963029810593789,0.9654468820794702,1.0183901397149007,1.0352302716669597,288.05045828581564
1540,11540,11540,11540,07025ed,solver_extremeB_s2,1,1,1,success,51,15.634966767820071,13.371018402962653,10.887031743043174,46,1,30.0,0.45,20.0,1.0,25,1,200,0.002,100,10.0,1.0,0,37,0,0.7254901960784313,0.3598048167964555,-0.38365259514915123,0.9344753109534825,0.021259142371013194,0.031156648360038553,0.09849066535908889,1.554295341936653,1.0822407588464933,0.37914129600402907,0.33981020083606955,1.0049650132952836,0.9689126880147807,0.9041226523759178,285.0569479135207
1541,11541,11541,11541,07025ed,solver_extremeB_s2,1,1,1,success,57,12.14115400743356,19.89647699478759,11.60320606005674,50,1,30.0,0.45,20.0,1.0,25,1,200,0.002,100,10.0,1.0,0,44,0,0.7719298245614035,0.35775034729967226,-0.27673140356990134,0.7845512632529408,0.025614288073629896,0.03328118260614301,0.06004470640838168,1.932601397453643,1.1681499301807508,0.3535814224074432,0.593243268937245,0.9392103462927311,1.094567216485725,0.9726523349245066,285.5715202000142
1542,11542,11542,11542,07025ed,solver_extremeB_s2,1,1,1,success,67,33.71832258270599,24.527745722120024,12.953015278715698,61,1,30.0,0.45,20.0,1.0,25,1,200,0.002,100,10.0,1.0,0,46,0,0.6865671641791045,0.338416215288496,-0.7259825563293835,0.07311448209082361,0.026721201727732395,0.03441975394707665,0.07438076058903177,1.6746703661093907,1.389226127350346,0.3499269424973496,0.5577192344357706,1.0072743863005948,1.0076809920638707,1.013613539075629,293.87391016261006
1543,11543,11543,11543,07025ed,solver_extremeB_s2,1,1,1,success,48,25.92091428986677,26.59489167882327,5.918987543271405,43,1,30.0,0.45,20.0,1.0,25,1,200,0.002,100,10.0,1.0,0,38,0,0.7916666666666666,0.34497575504459543,-0.19428491194922182,-3.113297248382457,0.02327633662376967,0.034313774884328706,0.08928846607198056,1.718291042943798,1.3472689103359756,0.3705680223931494,0.6094205019029063,1.0438945644410615,1.054704006045953,1.239056326788981,282.34129699952416
1544,11544,11544,11544,07025ed,solver_extremeB_s2,1,1,1,success,44,10.616402330322515,18.396013776131102,5.905694009642132,39,1,30.0,0.45,20.0,1.0,25,1,200,0.002,100,10.0,1.0,0,27,0,0.6136363636363636,0.31750449181064644,-0.25284285370159343,-2.6064416041447007,0.023328651167520684,0.03331830341690296,0.06512249320204896,1.9767463525913134,1.116039034900533,0.35279810544138734,0.3559014043253836,1.0614999250781754,0.957633806106295,1.1139491868106957,282.00479569451153
1545,11545,11545,11545,07025ed,solver_extremeB_s2,1,1,1,success,43,2.1694428203024163,12.76514209010282,12.611306951942058,37,1,30.0,0.45,20.0,1.0,25,1,200,0.002,100,10.0,1.0,0,25,0,0.5813953488372093,0.30989697191912724,-0.19557359209205938,0.3063612939295317,0.02342608035524993,0.03976240140519513,0.06028556038011969,1.0554087658815354,0.8288243490102567,0.34961785629809566,0.451705216727932,1.0942916114985697,1.0187821333295912,1.0330168768501389,280.89456050471347
1546,11546,11546,11546,07025ed,solver_extremeB_s2,0,1,0,object_lost,105,257.61439236554094,18.227312919717644,255.56703257842884,58,0,30.0,0.45,20.0,1.0,25,1,200,0.002,100,10.0,1.0,0,91,0,0.8666666666666667,0.34338540163070086,-0.591265248302573,-0.09675775326976543,0.026753998698219233,0.038710651549710776,0.08797372896969743,1.7476666506801664,1.0204141601863426,0.35823247347128884,0.5408996273699493,1.037901286446919,1.0216795215949726,1.0574595673113827,-130.13431197513572
1547,11547,11547,11547,07025ed,solver_extremeB_s2,1,1,1,success,74,28.29152019972981,19.16675158819529,8.190885085223124,55,1,30.0,0.45,20.0,1.0,25,1,200,0.002,100,10.0,1.0,0,58,0,0.7837837837837838,0.30323165681680425,-0.5513130306781518,2.003884492996458,0.021561388391395937,0.03330066668201588,0.03085906989100889,1.278860740836353,0.8075215670239982,0.36022655327398273,0.49974581899923665,1.0888674413255004,1.091216519941702,0.9289841972178712,286.49156039640854
1548,11548,11548,11548,07025ed,solver_extremeB_s2,1,1,1,success,50,12.457103940804888,5.3344017004736415,12.032231472298124,40,1,30.0,0.45,20.0,1.0,25,1,200,0.002,100,10.0,1.0,0,39,0,0.78,0.32922779694213955,-0.26007797261511123,2.3064895286915235,0.02160405536737778,0.0348743943825759,0.09278208053603805,1.5067571164642113,1.026004151561945,0.35850573260003027,0.29210885588650026,1.097499067730791,0.9881513152952641,1.0618620506462961,282.152387258557
1549,11549,11549,11549,07025ed,solver_extremeB_s2,1,1,1,success,65,30.487422940784384,26.92828525939266,1.0235368954166235,62,1,30.0,0.45,20.0,1.0,25,1,200,0.002,100,10.0,1.0,0,41,0,0.6307692307692307,0.3554387904744146,-0.3632275736997504,-0.10211927482417371,0.025453301629007954,0.03650439276968768,0.04641792546351893,0.8110932771984569,0.6372879599618446,0.35574033796125343,0.5396912301238552,1.0163835318590493,1.0029360271878929,0.880947228591369,283.45006223230223
1550,11550,11550,11550,07025ed,solver_extremeB_s2,1,1,0,success,73,44.408209261953985,57.166402931981075,10.166682742438962,61,1,30.0,0.45,20.0,1.0,25,1,200,0.002,100,10.0,1.0,0,61,0,0.8356164383561644,0.3112271266385454,-0.6683143024862124,2.8312871981126806,0.02149851551026131,0.03170805538129177,0.11408504520207453,1.1671173264301153,1.389520661529608,0.36638540302276684,0.6233969327954783,1.0160352657642873,1.0703987906111792,0.921388343720625,249.98534661861945
1551,11551,11551,11551,07025ed,solver_extremeB_s2,1,1,1,success,61,30.20385458090503,26.138214934573153,6.047339364790732,56,1,30.0,0.45,20.0,1.0,25,1,200,0.002,100,10.0,1.0,0,44,0,0.7213114754098361,0.3155916680260279,-0.555112513345563,1.6090370237584706,0.024659302316046593,0.03551333180415526,0.03333053074852494,1.5490178129038399,1.0403185852213461,0.35642351637250747,0.662608980648087,1.0478193532719986,0.9722033386907797,1.1271312335235535,289.49311408434437
1552,11552,11552,11552,07025ed,solver_extremeB_s2,1,1,1,success,56,18.251222132865447,19.525583618813606,10.855964621577938,49,1,30.0,0.45,20.0,1.0,25,1,200,0.002,100,10.0,1.0,0,40,0,0.7142857142857143,0.3623659488590669,-0.4276522103911016,-1.6180057954509681,0.021109663486210448,0.030078469178236346,0.03963605932883224,1.5531534484337401,0.947150686762373,0.3573242722243447,0.34969930285280515,0.9917203674724463,1.0384004217954605,1.0596170660919049,287.5284922504337
1553,11553,11553,11553,07025ed,solver_extremeB_s2,1,1,1,success,56,11.465361208496663,28.50544730074441,22.38430713419581,49,1,30.0,0.45,20.0,1.0,25,1,200,0.002,100,10.0,1.0,0,41,0,0.7321428571428571,0.34374734138609675,-0.23392438647593272,-2.2758800865773074,0.0222551629286175,0.03662744573273298,0.04905660313551874,1.8611381875901636,1.327844243827252,0.3804608623240115,0.7090632298328645,1.059999039474761,1.064903209098282,1.1116047883794273,285.37070317829244
1554,11554,11554,11554,07025ed,solver_extremeB_s2,1,1,1,success,53,20.438074926800624,22.716529953010546,6.3245859630652,48,1,30.0,0.45,20.0,1.0,25,1,200,0.002,100,10.0,1.0,0,32,0,0.6037735849056604,0.3894606175210049,-0.318905940260819,-2.397231384987805,0.026484062571698486,0.031231192386653988,0.05495358132641413,1.6103623255003294,1.3984452575248638,0.35508487104822734,0.3884620753974587,0.9123895345234873,1.0634910439552416,1.0840037219213001,285.64862051524244
1555,11555,11555,11555,07025ed,solver_extremeB_s2,1,1,1,success,52,14.25269933735022,27.098754772834532,10.146536695322673,46,1,30.0,0.45,20.0,1.0,25,1,200,0.002,100,10.0,1.0,0,31,0,0.5961538461538461,0.3372343994049749,-0.3022414257372359,0.8332026991653261,0.026371416342452512,0.03141310863242869,0.067947204775484,1.468409441221736,0.6867466933150084,0.3309643369734361,0.3375659079455398,1.0176473984877898,0.9728590766475028,1.03373617022431,279.0676304663772
1556,11556,11556,11556,07025ed,solver_extremeB_s2,1,1,1,success,55,13.46539854660796,11.791002149269564,2.038092066938102,52,1,30.0,0.45,20.0,1.0,25,1,200,0.002,100,10.0,1.0,0,42,0,0.7636363636363637,0.335825535954284,-0.49937489128390217,2.9313139734035154,0.025301072140359395,0.039829291912210185,0.10186216626975489,1.8887233174831142,0.752009022650867,0.3887538557033536,0.29748681326939763,1.110003032209636,1.0300263235939868,0.8859331531127733,285.00458969284324
1557,11557,11557,11557,07025ed,solver_extremeB_s2,1,1,1,success,46,20.764694175060676,19.60880808073699,9.294995564721653,41,1,30.0,0.45,20.0,1.0,25,1,200,0.002,100,10.0,1.0,0,36,0,0.782608695652174,0.38869887229735445,-0.25846007993708614,-2.627396713232555,0.026648396077508504,0.039418171614156304,0.11391013394301558,1.4417476067244617,1.07892467844803,0.3827789177517308,0.2879216091721653,0.9958060073634744,0.9641954378896344,0.9931809870315984,279.34777246266793
1558,11558,11558,11558,07025ed,solver_extremeB_s2,1,1,1,success,56,28.958435459224972,36.9759612799677,9.749916223386428,48,1,30.0,0.45,20.0,1.0,25,1,200,0.002,100,10.0,1.0,0,46,0,0.8214285714285714,0.30577304926745197,-0.48661736353488594,2.7964085753837065,0.027448672651446446,0.033886086662603954,0.09271174408903839,0.9537975332489059,0.6874009663595297,0.3040751855388517,0.6970226820246003,0.9574893669431603,1.0971164889777512,1.13218898180009,287.29443942324275
1559,11559,11559,11559,07025ed,solver_extremeB_s2,1,1,1,success,61,15.073340194271532,30.456897911742654,9.642708985156052,52,1,30.0,0.45,20.0,1.0,25,1,200,0.002,100,10.0,1.0,0,43,0,0.7049180327868853,0.30143981299748107,-0.7232719632698237,0.47242932853008224,0.022871289597713524,0.03874449029749827,0.09456252044482864,0.8832264189394285,0.6471638081867775,0.3061693585775123,0.25186793625504217,1.0407762468282546,0.9820877207615644,1.0889779900045018,288.6979311739235
1560,11560,11560,11560,07025ed,solver_extremeB_s2,1,1,1,success,66,28.376748220797683,29.518965535899202,5.907837445346934,59,1,30.0,0.45,20.0,1.0,25,1,200,0.002,100,10.0,1.0,0,50,0,0.7575757575757576,0.3621084890003584,-0.7273993547911259,0.3078154002047131,0.02161323170169299,0.02980548275237634,0.05608179314496996,1.1827556074697565,0.7329522474828988,0.3890375169722168,0.5118807632154119,1.13262853746331,1.0179964122909428,1.066988600330586,292.5981298063739
1561,11561,11561,11561,07025ed,solver_extremeB_s2,1,1,1,success,51,21.28700052386396,17.62684772539889,5.638136118830916,43,1,30.0,0.45,20.0,1.0,25,1,200,0.002,100,10.0,1.0,0,32,0,0.6274509803921569,0.349271633811832,-0.24612382838766855,1.2535529552232738,0.02141949482172311,0.034719908511215106,0.08360657890793959,0.9383194559319856,0.780236226208192,0.30675376385342323,0.30431557382802354,1.1463316514175275,1.0563460039416575,1.0373153198356646,280.513436119721
1562,11562,11562,11562,07025ed,solver_extremeB_s2,1,1,1,success,66,31.416169124403584,25.713487772547243,11.66869571243498,60,1,30.0,0.45,20.0,1.0,25,1,200,0.002,100,10.0,1.0,0,48,0,0.7272727272727273,0.30263442038995125,-0.6916430499432439,1.7075365396120201,0.022646755936970193,0.03164183655249891,0.08980830684300381,1.5146789217960666,1.2574642332415369,0.3759856716138648,0.7066887386862838,1.1302280924324095,1.0800986664865506,1.108944070211246,292.2365435129694
1563,11563,11563,11563,07025ed,solver_extremeB_s2,1,1,1,success,57,28.150360382656917,24.367921991290473,7.6037003137789805,51,1,30.0,0.45,20.0,1.0,25,1,200,0.002,100,10.0,1.0,0,40,0,0.7017543859649122,0.3853147284782561,-0.4027258757416589,-2.299719122606672,0.024773383322688382,0.03160786818285479,0.07499231723535801,0.8087084790910302,1.139914922381272,0.3715352944603556,0.5270480500100381,1.0285365817553924,1.076724378403045,1.0229591536204738,288.1953198444809
1564,11564,11564,11564,07025ed,solver_extremeB_s2,1,1,1,success,58,20.56464973874751,48.457458873553875,18.995050707170698,51,1,30.0,0.45,20.0,1.0,25,1,200,0.002,100,10.0,1.0,0,49,0,0.8448275862068966,0.3668454550564036,-0.39550061531307845,-2.830605134691468,0.024882740046105085,0.031543435524438106,0.1023970851979832,1.9325177682287562,1.372114321468671,0.301126823019235,0.7165043041385856,1.0675329074651876,1.0257945472716623,0.9407657063375914,284.3390122028812
1565,11565,11565,11565,07025ed,solver_extremeB_s2,0,1,0,timeout,200,47.41692692458151,83.0437453455534,26.22408018165787,57,1,30.0,0.45,20.0,1.0,25,1,200,0.002,100,10.0,1.0,0,192,0,0.96,0.34810430938485254,-0.6418744009599248,-2.255578072363565,0.023407518871070867,0.030165888887287412,0.10049179503615918,1.1042481279361358,1.3376916331794129,0.3884527644085647,0.39144146703310134,1.1138015660672955,1.0437496822723145,1.2006390047018272,62.43084058683018
1566,11566,11566,11566,07025ed,solver_extremeB_s2,1,1,1,success,60,24.23194984608902,22.12776970307604,4.181914761233501,54,1,30.0,0.45,20.0,1.0,25,1,200,0.002,100,10.0,1.0,0,44,0,0.7333333333333333,0.31748515309295616,-0.49538365519978506,1.2038643320566633,0.024293346067162117,0.029750262643650303,0.06305872625664757,1.9185530325917526,0.9124814435997959,0.3748222632980348,0.6797210636867026,0.9026689600372553,1.0026750927659969,0.9457791920796041,288.91610158494495
1567,11567,11567,11567,07025ed,solver_extremeB_s2,1,1,1,success,44,5.294438338213935,12.110373776894656,6.728751730032401,38,1,30.0,0.45,20.0,1.0,25,1,200,0.002,100,10.0,1.0,0,30,0,0.6818181818181818,0.30829361343521416,-0.3959493335212776,2.6194875988645725,0.023922698566295485,0.033318435768036225,0.035514753550068306,0.9614464125575042,0.9972278253998367,0.36195491350004944,0.23955868226405364,0.9604309459533352,0.9987501323296589,1.1691563388103432,282.84402163955747
1568,11568,11568,11568,07025ed,solver_extremeB_s2,1,1,1,success,48,25.6215368583958,27.898017271282022,16.587604277548916,42,1,30.0,0.45,20.0,1.0,25,1,200,0.002,100,10.0,1.0,0,37,0,0.7708333333333334,0.34940754647589556,-0.2850243219492437,-0.7999264577040552,0.022566661237904875,0.036475023097942046,0.10854111098890108,1.256824601739405,1.080404268684593,0.3088494155537288,0.565325338457304,0.942632346302365,1.1023039775729997,0.876084558657243,285.26127678951497
1569,11569,11569,11569,07025ed,solver_extremeB_s2,1,1,1,success,65,16.41008594256027,8.647298154525515,15.92950438252886,54,1,30.0,0.45,20.0,1.0,25,1,200,0.002,100,10.0,1.0,0,51,0,0.7846153846153846,0.376543665917799,-0.6990803994310418,-0.0025678393917880626,0.02679868676323422,0.03865374227185658,0.08592698929883466,1.474591801713888,0.7885337726195494,0.3611889348961473,0.20085861057359727,0.9956976264797162,1.0804316392384252,0.9906027282737664,285.2965103918933
1570,11570,11570,11570,07025ed,solver_extremeB_s2,1,1,1,success,71,24.37527820174974,15.898316505654579,12.796368322937125,59,1,30.0,0.45,20.0,1.0,25,1,200,0.002,100,10.0,1.0,0,46,0,0.647887323943662,0.33914162159363287,-0.6518022746719826,2.0857773326350353,0.026505469938691687,0.0394631246351409,0.11566554346580549,0.8250216801244648,1.1380260672530267,0.35859260071055293,0.5388325127955816,1.1007828065525325,1.039433581086003,1.239350056952753,291.5600726916993
1571,11571,11571,11571,07025ed,solver_extremeB_s2,1,1,1,success,65,6.9416744513933075,21.245370015436265,13.342247674984634,57,1,30.0,0.45,20.0,1.0,25,1,200,0.002,100,10.0,1.0,0,48,0,0.7384615384615385,0.3388938630213899,-0.667790712199748,-2.3949542818332903,0.022683171816631768,0.0361571258810548,0.0584367071046738,1.8669073608137596,1.3942943214537011,0.3541263137299281,0.6373525356400035,1.0480297390826379,0.9869766198217468,1.161872682710273,289.75257657480705
1572,11572,11572,11572,07025ed,solver_extremeB_s2,1,1,1,success,62,12.734248017071675,11.572597650441015,10.291925974482599,57,1,30.0,0.45,20.0,1.0,25,1,200,0.002,100,10.0,1.0,0,41,0,0.6612903225806451,0.36288043126426306,-0.4373527888397376,0.7540905583886577,0.024612345953224098,0.03110302776413,0.09416193629479526,1.257492137481536,1.1291876278792718,0.3497205471981751,0.3601433617374464,1.066317462827811,1.0109383982043716,1.1453423934120432,282.6123928584765
1573,11573,11573,11573,07025ed,solver_extremeB_s2,1,1,1,success,53,13.389983746078814,40.7673576487015,10.146180492275965,48,1,30.0,0.45,20.0,1.0,25,1,200,0.002,100,10.0,1.0,0,35,0,0.660377358490566,0.3154892863589278,-0.310236856228591,-1.708327796494223,0.027364973353556334,0.03498225993376704,0.07324260620105202,1.7438965336903365,1.108148751061535,0.3045113086642164,0.2843438015475689,1.0404330678643468,1.0657931586747833,1.0621772585454166,281.22042226105987
1574,11574,11574,11574,07025ed,solver_extremeB_s2,1,1,1,success,59,14.796650515504956,25.871095768871847,10.797344279619114,54,1,30.0,0.45,20.0,1.0,25,1,200,0.002,100,10.0,1.0,0,40,0,0.6779661016949152,0.32039193702917773,-0.6620380895872169,0.49690923437158574,0.021586075411090335,0.03049514305247648,0.05162988877389478,1.7656571618398373,0.9729755941005697,0.37971557048303467,0.5033883712257358,1.0198258690150628,1.012635909972371,1.1218435675157543,291.50080258484485
1575,11575,11575,11575,07025ed,solver_extremeB_s2,1,1,1,success,63,38.27170419342031,26.20660281421186,11.841766267778459,57,1,30.0,0.45,20.0,1.0,25,1,200,0.002,100,10.0,1.0,0,40,0,0.6349206349206349,0.3820997926841871,-0.3888266699064443,-0.4746761308781493,0.027053560805930542,0.032017646008459286,0.11534196494743247,1.886110162316115,1.2604314553544185,0.3837556887051049,0.6135071518678232,0.954982068356392,1.045829264277631,1.110120506399454,288.62090105896664
1576,11576,11576,11576,07025ed,solver_extremeB_s2,1,1,1,success,58,17.930159564038906,22.801228115568623,3.2560200052196437,53,1,30.0,0.45,20.0,1.0,25,1,200,0.002,100,10.0,1.0,0,40,0,0.6896551724137931,0.348902928357337,-0.5492435640336576,0.5155107389052591,0.023183568640848563,0.030616529424495432,0.05946904771092991,0.9902942660565657,1.3883071506951468,0.35053594287022777,0.6493585177474613,1.0333985768656526,1.0373183711600327,0.9604298038657031,288.8529619949441
1577,11577,11577,11577,07025ed,solver_extremeB_s2,1,1,1,success,60,27.091625204902776,21.32419207501247,11.749730803190504,51,1,30.0,0.45,20.0,1.0,25,1,200,0.002,100,10.0,1.0,0,48,0,0.8,0.3574024311570053,-0.33765415498645385,1.7927409705419262,0.020416211865265186,0.029779959794169565,0.06037630300970733,1.8399463488948369,1.2312457167535125,0.3789562749047165,0.7087777611803726,1.0234195967377462,1.1095940098681436,1.1335553288025138,289.3665229598055
1578,11578,11578,11578,07025ed,solver_extremeB_s2,1,1,1,success,47,9.18573164254632,14.063522517942006,16.349421203492966,41,1,30.0,0.45,20.0,1.0,25,1,200,0.002,100,10.0,1.0,0,28,0,0.5957446808510638,0.32743290258830776,-0.309673557940064,-1.0835796937395261,0.021467634723184494,0.03743567248344492,0.11199100239305966,1.9318312954825174,1.073761479847688,0.3720666868748185,0.31485546470672515,1.0118322263763662,1.0144509167892197,1.3087494240513828,282.616603982289
1579,11579,11579,11579,07025ed,solver_extremeB_s2,1,1,1,success,64,27.31380136199263,19.084732948068115,13.777414190932936,56,1,30.0,0.45,20.0,1.0,25,1,200,0.002,100,10.0,1.0,0,51,0,0.796875,0.37740225179751,-0.7128629559243969,-1.2060878032878466,0.027196934374713214,0.033816617301565065,0.06458541144901087,1.1447175407318824,1.3372231404476256,0.3098499639999331,0.4683740264908424,1.0211848269656314,1.0173740361535064,0.9291250589613347,291.3917342588615
1580,11580,11580,11580,07025ed,solver_extremeB_s2,1,1,1,success,58,36.837260525833074,23.74573405453552,10.083994008336632,50,1,30.0,0.45,20.0,1.0,25,1,200,0.002,100,10.0,1.0,0,36,0,0.6206896551724138,0.35501586180081385,-0.6232895512404643,1.423207716409685,0.025090528726758127,0.03129547074586661,0.05411709542442873,1.0717697855989603,1.385909417709282,0.30011030569343006,0.30900622474774164,1.1217966933031496,1.0106965144457878,0.9255316735028868,287.4058956120365
1581,11581,11581,11581,07025ed,solver_extremeB_s2,1,1,1,success,55,30.200433871442257,24.57485189723314,9.31996091399971,48,1,30.0,0.45,20.0,1.0,25,1,200,0.002,100,10.0,1.0,0,34,0,0.6181818181818182,0.32038449025039506,-0.5057929914603005,-2.3186636128308855,0.023541561346473845,0.03733573850918038,0.08242772403078144,1.5241937501343763,0.7096239312891797,0.30028222054181486,0.49791798403013604,0.9341465472514844,1.0617972477952955,1.1147047549032258,287.36582535724784
1582,11582,11582,11582,07025ed,solver_extremeB_s2,1,1,1,success,53,16.280357154008726,21.152807404662774,11.71180773965372,42,1,30.0,0.45,20.0,1.0,25,1,200,0.002,100,10.0,1.0,0,37,0,0.6981132075471698,0.32676482281748104,-0.18083101451478367,-0.09462984492381654,0.02358168463727015,0.03316667050616622,0.11546779730165778,0.8283699990132753,0.7246240262078858,0.3264001009550429,0.5031782824712793,1.0761276390297394,1.0522496158540544,1.1777356914754609,281.70804090664035
1583,11583,11583,11583,07025ed,solver_extremeB_s2,1,1,1,success,51,12.245785049154003,14.127738373344169,3.787428240273109,45,1,30.0,0.45,20.0,1.0,25,1,200,0.002,100,10.0,1.0,0,31,0,0.6078431372549019,0.32994705464274027,-0.26547108359900395,-1.7907896565873658,0.02280197537803097,0.030886897023112765,0.10929078360369188,1.3553984807764452,0.9912590425991448,0.3562781143019436,0.36405697679638516,0.9927500795438522,0.9986824301296853,1.0264595899215592,283.49247662862575
1584,11584,11584,11584,07025ed,solver_extremeB_s2,1,1,1,success,66,28.909200035446933,31.527865390630605,14.644471961331597,58,1,30.0,0.45,20.0,1.0,25,1,200,0.002,100,10.0,1.0,0,45,0,0.6818181818181818,0.37762447158731316,-0.49237174467816164,2.0990996956551387,0.025916428056704716,0.036959862451005236,0.066511658002783,1.8177088288938803,1.3392352942393706,0.35426166201729953,0.6646603082204001,1.126102246447296,0.9264285788467014,1.2568970644350541,287.0672147312265
1585,11585,11585,11585,07025ed,solver_extremeB_s2,1,1,1,success,68,26.92335817788336,18.24933371776602,15.082827579126995,44,1,30.0,0.45,20.0,1.0,25,1,200,0.002,100,10.0,1.0,0,52,0,0.7647058823529411,0.35569213224190865,-0.32886388299471836,1.7408947662923744,0.021807594580573096,0.03850340244947812,0.0383240627009666,0.9803003390168312,1.3434454201919461,0.3263240644978931,0.5812073932641667,1.0637788974009295,1.0885084466176491,1.1039225457102368,283.11920845207857
1586,11586,11586,11586,07025ed,solver_extremeB_s2,1,1,1,success,54,16.970116584962373,21.4493224091968,14.906910164905925,46,1,30.0,0.45,20.0,1.0,25,1,200,0.002,100,10.0,1.0,0,39,0,0.7222222222222222,0.3696899088932257,-0.3570346446046147,-1.1430268516187068,0.020804352749467007,0.03344557991570478,0.07142727657219856,1.5211471980187352,1.2140327477895447,0.3336470472973396,0.6520072582781903,1.0475038334992497,1.0248558020268512,0.9073800005898651,285.81980914653207
1587,11587,11587,11587,07025ed,solver_extremeB_s2,1,1,1,success,64,19.066826743447976,28.31806982686304,26.659167879658163,53,1,30.0,0.45,20.0,1.0,25,1,200,0.002,100,10.0,1.0,0,49,0,0.765625,0.36608039507392875,-0.36129250499200966,1.889850308746965,0.02735618777355868,0.03685534321156515,0.03001408735433076,0.891014412753214,1.14623326801068,0.33429149624727433,0.48123550604475684,0.9963135220132369,0.9913061661910826,1.2159501487217994,281.407985979497
1588,11588,11588,11588,07025ed,solver_extremeB_s2,1,1,1,success,55,30.26093577738976,27.0557494849434,9.556791549639108,50,1,30.0,0.45,20.0,1.0,25,1,200,0.002,100,10.0,1.0,0,40,0,0.7272727272727273,0.35837476445146577,-0.35863737710413407,-3.139798934112411,0.025901706535023192,0.03596788096489457,0.07615455185465313,1.4944485928600082,0.9356322968255668,0.3770088744624213,0.49891458053725113,0.9875907782300175,1.1365334790946846,1.108341056370115,285.8571112954562
1589,11589,11589,11589,07025ed,solver_extremeB_s2,1,1,1,success,46,27.28718079563326,33.215108877729875,11.622194616861075,41,1,30.0,0.45,20.0,1.0,25,1,200,0.002,100,10.0,1.0,0,33,0,0.717391304347826,0.38124977217702954,-0.31393721681383696,-0.16567159269437592,0.025005715715875346,0.03326476955440823,0.1089587121166177,1.7655044793443722,0.9572542201706697,0.38681544484926794,0.3001858266544597,1.0662320213125642,1.0437763905213082,1.0754651480043145,283.40041525832277
1590,11590,11590,11590,07025ed,solver_extremeB_s2,1,1,1,success,64,29.428823950203554,20.71164042612798,12.039845137637434,59,1,30.0,0.45,20.0,1.0,25,1,200,0.002,100,10.0,1.0,0,51,0,0.796875,0.30844045602414405,-0.704082853774638,-1.7644684977365568,0.02507696067999526,0.030709556838775576,0.07445444568614001,1.8431557260533555,0.714677309426707,0.3792344054759434,0.5803957733011365,1.0586109749802326,0.9989632005118333,0.9929974534570931,293.46146436295993
1591,11591,11591,11591,07025ed,solver_extremeB_s2,0,1,0,timeout,200,256.6962244619172,nan,nan,-1,1,30.0,0.45,20.0,1.0,25,1,200,0.002,100,10.0,1.0,0,186,0,0.93,0.36645244677584926,-0.25404239188192956,-2.1557786404532844,0.026596510209632832,0.03828538280504762,0.06900799803716973,1.200749072884316,0.7857496163371811,0.38506208217233395,0.6693839912053566,0.9800631889899561,1.0624231413216978,1.0587127198650421,-13.392008885041484
1592,11592,11592,11592,07025ed,solver_extremeB_s2,1,1,1,success,59,29.304604685307083,24.331712597671917,16.17878190256041,49,1,30.0,0.45,20.0,1.0,25,1,200,0.002,100,10.0,1.0,0,42,0,0.711864406779661,0.310605532136678,-0.4547305687301254,1.4278336676307646,0.021507535943358424,0.03998498636785003,0.10002833632828091,1.8669960059197968,0.8404826918328204,0.320897072585795,0.6011125896095779,1.0082629886686991,0.9966778108741324,1.0205649757384334,284.53202588479803
1593,11593,11593,11593,07025ed,solver_extremeB_s2,1,1,1,success,47,11.599167255746806,6.542590819054271,0.9833188465839678,41,1,30.0,0.45,20.0,1.0,25,1,200,0.002,100,10.0,1.0,0,32,0,0.6808510638297872,0.31379583949786477,-0.5550887163527338,0.17823630721809014,0.024849479857952748,0.034782951804818954,0.07808990944895502,1.9530116317799229,0.9569956645727113,0.32850639144925003,0.32633003752446493,1.0639811372482244,1.0389046926965722,1.1175563198508813,284.5426360179596
1594,11594,11594,11594,07025ed,solver_extremeB_s2,1,1,1,success,56,25.82127451856061,29.04384825954026,26.829541973382526,43,1,30.0,0.45,20.0,1.0,25,1,200,0.002,100,10.0,1.0,0,37,0,0.6607142857142857,0.356752880408872,-0.5218814424183849,-2.009739062333172,0.026903091350041968,0.03901630564018965,0.07101612321884733,1.9130719387379127,0.7305924637181659,0.35246724743788904,0.37724147424284915,1.0152341520077701,1.0427304761162879,0.9379431217268979,282.78258686193027
1595,11595,11595,11595,07025ed,solver_extremeB_s2,1,1,1,success,49,27.487206193746314,23.92162944379449,17.020006868431256,42,1,30.0,0.45,20.0,1.0,25,1,200,0.002,100,10.0,1.0,0,39,0,0.7959183673469388,0.31071191396125775,-0.18164697361760707,-2.9757833302986185,0.0239979920098754,0.03857825357829987,0.11334626973668772,1.3951491767164956,0.971104275238112,0.31432111063642876,0.5180194768656287,0.9766240873451828,0.9853790753098625,1.1773691577391376,282.11045727835034
1596,11596,11596,11596,07025ed,solver_extremeB_s2,1,1,1,success,58,15.044893594637788,32.24717384052879,13.891714464272942,50,1,30.0,0.45,20.0,1.0,25,1,200,0.002,100,10.0,1.0,0,39,0,0.6724137931034483,0.34326955486316,-0.24733457415451304,1.3910758021077871,0.02721723666416973,0.03100485991010739,0.055304852204754174,1.1654683146984564,1.334342547387955,0.3336414067399869,0.6563224926543437,0.9228106790462419,0.9552074982993671,1.0410080827775667,284.3110266001281
1597,11597,11597,11597,07025ed,solver_extremeB_s2,1,1,1,success,55,3.9677209031026535,21.27611893794262,5.05999113169248,49,1,30.0,0.45,20.0,1.0,25,1,200,0.002,100,10.0,1.0,0,46,0,0.8363636363636363,0.3663939871844576,-0.7284976760068694,0.6724580309798065,0.0222841898919262,0.0373283504991617,0.1135837395025486,1.5705099031306968,1.0437012159377785,0.31248871112568416,0.18530220772120226,1.0092729561290799,0.9764768155621619,1.0053018340292146,290.29267122258557
1598,11598,11598,11598,07025ed,solver_extremeB_s2,1,1,1,success,72,20.427645742100818,35.99377229931366,22.803602336524712,53,1,30.0,0.45,20.0,1.0,25,1,200,0.002,100,10.0,1.0,0,62,0,0.8611111111111112,0.3752204328161123,-0.5316947917717094,2.7865445181082036,0.02278670041297246,0.030102848147366402,0.04537426659489129,1.1128566904293635,1.2185295081655512,0.30155839376290394,0.6591242326909594,1.1001575615288943,1.0520327749192855,1.2840142410142867,282.46443946785934
1599,11599,11599,11599,07025ed,solver_extremeB_s2,1,1,1,success,53,18.845343670645583,10.608383098860587,4.502484084391398,47,1,30.0,0.45,20.0,1.0,25,1,200,0.002,100,10.0,1.0,0,38,0,0.7169811320754716,0.3221054021985838,-0.6040797009087638,1.7896094303085892,0.02499628185116708,0.03289379667305358,0.07310266142228619,1.4854512146012238,1.3171163499774128,0.3014121580924003,0.2236140883787476,1.0582532236251176,1.0325994219036125,0.9441446245727334,285.1371938232074
1600,11600,11600,11600,07025ed,solver_extremeB_s2,1,1,1,success,53,25.276481295163293,21.129509542363643,19.780778003164215,46,1,30.0,0.45,20.0,1.0,25,1,200,0.002,100,10.0,1.0,0,40,0,0.7547169811320755,0.3572200258635605,-0.24670138027624944,-1.4998004123261992,0.02748824734709973,0.035764650782499456,0.03399996465725736,1.6483963286731715,1.1928320656762499,0.360387496178459,0.5360318387137526,0.975965770566315,1.0193354054313628,1.2294849065586209,283.920226156077
1601,11601,11601,11601,07025ed,solver_extremeB_s2,0,1,0,timeout,200,53.799173641035615,nan,nan,-1,1,30.0,0.45,20.0,1.0,25,1,200,0.002,100,10.0,1.0,0,183,0,0.915,0.38789192875695694,-0.2533427182601857,-1.7889929970574483,0.027088410480564214,0.03299201312011132,0.11832273655675563,1.7751790174814863,0.6540642331482741,0.3657921113789001,0.48495434293994866,0.9793952556717499,1.0873542263954366,1.2436428361132097,20.523145701429723
1602,11602,11602,11602,07025ed,solver_extremeB_s2,1,1,1,success,45,23.44860518637367,21.45310738135256,5.723058726021994,41,1,30.0,0.45,20.0,1.0,25,1,200,0.002,100,10.0,1.0,0,33,0,0.7333333333333333,0.31552870941705663,-0.30518776973612377,-2.5059885722213755,0.022701534945752014,0.03561862154887729,0.1066058819411363,1.4166644125541525,1.0899010296089302,0.3221977493430228,0.42275734813788773,1.0877360312761843,1.054344300002165,0.9338044210476666,281.8919822652609
1603,11603,11603,11603,07025ed,solver_extremeB_s2,1,1,1,success,59,26.915949260922353,12.206930975190295,9.620404801061664,51,1,30.0,0.45,20.0,1.0,25,1,200,0.002,100,10.0,1.0,0,49,0,0.8305084745762712,0.3773026347955553,-0.7099692047595881,-3.021981559831001,0.020873951011857406,0.03433046147386893,0.030423666378711745,1.3517023531560746,1.1441682070858277,0.3135091753284024,0.23156961152768665,1.0318915692469426,0.9666810292990603,1.045109508208661,289.6534405799216
1604,11604,11604,11604,07025ed,solver_extremeB_s2,1,1,1,success,65,22.577039078062832,19.030929111873295,4.950940157742864,59,1,30.0,0.45,20.0,1.0,25,1,200,0.002,100,10.0,1.0,0,47,0,0.7230769230769231,0.35257848575869966,-0.7133929466246457,-1.6562826699073951,0.024146215603228022,0.035475687953268255,0.11752990597479139,1.3874474112860935,1.2338725581736267,0.3862923240131938,0.4368568634894131,1.1149973412798428,1.0072489669310756,1.0585317248008597,293.2669534335238
1605,11605,11605,11605,07025ed,solver_extremeB_s2,1,1,1,success,61,8.373507925373085,6.792241955408888,6.35352409557172,49,1,30.0,0.45,20.0,1.0,25,1,200,0.002,100,10.0,1.0,0,58,0,0.9508196721311475,0.3351630563328311,-0.6808164863534979,2.1308440500166546,0.02223837401878766,0.030400182322840082,0.04064117254728246,1.3221189166644973,1.382716231070077,0.35459241986015616,0.3456870646771324,1.046499249324074,1.0241739840278175,1.1305198590321082,288.5818263353367
1606,11606,11606,11606,07025ed,solver_extremeB_s2,1,1,1,success,53,22.32355606041482,27.57519249135664,9.78285680584767,46,1,30.0,0.45,20.0,1.0,25,1,200,0.002,100,10.0,1.0,0,37,0,0.6981132075471698,0.3613140503464751,-0.22727886725281832,2.6606957247695915,0.02081859784474536,0.031274002475265794,0.061408392238508525,1.693238078946548,1.226244519161913,0.35016685059751357,0.5734265629975712,0.9632406903689225,1.0378239129733107,0.832532963088215,285.28887189729744
1607,11607,11607,11607,07025ed,solver_extremeB_s2,1,1,1,success,63,12.316322364101206,15.717546477554627,11.541853656730643,52,1,30.0,0.45,20.0,1.0,25,1,200,0.002,100,10.0,1.0,0,45,0,0.7142857142857143,0.3827804569402023,-0.5641365777040196,0.17660476829311822,0.024852523866313685,0.03998983347701451,0.056505042889568965,1.4823673171600964,1.2313275836648896,0.30624883393341273,0.5325535232204842,0.9330783539833492,1.049412347924996,1.0801926046698602,289.11929347692006
1608,11608,11608,11608,07025ed,solver_extremeB_s2,0,1,0,timeout,200,89.02648312581658,22.42512021926736,59.2248389664882,56,1,30.0,0.45,20.0,1.0,25,1,200,0.002,100,10.0,1.0,0,177,0,0.885,0.37595285817982577,-0.4256408205005766,-0.23898435718249322,0.025650709582528866,0.038816725334956066,0.04109008565504048,0.9135323320648683,0.7344513444331922,0.38679497472287644,0.7264770993940612,1.0421709639580319,1.0699676393002757,1.0091675608779376,47.64311097438175
1609,11609,11609,11609,07025ed,solver_extremeB_s2,1,1,1,success,62,20.71573001961965,18.708411134855165,16.91587093815199,56,1,30.0,0.45,20.0,1.0,25,1,200,0.002,100,10.0,1.0,0,42,0,0.6774193548387096,0.3541952514967178,-0.5026784412007278,-2.7337090028670983,0.023600507812268127,0.03287489908002393,0.03307050312198445,1.1876688804933848,0.6041227159611297,0.3750447765333237,0.6126366624700627,1.0769442519071273,1.0350912935592609,1.1774043417001554,290.88304893895344
1610,11610,11610,11610,07025ed,solver_extremeB_s2,1,1,1,success,58,16.795468458956147,18.60968957959296,4.49513078142379,54,1,30.0,0.45,20.0,1.0,25,1,200,0.002,100,10.0,1.0,0,43,0,0.7413793103448276,0.3015297810799712,-0.7132085291295511,1.6893735938693641,0.02596728258538182,0.03191613269674455,0.08530116518771645,1.7852712566025306,0.8732528326494375,0.35323977101656995,0.43998636418961146,1.0692020496487955,0.9368193191681625,1.166674928551487,290.0115005271959
1611,11611,11611,11611,07025ed,solver_extremeB_s2,1,1,1,success,52,28.417030728484757,21.479521002184555,15.999694687881087,46,1,30.0,0.45,20.0,1.0,25,1,200,0.002,100,10.0,1.0,0,40,0,0.7692307692307693,0.3823645562815925,-0.2635143079502052,1.8743622875959662,0.024254065156847825,0.03743318367931432,0.1068524954742781,1.863926433238673,1.2609580547017267,0.34454659250054587,0.5869803705310156,0.981957457937817,0.9284002032836218,1.1300282420067818,285.57303294755155
1612,11612,11612,11612,07025ed,solver_extremeB_s2,1,1,1,success,52,23.034427786068854,21.742709129781687,3.7385805863042765,45,1,30.0,0.45,20.0,1.0,25,1,200,0.002,100,10.0,1.0,0,37,0,0.7115384615384616,0.36303960626565407,-0.37144544939807844,2.4006668490243683,0.023489192777830233,0.03390259518496375,0.06769342187043917,1.830928673444543,1.2280661883130506,0.3659507194023066,0.4699850531787006,1.0622084194842476,1.0631347469573074,1.1919288635424383,284.60582868457993
1613,11613,11613,11613,07025ed,solver_extremeB_s2,1,1,1,success,58,40.10483284963101,52.10294259268745,6.548027888313846,52,1,30.0,0.45,20.0,1.0,25,1,200,0.002,100,10.0,1.0,0,43,0,0.7413793103448276,0.32331623167779505,-0.4019765430025414,-0.6441332664731418,0.026689701330899103,0.03329025752829422,0.07526909459202435,1.84044397808487,1.0679712607680247,0.3107914015933617,0.6970878733317031,1.0890357570965719,0.9498610387839562,1.1180935719275316,285.3716477829059
1614,11614,11614,11614,07025ed,solver_extremeB_s2,1,1,1,success,52,18.826723678533597,20.657904634625986,1.5852089983547701,42,1,30.0,0.45,20.0,1.0,25,1,200,0.002,100,10.0,1.0,0,32,0,0.6153846153846154,0.3312011316413806,-0.3149454341982847,0.8389806938812234,0.02428777762301364,0.03945106136411689,0.08912612505314702,1.2033420370735275,0.7734554183383842,0.3324629981405258,0.26849960460238026,1.013358548000562,0.9911680594862894,1.156345937117118,281.6967569407752
1615,11615,11615,11615,07025ed,solver_extremeB_s2,1,1,0,success,177,41.79945986117576,38.688933932434274,7.828513996753434,52,1,30.0,0.45,20.0,1.0,25,1,200,0.002,100,10.0,1.0,0,149,0,0.8418079096045198,0.31152506325055246,-0.3434893081686349,2.800604066059157,0.026148053121623663,0.03169828467270632,0.10442342971756774,1.9519163526416277,1.2115661739763839,0.3830039625645255,0.6471074804240551,1.072045001156326,0.9354859459984174,1.0111306116038281,239.75925676129796
1616,11616,11616,11616,07025ed,solver_extremeB_s2,1,1,1,success,72,25.173327889362064,14.153632374171448,11.410377617710404,60,1,30.0,0.45,20.0,1.0,25,1,200,0.002,100,10.0,1.0,0,54,0,0.75,0.3639748860848276,-0.6194553430955858,-2.360562066107626,0.022229573848584802,0.039024862477425225,0.10493800286166576,1.4072321059532937,1.0760402807290481,0.37628478351953076,0.5456994464494749,1.0359175648962922,1.0398768422237916,1.0017293146010002,291.8485946949991
1617,11617,11617,11617,07025ed,solver_extremeB_s2,1,1,1,success,62,10.292525486132169,22.04209898140748,9.737847717738449,56,1,30.0,0.45,20.0,1.0,25,1,200,0.002,100,10.0,1.0,0,47,0,0.7580645161290323,0.33758494038715453,-0.5118878002563665,1.577476569663422,0.023283114417519922,0.031978106291143595,0.09048828226891525,0.9078348985340762,1.053309530766343,0.3731885181071125,0.6862694446476926,1.0807574140304612,1.0048960737803356,1.0028130054501925,293.4062426081674
1618,11618,11618,11618,07025ed,solver_extremeB_s2,1,1,1,success,47,28.178614092016737,11.47412441629328,18.296844763238546,41,1,30.0,0.45,20.0,1.0,25,1,200,0.002,100,10.0,1.0,0,35,0,0.7446808510638298,0.3376020413677829,-0.49587781539121545,-1.589128596026673,0.025001656752272478,0.03728658344665801,0.07461566714084095,0.9648463329738937,1.3613541076656293,0.3246114061893807,0.23567771930047207,1.0302554293820492,1.117417223876642,1.1010841487131164,282.0593520989745
1619,11619,11619,11619,07025ed,solver_extremeB_s2,1,1,1,success,56,2.5832306833841288,16.12541389752214,0.17169814602647065,53,1,30.0,0.45,20.0,1.0,25,1,200,0.002,100,10.0,1.0,0,40,0,0.7142857142857143,0.3172364683388217,-0.1702078171512439,2.5137395168449164,0.024693685742399815,0.037700983902318214,0.044560377008359395,1.0260198665250984,1.1019459493085098,0.3267805839058727,0.5743006061298371,0.9995003380843526,0.8764217086562015,1.1237609238397375,284.78761799766926
1620,11620,11620,11620,07025ed,solver_extremeB_s2,1,1,1,success,44,31.088815730909687,28.64646487424393,7.351691806274625,39,1,30.0,0.45,20.0,1.0,25,1,200,0.002,100,10.0,1.0,0,39,0,0.8863636363636364,0.32257502526386506,-0.2619770213127097,-0.5432728809223777,0.021538922973263104,0.034238159084233485,0.11257772044980298,1.7575203856833856,1.3620112780762383,0.3100779292800111,0.5669227248302352,1.0155140696562195,0.9598171347139187,1.0714222214595317,266.01756174733504
1621,11621,11621,11621,07025ed,solver_extremeB_s2,1,1,1,success,46,13.174107160746457,27.556557792556266,19.69558410564152,40,1,30.0,0.45,20.0,1.0,25,1,200,0.002,100,10.0,1.0,0,36,0,0.782608695652174,0.37966908167165203,-0.3316597735058188,1.8235632968274178,0.02368409542135369,0.03128034791210381,0.09498693416652455,1.064876263778966,1.2080560588159424,0.36161010152542117,0.3245221001080352,0.9762175896449306,1.080708882295335,1.1650169847993779,282.82657776925674
1622,11622,11622,11622,07025ed,solver_extremeB_s2,1,1,1,success,56,10.067946341206168,15.961463555396943,3.572075007479163,50,1,30.0,0.45,20.0,1.0,25,1,200,0.002,100,10.0,1.0,0,50,0,0.8928571428571429,0.35817676848541236,-0.6820464389254611,1.263916827570342,0.02353073639513321,0.03146558639804346,0.09262909514662859,1.0060239633860943,0.9040201009239975,0.34438474204686215,0.2728520111809437,0.9438960753573251,1.0030400808676316,1.1409622942384046,287.5061288029686
1623,11623,11623,11623,07025ed,solver_extremeB_s2,1,1,1,success,47,33.799891985398595,29.781792922195056,2.3456915545864976,39,1,30.0,0.45,20.0,1.0,25,1,200,0.002,100,10.0,1.0,0,33,0,0.7021276595744681,0.30300255816079413,-0.4003682533695387,1.4544849616837503,0.021280936410346424,0.03691451222694763,0.04905480437685057,0.8398853085735328,0.6453629221390714,0.3740241140137781,0.3323188969233532,1.00801158841335,0.9762460178353897,0.9720342797389563,281.7918682139783
1624,11624,11624,11624,07025ed,solver_extremeB_s2,1,1,1,success,57,13.37364489578754,22.92758280374662,12.079551438303286,43,1,30.0,0.45,20.0,1.0,25,1,200,0.002,100,10.0,1.0,0,46,0,0.8070175438596491,0.3863256412310697,-0.5125505481225807,0.09615074678476843,0.02404087566774256,0.04006250863092877,0.07456628638636507,0.9091216457234832,0.9773146672226456,0.30329245637940805,0.3462919167975565,1.0637502249866446,0.937400565018614,1.0165697088197443,284.39409277636844
1625,11625,11625,11625,07025ed,solver_extremeB_s2,1,1,1,success,48,15.713331997486451,26.23571079869206,24.398249629401356,42,1,30.0,0.45,20.0,1.0,25,1,200,0.002,100,10.0,1.0,0,32,0,0.6666666666666666,0.34249206372782576,-0.29929766258724816,-2.4430951443574465,0.02274186772327887,0.037246478165839224,0.08733426910016581,1.7830744025033352,1.137833845527012,0.35370796229745927,0.43380304964468175,1.0687915158747587,1.1085886582104967,1.0232887035641733,284.06222293742627
1626,11626,11626,11626,07025ed,solver_extremeB_s2,1,1,1,success,61,30.514545445072002,18.028764762786608,9.139252777221325,49,1,30.0,0.45,20.0,1.0,25,1,200,0.002,100,10.0,1.0,0,51,0,0.8360655737704918,0.3453883493429248,-0.6682304012925473,0.19277712166425598,0.024888204891123852,0.03844237427413556,0.05143421434383849,1.6464221254037108,0.7298188274910106,0.3333514013924321,0.32713137050949925,1.0615476236324626,1.0425981426780238,0.9785091191914592,287.0954881680121
1627,11627,11627,11627,07025ed,solver_extremeB_s2,1,1,0,success,56,34.084720245800895,20.68287350626216,29.20084207736386,43,1,30.0,0.45,20.0,1.0,25,1,200,0.002,100,10.0,1.0,0,40,0,0.7142857142857143,0.3323429323852033,-0.3808513423510992,0.8575783567729642,0.021972037995853566,0.03798443398608502,0.05586481747478582,0.9872377441290604,1.0769044975403903,0.3346933534382997,0.4420184349120657,1.014467460761898,0.991233806551323,1.055797217382575,256.50732833492816
1628,11628,11628,11628,07025ed,solver_extremeB_s2,1,1,1,success,51,15.176256246612105,17.5035699839232,3.9838107498232227,45,1,30.0,0.45,20.0,1.0,25,1,200,0.002,100,10.0,1.0,0,35,0,0.6862745098039216,0.36600959717175374,-0.5931632875503422,2.5603907931618446,0.02660133124559218,0.03802637191844761,0.10210035213566024,1.8102262343015425,1.2989951153923682,0.32594831637014854,0.17293382524479026,1.0128951753839384,1.0303055896983973,1.2539240177795028,287.54852618303886
1629,11629,11629,11629,07025ed,solver_extremeB_s2,1,1,1,success,37,14.203810382306312,21.1279887654502,10.655968216906736,31,1,30.0,0.45,20.0,1.0,25,1,200,0.002,100,10.0,1.0,0,26,0,0.7027027027027027,0.38922315181981365,-0.2778027389110468,1.8538227033074994,0.021868291617612532,0.031590393434934236,0.03736780340389423,1.2025314118826786,1.3573336708644432,0.3334382013627835,0.2036553023345472,0.9184306057832808,1.0034672041503314,0.898066115334455,279.55983423474123
1630,11630,11630,11630,07025ed,solver_extremeB_s2,0,1,0,timeout,200,174.331271601346,nan,nan,-1,1,30.0,0.45,20.0,1.0,25,1,200,0.002,100,10.0,1.0,0,182,0,0.91,0.3751846305938973,-0.17330262398957663,-0.13852770245705415,0.023851535994127253,0.03460550037942486,0.07835354762033155,1.27029661109102,1.3416468018688084,0.35943191202919056,0.3085298213741868,1.0071677435797761,0.9828295066002527,1.1165189250653516,12.756623900929455
1631,11631,11631,11631,07025ed,solver_extremeB_s2,1,1,1,success,76,13.202223505214876,15.675956711779401,1.7912257242368832,63,1,30.0,0.45,20.0,1.0,25,1,200,0.002,100,10.0,1.0,0,54,0,0.7105263157894737,0.3468093207108829,-0.6146048767855788,1.002061328975815,0.021842103073567314,0.03937130027248165,0.04865965088560821,1.1643493499931745,0.6527427044934521,0.340555041901124,0.5494288620622585,0.9317564226917167,1.0640475134263159,0.907468313916559,291.1846121794719
1632,11632,11632,11632,07025ed,solver_extremeB_s2,0,1,0,timeout,200,65.09064856327629,66.174999211464,7.85097841709574,43,1,30.0,0.45,20.0,1.0,25,1,200,0.002,100,10.0,1.0,0,183,0,0.915,0.3123294988149292,-0.3036032455610578,0.7964016997424173,0.02512416206710037,0.03367292336158062,0.07038066532901696,1.3522294290996397,1.2841688933123252,0.3698718621037115,0.43840379552044056,0.9922652129521418,0.9689219601487455,1.2264972867346586,27.856287872754706
1633,11633,11633,11633,07025ed,solver_extremeB_s2,1,1,1,success,59,10.789046107611599,17.024158373876865,9.086753891360361,50,1,30.0,0.45,20.0,1.0,25,1,200,0.002,100,10.0,1.0,0,36,0,0.6101694915254238,0.3799268139722846,-0.4880716709925426,-1.0714644988594433,0.022170881191886465,0.03384995167336528,0.059637584251370786,0.889590660464004,1.0986478589023554,0.30525569010583953,0.44216168499963476,1.038330370218947,1.02958464617756,1.1868438819290612,285.68476204489684
1634,11634,11634,11634,07025ed,solver_extremeB_s2,1,1,1,success,59,22.20230856974327,12.221734238572186,8.851815405264494,51,1,30.0,0.45,20.0,1.0,25,1,200,0.002,100,10.0,1.0,0,47,0,0.7966101694915254,0.3059937003708271,-0.3321067178566398,-0.15827286467441626,0.0208574836155484,0.03622222260287035,0.08368632044263308,1.2220246626386642,1.33279914061479,0.3796773614753978,0.7228193250975634,1.0477242346351594,0.9181117708228996,1.1016221457967594,284.5070029183406
1635,11635,11635,11635,07025ed,solver_extremeB_s2,1,1,1,success,51,23.29814433355367,27.702354630554527,4.568189332825035,46,1,30.0,0.45,20.0,1.0,25,1,200,0.002,100,10.0,1.0,0,36,0,0.7058823529411765,0.36007255244220804,-0.379675865903517,-1.2680474445015735,0.02247638245310449,0.0349476979572756,0.04417069175398702,1.091692522015637,0.6526740413281199,0.30057143013484733,0.4580927483911891,1.0663692639757252,1.0103875742682267,1.2107032114480383,285.78287557426245
1636,11636,11636,11636,07025ed,solver_extremeB_s2,1,1,1,success,49,10.38176965969399,19.66967248575894,12.22507045157648,43,1,30.0,0.45,20.0,1.0,25,1,200,0.002,100,10.0,1.0,0,44,0,0.8979591836734694,0.3665145332694988,-0.20483183446002373,-1.3677622755565069,0.02133631431524642,0.03326793318840523,0.11180811927590255,0.9941221686505082,0.8690768400627107,0.34832088304514164,0.6445466153669054,1.001335011689971,0.9569811153136255,1.1887510622910984,284.44268435626213
1637,11637,11637,11637,07025ed,solver_extremeB_s2,1,1,1,success,54,18.232605604497117,17.823206324564666,19.171705571549598,49,1,30.0,0.45,20.0,1.0,25,1,200,0.002,100,10.0,1.0,0,41,0,0.7592592592592593,0.32837927834207464,-0.5466398428992232,2.9715904964656747,0.026583293004757313,0.03467263851757023,0.0854855646977206,1.1120832926149977,1.158869296034279,0.3467121585962202,0.47463239444138733,1.1031875856303657,1.0927527158519514,1.0179043551266773,289.0914306852877
1638,11638,11638,11638,07025ed,solver_extremeB_s2,1,1,1,success,59,32.609247680603744,40.43438434946548,7.275926931903094,47,1,30.0,0.45,20.0,1.0,25,1,200,0.002,100,10.0,1.0,0,46,0,0.7796610169491526,0.3469411341660922,-0.2855952520513974,-2.5912276229869544,0.021081589733773075,0.038858484503902814,0.11262950594448484,1.4235552198897308,1.0247468346289237,0.37210467132136843,0.6795093591966799,0.9480533626248925,1.068777671624904,1.0274796942983917,284.8065608355157
1639,11639,11639,11639,07025ed,solver_extremeB_s2,1,1,1,success,44,11.838144037878267,12.51135577961819,6.413043787146315,37,1,30.0,0.45,20.0,1.0,25,1,200,0.002,100,10.0,1.0,0,36,0,0.8181818181818182,0.31612212161008985,-0.30177177851833037,-1.320860888242921,0.02288703264611928,0.03811424906326877,0.08686119970241876,1.167096060711549,1.0957970256239062,0.3735419099484392,0.32292916925599335,1.0757743021972395,1.070071814767658,1.1314906634773565,281.2263733443875
1640,11640,11640,11640,07025ed,solver_extremeB_s2,1,1,1,success,60,34.8169293315491,49.51096046808259,16.270280829704486,53,1,30.0,0.45,20.0,1.0,25,1,200,0.002,100,10.0,1.0,0,43,0,0.7166666666666667,0.37680489590819705,-0.39221275916981246,-2.2715328788916294,0.02752216678490399,0.034536087134855065,0.08941558922794943,1.8108513040650869,0.7344541225844349,0.3022479903643402,0.5129214871775171,1.0864905697953613,0.989404175780206,1.0053267057985462,281.6881897110326
1641,11641,11641,11641,07025ed,solver_extremeB_s2,1,1,1,success,53,21.636934032810938,28.69035119223027,10.345466108133452,47,1,30.0,0.45,20.0,1.0,25,1,200,0.002,100,10.0,1.0,0,39,0,0.7358490566037735,0.3656614696137846,-0.22209855823369384,1.3081623213709968,0.02460266679536597,0.037583898974767924,0.11411301712308822,1.7066968892994565,1.3035384304099429,0.3531163395772713,0.6473779159200502,0.9412944526405813,1.0709617892580934,1.141856240228508,286.2705549030064
1642,11642,11642,11642,07025ed,solver_extremeB_s2,1,1,1,success,63,14.55973233973362,25.81415777255643,8.468775528734412,56,1,30.0,0.45,20.0,1.0,25,1,200,0.002,100,10.0,1.0,0,52,0,0.8253968253968254,0.36380591765688847,-0.6155358432867197,2.920418676251435,0.027057124209424247,0.03094144289133044,0.0694549349254859,1.7978726176270532,0.6766639954520879,0.3568316304643203,0.5659153659402156,1.048868406841956,0.991594188855884,1.0034158720277568,288.72733233082613
1643,11643,11643,11643,07025ed,solver_extremeB_s2,1,1,1,success,51,10.592805266415834,28.318632391598438,21.551597500943096,44,1,30.0,0.45,20.0,1.0,25,1,200,0.002,100,10.0,1.0,0,37,0,0.7254901960784313,0.316360903562836,-0.35300621076158334,0.670918357514362,0.023505622534591347,0.03098613046867854,0.05072841006869473,1.2159499289943476,0.938621119808231,0.3296909836146995,0.43892566192210425,1.132227550053226,0.9665105849718374,1.0138878813209948,284.8754771010663
1644,11644,11644,11644,07025ed,solver_extremeB_s2,1,1,1,success,68,23.166228245437388,16.92515823604279,0.04950877328554874,65,1,30.0,0.45,20.0,1.0,25,1,200,0.002,100,10.0,1.0,0,54,0,0.7941176470588235,0.3510031948417136,-0.5611939238859189,0.6398319788296565,0.024559468084817064,0.03249539896416343,0.05062254788969267,1.93930338924292,1.1249590603393291,0.36095342878718795,0.3615869148308925,1.0755858353552286,1.0819553062481648,0.9617602422590565,287.5387115412418
1645,11645,11645,11645,07025ed,solver_extremeB_s2,1,1,1,success,49,22.345196796962767,26.808666120502394,6.986533702535375,45,1,30.0,0.45,20.0,1.0,25,1,200,0.002,100,10.0,1.0,0,33,0,0.673469387755102,0.3344425009421214,-0.47890950879078037,-2.6769483914915817,0.02539766234384109,0.03430030643287367,0.04754238863769491,0.9763182714028554,1.1611067418640215,0.3240815378698388,0.3062193589530514,1.113114557252776,1.0245470006219763,0.9703583295167465,284.381260841227
1646,11646,11646,11646,07025ed,solver_extremeB_s2,1,1,1,success,48,7.640995674491828,17.754518825830207,14.029337941609707,42,1,30.0,0.45,20.0,1.0,25,1,200,0.002,100,10.0,1.0,0,32,0,0.6666666666666666,0.3267688561739501,-0.29743183732967526,-3.021786964167002,0.020561875830040106,0.03616919137472946,0.10808987374490635,1.4018545625897558,0.7949041461965332,0.31677395503162925,0.4450186884693028,1.063485569461108,1.0390508478898728,1.1730402988769633,282.524797963394
1647,11647,11647,11647,07025ed,solver_extremeB_s2,1,1,0,success,63,28.6941172989843,35.480865803962786,9.602034220630806,45,1,30.0,0.45,20.0,1.0,25,1,200,0.002,100,10.0,1.0,0,47,0,0.746031746031746,0.37966859566433875,-0.2679853862896891,-2.382869987828421,0.02074511320247142,0.0387672302729087,0.04504174796774899,1.5007981847105594,1.383831234063952,0.31800127294120106,0.6761464107700093,0.9869036076582062,0.9714301005147277,0.9473873069789223,257.2823939658042
1648,11648,11648,11648,07025ed,solver_extremeB_s2,1,1,1,success,52,17.3979805169353,31.264320652383145,7.553569270953332,46,1,30.0,0.45,20.0,1.0,25,1,200,0.002,100,10.0,1.0,0,38,0,0.7307692307692307,0.3440838320662861,-0.2352120013545454,-1.3677699420387568,0.02314094918739879,0.03729062855882356,0.06473580037841356,1.8441126851920278,1.0794233081294016,0.3057978453839812,0.6084681982567164,0.9638395022537001,1.052436589324707,1.1521611810424879,284.5187212170681
1649,11649,11649,11649,07025ed,solver_extremeB_s2,1,1,1,success,61,21.288008766531398,28.575573816462526,22.02058903142966,55,1,30.0,0.45,20.0,1.0,25,1,200,0.002,100,10.0,1.0,0,47,0,0.7704918032786885,0.31180093076185916,-0.669074481510205,0.3868493247266369,0.026126496900597807,0.034213410088827986,0.08729103937398619,1.5359199210127843,1.0845212126301464,0.33422036141782147,0.5951118667394738,1.0238673305202945,1.05887193990914,1.062863855602226,291.5914153916385
1650,11650,11650,11650,07025ed,solver_extremeB_s2,1,1,1,success,50,19.053566387077055,18.577346553890386,4.9961862082362005,44,1,30.0,0.45,20.0,1.0,25,1,200,0.002,100,10.0,1.0,0,38,0,0.76,0.31451695439117666,-0.29299523090517476,-2.511659403734539,0.021300742269946216,0.03513935714160598,0.08231714960841141,1.3157763996256318,0.9072422836170695,0.34392596764423067,0.6565448868829886,1.0995698756704455,1.0006592708462543,1.0722038141746615,283.9372143017278
1651,11651,11651,11651,07025ed,solver_extremeB_s2,1,1,1,success,68,3.2716476932275262,23.329368668737377,20.687855909345384,59,1,30.0,0.45,20.0,1.0,25,1,200,0.002,100,10.0,1.0,0,44,0,0.6470588235294118,0.35837863566825723,-0.696058759802411,0.8467103832729079,0.02182376960363384,0.03682334725160091,0.03716748897833378,1.6169939584243131,1.1402784203908853,0.34747137760543967,0.6435351713466944,1.0414529252018012,0.9659536240936502,1.1911808037098184,292.4407558778528
1652,11652,11652,11652,07025ed,solver_extremeB_s2,0,1,0,timeout,200,119.87693115912069,nan,nan,-1,1,30.0,0.45,20.0,1.0,25,1,200,0.002,100,10.0,1.0,0,170,0,0.85,0.3427012025234043,-0.44839730260955074,2.6374000060063443,0.02754840545582527,0.037664594310598806,0.07774458547858859,1.0052216728253232,0.7007062560377935,0.30554185850168886,0.4985852337242627,0.9701219275855131,1.0242713555583753,1.2527946109543318,-3.6268520221221783
1653,11653,11653,11653,07025ed,solver_extremeB_s2,1,1,1,success,72,13.446202924907205,27.683916721550048,2.5036657836575245,65,1,30.0,0.45,20.0,1.0,25,1,200,0.002,100,10.0,1.0,0,56,0,0.7777777777777778,0.37942939318914665,-0.6154216052728293,1.786630171489584,0.023764323628554046,0.039026663616364365,0.0948990795613872,1.3875736193118744,1.1973995343670993,0.3655262778794741,0.6161393066897346,1.0500369098868334,1.0529603092403474,1.0881842624150866,294.41076943679286
1654,11654,11654,11654,07025ed,solver_extremeB_s2,0,1,0,unsafe,40,333.6139003685455,nan,nan,-1,0,30.0,0.45,20.0,1.0,25,1,200,0.002,100,10.0,1.0,0,32,0,0.8,0.3360837505024624,-0.4991070187920619,-1.7793487392930847,0.02217458143343532,0.03737462660035494,0.08029805699425002,0.8282063384008344,0.9044413069260971,0.33315284757558505,0.4820600306454497,1.014545041448613,1.0583404104728904,1.1654234170329034,-43.37329970151061
1655,11655,11655,11655,07025ed,solver_extremeB_s2,1,1,1,success,57,13.814133963393811,27.040943481174825,11.181677861438562,48,1,30.0,0.45,20.0,1.0,25,1,200,0.002,100,10.0,1.0,0,43,0,0.7543859649122807,0.35265800956394194,-0.17355626767658683,0.9358471140045479,0.024910781014283942,0.039951792433952506,0.044359588710908816,1.1099963508508819,0.8007633065680494,0.3486533910813182,0.6341171449819826,1.0281250360859855,0.9305778700910922,1.0020849565594294,280.5328459243208
1656,11656,11656,11656,07025ed,solver_extremeB_s2,1,1,1,success,63,25.004473492628215,25.17961011104322,8.261352408741706,52,1,30.0,0.45,20.0,1.0,25,1,200,0.002,100,10.0,1.0,0,48,0,0.7619047619047619,0.3511319169231551,-0.6907827196861861,-2.577117942954736,0.02694357553694129,0.03983097809396546,0.06839359664793837,0.8056437748337575,0.752616415404796,0.3156284277125488,0.29015229403684445,1.0862801980770673,0.9087066394425382,1.0943314502855983,286.797861658777
1657,11657,11657,11657,07025ed,solver_extremeB_s2,1,1,1,success,45,26.854270877783375,31.843261040379268,2.8589300216474296,39,1,30.0,0.45,20.0,1.0,25,1,200,0.002,100,10.0,1.0,0,39,0,0.8666666666666667,0.38318043114572636,-0.2022352500467851,-1.5415003233688824,0.02466347734914514,0.030842928161249006,0.09728244013557981,1.1907774351209512,1.1117243605766303,0.3799344143685579,0.5345056515325723,1.0499937081167807,1.0845398897093477,1.08370472651254,281.11458496245126
1658,11658,11658,11658,07025ed,solver_extremeB_s2,1,1,1,success,51,30.146725070813112,36.561450960539936,5.905451658678002,44,1,30.0,0.45,20.0,1.0,25,1,200,0.002,100,10.0,1.0,0,35,0,0.6862745098039216,0.36439986798701507,-0.24994641415823116,1.7717216272088665,0.02354425929628241,0.03440743987502556,0.03804839488543342,1.467092764084884,0.9426225104472736,0.32294602105952114,0.6377085380252574,0.9791192455368888,1.0719365088626305,1.0122163974648366,285.9178918672591
1659,11659,11659,11659,07025ed,solver_extremeB_s2,1,1,0,success,99,20.24666050194275,nan,nan,-1,1,30.0,0.45,20.0,1.0,25,1,200,0.002,100,10.0,1.0,0,80,0,0.8080808080808081,0.32668583174436827,-0.6548331094747862,-0.36325896945853664,0.026007102286075993,0.035718067075092064,0.0899942750411321,1.8039974499795217,1.33331312192021,0.31044435647165025,0.354611901097139,0.9776786774449535,1.0061228840263745,1.1079618282049322,234.8279197895678
1660,11660,11660,11660,07025ed,solver_extremeB_s2,1,1,1,success,94,26.554610221641386,33.71573149243597,9.603561957189832,88,1,30.0,0.45,20.0,1.0,25,1,200,0.002,100,10.0,1.0,0,82,0,0.8723404255319149,0.37008578378455625,-0.4337154841363465,3.009163257945052,0.02619053315304647,0.03398204390802064,0.0468100379542694,1.2908641945109602,1.12649746670527,0.3513611776477967,0.28952412186619586,1.0206954751107078,1.0583236017269892,0.9642445961556048,270.2331471138714
1661,11661,11661,11661,07025ed,solver_extremeB_s2,1,1,1,success,61,40.9527033080922,24.198813698268705,14.53948214055467,56,1,30.0,0.45,20.0,1.0,25,1,200,0.002,100,10.0,1.0,0,47,0,0.7704918032786885,0.3262773914501333,-0.17241697410102907,-3.0267619643320622,0.020669522174801308,0.031968472918438066,0.1192146523578818,1.5641516748715318,0.6819942152312338,0.30027075757911176,0.3906304362072949,0.9538978013375922,1.0349798246573334,1.0569737217788182,278.30632102525
1662,11662,11662,11662,07025ed,solver_extremeB_s2,1,1,1,success,52,31.404817810416958,35.298466585961904,4.50901287952513,47,1,30.0,0.45,20.0,1.0,25,1,200,0.002,100,10.0,1.0,0,42,0,0.8076923076923077,0.3277988027323582,-0.3583797288512172,2.9795767045665205,0.025775176024169993,0.032975432306305556,0.06169575093896898,1.293179148271125,1.097524493548039,0.3479064296025247,0.583878272634519,1.0466107894952328,1.0404704825288156,0.938354426368974,288.6678090899736
1663,11663,11663,11663,07025ed,solver_extremeB_s2,1,1,1,success,53,5.302445166376366,21.4011563202178,5.647275309598744,47,1,30.0,0.45,20.0,1.0,25,1,200,0.002,100,10.0,1.0,0,33,0,0.6226415094339622,0.3627054574808057,-0.6230270598614058,1.3262861178716143,0.02705143130219704,0.032358532512925815,0.06699620357667246,1.7631235216600292,1.1533260327530814,0.35115294183249773,0.21846398408006354,1.0257791709139288,0.9711582249027828,1.1909970190632744,288.66947075877715
1664,11664,11664,11664,07025ed,solver_extremeB_s2,1,1,1,success,55,7.9264673668088745,28.10611929064183,7.204688720689693,50,1,30.0,0.45,20.0,1.0,25,1,200,0.002,100,10.0,1.0,0,48,0,0.8727272727272727,0.38142522880464214,-0.6218111322911558,1.716797687939554,0.020483901219907646,0.033004900286938595,0.10208500713587297,1.5165511290039007,1.152245565579598,0.3202468237163625,0.30237091440578456,0.977438408471784,1.0128273728903623,1.0180379347134219,288.8816164963331
1665,11665,11665,11665,07025ed,solver_extremeB_s2,1,1,1,success,51,1.859380582291167,1.8017732345608726,2.281430043318582,48,1,30.0,0.45,20.0,1.0,25,1,200,0.002,100,10.0,1.0,0,39,0,0.7647058823529411,0.33370599593215017,-0.5793533668675956,1.6140278215961974,0.02422578393468314,0.039941742352719266,0.11207444063675974,1.0030590096485947,1.3650885146989489,0.33710586753171673,0.3500980719061713,1.064724971729882,1.0784335639628009,1.028849838789207,285.46893545736475
1666,11666,11666,11666,07025ed,solver_extremeB_s2,1,1,1,success,66,22.160948324698886,26.714934120891424,11.157315868387942,59,1,30.0,0.45,20.0,1.0,25,1,200,0.002,100,10.0,1.0,0,46,0,0.696969696969697,0.3325817453117065,-0.6547754235025092,-2.407546277662713,0.02657428857644634,0.03719709630185996,0.049073290248956986,0.8297355883007491,1.1527250857848244,0.3618235532858525,0.513225588461829,1.0788950929391443,1.0498111589192267,1.08888761883597,288.915126393992
1667,11667,11667,11667,07025ed,solver_extremeB_s2,1,1,1,success,59,21.233491158599637,21.49930897981193,6.118676904632932,52,1,30.0,0.45,20.0,1.0,25,1,200,0.002,100,10.0,1.0,0,37,0,0.6271186440677966,0.32713055008494185,-0.5938831875837238,-2.9443279309893797,0.02227978888610434,0.0381331679232106,0.09167102341406792,1.86971391795589,1.0159744983783678,0.3469427741233338,0.3134503099026427,1.0362029419699412,1.008581929362325,1.0464798824165684,288.0614702770968
1668,11668,11668,11668,07025ed,solver_extremeB_s2,1,1,1,success,71,35.48522826693827,25.555249510474663,5.089002455473528,68,1,30.0,0.45,20.0,1.0,25,1,200,0.002,100,10.0,1.0,0,52,0,0.7323943661971831,0.33331288881379645,-0.7194407146611184,2.635870118162761,0.025555507221782355,0.030625813695453502,0.0636530152345372,1.5739915781314116,1.3480465197100129,0.36557223873852895,0.7120439668925551,0.9760876320711133,1.0121372743954866,0.9984889789355393,293.6571903941744
1669,11669,11669,11669,07025ed,solver_extremeB_s2,1,1,1,success,57,25.10919607592144,25.607740386962856,22.97476655591855,49,1,30.0,0.45,20.0,1.0,25,1,200,0.002,100,10.0,1.0,0,41,0,0.7192982456140351,0.3085300226716933,-0.4484656697102286,0.7451779581315052,0.02107365710755946,0.031116095504299168,0.04585586639143488,1.2994589007215644,0.7343555258862289,0.31860662741439816,0.6186594587583881,1.0476251791955262,0.970434275947385,1.0048246478423142,287.9237845469048
1670,11670,11670,11670,07025ed,solver_extremeB_s2,1,1,1,success,59,4.235664585684408,33.013413470300335,15.076503822818857,49,1,30.0,0.45,20.0,1.0,25,1,200,0.002,100,10.0,1.0,0,42,0,0.711864406779661,0.3709508094403669,-0.6584652304404691,-2.0776426228177325,0.02084685822308445,0.03854955097469356,0.09834224261993837,1.6598343552290877,0.7896593018066111,0.3277153224294115,0.26878937809400766,1.098095924889015,1.0806513326838993,1.2764306033740214,289.91282168154805
1671,11671,11671,11671,07025ed,solver_extremeB_s2,1,1,1,success,52,9.389488507496273,10.07342484005538,10.779480182010646,47,1,30.0,0.45,20.0,1.0,25,1,200,0.002,100,10.0,1.0,0,43,0,0.8269230769230769,0.3561540273647696,-0.49730745871946125,0.6919097173399011,0.025549106039773253,0.03890020825919884,0.07219724884063992,1.718898384704325,0.8133766164489313,0.33681422325988053,0.24293263510246293,0.9991114354912879,1.0086830258245716,1.1268173216921267,279.6298342677708
1672,11672,11672,11672,07025ed,solver_extremeB_s2,1,1,1,success,61,32.69743406120871,28.843715769390073,22.83040713717579,45,1,30.0,0.45,20.0,1.0,25,1,200,0.002,100,10.0,1.0,0,47,0,0.7704918032786885,0.38124329480969915,-0.5137415066254197,1.3376332579149057,0.020629391606205326,0.03041336464366184,0.040895547651780134,1.1283146204516878,0.7516235911819933,0.34331694988371264,0.32158921200193513,1.0356609536195214,1.0583344135953152,1.0481674323477685,287.16540083203614
1673,11673,11673,11673,07025ed,solver_extremeB_s2,1,1,1,success,58,22.489528603655184,19.939817050385923,6.2101829254665715,52,1,30.0,0.45,20.0,1.0,25,1,200,0.002,100,10.0,1.0,0,43,0,0.7413793103448276,0.35455749259263714,-0.5714729862396486,3.051978184265682,0.022856418063325716,0.03409294247071781,0.09589995783578743,1.8257703128420917,0.8390703260621473,0.3319200209687079,0.46531958057939055,1.0740747046656385,0.9744816715887602,1.1730265930164592,286.219526704409
1674,11674,11674,11674,07025ed,solver_extremeB_s2,1,1,1,success,53,2.6052035256965307,8.024211819315344,0.24521240961238353,47,1,30.0,0.45,20.0,1.0,25,1,200,0.002,100,10.0,1.0,0,40,0,0.7547169811320755,0.3897218703282247,-0.1795808036121216,-0.796979284305297,0.023584899673535702,0.037983214122614434,0.07664985189104004,1.8767299483098487,1.0287989340518642,0.33622109260755706,0.34670086455577165,0.9926069337657151,0.9476310147338202,1.1784739676573763,279.8068401669461
1675,11675,11675,11675,07025ed,solver_extremeB_s2,1,1,1,success,47,20.12255171266183,27.65652136555675,7.908258030297326,40,1,30.0,0.45,20.0,1.0,25,1,200,0.002,100,10.0,1.0,0,30,0,0.6382978723404256,0.3103099603409884,-0.47137329469055156,-3.0204843244019903,0.020815260665137447,0.038589052054942216,0.04362815308380543,1.923414561552737,0.9447865023702919,0.34031334667747076,0.26292935846180465,1.0560187873869429,1.0059360764602279,1.0321829463791743,284.3348604402146
1676,11676,11676,11676,07025ed,solver_extremeB_s2,1,1,1,success,57,22.536511874889175,20.474897468898945,4.106345601670476,52,1,30.0,0.45,20.0,1.0,25,1,200,0.002,100,10.0,1.0,0,37,0,0.6491228070175439,0.3325773803008276,-0.3098951370124307,0.7385807961985877,0.02456367604954029,0.03487192742139202,0.10658602368819109,1.4360181843068474,0.7312764604619284,0.38941514654089004,0.614677033328402,0.9651182014135332,0.9973372828935734,1.1487808427341033,286.7126449551313
1677,11677,11677,11677,07025ed,solver_extremeB_s2,1,1,1,success,57,34.21274602159421,32.104542983748374,8.170034042146177,52,1,30.0,0.45,20.0,1.0,25,1,200,0.002,100,10.0,1.0,0,42,0,0.7368421052631579,0.3117786088996671,-0.6235869419916066,2.6334208023904644,0.02659387482385123,0.0322434635693808,0.10122818088080424,0.9298817383369575,0.9999760696979834,0.3303249846550459,0.6628615612623407,1.100670404560782,1.0269739059108045,1.0413203116611127,273.5814019752099
1678,11678,11678,11678,07025ed,solver_extremeB_s2,1,1,1,success,46,6.107478181332429,12.855533349741197,6.124277784440138,40,1,30.0,0.45,20.0,1.0,25,1,200,0.002,100,10.0,1.0,0,30,0,0.6521739130434783,0.3773048321535556,-0.28620464006531987,0.274517339411779,0.021261473217079687,0.03409142400247492,0.03765249076901109,1.8152485914492336,1.3441305636163945,0.3600806737378456,0.1947553050880682,1.0232643661881289,0.9838394251414508,1.2860324659355689,282.9082314389902
1679,11679,11679,11679,07025ed,solver_extremeB_s2,1,1,1,success,48,9.037818561660355,15.76718709965387,7.314138572349601,43,1,30.0,0.45,20.0,1.0,25,1,200,0.002,100,10.0,1.0,0,37,0,0.7708333333333334,0.3530383156713498,-0.2255195875197038,1.8883440107173808,0.025907243992527383,0.0314421837871037,0.04754379704161217,1.3668589028365394,0.7241531396129344,0.3269050742170665,0.32978218645480967,1.0103870525145457,1.0314449097045222,1.0643552664076636,278.6206739818036
1680,11680,11680,11680,07025ed,solver_extremeB_s2,1,1,1,success,45,28.04980067359472,24.946408227057166,4.555840398518969,40,1,30.0,0.45,20.0,1.0,25,1,200,0.002,100,10.0,1.0,0,39,0,0.8666666666666667,0.32747952421590926,-0.2145753622858868,1.9939549761160773,0.02678015396465939,0.03305134752657971,0.06105146618513217,1.203760097022326,1.1174446944666587,0.35327837768881104,0.4735046372795248,1.0075818152700173,0.9093478186791553,0.8169908217122184,278.80501052542775
1681,11681,11681,11681,07025ed,solver_extremeB_s2,1,1,1,success,54,29.75041261690198,30.504782241306636,0.24867496704190575,51,1,30.0,0.45,20.0,1.0,25,1,200,0.002,100,10.0,1.0,0,43,0,0.7962962962962963,0.33408206390795037,-0.17994930334190973,0.4145503605442933,0.022717917878254647,0.03201206986177483,0.07146776155766837,1.8356541230686851,1.1910583538775508,0.36497295584713463,0.7014032355930818,1.0189420251200938,0.9707213863513412,1.036846476982468,285.9997690897596
1682,11682,11682,11682,07025ed,solver_extremeB_s2,1,1,1,success,50,3.568528206276788,11.117962219155917,0.6553287958573033,45,1,30.0,0.45,20.0,1.0,25,1,200,0.002,100,10.0,1.0,0,38,0,0.76,0.3258060494156922,-0.5238002833856259,-0.2589059672273155,0.0226923000029308,0.036929506722559305,0.106104632850396,1.5819623551776387,0.683999416266245,0.34130953954956966,0.32635953282458163,1.0433808206119397,1.0269501134996928,1.1822227338635085,285.18314860434145
1683,11683,11683,11683,07025ed,solver_extremeB_s2,1,1,1,success,52,17.631271736416185,26.585655630461424,7.520819043676594,46,1,30.0,0.45,20.0,1.0,25,1,200,0.002,100,10.0,1.0,0,45,0,0.8653846153846154,0.3250891690499466,-0.25226573718154427,1.1123720856490653,0.02610429658073066,0.038915175237296706,0.08232269783918132,1.9588836237363745,0.8252988037772799,0.36108427454154607,0.722387547216452,0.9930871117113244,0.9746037717883504,1.0802382660567786,282.6138175351956
1684,11684,11684,11684,07025ed,solver_extremeB_s2,1,1,1,success,66,18.160517301984274,27.706259206726596,2.1718447864617976,61,1,30.0,0.45,20.0,1.0,25,1,200,0.002,100,10.0,1.0,0,51,0,0.7727272727272727,0.3568109541679334,-0.6134074841049424,-0.5388766697011231,0.02484861471656899,0.037394465014144236,0.0379962777257722,1.7047652627900372,1.129179849762655,0.3035618256218535,0.26369607568174136,0.977716346993897,1.0662742294236571,1.0317906533373116,288.51851546854385
1685,11685,11685,11685,07025ed,solver_extremeB_s2,0,1,0,object_lost,116,545.8410177098599,nan,nan,-1,0,30.0,0.45,20.0,1.0,25,1,200,0.002,100,10.0,1.0,0,104,0,0.896551724137931,0.3047107630361553,-0.7166623717883991,1.2650002849334943,0.025474990264194357,0.036878150470064916,0.10907419626530468,1.7208524024215166,1.3721826042729823,0.3827782489969818,0.3887186788279889,1.0899210651674314,1.0183676652701694,0.7463546652011093,-169.59644134950074
1686,11686,11686,11686,07025ed,solver_extremeB_s2,1,1,1,success,49,8.711666454001191,6.525227314800735,2.3132390809390078,42,1,30.0,0.45,20.0,1.0,25,1,200,0.002,100,10.0,1.0,0,37,0,0.7551020408163265,0.31638637405579384,-0.40148825264827354,-2.5624811173222826,0.02400670421805658,0.03878336551090028,0.06181669948250486,1.2842633259659364,0.6590430117609699,0.35494014158108067,0.18330329200698461,1.097797784473863,1.0818037607112865,1.1531082186400645,282.5553494163728
1687,11687,11687,11687,07025ed,solver_extremeB_s2,1,1,1,success,50,30.845570666319386,23.479777960629733,14.638140005181917,44,1,30.0,0.45,20.0,1.0,25,1,200,0.002,100,10.0,1.0,0,36,0,0.72,0.33016531591853043,-0.41830613729785726,-1.668694826831175,0.024161456546875088,0.038523245936768764,0.08191920387291902,1.8145857099580267,1.046839750195167,0.3321634360578967,0.3538273402201591,0.9790061175498946,1.0334996122571003,0.921025745231962,282.4807813699428
1688,11688,11688,11688,07025ed,solver_extremeB_s2,1,1,1,success,62,21.381436481553383,21.927037880902468,3.86982026806369,56,1,30.0,0.45,20.0,1.0,25,1,200,0.002,100,10.0,1.0,0,46,0,0.7419354838709677,0.3260283363741592,-0.39954299801270243,1.7593425073751936,0.02235125507009328,0.031826908590306256,0.10048519281154451,1.0976307278547326,0.6073450393894536,0.3780332161397241,0.5610548503907298,0.9789964809768205,1.0847746418676674,1.190665869660724,289.05885480701306
1689,11689,11689,11689,07025ed,solver_extremeB_s2,1,1,1,success,66,40.490511406380186,27.447813334571443,14.158212839218402,59,1,30.0,0.45,20.0,1.0,25,1,200,0.002,100,10.0,1.0,0,46,0,0.696969696969697,0.32529858177150944,-0.6494028575549808,3.02276937268024,0.024934287645789588,0.0355484913665169,0.050737939235893564,1.075590998739644,1.3555144828552044,0.37481178372175544,0.711351838188909,1.0234058271068238,1.028110361153791,1.0817646548986186,293.69184231711523
1690,11690,11690,11690,07025ed,solver_extremeB_s2,1,1,1,success,61,13.187315215023979,19.348828598138613,12.441935080143566,56,1,30.0,0.45,20.0,1.0,25,1,200,0.002,100,10.0,1.0,0,53,0,0.8688524590163934,0.37350755053647705,-0.4621960011238884,-2.5880000291222047,0.027251232488443824,0.03116001704125765,0.10888958617006207,0.9535750822405771,1.3819119190984601,0.3173948904140595,0.651123158754619,1.0554274177344014,1.0719779647391567,1.062202883466955,285.52042584910924
1691,11691,11691,11691,07025ed,solver_extremeB_s2,1,1,1,success,60,13.049590361812262,20.582348902373475,12.298655743468492,52,1,30.0,0.45,20.0,1.0,25,1,200,0.002,100,10.0,1.0,0,43,0,0.7166666666666667,0.34437343014938765,-0.6246108990428586,-1.1619609113955127,0.027359941895559955,0.03848119833703105,0.08773411579836682,1.7688313537925984,1.1426851811861618,0.3241236528888818,0.4856680065297688,0.972996102332262,1.0088307043754843,0.984113300535789,288.50926555244666
1692,11692,11692,11692,07025ed,solver_extremeB_s2,1,1,1,success,52,5.625587793719287,6.039776824328766,5.037701654732654,46,1,30.0,0.45,20.0,1.0,25,1,200,0.002,100,10.0,1.0,0,38,0,0.7307692307692307,0.3338543533433316,-0.4575873852254387,-2.262693659006072,0.022012166528506925,0.03842721347201796,0.10218127420991997,1.7168378836514746,0.6435306670796831,0.3772273572865012,0.3199874884751027,0.9541081680735785,1.0563776986595261,0.9931801254222865,283.4424576739983
1693,11693,11693,11693,07025ed,solver_extremeB_s2,0,0,0,timeout,200,136.06706794042842,nan,nan,-1,1,30.0,0.45,20.0,1.0,25,1,200,0.002,100,10.0,1.0,0,186,0,0.93,0.38144777497712984,-0.18551678672743122,2.8449825212460444,0.024989233719963144,0.029849860561133222,0.06745200973648943,1.1527239106015976,0.763294266764293,0.37745986326498904,0.39732984174547037,1.099470862856436,1.1170341734007205,1.2862861224822062,-3.200272984604564
1694,11694,11694,11694,07025ed,solver_extremeB_s2,1,1,1,success,72,24.840852074208,37.32394830544737,15.844738630423727,65,1,30.0,0.45,20.0,1.0,25,1,200,0.002,100,10.0,1.0,0,59,0,0.8194444444444444,0.3671514242924216,-0.7232444130788517,2.558790114390688,0.022498429783555686,0.03280392814370252,0.06862399057581606,0.9324533570529989,1.1968786001049847,0.38694461250913226,0.7111592416115641,0.9598522786923066,1.0077298969707609,1.1640205259035676,297.43094438930746
1695,11695,11695,11695,07025ed,solver_extremeB_s2,1,1,1,success,50,9.317000676734894,11.107944376894295,11.337908070414699,45,1,30.0,0.45,20.0,1.0,25,1,200,0.002,100,10.0,1.0,0,36,0,0.72,0.3674641984254895,-0.327860001362475,2.2907521788169998,0.025080255285860626,0.035411796556881654,0.10515188939677725,1.398680104394015,1.3247410507662694,0.37071200266813564,0.43782550263310416,1.0176813418127435,1.0397979052467163,1.1188674478924785,283.36825889025243
1696,11696,11696,11696,07025ed,solver_extremeB_s2,1,1,1,success,51,16.210651912470297,43.593176928394335,12.492075428491557,46,1,30.0,0.45,20.0,1.0,25,1,200,0.002,100,10.0,1.0,0,36,0,0.7058823529411765,0.36780708920208194,-0.202869175871508,-0.3685989530204865,0.023418033796828434,0.03417657379464791,0.10956971209887845,1.1193426245723976,0.9074182364726093,0.3172975636909395,0.644503966374634,1.0461361023965405,1.0871262523679956,1.064467920082343,284.4472721671243
1697,11697,11697,11697,07025ed,solver_extremeB_s2,1,1,1,success,64,26.271512078007135,18.145940893661695,7.440710613407523,56,1,30.0,0.45,20.0,1.0,25,1,200,0.002,100,10.0,1.0,0,45,0,0.703125,0.35793897202768693,-0.7014684985264693,-2.1810253788652973,0.022648330730972843,0.03009247593295822,0.09964121302124547,1.970506787698846,0.8009240672507167,0.38506475980211496,0.33894354126449433,1.0061098041426473,1.0257679450349941,1.0744837834316314,291.9467932519548
1698,11698,11698,11698,07025ed,solver_extremeB_s2,1,1,1,success,59,13.022250754240309,13.809752463829136,6.286429823903381,52,1,30.0,0.45,20.0,1.0,25,1,200,0.002,100,10.0,1.0,0,38,0,0.6440677966101694,0.3016806244671189,-0.6158504624985528,-1.7272953761023342,0.021281628500674856,0.0313236931161877,0.11345382772758393,1.6048530394183074,0.7753960367224658,0.3658496222592475,0.23551871740031918,1.0519707674147205,1.0202462423343914,1.1237523466310524,287.5872654867754
1699,11699,11699,11699,07025ed,solver_extremeB_s2,1,1,1,success,42,19.622616654993184,17.95070285516805,7.563102876268943,37,1,30.0,0.45,20.0,1.0,25,1,200,0.002,100,10.0,1.0,0,34,0,0.8095238095238095,0.3403261134860643,-0.2923797506098007,2.927537753513345,0.02152400088139416,0.03333908167635057,0.06264635541383279,0.8936892061641087,1.3545678661186775,0.3077308164375893,0.3691865088332277,0.932936669716584,1.023988966446626,0.8696917291274691,282.0269385950867
1700,11700,11700,11700,07025ed,solver_extremeB_s2,1,1,1,success,76,26.8362069316164,29.700736611472717,10.803845962881942,54,1,30.0,0.45,20.0,1.0,25,1,200,0.002,100,10.0,1.0,0,64,0,0.8421052631578947,0.3686437404965086,-0.4819157151065089,2.05692530829832,0.023023741377253996,0.03679077278275369,0.054269200264918556,1.6764923247839856,0.8482749681672195,0.3124602830327746,0.6807170381831329,1.0123917565875657,1.0755635222307969,1.0489259530754367,285.14353132301494
1701,11701,11701,11701,07025ed,solver_extremeB_s2,1,1,1,success,70,29.36798041675604,22.28033320168972,4.555401570554551,61,1,30.0,0.45,20.0,1.0,25,1,200,0.002,100,10.0,1.0,0,50,0,0.7142857142857143,0.32555653916863697,-0.6825860008658178,2.2708436735490007,0.025717491280858422,0.03420265087652331,0.06227022523297455,1.3187404745018037,1.0804253808646733,0.32728503581849916,0.48846090262372327,0.9713936274117856,1.0835589941438653,1.0215347530557115,288.1183743538885
1702,11702,11702,11702,07025ed,solver_extremeB_s2,1,1,1,success,61,24.36099775032709,35.824672674961725,26.58313532918447,53,1,30.0,0.45,20.0,1.0,25,1,200,0.002,100,10.0,1.0,0,50,0,0.819672131147541,0.3873707444291121,-0.7292211194260244,0.7782781647955761,0.022393870961377297,0.03223839136550339,0.06105966508275398,1.9865796779827456,0.8169587941421889,0.35458683295301285,0.27139729147294567,1.0327420801691916,0.9762804762320341,0.9839058784733266,290.74504848427983
1703,11703,11703,11703,07025ed,solver_extremeB_s2,1,1,1,success,52,26.341479643991306,39.17842625962746,15.215619705436653,46,1,30.0,0.45,20.0,1.0,25,1,200,0.002,100,10.0,1.0,0,35,0,0.6730769230769231,0.3584215168728843,-0.3285018598358229,-0.19130487473152336,0.026732352732568854,0.03143339030814259,0.03425881949011443,1.2706552682539982,0.8147114390135339,0.3229192439190697,0.30125007465544373,1.1433648293756982,1.0657934704147023,1.081645272647101,284.7064372351069
1704,11704,11704,11704,07025ed,solver_extremeB_s2,1,1,1,success,45,23.394519922651583,21.672101172329555,5.381710890968981,39,1,30.0,0.45,20.0,1.0,25,1,200,0.002,100,10.0,1.0,0,25,0,0.5555555555555556,0.31702066990018574,-0.20390943854250032,-2.254211117186106,0.025634627399086406,0.03664628091440109,0.10692872532597843,0.9335065159818722,1.2957081216640156,0.3448100318559102,0.3037707498334568,0.958392310774799,0.9738449349345956,1.0676678952920198,280.3098325658711
1705,11705,11705,11705,07025ed,solver_extremeB_s2,1,1,1,success,61,13.933611653336536,29.22993743895174,11.621637119526756,56,1,30.0,0.45,20.0,1.0,25,1,200,0.002,100,10.0,1.0,0,51,0,0.8360655737704918,0.38466580060264094,-0.6961305244859051,2.7053555350680822,0.021088177580210324,0.035055945915526514,0.1081245282529103,1.0709301377045173,0.8771991704369635,0.3656103514640522,0.490782621754028,1.074233680584217,0.9673011004105447,0.9963198625909755,293.4415191101898
1706,11706,11706,11706,07025ed,solver_extremeB_s2,0,1,0,timeout,200,216.74849849616086,nan,nan,-1,1,30.0,0.45,20.0,1.0,25,1,200,0.002,100,10.0,1.0,0,195,0,0.975,0.3706894873306993,-0.21060966173188556,-1.7890020348618485,0.022132223057739632,0.03205094027764371,0.10288894747268451,1.0510178231550447,0.9315287660644863,0.349038667767053,0.30999140987300683,1.0442208941767412,1.0232478575743276,1.054784569565308,-9.248971990968593
1707,11707,11707,11707,07025ed,solver_extremeB_s2,1,1,1,success,64,11.963244029150369,8.611961141864104,2.553490532317889,54,1,30.0,0.45,20.0,1.0,25,1,200,0.002,100,10.0,1.0,0,47,0,0.734375,0.3167889027572834,-0.6162369918851482,-2.994970967354417,0.02609469174052328,0.039411726076277305,0.05664166212222293,1.6069886688025328,1.1000216353755734,0.37184866255100246,0.435173198951234,1.0413579074373354,1.1289266843672046,1.1987188923742171,288.24493380308417
1708,11708,11708,11708,07025ed,solver_extremeB_s2,1,1,1,success,60,11.652290719231221,24.74470862962317,11.471839633233392,55,1,30.0,0.45,20.0,1.0,25,1,200,0.002,100,10.0,1.0,0,37,0,0.6166666666666667,0.3503804438892029,-0.32735401425650934,-2.7439758868736446,0.024068430307635478,0.03238658786451219,0.10020297852867112,1.4614611675110174,1.3548276883944272,0.31866803820484363,0.49605023628022904,0.9631184322145121,1.0837655341296988,1.070647913680995,281.707147310664
1709,11709,11709,11709,07025ed,solver_extremeB_s2,1,1,1,success,57,18.667269112829377,15.961282672435813,3.8982009458406752,52,1,30.0,0.45,20.0,1.0,25,1,200,0.002,100,10.0,1.0,0,43,0,0.7543859649122807,0.34549380857536416,-0.7281861257078435,-0.43068472569111593,0.02524962000925684,0.03471553434190029,0.11769615954508225,1.5744110207426987,1.2620901940380629,0.36493574001836854,0.31746437093387164,1.0753446615283127,0.9999484425400947,0.9859906413662384,288.01214629098905
1710,11710,11710,11710,07025ed,solver_extremeB_s2,1,1,1,success,46,17.332021072227853,16.130396973128693,5.188113640061898,41,1,30.0,0.45,20.0,1.0,25,1,200,0.002,100,10.0,1.0,0,36,0,0.782608695652174,0.37514654230478217,-0.22758342997052827,1.2842812624382534,0.024314429261024454,0.0334330972457891,0.0928250187024702,1.051105360113701,0.8954511074640207,0.3449973391012122,0.3748849512980207,1.0948202616556664,1.037708782588364,1.1268071197325722,283.26444354356886
1711,11711,11711,11711,07025ed,solver_extremeB_s2,1,1,1,success,56,5.6507990173501,11.83237077211402,5.095592274851754,51,1,30.0,0.45,20.0,1.0,25,1,200,0.002,100,10.0,1.0,0,39,0,0.6964285714285714,0.3384013879328445,-0.618610968284574,-1.2899950918978804,0.02140641187461945,0.034430484590451706,0.09621238156157691,1.1496680669670394,1.1968220591081358,0.34042416294288025,0.4862542471332125,1.100024465551061,0.9508252029784272,1.1936704331637902,290.45790193800804
1712,11712,11712,11712,07025ed,solver_extremeB_s2,1,1,1,success,41,8.017054857359236,8.396226499282795,5.908327770686585,37,1,30.0,0.45,20.0,1.0,25,1,200,0.002,100,10.0,1.0,0,25,0,0.6097560975609756,0.3387298745068756,-0.2113429079557586,-0.19005766653156497,0.02508883622515568,0.03148385539463284,0.032753650613490434,1.8158182010267696,1.145212206697891,0.3363300862810072,0.18793895184513362,0.9979647078841137,1.0111002386820405,1.152651618403946,280.71504647062307
1713,11713,11713,11713,07025ed,solver_extremeB_s2,1,1,1,success,60,14.862711128303113,23.892524898560808,9.379811348364127,50,1,30.0,0.45,20.0,1.0,25,1,200,0.002,100,10.0,1.0,0,44,0,0.7333333333333333,0.33770286121524273,-0.30787686414702325,1.8284735602394697,0.024763050023314633,0.03733552428494858,0.07189905687208657,1.68016600845151,1.021444903516296,0.33003393168691036,0.7062406729995352,1.0239935750711722,0.9741515683442004,1.1154112385712727,280.7199998866468
1714,11714,11714,11714,07025ed,solver_extremeB_s2,1,1,1,success,41,25.275957210268192,27.52389683305772,6.824716610653268,35,1,30.0,0.45,20.0,1.0,25,1,200,0.002,100,10.0,1.0,0,29,0,0.7073170731707317,0.30115946277654204,-0.2188442585348649,-1.8887563612569624,0.02450770327861888,0.03678745191552122,0.0748776192881342,1.094635625105949,0.931469231588349,0.33246253935119185,0.25044519252435266,0.9869058638282969,1.0338121845074055,1.0980636173692075,277.36841129500533
1715,11715,11715,11715,07025ed,solver_extremeB_s2,1,1,1,success,56,25.983162544174927,21.836874567199562,9.220945152592288,50,1,30.0,0.45,20.0,1.0,25,1,200,0.002,100,10.0,1.0,0,48,0,0.8571428571428571,0.3794302219369813,-0.3535991637127711,-0.9189787980766737,0.022585252662418363,0.029915702587080126,0.05049019996789654,1.4403871030530173,1.3001586460440024,0.3557580113228213,0.615247609849476,0.9425250060726782,1.0623916366617419,1.0903300015457107,285.62483506979584
1716,11716,11716,11716,07025ed,solver_extremeB_s2,1,1,1,success,60,33.79826551585073,34.55836685645812,8.472929545452402,52,1,30.0,0.45,20.0,1.0,25,1,200,0.002,100,10.0,1.0,0,42,0,0.7,0.33199353128821263,-0.43474939251434325,-0.827807170128795,0.02218050242480024,0.03547709787332577,0.03058001778075521,1.5039883440610047,0.6564185373016685,0.3240634058648384,0.7177981459583986,1.0272111603256733,1.0937328534121984,0.9142255899509324,288.34956457900694
1717,11717,11717,11717,07025ed,solver_extremeB_s2,1,1,1,success,49,28.434149865501794,3.13604094312539,6.980800164346512,43,1,30.0,0.45,20.0,1.0,25,1,200,0.002,100,10.0,1.0,0,32,0,0.6530612244897959,0.33458936287251717,-0.43860391161230683,-0.33197559811368915,0.027163430513759797,0.030350195722713035,0.048815853331735576,1.3854216247952769,1.2621522460438221,0.3065299952276181,0.18344854554547105,0.9828026157993036,1.00651836880373,1.0840731964726165,283.5930896880138
1718,11718,11718,11718,07025ed,solver_extremeB_s2,1,1,1,success,60,18.347531361868842,21.47862300233788,13.406845017304594,45,1,30.0,0.45,20.0,1.0,25,1,200,0.002,100,10.0,1.0,0,42,0,0.7,0.33445225637962306,-0.4399648785684483,0.35858274382792077,0.024217584088440023,0.04007519788852764,0.057860150277851644,1.88093553337245,1.1764283656967147,0.3056914974513112,0.563539796983114,0.9740154244324055,1.0917837828416534,1.1662363895006687,287.37605420346875
1719,11719,11719,11719,07025ed,solver_extremeB_s2,1,1,1,success,63,17.41023424163632,40.76653683877277,19.768309995486053,57,1,30.0,0.45,20.0,1.0,25,1,200,0.002,100,10.0,1.0,0,42,0,0.6666666666666666,0.3006286843719224,-0.6963048689103518,-1.4207971127098866,0.02707202668621805,0.034980641559499134,0.054008381150711146,1.8000266389262731,0.9301713157764494,0.31759241468527566,0.690921048099583,1.0685341036882585,1.0034666544214477,1.1542792402453035,291.2783336946153
1720,11720,11720,11720,07025ed,solver_extremeB_s2,1,1,1,success,59,20.967695152636733,23.342536643638972,16.157564451003942,52,1,30.0,0.45,20.0,1.0,25,1,200,0.002,100,10.0,1.0,0,51,0,0.864406779661017,0.36156052592674404,-0.7072449030100395,-1.8560790553428304,0.02221468153931802,0.03419355588128946,0.07983671083069446,1.5051806586997438,0.710450959481546,0.31959006026487236,0.3749926480545777,0.9059054877899306,1.09386561550666,0.9922316659823671,291.5503828340568
1721,11721,11721,11721,07025ed,solver_extremeB_s2,1,1,1,success,42,8.546271630284648,18.802802078993054,14.68863040006463,36,1,30.0,0.45,20.0,1.0,25,1,200,0.002,100,10.0,1.0,0,30,0,0.7142857142857143,0.313583121126347,-0.302591792124774,-0.6279687046095166,0.026381335109047194,0.03202081703594516,0.09149555819570337,1.1800076948837335,1.1427352655842775,0.3010271496180465,0.3013448013148773,1.038589775393493,0.9665548362191948,1.067259058332629,279.86443841675055
1722,11722,11722,11722,07025ed,solver_extremeB_s2,1,1,1,success,48,22.650310519188768,17.281711194186254,4.160600776775394,42,1,30.0,0.45,20.0,1.0,25,1,200,0.002,100,10.0,1.0,0,32,0,0.6666666666666666,0.3235252626895172,-0.36933233762307766,0.73759594137888,0.025940535441451727,0.03347159782908973,0.1119682021580313,1.0352955094387004,0.8319389045688653,0.3469397870126908,0.2284785975093421,1.0515995044371735,1.0319359501438012,0.977708269798035,282.2544996436868
1723,11723,11723,11723,07025ed,solver_extremeB_s2,1,1,1,success,62,14.199321252307085,14.48924975073232,1.5076109856869073,56,1,30.0,0.45,20.0,1.0,25,1,200,0.002,100,10.0,1.0,0,47,0,0.7580645161290323,0.35602880825052025,-0.48881461855277697,-0.9344867076576233,0.027512425545819733,0.03806750373459133,0.038668828034236276,1.8631248722894254,1.1665552078247647,0.3657960233726316,0.4239831413207951,0.9567658742144101,1.0283767118245544,0.9759265187295831,287.7370120094475
1724,11724,11724,11724,07025ed,solver_extremeB_s2,1,1,1,success,61,30.2322517843811,29.091972937895424,9.02435213859024,56,1,30.0,0.45,20.0,1.0,25,1,200,0.002,100,10.0,1.0,0,38,0,0.6229508196721312,0.34288760731456774,-0.4169284023591363,-2.5375050824187797,0.02632222546846721,0.03213867631202539,0.03678132174921621,1.8735995153881648,1.3008305729195648,0.33695482665471943,0.6504718963363258,0.9965015717561825,1.0365005209350104,1.0215010453532338,286.7616246503885
1725,11725,11725,11725,07025ed,solver_extremeB_s2,0,1,0,timeout,200,299.80829882187436,nan,nan,-1,1,30.0,0.45,20.0,1.0,25,1,200,0.002,100,10.0,1.0,0,184,0,0.92,0.3512549594680373,-0.3560125681039594,-2.4995551077893627,0.023358078088693487,0.03066746981058639,0.08907424050784374,1.4311742432424033,0.7403348100230632,0.3438410643918522,0.6078993411118058,0.9818873373556871,1.0727855801997852,1.1824645314337723,19.62321002751635
1726,11726,11726,11726,07025ed,solver_extremeB_s2,1,1,1,success,63,32.97602273196922,30.931434099173856,24.038052049045437,49,1,30.0,0.45,20.0,1.0,25,1,200,0.002,100,10.0,1.0,0,56,0,0.8888888888888888,0.38624619862470205,-0.6532945672400066,2.945588712760393,0.026585539570393352,0.03916616826167888,0.09845444467276963,0.9254520042838468,0.6911054429544565,0.3426734488021664,0.19339714184415857,0.9951305585453817,1.0429055581732476,0.8390819713956759,290.1727195544965
1727,11727,11727,11727,07025ed,solver_extremeB_s2,1,1,1,success,60,16.19765535702425,16.153313079209585,10.760371093697438,53,1,30.0,0.45,20.0,1.0,25,1,200,0.002,100,10.0,1.0,0,35,0,0.5833333333333334,0.35955330798546004,-0.5915361383282376,0.13676293864795985,0.025226057977999868,0.03970873860600163,0.05652537868301169,1.2419500558502026,0.6410009586250668,0.35410101979512765,0.3825037444877479,1.0353939791142683,1.1007729949231513,0.9632671226696561,288.567566724776
1728,11728,11728,11728,07025ed,solver_extremeB_s2,1,1,1,success,67,24.88106178844877,25.234064467402675,8.064868880784003,56,1,30.0,0.45,20.0,1.0,25,1,200,0.002,100,10.0,1.0,0,51,0,0.7611940298507462,0.3673791132923941,-0.4786849030080384,2.704756213962499,0.021588235497111852,0.038566416576731405,0.03649277787099376,1.3461903541038107,0.9565129591662522,0.32267294830673965,0.7059125440103838,1.001412550162249,1.0539179500687808,0.9363991844571924,290.22149407749447
1729,11729,11729,11729,07025ed,solver_extremeB_s2,1,1,1,success,43,36.080171561725,39.15855445241809,3.4713553162275863,37,1,30.0,0.45,20.0,1.0,25,1,200,0.002,100,10.0,1.0,0,31,0,0.7209302325581395,0.34001751372579414,-0.17466254896853162,-3.1406093147025027,0.022271513086212207,0.031672621661145976,0.034539092161484486,1.8228928708251253,0.7506542715749467,0.31086751211810976,0.5037649688621508,1.0067534125666437,1.0767754378765393,1.0165013565498837,281.63317477558485
1730,11730,11730,11730,07025ed,solver_extremeB_s2,1,1,1,success,67,32.67456338577447,37.09477595104348,0.5150944972628821,64,1,30.0,0.45,20.0,1.0,25,1,200,0.002,100,10.0,1.0,0,63,0,0.9402985074626866,0.30096947766637505,-0.6802514762272647,2.671691320708364,0.023703298034653552,0.03874745135810252,0.054346193183378425,1.3732929789534447,0.624514513963155,0.316353568115362,0.22419222383922066,1.0947120045096654,0.994348666020459,1.0831408196892833,282.2702668992516
1731,11731,11731,11731,07025ed,solver_extremeB_s2,1,1,1,success,66,24.078973933190433,17.411640545405174,3.3636980971784665,61,1,30.0,0.45,20.0,1.0,25,1,200,0.002,100,10.0,1.0,0,46,0,0.696969696969697,0.30696075937648165,-0.729394914081863,-2.124084722586299,0.022950166416940143,0.0367952382917225,0.08300026277667674,1.247276037919486,0.8698059458639185,0.37787863217977696,0.5685031084034667,0.9554291200477236,1.0572739736305035,1.0545818112951237,293.7965798919865
1732,11732,11732,11732,07025ed,solver_extremeB_s2,0,1,0,timeout,200,176.8110859228507,206.1241916874265,111.1093009477948,44,1,30.0,0.45,20.0,1.0,25,1,200,0.002,100,10.0,1.0,0,183,0,0.915,0.3303054603436629,-0.5304894922999751,-0.4174033427188766,0.025206286457952636,0.03177840330596379,0.08569292972622305,1.9288317904682732,0.7998941399252463,0.3844178690699418,0.37101083071643504,0.9819177427914758,1.0243748885863437,0.9410679263858637,23.899483465475004
1733,11733,11733,11733,07025ed,solver_extremeB_s2,1,1,1,success,52,35.26585996200693,45.24901390371787,3.5849401541291708,43,1,30.0,0.45,20.0,1.0,25,1,200,0.002,100,10.0,1.0,0,43,0,0.8269230769230769,0.30455479575179134,-0.19797357358991707,1.7222108213107585,0.027391830092210658,0.03928176126584912,0.09716616467797233,0.936260572470804,1.0395130860931103,0.3047637098359347,0.7280574089819873,1.0466096304065684,0.9751147874349714,0.997754688997344,283.8790441818371
1734,11734,11734,11734,07025ed,solver_extremeB_s2,1,1,1,success,63,13.913589320377055,20.8877657951384,7.110445851638034,57,1,30.0,0.45,20.0,1.0,25,1,200,0.002,100,10.0,1.0,0,45,0,0.7142857142857143,0.3652590889036972,-0.6657793953269672,-0.9687719418738125,0.021201330424251045,0.03723254181063688,0.035071165041106925,1.8210790307508031,0.7747738588244591,0.3700254558886096,0.4454429635698467,0.9873909130998476,1.0084732837162658,1.0610994728915462,292.676202761639
1735,11735,11735,11735,07025ed,solver_extremeB_s2,1,1,1,success,50,4.9929597868522055,9.272163986946245,6.613231610100242,45,1,30.0,0.45,20.0,1.0,25,1,200,0.002,100,10.0,1.0,0,39,0,0.78,0.33836576862218604,-0.4523003686387793,-0.5306004082596893,0.021149972818175437,0.03137811835588132,0.11393633950580741,1.6579898768193133,1.2633875200038256,0.36003797919621433,0.2836532430010444,1.0639578803025407,1.0182362452126719,0.7871950144843679,286.80432919523815
1736,11736,11736,11736,07025ed,solver_extremeB_s2,1,1,1,success,50,11.778011025025098,15.942999928748584,11.213331615010322,44,1,30.0,0.45,20.0,1.0,25,1,200,0.002,100,10.0,1.0,0,38,0,0.76,0.3362191367178092,-0.17352019082977488,0.5260506365493414,0.02535850700629321,0.03138587632746739,0.07715389610085238,1.5824891540215398,1.0851927554364176,0.35209812018691883,0.3935965593574936,0.908283813545565,0.9992039435364903,0.7740621094653553,281.9484714392345
1737,11737,11737,11737,07025ed,solver_extremeB_s2,1,1,1,success,48,30.077926305604766,30.733314413600255,6.282602114077471,43,1,30.0,0.45,20.0,1.0,25,1,200,0.002,100,10.0,1.0,0,33,0,0.6875,0.31063936447188645,-0.26634308156976744,1.759807469768579,0.023041266644295313,0.03100731554521652,0.0904687638271837,1.0764433570335472,1.1800418186828487,0.3686268608310374,0.4391266724176478,1.062372437067769,1.075265069810207,0.8877139579609281,283.61819054305306
1738,11738,11738,11738,07025ed,solver_extremeB_s2,1,1,1,success,56,23.671853823026893,22.462453375155675,21.68789361537721,50,1,30.0,0.45,20.0,1.0,25,1,200,0.002,100,10.0,1.0,0,42,0,0.75,0.31335626585176113,-0.4557286359313251,-0.876583144557975,0.02537677824070445,0.032018058507186975,0.08936965186719437,1.602332329750836,1.3429763579450518,0.33166309192077853,0.42620355346268524,1.0072905044265723,1.0660753799206348,0.9950038494596154,284.8191655386671
1739,11739,11739,11739,07025ed,solver_extremeB_s2,1,1,1,success,52,13.782439827121516,21.77805640122388,1.8912310900706584,48,1,30.0,0.45,20.0,1.0,25,1,200,0.002,100,10.0,1.0,0,42,0,0.8076923076923077,0.3421280915877857,-0.2186784204318697,-0.1310011502717856,0.026305308931269467,0.030002376970458308,0.10487404574768347,1.6252002655496707,0.7911645792802828,0.3325417029390151,0.4893863876116011,0.9630415963275001,1.0969100622391126,1.0264167661921992,280.6552872080924
1740,11740,11740,11740,07025ed,solver_extremeB_s2,1,1,1,success,50,5.817207940474503,10.184967755083182,10.524729320870037,45,1,30.0,0.45,20.0,1.0,25,1,200,0.002,100,10.0,1.0,0,38,0,0.76,0.35329609987310157,-0.5170938788201077,1.433590304849682,0.022524558501205723,0.031532029613753225,0.06035066844617565,1.854450490662388,0.6881540261242178,0.31623542477124944,0.2978986219806684,1.0964682052842958,1.0947698772240504,0.9668625923363805,286.15496855347135
1741,11741,11741,11741,07025ed,solver_extremeB_s2,1,1,1,success,64,29.770030811113894,18.95989701837467,15.80485971785836,56,1,30.0,0.45,20.0,1.0,25,1,200,0.002,100,10.0,1.0,0,43,0,0.671875,0.33336921367397643,-0.6599224664164626,-2.7840254080540627,0.02370509545631292,0.038264961663997045,0.0661057771185315,0.9257007708330731,0.9559498201958123,0.3769889408615218,0.4762834631054746,1.0764999750714201,1.0166687530235943,1.10803759231601,290.9820360271542
1742,11742,11742,11742,07025ed,solver_extremeB_s2,1,1,1,success,45,14.665060075465568,6.469417106065931,10.546151506904032,38,1,30.0,0.45,20.0,1.0,25,1,200,0.002,100,10.0,1.0,0,30,0,0.6666666666666666,0.3043718034625359,-0.31656562379704994,-0.7924853235337728,0.021554560628971455,0.036785988964463195,0.06625673952613714,1.3072948861784581,1.2084020182822048,0.31625155163337865,0.2803785742090187,0.98957844171555,1.0125139724171526,1.138924035524749,279.146366768306
1743,11743,11743,11743,07025ed,solver_extremeB_s2,1,1,1,success,57,19.81983646257245,22.29300103552909,11.60323610306057,46,1,30.0,0.45,20.0,1.0,25,1,200,0.002,100,10.0,1.0,0,43,0,0.7543859649122807,0.3403689890059095,-0.343110462503363,0.5371691646098928,0.02651248790005589,0.03467496608417317,0.10084267498972123,0.9928374046606204,1.3625550669941393,0.34156628022826335,0.5535589937655372,1.040491644249155,1.0051073898174674,1.003576729416452,285.66487316060727
1744,11744,11744,11744,07025ed,solver_extremeB_s2,1,1,1,success,48,10.678744720849812,17.156444506000874,4.59991867676185,43,1,30.0,0.45,20.0,1.0,25,1,200,0.002,100,10.0,1.0,0,30,0,0.625,0.31356964610295435,-0.40271111790334624,2.029709662175594,0.027003915431616652,0.03710021441843247,0.08252011846606065,1.7856505697123817,0.8732579340522806,0.3822679447355544,0.3616862238705261,1.015992164450607,1.0807285129658937,0.9717455510956751,283.8736742196681
1745,11745,11745,11745,07025ed,solver_extremeB_s2,1,1,1,success,57,30.687079646111258,29.29836953021914,1.0635478682489599,54,1,30.0,0.45,20.0,1.0,25,1,200,0.002,100,10.0,1.0,0,47,0,0.8245614035087719,0.3788438026483008,-0.48623660875973174,0.955613453507361,0.025311314038361028,0.03816427188449314,0.045714846278897325,1.359472674346855,1.037916972141654,0.38685149723547985,0.3071429450463792,1.0858406117431718,1.0515066080456512,1.2518032400172592,288.20134189813155
1746,11746,11746,11746,07025ed,solver_extremeB_s2,1,1,1,success,56,12.486969864846333,28.49446309585967,3.854956536391505,45,1,30.0,0.45,20.0,1.0,25,1,200,0.002,100,10.0,1.0,0,35,0,0.625,0.3406335905788994,-0.3457106898666825,0.998397204671754,0.021411338255788448,0.03463558166917598,0.10237133628423353,1.7614040775341826,1.2060333369648628,0.3038170007588169,0.2671151475774527,1.0196790717712578,0.9928274680689139,1.0609364464948725,279.8280981718825
1747,11747,11747,11747,07025ed,solver_extremeB_s2,1,1,1,success,58,4.310614184369438,11.447538406223732,7.665978120974256,51,1,30.0,0.45,20.0,1.0,25,1,200,0.002,100,10.0,1.0,0,50,0,0.8620689655172413,0.3293893717205526,-0.7208908763158011,-1.9786977446869998,0.02140748244141246,0.0377472666032035,0.03775854013503683,1.8177554309948358,0.7393320375495746,0.3622955857776671,0.20708046826024465,1.0749430107411897,1.116862440603051,1.010641929779257,288.58713966479206
1748,11748,11748,11748,07025ed,solver_extremeB_s2,1,1,1,success,71,23.2086514430495,14.450867638402597,8.666414465770638,64,1,30.0,0.45,20.0,1.0,25,1,200,0.002,100,10.0,1.0,0,50,0,0.704225352112676,0.365425122515582,-0.6144861880333123,-0.8364927690356425,0.02292690768001562,0.032650281683591666,0.09733651485079367,1.9050484203716764,1.3077166781642184,0.359925722837845,0.5052245721084457,0.9843447530121648,1.0552171282955434,1.2225739726697809,290.3911986012813
1749,11749,11749,11749,07025ed,solver_extremeB_s2,1,1,1,success,45,22.432646405811646,17.991793698506267,6.230448272441868,39,1,30.0,0.45,20.0,1.0,25,1,200,0.002,100,10.0,1.0,0,38,0,0.8444444444444444,0.3803467273620446,-0.21969326710212322,-0.08322425671043154,0.024667757802619244,0.03226425683557159,0.09871539104000379,1.1862561672122724,1.362127032815392,0.32008094288520805,0.4226720708896533,0.9800045313991362,1.0654233898074295,1.160102660530451,281.67478826187016
1750,11750,11750,11750,07025ed,solver_extremeB_s2,1,1,1,success,48,19.164173491344084,26.351623361608652,6.594340846500894,38,1,30.0,0.45,20.0,1.0,25,1,200,0.002,100,10.0,1.0,0,38,0,0.7916666666666666,0.376571342116391,-0.3867380196133448,-1.418267928668992,0.02251418654824205,0.037233419313508216,0.05863196599174862,1.2310764187005494,0.851682178731167,0.3407522563846007,0.2164367379477527,1.0797454059502736,1.0789571511218192,0.9877607141556667,279.98436754949296
1751,11751,11751,11751,07025ed,solver_extremeB_s2,1,1,1,success,56,13.126826783764201,15.116561244474513,21.598643201907333,50,1,30.0,0.45,20.0,1.0,25,1,200,0.002,100,10.0,1.0,0,42,0,0.75,0.3002872917508453,-0.7006956464694066,-1.2944815915232124,0.02658419859258934,0.036312397027907374,0.07280624871777593,1.2440281000288997,1.2985606442625974,0.3244096476010152,0.29136087284453305,1.0262355853204395,0.9541746426385768,1.033435959519913,286.9556898823396
1752,11752,11752,11752,07025ed,solver_extremeB_s2,1,1,1,success,61,14.166858299283756,7.531581121492623,6.427065991012978,53,1,30.0,0.45,20.0,1.0,25,1,200,0.002,100,10.0,1.0,0,38,0,0.6229508196721312,0.3414261182431552,-0.6978235018092236,0.4108563954692337,0.02167851220666219,0.036431515894493616,0.0661146334403305,0.8897717581097615,0.7475525147631097,0.30319449065372633,0.4403589716658572,1.057443986659316,0.9809980307517269,1.1937145654027748,290.22217257336894
1753,11753,11753,11753,07025ed,solver_extremeB_s2,1,1,1,success,50,4.239759146316747,2.6327581510760787,9.124698708020356,37,1,30.0,0.45,20.0,1.0,25,1,200,0.002,100,10.0,1.0,0,43,0,0.86,0.3261320880666065,-0.28920827163266505,-2.939950693235806,0.02753988346970633,0.03892565540157525,0.07653439422502199,1.4598861866146198,0.7341313564107589,0.3498894976819479,0.18615530747064424,1.0177390637763435,1.0611859788513216,1.1419417385758521,278.38166455074025
1754,11754,11754,11754,07025ed,solver_extremeB_s2,1,1,1,success,56,29.421838015064772,11.972489259594564,19.87339304311688,50,1,30.0,0.45,20.0,1.0,25,1,200,0.002,100,10.0,1.0,0,39,0,0.6964285714285714,0.3891202930895325,-0.2852538187259015,-1.4367348915309361,0.02278576607899096,0.03713450733457521,0.041668853152358645,1.3737362774798774,0.7347241960234578,0.3782194741802782,0.5812790934383514,0.948957181685328,1.0412711037556708,1.1550900101607806,287.77170865791993
1755,11755,11755,11755,07025ed,solver_extremeB_s2,1,1,1,success,54,25.516154500495396,17.713363669190475,16.229377647094996,48,1,30.0,0.45,20.0,1.0,25,1,200,0.002,100,10.0,1.0,0,43,0,0.7962962962962963,0.3075710789680731,-0.4220992956276695,-0.23272247034292937,0.02275744739072123,0.037448330193371855,0.1083411531281238,1.822604967828843,0.9778897726485463,0.329490914081974,0.4737293681112162,1.0093558081657463,0.9924499527368024,1.3067263407253804,286.2918804955973
1756,11756,11756,11756,07025ed,solver_extremeB_s2,0,1,0,timeout,200,124.11778232570555,nan,nan,-1,1,30.0,0.45,20.0,1.0,25,1,200,0.002,100,10.0,1.0,0,185,0,0.925,0.3780881641139513,-0.19812138468880103,0.8783018448660078,0.02606024155848543,0.03790575396890908,0.07040764145712561,0.9921127936214806,0.8840161657237686,0.33666740778634147,0.27615350826923823,0.9909238785672753,1.0057342628300963,1.1606893128960247,12.833321075156123
1757,11757,11757,11757,07025ed,solver_extremeB_s2,1,1,1,success,48,29.56085857027766,27.186170354212706,4.558331990652025,44,1,30.0,0.45,20.0,1.0,25,1,200,0.002,100,10.0,1.0,0,29,0,0.6041666666666666,0.32920550999154646,-0.2994824635840716,-1.2437351577982894,0.0273876029645921,0.030167499460907812,0.058228248391993725,1.3700671971073417,0.6482305624258494,0.372287434192795,0.5298605049450549,1.0825608456565625,1.0380987701234723,0.7924262922458634,283.2047647330078
1758,11758,11758,11758,07025ed,solver_extremeB_s2,1,1,1,success,69,28.71738677340907,1.4218466924939561,7.323518978953688,61,1,30.0,0.45,20.0,1.0,25,1,200,0.002,100,10.0,1.0,0,48,0,0.6956521739130435,0.35332039396602827,-0.6536475500139234,3.112574565810532,0.023506924737069373,0.03411347437257778,0.07102885428114154,1.5948307477047612,1.2309336436863334,0.3140648928700759,0.5782039814656518,1.0596265964827423,1.046075452414808,1.134968388663709,290.8345841366515
1759,11759,11759,11759,07025ed,solver_extremeB_s2,1,1,1,success,77,9.963668048726948,13.646872542706838,3.1340863957281817,68,1,30.0,0.45,20.0,1.0,25,1,200,0.002,100,10.0,1.0,0,52,0,0.6753246753246753,0.3614456803110652,-0.17599559263105535,-2.226240082448399,0.021615827523610607,0.036261024068411876,0.11925769293437291,1.447370843009114,1.172993639316367,0.37545824553703305,0.6041785491143822,1.052878809830484,0.9608063310360998,1.1182467941547745,283.14897689902955
1760,11760,11760,11760,07025ed,solver_extremeB_s2,1,1,1,success,65,31.862592788491533,13.032590028342643,27.660707395021458,56,1,30.0,0.45,20.0,1.0,25,1,200,0.002,100,10.0,1.0,0,43,0,0.6615384615384615,0.3258468743659625,-0.6355840395471402,-0.8417548941306623,0.02414928268984019,0.03757853110488371,0.10098444396349994,1.091321904789526,1.1947724336540912,0.33482792465124,0.40768441303013087,0.8997045233733615,1.060999509126446,1.237953989039759,289.89767312676634
1761,11761,11761,11761,07025ed,solver_extremeB_s2,1,1,1,success,49,22.85800191429814,23.821616548837113,5.0755992891340735,41,1,30.0,0.45,20.0,1.0,25,1,200,0.002,100,10.0,1.0,0,36,0,0.7346938775510204,0.3412897214936906,-0.220978797237106,-3.063834681857496,0.02263084458827824,0.03843819422406317,0.06371201774285745,1.5223717087821482,0.8174756107096035,0.3033691416104345,0.49075288999794736,1.0125591264847362,1.091739812141609,1.0482457124547835,282.9006349573374
1762,11762,11762,11762,07025ed,solver_extremeB_s2,1,1,1,success,52,7.92752218379701,7.475282948252165,12.574787077894493,42,1,30.0,0.45,20.0,1.0,25,1,200,0.002,100,10.0,1.0,0,40,0,0.7692307692307693,0.31383288857914116,-0.22978069451565286,-2.7252231032788394,0.026094488767852666,0.038913284682632526,0.08649682609932383,1.7961400823804579,0.9886094089553812,0.35256782209321635,0.34571388934083286,1.0441161884692012,0.9989292647310831,0.9877468252092965,278.92320895773
1763,11763,11763,11763,07025ed,solver_extremeB_s2,0,1,0,timeout,200,150.11821424949028,nan,nan,-1,1,30.0,0.45,20.0,1.0,25,1,200,0.002,100,10.0,1.0,0,185,0,0.925,0.3038808013456763,-0.30365957858998865,-1.9450233987046606,0.021613416211207277,0.035955230760701784,0.09976076659190727,0.8666045874782587,1.3581097031893803,0.35324601960632834,0.6801676381704118,1.0061541219090457,1.1029748263859676,1.1637026477110006,16.469084506988125
1764,11764,11764,11764,07025ed,solver_extremeB_s2,1,1,1,success,53,14.958686349088742,21.361352493129417,2.0336355607185332,49,1,30.0,0.45,20.0,1.0,25,1,200,0.002,100,10.0,1.0,0,45,0,0.8490566037735849,0.3057668265147724,-0.6002698188890706,1.3698674004162816,0.024779916134787475,0.03840237290780508,0.03775544057877981,1.4828900733782282,0.722891714980138,0.37777954438379924,0.41688672657886006,1.1452933921835187,0.9958607123836252,1.3921925921098692,286.75445546540857
1765,11765,11765,11765,07025ed,solver_extremeB_s2,1,1,1,success,66,15.061512764890068,19.555937922850216,12.874130422705685,60,1,30.0,0.45,20.0,1.0,25,1,200,0.002,100,10.0,1.0,0,51,0,0.7727272727272727,0.3842961985054544,-0.5889854647820583,-2.708741856440567,0.02656146669732961,0.032943356099958354,0.04065312799951071,1.7343445247807376,1.0383357105443696,0.35242572601611927,0.6726857617513737,1.0125502521903078,1.071118103050231,0.9490100442048607,293.3537285378419
1766,11766,11766,11766,07025ed,solver_extremeB_s2,1,1,1,success,49,3.398293724434648,8.248463598221445,9.23999592797413,42,1,30.0,0.45,20.0,1.0,25,1,200,0.002,100,10.0,1.0,0,37,0,0.7551020408163265,0.3259568804468635,-0.3731685650722196,-2.938035773494256,0.023536309425614292,0.03686425379455442,0.08199605455356543,1.0596527474825217,0.7125813508979268,0.3592593734976983,0.24603769479338944,1.017473150341713,0.9721784344795644,0.946837524521523,282.964642827659
1767,11767,11767,11767,07025ed,solver_extremeB_s2,1,1,1,success,58,16.048424440814152,19.280665787420652,3.1374416642159995,54,1,30.0,0.45,20.0,1.0,25,1,200,0.002,100,10.0,1.0,0,42,0,0.7241379310344828,0.3091832738116266,-0.6633310617854101,-2.5558483646301404,0.025336459082113856,0.03469809944933915,0.05357252523598137,0.8019960864391984,0.9960884761399776,0.34923920876231174,0.517366707854452,1.0041831636967988,1.0417896509254876,0.918206254066491,289.9708175992608
1768,11768,11768,11768,07025ed,solver_extremeB_s2,1,1,1,success,66,38.31811655021891,32.87155487121447,45.91025272020899,43,1,30.0,0.45,20.0,1.0,25,1,200,0.002,100,10.0,1.0,0,56,0,0.8484848484848485,0.3389157522892388,-0.5919156714430336,-1.8984299252918615,0.027228420062087963,0.03781930455513637,0.09433857038505876,1.6279756566366217,1.2174958076925522,0.31715762270412934,0.2152371544291201,0.9663109996988791,1.0137054147931448,1.1005254258419739,278.15881120739954
1769,11769,11769,11769,07025ed,solver_extremeB_s2,1,1,1,success,60,34.48968847005411,28.88373870397459,15.87760297666747,47,1,30.0,0.45,20.0,1.0,25,1,200,0.002,100,10.0,1.0,0,52,0,0.8666666666666667,0.3876832451382204,-0.3837335843849075,-1.0702069446224876,0.023143956718051095,0.03919244095829441,0.0936653912418797,1.8079169201449663,0.9585895482561072,0.38836868540445774,0.6006313412585526,0.9675230288346898,1.0365473300298824,1.03684172172118,282.9368971474556
1770,11770,11770,11770,07025ed,solver_extremeB_s2,1,1,1,success,58,25.715412944017658,34.80227380363621,3.894064361522008,53,1,30.0,0.45,20.0,1.0,25,1,200,0.002,100,10.0,1.0,0,39,0,0.6724137931034483,0.3409611817669816,-0.5322719008502683,1.6506655657134086,0.026667534891269586,0.03436124184164946,0.11890089599023149,1.7789206035876575,0.8757673881862544,0.31197060673398236,0.6980009661004765,1.0580609473948959,1.0283951796729354,0.9954620802186992,287.811368531164
1771,11771,11771,11771,07025ed,solver_extremeB_s2,1,1,1,success,57,38.10574060364829,24.325682534981276,10.03052101244945,51,1,30.0,0.45,20.0,1.0,25,1,200,0.002,100,10.0,1.0,0,42,0,0.7368421052631579,0.33701957466334387,-0.48945909022870226,-1.8819963301180205,0.021958812715685092,0.03452004466480664,0.05199841506765764,1.0729563424734734,0.7310437003183041,0.3718565052098895,0.6881428714086725,1.1012949966719983,0.9960006378500007,0.984389842922412,286.81665440258064
1772,11772,11772,11772,07025ed,solver_extremeB_s2,1,1,1,success,44,7.212943702372906,10.776875472100983,7.441262146747884,39,1,30.0,0.45,20.0,1.0,25,1,200,0.002,100,10.0,1.0,0,33,0,0.75,0.3006823625896593,-0.24604399817864464,2.8630577879503027,0.025485779719515437,0.03540723582814246,0.09088156555152105,1.0815401282188712,1.357880919228552,0.3615014231508925,0.33239398553995814,1.0412463454870358,1.1424403795855125,1.127656573206095,280.50546492720065
1773,11773,11773,11773,07025ed,solver_extremeB_s2,1,1,1,success,58,5.140672776749287,7.299746690480238,8.378603864739013,52,1,30.0,0.45,20.0,1.0,25,1,200,0.002,100,10.0,1.0,0,35,0,0.603448275862069,0.3250844199964,-0.6913096895329258,3.055331677494814,0.027519592525137315,0.03524070125875918,0.11282425532757592,1.0132841279868086,1.022070824564368,0.33244969524238,0.23562033411124492,1.0475794815045574,1.0280139543739955,0.9341869735139828,288.5567118530147
1774,11774,11774,11774,07025ed,solver_extremeB_s2,1,1,1,success,62,25.36693644546786,22.402648218343035,14.881947690805498,55,1,30.0,0.45,20.0,1.0,25,1,200,0.002,100,10.0,1.0,0,43,0,0.6935483870967742,0.3181814836438428,-0.6517933742721793,-1.7700608125048005,0.02431279287201729,0.032730429739492764,0.03784607186974376,1.2809815986983322,0.8794590110200767,0.33530638241745353,0.6422023230848866,1.0455996170524067,0.8972554866903558,1.273134452200087,292.6077641870246
1775,11775,11775,11775,07025ed,solver_extremeB_s2,1,1,1,success,59,32.18768684468611,30.991282517533246,7.880993133921745,53,1,30.0,0.45,20.0,1.0,25,1,200,0.002,100,10.0,1.0,0,48,0,0.8135593220338984,0.3636732938707463,-0.5948608524317982,0.07682124639606469,0.022262615984704182,0.0303275653971927,0.10379739212789453,1.3054513216440586,0.6622357842220409,0.32189302432825256,0.5612037822075252,1.0187863015261016,1.0166995970335193,1.1191000864102931,290.3743098051962
1776,11776,11776,11776,07025ed,solver_extremeB_s2,1,1,1,success,73,43.52648339178345,14.740223417516045,4.736433848247177,62,1,30.0,0.45,20.0,1.0,25,1,200,0.002,100,10.0,1.0,0,60,0,0.821917808219178,0.3759223708414712,-0.6901241213953199,-1.174100373311075,0.027425609990347724,0.03156773297971847,0.03451480253203752,1.866758541760623,0.7109164294855177,0.30480876493062525,0.5543850124948698,0.8917576206049096,1.0788732648523691,1.239909010453181,297.0664056323447
1777,11777,11777,11777,07025ed,solver_extremeB_s2,1,1,1,success,58,29.1117273828495,27.463077653538377,8.477702509786871,50,1,30.0,0.45,20.0,1.0,25,1,200,0.002,100,10.0,1.0,0,40,0,0.6896551724137931,0.30559598209826033,-0.45958655497836914,-0.594789823604482,0.024570155319489424,0.037665054518510085,0.10467508522456452,1.2816249256161134,1.1653143225404068,0.3810236125688078,0.4690858055754164,0.9642526247084907,0.947788371543912,1.1028666816416235,285.56744715231605
1778,11778,11778,11778,07025ed,solver_extremeB_s2,1,1,1,success,53,17.08173420615581,19.637337351955477,13.359905957850819,47,1,30.0,0.45,20.0,1.0,25,1,200,0.002,100,10.0,1.0,0,27,0,0.5094339622641509,0.30078734891503495,-0.4282748312129674,-0.5319460479058105,0.0252308080892588,0.03491762275063991,0.05875452574506094,1.087646853396673,0.6466479621699582,0.33725937157854285,0.27169801671690175,0.8711982570386327,1.0286434578824857,1.1235091286527177,286.6342182359035
1779,11779,11779,11779,07025ed,solver_extremeB_s2,1,1,1,success,58,5.231556128668027,13.122809744264934,13.029655508838768,50,1,30.0,0.45,20.0,1.0,25,1,200,0.002,100,10.0,1.0,0,45,0,0.7758620689655172,0.322069633690362,-0.6568484281698685,-2.0531239990275933,0.0233744703858011,0.03723815748968396,0.04775006696297447,1.6814768570176568,1.3030484488974325,0.344619821855229,0.2530651615879794,1.0568380155992827,1.1188468581100846,1.0824788136431511,286.9164204520701
1780,11780,11780,11780,07025ed,solver_extremeB_s2,1,1,1,success,53,23.05000185894649,36.09983011080391,20.14033297832759,45,1,30.0,0.45,20.0,1.0,25,1,200,0.002,100,10.0,1.0,0,45,0,0.8490566037735849,0.3630145820644686,-0.37577537101832076,0.5817475957348517,0.02370247427782966,0.036750517675584904,0.03154897510208599,1.3869103759907189,1.158065194415709,0.32254208786243765,0.48232636063577955,0.9908631688105922,1.0167287463210668,1.1487892944370024,280.3719816124789
1781,11781,11781,11781,07025ed,solver_extremeB_s2,1,1,1,success,57,7.78360304881078,4.288744554259391,6.141597943089465,50,1,30.0,0.45,20.0,1.0,25,1,200,0.002,100,10.0,1.0,0,40,0,0.7017543859649122,0.3534557477005731,-0.458134632908066,1.4361438000471107,0.026234679420572813,0.03638296213299248,0.031392791351287135,1.688266072316265,0.9920723348373262,0.33254079864191155,0.1771721225194376,0.9588261787255158,1.0790205368075327,1.1033376688068643,284.19579677647755
1782,11782,11782,11782,07025ed,solver_extremeB_s2,1,1,1,success,53,12.968461526573384,15.146103293229189,3.806871711383867,47,1,30.0,0.45,20.0,1.0,25,1,200,0.002,100,10.0,1.0,0,41,0,0.7735849056603774,0.34377046371619063,-0.5232374221610803,-2.0115075828279747,0.021635858368023043,0.03501530116870625,0.09595242208941837,1.3488981165775868,0.7704817522576117,0.3837253678258929,0.35045950453109453,1.0382807089848936,0.9279544787801904,1.0980763110377467,284.7640054384314
1783,11783,11783,11783,07025ed,solver_extremeB_s2,1,1,1,success,59,39.486525142539655,48.47037723596762,3.8655411060548217,51,1,30.0,0.45,20.0,1.0,25,1,200,0.002,100,10.0,1.0,0,49,0,0.8305084745762712,0.3383083959581489,-0.3402872131055779,-1.3182330473077575,0.022365577368192863,0.03627240971077264,0.07155955858615445,0.9605053245203011,0.8524464738278241,0.30085189526281325,0.6535124211522743,1.06382046687814,1.1069639504583375,0.959653430394008,287.49709110219726
1784,11784,11784,11784,07025ed,solver_extremeB_s2,1,1,1,success,55,26.38613152024978,14.603909614042642,2.3685266651158785,48,1,30.0,0.45,20.0,1.0,25,1,200,0.002,100,10.0,1.0,0,45,0,0.8181818181818182,0.38059785002237306,-0.6004668835458965,-0.8136013795606338,0.021835964623162753,0.03017475855360512,0.07076444627984127,1.370296397001486,1.254123253540243,0.3197521014920651,0.3276554824613054,0.9529110374056293,1.0963433900171158,1.127153551679961,288.67421238209545
1785,11785,11785,11785,07025ed,solver_extremeB_s2,1,1,1,success,53,32.54481037306125,32.88718832632861,4.303931087316078,48,1,30.0,0.45,20.0,1.0,25,1,200,0.002,100,10.0,1.0,0,39,0,0.7358490566037735,0.3020693443678274,-0.4752941207037404,2.7377749406984604,0.022476087084308555,0.030745078849162392,0.10064624942481565,1.4208335858376622,1.3249963123878377,0.30181107374131244,0.579277629204765,1.01304432717544,0.9986416173939267,1.1539898349857713,285.111134269519
1786,11786,11786,11786,07025ed,solver_extremeB_s2,0,1,0,timeout,200,313.3868000270332,nan,nan,-1,1,30.0,0.45,20.0,1.0,25,1,200,0.002,100,10.0,1.0,0,190,0,0.95,0.3636440331741659,-0.6865525087391331,1.1990667480383328,0.024346908822417853,0.03464052358669636,0.08218712669406873,1.8443880872162715,1.0679922432419848,0.3124404396417473,0.660052123308701,0.9986209507161077,1.0992259158816637,0.9508581300032324,-13.832777975211036
1787,11787,11787,11787,07025ed,solver_extremeB_s2,1,1,1,success,66,37.61817684118218,27.773861125866926,12.614319679734887,60,1,30.0,0.45,20.0,1.0,25,1,200,0.002,100,10.0,1.0,0,48,0,0.7272727272727273,0.37150759113472764,-0.6424296929221138,0.7957233889886917,0.023131258212061995,0.034596284081838,0.06930862059427387,1.1354229634587334,1.3912297274207124,0.3573931696996477,0.5351941362966995,1.0283562538527495,0.991621232445035,1.121320462591518,290.31713136646215
1788,11788,11788,11788,07025ed,solver_extremeB_s2,1,1,1,success,52,10.127693846474836,14.131598972555995,7.374664869608366,47,1,30.0,0.45,20.0,1.0,25,1,200,0.002,100,10.0,1.0,0,32,0,0.6153846153846154,0.3219698900977854,-0.3492261787929509,1.7358643949609363,0.02489076806725975,0.03054156037918315,0.10279625123562781,1.5909315633036911,0.8791042838701827,0.3419125441485267,0.4324532742428126,1.0459957277473835,1.0235913206067446,0.8561585862795899,283.4903086204513
1789,11789,11789,11789,07025ed,solver_extremeB_s2,1,1,1,success,59,20.676521784779908,36.78607923746994,16.907217719572007,53,1,30.0,0.45,20.0,1.0,25,1,200,0.002,100,10.0,1.0,0,37,0,0.6271186440677966,0.30320780924556395,-0.4773873651981385,-1.7203827943978058,0.024574323890993455,0.03512550927447022,0.08250210640116383,1.0188844525955059,1.3384408354220447,0.3061685490820321,0.6537894023388885,1.0746980229570053,0.9872027767594027,1.203578247445908,287.39042797901953
1790,11790,11790,11790,07025ed,solver_extremeB_s2,1,1,1,success,61,35.65339779260606,13.681115925360107,1.558273453273719,58,1,30.0,0.45,20.0,1.0,25,1,200,0.002,100,10.0,1.0,0,43,0,0.7049180327868853,0.36147281281186033,-0.317645024281703,0.17280663590118372,0.02387527855093842,0.03623152405765441,0.09892188439207822,1.545292184261521,1.2285441580113545,0.3558510360709459,0.5184904721036876,1.019651690641553,0.9583952105773974,1.1168707587435969,283.7502538389601
1791,11791,11791,11791,07025ed,solver_extremeB_s2,1,1,1,success,53,28.66966065676947,31.34613316409484,4.506477547810078,47,1,30.0,0.45,20.0,1.0,25,1,200,0.002,100,10.0,1.0,0,41,0,0.7735849056603774,0.3577641961951291,-0.33368410738762294,-2.721914837778014,0.02096438441942127,0.03547260034864866,0.055396933275778305,1.3076195834654438,0.8779218461334753,0.37364405010864127,0.5722323416834688,1.0070687655356352,0.9318194266622777,1.0352150948279313,285.45539401460456
1792,11792,11792,11792,07025ed,solver_extremeB_s2,1,1,1,success,43,14.206024921737269,21.798329994325588,7.414079038929907,37,1,30.0,0.45,20.0,1.0,25,1,200,0.002,100,10.0,1.0,0,33,0,0.7674418604651163,0.36468153124515446,-0.36205208986747794,-2.5945143800767725,0.022511457828957842,0.03722201025969278,0.08648230652529242,1.6089412228041644,0.8213631384267666,0.31454576676606033,0.27291170873960224,1.0725213848477444,0.9917427055134539,1.0440993228375013,280.7693687111495
1793,11793,11793,11793,07025ed,solver_extremeB_s2,1,1,1,success,64,32.30033938710419,7.978434946738609,21.34784707254925,58,1,30.0,0.45,20.0,1.0,25,1,200,0.002,100,10.0,1.0,0,52,0,0.8125,0.3296491991216452,-0.6446501954144499,-0.5050901718612031,0.025502099296340213,0.03603528556553602,0.08293800720313343,1.4552431790448297,0.8310031511129699,0.34253683908688287,0.6627627874397606,0.922070052072783,1.0238631182903226,0.9625233277352958,294.8108251131947
1794,11794,11794,11794,07025ed,solver_extremeB_s2,0,1,0,timeout,200,397.4663131976288,nan,nan,-1,0,30.0,0.45,20.0,1.0,25,1,200,0.002,100,10.0,1.0,0,186,0,0.93,0.36528380733818966,-0.496469484180038,-1.3729901604144241,0.023798086553598358,0.03480523962525083,0.11917616684225205,1.7985194758077043,0.7405843379248268,0.34194935608967647,0.5614903674530888,1.0109937653658614,1.013524812137683,1.191629639614883,6.243446164110572
1795,11795,11795,11795,07025ed,solver_extremeB_s2,1,1,1,success,54,21.128941812587435,26.045765172393487,8.533913087353287,49,1,30.0,0.45,20.0,1.0,25,1,200,0.002,100,10.0,1.0,0,43,0,0.7962962962962963,0.37992661798515215,-0.22026699256691928,2.118943543303261,0.025322824960680168,0.03899406843025853,0.08288137704939157,1.8569188122693456,0.9919404057405667,0.3897821979131186,0.2760753862748727,1.0682818928489237,0.9474126036335754,1.0536286188723665,281.1587630598421
1796,11796,11796,11796,07025ed,solver_extremeB_s2,1,1,1,success,49,7.422909884842865,19.38400773665178,9.8664426064208,40,1,30.0,0.45,20.0,1.0,25,1,200,0.002,100,10.0,1.0,0,34,0,0.6938775510204082,0.35008909632344415,-0.31913426685663515,-1.7921248196293786,0.023780648954581898,0.032850314322995865,0.030335895224294092,1.9815034028072604,0.8065594315766794,0.3138652765347598,0.39359681569829885,1.0528268519763135,1.0510742806327718,0.975044100022707,284.2443438161772
1797,11797,11797,11797,07025ed,solver_extremeB_s2,1,1,1,success,51,21.2159816160857,23.195962340669876,5.044101177019876,48,1,30.0,0.45,20.0,1.0,25,1,200,0.002,100,10.0,1.0,0,35,0,0.6862745098039216,0.3403716876071259,-0.24870124727532655,-0.8528067949213352,0.02560101148959988,0.030120123276357658,0.03412245279362717,1.3647681005335595,1.372167398134657,0.3503458991377591,0.4430329202136013,0.9817446523805565,0.963344417442116,1.0007566557920347,282.9208422570971
1798,11798,11798,11798,07025ed,solver_extremeB_s2,1,1,1,success,50,20.211063472027426,18.23874092118677,6.458168009315538,43,1,30.0,0.45,20.0,1.0,25,1,200,0.002,100,10.0,1.0,0,34,0,0.68,0.3191744240148283,-0.22471567420322058,0.6128302692241152,0.025461142144081798,0.03802853364587065,0.055117048444625796,0.8296701888279531,0.8282179125844844,0.3541998495084428,0.6084933284388119,1.0400856777196796,1.071236657467837,0.9408823972295474,282.40563798915724
1799,11799,11799,11799,07025ed,solver_extremeB_s2,1,1,1,success,44,43.94181327020164,32.87510813277946,4.097236250678828,39,1,30.0,0.45,20.0,1.0,25,1,200,0.002,100,10.0,1.0,0,32,0,0.7272727272727273,0.3183551463755221,-0.2247402080568126,-0.08961591988623852,0.025792648050839535,0.0361237688170042,0.11820112795671266,1.0057143063796339,0.6799116515820078,0.382841372091656,0.4903253962140118,1.1019684032818555,0.9475094938662253,1.075249987026099,269.2700850631509
1800,11800,11800,11800,07025ed,solver_extremeB_s2,1,1,1,success,56,6.695081063956924,12.749276817571745,9.619638283402791,47,1,30.0,0.45,20.0,1.0,25,1,200,0.002,100,10.0,1.0,0,32,0,0.5714285714285714,0.32787222561272994,-0.27581706081335294,-2.1427699290169664,0.02621536131010564,0.039327944352578775,0.03735037621536128,1.3155885965421321,0.6865991482433744,0.34802500538673187,0.35693379836454986,0.97126458019496,1.0353484358038112,0.7882217643338678,282.5443612266566
1801,11801,11801,11801,07025ed,solver_extremeB_s2,1,1,1,success,46,6.147713152091635,15.582167020554458,5.147016436765353,40,1,30.0,0.45,20.0,1.0,25,1,200,0.002,100,10.0,1.0,0,36,0,0.782608695652174,0.32841508833877997,-0.4855698799219442,-2.108919678305137,0.026194202997739082,0.034289545874378165,0.0922986857317984,1.1709338504462468,1.2293124043634234,0.32974114240037106,0.24592741759270545,1.0103095131111615,1.0754524997617927,1.0215418413299573,285.1814942136333
1802,11802,11802,11802,07025ed,solver_extremeB_s2,1,1,1,success,61,14.558211202690224,19.37189783069629,3.0603612237437665,57,1,30.0,0.45,20.0,1.0,25,1,200,0.002,100,10.0,1.0,0,43,0,0.7049180327868853,0.32677269104140816,-0.6101571372159004,-2.9094821231473755,0.026436354323319693,0.03593583711950266,0.03679608908635256,1.3449945216026615,1.086645953147677,0.30877450979214377,0.48458433119595756,1.086483488710669,1.0747432254389806,0.9195036310629985,290.41467624941845
1803,11803,11803,11803,07025ed,solver_extremeB_s2,1,1,1,success,61,12.882016298163697,15.674592014308912,0.30077710559307225,58,1,30.0,0.45,20.0,1.0,25,1,200,0.002,100,10.0,1.0,0,49,0,0.8032786885245902,0.3817731255056751,-0.3851263509979925,0.8029668954593254,0.02473333722969423,0.03241911993525661,0.04649698298188907,1.1271326870099179,1.1618487916117985,0.3519779116472024,0.669157626035396,0.9750111787159543,0.9687468537382727,1.110494061168989,285.8011165381587
1804,11804,11804,11804,07025ed,solver_extremeB_s2,1,1,1,success,54,17.315597312310455,25.80519483775402,10.500069471106784,45,1,30.0,0.45,20.0,1.0,25,1,200,0.002,100,10.0,1.0,0,42,0,0.7777777777777778,0.35753375989706937,-0.36799271079011825,-2.735346064278472,0.02370091004298901,0.034594028698276824,0.07996230136483701,1.7344885670823964,0.8087251769211362,0.3051252193975867,0.5297207865673875,1.028923743633492,0.9782898630064206,0.9351024879484313,284.877918890819
1805,11805,11805,11805,07025ed,solver_extremeB_s2,1,1,1,success,65,16.014194472581462,31.034368017607115,6.890293208206309,59,1,30.0,0.45,20.0,1.0,25,1,200,0.002,100,10.0,1.0,0,54,0,0.8307692307692308,0.38967130767859715,-0.5045505500742691,-0.5894638886984005,0.026626528062179952,0.03421503191004069,0.10573549205118564,1.219276576438838,0.9332580929712768,0.3483524612710283,0.6097685444109064,0.9862035471487041,0.9767157612540427,1.3224988173124,289.9623150890217
1806,11806,11806,11806,07025ed,solver_extremeB_s2,1,1,1,success,57,16.204902682226926,18.17595456462007,3.8892341775572503,50,1,30.0,0.45,20.0,1.0,25,1,200,0.002,100,10.0,1.0,0,37,0,0.6491228070175439,0.34247906278507106,-0.46337531480186617,2.999794514487782,0.022897184177064652,0.038907511790157216,0.09884754193385101,1.7770542157773312,0.9957806877469368,0.33920891466405706,0.46480754496000126,1.0137847795174448,1.053981093893576,0.9015126951702583,286.15505415875896
1807,11807,11807,11807,07025ed,solver_extremeB_s2,0,1,0,timeout,200,41.497890250408844,72.30554200870296,29.932132102878416,58,1,30.0,0.45,20.0,1.0,25,1,200,0.002,100,10.0,1.0,0,194,0,0.97,0.33015187182415495,-0.6985686984149255,-0.4111100205576985,0.022588678191622722,0.029917341616064356,0.08650374435432928,1.226293857404238,0.7607515335295173,0.38259233983034957,0.40186286373117946,1.0587956229941742,0.9542825893031558,1.009970472733384,62.097744104436956
1808,11808,11808,11808,07025ed,solver_extremeB_s2,1,1,1,success,65,22.4126910292574,16.87609012813193,7.645669975365744,58,1,30.0,0.45,20.0,1.0,25,1,200,0.002,100,10.0,1.0,0,46,0,0.7076923076923077,0.36560466217384413,-0.6487568910179446,0.43772061509848914,0.02576610661583859,0.03607414526572228,0.10175816279319219,1.4593734492887818,1.3155031730588544,0.3562279704659537,0.5683239243778767,1.052736421374745,1.0143723052008453,1.0255355402720965,291.6725058320013
1809,11809,11809,11809,07025ed,solver_extremeB_s2,0,1,0,object_lost,145,460.63253857284275,nan,nan,-1,0,30.0,0.45,20.0,1.0,25,1,200,0.002,100,10.0,1.0,0,133,0,0.9172413793103448,0.37697447670890477,-0.624131190935256,-1.65429563058761,0.027292757964144734,0.039793057472180295,0.031169076534579877,1.6696923841352604,1.3436250224443207,0.3646134058252394,0.30554264492046407,0.9696315255251537,0.9875699434981888,1.0859130384869586,-172.41000843557615
1810,11810,11810,11810,07025ed,solver_extremeB_s2,1,1,1,success,58,15.367264426106217,14.392820559465491,19.30109122333977,53,1,30.0,0.45,20.0,1.0,25,1,200,0.002,100,10.0,1.0,0,40,0,0.6896551724137931,0.30065214113468014,-0.6701742967166541,-1.3459973910679495,0.020418323855718564,0.030082965568525973,0.042570880628067534,1.1054151954769087,1.038827006390405,0.3506935724682653,0.3191443869052057,0.9620297203266536,1.0751824582938292,0.8593051034070402,290.4059878955168
1811,11811,11811,11811,07025ed,solver_extremeB_s2,1,1,1,success,50,21.78024487717829,26.975809601367267,3.1885450750297193,45,1,30.0,0.45,20.0,1.0,25,1,200,0.002,100,10.0,1.0,0,40,0,0.8,0.3730481441848916,-0.22810609812022287,-2.530139941776689,0.02246286232404927,0.03265534954048814,0.11970844817934193,1.9610485148051777,1.2925878458671525,0.37586662660577785,0.42173555934184903,0.9690979349798019,0.9437522377699324,1.0158326882185515,283.79554040636367
1812,11812,11812,11812,07025ed,solver_extremeB_s2,1,1,1,success,65,16.56124772718714,22.54439269073592,1.1766504550474026,56,1,30.0,0.45,20.0,1.0,25,1,200,0.002,100,10.0,1.0,0,47,0,0.7230769230769231,0.3628559066524314,-0.4697864836884065,0.35249277696191905,0.021133628639743135,0.03312968367975765,0.09436396539962932,1.1760487239047792,0.7887774826520086,0.3469561911098203,0.5680837629516293,0.9519189171420537,1.0597983866041305,1.0324211040222484,290.00569121178194
1813,11813,11813,11813,07025ed,solver_extremeB_s2,1,1,1,success,46,7.589522915255244,40.089682713477984,33.06575630773736,39,1,30.0,0.45,20.0,1.0,25,1,200,0.002,100,10.0,1.0,0,29,0,0.6304347826086957,0.30750228093459164,-0.35440615122958913,-2.2456058398173013,0.023774819275315624,0.03414920584471399,0.06471022335184606,1.2850599267721072,0.900047055526764,0.37801072406798064,0.3273700978610415,1.0778636813432725,1.0169425409854849,0.9652284718038211,282.7409005285785
1814,11814,11814,11814,07025ed,solver_extremeB_s2,1,1,1,success,62,8.226155987923072,7.488222098615707,13.64158638238531,54,1,30.0,0.45,20.0,1.0,25,1,200,0.002,100,10.0,1.0,0,51,0,0.8225806451612904,0.37777285994642595,-0.6562530777295288,1.6710924026728469,0.0224513017909067,0.03022169997114971,0.03589364522142742,0.900941034928417,1.1453669719817987,0.36340674533538997,0.3801123527133613,1.0022042658005248,0.953966507994601,0.7731092108877957,290.5270759044464
1815,11815,11815,11815,07025ed,solver_extremeB_s2,1,1,1,success,54,33.72866670131558,19.299279053385508,31.96396832046508,47,1,30.0,0.45,20.0,1.0,25,1,200,0.002,100,10.0,1.0,0,42,0,0.7777777777777778,0.34575019071989155,-0.5493004583375078,-2.3575989086086184,0.023692825591258862,0.036234189973070076,0.040027877599448536,0.8484533941758197,1.2138643540271392,0.3162875229464674,0.3908008010421016,1.1186222463202753,1.0401276912798834,1.015009031467557,287.41822317806384
1816,11816,11816,11816,07025ed,solver_extremeB_s2,1,1,1,success,50,4.103362854396855,8.796116377889899,3.4568722912334864,45,1,30.0,0.45,20.0,1.0,25,1,200,0.002,100,10.0,1.0,0,38,0,0.76,0.3390419388288189,-0.3404747432627692,-1.9778873511055228,0.026812153406448977,0.030332913888724528,0.09005785890017068,1.5125759944310189,0.6622242642862326,0.3471671075005788,0.4371774157814256,0.9921862211566607,1.067794528864918,1.0377087754130274,287.19548042107476
1817,11817,11817,11817,07025ed,solver_extremeB_s2,1,1,1,success,48,12.764805797085025,22.525511290563166,12.630555309955367,43,1,30.0,0.45,20.0,1.0,25,1,200,0.002,100,10.0,1.0,0,33,0,0.6875,0.3384009137488557,-0.19478044109100423,-0.6927934963002169,0.024364790659125213,0.030100252873899697,0.07109535798525095,1.2071569630379755,0.9333187465436563,0.3711167620517136,0.4824482904458102,0.9800875156927535,1.0681494791408848,1.0697961261369962,282.5668184021584
1818,11818,11818,11818,07025ed,solver_extremeB_s2,1,1,1,success,63,19.726055429083495,11.561489889670447,8.918733556195821,58,1,30.0,0.45,20.0,1.0,25,1,200,0.002,100,10.0,1.0,0,48,0,0.7619047619047619,0.36284799133861184,-0.66695975428898,-0.664467093354435,0.023587687375264423,0.03313378099936585,0.10196778098354382,0.8447143830084126,1.1508989473474105,0.3674416437710229,0.44517168951514524,1.014867308958431,0.991355051669359,1.0831918150191961,294.0368945143935
1819,11819,11819,11819,07025ed,solver_extremeB_s2,1,1,1,success,87,31.506841906925334,24.66685994681959,39.463104413444434,72,1,30.0,0.45,20.0,1.0,25,1,200,0.002,100,10.0,1.0,0,71,0,0.8160919540229885,0.3704427288894684,-0.7004566343138253,-2.3174772557363426,0.027555535500487165,0.029997793599743514,0.04200971073172188,1.2570547592027088,1.2019594428332865,0.3329097849841467,0.22331280623734462,1.0915052800300304,0.9747897214532618,0.8740331663383123,288.4810998002755
1820,11820,11820,11820,07025ed,solver_extremeB_s2,1,1,0,success,72,44.81611264161857,37.98912153690538,10.503188893714617,60,1,30.0,0.45,20.0,1.0,25,1,200,0.002,100,10.0,1.0,0,53,0,0.7361111111111112,0.36650653956121243,-0.4536728173362529,0.05501600067158874,0.026167675397926263,0.037436431282727,0.03434430439323709,0.8019375565387385,1.027041516607348,0.37818202719681937,0.5773358095020552,0.9937277493959307,0.984210544812633,1.1765696364773781,262.5490894769245
1821,11821,11821,11821,07025ed,solver_extremeB_s2,1,1,1,success,57,17.95299762958883,14.957230017798356,10.19164325127435,52,1,30.0,0.45,20.0,1.0,25,1,200,0.002,100,10.0,1.0,0,39,0,0.6842105263157895,0.367130837655406,-0.4690524304027813,2.3222468615261613,0.02484708435709514,0.032240525446386385,0.11599942383453478,1.820519015301051,0.867529072339775,0.34232733818973027,0.4478685594549244,1.0300732548278961,1.0846414956384973,1.1348844834878453,286.05373714286014
1822,11822,11822,11822,07025ed,solver_extremeB_s2,1,1,1,success,49,19.9139252335145,23.352368831449713,24.932921070928316,42,1,30.0,0.45,20.0,1.0,25,1,200,0.002,100,10.0,1.0,0,30,0,0.6122448979591837,0.3307205965562525,-0.6107439095232733,-0.7035492576276492,0.02234808936526029,0.03160729763307338,0.07813510327128374,0.8294552856141503,0.823206105996474,0.3591294025560655,0.2467144557494389,1.0417459328016474,1.11765932947419,1.0388450503674729,285.52494716350196
1823,11823,11823,11823,07025ed,solver_extremeB_s2,1,1,1,success,63,18.710785036174144,20.90188547739723,21.06215602642684,52,1,30.0,0.45,20.0,1.0,25,1,200,0.002,100,10.0,1.0,0,43,0,0.6825396825396826,0.33899212655987454,-0.7288461995663243,0.6066094178180816,0.024110286299846823,0.03747240983824092,0.04274050738046987,1.746864170458434,1.35571107939051,0.3234590617503553,0.25636508377994655,1.0271428204442972,1.0244694155515324,1.0447686923543715,290.12486623363213
1824,11824,11824,11824,07025ed,solver_extremeB_s2,1,1,1,success,50,18.685548573427905,8.41641681711603,10.807141853433706,42,1,30.0,0.45,20.0,1.0,25,1,200,0.002,100,10.0,1.0,0,39,0,0.78,0.3411960114455523,-0.231979128345155,-0.11003539485236136,0.02137718587156194,0.033531338681681636,0.0777333621235094,1.7497037146268266,0.8034550818322302,0.36494873254212085,0.5488729801784508,1.0663792762528916,1.0216741389030137,0.8150682218229253,280.4994242708393
1825,11825,11825,11825,07025ed,solver_extremeB_s2,1,1,1,success,53,22.402345062321807,22.42919086080045,3.6505625801193853,48,1,30.0,0.45,20.0,1.0,25,1,200,0.002,100,10.0,1.0,0,44,0,0.8301886792452831,0.3535639695803812,-0.41766773488731335,-2.5647501884305424,0.022663973474364878,0.03560721885549668,0.08466552832084934,1.2712539805216898,0.8291196566393382,0.3858746007112322,0.39730917475738703,1.0095455903829462,1.0409165637319637,1.0532383282546391,286.64254206704425
1826,11826,11826,11826,07025ed,solver_extremeB_s2,1,1,1,success,51,19.447285682564058,30.966347738431722,9.061855283582108,46,1,30.0,0.45,20.0,1.0,25,1,200,0.002,100,10.0,1.0,0,38,0,0.7450980392156863,0.3764911084179331,-0.4744416179638782,2.8117618326146303,0.024060624463072056,0.03495281557192494,0.04889347276419437,1.1317079953304627,1.387936646752732,0.314836466808382,0.23155586775561404,1.0133814033932373,1.042982319365052,1.054902821799353,282.7798604045454
1827,11827,11827,11827,07025ed,solver_extremeB_s2,1,1,1,success,54,6.538693429607209,21.495992876434848,14.477806766218569,47,1,30.0,0.45,20.0,1.0,25,1,200,0.002,100,10.0,1.0,0,44,0,0.8148148148148148,0.3305948799028436,-0.1990263639215909,-1.0376262747889249,0.022470273660790834,0.03503479510396171,0.08390121567934432,1.6994773231990088,1.1952461781627215,0.3581497215874164,0.6087718345098367,0.995258292024002,0.996466059885732,0.9568808064166157,286.3680363885691
1828,11828,11828,11828,07025ed,solver_extremeB_s2,1,1,1,success,49,23.324281010240163,37.16290848534562,13.427680206735689,43,1,30.0,0.45,20.0,1.0,25,1,200,0.002,100,10.0,1.0,0,37,0,0.7551020408163265,0.337228457120493,-0.2041893818913567,-0.9004608589306189,0.02347581446904043,0.030828321020271564,0.1164719101795306,1.3251205521600626,0.8387122986756214,0.327299515938738,0.6176764448679148,1.046455982830334,1.0240475930866073,1.0056316773090628,283.17008271027606
1829,11829,11829,11829,07025ed,solver_extremeB_s2,1,1,1,success,43,20.75745763429696,26.6803029264046,9.28055655013484,34,1,30.0,0.45,20.0,1.0,25,1,200,0.002,100,10.0,1.0,0,27,0,0.627906976744186,0.36409116401514824,-0.20186493051115662,-1.5252773918591553,0.022061198879836375,0.03582678994632031,0.11724846346109384,1.0415815689935324,1.1080951656676237,0.31852123488808914,0.2866566436706824,1.0408745590743913,0.9811393683985422,0.9581773482996188,278.481231240389
1830,11830,11830,11830,07025ed,solver_extremeB_s2,0,0,0,unsafe,21,381.0830371337236,nan,nan,-1,1,30.0,0.45,20.0,1.0,25,1,200,0.002,100,10.0,1.0,0,16,0,0.7619047619047619,0.31633438706718237,-0.5550463253642761,2.986515887513729,0.027092394942023135,0.03137234622766682,0.11925261753634694,1.4672849134434038,0.6041227076402116,0.3084794400846367,0.7278446403105315,1.0598675800684192,0.9505143609276585,1.2076223349800812,-39.73452425790857
1831,11831,11831,11831,07025ed,solver_extremeB_s2,1,1,1,success,51,29.101124789365002,34.840648026236465,3.851314790673324,44,1,30.0,0.45,20.0,1.0,25,1,200,0.002,100,10.0,1.0,0,42,0,0.8235294117647058,0.38404030065552436,-0.23117423280895633,0.5214409113837353,0.024439293624962714,0.03598113726761347,0.11727375878004408,1.205100126311919,1.1522882016720986,0.33151606414228363,0.7202875142693722,0.9447119724052395,0.9613090586765266,1.0335479621579058,284.7693936911199
1832,11832,11832,11832,07025ed,solver_extremeB_s2,1,1,1,success,75,5.787387334567969,10.116604885261395,12.823117684677772,67,1,30.0,0.45,20.0,1.0,25,1,200,0.002,100,10.0,1.0,0,58,0,0.7733333333333333,0.3578675142854755,-0.19402484301773304,-2.9939708596718595,0.020508124994661783,0.03094877655304289,0.05081698918059048,1.1070161253675304,0.6325256761443284,0.3681921265938693,0.3952481261843908,1.0088628743309536,0.997854065840703,1.255423233719198,277.94326517304285
1833,11833,11833,11833,07025ed,solver_extremeB_s2,1,1,1,success,64,23.961845758645044,25.289706837261317,3.928889451666047,58,1,30.0,0.45,20.0,1.0,25,1,200,0.002,100,10.0,1.0,0,42,0,0.65625,0.335174010320189,-0.6556963119615004,-1.7531984804663039,0.026830110677781425,0.03249079022500504,0.03050812848723371,1.195764339349596,0.9243400299555896,0.320535367234124,0.598957245438391,1.036942557673117,1.07116597012565,1.1656895217009935,291.8012410876845
1834,11834,11834,11834,07025ed,solver_extremeB_s2,1,1,1,success,59,24.769355989023488,11.870381357349581,1.7935268028903173,54,1,30.0,0.45,20.0,1.0,25,1,200,0.002,100,10.0,1.0,0,32,0,0.5423728813559322,0.30153474732395685,-0.6103035232256807,1.8690454563990988,0.023241859406249423,0.03310150002225177,0.08162291517550094,1.0325879085998357,1.0099870376308355,0.37636363684805807,0.23221655185790044,0.959191304809708,1.065067270867971,1.0257906518675028,286.15145880446005
1835,11835,11835,11835,07025ed,solver_extremeB_s2,1,1,1,success,55,27.689566655732165,29.766813367158328,2.5637961331458086,49,1,30.0,0.45,20.0,1.0,25,1,200,0.002,100,10.0,1.0,0,36,0,0.6545454545454545,0.32058299479204133,-0.6491295973805773,-2.393144235073048,0.020948491619900377,0.030256302766648424,0.10503564295886782,1.9274481375494532,1.1017409598216754,0.33952910527499663,0.2548294381446607,1.0345528547877803,1.021064918945557,0.9290413055418787,287.91681271328696
1836,11836,11836,11836,07025ed,solver_extremeB_s2,1,1,1,success,50,22.317479001172558,21.75970359467706,9.931483115738668,44,1,30.0,0.45,20.0,1.0,25,1,200,0.002,100,10.0,1.0,0,33,0,0.66,0.33335345558333046,-0.28642721077722266,2.628409175181635,0.02444099863984941,0.03347328534735998,0.1053939618238625,1.4518464419120294,1.2663585516355464,0.3848374174363329,0.24748322172459478,1.0145509004954687,1.0350229089336462,1.1002651889380766,282.4401922885109
1837,11837,11837,11837,07025ed,solver_extremeB_s2,1,1,1,success,55,11.36128615263267,11.076774908590263,12.081050422907394,40,1,30.0,0.45,20.0,1.0,25,1,200,0.002,100,10.0,1.0,0,44,0,0.8,0.3777449286516623,-0.24972430705962184,2.4932373962327876,0.024060707610271626,0.03899545478412632,0.10197933628719633,1.9359562647278221,0.9876015128699336,0.3566145173702006,0.30487844615007165,0.9949194490505417,1.110846131331548,1.08985034668972,279.2408601825557
1838,11838,11838,11838,07025ed,solver_extremeB_s2,1,1,1,success,54,22.636718925502006,40.70014714889772,18.046805143725926,49,1,30.0,0.45,20.0,1.0,25,1,200,0.002,100,10.0,1.0,0,40,0,0.7407407407407407,0.36349489319158107,-0.2776630376597578,2.3929174432617364,0.02674455431146603,0.03303818720439243,0.11414589546318167,1.6236665486425665,1.1177799092299052,0.31112591978605797,0.6299348095691419,1.000866915891201,1.048132818655763,0.9159761974935323,286.51858408841537
1839,11839,11839,11839,07025ed,solver_extremeB_s2,1,1,1,success,49,19.549822664168783,10.041189937624702,12.174885413731033,41,1,30.0,0.45,20.0,1.0,25,1,200,0.002,100,10.0,1.0,0,39,0,0.7959183673469388,0.3548067184722208,-0.461675346648316,1.6323683407448764,0.020627861131062148,0.030473959452857937,0.10184896918554072,1.3595456850666037,0.7888593404259079,0.3343245553869933,0.18819294261075226,1.003511877502233,1.0995083385199396,1.1138274932050085,283.99139006558414
1840,11840,11840,11840,07025ed,solver_extremeB_s2,1,1,1,success,53,21.5868168501153,24.251875515687754,5.165677141202599,45,1,30.0,0.45,20.0,1.0,25,1,200,0.002,100,10.0,1.0,0,43,0,0.8113207547169812,0.3349764474126134,-0.3008696779287068,-1.8607779263545035,0.02226452102786518,0.03753683376613031,0.11069953590172105,1.4293360431847488,0.8687296458092378,0.35401028950872926,0.4786640848106411,1.0261704719998899,1.011198234358154,0.9891444018021487,283.2036958817475
1841,11841,11841,11841,07025ed,solver_extremeB_s2,1,1,1,success,46,2.8840715747918106,25.42742575382135,11.556873133834271,40,1,30.0,0.45,20.0,1.0,25,1,200,0.002,100,10.0,1.0,0,31,0,0.6739130434782609,0.33200237277351763,-0.40306009519429986,1.6380843430534267,0.021191621943163524,0.03267047919668741,0.09410277532208845,1.1229972350491233,0.96643890272358,0.36038488133147584,0.25062019503747046,0.99084989146834,1.0087220089371596,1.0250762115602856,284.16873814346945
1842,11842,11842,11842,07025ed,solver_extremeB_s2,0,1,0,timeout,200,318.15228236863214,nan,nan,-1,1,30.0,0.45,20.0,1.0,25,1,200,0.002,100,10.0,1.0,50,182,0,0.91,0.3749333942377064,-0.478262836809158,3.0141064689611836,0.02721225146607651,0.03500712167221827,0.11384312117010399,1.9417853105802656,0.7640896046206428,0.3416075241180287,0.4526303100140123,0.9355644861808646,0.9810068413859098,0.8986256232112402,-21.304895563597636
1843,11843,11843,11843,07025ed,solver_extremeB_s2,1,1,1,success,55,34.40672772245988,33.34092678167576,5.361776570069998,50,1,30.0,0.45,20.0,1.0,25,1,200,0.002,100,10.0,1.0,0,46,0,0.8363636363636363,0.38847599577845293,-0.44463554810897443,-0.1240141374462902,0.020641080516389597,0.036473138021164746,0.09290405135185352,1.2867256442349364,1.3317198400479189,0.32911798072058196,0.4969572978579926,1.0833451065993251,0.9967612763622286,1.0495834775170128,287.8791571615283
1844,11844,11844,11844,07025ed,solver_extremeB_s2,1,1,1,success,63,27.980432204895067,17.41603280336157,14.499959728453586,53,1,30.0,0.45,20.0,1.0,25,1,200,0.002,100,10.0,1.0,0,46,0,0.7301587301587301,0.33864817316015644,-0.3536805764977672,-0.5519322768210633,0.021712680859262742,0.03881102198583004,0.11922142656655682,1.812617007557508,1.139664508838019,0.3305242196341538,0.6371073440931525,1.0574681649854327,1.0670440639778296,1.047518010593595,288.41357066862577
1845,11845,11845,11845,07025ed,solver_extremeB_s2,1,1,1,success,59,20.61268307738777,22.61490954083487,18.238341233819696,52,1,30.0,0.45,20.0,1.0,25,1,200,0.002,100,10.0,1.0,0,47,0,0.7966101694915254,0.3445627509018658,-0.5675850607179569,2.7282961386992293,0.027261947048675416,0.038038722103937904,0.0694293358989111,1.1133888516100727,1.1118247493753253,0.382187281973708,0.45338192319526566,1.04737281492434,0.9499267412047084,1.0321213716345974,289.3356626857152
1846,11846,11846,11846,07025ed,solver_extremeB_s2,1,1,1,success,56,15.441722559519855,31.661250267535564,30.66308328134444,50,1,30.0,0.45,20.0,1.0,25,1,200,0.002,100,10.0,1.0,0,49,0,0.875,0.3258758823240187,-0.4194055545404865,-2.643457107930158,0.020737030926579584,0.0351737435387033,0.06496641054965127,1.0149051730183818,0.775119750217228,0.3562409599069274,0.6039074501930258,1.0390739762348766,1.0976696141690552,1.0934950396997771,287.76457021790713
1847,11847,11847,11847,07025ed,solver_extremeB_s2,1,1,1,success,48,16.019977654103904,12.192755152904882,5.7294734477642235,43,1,30.0,0.45,20.0,1.0,25,1,200,0.002,100,10.0,1.0,0,31,0,0.6458333333333334,0.3057861710854191,-0.2475126830856117,-1.0651122643257986,0.022399243907748237,0.035890639366310796,0.07243948087477169,1.0434595256224095,1.3840792592476923,0.31733693957701015,0.40801615059838836,1.0246101508386594,1.1049936895855283,1.0312081484060036,283.6498763922995
1848,11848,11848,11848,07025ed,solver_extremeB_s2,1,1,1,success,63,25.915073716152904,28.469593909222795,3.699092281743828,57,1,30.0,0.45,20.0,1.0,25,1,200,0.002,100,10.0,1.0,0,43,0,0.6825396825396826,0.3343965077113765,-0.6102356881598879,2.1938597446241097,0.025571343741499372,0.03578937889962608,0.10189897637061306,1.3591429960013932,1.1514675341006217,0.31954542306945233,0.42034168883216627,1.0116564640316839,0.970544020136802,1.1369630081217728,289.29329592019343
1849,11849,11849,11849,07025ed,solver_extremeB_s2,1,1,1,success,55,9.024749423572874,16.889430056520435,6.656863984486297,49,1,30.0,0.45,20.0,1.0,25,1,200,0.002,100,10.0,1.0,0,40,0,0.7272727272727273,0.3024691937988239,-0.4432051557926453,-3.009485638439676,0.026133052856971713,0.03358885554904697,0.06933389914798871,1.762515978334747,0.8876800136983639,0.38533585784329927,0.4427223880413327,1.0405366030686598,1.0682523053606876,1.114549472311967,283.2452565527004
1850,11850,11850,11850,07025ed,solver_extremeB_s2,1,1,1,success,51,20.821164565814694,20.915859568478197,3.364221098834221,45,1,30.0,0.45,20.0,1.0,25,1,200,0.002,100,10.0,1.0,0,33,0,0.6470588235294118,0.3501582870457035,-0.40967369972745077,2.0040425395929438,0.024509310591559048,0.0394212723144703,0.05034282924527607,1.2805146860076448,1.0108414246463377,0.3347412097997503,0.2331210623287592,0.9436345995265815,1.0515406913202565,0.999523791980866,280.76910647343965
1851,11851,11851,11851,07025ed,solver_extremeB_s2,1,1,1,success,45,20.707478549074,9.647744071944286,22.24921386609922,40,1,30.0,0.45,20.0,1.0,25,1,200,0.002,100,10.0,1.0,0,32,0,0.7111111111111111,0.32156080129236714,-0.3361680370105657,1.1309075834891757,0.02066569293729614,0.031323886823276526,0.036692143176370685,1.4042721792154083,0.7493135754682347,0.3321628218490676,0.23108728442523124,1.0033275611758283,1.082003540946383,1.1101081463505422,282.50394869768775
1852,11852,11852,11852,07025ed,solver_extremeB_s2,1,1,1,success,53,19.504048268212284,15.179813590459787,5.126613899046211,48,1,30.0,0.45,20.0,1.0,25,1,200,0.002,100,10.0,1.0,0,33,0,0.6226415094339622,0.3191804045540416,-0.2533716300501596,2.487646890399075,0.02416933250779175,0.031832383993999624,0.08281672617322099,1.4717762216368246,1.0600553226554603,0.38902230463868126,0.5234690880148017,1.058198637486927,1.0005527936257825,1.0521959342649618,285.4123604551701
1853,11853,11853,11853,07025ed,solver_extremeB_s2,1,1,1,success,42,22.916993350407243,10.98793327746243,15.046444825395659,37,1,30.0,0.45,20.0,1.0,25,1,200,0.002,100,10.0,1.0,0,32,0,0.7619047619047619,0.33472435175149484,-0.34935644740093286,-3.140668809927433,0.025252824211404044,0.03262287247351878,0.07329217975175964,0.8629952835992213,0.9304781006971513,0.38340689747775575,0.24507963919600198,0.9686600065703471,1.0516465436446136,0.9130676780849204,282.23451367816455
1854,11854,11854,11854,07025ed,solver_extremeB_s2,1,1,1,success,45,27.16901893700548,13.21787135359361,24.011182402354994,34,1,30.0,0.45,20.0,1.0,25,1,200,0.002,100,10.0,1.0,0,34,0,0.7555555555555555,0.3220858623100647,-0.32790218208752847,2.7836513161773953,0.027052016709091305,0.040167762084840936,0.09905134740709295,1.403344593298494,0.7465713386908028,0.30455954399861956,0.17677152656414832,0.9313433718422396,0.9814724699933357,1.2323737626926303,277.207637948105
1855,11855,11855,11855,07025ed,solver_extremeB_s2,1,1,1,success,68,16.90974559913697,14.738734436997284,5.566145277538557,59,1,30.0,0.45,20.0,1.0,25,1,200,0.002,100,10.0,1.0,0,40,0,0.5882352941176471,0.3049260428143872,-0.5030604557694165,-1.811372582111138,0.02547434239068608,0.03821364337311516,0.08393744138373813,0.9795498022717134,1.3776321155316922,0.35700356639179953,0.5751498658739119,1.0193779118624122,0.9431725122508258,0.9320745583881895,289.53950819046986
1856,11856,11856,11856,07025ed,solver_extremeB_s2,1,1,1,success,63,40.47306673101653,32.54477724657208,8.738957755433509,55,1,30.0,0.45,20.0,1.0,25,1,200,0.002,100,10.0,1.0,0,47,0,0.746031746031746,0.3051035188404822,-0.518847987087242,2.4748313890789246,0.021441157344934812,0.03871858777525877,0.11969340884621,1.8904795750022114,0.6819095356139246,0.3760284778485794,0.7182742591982751,1.0346602315266524,0.9842782013155175,0.9740193133056472,287.7384229145315
1857,11857,11857,11857,07025ed,solver_extremeB_s2,1,1,1,success,72,25.173767233226698,11.912311709681612,6.209419949547423,63,1,30.0,0.45,20.0,1.0,25,1,200,0.002,100,10.0,1.0,0,57,0,0.7916666666666666,0.37633601617321966,-0.7039001403652678,0.34293515465255275,0.025884815621445262,0.03675981346220233,0.10536771840208004,1.794573673671144,1.3986441668748741,0.3253412577286458,0.5468970476792103,0.9875609153221868,1.059726437980242,0.8588442000930253,291.493527939949
1858,11858,11858,11858,07025ed,solver_extremeB_s2,1,1,1,success,60,31.014299201245297,18.40913952867106,22.630560805398424,50,1,30.0,0.45,20.0,1.0,25,1,200,0.002,100,10.0,1.0,0,47,0,0.7833333333333333,0.3849659157043689,-0.7162799299563691,3.0143474246279425,0.02400826824745825,0.034282072521546206,0.05155576280666012,0.858602396943293,1.0240917086050878,0.3336739051818913,0.18451955564892059,0.9967564481221575,1.0241900035884994,1.0446423242794578,288.7164000644625
1859,11859,11859,11859,07025ed,solver_extremeB_s2,1,1,1,success,50,16.03857263618657,23.901981532053547,10.062583534295493,43,1,30.0,0.45,20.0,1.0,25,1,200,0.002,100,10.0,1.0,0,37,0,0.74,0.3848643202317082,-0.3483992908522482,-0.36886358999955426,0.020470996955370625,0.03771009026282142,0.11981724968167824,0.8403237565843766,0.963541628150755,0.35476275488636994,0.5816475941982234,1.051452234385896,1.1086189678105984,0.9670376933501367,285.3644256579279
1860,11860,11860,11860,07025ed,solver_extremeB_s2,1,1,1,success,60,11.54795283204683,14.96443430117003,11.20196911873826,53,1,30.0,0.45,20.0,1.0,25,1,200,0.002,100,10.0,1.0,0,38,0,0.6333333333333333,0.34095847800682305,-0.660107380300668,-1.614423923841748,0.022272742502413755,0.03811029821331099,0.07390779040414022,1.565058194872836,1.03401110907578,0.3357299865634701,0.4701320924432927,0.938469795925713,1.0596309048962937,1.0864192563106378,289.9897487536968
1861,11861,11861,11861,07025ed,solver_extremeB_s2,1,1,1,success,52,18.77801376590027,28.092416727790265,11.935656768769142,45,1,30.0,0.45,20.0,1.0,25,1,200,0.002,100,10.0,1.0,0,42,0,0.8076923076923077,0.3088312956969039,-0.36039649900434684,-3.0475121279243536,0.02137026274248986,0.03383820525794577,0.04956914823603552,1.6493654060702267,0.7544145497296763,0.37838524996841666,0.5768067733492375,1.057037678574929,1.0852733810695803,0.8580988845225679,284.63289199113353
1862,11862,11862,11862,07025ed,solver_extremeB_s2,1,1,1,success,55,27.644887541944385,25.778055843402914,3.6097701936175284,49,1,30.0,0.45,20.0,1.0,25,1,200,0.002,100,10.0,1.0,0,44,0,0.8,0.35438785111737126,-0.5480351997729402,-0.727533043124494,0.02289308977689151,0.03508423974951305,0.079246230709103,1.4147146892596547,1.2311120847420942,0.30928825525331083,0.5692154147712918,1.0740302325629476,1.0714270612662526,0.9643098989594364,288.9666031818636
1863,11863,11863,11863,07025ed,solver_extremeB_s2,1,1,1,success,55,21.784524317048636,23.76818759956961,11.484502772081678,48,1,30.0,0.45,20.0,1.0,25,1,200,0.002,100,10.0,1.0,0,40,0,0.7272727272727273,0.3621834063475211,-0.37774067047809545,1.3342716536204664,0.02392848588047459,0.03710211789232041,0.10389587173185005,1.6271171938652067,1.3123524406362386,0.34820345178580075,0.5250026554869163,1.0240586085159067,1.028704486036021,1.0275864848832144,285.8493878915738
1864,11864,11864,11864,07025ed,solver_extremeB_s2,1,1,1,success,54,17.729447065526063,18.407601372720038,0.029362461866898903,51,1,30.0,0.45,20.0,1.0,25,1,200,0.002,100,10.0,1.0,1,40,0,0.7407407407407407,0.3350300176972431,-0.3660561551945606,2.9640675458543937,0.026567950559430287,0.03494785834488227,0.09072754517018519,1.1353184926379483,0.9115457910800959,0.3559940548146682,0.27248491893627536,1.0576194751132715,0.9833501329875564,0.9617250630179549,280.01290365955896
1865,11865,11865,11865,07025ed,solver_extremeB_s2,0,1,0,timeout,200,54.638819110703075,28.721014750702576,0.4510126937439703,54,1,30.0,0.45,20.0,1.0,25,1,200,0.002,100,10.0,1.0,0,183,0,0.915,0.38372735744827674,-0.3986982097868368,-2.0204798705879226,0.021523106741646366,0.0359610894155642,0.053587156254311645,1.4878052230605998,1.1747301257336429,0.35919685860753275,0.6491719826829307,1.0397552502679461,1.0791998235792493,0.9872376469970208,36.752323390643326
1866,11866,11866,11866,07025ed,solver_extremeB_s2,1,1,1,success,59,9.697655666186337,29.611313621466486,23.955817733651745,47,1,30.0,0.45,20.0,1.0,25,1,200,0.002,100,10.0,1.0,0,46,0,0.7796610169491526,0.3498179570871184,-0.5373232634612308,0.8769676884312441,0.025016170517248866,0.03931903006100097,0.06506551215145845,1.6263377346425916,0.6077245572955668,0.3066025432782155,0.3957862973297485,1.0058320896674897,0.9637939840420048,1.0776121580097666,285.27051056923835
1867,11867,11867,11867,07025ed,solver_extremeB_s2,1,1,1,success,60,29.10741013232762,17.29574947492493,17.969209178183906,53,1,30.0,0.45,20.0,1.0,25,1,200,0.002,100,10.0,1.0,0,52,0,0.8666666666666667,0.3310909625870955,-0.3211428213432877,-0.6526932204052645,0.02120657698728924,0.0299351205888512,0.03991748452677049,1.3877817522359057,1.1135577095713947,0.3834515513976141,0.6463970346420986,1.0231668407146783,0.9676846868128086,0.9697693186553006,288.2187536907221
1868,11868,11868,11868,07025ed,solver_extremeB_s2,1,1,1,success,52,10.249416220320857,19.22051016340706,15.166377392890867,44,1,30.0,0.45,20.0,1.0,25,1,200,0.002,100,10.0,1.0,0,34,0,0.6538461538461539,0.31645953294521834,-0.4418327101903117,-0.917204592926669,0.022045970490589654,0.039119084560657054,0.08738945356622477,1.9171541776007661,0.8914996969514013,0.32512464052479884,0.31974616105805437,1.0636593076956349,1.0936046527312488,0.7920029005333151,284.2178099933805
1869,11869,11869,11869,07025ed,solver_extremeB_s2,1,1,1,success,53,7.519183332155595,6.342662215790979,2.374342812445363,47,1,30.0,0.45,20.0,1.0,25,1,200,0.002,100,10.0,1.0,0,42,0,0.7924528301886793,0.32786494954160983,-0.5962025973474928,-1.9495270471190993,0.024897325901874837,0.03591714953460683,0.10246666363092405,1.4685763887798902,1.0311005358956877,0.36897655962416936,0.21082813644815,0.9661804247238016,1.0251569443350337,0.9631540551232387,287.08495219900124
1870,11870,11870,11870,07025ed,solver_extremeB_s2,1,1,1,success,69,15.996120066833809,26.950609029506115,13.3854873832152,59,1,30.0,0.45,20.0,1.0,25,1,200,0.002,100,10.0,1.0,0,52,0,0.7536231884057971,0.3359730666921288,-0.6460215914392292,2.1477139933696767,0.02218535887569322,0.038587735954988114,0.08109261061369005,1.855464872756868,0.960706225277794,0.3778846286400975,0.6400896544600228,1.0308559229770597,1.0869228812053964,0.9623856320436609,290.1577992392862
1871,11871,11871,11871,07025ed,solver_extremeB_s2,1,1,1,success,54,26.571461229533412,37.362881305503834,4.273384464939176,45,1,30.0,0.45,20.0,1.0,25,1,200,0.002,100,10.0,1.0,0,41,0,0.7592592592592593,0.35458467855913106,-0.34865061225911553,1.696538501570692,0.025047777798906365,0.03914633162167376,0.11339806390328708,1.2770978627904568,1.3978350008892981,0.30328340732740794,0.5636343641305852,0.9437019000008753,1.0257804078613904,1.257661343540894,285.1770415084725
1872,11872,11872,11872,07025ed,solver_extremeB_s2,1,1,1,success,46,26.7212521053931,19.486344536403593,13.589021228321418,42,1,30.0,0.45,20.0,1.0,25,1,200,0.002,100,10.0,1.0,0,33,0,0.717391304347826,0.3257323840224432,-0.32216273595746714,-2.0298303093897747,0.027469543401882568,0.03268013465666973,0.04480801229856865,0.8167616612940221,0.9703633962254772,0.3848474333505341,0.2003353676272006,1.024182245018615,1.015144808499588,1.2455767474936739,279.3857878770026
1873,11873,11873,11873,07025ed,solver_extremeB_s2,1,1,1,success,43,30.851117891383257,26.188072323432852,11.634680395113746,38,1,30.0,0.45,20.0,1.0,25,1,200,0.002,100,10.0,1.0,0,31,0,0.7209302325581395,0.33646947588070936,-0.17018410767940273,-1.888211404145322,0.027570650560199188,0.03161039543618503,0.07213605687280263,0.9889759134619173,1.1108661685075438,0.3113324671705606,0.480336068041337,1.0202122629806827,1.0234248050981165,1.0546693119227957,277.9914810386479
1874,11874,11874,11874,07025ed,solver_extremeB_s2,0,1,0,timeout,200,24.478252063327496,34.1281632277494,22.788744972665167,60,0,30.0,0.45,20.0,1.0,25,1,200,0.002,100,10.0,1.0,0,170,0,0.85,0.3423681006635336,-0.33088293920680034,-0.330396996150117,0.02253923542443614,0.03827233566946198,0.03372003203668354,0.8635664450125056,0.8418549926752263,0.37817086230270636,0.6316585453831876,0.992656060619393,1.016634096039905,1.020529771432443,46.327926939591414
1875,11875,11875,11875,07025ed,solver_extremeB_s2,1,1,1,success,73,27.654822958557443,19.235747412955995,3.5604011595698375,64,1,30.0,0.45,20.0,1.0,25,1,200,0.002,100,10.0,1.0,2,63,0,0.863013698630137,0.3576316506878311,-0.5803705585426588,-0.28187210899394755,0.021434342650244843,0.03952633282842015,0.04824891702682471,1.2434323998241772,0.7922653728952458,0.3036831954451011,0.5448636919129518,1.08063308380516,1.0462818319088663,1.1331978076984872,284.06590649738274
1876,11876,11876,11876,07025ed,solver_extremeB_s2,0,0,0,object_lost,133,483.0512388713394,nan,nan,-1,0,30.0,0.45,20.0,1.0,25,1,200,0.002,100,10.0,1.0,0,125,0,0.9398496240601504,0.30471581335573766,-0.2894873232273056,-0.8893744357515594,0.02133959296491858,0.03819766170786125,0.09758771403070908,1.0701935948468655,1.326739166800005,0.3848225198232375,0.728380753200885,1.035035866874154,0.9559798168353405,0.8746802914721168,-200.61315802599572
1877,11877,11877,11877,07025ed,solver_extremeB_s2,1,1,1,success,46,17.79927166491939,21.117933607073052,8.976928263773111,40,1,30.0,0.45,20.0,1.0,25,1,200,0.002,100,10.0,1.0,0,35,0,0.7608695652173914,0.34651426485929093,-0.3590058079021367,-2.8588042811060035,0.021906002539456983,0.036220717411138505,0.0908587453778371,1.5739915495109122,0.9641511880380214,0.3544322690560086,0.2056612458312209,1.023755897083854,1.0418516144215686,1.2404346828517072,281.29933278371783
1878,11878,11878,11878,07025ed,solver_extremeB_s2,1,1,1,success,68,14.032519981592941,18.878250097503255,15.125112842430719,60,1,30.0,0.45,20.0,1.0,25,1,200,0.002,100,10.0,1.0,0,50,0,0.7352941176470589,0.3721776088691279,-0.6550003666308656,0.24971388702032327,0.021970752195954305,0.03596205808019174,0.07733645935036565,1.8555574840352353,0.6103366536418756,0.3873294377119814,0.5485236482342869,1.118234664009713,0.9910558990397027,0.8946938848937376,291.50288716781205
1879,11879,11879,11879,07025ed,solver_extremeB_s2,0,1,0,timeout,200,74.34707892857512,140.38216339392943,130.95030354470774,48,1,30.0,0.45,20.0,1.0,25,1,200,0.002,100,10.0,1.0,0,136,0,0.68,0.35412896195681487,-0.5368214176229266,1.2178816024388484,0.027405836650937473,0.030314217325563133,0.0887174802374121,1.342250249353811,0.6940722469992316,0.34838901594667404,0.7103766667645244,0.9602214617462455,1.0103531850396819,0.8974891912298255,61.81902815735209
1880,11880,11880,11880,07025ed,solver_extremeB_s2,1,1,0,success,68,39.88148946614342,26.57512444070054,9.482621128450816,57,1,30.0,0.45,20.0,1.0,25,1,200,0.002,100,10.0,1.0,0,55,0,0.8088235294117647,0.3797423156640627,-0.5539303400174533,2.5757408022579096,0.02720260859830212,0.03002735891469422,0.11643673121926473,1.6036395117869597,0.9165762360595391,0.362021867160113,0.683353334976324,1.059568765092205,1.0073345307209325,1.1638389578927073,248.03596800432751
1881,11881,11881,11881,07025ed,solver_extremeB_s2,1,1,1,success,56,13.630512413838758,13.720095722735632,13.69205268024831,50,1,30.0,0.45,20.0,1.0,25,1,200,0.002,100,10.0,1.0,0,46,0,0.8214285714285714,0.3362598566500388,-0.584626762758192,-2.198643636146005,0.023644341835391245,0.029873113916725237,0.11454911144323913,1.6488478721364035,0.8928866649000705,0.3335800227829586,0.49581032164841954,1.0019993467610446,1.0001342287759272,1.0279138021619945,288.38819274879904
1882,11882,11882,11882,07025ed,solver_extremeB_s2,1,1,1,success,54,18.951377616679185,6.29335433381695,14.119421792584394,44,1,30.0,0.45,20.0,1.0,25,1,200,0.002,100,10.0,1.0,0,38,0,0.7037037037037037,0.3579230338941383,-0.3008863831073857,-1.4850599422374673,0.027513003222313967,0.037957399826285765,0.07968783803794943,1.036128647502313,0.7864706467894685,0.35526989652163793,0.522255117373837,0.9895794553852703,1.0618085977013572,0.990027211096874,287.2502287801448
1883,11883,11883,11883,07025ed,solver_extremeB_s2,1,1,1,success,68,9.052164899770716,23.06222398632465,8.048446577036096,55,1,30.0,0.45,20.0,1.0,25,1,200,0.002,100,10.0,1.0,0,53,0,0.7794117647058824,0.35458824307695924,-0.4401406477270606,2.0879174078396954,0.02561697155626103,0.03595647516225041,0.05498151368830202,1.1568102385111625,0.6875113176171408,0.31698633148672994,0.5134771960889111,1.059264824066103,1.036288232728853,1.2096875379553187,281.94572396739864
1884,11884,11884,11884,07025ed,solver_extremeB_s2,1,1,1,success,62,21.379331734283795,14.998953566046461,14.598257940566223,48,1,30.0,0.45,20.0,1.0,25,1,200,0.002,100,10.0,1.0,0,47,0,0.7580645161290323,0.38470475736912046,-0.41561532017919195,2.9026977086354577,0.020872762450169516,0.03726010664820181,0.03661491773419791,0.9549220290277325,0.8971590362030928,0.36282386315792986,0.5259651129862921,1.053471653537016,1.0016451104094697,1.1368477594378743,285.60269642063025
1885,11885,11885,11885,07025ed,solver_extremeB_s2,1,1,1,success,61,14.01202811452422,39.68290826150752,19.802761659869216,51,1,30.0,0.45,20.0,1.0,25,1,200,0.002,100,10.0,1.0,0,49,0,0.8032786885245902,0.37873605499815977,-0.6855449736763997,-1.4461371079074408,0.02220707775048349,0.03730068812923776,0.07848520594461322,1.4297302980877493,0.6407448524367861,0.3834494885572642,0.26653699534411207,1.0779540423343996,1.0166499445980457,0.8997022259850735,288.80897881593074
1886,11886,11886,11886,07025ed,solver_extremeB_s2,1,1,1,success,60,9.294938015358289,7.512740538187164,3.65231628490875,51,1,30.0,0.45,20.0,1.0,25,1,200,0.002,100,10.0,1.0,0,39,0,0.65,0.31940680555896794,-0.5615204777970699,-0.8973171325208988,0.02543312313070296,0.03818402950747022,0.084798069363472,1.2268993528171592,1.3881465022929462,0.36411307531205767,0.22372346434185433,1.1008205234990174,0.9908807044528903,1.0121260160124175,287.3440599166913
1887,11887,11887,11887,07025ed,solver_extremeB_s2,1,1,1,success,48,22.652300544055684,21.781909587507347,1.4034061284062396,43,1,30.0,0.45,20.0,1.0,25,1,200,0.002,100,10.0,1.0,0,42,0,0.875,0.3567641578178542,-0.22754255580509208,-2.111226361813163,0.020993875151276712,0.03500319183891758,0.08082124646772473,1.9596046131188347,1.2851115463243643,0.3583705100317729,0.40923771928567526,0.9470058840073994,0.9561890616599349,1.1372317440009532,281.294692563289
1888,11888,11888,11888,07025ed,solver_extremeB_s2,1,1,1,success,52,26.36227429150469,17.59477940072439,11.703367871801825,46,1,30.0,0.45,20.0,1.0,25,1,200,0.002,100,10.0,1.0,0,36,0,0.6923076923076923,0.30810257632415566,-0.6458385722576099,2.243672941070175,0.0258323758557833,0.03660696929317031,0.10185613835167869,1.7665485112441486,0.7070229168618256,0.31285113103703194,0.3216275668239307,1.039364654197811,1.0741294879641072,1.0058926705908604,286.9762068470598
1889,11889,11889,11889,07025ed,solver_extremeB_s2,1,1,1,success,48,13.946812462593941,22.357408810935986,20.957932213336544,41,1,30.0,0.45,20.0,1.0,25,1,200,0.002,100,10.0,1.0,0,35,0,0.7291666666666666,0.3463505330488782,-0.2809433013766006,-0.3807431294329122,0.022854186508348504,0.03493498103740695,0.04440612753324915,0.902942442018234,0.6248760406321178,0.3525411965298995,0.5393333184748638,1.0026441759305758,1.0165085966504535,1.0595605032442605,283.90521747268417
1890,11890,11890,11890,07025ed,solver_extremeB_s2,1,1,1,success,62,27.635388787540784,22.18214621316587,19.420894317230424,54,1,30.0,0.45,20.0,1.0,25,1,200,0.002,100,10.0,1.0,0,42,0,0.6774193548387096,0.31389787672109715,-0.7140680278512352,-2.6906210109163027,0.022564407150383593,0.03715391616832166,0.06441877582739175,1.5308715968244266,0.9425528365338529,0.34396907454789005,0.6183103536891972,1.0191975513643674,1.0217789041047156,1.1228121086752263,291.5924658221273
1891,11891,11891,11891,07025ed,solver_extremeB_s2,1,1,1,success,48,33.37555106160921,23.69248504718571,13.679727263261142,41,1,30.0,0.45,20.0,1.0,25,1,200,0.002,100,10.0,1.0,0,35,0,0.7291666666666666,0.38174599044145635,-0.19910950153643248,1.9729574581521554,0.025624080396370912,0.038621204182795695,0.09742168758998233,0.8792629668028866,0.6821525273349345,0.37533707944493994,0.4222805564073816,1.118099441858447,1.0585670255879491,0.9753017027423593,280.02365262658464
1892,11892,11892,11892,07025ed,solver_extremeB_s2,1,1,1,success,59,25.852045294122142,27.39568699921843,6.5101177283826175,50,1,30.0,0.45,20.0,1.0,25,1,200,0.002,100,10.0,1.0,0,40,0,0.6779661016949152,0.3303910856795797,-0.3222731893461777,-1.386718795290284,0.02479182355597795,0.03975712089393929,0.05417530950434772,1.9354739695959937,1.205240403442276,0.3812231507285547,0.5801976623704415,1.033624537754487,0.9420462203666963,0.9678232179828731,284.0962963721429
1893,11893,11893,11893,07025ed,solver_extremeB_s2,1,1,1,success,69,10.223045576923054,21.21220975571171,27.47849552521105,55,1,30.0,0.45,20.0,1.0,25,1,200,0.002,100,10.0,1.0,0,49,0,0.7101449275362319,0.3656590385203269,-0.6224835614028407,0.5349652176839759,0.02315092406140968,0.038308739862610665,0.046467048727674584,0.8010989096505737,0.9548282793369944,0.3150286167053405,0.5961588765193606,1.0397531438118262,1.0080821453292905,1.0088505175585976,291.97341738027546
1894,11894,11894,11894,07025ed,solver_extremeB_s2,1,1,1,success,52,13.987694222215863,24.780924864759605,9.551126078982026,43,1,30.0,0.45,20.0,1.0,25,1,200,0.002,100,10.0,1.0,0,34,0,0.6538461538461539,0.314671970024529,-0.43613892668439797,0.9193421921365141,0.025320366198602114,0.039291007211145326,0.09771727176883621,1.2629964611001872,1.3467094663669892,0.3501674112920199,0.33037238030214106,1.0448784034699803,1.0575475898641555,1.187822523848494,281.6176644926882
1895,11895,11895,11895,07025ed,solver_extremeB_s2,1,1,1,success,50,38.075798921376695,31.62580670921021,6.691851130086051,44,1,30.0,0.45,20.0,1.0,25,1,200,0.002,100,10.0,1.0,0,29,0,0.58,0.3254521014565894,-0.28430445648051245,-1.4657983372246328,0.021228101531400683,0.030701868992511153,0.03293423042792256,1.9714859731757692,0.9602900636643943,0.38479945188350945,0.28729779870876654,0.9992382180133182,0.9894862983353396,0.8723892531602553,282.1440998200715
1896,11896,11896,11896,07025ed,solver_extremeB_s2,1,1,1,success,60,38.30581632409637,18.997109924137106,11.463526153240569,54,1,30.0,0.45,20.0,1.0,25,1,200,0.002,100,10.0,1.0,0,50,0,0.8333333333333334,0.3857665691623795,-0.35960255473316416,-0.23365532134138123,0.02552361564810378,0.03398433540119054,0.11989959494310333,1.0414174088196806,1.0469959691574906,0.388707119910214,0.716148262542989,1.0193818067451341,1.0643538866575375,1.0113780605929796,286.03183047646615
1897,11897,11897,11897,07025ed,solver_extremeB_s2,1,1,1,success,60,14.777451982029971,22.96127260389217,7.534983119614326,52,1,30.0,0.45,20.0,1.0,25,1,200,0.002,100,10.0,1.0,0,48,0,0.8,0.3442033332915975,-0.4355780079355538,0.9468406094942319,0.0270307503769786,0.035657230888731094,0.11730232280469621,1.7581881404078288,1.1371825540522025,0.3060693429961288,0.4825665335555831,0.9144448292194403,1.0327833554530885,0.9968080920741553,282.99535587901573
1898,11898,11898,11898,07025ed,solver_extremeB_s2,1,1,1,success,52,22.412499040025537,30.444851835149155,14.584182599952674,47,1,30.0,0.45,20.0,1.0,25,1,200,0.002,100,10.0,1.0,0,36,0,0.6923076923076923,0.36432219026926194,-0.3452777992693407,-1.3888376827937885,0.02606072269762613,0.031403591929753276,0.10027987714683317,1.2680450485825423,1.316669255347872,0.3610748806736183,0.6294445052035652,1.0157018816529184,1.0869043617839844,0.9440080524845349,285.6909078601791
1899,11899,11899,11899,07025ed,solver_extremeB_s2,1,1,1,success,51,5.849467171406294,29.98698296479604,23.46959534239551,42,1,30.0,0.45,20.0,1.0,25,1,200,0.002,100,10.0,1.0,0,40,0,0.7843137254901961,0.3262851083860203,-0.23763982744738993,1.4376809391792849,0.024457612794259783,0.03566174622254641,0.10852582319724777,1.063526964189379,1.1795469248055648,0.3123867007322914,0.7096715419222585,1.0508291635905187,1.0639005448002516,0.893780540093791,283.9559708662955
1900,11900,11900,11900,07025ed,solver_extremeB_s2,1,1,1,success,66,22.397917552808558,30.062589978050987,8.400393884023233,60,1,30.0,0.45,20.0,1.0,25,1,200,0.002,100,10.0,1.0,0,44,0,0.6666666666666666,0.31296266626817254,-0.2305106191673627,-1.6529548028722125,0.021213771347065404,0.03517439305299601,0.11497128097609306,1.2025928638351902,1.1640845358997507,0.3142241201906209,0.4930558700366607,1.05557770589317,1.0314827705675755,1.0875642370740843,278.7178952960396
1901,11901,11901,11901,07025ed,solver_extremeB_s2,1,1,1,success,43,6.8816247934117065,21.968462288428345,14.347383322815336,33,1,30.0,0.45,20.0,1.0,25,1,200,0.002,100,10.0,1.0,0,38,0,0.8837209302325582,0.34555952966373227,-0.24435704180654566,2.7130975324070743,0.0230073550208546,0.03877158035804842,0.1162898984009306,0.84369129693083,0.9419275598784798,0.38124467681808466,0.2289211882730225,1.0134753520668487,0.9971886345997506,1.082959013995223,278.21417088013806
1902,11902,11902,11902,07025ed,solver_extremeB_s2,1,1,1,success,39,18.444602610371255,15.498040739257448,4.637850153890228,33,1,30.0,0.45,20.0,1.0,25,1,200,0.002,100,10.0,1.0,0,30,0,0.7692307692307693,0.3061623343150233,-0.3103757548838114,1.225160355311508,0.025923153276182425,0.03863121060604153,0.05580630394533949,1.5570098233840803,1.3212249390946282,0.31761105061836,0.2332741942413159,1.0554368197170825,1.0152746907174046,1.2632600631477409,280.50256101315165
1903,11903,11903,11903,07025ed,solver_extremeB_s2,1,1,1,success,55,37.043324528106346,28.43539381019353,7.133586096840998,49,1,30.0,0.45,20.0,1.0,25,1,200,0.002,100,10.0,1.0,0,42,0,0.7636363636363637,0.339549784083511,-0.2777952264801673,-0.051196783249265465,0.02542273211615701,0.03436118158523418,0.06899150451080499,1.041557557718305,1.3869960341995227,0.37775811814430044,0.6141512474885448,1.180821108254234,1.017413595522525,1.2374068634511954,283.89856635907324
1904,11904,11904,11904,07025ed,solver_extremeB_s2,1,1,1,success,71,10.649234394930359,14.863985841276808,2.1306609899669144,67,1,30.0,0.45,20.0,1.0,25,1,200,0.002,100,10.0,1.0,0,56,0,0.7887323943661971,0.3583937713484002,-0.6424558574367072,1.578878989223515,0.020497222635204027,0.03838215945151492,0.0371480007820389,0.8334550684904498,1.3403920766642887,0.3217316125483287,0.48304271108219177,0.9595956334351742,0.9812331960134103,1.149115473288174,294.18636206104276
1905,11905,11905,11905,07025ed,solver_extremeB_s2,1,1,1,success,57,20.331824722509623,21.28541980583452,8.233306207606276,49,1,30.0,0.45,20.0,1.0,25,1,200,0.002,100,10.0,1.0,0,39,0,0.6842105263157895,0.3838818827606618,-0.5191110582412319,-1.1453597040533463,0.022960824197466836,0.03564217195275485,0.03953718440407461,1.6155429871631652,1.090990283505427,0.3780371553596018,0.3636220739957211,0.9683778383766171,0.9827916738705553,1.311801136552221,285.35601237531097
1906,11906,11906,11906,07025ed,solver_extremeB_s2,1,1,1,success,52,16.204294455754734,28.788783610939824,2.4550652139911824,43,1,30.0,0.45,20.0,1.0,25,1,200,0.002,100,10.0,1.0,0,37,0,0.7115384615384616,0.3373507390695505,-0.1850207460789972,2.901244130437222,0.024460334814046213,0.03676906469721317,0.09194476069179527,1.2016101911011363,0.9159887863207792,0.3106444248702024,0.5046933784801878,1.01477542741736,1.0197444115159124,1.1330925909670049,280.9510645611983
1907,11907,11907,11907,07025ed,solver_extremeB_s2,1,1,1,success,54,23.317177281271576,23.294848669762484,2.6163343923202613,49,1,30.0,0.45,20.0,1.0,25,1,200,0.002,100,10.0,1.0,0,43,0,0.7962962962962963,0.3084054950992286,-0.22164483982987282,-1.4704212861222423,0.026173675664446255,0.03403997955219688,0.11867713969217683,1.4130585040576786,1.2760325886729036,0.37476927587998154,0.5896275304923483,1.02903575677509,0.8733494424348299,0.961969873448822,283.7676553381195
1908,11908,11908,11908,07025ed,solver_extremeB_s2,1,1,1,success,61,18.891496446346405,24.7318563412037,11.794315200424043,54,1,30.0,0.45,20.0,1.0,25,1,200,0.002,100,10.0,1.0,0,38,0,0.6229508196721312,0.3102980894885794,-0.4972150313796382,-0.27965832646740907,0.027133588806523872,0.029983511486442845,0.11378617037667438,1.944971520740153,0.9323570994197834,0.31027208699724457,0.4765157956707057,1.0151640860564106,0.9912396146112302,1.0399411484934542,289.2081432149769
1909,11909,11909,11909,07025ed,solver_extremeB_s2,1,1,1,success,55,17.039489501307163,16.87304210857409,1.1747180221503868,50,1,30.0,0.45,20.0,1.0,25,1,200,0.002,100,10.0,1.0,0,33,0,0.6,0.33739771011631225,-0.6953966144528521,-1.0099416725550263,0.027578421560759844,0.03400839317451335,0.09582708223258822,1.4089631938198037,0.9043694972289265,0.3718939187344703,0.19395108696729163,0.9510091858744104,1.0209086027110346,1.1210408071961142,289.09601839531774
1910,11910,11910,11910,07025ed,solver_extremeB_s2,1,1,1,success,55,19.698717254497833,24.04595316758935,14.192470428747939,48,1,30.0,0.45,20.0,1.0,25,1,200,0.002,100,10.0,1.0,0,39,0,0.7090909090909091,0.3505712381972479,-0.3508495206446534,2.1515963466347108,0.02466557749896873,0.037461273592045555,0.04648583828290776,1.337496920035596,1.3028777267756018,0.3495623149433848,0.3806952887861063,1.0810008317081239,1.041546561559557,1.007923170369088,280.63382821039994
1911,11911,11911,11911,07025ed,solver_extremeB_s2,1,1,1,success,58,16.829986239908795,17.753075797495264,8.2288735449144,51,1,30.0,0.45,20.0,1.0,25,1,200,0.002,100,10.0,1.0,0,39,0,0.6724137931034483,0.36795205288545846,-0.43979558410003805,2.3948978412762276,0.026837477949284184,0.030257377916664045,0.06120882186262219,1.577913902260157,0.7467495010644933,0.3650949334707938,0.6649443293309382,0.969276404073751,1.0517547168963928,1.0003615172569653,288.9727869119945
1912,11912,11912,11912,07025ed,solver_extremeB_s2,1,1,1,success,53,22.560403799397598,14.705180201210023,11.517953377038154,43,1,30.0,0.45,20.0,1.0,25,1,200,0.002,100,10.0,1.0,0,33,0,0.6226415094339622,0.32881602395218057,-0.43885907772532323,-1.9966846725194412,0.0220231571210923,0.033886296499598026,0.05043579563957261,1.7470466273846241,1.374525467331903,0.3057523049208687,0.18107745183685556,1.116892396451089,1.0843702159273878,1.0966266152603004,283.0101838066179
1913,11913,11913,11913,07025ed,solver_extremeB_s2,1,1,1,success,47,17.24036756134399,16.811869342942174,8.35724336155466,42,1,30.0,0.45,20.0,1.0,25,1,200,0.002,100,10.0,1.0,0,37,0,0.7872340425531915,0.37959405591463197,-0.38389355012259385,-0.997600881015897,0.02520790199120318,0.031590954372330685,0.040013007710563674,1.9460600278375153,0.9031263075626725,0.324410751296783,0.18607483784779635,1.0289067883440328,1.051798340633674,0.9318053038143779,282.90325939927624
1914,11914,11914,11914,07025ed,solver_extremeB_s2,1,1,1,success,46,11.515445869680793,13.64181380714682,5.434970806443678,39,1,30.0,0.45,20.0,1.0,25,1,200,0.002,100,10.0,1.0,0,24,0,0.5217391304347826,0.33213334609089284,-0.18187305966965106,1.8199888913345958,0.027495941205164662,0.03822497050310694,0.11185004585497191,1.5164056349944315,1.0589736664386276,0.3364364625406074,0.1896401949258112,0.9456057619119765,1.1076715324470172,0.8740670817836327,278.23271089122454
1915,11915,11915,11915,07025ed,solver_extremeB_s2,1,1,1,success,52,8.014686290652717,13.061299607006456,5.405265251186098,41,1,30.0,0.45,20.0,1.0,25,1,200,0.002,100,10.0,1.0,0,38,0,0.7307692307692307,0.34355946340374327,-0.3156561699444255,-2.7514386739579457,0.02181221804537374,0.03928980370122362,0.045169092733341826,1.0042109418810896,1.1963636948664509,0.3333710282440439,0.4030635548059972,1.0145037977170623,0.9787739117686346,0.8672755156731846,281.750427714957
1916,11916,11916,11916,07025ed,solver_extremeB_s2,1,1,1,success,54,30.465927252308646,35.518013910423576,11.187213014102632,44,1,30.0,0.45,20.0,1.0,25,1,200,0.002,100,10.0,1.0,0,36,0,0.6666666666666666,0.3687331815506282,-0.24099547281360362,1.5097664420301848,0.024685905520500408,0.03375741671922389,0.08248032967108475,0.8124619493103401,1.1757365816672496,0.3215224296391792,0.4400293564300604,0.9920865589378675,0.9978707196028652,1.0965101964798771,284.7901310654627
1917,11917,11917,11917,07025ed,solver_extremeB_s2,1,1,1,success,50,23.283868531213216,26.760169054065496,1.8181678298604005,46,1,30.0,0.45,20.0,1.0,25,1,200,0.002,100,10.0,1.0,0,42,0,0.84,0.3898075858764242,-0.27071919437210623,-0.20215733255671609,0.02511960624428905,0.03784655572425591,0.09030525882502138,1.6106892754862123,1.0204091642050692,0.3157148744952423,0.5111191094336531,1.0312891664394235,0.9940392352171531,0.8553631729258266,281.95413357466197
1918,11918,11918,11918,07025ed,solver_extremeB_s2,1,1,1,success,55,24.76541111288337,26.328226303849306,2.932828855979348,49,1,30.0,0.45,20.0,1.0,25,1,200,0.002,100,10.0,1.0,0,34,0,0.6181818181818182,0.3180740847345455,-0.24904488617284876,-2.4347436494366996,0.024864680541000706,0.03928772928180187,0.10172407258117643,1.3906823817442135,0.6735214758986786,0.38435013935254253,0.5189903629990574,1.0565563355628351,0.9553483965865185,1.082375467082089,283.3165601509653
1919,11919,11919,11919,07025ed,solver_extremeB_s2,1,1,1,success,55,29.832018893928282,22.431242057381702,14.761759557690917,48,1,30.0,0.45,20.0,1.0,25,1,200,0.002,100,10.0,1.0,0,38,0,0.6909090909090909,0.33647852943610046,-0.29243390478432846,-2.4008681030443726,0.027161259834242158,0.038577035477219426,0.07199697251732128,1.1667959477953467,1.1090211778640722,0.35522006235124187,0.7030542248491563,1.020064020449462,1.009126298397467,1.035257295917061,286.8687404810709
1920,11920,11920,11920,07025ed,solver_extremeB_s2,1,1,1,success,55,32.7369780787922,25.559701661988132,10.637912477978604,49,1,30.0,0.45,20.0,1.0,25,1,200,0.002,100,10.0,1.0,0,44,0,0.8,0.35300836774130034,-0.366719609853296,0.7681381023541358,0.021986085502054314,0.0327440874319703,0.06481967264539823,1.7695870284353763,0.8318507532306287,0.30159249476802197,0.4810042459190746,1.077327329626765,0.9640222501401462,0.9876139381026401,285.6938031736417
1921,11921,11921,11921,07025ed,solver_extremeB_s2,1,1,1,success,43,3.116864219012543,10.025542126755296,5.784975630514243,37,1,30.0,0.45,20.0,1.0,25,1,200,0.002,100,10.0,1.0,0,28,0,0.6511627906976745,0.3054255231660377,-0.29852535686057885,2.838599759691058,0.021393354890029505,0.035366191286716066,0.06511028871702892,1.8389822879831634,1.1295982554364206,0.32203181521478563,0.3718156261847438,0.9894945132533953,0.9978512907818688,1.0689797140718902,282.3435197572832
1922,11922,11922,11922,07025ed,solver_extremeB_s2,1,1,1,success,66,35.78608089509155,32.720194017462674,6.752071401921304,61,1,30.0,0.45,20.0,1.0,25,1,200,0.002,100,10.0,1.0,0,52,0,0.7878787878787878,0.3621996408577855,-0.6994559757128531,1.8051948291557727,0.023707545524746923,0.032176571826445816,0.08753509363092599,1.215999125662816,0.9771856291859403,0.32150491864788255,0.7222291511653863,0.9715648951136233,1.0313023345709538,1.2220526438726407,294.30525756615657
1923,11923,11923,11923,07025ed,solver_extremeB_s2,1,1,1,success,47,12.638466552113577,15.719685369617473,12.607226531791898,41,1,30.0,0.45,20.0,1.0,25,1,200,0.002,100,10.0,1.0,0,37,0,0.7872340425531915,0.33212158415980453,-0.18319945776992863,-0.9714545124626928,0.02241950484511542,0.03714129095536329,0.06119289204229572,0.9233571500510839,1.144191748987375,0.34385103415893004,0.3878125469673227,0.9411604112549786,1.1139888462441372,1.1485095466113107,281.635491800624
1924,11924,11924,11924,07025ed,solver_extremeB_s2,1,1,1,success,51,7.785183508400243,21.204162538583102,10.458684667877954,44,1,30.0,0.45,20.0,1.0,25,1,200,0.002,100,10.0,1.0,0,35,0,0.6862745098039216,0.37096333178629054,-0.1956638754169232,1.3333497831647616,0.025938971722981725,0.038709611010734196,0.11386435101919776,1.9643369427130895,1.3940997737501757,0.32803870711748884,0.40905111338354905,0.9482371566815234,0.9929616650657647,1.1902203753604033,278.43298427903295
1925,11925,11925,11925,07025ed,solver_extremeB_s2,1,1,1,success,63,22.987851880373885,13.7081387204949,5.28761078600613,58,1,30.0,0.45,20.0,1.0,25,1,200,0.002,100,10.0,1.0,0,43,0,0.6825396825396826,0.3434274983662221,-0.6242082039644543,-2.379514563128556,0.025303237653503462,0.0365084060691566,0.032675904319681176,1.665022640254616,0.9398561409048698,0.37436582886459274,0.46024915270193256,1.1163545113821178,1.01806780103863,0.935246957515319,287.41667723910206
1926,11926,11926,11926,07025ed,solver_extremeB_s2,1,1,1,success,62,8.073353754402735,17.08858685262266,13.363875746710665,55,1,30.0,0.45,20.0,1.0,25,1,200,0.002,100,10.0,1.0,0,43,0,0.6935483870967742,0.3040681884428617,-0.48281667545691404,1.7130496322710531,0.0272295199225089,0.03982834989463425,0.05458601997849963,0.926917997882343,0.8675898664730175,0.37353022596099333,0.6521334363154616,0.9832494361406292,1.0634933080191862,0.888763391542382,286.5702931636342
1927,11927,11927,11927,07025ed,solver_extremeB_s2,1,1,1,success,49,25.64139526463346,36.56613743919354,3.4581107993149423,44,1,30.0,0.45,20.0,1.0,25,1,200,0.002,100,10.0,1.0,0,32,0,0.6530612244897959,0.3310367174285886,-0.17965080755084772,-2.6165582128413933,0.02625392984467605,0.034066398080980116,0.10567540522011996,1.8794834195928212,1.380335472409382,0.31479367233279,0.6881556190483944,0.9375581325929624,1.0182016312771172,0.9460266821797501,283.41875443749535
1928,11928,11928,11928,07025ed,solver_extremeB_s2,1,1,1,success,65,7.913286428011354,22.975186920736867,21.172710842513332,51,1,30.0,0.45,20.0,1.0,25,1,200,0.002,100,10.0,1.0,0,58,0,0.8923076923076924,0.3807719687979901,-0.7080038804574118,-1.129431285568252,0.021957833663905343,0.038264227193711337,0.1171197252154311,1.8049934040367124,1.3184374502690086,0.3419548620750666,0.20002894561763068,1.0770020497766748,1.0943920455186242,0.7546820574125361,287.74616912294766
1929,11929,11929,11929,07025ed,solver_extremeB_s2,1,1,1,success,65,21.001189871445924,7.361027285639445,18.582351149825946,54,1,30.0,0.45,20.0,1.0,25,1,200,0.002,100,10.0,1.0,0,50,0,0.7692307692307693,0.3074758194226659,-0.5752944670458378,-2.7100236394049073,0.02623230672479763,0.0394739467032833,0.058601006635714534,0.950605195626098,1.168551834484568,0.3342749963671271,0.5305810286475916,1.0540395342753415,1.0330226553614945,0.9408045460028938,287.2612976395969
1930,11930,11930,11930,07025ed,solver_extremeB_s2,1,1,1,success,49,13.12610507038057,23.457300374084323,10.369977813694728,43,1,30.0,0.45,20.0,1.0,25,1,200,0.002,100,10.0,1.0,0,39,0,0.7959183673469388,0.3682602136396081,-0.23298869501994174,2.82519445392552,0.02048639821193017,0.03434373695938637,0.08440223605218376,1.1276197041202862,0.8466296183024373,0.3720910155435264,0.37624854123086715,0.9763704884434262,1.0607202126517143,1.0434600525121458,284.62977014114176
1931,11931,11931,11931,07025ed,solver_extremeB_s2,1,1,1,success,59,13.623757335141839,19.120152145428207,13.99386095039717,53,1,30.0,0.45,20.0,1.0,25,1,200,0.002,100,10.0,1.0,0,41,0,0.6949152542372882,0.31723075542822543,-0.7124387790998169,-1.6613575894539743,0.0255053042325086,0.030423611060237256,0.07827107911345546,1.3340174031427616,1.3098777109532227,0.3387116270165442,0.46934229573735736,1.035369252874895,0.9293510062813873,0.9370629056758065,291.4040019304233
1932,11932,11932,11932,07025ed,solver_extremeB_s2,1,1,1,success,62,13.353758502190956,14.10067099324831,21.05899173340746,56,1,30.0,0.45,20.0,1.0,25,1,200,0.002,100,10.0,1.0,0,42,0,0.6774193548387096,0.3894265434128349,-0.7136551434359072,1.1695587294677203,0.02603335246037893,0.03630768814172531,0.08640299123415646,1.5047587546039927,1.198055170375691,0.3428336894067296,0.4031241694829022,1.0844417566532862,0.9636147430528729,1.0349807155887798,293.73568101549563
1933,11933,11933,11933,07025ed,solver_extremeB_s2,1,1,1,success,71,28.294773779230447,33.737277609296065,7.099389683747559,62,1,30.0,0.45,20.0,1.0,25,1,200,0.002,100,10.0,1.0,0,51,0,0.7183098591549296,0.3537655908897441,-0.5728088150184244,1.6432318346767376,0.025604285096304025,0.03554427137568962,0.05509810270461826,1.4121380335803413,1.3683218776623942,0.3519816185803293,0.6601710333355341,1.060348109974386,1.0211926344109366,1.1042584355715181,288.874549387466
1934,11934,11934,11934,07025ed,solver_extremeB_s2,1,1,1,success,62,26.139145948606195,8.164241739465192,17.14365633597809,52,1,30.0,0.45,20.0,1.0,25,1,200,0.002,100,10.0,1.0,0,41,0,0.6612903225806451,0.3665458340182107,-0.6638372830087927,-2.1577743968568353,0.027009349179049937,0.03422675791843974,0.04849631368132967,1.4358995906932028,1.3484364129495148,0.3211314300488298,0.35269674055768896,0.994589049464995,1.1552594266028444,0.9374761058670746,293.9994626649845
1935,11935,11935,11935,07025ed,solver_extremeB_s2,1,1,1,success,57,24.271729738347076,36.989794341605084,1.1808633716474226,48,1,30.0,0.45,20.0,1.0,25,1,200,0.002,100,10.0,1.0,0,49,0,0.8596491228070176,0.33014668519250456,-0.18039943152898064,-3.025165606353065,0.02242553494945686,0.03684880358662153,0.07560975877893547,1.8695626387412612,1.1195567436684835,0.32351742687636453,0.6488560622925924,0.9350681338965287,0.8880067923509571,0.8724496397207377,284.95683549219586
1936,11936,11936,11936,07025ed,solver_extremeB_s2,1,1,1,success,62,16.895999111790587,10.989941090000029,5.112065814797818,55,1,30.0,0.45,20.0,1.0,25,1,200,0.002,100,10.0,1.0,0,50,0,0.8064516129032258,0.32073448171147034,-0.6699855681711403,-0.18068783269579702,0.023497538358123148,0.03825578331024836,0.11789747898075081,0.8547439924793249,1.3933356663692564,0.3378053225939955,0.4548564914505774,1.0487163662138845,0.9945487259361393,1.115417232827756,289.1791783588154
1937,11937,11937,11937,07025ed,solver_extremeB_s2,1,1,1,success,57,13.887173163455568,24.78512694114251,7.485210884655395,52,1,30.0,0.45,20.0,1.0,25,1,200,0.002,100,10.0,1.0,0,33,0,0.5789473684210527,0.3075011667597345,-0.5956156917661072,-1.2839986333381481,0.02111618162343705,0.03267340251486433,0.07156445146464382,0.9566774066059729,0.8189167666423796,0.3149145203679818,0.5106762537425724,1.0664280920463962,1.0137379382759466,1.2334301273743606,286.7349220568037
1938,11938,11938,11938,07025ed,solver_extremeB_s2,1,1,1,success,53,19.364108608859738,20.07609205872631,5.014141295722099,46,1,30.0,0.45,20.0,1.0,25,1,200,0.002,100,10.0,1.0,0,39,0,0.7358490566037735,0.3696307246174201,-0.29848510256901933,-0.8717663320061786,0.024830486319944355,0.0326202875183364,0.03824456780972279,1.6781700686185321,1.2802721521311542,0.31673782169419146,0.6780436824395248,1.0686601444621497,1.0059042573830208,1.0341177331044338,285.63728162342136
1939,11939,11939,11939,07025ed,solver_extremeB_s2,1,1,1,success,48,6.52768452256944,30.87363040327218,8.056707976336874,42,1,30.0,0.45,20.0,1.0,25,1,200,0.002,100,10.0,1.0,0,31,0,0.6458333333333334,0.303126634824394,-0.28998301050506714,-1.683853798220466,0.025580352097085132,0.03426190261664631,0.03668965493805014,1.8138775213084344,0.7837948033066029,0.32565345373158666,0.2131512458717586,1.0089498022840127,1.0235404923220364,1.099853148859665,280.8173953601686
1940,11940,11940,11940,07025ed,solver_extremeB_s2,1,1,1,success,67,21.695557208008584,16.334987711291305,8.997005220982565,60,1,30.0,0.45,20.0,1.0,25,1,200,0.002,100,10.0,1.0,0,41,0,0.6119402985074627,0.3527540906510414,-0.6565341311393947,2.6088042740803,0.021200000793380074,0.037255986962989214,0.07367543012400149,0.8421992798918196,0.9023588434952465,0.37527661134416257,0.5758136259874507,0.9975260670251141,0.9948603744169252,1.1061516162073468,293.5501242872914
1941,11941,11941,11941,07025ed,solver_extremeB_s2,1,1,1,success,67,33.629870797065976,17.1338610797537,13.912786190302686,59,1,30.0,0.45,20.0,1.0,25,1,200,0.002,100,10.0,1.0,0,49,0,0.7313432835820896,0.3878016411742886,-0.5220812807335794,2.005218624142344,0.027124521051622,0.030053363505024126,0.052754100385557404,1.4584145614453536,1.203822656772227,0.37061793807228643,0.3721269535446555,1.038363654164675,1.1016020361199979,1.121484108942631,287.9793371128165
1942,11942,11942,11942,07025ed,solver_extremeB_s2,1,1,1,success,57,17.122943167956272,21.7747207810052,5.849685571556738,53,1,30.0,0.45,20.0,1.0,25,1,200,0.002,100,10.0,1.0,0,47,0,0.8245614035087719,0.35828201970400064,-0.2999106264567171,2.1617909611964157,0.026405179152629694,0.039342515958296166,0.0584807480827143,0.9761473354634324,1.0008004180405892,0.35113913511856515,0.6272179219233459,0.9972435462648341,1.0029043234020592,1.1218463892167594,285.5976923415824
1943,11943,11943,11943,07025ed,solver_extremeB_s2,1,1,1,success,61,28.93060201088531,27.081921403608238,3.4899002502850407,56,1,30.0,0.45,20.0,1.0,25,1,200,0.002,100,10.0,1.0,0,41,0,0.6721311475409836,0.38359309737461844,-0.6411858133351939,-0.17175048359566114,0.023824020187947898,0.03156950363354693,0.06862224231022464,1.1723398176693942,0.7642475293706706,0.3153066648343989,0.5527632524554433,1.069411295885778,1.0206994084082253,1.2113126291850356,291.759860855005
1944,11944,11944,11944,07025ed,solver_extremeB_s2,1,1,1,success,63,29.597149040661698,19.660228027448753,11.549160833674472,57,1,30.0,0.45,20.0,1.0,25,1,200,0.002,100,10.0,1.0,0,47,0,0.746031746031746,0.3692876615578128,-0.6633670919978584,1.3616183726979054,0.020601697515463563,0.032860069176238293,0.07946785207516799,1.9981506987873083,1.3131835381514059,0.3083582488776729,0.47494496055451657,0.9918375538353068,0.9277785237736003,0.9553180648890858,293.34948469917026
1945,11945,11945,11945,07025ed,solver_extremeB_s2,1,1,1,success,58,11.717008864151058,19.628592373445382,6.471389751776471,51,1,30.0,0.45,20.0,1.0,25,1,200,0.002,100,10.0,1.0,0,45,0,0.7758620689655172,0.3666903318216569,-0.5689599888232435,1.3365028726618098,0.024827108012309262,0.03374371323545765,0.11385295282879529,1.7633648011971044,1.0728752438012201,0.38257842828312016,0.3735207853767021,1.02966394073507,1.0858693851618175,0.8483974063204867,291.41340705711207
1946,11946,11946,11946,07025ed,solver_extremeB_s2,1,1,1,success,51,23.35365110070658,11.242793704778709,20.77093168870333,38,1,30.0,0.45,20.0,1.0,25,1,200,0.002,100,10.0,1.0,0,32,0,0.6274509803921569,0.37462347784565575,-0.26155301928638097,2.31714584654703,0.027163790881313567,0.03984924732719573,0.03625793462685835,1.7536182950586827,0.9945587008873351,0.34354147537680557,0.1929555360193956,1.012621980227805,1.0069194216563848,0.9602812972043941,279.64462196683087
1947,11947,11947,11947,07025ed,solver_extremeB_s2,0,1,0,timeout,200,217.6801617122298,nan,nan,-1,1,30.0,0.45,20.0,1.0,25,1,200,0.002,100,10.0,1.0,0,184,0,0.92,0.38603676260213216,-0.1841877321056089,-0.6804968888302088,0.02714984953433068,0.031365408603924574,0.030735676289403845,1.7090272530286599,1.2851404671568982,0.3400899228537628,0.43448020886733035,1.021073733298767,1.0635580354713634,1.1592118717154718,17.852617116115606
1948,11948,11948,11948,07025ed,solver_extremeB_s2,1,1,1,success,65,23.474522342598046,13.137187435844776,14.63681979153396,60,1,30.0,0.45,20.0,1.0,25,1,200,0.002,100,10.0,1.0,0,41,0,0.6307692307692307,0.32399833349179197,-0.691666880990873,-1.0812167008765998,0.02558113997415398,0.03505642053088014,0.05790951701425685,1.9051503853870673,1.388745000455842,0.3735778147176125,0.4205031700990372,0.9453959904800827,0.9277156187043791,1.1812031012201554,290.7815702790563
1949,11949,11949,11949,07025ed,solver_extremeB_s2,1,1,1,success,68,22.47912918523531,19.835720296625798,1.9403562605978877,62,1,30.0,0.45,20.0,1.0,25,1,200,0.002,100,10.0,1.0,0,51,0,0.75,0.3711455779786986,-0.6833707263043185,-3.0494625845024044,0.025437715757854244,0.032298203156151124,0.10917795391822017,1.706411386391414,1.0727466093282432,0.38133687417876994,0.6173474494555103,0.945603650610188,1.005190218534188,1.1241517093130897,294.54469234008354
1950,11950,11950,11950,07025ed,solver_extremeB_s2,1,1,1,success,75,7.925267368628872,24.43553968825414,22.435188467536562,62,1,30.0,0.45,20.0,1.0,25,1,200,0.002,100,10.0,1.0,0,62,0,0.8266666666666667,0.3795511494510008,-0.7065849056806607,3.066481783672347,0.025951389207480146,0.03824115471499283,0.10364578209040798,1.8946500969226188,1.377569938140954,0.3642790821781339,0.6116540665482617,1.0149915521460426,1.0577970646583175,1.1117298891646783,293.83084685337434
1951,11951,11951,11951,07025ed,solver_extremeB_s2,1,1,1,success,72,16.79503295441897,32.68688131093341,18.983043891389443,61,1,30.0,0.45,20.0,1.0,25,1,200,0.002,100,10.0,1.0,0,48,0,0.6666666666666666,0.34362384176308586,-0.6578214885834747,1.6772691337494683,0.022087440943145555,0.034241608952619795,0.09384757414188903,1.5035934050248048,0.6568684105698409,0.36380168838325033,0.5949935145790747,0.9520286371146067,0.9794041633938283,1.05757777224313,293.0566137295011
1952,11952,11952,11952,07025ed,solver_extremeB_s2,1,1,1,success,51,14.572206175956802,15.389069613838,9.878413014979467,45,1,30.0,0.45,20.0,1.0,25,1,200,0.002,100,10.0,1.0,0,32,0,0.6274509803921569,0.3692104381179941,-0.2181102365212355,0.310554444011923,0.023663207316168604,0.037194325361462374,0.07812142144991233,0.9292395327788805,0.7691912060543632,0.3483824322243509,0.2559521848636736,1.0353855138008234,1.0599679840166638,1.0000018336640548,280.3687554994934
1953,11953,11953,11953,07025ed,solver_extremeB_s2,1,1,1,success,50,15.70977311748591,18.172055744159014,11.582061805824624,43,1,30.0,0.45,20.0,1.0,25,1,200,0.002,100,10.0,1.0,0,39,0,0.78,0.36777460869133616,-0.27171947240514444,-2.961826539871213,0.023942046953888137,0.03816841087835007,0.07978327970027238,1.7925369411832792,0.8667641303175377,0.32377550303475566,0.644252412782427,1.041908467424376,0.9995603870696893,0.9843624668945207,282.461010028809
1954,11954,11954,11954,07025ed,solver_extremeB_s2,1,1,1,success,60,42.26248870627255,18.63554651340968,19.67844990286118,54,1,30.0,0.45,20.0,1.0,25,1,200,0.002,100,10.0,1.0,0,46,0,0.7666666666666667,0.3551956027961639,-0.6272147608145283,2.816820414710972,0.02322351116211371,0.03302220515641933,0.10024912648419168,1.5866984185465438,1.230749519356606,0.32130630452069164,0.525219496964796,1.0579366056942174,0.9539452291742722,0.9912303069533481,290.7813016906368
1955,11955,11955,11955,07025ed,solver_extremeB_s2,1,1,1,success,51,17.495279970014128,18.919381341893068,7.966980828064848,47,1,30.0,0.45,20.0,1.0,25,1,200,0.002,100,10.0,1.0,0,33,0,0.6470588235294118,0.32887814433763995,-0.41381055361911984,-1.0178514732970463,0.02352557278962569,0.03407040093480472,0.04714509312751389,1.6044646974318328,1.2158792090983588,0.3751683600231232,0.3187501601477437,1.0010071673541627,0.9568855834270993,0.9640736060983294,285.94890301244504
1956,11956,11956,11956,07025ed,solver_extremeB_s2,1,1,1,success,62,14.781493403782502,13.928797072982494,4.915326365406182,57,1,30.0,0.45,20.0,1.0,25,1,200,0.002,100,10.0,1.0,0,41,0,0.6612903225806451,0.35596490803450104,-0.5689798325693741,-2.7404272117252226,0.026650243325137296,0.03463044732791734,0.09406515526032237,1.4475917772601754,0.8956421915034979,0.35860374526316086,0.5054939786846478,1.0173450795854948,1.0439869660379764,0.9244602970814435,290.42457583248967
1957,11957,11957,11957,07025ed,solver_extremeB_s2,1,1,1,success,64,25.098545604578593,22.35178700525329,4.240179451625365,56,1,30.0,0.45,20.0,1.0,25,1,200,0.002,100,10.0,1.0,0,49,0,0.765625,0.3698589634334384,-0.6594367533446829,-2.908464790747082,0.023781627028041142,0.033281015621233624,0.09012604987241729,1.845209959469759,1.3224997858729797,0.32462528173603195,0.5003993971397975,1.0440308653570747,1.0479473854655486,1.1622225654534186,291.62279465083793
1958,11958,11958,11958,07025ed,solver_extremeB_s2,1,1,1,success,44,27.993447036015745,22.497942066591207,5.92576032886539,39,1,30.0,0.45,20.0,1.0,25,1,200,0.002,100,10.0,1.0,0,36,0,0.8181818181818182,0.3072464211272957,-0.49118754801440434,2.0183687984625536,0.02640770255181708,0.03036668260760595,0.03227379153461934,1.8165860070689672,1.2512282997164466,0.33787080156315125,0.41371771353325104,1.1353176271081442,1.0466123185164462,1.0301935211309006,282.18968907841116
1959,11959,11959,11959,07025ed,solver_extremeB_s2,1,1,1,success,45,3.695542436254295,9.40271092717556,7.0147757225007155,38,1,30.0,0.45,20.0,1.0,25,1,200,0.002,100,10.0,1.0,0,35,0,0.7777777777777778,0.35299029420153755,-0.22987400729125118,1.8414398261587426,0.020857353372674307,0.03781537421871272,0.10625927623245175,1.6090442216575842,0.842566756021368,0.3477644846804557,0.38797806641485194,0.958264889440556,1.0393624046685945,1.0420794864802063,279.31800457065833
1960,11960,11960,11960,07025ed,solver_extremeB_s2,1,1,1,success,67,10.448166152645522,8.498623251167222,3.7617296696961393,61,1,30.0,0.45,20.0,1.0,25,1,200,0.002,100,10.0,1.0,0,42,0,0.6268656716417911,0.316775346999001,-0.5539977234494269,-2.837819602072242,0.02736805745048662,0.037999387085599655,0.05374005569962172,0.8792121272760228,0.7630743991789436,0.35759197933237685,0.5789483475096607,0.9822849027477805,1.155254645016813,0.9859136231076016,290.286552297897
1961,11961,11961,11961,07025ed,solver_extremeB_s2,1,1,1,success,60,27.14419139975816,16.576148619138753,11.193102081755983,54,1,30.0,0.45,20.0,1.0,25,1,200,0.002,100,10.0,1.0,0,49,0,0.8166666666666667,0.33545527222123156,-0.3409250498585267,-3.112329519946139,0.022916109277729715,0.0325012824549094,0.046938570584188474,1.1637351590512262,1.2981631111793845,0.3850708823056102,0.6801489471972716,1.0857294141584466,1.0452071521448243,1.140188397113607,288.1186961208084
1962,11962,11962,11962,07025ed,solver_extremeB_s2,1,1,1,success,62,6.543995667880492,8.714983416815695,3.058960181462298,55,1,30.0,0.45,20.0,1.0,25,1,200,0.002,100,10.0,1.0,0,36,0,0.5806451612903226,0.3146253444490638,-0.4424661167559683,-2.7636631192337644,0.025695478994020915,0.03311705689646517,0.060578055635729086,0.9435039909426508,0.7809289463466195,0.38267074218079855,0.5522275634494355,1.0107811894979741,1.0012872608184638,1.1599442119977497,287.6058059650539
1963,11963,11963,11963,07025ed,solver_extremeB_s2,1,1,1,success,62,9.751665183966852,26.84317203571095,13.063446655229077,55,1,30.0,0.45,20.0,1.0,25,1,200,0.002,100,10.0,1.0,0,48,0,0.7741935483870968,0.31792704881321227,-0.5029837496041014,-0.39811949847243566,0.022452073581254353,0.039616191173966864,0.07718468975637094,1.9912586668884955,0.8828218218842371,0.3858038520036871,0.6338653233403818,0.9583218334783551,1.0500959152951341,1.0531850865661874,288.4770995341751
1964,11964,11964,11964,07025ed,solver_extremeB_s2,1,1,1,success,65,27.711648833475618,20.772011047947856,14.127280230800201,58,1,30.0,0.45,20.0,1.0,25,1,200,0.002,100,10.0,1.0,0,49,0,0.7538461538461538,0.3157658072844802,-0.6165149577429223,2.526901548502111,0.02615464032131787,0.034007122868840785,0.09918286281962804,0.8819603742576895,0.8800570686092464,0.34732523151128436,0.6681194861627361,0.9795478466794901,1.067092999040081,1.054349382790809,289.35487810141086
1965,11965,11965,11965,07025ed,solver_extremeB_s2,1,1,1,success,52,32.466407287305394,33.94072071824826,6.052156129805298,48,1,30.0,0.45,20.0,1.0,25,1,200,0.002,100,10.0,1.0,0,33,0,0.6346153846153846,0.3441449578199566,-0.4134657126470428,2.77726058489326,0.024452911934699485,0.03584028395927972,0.10561354392630902,1.3607413703416529,1.1090838399264298,0.3010805756394592,0.40407422748707955,1.0069331379225612,1.0185442776701235,1.0612374679864867,283.36857869001346
1966,11966,11966,11966,07025ed,solver_extremeB_s2,0,1,0,unsafe,72,51.58251105362039,38.610370897574256,44.81908831581505,45,1,30.0,0.45,20.0,1.0,25,1,200,0.002,100,10.0,1.0,0,56,0,0.7777777777777778,0.348889591960823,-0.3508612894552205,-0.9147036328395015,0.025149659015085736,0.0366906055561121,0.11792164617739744,1.7940159484392215,1.335081700623087,0.33295731352415653,0.284831852756989,1.008266376669112,1.0624176394172171,0.6998890385467844,25.445802497695354
1967,11967,11967,11967,07025ed,solver_extremeB_s2,1,1,1,success,57,24.574875608190823,17.521760528712367,4.724065377526386,51,1,30.0,0.45,20.0,1.0,25,1,200,0.002,100,10.0,1.0,0,40,0,0.7017543859649122,0.32726025635346967,-0.47076028763109434,2.0742383862167504,0.020492694973718653,0.030579093252243766,0.10467410202573611,1.2375627022235642,1.3684883084439403,0.3554575466836771,0.6684465288054496,1.0293111562719557,1.0770462025637761,1.0336584667665671,288.66478841212097
1968,11968,11968,11968,07025ed,solver_extremeB_s2,1,1,1,success,52,16.561944346046896,13.137836541904171,7.520865952756582,47,1,30.0,0.45,20.0,1.0,25,1,200,0.002,100,10.0,1.0,0,37,0,0.7115384615384616,0.3027022194590118,-0.5530760492558536,-0.4770891504846446,0.026157516056834577,0.030867669009379147,0.0640241635303298,1.9498001667097467,1.2363448609571113,0.34043561388151206,0.4001777818613665,1.0393811127842931,1.1235039785713117,1.0589627901436023,290.2657319377556
1969,11969,11969,11969,07025ed,solver_extremeB_s2,1,1,1,success,55,33.4717478662446,25.235425234665474,14.52083745830231,51,1,30.0,0.45,20.0,1.0,25,1,200,0.002,100,10.0,1.0,7,45,0,0.8181818181818182,0.30645656346761624,-0.39329241738826853,-1.3833903234928138,0.022790893411476287,0.03643825726082271,0.0728909135109391,1.5668753477741644,1.2184294639156894,0.3627125629839719,0.4056534357689184,1.0172295956234463,0.9845368612022337,1.0775907955845865,274.5873960971413
1970,11970,11970,11970,07025ed,solver_extremeB_s2,1,1,1,success,64,10.914908771832582,29.378722837073422,19.610525722398954,57,1,30.0,0.45,20.0,1.0,25,1,200,0.002,100,10.0,1.0,0,45,0,0.703125,0.32706553364665997,-0.63608090682334,0.18601676890909458,0.02485858648526543,0.03446211855479259,0.03000002408288048,1.8482231282227881,0.7698052124404529,0.3448989764277756,0.3218648999194812,1.0518541842992981,1.0637559715888172,0.9585463706820263,286.36411258187405
1971,11971,11971,11971,07025ed,solver_extremeB_s2,1,1,1,success,59,33.20413556919074,29.691327089743474,2.7137039007684165,52,1,30.0,0.45,20.0,1.0,25,1,200,0.002,100,10.0,1.0,1,52,0,0.8813559322033898,0.3315650808094088,-0.3705271773451782,-1.6685950290443006,0.021882314398787826,0.035563080241393645,0.04562646335146753,1.0075054486130823,0.661625170735709,0.35100563403732565,0.7107522824185732,1.0131652286922244,1.0300113853876514,1.0475572786065193,282.71175243693074
1972,11972,11972,11972,07025ed,solver_extremeB_s2,1,1,1,success,44,28.704949674404887,33.347019594992645,7.663381772523613,39,1,30.0,0.45,20.0,1.0,25,1,200,0.002,100,10.0,1.0,0,31,0,0.7045454545454546,0.35235599546767027,-0.2641335223438161,-1.3280396708637603,0.027105394583673205,0.03156642729856638,0.11342478287353167,1.624758797710133,1.1568043972511899,0.3001181677576374,0.25611138393605043,1.1393387772621888,1.0128524100004985,0.9289342650825252,277.83683878395675
1973,11973,11973,11973,07025ed,solver_extremeB_s2,1,1,1,success,54,27.562742662277387,20.600669745502266,13.419443833646731,47,1,30.0,0.45,20.0,1.0,25,1,200,0.002,100,10.0,1.0,0,39,0,0.7222222222222222,0.32262196269020404,-0.201052531622403,-1.2744081371784333,0.023133622078010826,0.038447971446973386,0.10294258387476335,1.1304951060065167,1.09768920211488,0.37975215366103027,0.493655424727141,1.0904174198967853,1.0538264903478909,1.220035580853299,280.22957268623986
1974,11974,11974,11974,07025ed,solver_extremeB_s2,1,1,1,success,58,19.112273629861626,18.904801621031623,7.935316662323048,51,1,30.0,0.45,20.0,1.0,25,1,200,0.002,100,10.0,1.0,0,49,0,0.8448275862068966,0.37302473454809787,-0.4827482680673799,-0.6496630617400503,0.022833769566115644,0.037633633837692845,0.11507484658278201,0.8620591796538305,0.7844846769701812,0.3617463136228958,0.4001533402454315,0.9743177136530233,0.9644081037759041,0.9542911473067486,289.10993303094295
1975,11975,11975,11975,07025ed,solver_extremeB_s2,1,1,1,success,64,18.93764975038181,18.65741637823224,8.588686185001933,58,1,30.0,0.45,20.0,1.0,25,1,200,0.002,100,10.0,1.0,0,39,0,0.609375,0.38147196518885024,-0.6166486993378533,0.5432938941400591,0.026105156892430145,0.03582196538544352,0.046818553727664955,1.4999264893398159,1.0983517641377487,0.3837199156382283,0.2708842865701491,1.0569374785553436,0.9390875485510927,0.9829887522831138,290.10582122616216
1976,11976,11976,11976,07025ed,solver_extremeB_s2,1,1,1,success,57,15.290525947905826,25.808537315208156,8.668533029855963,49,1,30.0,0.45,20.0,1.0,25,1,200,0.002,100,10.0,1.0,0,35,0,0.6140350877192983,0.3654740221619419,-0.19318037814071554,-0.7409867050527783,0.026000881337201444,0.03885158630384119,0.10408520768514723,0.9086033259609388,0.8691694117975789,0.3737966661476254,0.31880965372685477,1.093376054369814,1.0438247637369826,0.8144575082183252,278.727644969479
1977,11977,11977,11977,07025ed,solver_extremeB_s2,1,1,1,success,75,28.483212436553018,22.137551448052324,16.91547686405651,65,1,30.0,0.45,20.0,1.0,25,1,200,0.002,100,10.0,1.0,0,55,0,0.7333333333333333,0.34085122014745606,-0.6820470477596449,-3.0731151779049095,0.02754510160661235,0.0366608925970428,0.09234474081608285,1.9847283216406768,0.6764274762183661,0.310452989680562,0.64147664542127,1.0575195882847277,1.0799391022310547,1.1203106811599217,290.5105011809977
1978,11978,11978,11978,07025ed,solver_extremeB_s2,1,1,1,success,49,30.91101599591686,31.17025767829774,4.12717583904158,43,1,30.0,0.45,20.0,1.0,25,1,200,0.002,100,10.0,1.0,0,37,0,0.7551020408163265,0.32976287600482146,-0.1844472601026449,1.6208640943253574,0.023106626565444276,0.030149661877201785,0.032653634067231645,1.9138962364104364,0.6610709943207659,0.3778702740358402,0.5563563805727314,1.1163415379463908,1.0572313163590696,1.1764346430605879,283.70945291817736
1979,11979,11979,11979,07025ed,solver_extremeB_s2,1,1,1,success,53,15.83640941369478,14.775745701941734,8.061023259929902,47,1,30.0,0.45,20.0,1.0,25,1,200,0.002,100,10.0,1.0,0,41,0,0.7735849056603774,0.34113098770796396,-0.5591585289530808,2.318650942974858,0.02186144063845355,0.0399362185532426,0.10614082166634914,1.881777266416785,1.3056289291774168,0.34535010008300826,0.24683185022554244,1.0200260864201947,1.0887791783791132,1.2049104175551504,284.939666431575
1980,11980,11980,11980,07025ed,solver_extremeB_s2,1,1,1,success,64,32.05483896082906,15.7491639656712,4.10196574159523,54,1,30.0,0.45,20.0,1.0,25,1,200,0.002,100,10.0,1.0,0,51,0,0.796875,0.3580750838149472,-0.6709842386753176,-1.2813109942514738,0.02252911718822077,0.03589498902424041,0.0836566150888024,1.994259811128864,1.1344152478050091,0.30540229696521753,0.49653039059072307,1.0077529914053673,1.0328269505012595,0.9773108199344497,288.31219251308755
1981,11981,11981,11981,07025ed,solver_extremeB_s2,1,1,1,success,50,9.089993626823249,14.687571687384617,7.163064196356464,43,1,30.0,0.45,20.0,1.0,25,1,200,0.002,100,10.0,1.0,0,26,0,0.52,0.32106176700072603,-0.36442615151423136,-1.8845500117806473,0.021639808037689567,0.039816102446562855,0.0549881238780305,1.4313404103813352,1.1273740200300273,0.35260548018659094,0.22468113972631396,0.9950755594364956,1.042695016207652,1.3065895726787335,283.7483065019467
1982,11982,11982,11982,07025ed,solver_extremeB_s2,0,1,0,timeout,200,123.19140449549361,nan,nan,-1,1,30.0,0.45,20.0,1.0,25,1,200,0.002,100,10.0,1.0,0,183,0,0.915,0.3406537048470761,-0.19607846036536802,0.7557181369067161,0.025866457735444593,0.030231948889531464,0.10796239337620327,1.486577836982368,1.1384763209534974,0.3201804962425781,0.34377518179326444,1.0472329131127918,1.0199182389468608,1.0414961890992227,16.979069636392882
1983,11983,11983,11983,07025ed,solver_extremeB_s2,0,1,0,timeout,200,149.26499226160615,nan,nan,-1,1,30.0,0.45,20.0,1.0,25,1,200,0.002,100,10.0,1.0,0,188,0,0.94,0.3879112989653763,-0.20419042340762195,0.8265433572125769,0.02064500478803221,0.029998664061553874,0.046329358223223815,1.3693824027583203,1.2096103299462282,0.33889331904144776,0.42433845192509795,0.9830257309349968,1.0076291918954647,0.9039593802472199,19.86727034910134
1984,11984,11984,11984,07025ed,solver_extremeB_s2,1,1,0,success,63,42.344199361374216,33.678656438915525,17.56681552183613,50,1,30.0,0.45,20.0,1.0,25,1,200,0.002,100,10.0,1.0,0,49,0,0.7777777777777778,0.38933632629421816,-0.3740460750170488,0.3165479778496092,0.021578340048570656,0.03469963305203186,0.07151397038047197,1.3823050391306926,0.7622296817827431,0.30904019395697013,0.7214949300492688,1.0276656188770077,0.973245175823106,1.1028862830975776,261.5179842386727
1985,11985,11985,11985,07025ed,solver_extremeB_s2,1,1,1,success,72,24.091646358606212,19.630576804324242,11.60176496931322,54,1,30.0,0.45,20.0,1.0,25,1,200,0.002,100,10.0,1.0,1,61,0,0.8472222222222222,0.32312767955506344,-0.47498797844077734,2.5934805172461486,0.022357043641922474,0.03965372864605254,0.07257880654031632,1.7517576080353399,0.7160670650114613,0.3730059003178442,0.5767830073768285,1.0252007194648016,0.939313982457451,1.009145549599589,285.8833397946697
1986,11986,11986,11986,07025ed,solver_extremeB_s2,1,1,1,success,62,8.333798758052836,24.612725583373336,11.68778041994099,54,1,30.0,0.45,20.0,1.0,25,1,200,0.002,100,10.0,1.0,0,42,0,0.6774193548387096,0.36733418666334067,-0.6597261411436496,1.8659380386083626,0.0237264409755193,0.03703713841913164,0.037966043961417145,1.3345310190828767,1.0658157340228958,0.34995418074462775,0.3953991661893718,1.0143694237304965,0.9285618101087235,1.1094471351179926,290.9124953092841
1987,11987,11987,11987,07025ed,solver_extremeB_s2,1,1,1,success,75,23.67721609907943,35.9235215816903,4.754119687278181,61,1,30.0,0.45,20.0,1.0,25,1,200,0.002,100,10.0,1.0,0,47,0,0.6266666666666667,0.3285853826539679,-0.581135035602054,0.3875116907756948,0.02613272094302599,0.0400705534145678,0.056997584741058864,1.9129147845269636,1.3995460857679598,0.3279927544628724,0.6885332994580519,0.9960124240516951,1.0646553224712787,1.0041620282161454,291.04719210493556
1988,11988,11988,11988,07025ed,solver_extremeB_s2,1,1,1,success,57,11.160371852555434,32.45934966789119,21.843613089108562,49,1,30.0,0.45,20.0,1.0,25,1,200,0.002,100,10.0,1.0,0,41,0,0.7192982456140351,0.3832824322285832,-0.600848544721889,-0.77416732141945,0.020408798749083707,0.03498522076495486,0.067059345965676,1.6041553062684053,1.26324903436161,0.3698354929716047,0.23688726540116056,0.9881345605532446,1.0344245527845455,1.027312319616805,288.79097253986185
1989,11989,11989,11989,07025ed,solver_extremeB_s2,1,1,1,success,56,33.636084893028524,29.87328721450647,5.984839148398276,49,1,30.0,0.45,20.0,1.0,25,1,200,0.002,100,10.0,1.0,0,44,0,0.7857142857142857,0.37513839215047873,-0.4696111703318203,1.823938326360806,0.021551832131860228,0.03655900545752786,0.0838066695395685,0.8308920160148547,1.1176338660534009,0.3393988950118636,0.7056544258366648,0.9356256688190637,0.9995460332583747,1.030041335133605,289.185305112131
1990,11990,11990,11990,07025ed,solver_extremeB_s2,1,1,1,success,51,29.83309361817514,25.856588163871745,4.91007247313295,46,1,30.0,0.45,20.0,1.0,25,1,200,0.002,100,10.0,1.0,0,31,0,0.6078431372549019,0.34654713293004236,-0.42219897737791284,-2.0252077506047534,0.023384313901912042,0.03105796348930251,0.06512236618921347,1.5616708225538478,1.0688976023043744,0.34824679887293036,0.481377985470692,1.0717249628186298,1.0299382339722971,0.8232204751197894,285.7090618304119
1991,11991,11991,11991,07025ed,solver_extremeB_s2,1,1,1,success,53,26.84643434110782,25.88123350035758,10.738726206960488,47,1,30.0,0.45,20.0,1.0,25,1,200,0.002,100,10.0,1.0,0,39,0,0.7358490566037735,0.32483763726434134,-0.5634746169811266,-2.622461400449566,0.026486578678365333,0.03196059667341486,0.046691142030049856,1.0511954365790497,1.358365157182013,0.3892159861822265,0.35405933855390703,1.0628699246353122,0.9994504830409413,1.216453063283666,285.3185483010876
1992,11992,11992,11992,07025ed,solver_extremeB_s2,1,1,1,success,50,19.08282101490513,19.935360847046496,3.5446396684749093,45,1,30.0,0.45,20.0,1.0,25,1,200,0.002,100,10.0,1.0,0,40,0,0.8,0.31497395885246326,-0.365109408777563,1.740989885731877,0.025467435170529795,0.03252786186164968,0.03631248653979594,1.846735506506644,0.6600866903289535,0.30783135171343234,0.5111137997260203,1.0625535511055089,0.9687188965002581,1.0961418235517417,282.92222995970144
1993,11993,11993,11993,07025ed,solver_extremeB_s2,1,1,1,success,59,27.872606829877697,27.347846040991367,9.852873729591971,51,1,30.0,0.45,20.0,1.0,25,1,200,0.002,100,10.0,1.0,0,48,0,0.8135593220338984,0.3698629671450223,-0.3907507730516905,-0.4821300499463739,0.025913810929589807,0.036420717552378155,0.03861565981553438,1.7102312502234411,0.9403108411942648,0.31920320092228893,0.7258708543276919,1.014334687749841,1.0579404376782446,1.1936971782569559,287.76322728831144
1994,11994,11994,11994,07025ed,solver_extremeB_s2,1,1,1,success,46,21.03652079517755,32.012635594244024,4.2974503247565545,40,1,30.0,0.45,20.0,1.0,25,1,200,0.002,100,10.0,1.0,0,31,0,0.6739130434782609,0.3053386489047638,-0.1875008205519112,-0.9545824362039781,0.02697117232218542,0.034028433154541106,0.10400844382767639,1.1513862271830686,0.8455376063351181,0.3170161350042704,0.648863923461869,1.0376217392062947,1.0275883302992483,1.2378640608342415,281.6110620999753
1995,11995,11995,11995,07025ed,solver_extremeB_s2,1,1,1,success,60,11.041724622925981,10.494215266651576,20.769074187824422,54,1,30.0,0.45,20.0,1.0,25,1,200,0.002,100,10.0,1.0,0,43,0,0.7166666666666667,0.36269356461599694,-0.6903928398147452,-0.5415909594768236,0.026025520090420855,0.030882298399062855,0.07144438561995085,1.8461235693623754,1.3594977978092913,0.37681864591132164,0.2154391235603015,1.0152454996313465,1.0257882331066024,0.9929701943517408,292.8006829351936
1996,11996,11996,11996,07025ed,solver_extremeB_s2,1,1,1,success,51,21.791177253080328,30.906576533661966,1.7422832270746307,46,1,30.0,0.45,20.0,1.0,25,1,200,0.002,100,10.0,1.0,0,33,0,0.6470588235294118,0.3366766488353872,-0.6949934303701853,-1.957831936710684,0.024339402085298955,0.0315831986593909,0.0978717088869494,1.5997672194945305,0.9129755374815673,0.3336923263672953,0.25412401519648264,1.1131881747034782,1.0026604296635775,0.8916049291787564,288.90227469277175
1997,11997,11997,11997,07025ed,solver_extremeB_s2,1,1,1,success,61,25.62964267676401,25.35860408996721,5.460143612245207,56,1,30.0,0.45,20.0,1.0,25,1,200,0.002,100,10.0,1.0,0,49,0,0.8032786885245902,0.3598043535839507,-0.5013070702888065,2.6558863254437677,0.025542560386059822,0.03057779872216465,0.0725796454406964,1.5306111648247778,0.6321050983109134,0.3177848609051822,0.5345866021753647,1.0532928149104328,0.9928419689798217,1.0688196226554534,288.98385906236194
1998,11998,11998,11998,07025ed,solver_extremeB_s2,1,1,1,success,50,17.585714398251824,19.03794468554243,5.286408919755795,39,1,30.0,0.45,20.0,1.0,25,1,200,0.002,100,10.0,1.0,0,33,0,0.66,0.3855616063939763,-0.23652081944044145,-2.5781588852933686,0.026858432116673325,0.03795708051175232,0.040680199263309694,1.436769684898835,0.9031203622458714,0.34607582374832585,0.39519642294849744,1.0680393533430512,1.0643888006623174,1.0290840030411257,281.05132054629644
1999,11999,11999,11999,07025ed,solver_extremeB_s2,1,1,1,success,58,22.145247922595225,20.68093660708454,14.456886075375026,51,1,30.0,0.45,20.0,1.0,25,1,200,0.002,100,10.0,1.0,0,44,0,0.7586206896551724,0.3631517335525002,-0.6271387224752321,2.651189925244976,0.026207707150099076,0.032269502322200036,0.11134027970245743,1.2169769048214807,0.9179227662513569,0.3289641656649832,0.24842684668972248,1.0213484390331034,1.0163104073695814,1.052355229387162,289.09084201419523
