episode,seed,dr_seed,noise_seed,git_hash,cell,success_at_default_tol,grasp,lift,termination,steps,place_err_mm,tcp_err_at_release_mm,scatter_mm,release_step,obj_settled,max_step_dist_mm,action_smoothing,control_hz,max_joint_vel,n_substeps,obs_latency_steps,max_episode_steps,solver_timestep,solver_iterations,solver_impratio,solver_solref_scale,collision_steps,safety_clamped,safety_vetoed,clamp_rate,obj_r,obj_th,obj_yaw,obj_half_w,obj_half_h,obj_mass,mu_obj,mu_table,tgt_r,tgt_th,kp_scale_mean,kv_scale_mean,frictionloss_scale_mean,reward
0,40000,40000,900000,6a22834,v2_nested_200x10,1,1,1,success,55,11.62021298407622,27.191020380338,13.930261723196608,49,1,30.0,0.45,20.0,1.0,25,1,200,0.002,100,10.0,1.0,0,48,0,0.8727272727272727,0.35349765751035467,-0.2722630512960694,-0.9304878930515779,0.02326634569866219,0.03812986443568967,0.06414604655551637,0.9731766320460976,0.6980253091098743,0.33667871831289614,0.6206084247632884,1.0887172614243632,0.9851615107313023,1.2324250545236994,282.75184003175195
1,40001,40000,900001,6a22834,v2_nested_200x10,1,1,1,success,56,14.605154639343835,18.13806356586829,4.959897702399296,51,1,30.0,0.45,20.0,1.0,25,1,200,0.002,100,10.0,1.0,0,46,0,0.8214285714285714,0.35349765751035467,-0.2722630512960694,-0.9304878930515779,0.02326634569866219,0.03812986443568967,0.06414604655551637,0.9731766320460976,0.6980253091098743,0.33667871831289614,0.6206084247632884,1.0887172614243632,0.9851615107313023,1.2324250545236994,285.6746083328195
2,40002,40000,900002,6a22834,v2_nested_200x10,1,1,1,success,53,9.25590075452244,19.11560440671808,7.839368769489565,46,1,30.0,0.45,20.0,1.0,25,1,200,0.002,100,10.0,1.0,0,42,0,0.7924528301886793,0.35349765751035467,-0.2722630512960694,-0.9304878930515779,0.02326634569866219,0.03812986443568967,0.06414604655551637,0.9731766320460976,0.6980253091098743,0.33667871831289614,0.6206084247632884,1.0887172614243632,0.9851615107313023,1.2324250545236994,284.3764528966245
3,40003,40000,900003,6a22834,v2_nested_200x10,1,1,1,success,55,4.586521461477707,7.755425643508374,0.9017824149539476,52,1,30.0,0.45,20.0,1.0,25,1,200,0.002,100,10.0,1.0,0,50,0,0.9090909090909091,0.35349765751035467,-0.2722630512960694,-0.9304878930515779,0.02326634569866219,0.03812986443568967,0.06414604655551637,0.9731766320460976,0.6980253091098743,0.33667871831289614,0.6206084247632884,1.0887172614243632,0.9851615107313023,1.2324250545236994,286.02584671443066
4,40004,40000,900004,6a22834,v2_nested_200x10,1,1,1,success,60,9.60503724382906,22.574040284948627,14.68915383871801,47,1,30.0,0.45,20.0,1.0,25,1,200,0.002,100,10.0,1.0,0,50,0,0.8333333333333334,0.35349765751035467,-0.2722630512960694,-0.9304878930515779,0.02326634569866219,0.03812986443568967,0.06414604655551637,0.9731766320460976,0.6980253091098743,0.33667871831289614,0.6206084247632884,1.0887172614243632,0.9851615107313023,1.2324250545236994,284.34193444594393
5,40005,40000,900005,6a22834,v2_nested_200x10,1,1,1,success,64,16.503891230842815,14.978068144919913,8.667816109608705,48,1,30.0,0.45,20.0,1.0,25,1,200,0.002,100,10.0,1.0,0,46,0,0.71875,0.35349765751035467,-0.2722630512960694,-0.9304878930515779,0.02326634569866219,0.03812986443568967,0.06414604655551637,0.9731766320460976,0.6980253091098743,0.33667871831289614,0.6206084247632884,1.0887172614243632,0.9851615107313023,1.2324250545236994,281.1619792198228
6,40006,40000,900006,6a22834,v2_nested_200x10,1,1,1,success,54,11.12565235390969,16.988732461162,12.355577401831203,47,1,30.0,0.45,20.0,1.0,25,1,200,0.002,100,10.0,1.0,0,42,0,0.7777777777777778,0.35349765751035467,-0.2722630512960694,-0.9304878930515779,0.02326634569866219,0.03812986443568967,0.06414604655551637,0.9731766320460976,0.6980253091098743,0.33667871831289614,0.6206084247632884,1.0887172614243632,0.9851615107313023,1.2324250545236994,286.463326564778
7,40007,40000,900007,6a22834,v2_nested_200x10,1,1,1,success,55,5.283431038418533,23.408905405416878,14.217088405692653,48,1,30.0,0.45,20.0,1.0,25,1,200,0.002,100,10.0,1.0,0,44,0,0.8,0.35349765751035467,-0.2722630512960694,-0.9304878930515779,0.02326634569866219,0.03812986443568967,0.06414604655551637,0.9731766320460976,0.6980253091098743,0.33667871831289614,0.6206084247632884,1.0887172614243632,0.9851615107313023,1.2324250545236994,284.7342503806598
8,40008,40000,900008,6a22834,v2_nested_200x10,1,1,1,success,58,10.247100191371278,7.223055243639936,1.033498862036871,53,1,30.0,0.45,20.0,1.0,25,1,200,0.002,100,10.0,1.0,0,47,0,0.8103448275862069,0.35349765751035467,-0.2722630512960694,-0.9304878930515779,0.02326634569866219,0.03812986443568967,0.06414604655551637,0.9731766320460976,0.6980253091098743,0.33667871831289614,0.6206084247632884,1.0887172614243632,0.9851615107313023,1.2324250545236994,283.168160052728
9,40009,40000,900009,6a22834,v2_nested_200x10,1,1,1,success,53,13.654337646838686,17.34521500799619,6.992998394826143,47,1,30.0,0.45,20.0,1.0,25,1,200,0.002,100,10.0,1.0,0,43,0,0.8113207547169812,0.35349765751035467,-0.2722630512960694,-0.9304878930515779,0.02326634569866219,0.03812986443568967,0.06414604655551637,0.9731766320460976,0.6980253091098743,0.33667871831289614,0.6206084247632884,1.0887172614243632,0.9851615107313023,1.2324250545236994,283.12486747273067
10,40010,40001,900000,6a22834,v2_nested_200x10,1,1,1,success,58,8.122530938662862,9.429547363250947,7.501624157539589,53,1,30.0,0.45,20.0,1.0,25,1,200,0.002,100,10.0,1.0,0,38,0,0.6551724137931034,0.30883052594405364,-0.6959284613326289,1.08882711049431,0.027526217739410698,0.030293269710034695,0.11993489364061619,1.94744590001372,0.6938327836132094,0.3076094561023439,0.4275977096079199,0.9835486830405203,1.0705730203277792,1.1243223183700435,284.780017947645
11,40011,40001,900001,6a22834,v2_nested_200x10,1,1,1,success,59,10.600024105646062,22.648447985192497,10.453445718011862,54,1,30.0,0.45,20.0,1.0,25,1,200,0.002,100,10.0,1.0,0,39,0,0.6610169491525424,0.30883052594405364,-0.6959284613326289,1.08882711049431,0.027526217739410698,0.030293269710034695,0.11993489364061619,1.94744590001372,0.6938327836132094,0.3076094561023439,0.4275977096079199,0.9835486830405203,1.0705730203277792,1.1243223183700435,284.8297029088001
12,40012,40001,900002,6a22834,v2_nested_200x10,1,1,1,success,62,16.164352944171927,28.73166160411979,11.0744758735505,53,1,30.0,0.45,20.0,1.0,25,1,200,0.002,100,10.0,1.0,0,38,0,0.6129032258064516,0.30883052594405364,-0.6959284613326289,1.08882711049431,0.027526217739410698,0.030293269710034695,0.11993489364061619,1.94744590001372,0.6938327836132094,0.3076094561023439,0.4275977096079199,0.9835486830405203,1.0705730203277792,1.1243223183700435,284.95988442033575
13,40013,40001,900003,6a22834,v2_nested_200x10,1,1,1,success,63,23.94181367302363,17.283780526515464,12.024836932506973,54,1,30.0,0.45,20.0,1.0,25,1,200,0.002,100,10.0,1.0,0,36,0,0.5714285714285714,0.30883052594405364,-0.6959284613326289,1.08882711049431,0.027526217739410698,0.030293269710034695,0.11993489364061619,1.94744590001372,0.6938327836132094,0.3076094561023439,0.4275977096079199,0.9835486830405203,1.0705730203277792,1.1243223183700435,284.2780542789502
14,40014,40001,900004,6a22834,v2_nested_200x10,0,1,1,timeout,200,8.001334797334495,27.552379790900606,0.0,200,1,30.0,0.45,20.0,1.0,25,1,200,0.002,100,10.0,1.0,0,183,0,0.915,0.30883052594405364,-0.6959284613326289,1.08882711049431,0.027526217739410698,0.030293269710034695,0.11993489364061619,1.94744590001372,0.6938327836132094,0.3076094561023439,0.4275977096079199,0.9835486830405203,1.0705730203277792,1.1243223183700435,75.56599200335884
15,40015,40001,900005,6a22834,v2_nested_200x10,1,1,1,success,63,5.977245231553323,22.548032126919395,13.981487614466804,53,1,30.0,0.45,20.0,1.0,25,1,200,0.002,100,10.0,1.0,0,45,0,0.7142857142857143,0.30883052594405364,-0.6959284613326289,1.08882711049431,0.027526217739410698,0.030293269710034695,0.11993489364061619,1.94744590001372,0.6938327836132094,0.3076094561023439,0.4275977096079199,0.9835486830405203,1.0705730203277792,1.1243223183700435,284.2225166906862
16,40016,40001,900006,6a22834,v2_nested_200x10,1,1,1,success,66,21.520233868898835,19.510563700154506,7.147529963038757,56,1,30.0,0.45,20.0,1.0,25,1,200,0.002,100,10.0,1.0,0,46,0,0.696969696969697,0.30883052594405364,-0.6959284613326289,1.08882711049431,0.027526217739410698,0.030293269710034695,0.11993489364061619,1.94744590001372,0.6938327836132094,0.3076094561023439,0.4275977096079199,0.9835486830405203,1.0705730203277792,1.1243223183700435,287.62346009926466
17,40017,40001,900007,6a22834,v2_nested_200x10,0,1,0,object_lost,157,387.91552882907126,83.69132378181267,416.59176469574044,47,0,30.0,0.45,20.0,1.0,25,1,200,0.002,100,10.0,1.0,0,135,0,0.8598726114649682,0.30883052594405364,-0.6959284613326289,1.08882711049431,0.027526217739410698,0.030293269710034695,0.11993489364061619,1.94744590001372,0.6938327836132094,0.3076094561023439,0.4275977096079199,0.9835486830405203,1.0705730203277792,1.1243223183700435,-168.22996605215664
18,40018,40001,900008,6a22834,v2_nested_200x10,1,1,1,success,74,17.032661994148903,12.078355006886015,0.15592148308448353,71,1,30.0,0.45,20.0,1.0,25,1,200,0.002,100,10.0,1.0,0,56,0,0.7567567567567568,0.30883052594405364,-0.6959284613326289,1.08882711049431,0.027526217739410698,0.030293269710034695,0.11993489364061619,1.94744590001372,0.6938327836132094,0.3076094561023439,0.4275977096079199,0.9835486830405203,1.0705730203277792,1.1243223183700435,285.45337880877526
19,40019,40001,900009,6a22834,v2_nested_200x10,1,1,1,success,61,21.813464046312358,22.70125866488732,6.4571163225884005,54,1,30.0,0.45,20.0,1.0,25,1,200,0.002,100,10.0,1.0,0,43,0,0.7049180327868853,0.30883052594405364,-0.6959284613326289,1.08882711049431,0.027526217739410698,0.030293269710034695,0.11993489364061619,1.94744590001372,0.6938327836132094,0.3076094561023439,0.4275977096079199,0.9835486830405203,1.0705730203277792,1.1243223183700435,289.1613975926574
20,40020,40002,900000,6a22834,v2_nested_200x10,1,1,1,success,74,7.246514360921178,36.09568400039968,3.2939939803978864,68,1,30.0,0.45,20.0,1.0,25,1,200,0.002,100,10.0,1.0,0,53,0,0.7162162162162162,0.3740075160173755,-0.6588726097858458,-2.4220709403373815,0.027341074324047223,0.03234815510350179,0.11868568959093323,1.848688528678054,0.9875550506207176,0.38479367713766877,0.7146609329391796,0.9867137262142526,1.0129055068672808,1.2576540879568519,294.5732096951898
21,40021,40002,900001,6a22834,v2_nested_200x10,1,1,1,success,75,14.93969764866826,29.97110766425627,4.590874522770225,70,1,30.0,0.45,20.0,1.0,25,1,200,0.002,100,10.0,1.0,0,61,0,0.8133333333333334,0.3740075160173755,-0.6588726097858458,-2.4220709403373815,0.027341074324047223,0.03234815510350179,0.11868568959093323,1.848688528678054,0.9875550506207176,0.38479367713766877,0.7146609329391796,0.9867137262142526,1.0129055068672808,1.2576540879568519,296.3410299557097
22,40022,40002,900002,6a22834,v2_nested_200x10,1,1,1,success,73,10.50623878666731,42.64637896215201,25.960982178066555,66,1,30.0,0.45,20.0,1.0,25,1,200,0.002,100,10.0,1.0,0,57,0,0.7808219178082192,0.3740075160173755,-0.6588726097858458,-2.4220709403373815,0.027341074324047223,0.03234815510350179,0.11868568959093323,1.848688528678054,0.9875550506207176,0.38479367713766877,0.7146609329391796,0.9867137262142526,1.0129055068672808,1.2576540879568519,295.036817013694
23,40023,40002,900003,6a22834,v2_nested_200x10,1,1,1,success,73,22.495250077947595,20.535723620437704,12.867699749213367,69,1,30.0,0.45,20.0,1.0,25,1,200,0.002,100,10.0,1.0,0,51,0,0.6986301369863014,0.3740075160173755,-0.6588726097858458,-2.4220709403373815,0.027341074324047223,0.03234815510350179,0.11868568959093323,1.848688528678054,0.9875550506207176,0.38479367713766877,0.7146609329391796,0.9867137262142526,1.0129055068672808,1.2576540879568519,299.65891584601167
24,40024,40002,900004,6a22834,v2_nested_200x10,1,1,1,success,76,23.556977835707904,26.92509848172024,0.2011176355685524,73,1,30.0,0.45,20.0,1.0,25,1,200,0.002,100,10.0,1.0,0,53,0,0.6973684210526315,0.3740075160173755,-0.6588726097858458,-2.4220709403373815,0.027341074324047223,0.03234815510350179,0.11868568959093323,1.848688528678054,0.9875550506207176,0.38479367713766877,0.7146609329391796,0.9867137262142526,1.0129055068672808,1.2576540879568519,294.2798489190744
25,40025,40002,900005,6a22834,v2_nested_200x10,1,1,1,success,75,19.32197357001847,37.72854570800766,0.786727741801622,66,1,30.0,0.45,20.0,1.0,25,1,200,0.002,100,10.0,1.0,0,49,0,0.6533333333333333,0.3740075160173755,-0.6588726097858458,-2.4220709403373815,0.027341074324047223,0.03234815510350179,0.11868568959093323,1.848688528678054,0.9875550506207176,0.38479367713766877,0.7146609329391796,0.9867137262142526,1.0129055068672808,1.2576540879568519,294.78057128203625
26,40026,40002,900006,6a22834,v2_nested_200x10,1,1,1,success,75,19.078087643852,27.18123088737911,6.678750025841435,69,1,30.0,0.45,20.0,1.0,25,1,200,0.002,100,10.0,1.0,0,48,0,0.64,0.3740075160173755,-0.6588726097858458,-2.4220709403373815,0.027341074324047223,0.03234815510350179,0.11868568959093323,1.848688528678054,0.9875550506207176,0.38479367713766877,0.7146609329391796,0.9867137262142526,1.0129055068672808,1.2576540879568519,291.5439018329732
27,40027,40002,900007,6a22834,v2_nested_200x10,1,1,1,success,73,9.067665695553345,25.240076105241446,5.603216279960594,67,1,30.0,0.45,20.0,1.0,25,1,200,0.002,100,10.0,1.0,0,50,0,0.684931506849315,0.3740075160173755,-0.6588726097858458,-2.4220709403373815,0.027341074324047223,0.03234815510350179,0.11868568959093323,1.848688528678054,0.9875550506207176,0.38479367713766877,0.7146609329391796,0.9867137262142526,1.0129055068672808,1.2576540879568519,294.9150549636012
28,40028,40002,900008,6a22834,v2_nested_200x10,1,1,1,success,74,27.387394353258237,27.81764347093675,10.313535627765692,69,1,30.0,0.45,20.0,1.0,25,1,200,0.002,100,10.0,1.0,0,64,0,0.8648648648648649,0.3740075160173755,-0.6588726097858458,-2.4220709403373815,0.027341074324047223,0.03234815510350179,0.11868568959093323,1.848688528678054,0.9875550506207176,0.38479367713766877,0.7146609329391796,0.9867137262142526,1.0129055068672808,1.2576540879568519,294.6799398021351
29,40029,40002,900009,6a22834,v2_nested_200x10,1,1,1,success,73,17.771410528468383,31.147100664162874,16.36724859129163,66,1,30.0,0.45,20.0,1.0,25,1,200,0.002,100,10.0,1.0,0,50,0,0.684931506849315,0.3740075160173755,-0.6588726097858458,-2.4220709403373815,0.027341074324047223,0.03234815510350179,0.11868568959093323,1.848688528678054,0.9875550506207176,0.38479367713766877,0.7146609329391796,0.9867137262142526,1.0129055068672808,1.2576540879568519,297.5291947715728
30,40030,40003,900000,6a22834,v2_nested_200x10,1,1,1,success,72,20.181062097423453,21.499322774409283,5.2865876930216755,59,1,30.0,0.45,20.0,1.0,25,1,200,0.002,100,10.0,1.0,2,54,0,0.75,0.3732782569586468,-0.5213764995223198,-1.304881239295973,0.021165613342974975,0.03958786076558169,0.11796009811325431,1.113412826734157,1.374567829073852,0.38744585318874813,0.6125847702572198,1.0970530372734058,1.0678012820161826,0.7602117832557256,287.8454333127367
31,40031,40003,900001,6a22834,v2_nested_200x10,1,1,1,success,69,17.70871918225041,25.378028553701835,11.548407166670192,60,1,30.0,0.45,20.0,1.0,25,1,200,0.002,100,10.0,1.0,0,45,0,0.6521739130434783,0.3732782569586468,-0.5213764995223198,-1.304881239295973,0.021165613342974975,0.03958786076558169,0.11796009811325431,1.113412826734157,1.374567829073852,0.38744585318874813,0.6125847702572198,1.0970530372734058,1.0678012820161826,0.7602117832557256,289.89352174001186
32,40032,40003,900002,6a22834,v2_nested_200x10,1,1,1,success,65,5.108083925994816,31.741860161826096,21.256613601739957,58,1,30.0,0.45,20.0,1.0,25,1,200,0.002,100,10.0,1.0,0,49,0,0.7538461538461538,0.3732782569586468,-0.5213764995223198,-1.304881239295973,0.021165613342974975,0.03958786076558169,0.11796009811325431,1.113412826734157,1.374567829073852,0.38744585318874813,0.6125847702572198,1.0970530372734058,1.0678012820161826,0.7602117832557256,289.24136316015927
33,40033,40003,900003,6a22834,v2_nested_200x10,1,1,1,success,176,23.13324276083114,36.373671946841704,10.281802523894061,56,1,30.0,0.45,20.0,1.0,25,1,200,0.002,100,10.0,1.0,0,152,0,0.8636363636363636,0.3732782569586468,-0.5213764995223198,-1.304881239295973,0.021165613342974975,0.03958786076558169,0.11796009811325431,1.113412826734157,1.374567829073852,0.38744585318874813,0.6125847702572198,1.0970530372734058,1.0678012820161826,0.7602117832557256,282.2641273615764
34,40034,40003,900004,6a22834,v2_nested_200x10,1,1,1,success,66,13.856972226600167,16.799561058302938,5.389549551497473,58,1,30.0,0.45,20.0,1.0,25,1,200,0.002,100,10.0,1.0,0,42,0,0.6363636363636364,0.3732782569586468,-0.5213764995223198,-1.304881239295973,0.021165613342974975,0.03958786076558169,0.11796009811325431,1.113412826734157,1.374567829073852,0.38744585318874813,0.6125847702572198,1.0970530372734058,1.0678012820161826,0.7602117832557256,288.355456034457
35,40035,40003,900005,6a22834,v2_nested_200x10,1,1,1,success,64,23.189449485078594,21.88078970575776,5.158657549599816,58,1,30.0,0.45,20.0,1.0,25,1,200,0.002,100,10.0,1.0,0,48,0,0.75,0.3732782569586468,-0.5213764995223198,-1.304881239295973,0.021165613342974975,0.03958786076558169,0.11796009811325431,1.113412826734157,1.374567829073852,0.38744585318874813,0.6125847702572198,1.0970530372734058,1.0678012820161826,0.7602117832557256,289.40928947117555
36,40036,40003,900006,6a22834,v2_nested_200x10,1,1,1,success,66,4.73310110649875,29.472995160607358,10.46845792624836,59,1,30.0,0.45,20.0,1.0,25,1,200,0.002,100,10.0,1.0,2,48,0,0.7272727272727273,0.3732782569586468,-0.5213764995223198,-1.304881239295973,0.021165613342974975,0.03958786076558169,0.11796009811325431,1.113412826734157,1.374567829073852,0.38744585318874813,0.6125847702572198,1.0970530372734058,1.0678012820161826,0.7602117832557256,288.9166622391828
37,40037,40003,900007,6a22834,v2_nested_200x10,1,1,1,success,76,7.115925966396015,28.619934358503585,5.2056453520198325,57,1,30.0,0.45,20.0,1.0,25,1,200,0.002,100,10.0,1.0,0,56,0,0.7368421052631579,0.3732782569586468,-0.5213764995223198,-1.304881239295973,0.021165613342974975,0.03958786076558169,0.11796009811325431,1.113412826734157,1.374567829073852,0.38744585318874813,0.6125847702572198,1.0970530372734058,1.0678012820161826,0.7602117832557256,288.70999815902167
38,40038,40003,900008,6a22834,v2_nested_200x10,1,1,1,success,66,22.258246540918453,23.615913366177367,10.298088604347718,58,1,30.0,0.45,20.0,1.0,25,1,200,0.002,100,10.0,1.0,0,50,0,0.7575757575757576,0.3732782569586468,-0.5213764995223198,-1.304881239295973,0.021165613342974975,0.03958786076558169,0.11796009811325431,1.113412826734157,1.374567829073852,0.38744585318874813,0.6125847702572198,1.0970530372734058,1.0678012820161826,0.7602117832557256,288.81575103952434
39,40039,40003,900009,6a22834,v2_nested_200x10,1,1,1,success,69,15.88570016871783,24.56963047036149,5.691300876178234,58,1,30.0,0.45,20.0,1.0,25,1,200,0.002,100,10.0,1.0,0,50,0,0.7246376811594203,0.3732782569586468,-0.5213764995223198,-1.304881239295973,0.021165613342974975,0.03958786076558169,0.11796009811325431,1.113412826734157,1.374567829073852,0.38744585318874813,0.6125847702572198,1.0970530372734058,1.0678012820161826,0.7602117832557256,289.10850282855387
40,40040,40004,900000,6a22834,v2_nested_200x10,1,1,1,success,43,19.183997889094073,12.927364156275743,13.2037104824093,34,1,30.0,0.45,20.0,1.0,25,1,200,0.002,100,10.0,1.0,0,31,0,0.7209302325581395,0.3241320257951421,-0.19857077502072673,1.0107493753121322,0.02214589988810578,0.03563565346647608,0.09240358220408847,1.0778066224846503,1.2506111068195271,0.35015634212904084,0.2372874094740855,1.078725111171824,1.0761482463892345,1.0675362750939457,277.827971295203
41,40041,40004,900001,6a22834,v2_nested_200x10,1,1,1,success,41,16.647621075107907,8.709066490775319,12.51999660001529,34,1,30.0,0.45,20.0,1.0,25,1,200,0.002,100,10.0,1.0,0,30,0,0.7317073170731707,0.3241320257951421,-0.19857077502072673,1.0107493753121322,0.02214589988810578,0.03563565346647608,0.09240358220408847,1.0778066224846503,1.2506111068195271,0.35015634212904084,0.2372874094740855,1.078725111171824,1.0761482463892345,1.0675362750939457,278.35918288407163
42,40042,40004,900002,6a22834,v2_nested_200x10,1,1,1,success,42,24.834640492368784,13.118705408340588,23.143121430257473,33,1,30.0,0.45,20.0,1.0,25,1,200,0.002,100,10.0,1.0,0,32,0,0.7619047619047619,0.3241320257951421,-0.19857077502072673,1.0107493753121322,0.02214589988810578,0.03563565346647608,0.09240358220408847,1.0778066224846503,1.2506111068195271,0.35015634212904084,0.2372874094740855,1.078725111171824,1.0761482463892345,1.0675362750939457,279.17974277794457
43,40043,40004,900003,6a22834,v2_nested_200x10,1,1,1,success,42,5.641315413989792,16.382964670085997,17.51735479541713,33,1,30.0,0.45,20.0,1.0,25,1,200,0.002,100,10.0,1.0,0,29,0,0.6904761904761905,0.3241320257951421,-0.19857077502072673,1.0107493753121322,0.02214589988810578,0.03563565346647608,0.09240358220408847,1.0778066224846503,1.2506111068195271,0.35015634212904084,0.2372874094740855,1.078725111171824,1.0761482463892345,1.0675362750939457,278.74448650816987
44,40044,40004,900004,6a22834,v2_nested_200x10,1,1,1,success,40,12.474375437369213,11.528436598300331,19.420919499039954,34,1,30.0,0.45,20.0,1.0,25,1,200,0.002,100,10.0,1.0,0,28,0,0.7,0.3241320257951421,-0.19857077502072673,1.0107493753121322,0.02214589988810578,0.03563565346647608,0.09240358220408847,1.0778066224846503,1.2506111068195271,0.35015634212904084,0.2372874094740855,1.078725111171824,1.0761482463892345,1.0675362750939457,278.146573030658
45,40045,40004,900005,6a22834,v2_nested_200x10,1,1,1,success,41,12.474398619395432,11.519759944340919,18.490531745832612,33,1,30.0,0.45,20.0,1.0,25,1,200,0.002,100,10.0,1.0,0,31,0,0.7560975609756098,0.3241320257951421,-0.19857077502072673,1.0107493753121322,0.02214589988810578,0.03563565346647608,0.09240358220408847,1.0778066224846503,1.2506111068195271,0.35015634212904084,0.2372874094740855,1.078725111171824,1.0761482463892345,1.0675362750939457,279.0305306740987
46,40046,40004,900006,6a22834,v2_nested_200x10,1,1,1,success,41,16.985475223802805,12.329723826566118,16.651670420355757,33,1,30.0,0.45,20.0,1.0,25,1,200,0.002,100,10.0,1.0,0,36,0,0.8780487804878049,0.3241320257951421,-0.19857077502072673,1.0107493753121322,0.02214589988810578,0.03563565346647608,0.09240358220408847,1.0778066224846503,1.2506111068195271,0.35015634212904084,0.2372874094740855,1.078725111171824,1.0761482463892345,1.0675362750939457,278.6754491609788
47,40047,40004,900007,6a22834,v2_nested_200x10,1,1,1,success,52,14.64642619669264,11.724933798908397,2.4680136399352866,35,1,30.0,0.45,20.0,1.0,25,1,200,0.002,100,10.0,1.0,0,39,0,0.75,0.3241320257951421,-0.19857077502072673,1.0107493753121322,0.02214589988810578,0.03563565346647608,0.09240358220408847,1.0778066224846503,1.2506111068195271,0.35015634212904084,0.2372874094740855,1.078725111171824,1.0761482463892345,1.0675362750939457,274.6384433873069
48,40048,40004,900008,6a22834,v2_nested_200x10,1,1,1,success,41,24.01515248374613,21.937872314257007,3.1609844212855847,37,1,30.0,0.45,20.0,1.0,25,1,200,0.002,100,10.0,1.0,0,28,0,0.6829268292682927,0.3241320257951421,-0.19857077502072673,1.0107493753121322,0.02214589988810578,0.03563565346647608,0.09240358220408847,1.0778066224846503,1.2506111068195271,0.35015634212904084,0.2372874094740855,1.078725111171824,1.0761482463892345,1.0675362750939457,276.4741156377201
49,40049,40004,900009,6a22834,v2_nested_200x10,1,1,1,success,40,22.759644691268885,11.956384199849023,21.1760266952647,33,1,30.0,0.45,20.0,1.0,25,1,200,0.002,100,10.0,1.0,0,33,0,0.825,0.3241320257951421,-0.19857077502072673,1.0107493753121322,0.02214589988810578,0.03563565346647608,0.09240358220408847,1.0778066224846503,1.2506111068195271,0.35015634212904084,0.2372874094740855,1.078725111171824,1.0761482463892345,1.0675362750939457,279.9193678155947
50,40050,40005,900000,6a22834,v2_nested_200x10,1,1,1,success,50,24.869249568985797,28.881207432548546,3.1622690934363558,47,1,30.0,0.45,20.0,1.0,25,1,200,0.002,100,10.0,1.0,0,36,0,0.72,0.3619528488424176,-0.3715289638113064,-1.929578885663265,0.02543687860550043,0.03317472494922088,0.08102280543169826,1.2482471717842318,0.7727317314843066,0.33799167211654224,0.40908396143895276,1.043339424148417,1.034098525418429,1.1005087024333637,284.00284485258834
51,40051,40005,900001,6a22834,v2_nested_200x10,1,1,1,success,54,14.521532491043937,24.55947787059452,8.308233286504361,43,1,30.0,0.45,20.0,1.0,25,1,200,0.002,100,10.0,1.0,0,40,0,0.7407407407407407,0.3619528488424176,-0.3715289638113064,-1.929578885663265,0.02543687860550043,0.03317472494922088,0.08102280543169826,1.2482471717842318,0.7727317314843066,0.33799167211654224,0.40908396143895276,1.043339424148417,1.034098525418429,1.1005087024333637,282.5107875823347
52,40052,40005,900002,6a22834,v2_nested_200x10,1,1,1,success,49,17.006220267311203,14.204073344544675,7.653567903609494,42,1,30.0,0.45,20.0,1.0,25,1,200,0.002,100,10.0,1.0,0,40,0,0.8163265306122449,0.3619528488424176,-0.3715289638113064,-1.929578885663265,0.02543687860550043,0.03317472494922088,0.08102280543169826,1.2482471717842318,0.7727317314843066,0.33799167211654224,0.40908396143895276,1.043339424148417,1.034098525418429,1.1005087024333637,285.2555045157168
53,40053,40005,900003,6a22834,v2_nested_200x10,1,1,1,success,58,24.361261778013233,17.685265757037445,5.93546090131669,47,1,30.0,0.45,20.0,1.0,25,1,200,0.002,100,10.0,1.0,0,49,0,0.8448275862068966,0.3619528488424176,-0.3715289638113064,-1.929578885663265,0.02543687860550043,0.03317472494922088,0.08102280543169826,1.2482471717842318,0.7727317314843066,0.33799167211654224,0.40908396143895276,1.043339424148417,1.034098525418429,1.1005087024333637,277.55407560568807
54,40054,40005,900004,6a22834,v2_nested_200x10,1,1,1,success,51,6.377291559629692,17.386709042302904,9.889362866412341,41,1,30.0,0.45,20.0,1.0,25,1,200,0.002,100,10.0,1.0,0,35,0,0.6862745098039216,0.3619528488424176,-0.3715289638113064,-1.929578885663265,0.02543687860550043,0.03317472494922088,0.08102280543169826,1.2482471717842318,0.7727317314843066,0.33799167211654224,0.40908396143895276,1.043339424148417,1.034098525418429,1.1005087024333637,285.38877076972364
55,40055,40005,900005,6a22834,v2_nested_200x10,1,1,1,success,51,23.811279050636987,23.066893105359945,6.833118381152946,43,1,30.0,0.45,20.0,1.0,25,1,200,0.002,100,10.0,1.0,0,35,0,0.6862745098039216,0.3619528488424176,-0.3715289638113064,-1.929578885663265,0.02543687860550043,0.03317472494922088,0.08102280543169826,1.2482471717842318,0.7727317314843066,0.33799167211654224,0.40908396143895276,1.043339424148417,1.034098525418429,1.1005087024333637,285.1271200375148
56,40056,40005,900006,6a22834,v2_nested_200x10,1,1,1,success,53,25.087986882228858,26.665116860763312,7.528851109027442,41,1,30.0,0.45,20.0,1.0,25,1,200,0.002,100,10.0,1.0,0,36,0,0.6792452830188679,0.3619528488424176,-0.3715289638113064,-1.929578885663265,0.02543687860550043,0.03317472494922088,0.08102280543169826,1.2482471717842318,0.7727317314843066,0.33799167211654224,0.40908396143895276,1.043339424148417,1.034098525418429,1.1005087024333637,279.13059351515324
57,40057,40005,900007,6a22834,v2_nested_200x10,1,1,1,success,51,13.595210588209541,19.385404978506095,7.709003096965515,43,1,30.0,0.45,20.0,1.0,25,1,200,0.002,100,10.0,1.0,0,38,0,0.7450980392156863,0.3619528488424176,-0.3715289638113064,-1.929578885663265,0.02543687860550043,0.03317472494922088,0.08102280543169826,1.2482471717842318,0.7727317314843066,0.33799167211654224,0.40908396143895276,1.043339424148417,1.034098525418429,1.1005087024333637,286.3090701776398
58,40058,40005,900008,6a22834,v2_nested_200x10,1,1,1,success,53,11.12143604003383,12.966687331249553,7.059395682933949,45,1,30.0,0.45,20.0,1.0,25,1,200,0.002,100,10.0,1.0,0,41,0,0.7735849056603774,0.3619528488424176,-0.3715289638113064,-1.929578885663265,0.02543687860550043,0.03317472494922088,0.08102280543169826,1.2482471717842318,0.7727317314843066,0.33799167211654224,0.40908396143895276,1.043339424148417,1.034098525418429,1.1005087024333637,282.89136372982824
59,40059,40005,900009,6a22834,v2_nested_200x10,1,1,1,success,49,12.43622176491228,22.80499098768377,7.855189940839962,40,1,30.0,0.45,20.0,1.0,25,1,200,0.002,100,10.0,1.0,0,37,0,0.7551020408163265,0.3619528488424176,-0.3715289638113064,-1.929578885663265,0.02543687860550043,0.03317472494922088,0.08102280543169826,1.2482471717842318,0.7727317314843066,0.33799167211654224,0.40908396143895276,1.043339424148417,1.034098525418429,1.1005087024333637,283.8600831075834
60,40060,40006,900000,6a22834,v2_nested_200x10,1,1,1,success,56,16.29355251541308,30.755859625821316,7.07820719349054,48,1,30.0,0.45,20.0,1.0,25,1,200,0.002,100,10.0,1.0,0,48,0,0.8571428571428571,0.3634221472560839,-0.5818013171468768,-1.1259273064008024,0.027336531772175016,0.033012390678605515,0.06344525290698994,1.29390311213041,0.7566046871873855,0.36807026044545915,0.2999786766698363,0.9550028370030313,1.021417529496172,1.127709349443866,288.0778586114962
61,40061,40006,900001,6a22834,v2_nested_200x10,1,1,1,success,58,16.035492948138824,19.205048324076852,9.103723819174348,51,1,30.0,0.45,20.0,1.0,25,1,200,0.002,100,10.0,1.0,0,40,0,0.6896551724137931,0.3634221472560839,-0.5818013171468768,-1.1259273064008024,0.027336531772175016,0.033012390678605515,0.06344525290698994,1.29390311213041,0.7566046871873855,0.36807026044545915,0.2999786766698363,0.9550028370030313,1.021417529496172,1.127709349443866,287.14442705217874
62,40062,40006,900002,6a22834,v2_nested_200x10,1,1,1,success,71,12.972020157612338,29.259449900089464,11.72820738779493,65,1,30.0,0.45,20.0,1.0,25,1,200,0.002,100,10.0,1.0,0,55,0,0.7746478873239436,0.3634221472560839,-0.5818013171468768,-1.1259273064008024,0.027336531772175016,0.033012390678605515,0.06344525290698994,1.29390311213041,0.7566046871873855,0.36807026044545915,0.2999786766698363,0.9550028370030313,1.021417529496172,1.127709349443866,291.49551438122853
63,40063,40006,900003,6a22834,v2_nested_200x10,1,1,1,success,58,17.804907157910957,21.419879994950257,0.39483078361001267,54,1,30.0,0.45,20.0,1.0,25,1,200,0.002,100,10.0,1.0,0,44,0,0.7586206896551724,0.3634221472560839,-0.5818013171468768,-1.1259273064008024,0.027336531772175016,0.033012390678605515,0.06344525290698994,1.29390311213041,0.7566046871873855,0.36807026044545915,0.2999786766698363,0.9550028370030313,1.021417529496172,1.127709349443866,288.3222212039845
64,40064,40006,900004,6a22834,v2_nested_200x10,1,1,1,success,58,22.96949602112841,19.567805671897208,11.391374536087682,50,1,30.0,0.45,20.0,1.0,25,1,200,0.002,100,10.0,1.0,0,48,0,0.8275862068965517,0.3634221472560839,-0.5818013171468768,-1.1259273064008024,0.027336531772175016,0.033012390678605515,0.06344525290698994,1.29390311213041,0.7566046871873855,0.36807026044545915,0.2999786766698363,0.9550028370030313,1.021417529496172,1.127709349443866,288.34193094364764
65,40065,40006,900005,6a22834,v2_nested_200x10,1,1,1,success,55,19.915666303357504,21.320814147942226,9.620122932597331,49,1,30.0,0.45,20.0,1.0,25,1,200,0.002,100,10.0,1.0,0,43,0,0.7818181818181819,0.3634221472560839,-0.5818013171468768,-1.1259273064008024,0.027336531772175016,0.033012390678605515,0.06344525290698994,1.29390311213041,0.7566046871873855,0.36807026044545915,0.2999786766698363,0.9550028370030313,1.021417529496172,1.127709349443866,287.6881689683354
66,40066,40006,900006,6a22834,v2_nested_200x10,1,1,1,success,60,7.718206157433561,18.509932931306395,10.033042630539503,51,1,30.0,0.45,20.0,1.0,25,1,200,0.002,100,10.0,1.0,0,47,0,0.7833333333333333,0.3634221472560839,-0.5818013171468768,-1.1259273064008024,0.027336531772175016,0.033012390678605515,0.06344525290698994,1.29390311213041,0.7566046871873855,0.36807026044545915,0.2999786766698363,0.9550028370030313,1.021417529496172,1.127709349443866,289.7858370692019
67,40067,40006,900007,6a22834,v2_nested_200x10,1,1,1,success,57,16.824563350323977,15.063623154919206,0.09722804736220075,54,1,30.0,0.45,20.0,1.0,25,1,200,0.002,100,10.0,1.0,0,37,0,0.6491228070175439,0.3634221472560839,-0.5818013171468768,-1.1259273064008024,0.027336531772175016,0.033012390678605515,0.06344525290698994,1.29390311213041,0.7566046871873855,0.36807026044545915,0.2999786766698363,0.9550028370030313,1.021417529496172,1.127709349443866,286.4378743678552
68,40068,40006,900008,6a22834,v2_nested_200x10,1,1,1,success,55,25.648361298319088,23.29680367893464,7.31190823676221,50,1,30.0,0.45,20.0,1.0,25,1,200,0.002,100,10.0,1.0,0,37,0,0.6727272727272727,0.3634221472560839,-0.5818013171468768,-1.1259273064008024,0.027336531772175016,0.033012390678605515,0.06344525290698994,1.29390311213041,0.7566046871873855,0.36807026044545915,0.2999786766698363,0.9550028370030313,1.021417529496172,1.127709349443866,286.91676088057
69,40069,40006,900009,6a22834,v2_nested_200x10,1,1,1,success,52,15.764713060535763,23.569259807386047,9.60237766348411,48,1,30.0,0.45,20.0,1.0,25,1,200,0.002,100,10.0,1.0,0,42,0,0.8076923076923077,0.3634221472560839,-0.5818013171468768,-1.1259273064008024,0.027336531772175016,0.033012390678605515,0.06344525290698994,1.29390311213041,0.7566046871873855,0.36807026044545915,0.2999786766698363,0.9550028370030313,1.021417529496172,1.127709349443866,287.9710647971137
70,40070,40007,900000,6a22834,v2_nested_200x10,1,1,1,success,60,7.495235016775792,22.19109557800322,2.71657576794499,55,1,30.0,0.45,20.0,1.0,25,1,200,0.002,100,10.0,1.0,0,43,0,0.7166666666666667,0.38857902478951667,-0.4280618225090305,1.4697491220980599,0.02459153695033436,0.03530142876320596,0.09367259199986053,1.5890288316057903,1.1528950017923771,0.3466254126794027,0.5186078747361621,1.0114991348978999,1.0095586096737381,1.1424453168040118,289.04819059860904
71,40071,40007,900001,6a22834,v2_nested_200x10,1,1,1,success,58,12.984479060319842,15.25611945730643,8.81209575069683,52,1,30.0,0.45,20.0,1.0,25,1,200,0.002,100,10.0,1.0,0,36,0,0.6206896551724138,0.38857902478951667,-0.4280618225090305,1.4697491220980599,0.02459153695033436,0.03530142876320596,0.09367259199986053,1.5890288316057903,1.1528950017923771,0.3466254126794027,0.5186078747361621,1.0114991348978999,1.0095586096737381,1.1424453168040118,289.7681874625944
72,40072,40007,900002,6a22834,v2_nested_200x10,1,1,1,success,58,6.233730735124684,17.019562374295738,2.3335460821924,50,1,30.0,0.45,20.0,1.0,25,1,200,0.002,100,10.0,1.0,0,38,0,0.6551724137931034,0.38857902478951667,-0.4280618225090305,1.4697491220980599,0.02459153695033436,0.03530142876320596,0.09367259199986053,1.5890288316057903,1.1528950017923771,0.3466254126794027,0.5186078747361621,1.0114991348978999,1.0095586096737381,1.1424453168040118,288.4535189915114
73,40073,40007,900003,6a22834,v2_nested_200x10,1,1,1,success,59,12.64548464817462,17.54306354093751,4.043387037908446,52,1,30.0,0.45,20.0,1.0,25,1,200,0.002,100,10.0,1.0,0,41,0,0.6949152542372882,0.38857902478951667,-0.4280618225090305,1.4697491220980599,0.02459153695033436,0.03530142876320596,0.09367259199986053,1.5890288316057903,1.1528950017923771,0.3466254126794027,0.5186078747361621,1.0114991348978999,1.0095586096737381,1.1424453168040118,288.2957841904851
74,40074,40007,900004,6a22834,v2_nested_200x10,1,1,1,success,58,25.63738611768425,24.044111409191917,6.142860549944379,52,1,30.0,0.45,20.0,1.0,25,1,200,0.002,100,10.0,1.0,0,37,0,0.6379310344827587,0.38857902478951667,-0.4280618225090305,1.4697491220980599,0.02459153695033436,0.03530142876320596,0.09367259199986053,1.5890288316057903,1.1528950017923771,0.3466254126794027,0.5186078747361621,1.0114991348978999,1.0095586096737381,1.1424453168040118,288.22388658650254
75,40075,40007,900005,6a22834,v2_nested_200x10,1,1,1,success,59,18.216552678949316,15.898094578678204,6.103253863474601,51,1,30.0,0.45,20.0,1.0,25,1,200,0.002,100,10.0,1.0,0,41,0,0.6949152542372882,0.38857902478951667,-0.4280618225090305,1.4697491220980599,0.02459153695033436,0.03530142876320596,0.09367259199986053,1.5890288316057903,1.1528950017923771,0.3466254126794027,0.5186078747361621,1.0114991348978999,1.0095586096737381,1.1424453168040118,288.18582570365663
76,40076,40007,900006,6a22834,v2_nested_200x10,1,1,1,success,60,13.28305765580344,15.65711034044762,7.5771989627163,54,1,30.0,0.45,20.0,1.0,25,1,200,0.002,100,10.0,1.0,0,39,0,0.65,0.38857902478951667,-0.4280618225090305,1.4697491220980599,0.02459153695033436,0.03530142876320596,0.09367259199986053,1.5890288316057903,1.1528950017923771,0.3466254126794027,0.5186078747361621,1.0114991348978999,1.0095586096737381,1.1424453168040118,287.66978350801656
77,40077,40007,900007,6a22834,v2_nested_200x10,1,1,1,success,58,4.969360184427765,22.965898875598285,5.073222350617306,53,1,30.0,0.45,20.0,1.0,25,1,200,0.002,100,10.0,1.0,0,45,0,0.7758620689655172,0.38857902478951667,-0.4280618225090305,1.4697491220980599,0.02459153695033436,0.03530142876320596,0.09367259199986053,1.5890288316057903,1.1528950017923771,0.3466254126794027,0.5186078747361621,1.0114991348978999,1.0095586096737381,1.1424453168040118,286.52396953339894
78,40078,40007,900008,6a22834,v2_nested_200x10,1,1,1,success,60,20.88701307198707,24.235396147126608,0.5241041260319318,56,1,30.0,0.45,20.0,1.0,25,1,200,0.002,100,10.0,1.0,0,46,0,0.7666666666666667,0.38857902478951667,-0.4280618225090305,1.4697491220980599,0.02459153695033436,0.03530142876320596,0.09367259199986053,1.5890288316057903,1.1528950017923771,0.3466254126794027,0.5186078747361621,1.0114991348978999,1.0095586096737381,1.1424453168040118,287.99598346577653
79,40079,40007,900009,6a22834,v2_nested_200x10,1,1,1,success,59,22.843867152441753,22.763266291562953,11.666143105659016,51,1,30.0,0.45,20.0,1.0,25,1,200,0.002,100,10.0,1.0,0,42,0,0.711864406779661,0.38857902478951667,-0.4280618225090305,1.4697491220980599,0.02459153695033436,0.03530142876320596,0.09367259199986053,1.5890288316057903,1.1528950017923771,0.3466254126794027,0.5186078747361621,1.0114991348978999,1.0095586096737381,1.1424453168040118,288.95305091052705
80,40080,40008,900000,6a22834,v2_nested_200x10,1,1,1,success,61,7.612221071424378,16.034056260650967,17.978385315093544,52,1,30.0,0.45,20.0,1.0,25,1,200,0.002,100,10.0,1.0,0,48,0,0.7868852459016393,0.3693119322870859,-0.5225514071144709,-2.985554205909998,0.020663233517947282,0.031184638570453973,0.06060173240486255,0.9041708957859197,1.3330144471200378,0.37357704845780004,0.33423335830997863,1.076278488459892,0.9527137351455947,1.2860683054403055,289.8035683318142
81,40081,40008,900001,6a22834,v2_nested_200x10,1,1,1,success,58,9.745442042591096,13.582273634051377,4.656996974330291,53,1,30.0,0.45,20.0,1.0,25,1,200,0.002,100,10.0,1.0,0,45,0,0.7758620689655172,0.3693119322870859,-0.5225514071144709,-2.985554205909998,0.020663233517947282,0.031184638570453973,0.06060173240486255,0.9041708957859197,1.3330144471200378,0.37357704845780004,0.33423335830997863,1.076278488459892,0.9527137351455947,1.2860683054403055,289.34848977279495
82,40082,40008,900002,6a22834,v2_nested_200x10,1,1,1,success,67,15.110099345316915,28.930282902971076,20.10307218301214,50,1,30.0,0.45,20.0,1.0,25,1,200,0.002,100,10.0,1.0,0,55,0,0.8208955223880597,0.3693119322870859,-0.5225514071144709,-2.985554205909998,0.020663233517947282,0.031184638570453973,0.06060173240486255,0.9041708957859197,1.3330144471200378,0.37357704845780004,0.33423335830997863,1.076278488459892,0.9527137351455947,1.2860683054403055,290.0657833868776
83,40083,40008,900003,6a22834,v2_nested_200x10,1,1,1,success,57,13.319738119122112,24.738741693963053,7.411046172831225,51,1,30.0,0.45,20.0,1.0,25,1,200,0.002,100,10.0,1.0,0,43,0,0.7543859649122807,0.3693119322870859,-0.5225514071144709,-2.985554205909998,0.020663233517947282,0.031184638570453973,0.06060173240486255,0.9041708957859197,1.3330144471200378,0.37357704845780004,0.33423335830997863,1.076278488459892,0.9527137351455947,1.2860683054403055,290.0539995991844
84,40084,40008,900004,6a22834,v2_nested_200x10,1,1,1,success,60,25.274807839314953,26.88339987545852,5.461261236705145,51,1,30.0,0.45,20.0,1.0,25,1,200,0.002,100,10.0,1.0,0,50,0,0.8333333333333334,0.3693119322870859,-0.5225514071144709,-2.985554205909998,0.020663233517947282,0.031184638570453973,0.06060173240486255,0.9041708957859197,1.3330144471200378,0.37357704845780004,0.33423335830997863,1.076278488459892,0.9527137351455947,1.2860683054403055,287.27109140895425
85,40085,40008,900005,6a22834,v2_nested_200x10,1,1,1,success,59,17.11614708200275,25.05892641464422,6.928920645373679,50,1,30.0,0.45,20.0,1.0,25,1,200,0.002,100,10.0,1.0,0,41,0,0.6949152542372882,0.3693119322870859,-0.5225514071144709,-2.985554205909998,0.020663233517947282,0.031184638570453973,0.06060173240486255,0.9041708957859197,1.3330144471200378,0.37357704845780004,0.33423335830997863,1.076278488459892,0.9527137351455947,1.2860683054403055,288.2294513288399
86,40086,40008,900006,6a22834,v2_nested_200x10,1,1,1,success,60,12.343070778134535,23.279437273276457,9.222975387115069,50,1,30.0,0.45,20.0,1.0,25,1,200,0.002,100,10.0,1.0,0,46,0,0.7666666666666667,0.3693119322870859,-0.5225514071144709,-2.985554205909998,0.020663233517947282,0.031184638570453973,0.06060173240486255,0.9041708957859197,1.3330144471200378,0.37357704845780004,0.33423335830997863,1.076278488459892,0.9527137351455947,1.2860683054403055,289.1527642288638
87,40087,40008,900007,6a22834,v2_nested_200x10,1,1,1,success,60,4.5088719046306895,20.833538252497444,6.477229685833737,52,1,30.0,0.45,20.0,1.0,25,1,200,0.002,100,10.0,1.0,0,44,0,0.7333333333333333,0.3693119322870859,-0.5225514071144709,-2.985554205909998,0.020663233517947282,0.031184638570453973,0.06060173240486255,0.9041708957859197,1.3330144471200378,0.37357704845780004,0.33423335830997863,1.076278488459892,0.9527137351455947,1.2860683054403055,290.60183161410555
88,40088,40008,900008,6a22834,v2_nested_200x10,1,1,1,success,60,18.72131805663238,17.61691399164092,3.3463229016751708,52,1,30.0,0.45,20.0,1.0,25,1,200,0.002,100,10.0,1.0,0,46,0,0.7666666666666667,0.3693119322870859,-0.5225514071144709,-2.985554205909998,0.020663233517947282,0.031184638570453973,0.06060173240486255,0.9041708957859197,1.3330144471200378,0.37357704845780004,0.33423335830997863,1.076278488459892,0.9527137351455947,1.2860683054403055,287.0835068561301
89,40089,40008,900009,6a22834,v2_nested_200x10,1,1,1,success,58,11.686532665263618,21.217092442684148,2.3907903886953172,52,1,30.0,0.45,20.0,1.0,25,1,200,0.002,100,10.0,1.0,0,44,0,0.7586206896551724,0.3693119322870859,-0.5225514071144709,-2.985554205909998,0.020663233517947282,0.031184638570453973,0.06060173240486255,0.9041708957859197,1.3330144471200378,0.37357704845780004,0.33423335830997863,1.076278488459892,0.9527137351455947,1.2860683054403055,289.76079262491567
90,40090,40009,900000,6a22834,v2_nested_200x10,1,1,1,success,51,27.736949443697753,0.6050881929484788,10.233905030014663,45,1,30.0,0.45,20.0,1.0,25,1,200,0.002,100,10.0,1.0,0,37,0,0.7254901960784313,0.3569299273144934,-0.21867853882034538,0.3494296201631113,0.022618763314575355,0.02984531514424182,0.08598648997349267,1.366207475936331,0.8500875888019516,0.3130771392569804,0.2455695858117137,1.0971420463971764,1.0275533904087428,1.0340141577730355,275.37314090771866
91,40091,40009,900001,6a22834,v2_nested_200x10,1,1,1,success,50,17.687677499840497,19.765214579188566,12.699635102396222,43,1,30.0,0.45,20.0,1.0,25,1,200,0.002,100,10.0,1.0,0,37,0,0.74,0.3569299273144934,-0.21867853882034538,0.3494296201631113,0.022618763314575355,0.02984531514424182,0.08598648997349267,1.366207475936331,0.8500875888019516,0.3130771392569804,0.2455695858117137,1.0971420463971764,1.0275533904087428,1.0340141577730355,276.4280128075802
92,40092,40009,900002,6a22834,v2_nested_200x10,1,1,1,success,45,16.0597080840717,5.426179167724284,14.816641164600703,40,1,30.0,0.45,20.0,1.0,25,1,200,0.002,100,10.0,1.0,0,31,0,0.6888888888888889,0.3569299273144934,-0.21867853882034538,0.3494296201631113,0.022618763314575355,0.02984531514424182,0.08598648997349267,1.366207475936331,0.8500875888019516,0.3130771392569804,0.2455695858117137,1.0971420463971764,1.0275533904087428,1.0340141577730355,279.056448776597
93,40093,40009,900003,6a22834,v2_nested_200x10,1,1,1,success,45,17.431155554552472,6.154289049299314,10.460797956029959,38,1,30.0,0.45,20.0,1.0,25,1,200,0.002,100,10.0,1.0,0,35,0,0.7777777777777778,0.3569299273144934,-0.21867853882034538,0.3494296201631113,0.022618763314575355,0.02984531514424182,0.08598648997349267,1.366207475936331,0.8500875888019516,0.3130771392569804,0.2455695858117137,1.0971420463971764,1.0275533904087428,1.0340141577730355,277.4287973304895
94,40094,40009,900004,6a22834,v2_nested_200x10,1,1,1,success,45,18.03251000887036,9.597005802891939,8.796099136621041,39,1,30.0,0.45,20.0,1.0,25,1,200,0.002,100,10.0,1.0,0,36,0,0.8,0.3569299273144934,-0.21867853882034538,0.3494296201631113,0.022618763314575355,0.02984531514424182,0.08598648997349267,1.366207475936331,0.8500875888019516,0.3130771392569804,0.2455695858117137,1.0971420463971764,1.0275533904087428,1.0340141577730355,278.83786420928664
95,40095,40009,900005,6a22834,v2_nested_200x10,1,1,1,success,43,11.38757203415575,10.036011213240377,20.774496367995024,37,1,30.0,0.45,20.0,1.0,25,1,200,0.002,100,10.0,1.0,0,30,0,0.6976744186046512,0.3569299273144934,-0.21867853882034538,0.3494296201631113,0.022618763314575355,0.02984531514424182,0.08598648997349267,1.366207475936331,0.8500875888019516,0.3130771392569804,0.2455695858117137,1.0971420463971764,1.0275533904087428,1.0340141577730355,280.1219762652487
96,40096,40009,900006,6a22834,v2_nested_200x10,1,1,1,success,60,29.922055886435338,26.713471344878855,0.741772329146082,57,1,30.0,0.45,20.0,1.0,25,1,200,0.002,100,10.0,1.0,0,39,0,0.65,0.3569299273144934,-0.21867853882034538,0.3494296201631113,0.022618763314575355,0.02984531514424182,0.08598648997349267,1.366207475936331,0.8500875888019516,0.3130771392569804,0.2455695858117137,1.0971420463971764,1.0275533904087428,1.0340141577730355,278.27346579720177
97,40097,40009,900007,6a22834,v2_nested_200x10,0,1,0,timeout,200,213.80120819601447,nan,nan,-1,1,30.0,0.45,20.0,1.0,25,1,200,0.002,100,10.0,1.0,0,185,0,0.925,0.3569299273144934,-0.21867853882034538,0.3494296201631113,0.022618763314575355,0.02984531514424182,0.08598648997349267,1.366207475936331,0.8500875888019516,0.3130771392569804,0.2455695858117137,1.0971420463971764,1.0275533904087428,1.0340141577730355,-11.635746293119269
98,40098,40009,900008,6a22834,v2_nested_200x10,1,1,1,success,46,11.233021457541609,10.762574317604257,9.539437351054294,39,1,30.0,0.45,20.0,1.0,25,1,200,0.002,100,10.0,1.0,0,34,0,0.7391304347826086,0.3569299273144934,-0.21867853882034538,0.3494296201631113,0.022618763314575355,0.02984531514424182,0.08598648997349267,1.366207475936331,0.8500875888019516,0.3130771392569804,0.2455695858117137,1.0971420463971764,1.0275533904087428,1.0340141577730355,277.92531754039396
99,40099,40009,900009,6a22834,v2_nested_200x10,1,1,1,success,46,24.121905533603623,15.80555506754381,9.866178781642025,41,1,30.0,0.45,20.0,1.0,25,1,200,0.002,100,10.0,1.0,0,35,0,0.7608695652173914,0.3569299273144934,-0.21867853882034538,0.3494296201631113,0.022618763314575355,0.02984531514424182,0.08598648997349267,1.366207475936331,0.8500875888019516,0.3130771392569804,0.2455695858117137,1.0971420463971764,1.0275533904087428,1.0340141577730355,279.04672276739774
100,40100,40010,900000,6a22834,v2_nested_200x10,1,1,1,success,70,17.029365938908594,33.92851678979463,12.352275439911265,59,1,30.0,0.45,20.0,1.0,25,1,200,0.002,100,10.0,1.0,0,55,0,0.7857142857142857,0.3253344787833207,-0.7257487857339758,0.21745929489368132,0.026167405788589893,0.03281066423475829,0.11253841370230726,1.2455814524345783,1.2826703259758956,0.34762533382058053,0.5754240531052114,0.9728147466236577,0.9404606284064434,1.1087794786850536,289.9548984839814
101,40101,40010,900001,6a22834,v2_nested_200x10,1,1,1,success,69,20.314057273460822,18.78015253799153,3.4473267436428903,64,1,30.0,0.45,20.0,1.0,25,1,200,0.002,100,10.0,1.0,0,52,0,0.7536231884057971,0.3253344787833207,-0.7257487857339758,0.21745929489368132,0.026167405788589893,0.03281066423475829,0.11253841370230726,1.2455814524345783,1.2826703259758956,0.34762533382058053,0.5754240531052114,0.9728147466236577,0.9404606284064434,1.1087794786850536,291.510628677713
102,40102,40010,900002,6a22834,v2_nested_200x10,1,1,1,success,70,14.849400705892343,14.103294196528022,1.9005714276996093,63,1,30.0,0.45,20.0,1.0,25,1,200,0.002,100,10.0,1.0,0,54,0,0.7714285714285715,0.3253344787833207,-0.7257487857339758,0.21745929489368132,0.026167405788589893,0.03281066423475829,0.11253841370230726,1.2455814524345783,1.2826703259758956,0.34762533382058053,0.5754240531052114,0.9728147466236577,0.9404606284064434,1.1087794786850536,292.52559074320084
103,40103,40010,900003,6a22834,v2_nested_200x10,1,1,1,success,106,17.553521942812083,20.870581149454377,3.663542473932921,62,1,30.0,0.45,20.0,1.0,25,1,200,0.002,100,10.0,1.0,0,84,0,0.7924528301886793,0.3253344787833207,-0.7257487857339758,0.21745929489368132,0.026167405788589893,0.03281066423475829,0.11253841370230726,1.2455814524345783,1.2826703259758956,0.34762533382058053,0.5754240531052114,0.9728147466236577,0.9404606284064434,1.1087794786850536,287.2404293686354
104,40104,40010,900004,6a22834,v2_nested_200x10,1,1,1,success,68,19.648631181538835,16.358029509256394,3.7046094706663397,64,1,30.0,0.45,20.0,1.0,25,1,200,0.002,100,10.0,1.0,0,53,0,0.7794117647058824,0.3253344787833207,-0.7257487857339758,0.21745929489368132,0.026167405788589893,0.03281066423475829,0.11253841370230726,1.2455814524345783,1.2826703259758956,0.34762533382058053,0.5754240531052114,0.9728147466236577,0.9404606284064434,1.1087794786850536,291.7044884088567
105,40105,40010,900005,6a22834,v2_nested_200x10,1,1,1,success,65,19.346640818569533,26.588264795300734,9.464623880090986,60,1,30.0,0.45,20.0,1.0,25,1,200,0.002,100,10.0,1.0,0,52,0,0.8,0.3253344787833207,-0.7257487857339758,0.21745929489368132,0.026167405788589893,0.03281066423475829,0.11253841370230726,1.2455814524345783,1.2826703259758956,0.34762533382058053,0.5754240531052114,0.9728147466236577,0.9404606284064434,1.1087794786850536,291.1507210235352
106,40106,40010,900006,6a22834,v2_nested_200x10,1,1,1,success,69,12.661093245717465,16.746855707520304,5.028408464992435,63,1,30.0,0.45,20.0,1.0,25,1,200,0.002,100,10.0,1.0,0,51,0,0.7391304347826086,0.3253344787833207,-0.7257487857339758,0.21745929489368132,0.026167405788589893,0.03281066423475829,0.11253841370230726,1.2455814524345783,1.2826703259758956,0.34762533382058053,0.5754240531052114,0.9728147466236577,0.9404606284064434,1.1087794786850536,291.4571284642821
107,40107,40010,900007,6a22834,v2_nested_200x10,1,1,1,success,66,15.273739086910243,18.065796808192523,3.0639484004261632,61,1,30.0,0.45,20.0,1.0,25,1,200,0.002,100,10.0,1.0,0,52,0,0.7878787878787878,0.3253344787833207,-0.7257487857339758,0.21745929489368132,0.026167405788589893,0.03281066423475829,0.11253841370230726,1.2455814524345783,1.2826703259758956,0.34762533382058053,0.5754240531052114,0.9728147466236577,0.9404606284064434,1.1087794786850536,292.1139301103552
108,40108,40010,900008,6a22834,v2_nested_200x10,1,1,1,success,75,21.886068965160142,15.540103329701083,22.621124902297055,70,1,30.0,0.45,20.0,1.0,25,1,200,0.002,100,10.0,1.0,0,57,0,0.76,0.3253344787833207,-0.7257487857339758,0.21745929489368132,0.026167405788589893,0.03281066423475829,0.11253841370230726,1.2455814524345783,1.2826703259758956,0.34762533382058053,0.5754240531052114,0.9728147466236577,0.9404606284064434,1.1087794786850536,292.64808140167395
109,40109,40010,900009,6a22834,v2_nested_200x10,1,1,1,success,70,2.818197487422328,15.802846778311164,12.81346478027397,63,1,30.0,0.45,20.0,1.0,25,1,200,0.002,100,10.0,1.0,0,50,0,0.7142857142857143,0.3253344787833207,-0.7257487857339758,0.21745929489368132,0.026167405788589893,0.03281066423475829,0.11253841370230726,1.2455814524345783,1.2826703259758956,0.34762533382058053,0.5754240531052114,0.9728147466236577,0.9404606284064434,1.1087794786850536,292.27349438802685
110,40110,40011,900000,6a22834,v2_nested_200x10,1,1,1,success,57,24.384823769766037,14.055386175675713,14.63319757822859,50,1,30.0,0.45,20.0,1.0,25,1,200,0.002,100,10.0,1.0,0,39,0,0.6842105263157895,0.32039294307768185,-0.6343246052304324,-2.7570621810506277,0.027467012579015692,0.031155548832019566,0.09058325240199562,1.920207945286063,0.6504502509483073,0.3251016716165078,0.21796214388389146,0.9349699659918173,1.080554687413605,0.9590929372677236,284.99226499024417
111,40111,40011,900001,6a22834,v2_nested_200x10,1,1,1,success,62,12.202396865244614,19.42376862595502,13.8211583367494,54,1,30.0,0.45,20.0,1.0,25,1,200,0.002,100,10.0,1.0,0,45,0,0.7258064516129032,0.32039294307768185,-0.6343246052304324,-2.7570621810506277,0.027467012579015692,0.031155548832019566,0.09058325240199562,1.920207945286063,0.6504502509483073,0.3251016716165078,0.21796214388389146,0.9349699659918173,1.080554687413605,0.9590929372677236,286.12382743628496
112,40112,40011,900002,6a22834,v2_nested_200x10,1,1,1,success,97,26.46356015663566,19.751730685289992,4.572830545994613,50,1,30.0,0.45,20.0,1.0,25,1,200,0.002,100,10.0,1.0,0,82,0,0.845360824742268,0.32039294307768185,-0.6343246052304324,-2.7570621810506277,0.027467012579015692,0.031155548832019566,0.09058325240199562,1.920207945286063,0.6504502509483073,0.3251016716165078,0.21796214388389146,0.9349699659918173,1.080554687413605,0.9590929372677236,279.4559690173468
113,40113,40011,900003,6a22834,v2_nested_200x10,1,1,1,success,60,26.287796359990057,14.718987477566948,3.1793830376353514,51,1,30.0,0.45,20.0,1.0,25,1,200,0.002,100,10.0,1.0,0,44,0,0.7333333333333333,0.32039294307768185,-0.6343246052304324,-2.7570621810506277,0.027467012579015692,0.031155548832019566,0.09058325240199562,1.920207945286063,0.6504502509483073,0.3251016716165078,0.21796214388389146,0.9349699659918173,1.080554687413605,0.9590929372677236,284.03622855170147
114,40114,40011,900004,6a22834,v2_nested_200x10,1,1,1,success,61,29.794963509984367,16.658069479767548,1.5574257285547333,56,1,30.0,0.45,20.0,1.0,25,1,200,0.002,100,10.0,1.0,0,44,0,0.7213114754098361,0.32039294307768185,-0.6343246052304324,-2.7570621810506277,0.027467012579015692,0.031155548832019566,0.09058325240199562,1.920207945286063,0.6504502509483073,0.3251016716165078,0.21796214388389146,0.9349699659918173,1.080554687413605,0.9590929372677236,286.0034749153678
115,40115,40011,900005,6a22834,v2_nested_200x10,1,1,1,success,58,5.243374447152848,15.912083449122541,2.866119782079374,54,1,30.0,0.45,20.0,1.0,25,1,200,0.002,100,10.0,1.0,0,40,0,0.6896551724137931,0.32039294307768185,-0.6343246052304324,-2.7570621810506277,0.027467012579015692,0.031155548832019566,0.09058325240199562,1.920207945286063,0.6504502509483073,0.3251016716165078,0.21796214388389146,0.9349699659918173,1.080554687413605,0.9590929372677236,284.38797511559017
116,40116,40011,900006,6a22834,v2_nested_200x10,1,1,1,success,59,6.569893391740279,6.729941360946891,1.4696085723707073,53,1,30.0,0.45,20.0,1.0,25,1,200,0.002,100,10.0,1.0,0,42,0,0.711864406779661,0.32039294307768185,-0.6343246052304324,-2.7570621810506277,0.027467012579015692,0.031155548832019566,0.09058325240199562,1.920207945286063,0.6504502509483073,0.3251016716165078,0.21796214388389146,0.9349699659918173,1.080554687413605,0.9590929372677236,285.21682600906433
117,40117,40011,900007,6a22834,v2_nested_200x10,0,1,0,timeout,200,219.75761930404843,nan,nan,-1,1,30.0,0.45,20.0,1.0,25,1,200,0.002,100,10.0,1.0,0,172,0,0.86,0.32039294307768185,-0.6343246052304324,-2.7570621810506277,0.027467012579015692,0.031155548832019566,0.09058325240199562,1.920207945286063,0.6504502509483073,0.3251016716165078,0.21796214388389146,0.9349699659918173,1.080554687413605,0.9590929372677236,-7.835292376469284
118,40118,40011,900008,6a22834,v2_nested_200x10,1,1,1,success,59,14.379370456516442,9.966765485842693,0.07638705729489949,56,1,30.0,0.45,20.0,1.0,25,1,200,0.002,100,10.0,1.0,0,47,0,0.7966101694915254,0.32039294307768185,-0.6343246052304324,-2.7570621810506277,0.027467012579015692,0.031155548832019566,0.09058325240199562,1.920207945286063,0.6504502509483073,0.3251016716165078,0.21796214388389146,0.9349699659918173,1.080554687413605,0.9590929372677236,285.353340094116
119,40119,40011,900009,6a22834,v2_nested_200x10,0,1,0,timeout,200,222.94968133691833,nan,nan,-1,1,30.0,0.45,20.0,1.0,25,1,200,0.002,100,10.0,1.0,0,185,0,0.925,0.32039294307768185,-0.6343246052304324,-2.7570621810506277,0.027467012579015692,0.031155548832019566,0.09058325240199562,1.920207945286063,0.6504502509483073,0.3251016716165078,0.21796214388389146,0.9349699659918173,1.080554687413605,0.9590929372677236,22.745034126510447
120,40120,40012,900000,6a22834,v2_nested_200x10,1,1,1,success,63,11.854825129627452,30.192196468888625,17.790672315593532,54,1,30.0,0.45,20.0,1.0,25,1,200,0.002,100,10.0,1.0,0,47,0,0.746031746031746,0.34312295715251956,-0.5927556563180698,1.8341939119793569,0.022236095980674872,0.03461630461107526,0.030880332624368706,1.489759954000076,0.6136049931067344,0.33524207279552487,0.48650300850211625,1.065785206517938,0.9660245475882135,1.0490498607768513,288.3209011882679
121,40121,40012,900001,6a22834,v2_nested_200x10,1,1,1,success,64,7.021913356836311,17.921735838275374,8.29965688361036,57,1,30.0,0.45,20.0,1.0,25,1,200,0.002,100,10.0,1.0,0,54,0,0.84375,0.34312295715251956,-0.5927556563180698,1.8341939119793569,0.022236095980674872,0.03461630461107526,0.030880332624368706,1.489759954000076,0.6136049931067344,0.33524207279552487,0.48650300850211625,1.065785206517938,0.9660245475882135,1.0490498607768513,290.43069199372917
122,40122,40012,900002,6a22834,v2_nested_200x10,1,1,1,success,63,18.5401746592741,21.150712445263924,12.427482290232552,56,1,30.0,0.45,20.0,1.0,25,1,200,0.002,100,10.0,1.0,0,50,0,0.7936507936507936,0.34312295715251956,-0.5927556563180698,1.8341939119793569,0.022236095980674872,0.03461630461107526,0.030880332624368706,1.489759954000076,0.6136049931067344,0.33524207279552487,0.48650300850211625,1.065785206517938,0.9660245475882135,1.0490498607768513,289.8249889815522
123,40123,40012,900003,6a22834,v2_nested_200x10,1,1,1,success,64,27.49503624542743,29.432358960970397,5.852447805134438,56,1,30.0,0.45,20.0,1.0,25,1,200,0.002,100,10.0,1.0,0,44,0,0.6875,0.34312295715251956,-0.5927556563180698,1.8341939119793569,0.022236095980674872,0.03461630461107526,0.030880332624368706,1.489759954000076,0.6136049931067344,0.33524207279552487,0.48650300850211625,1.065785206517938,0.9660245475882135,1.0490498607768513,288.29132567221177
124,40124,40012,900004,6a22834,v2_nested_200x10,1,1,1,success,63,29.614881586291936,24.706357818757784,10.373941275914495,55,1,30.0,0.45,20.0,1.0,25,1,200,0.002,100,10.0,1.0,0,40,0,0.6349206349206349,0.34312295715251956,-0.5927556563180698,1.8341939119793569,0.022236095980674872,0.03461630461107526,0.030880332624368706,1.489759954000076,0.6136049931067344,0.33524207279552487,0.48650300850211625,1.065785206517938,0.9660245475882135,1.0490498607768513,289.68337517839524
125,40125,40012,900005,6a22834,v2_nested_200x10,1,1,1,success,62,21.440143229758633,31.69696367589346,20.028204223956855,54,1,30.0,0.45,20.0,1.0,25,1,200,0.002,100,10.0,1.0,0,47,0,0.7580645161290323,0.34312295715251956,-0.5927556563180698,1.8341939119793569,0.022236095980674872,0.03461630461107526,0.030880332624368706,1.489759954000076,0.6136049931067344,0.33524207279552487,0.48650300850211625,1.065785206517938,0.9660245475882135,1.0490498607768513,287.6118245737821
126,40126,40012,900006,6a22834,v2_nested_200x10,1,1,1,success,64,32.66345678891481,26.81725264395833,7.420480055063416,60,1,30.0,0.45,20.0,1.0,25,1,200,0.002,100,10.0,1.0,0,47,0,0.734375,0.34312295715251956,-0.5927556563180698,1.8341939119793569,0.022236095980674872,0.03461630461107526,0.030880332624368706,1.489759954000076,0.6136049931067344,0.33524207279552487,0.48650300850211625,1.065785206517938,0.9660245475882135,1.0490498607768513,287.926356280788
127,40127,40012,900007,6a22834,v2_nested_200x10,1,1,1,success,61,14.920279905376283,27.36112138663732,12.865941416965013,54,1,30.0,0.45,20.0,1.0,25,1,200,0.002,100,10.0,1.0,0,45,0,0.7377049180327869,0.34312295715251956,-0.5927556563180698,1.8341939119793569,0.022236095980674872,0.03461630461107526,0.030880332624368706,1.489759954000076,0.6136049931067344,0.33524207279552487,0.48650300850211625,1.065785206517938,0.9660245475882135,1.0490498607768513,289.06989775371784
128,40128,40012,900008,6a22834,v2_nested_200x10,1,1,1,success,65,16.78406205389424,13.270874229105887,7.761699988305919,56,1,30.0,0.45,20.0,1.0,25,1,200,0.002,100,10.0,1.0,0,49,0,0.7538461538461538,0.34312295715251956,-0.5927556563180698,1.8341939119793569,0.022236095980674872,0.03461630461107526,0.030880332624368706,1.489759954000076,0.6136049931067344,0.33524207279552487,0.48650300850211625,1.065785206517938,0.9660245475882135,1.0490498607768513,290.8279271786504
129,40129,40012,900009,6a22834,v2_nested_200x10,1,1,1,success,63,11.797771250676403,29.67502126917967,13.947612186901651,55,1,30.0,0.45,20.0,1.0,25,1,200,0.002,100,10.0,1.0,0,49,0,0.7777777777777778,0.34312295715251956,-0.5927556563180698,1.8341939119793569,0.022236095980674872,0.03461630461107526,0.030880332624368706,1.489759954000076,0.6136049931067344,0.33524207279552487,0.48650300850211625,1.065785206517938,0.9660245475882135,1.0490498607768513,287.75375395479006
130,40130,40013,900000,6a22834,v2_nested_200x10,1,1,1,success,65,25.638871337562374,14.46899335836307,1.803302434050274,61,1,30.0,0.45,20.0,1.0,25,1,200,0.002,100,10.0,1.0,0,49,0,0.7538461538461538,0.3134029192681527,-0.6159070093010016,2.001098446160369,0.025997305498297662,0.03227830709921429,0.09106407051344628,1.6650426660827828,0.9337463408310507,0.3794625517268218,0.6656462592373208,1.0384383726771627,1.0425089080853243,0.9784419379687253,288.3917469861399
131,40131,40013,900001,6a22834,v2_nested_200x10,1,1,1,success,67,18.52770411635995,23.282176769904833,4.797155219722382,63,1,30.0,0.45,20.0,1.0,25,1,200,0.002,100,10.0,1.0,0,51,0,0.7611940298507462,0.3134029192681527,-0.6159070093010016,2.001098446160369,0.025997305498297662,0.03227830709921429,0.09106407051344628,1.6650426660827828,0.9337463408310507,0.3794625517268218,0.6656462592373208,1.0384383726771627,1.0425089080853243,0.9784419379687253,289.9599653252158
132,40132,40013,900002,6a22834,v2_nested_200x10,1,1,1,success,63,9.552093204244791,18.273142981116052,3.792882821592301,59,1,30.0,0.45,20.0,1.0,25,1,200,0.002,100,10.0,1.0,0,46,0,0.7301587301587301,0.3134029192681527,-0.6159070093010016,2.001098446160369,0.025997305498297662,0.03227830709921429,0.09106407051344628,1.6650426660827828,0.9337463408310507,0.3794625517268218,0.6656462592373208,1.0384383726771627,1.0425089080853243,0.9784419379687253,291.22007786588193
133,40133,40013,900003,6a22834,v2_nested_200x10,1,1,1,success,66,23.755713185692134,28.913923984781608,4.25730131651705,62,1,30.0,0.45,20.0,1.0,25,1,200,0.002,100,10.0,1.0,0,56,0,0.8484848484848485,0.3134029192681527,-0.6159070093010016,2.001098446160369,0.025997305498297662,0.03227830709921429,0.09106407051344628,1.6650426660827828,0.9337463408310507,0.3794625517268218,0.6656462592373208,1.0384383726771627,1.0425089080853243,0.9784419379687253,289.76007290342443
134,40134,40013,900004,6a22834,v2_nested_200x10,1,1,1,success,64,19.044160091862857,20.94932593727335,1.1147960480845271,61,1,30.0,0.45,20.0,1.0,25,1,200,0.002,100,10.0,1.0,0,55,0,0.859375,0.3134029192681527,-0.6159070093010016,2.001098446160369,0.025997305498297662,0.03227830709921429,0.09106407051344628,1.6650426660827828,0.9337463408310507,0.3794625517268218,0.6656462592373208,1.0384383726771627,1.0425089080853243,0.9784419379687253,288.37441324065617
135,40135,40013,900005,6a22834,v2_nested_200x10,1,1,1,success,67,33.699584762298514,22.46110648936842,8.008554105545661,61,1,30.0,0.45,20.0,1.0,25,1,200,0.002,100,10.0,1.0,0,55,0,0.8208955223880597,0.3134029192681527,-0.6159070093010016,2.001098446160369,0.025997305498297662,0.03227830709921429,0.09106407051344628,1.6650426660827828,0.9337463408310507,0.3794625517268218,0.6656462592373208,1.0384383726771627,1.0425089080853243,0.9784419379687253,289.91354595869075
136,40136,40013,900006,6a22834,v2_nested_200x10,1,1,1,success,65,20.358259192055773,21.693823086068136,3.8844649712840766,61,1,30.0,0.45,20.0,1.0,25,1,200,0.002,100,10.0,1.0,0,52,0,0.8,0.3134029192681527,-0.6159070093010016,2.001098446160369,0.025997305498297662,0.03227830709921429,0.09106407051344628,1.6650426660827828,0.9337463408310507,0.3794625517268218,0.6656462592373208,1.0384383726771627,1.0425089080853243,0.9784419379687253,289.6678057754941
137,40137,40013,900007,6a22834,v2_nested_200x10,1,1,1,success,62,15.485236339013094,17.416988059139843,0.5367326573514435,59,1,30.0,0.45,20.0,1.0,25,1,200,0.002,100,10.0,1.0,0,57,0,0.9193548387096774,0.3134029192681527,-0.6159070093010016,2.001098446160369,0.025997305498297662,0.03227830709921429,0.09106407051344628,1.6650426660827828,0.9337463408310507,0.3794625517268218,0.6656462592373208,1.0384383726771627,1.0425089080853243,0.9784419379687253,289.242995345632
138,40138,40013,900008,6a22834,v2_nested_200x10,1,1,1,success,64,20.168519832830825,21.829267925324782,0.9808626249736395,61,1,30.0,0.45,20.0,1.0,25,1,200,0.002,100,10.0,1.0,0,48,0,0.75,0.3134029192681527,-0.6159070093010016,2.001098446160369,0.025997305498297662,0.03227830709921429,0.09106407051344628,1.6650426660827828,0.9337463408310507,0.3794625517268218,0.6656462592373208,1.0384383726771627,1.0425089080853243,0.9784419379687253,289.9155300158445
139,40139,40013,900009,6a22834,v2_nested_200x10,1,1,1,success,64,15.72533478226737,16.36340041455203,1.4594731539872807,60,1,30.0,0.45,20.0,1.0,25,1,200,0.002,100,10.0,1.0,0,56,0,0.875,0.3134029192681527,-0.6159070093010016,2.001098446160369,0.025997305498297662,0.03227830709921429,0.09106407051344628,1.6650426660827828,0.9337463408310507,0.3794625517268218,0.6656462592373208,1.0384383726771627,1.0425089080853243,0.9784419379687253,290.41089232906506
140,40140,40014,900000,6a22834,v2_nested_200x10,1,1,1,success,56,22.914471306463717,25.770070315889143,13.5762630931455,50,1,30.0,0.45,20.0,1.0,25,1,200,0.002,100,10.0,1.0,0,46,0,0.8214285714285714,0.3657813751568851,-0.20637058997085544,0.6307695170691816,0.02443601050428403,0.033674057265885585,0.041015856961831645,1.584328105550357,1.1400971083700648,0.3736089965362176,0.5630209158382067,1.1139121216006178,0.8800669068755138,1.1247565105679684,283.61205240132176
141,40141,40014,900001,6a22834,v2_nested_200x10,1,1,1,success,59,18.98373739084363,16.56268202261,11.309744407849387,51,1,30.0,0.45,20.0,1.0,25,1,200,0.002,100,10.0,1.0,0,47,0,0.7966101694915254,0.3657813751568851,-0.20637058997085544,0.6307695170691816,0.02443601050428403,0.033674057265885585,0.041015856961831645,1.584328105550357,1.1400971083700648,0.3736089965362176,0.5630209158382067,1.1139121216006178,0.8800669068755138,1.1247565105679684,283.04231301640806
142,40142,40014,900002,6a22834,v2_nested_200x10,1,1,1,success,52,14.192069555324965,26.102831774526297,4.0322281650547005,46,1,30.0,0.45,20.0,1.0,25,1,200,0.002,100,10.0,1.0,0,45,0,0.8653846153846154,0.3657813751568851,-0.20637058997085544,0.6307695170691816,0.02443601050428403,0.033674057265885585,0.041015856961831645,1.584328105550357,1.1400971083700648,0.3736089965362176,0.5630209158382067,1.1139121216006178,0.8800669068755138,1.1247565105679684,285.02864604419136
143,40143,40014,900003,6a22834,v2_nested_200x10,1,1,1,success,52,7.5635006778301594,14.914006166732579,8.742972201201779,48,1,30.0,0.45,20.0,1.0,25,1,200,0.002,100,10.0,1.0,0,40,0,0.7692307692307693,0.3657813751568851,-0.20637058997085544,0.6307695170691816,0.02443601050428403,0.033674057265885585,0.041015856961831645,1.584328105550357,1.1400971083700648,0.3736089965362176,0.5630209158382067,1.1139121216006178,0.8800669068755138,1.1247565105679684,281.9875839807436
144,40144,40014,900004,6a22834,v2_nested_200x10,1,1,1,success,54,16.368476317738043,8.273490674617884,18.27020962554414,49,1,30.0,0.45,20.0,1.0,25,1,200,0.002,100,10.0,1.0,0,42,0,0.7777777777777778,0.3657813751568851,-0.20637058997085544,0.6307695170691816,0.02443601050428403,0.033674057265885585,0.041015856961831645,1.584328105550357,1.1400971083700648,0.3736089965362176,0.5630209158382067,1.1139121216006178,0.8800669068755138,1.1247565105679684,283.06600825050987
145,40145,40014,900005,6a22834,v2_nested_200x10,1,1,1,success,52,23.065835311144674,36.6660102373405,11.276635535339029,45,1,30.0,0.45,20.0,1.0,25,1,200,0.002,100,10.0,1.0,0,39,0,0.75,0.3657813751568851,-0.20637058997085544,0.6307695170691816,0.02443601050428403,0.033674057265885585,0.041015856961831645,1.584328105550357,1.1400971083700648,0.3736089965362176,0.5630209158382067,1.1139121216006178,0.8800669068755138,1.1247565105679684,269.7578732721399
146,40146,40014,900006,6a22834,v2_nested_200x10,1,1,1,success,55,3.7620978375618557,8.224644188722717,2.5813446136430986,49,1,30.0,0.45,20.0,1.0,25,1,200,0.002,100,10.0,1.0,0,47,0,0.8545454545454545,0.3657813751568851,-0.20637058997085544,0.6307695170691816,0.02443601050428403,0.033674057265885585,0.041015856961831645,1.584328105550357,1.1400971083700648,0.3736089965362176,0.5630209158382067,1.1139121216006178,0.8800669068755138,1.1247565105679684,283.8711134052719
147,40147,40014,900007,6a22834,v2_nested_200x10,1,1,1,success,53,18.74440753370626,19.547197698216994,6.281067029809534,47,1,30.0,0.45,20.0,1.0,25,1,200,0.002,100,10.0,1.0,0,39,0,0.7358490566037735,0.3657813751568851,-0.20637058997085544,0.6307695170691816,0.02443601050428403,0.033674057265885585,0.041015856961831645,1.584328105550357,1.1400971083700648,0.3736089965362176,0.5630209158382067,1.1139121216006178,0.8800669068755138,1.1247565105679684,283.12863390682156
148,40148,40014,900008,6a22834,v2_nested_200x10,1,1,1,success,53,18.724647726984053,17.623739286027032,9.17108472064677,48,1,30.0,0.45,20.0,1.0,25,1,200,0.002,100,10.0,1.0,0,44,0,0.8301886792452831,0.3657813751568851,-0.20637058997085544,0.6307695170691816,0.02443601050428403,0.033674057265885585,0.041015856961831645,1.584328105550357,1.1400971083700648,0.3736089965362176,0.5630209158382067,1.1139121216006178,0.8800669068755138,1.1247565105679684,284.30381203082385
149,40149,40014,900009,6a22834,v2_nested_200x10,1,1,1,success,52,22.726375104415375,22.044052574400556,12.12591747098289,46,1,30.0,0.45,20.0,1.0,25,1,200,0.002,100,10.0,1.0,0,46,0,0.8846153846153846,0.3657813751568851,-0.20637058997085544,0.6307695170691816,0.02443601050428403,0.033674057265885585,0.041015856961831645,1.584328105550357,1.1400971083700648,0.3736089965362176,0.5630209158382067,1.1139121216006178,0.8800669068755138,1.1247565105679684,270.25562457240335
150,40150,40015,900000,6a22834,v2_nested_200x10,1,1,1,success,74,3.630847687977671,46.72994890434575,28.759174221543606,64,1,30.0,0.45,20.0,1.0,25,1,200,0.002,100,10.0,1.0,0,65,0,0.8783783783783784,0.3701457845998672,-0.7048764347472557,-1.7035921410243606,0.025905384828338415,0.0315563693363615,0.11443963900801638,1.64998692695211,0.8591235543577816,0.33318109238154847,0.7268425895174255,0.9895021378578646,0.9524609118706028,1.1468261942883595,295.2293153752857
151,40151,40015,900001,6a22834,v2_nested_200x10,1,1,1,success,77,23.099579907551597,26.060508601596005,4.964407729723973,67,1,30.0,0.45,20.0,1.0,25,1,200,0.002,100,10.0,1.0,0,57,0,0.7402597402597403,0.3701457845998672,-0.7048764347472557,-1.7035921410243606,0.025905384828338415,0.0315563693363615,0.11443963900801638,1.64998692695211,0.8591235543577816,0.33318109238154847,0.7268425895174255,0.9895021378578646,0.9524609118706028,1.1468261942883595,296.1214059366442
152,40152,40015,900002,6a22834,v2_nested_200x10,0,1,0,timeout,200,482.7440289294389,nan,nan,-1,1,30.0,0.45,20.0,1.0,25,1,200,0.002,100,10.0,1.0,0,191,0,0.955,0.3701457845998672,-0.7048764347472557,-1.7035921410243606,0.025905384828338415,0.0315563693363615,0.11443963900801638,1.64998692695211,0.8591235543577816,0.33318109238154847,0.7268425895174255,0.9895021378578646,0.9524609118706028,1.1468261942883595,-7.238274868314433
153,40153,40015,900003,6a22834,v2_nested_200x10,1,1,1,success,72,1.7708970718379278,38.378195443220314,14.618214203934064,65,1,30.0,0.45,20.0,1.0,25,1,200,0.002,100,10.0,1.0,0,64,0,0.8888888888888888,0.3701457845998672,-0.7048764347472557,-1.7035921410243606,0.025905384828338415,0.0315563693363615,0.11443963900801638,1.64998692695211,0.8591235543577816,0.33318109238154847,0.7268425895174255,0.9895021378578646,0.9524609118706028,1.1468261942883595,296.0079689458967
154,40154,40015,900004,6a22834,v2_nested_200x10,1,1,1,success,79,10.008949320753993,29.195953199259144,5.099013017909416,66,1,30.0,0.45,20.0,1.0,25,1,200,0.002,100,10.0,1.0,0,54,0,0.6835443037974683,0.3701457845998672,-0.7048764347472557,-1.7035921410243606,0.025905384828338415,0.0315563693363615,0.11443963900801638,1.64998692695211,0.8591235543577816,0.33318109238154847,0.7268425895174255,0.9895021378578646,0.9524609118706028,1.1468261942883595,297.29242547884917
155,40155,40015,900005,6a22834,v2_nested_200x10,1,1,1,success,75,17.68018041763028,28.54807546518705,7.666779332744753,69,1,30.0,0.45,20.0,1.0,25,1,200,0.002,100,10.0,1.0,0,59,0,0.7866666666666666,0.3701457845998672,-0.7048764347472557,-1.7035921410243606,0.025905384828338415,0.0315563693363615,0.11443963900801638,1.64998692695211,0.8591235543577816,0.33318109238154847,0.7268425895174255,0.9895021378578646,0.9524609118706028,1.1468261942883595,296.092243009296
156,40156,40015,900006,6a22834,v2_nested_200x10,0,1,0,timeout,200,397.8206010573397,263.41483559834535,151.4917438687284,46,1,30.0,0.45,20.0,1.0,25,1,200,0.002,100,10.0,1.0,0,187,0,0.935,0.3701457845998672,-0.7048764347472557,-1.7035921410243606,0.025905384828338415,0.0315563693363615,0.11443963900801638,1.64998692695211,0.8591235543577816,0.33318109238154847,0.7268425895174255,0.9895021378578646,0.9524609118706028,1.1468261942883595,21.28436484539962
157,40157,40015,900007,6a22834,v2_nested_200x10,0,1,0,timeout,200,557.034167363378,207.52783015952895,349.71119061190876,51,1,30.0,0.45,20.0,1.0,25,1,200,0.002,100,10.0,1.0,0,183,0,0.915,0.3701457845998672,-0.7048764347472557,-1.7035921410243606,0.025905384828338415,0.0315563693363615,0.11443963900801638,1.64998692695211,0.8591235543577816,0.33318109238154847,0.7268425895174255,0.9895021378578646,0.9524609118706028,1.1468261942883595,12.770735033753684
158,40158,40015,900008,6a22834,v2_nested_200x10,1,1,1,success,73,12.619226197495564,17.008287703184795,8.936161300893259,66,1,30.0,0.45,20.0,1.0,25,1,200,0.002,100,10.0,1.0,0,60,0,0.821917808219178,0.3701457845998672,-0.7048764347472557,-1.7035921410243606,0.025905384828338415,0.0315563693363615,0.11443963900801638,1.64998692695211,0.8591235543577816,0.33318109238154847,0.7268425895174255,0.9895021378578646,0.9524609118706028,1.1468261942883595,295.9504929347598
159,40159,40015,900009,6a22834,v2_nested_200x10,1,1,1,success,73,11.99992300238949,37.321262321939045,23.47166164216524,64,1,30.0,0.45,20.0,1.0,25,1,200,0.002,100,10.0,1.0,0,56,0,0.7671232876712328,0.3701457845998672,-0.7048764347472557,-1.7035921410243606,0.025905384828338415,0.0315563693363615,0.11443963900801638,1.64998692695211,0.8591235543577816,0.33318109238154847,0.7268425895174255,0.9895021378578646,0.9524609118706028,1.1468261942883595,294.71632021688976
160,40160,40016,900000,6a22834,v2_nested_200x10,1,1,1,success,62,13.829734689201679,22.123997391028453,0.9278301828374833,59,1,30.0,0.45,20.0,1.0,25,1,200,0.002,100,10.0,1.0,0,47,0,0.7580645161290323,0.3440968722054815,-0.5200695897518302,-0.7655234849958634,0.026645439539107935,0.03176979610868879,0.10014868932545264,0.8136776585580656,0.8491578782187861,0.3254720920433268,0.5177855624572155,0.9883804033555047,1.098029803271453,1.0788991200083315,289.66926658954577
161,40161,40016,900001,6a22834,v2_nested_200x10,1,1,1,success,63,17.082595944518886,12.673852745724439,5.676998250933715,59,1,30.0,0.45,20.0,1.0,25,1,200,0.002,100,10.0,1.0,0,46,0,0.7301587301587301,0.3440968722054815,-0.5200695897518302,-0.7655234849958634,0.026645439539107935,0.03176979610868879,0.10014868932545264,0.8136776585580656,0.8491578782187861,0.3254720920433268,0.5177855624572155,0.9883804033555047,1.098029803271453,1.0788991200083315,289.9267837478838
162,40162,40016,900002,6a22834,v2_nested_200x10,1,1,1,success,64,13.564127752253539,17.04851690974539,0.28553267976158114,61,1,30.0,0.45,20.0,1.0,25,1,200,0.002,100,10.0,1.0,0,48,0,0.75,0.3440968722054815,-0.5200695897518302,-0.7655234849958634,0.026645439539107935,0.03176979610868879,0.10014868932545264,0.8136776585580656,0.8491578782187861,0.3254720920433268,0.5177855624572155,0.9883804033555047,1.098029803271453,1.0788991200083315,290.1919234618101
163,40163,40016,900003,6a22834,v2_nested_200x10,1,1,1,success,64,26.20965389960157,22.663773883561102,7.960568272154989,59,1,30.0,0.45,20.0,1.0,25,1,200,0.002,100,10.0,1.0,0,38,0,0.59375,0.3440968722054815,-0.5200695897518302,-0.7655234849958634,0.026645439539107935,0.03176979610868879,0.10014868932545264,0.8136776585580656,0.8491578782187861,0.3254720920433268,0.5177855624572155,0.9883804033555047,1.098029803271453,1.0788991200083315,289.90544485492313
164,40164,40016,900004,6a22834,v2_nested_200x10,1,1,1,success,61,16.99914646990453,17.610245707475205,1.331423641575869,56,1,30.0,0.45,20.0,1.0,25,1,200,0.002,100,10.0,1.0,0,47,0,0.7704918032786885,0.3440968722054815,-0.5200695897518302,-0.7655234849958634,0.026645439539107935,0.03176979610868879,0.10014868932545264,0.8136776585580656,0.8491578782187861,0.3254720920433268,0.5177855624572155,0.9883804033555047,1.098029803271453,1.0788991200083315,287.7369544402518
165,40165,40016,900005,6a22834,v2_nested_200x10,1,1,1,success,63,19.082599019537533,20.440741895448173,3.880865872622429,57,1,30.0,0.45,20.0,1.0,25,1,200,0.002,100,10.0,1.0,0,53,0,0.8412698412698413,0.3440968722054815,-0.5200695897518302,-0.7655234849958634,0.026645439539107935,0.03176979610868879,0.10014868932545264,0.8136776585580656,0.8491578782187861,0.3254720920433268,0.5177855624572155,0.9883804033555047,1.098029803271453,1.0788991200083315,291.210999473829
166,40166,40016,900006,6a22834,v2_nested_200x10,1,1,1,success,61,18.127983503278607,19.36044248444336,6.245301978539033,56,1,30.0,0.45,20.0,1.0,25,1,200,0.002,100,10.0,1.0,0,46,0,0.7540983606557377,0.3440968722054815,-0.5200695897518302,-0.7655234849958634,0.026645439539107935,0.03176979610868879,0.10014868932545264,0.8136776585580656,0.8491578782187861,0.3254720920433268,0.5177855624572155,0.9883804033555047,1.098029803271453,1.0788991200083315,289.32911080935446
167,40167,40016,900007,6a22834,v2_nested_200x10,1,1,1,success,70,17.97024373838281,13.319131090131807,0.9210886672814913,67,1,30.0,0.45,20.0,1.0,25,1,200,0.002,100,10.0,1.0,0,59,0,0.8428571428571429,0.3440968722054815,-0.5200695897518302,-0.7655234849958634,0.026645439539107935,0.03176979610868879,0.10014868932545264,0.8136776585580656,0.8491578782187861,0.3254720920433268,0.5177855624572155,0.9883804033555047,1.098029803271453,1.0788991200083315,288.66123642935975
168,40168,40016,900008,6a22834,v2_nested_200x10,1,1,1,success,63,16.804360259413915,19.104943324262198,3.2919699440285184,56,1,30.0,0.45,20.0,1.0,25,1,200,0.002,100,10.0,1.0,0,45,0,0.7142857142857143,0.3440968722054815,-0.5200695897518302,-0.7655234849958634,0.026645439539107935,0.03176979610868879,0.10014868932545264,0.8136776585580656,0.8491578782187861,0.3254720920433268,0.5177855624572155,0.9883804033555047,1.098029803271453,1.0788991200083315,289.9826837197013
169,40169,40016,900009,6a22834,v2_nested_200x10,1,1,1,success,64,14.663012281352659,22.355787947646743,8.742191678966375,56,1,30.0,0.45,20.0,1.0,25,1,200,0.002,100,10.0,1.0,0,51,0,0.796875,0.3440968722054815,-0.5200695897518302,-0.7655234849958634,0.026645439539107935,0.03176979610868879,0.10014868932545264,0.8136776585580656,0.8491578782187861,0.3254720920433268,0.5177855624572155,0.9883804033555047,1.098029803271453,1.0788991200083315,289.37947304492593
170,40170,40017,900000,6a22834,v2_nested_200x10,1,1,1,success,74,14.392657894495432,3.102440832806339,9.963575892014708,66,1,30.0,0.45,20.0,1.0,25,1,200,0.002,100,10.0,1.0,0,56,0,0.7567567567567568,0.30090386588886353,-0.574117938701054,-0.345472224616834,0.020712810817018278,0.03831168722564198,0.10154599777841715,1.6824088747996773,0.6630843859836512,0.35759867523193634,0.32099396487463094,0.9544456413031652,1.0225285086255342,1.226186731980293,284.7668459571869
171,40171,40017,900001,6a22834,v2_nested_200x10,1,1,1,success,58,11.825143166946948,9.819577543434749,9.224234407304651,53,1,30.0,0.45,20.0,1.0,25,1,200,0.002,100,10.0,1.0,0,45,0,0.7758620689655172,0.30090386588886353,-0.574117938701054,-0.345472224616834,0.020712810817018278,0.03831168722564198,0.10154599777841715,1.6824088747996773,0.6630843859836512,0.35759867523193634,0.32099396487463094,0.9544456413031652,1.0225285086255342,1.226186731980293,288.26092620581977
172,40172,40017,900002,6a22834,v2_nested_200x10,1,1,1,success,58,13.78615871752419,9.813392276310802,10.510953976753466,50,1,30.0,0.45,20.0,1.0,25,1,200,0.002,100,10.0,1.0,0,45,0,0.7758620689655172,0.30090386588886353,-0.574117938701054,-0.345472224616834,0.020712810817018278,0.03831168722564198,0.10154599777841715,1.6824088747996773,0.6630843859836512,0.35759867523193634,0.32099396487463094,0.9544456413031652,1.0225285086255342,1.226186731980293,287.17158332311817
173,40173,40017,900003,6a22834,v2_nested_200x10,1,1,1,success,58,12.481230797424193,1.7916285139094532,13.374240513615833,53,1,30.0,0.45,20.0,1.0,25,1,200,0.002,100,10.0,1.0,0,45,0,0.7758620689655172,0.30090386588886353,-0.574117938701054,-0.345472224616834,0.020712810817018278,0.03831168722564198,0.10154599777841715,1.6824088747996773,0.6630843859836512,0.35759867523193634,0.32099396487463094,0.9544456413031652,1.0225285086255342,1.226186731980293,283.8745147572179
174,40174,40017,900004,6a22834,v2_nested_200x10,0,1,0,timeout,200,234.0715361033728,nan,nan,-1,0,30.0,0.45,20.0,1.0,25,1,200,0.002,100,10.0,1.0,0,187,0,0.935,0.30090386588886353,-0.574117938701054,-0.345472224616834,0.020712810817018278,0.03831168722564198,0.10154599777841715,1.6824088747996773,0.6630843859836512,0.35759867523193634,0.32099396487463094,0.9544456413031652,1.0225285086255342,1.226186731980293,-16.06864713390128
175,40175,40017,900005,6a22834,v2_nested_200x10,1,1,1,success,78,4.7930512924906035,10.480142477520234,3.5657446368900065,65,1,30.0,0.45,20.0,1.0,25,1,200,0.002,100,10.0,1.0,0,64,0,0.8205128205128205,0.30090386588886353,-0.574117938701054,-0.345472224616834,0.020712810817018278,0.03831168722564198,0.10154599777841715,1.6824088747996773,0.6630843859836512,0.35759867523193634,0.32099396487463094,0.9544456413031652,1.0225285086255342,1.226186731980293,288.1212160466926
176,40176,40017,900006,6a22834,v2_nested_200x10,1,1,1,success,60,5.728601856015513,16.969292976531186,2.8970329304404268,53,1,30.0,0.45,20.0,1.0,25,1,200,0.002,100,10.0,1.0,0,44,0,0.7333333333333333,0.30090386588886353,-0.574117938701054,-0.345472224616834,0.020712810817018278,0.03831168722564198,0.10154599777841715,1.6824088747996773,0.6630843859836512,0.35759867523193634,0.32099396487463094,0.9544456413031652,1.0225285086255342,1.226186731980293,286.93736718190144
177,40177,40017,900007,6a22834,v2_nested_200x10,1,1,1,success,59,9.75167679132626,9.549727455567117,2.7221980691242758,52,1,30.0,0.45,20.0,1.0,25,1,200,0.002,100,10.0,1.0,0,47,0,0.7966101694915254,0.30090386588886353,-0.574117938701054,-0.345472224616834,0.020712810817018278,0.03831168722564198,0.10154599777841715,1.6824088747996773,0.6630843859836512,0.35759867523193634,0.32099396487463094,0.9544456413031652,1.0225285086255342,1.226186731980293,287.4633105399617
178,40178,40017,900008,6a22834,v2_nested_200x10,1,1,1,success,58,1.5160632956711642,6.225116371308669,4.650705140930805,51,1,30.0,0.45,20.0,1.0,25,1,200,0.002,100,10.0,1.0,0,43,0,0.7413793103448276,0.30090386588886353,-0.574117938701054,-0.345472224616834,0.020712810817018278,0.03831168722564198,0.10154599777841715,1.6824088747996773,0.6630843859836512,0.35759867523193634,0.32099396487463094,0.9544456413031652,1.0225285086255342,1.226186731980293,287.0472506713737
179,40179,40017,900009,6a22834,v2_nested_200x10,1,1,1,success,74,22.83506549880521,6.639213276339354,20.90406350478329,59,1,30.0,0.45,20.0,1.0,25,1,200,0.002,100,10.0,1.0,1,53,0,0.7162162162162162,0.30090386588886353,-0.574117938701054,-0.345472224616834,0.020712810817018278,0.03831168722564198,0.10154599777841715,1.6824088747996773,0.6630843859836512,0.35759867523193634,0.32099396487463094,0.9544456413031652,1.0225285086255342,1.226186731980293,281.03605310054127
180,40180,40018,900000,6a22834,v2_nested_200x10,1,1,1,success,62,14.178101032851725,24.0957434899037,20.717793990417533,56,1,30.0,0.45,20.0,1.0,25,1,200,0.002,100,10.0,1.0,0,42,0,0.6774193548387096,0.30591722139162614,-0.6325124393403121,-2.0861687738703614,0.021086005755976765,0.03148205841560182,0.09410608920125065,1.3904095688377425,0.9390510431065717,0.33828886130801644,0.41331260954188537,1.0254033224733274,1.0988683309412168,1.193350249111175,288.70246031896113
181,40181,40018,900001,6a22834,v2_nested_200x10,1,1,1,success,66,14.083965153408009,10.021691278529874,3.1239611420757836,59,1,30.0,0.45,20.0,1.0,25,1,200,0.002,100,10.0,1.0,0,57,0,0.8636363636363636,0.30591722139162614,-0.6325124393403121,-2.0861687738703614,0.021086005755976765,0.03148205841560182,0.09410608920125065,1.3904095688377425,0.9390510431065717,0.33828886130801644,0.41331260954188537,1.0254033224733274,1.0988683309412168,1.193350249111175,287.6978892355613
182,40182,40018,900002,6a22834,v2_nested_200x10,1,1,1,success,63,14.144008854164856,23.05089067002525,9.346114926696814,57,1,30.0,0.45,20.0,1.0,25,1,200,0.002,100,10.0,1.0,0,49,0,0.7777777777777778,0.30591722139162614,-0.6325124393403121,-2.0861687738703614,0.021086005755976765,0.03148205841560182,0.09410608920125065,1.3904095688377425,0.9390510431065717,0.33828886130801644,0.41331260954188537,1.0254033224733274,1.0988683309412168,1.193350249111175,288.83153728271634
183,40183,40018,900003,6a22834,v2_nested_200x10,1,1,1,success,79,9.356561699993577,17.453953102443634,17.480136854800758,74,1,30.0,0.45,20.0,1.0,25,1,200,0.002,100,10.0,1.0,0,58,0,0.7341772151898734,0.30591722139162614,-0.6325124393403121,-2.0861687738703614,0.021086005755976765,0.03148205841560182,0.09410608920125065,1.3904095688377425,0.9390510431065717,0.33828886130801644,0.41331260954188537,1.0254033224733274,1.0988683309412168,1.193350249111175,282.78666079816765
184,40184,40018,900004,6a22834,v2_nested_200x10,1,1,1,success,62,24.681513897624313,23.12990067761699,9.774563902894892,56,1,30.0,0.45,20.0,1.0,25,1,200,0.002,100,10.0,1.0,0,51,0,0.8225806451612904,0.30591722139162614,-0.6325124393403121,-2.0861687738703614,0.021086005755976765,0.03148205841560182,0.09410608920125065,1.3904095688377425,0.9390510431065717,0.33828886130801644,0.41331260954188537,1.0254033224733274,1.0988683309412168,1.193350249111175,289.5230185155472
185,40185,40018,900005,6a22834,v2_nested_200x10,1,1,1,success,63,6.465222819907224,21.81355427365418,15.019723216487042,57,1,30.0,0.45,20.0,1.0,25,1,200,0.002,100,10.0,1.0,0,51,0,0.8095238095238095,0.30591722139162614,-0.6325124393403121,-2.0861687738703614,0.021086005755976765,0.03148205841560182,0.09410608920125065,1.3904095688377425,0.9390510431065717,0.33828886130801644,0.41331260954188537,1.0254033224733274,1.0988683309412168,1.193350249111175,288.45863766197306
186,40186,40018,900006,6a22834,v2_nested_200x10,1,1,1,success,62,13.621872156265628,29.614454229558834,17.358846518157087,56,1,30.0,0.45,20.0,1.0,25,1,200,0.002,100,10.0,1.0,0,48,0,0.7741935483870968,0.30591722139162614,-0.6325124393403121,-2.0861687738703614,0.021086005755976765,0.03148205841560182,0.09410608920125065,1.3904095688377425,0.9390510431065717,0.33828886130801644,0.41331260954188537,1.0254033224733274,1.0988683309412168,1.193350249111175,289.5908753501761
187,40187,40018,900007,6a22834,v2_nested_200x10,1,1,1,success,61,6.389321594873668,28.831138189884513,22.35670795573109,56,1,30.0,0.45,20.0,1.0,25,1,200,0.002,100,10.0,1.0,0,47,0,0.7704918032786885,0.30591722139162614,-0.6325124393403121,-2.0861687738703614,0.021086005755976765,0.03148205841560182,0.09410608920125065,1.3904095688377425,0.9390510431065717,0.33828886130801644,0.41331260954188537,1.0254033224733274,1.0988683309412168,1.193350249111175,290.59072865852534
188,40188,40018,900008,6a22834,v2_nested_200x10,1,1,1,success,62,21.245246103408043,17.932981268634848,14.687945123833487,56,1,30.0,0.45,20.0,1.0,25,1,200,0.002,100,10.0,1.0,0,52,0,0.8387096774193549,0.30591722139162614,-0.6325124393403121,-2.0861687738703614,0.021086005755976765,0.03148205841560182,0.09410608920125065,1.3904095688377425,0.9390510431065717,0.33828886130801644,0.41331260954188537,1.0254033224733274,1.0988683309412168,1.193350249111175,289.4301938375265
189,40189,40018,900009,6a22834,v2_nested_200x10,1,1,1,success,71,40.12298092795163,66.13437672257938,38.738987184299724,65,1,30.0,0.45,20.0,1.0,25,1,200,0.002,100,10.0,1.0,0,55,0,0.7746478873239436,0.30591722139162614,-0.6325124393403121,-2.0861687738703614,0.021086005755976765,0.03148205841560182,0.09410608920125065,1.3904095688377425,0.9390510431065717,0.33828886130801644,0.41331260954188537,1.0254033224733274,1.0988683309412168,1.193350249111175,274.72806547896295
190,40190,40019,900000,6a22834,v2_nested_200x10,1,1,1,success,56,8.400559667418454,25.143524894721892,12.57987135933257,48,1,30.0,0.45,20.0,1.0,25,1,200,0.002,100,10.0,1.0,0,49,0,0.875,0.3673138861807549,-0.4407976833303211,2.4017216756059874,0.021978101080514217,0.03846754562208996,0.05489002514645422,1.3183548157776883,1.2148657656922923,0.34584563733467255,0.3364232214085467,0.9499596477237949,1.002370898200096,1.1011605107773752,285.4109769219233
191,40191,40019,900001,6a22834,v2_nested_200x10,1,1,1,success,59,7.460660883069637,12.0127753389124,3.7767235935407397,50,1,30.0,0.45,20.0,1.0,25,1,200,0.002,100,10.0,1.0,0,53,0,0.8983050847457628,0.3673138861807549,-0.4407976833303211,2.4017216756059874,0.021978101080514217,0.03846754562208996,0.05489002514645422,1.3183548157776883,1.2148657656922923,0.34584563733467255,0.3364232214085467,0.9499596477237949,1.002370898200096,1.1011605107773752,286.44934859135896
192,40192,40019,900002,6a22834,v2_nested_200x10,1,1,1,success,54,11.852633777642875,20.2301927244389,11.157165836995338,46,1,30.0,0.45,20.0,1.0,25,1,200,0.002,100,10.0,1.0,3,42,0,0.7777777777777778,0.3673138861807549,-0.4407976833303211,2.4017216756059874,0.021978101080514217,0.03846754562208996,0.05489002514645422,1.3183548157776883,1.2148657656922923,0.34584563733467255,0.3364232214085467,0.9499596477237949,1.002370898200096,1.1011605107773752,283.226207209534
193,40193,40019,900003,6a22834,v2_nested_200x10,1,1,1,success,56,15.841690671436023,25.00577424899266,19.50082997525408,47,1,30.0,0.45,20.0,1.0,25,1,200,0.002,100,10.0,1.0,4,48,0,0.8571428571428571,0.3673138861807549,-0.4407976833303211,2.4017216756059874,0.021978101080514217,0.03846754562208996,0.05489002514645422,1.3183548157776883,1.2148657656922923,0.34584563733467255,0.3364232214085467,0.9499596477237949,1.002370898200096,1.1011605107773752,280.09099916446456
194,40194,40019,900004,6a22834,v2_nested_200x10,1,1,1,success,54,6.973715306313039,23.71908480996636,14.269278882215039,46,1,30.0,0.45,20.0,1.0,25,1,200,0.002,100,10.0,1.0,0,45,0,0.8333333333333334,0.3673138861807549,-0.4407976833303211,2.4017216756059874,0.021978101080514217,0.03846754562208996,0.05489002514645422,1.3183548157776883,1.2148657656922923,0.34584563733467255,0.3364232214085467,0.9499596477237949,1.002370898200096,1.1011605107773752,286.3864106053269
195,40195,40019,900005,6a22834,v2_nested_200x10,1,1,1,success,57,4.339361598792837,9.747448952305078,0.1924376842232549,52,1,30.0,0.45,20.0,1.0,25,1,200,0.002,100,10.0,1.0,0,51,0,0.8947368421052632,0.3673138861807549,-0.4407976833303211,2.4017216756059874,0.021978101080514217,0.03846754562208996,0.05489002514645422,1.3183548157776883,1.2148657656922923,0.34584563733467255,0.3364232214085467,0.9499596477237949,1.002370898200096,1.1011605107773752,286.3750190020593
196,40196,40019,900006,6a22834,v2_nested_200x10,1,1,1,success,56,16.33824349469856,22.347878341212134,8.17837624768698,52,1,30.0,0.45,20.0,1.0,25,1,200,0.002,100,10.0,1.0,3,48,0,0.8571428571428571,0.3673138861807549,-0.4407976833303211,2.4017216756059874,0.021978101080514217,0.03846754562208996,0.05489002514645422,1.3183548157776883,1.2148657656922923,0.34584563733467255,0.3364232214085467,0.9499596477237949,1.002370898200096,1.1011605107773752,284.8825384955394
197,40197,40019,900007,6a22834,v2_nested_200x10,1,1,1,success,54,16.52253167027413,20.23000182222761,8.01155387509268,47,1,30.0,0.45,20.0,1.0,25,1,200,0.002,100,10.0,1.0,0,44,0,0.8148148148148148,0.3673138861807549,-0.4407976833303211,2.4017216756059874,0.021978101080514217,0.03846754562208996,0.05489002514645422,1.3183548157776883,1.2148657656922923,0.34584563733467255,0.3364232214085467,0.9499596477237949,1.002370898200096,1.1011605107773752,284.67442515430497
198,40198,40019,900008,6a22834,v2_nested_200x10,1,1,1,success,54,15.033159471590828,27.842337527515728,22.189393056169227,44,1,30.0,0.45,20.0,1.0,25,1,200,0.002,100,10.0,1.0,0,44,0,0.8148148148148148,0.3673138861807549,-0.4407976833303211,2.4017216756059874,0.021978101080514217,0.03846754562208996,0.05489002514645422,1.3183548157776883,1.2148657656922923,0.34584563733467255,0.3364232214085467,0.9499596477237949,1.002370898200096,1.1011605107773752,285.3301162241272
199,40199,40019,900009,6a22834,v2_nested_200x10,1,1,1,success,56,13.696478254623813,20.057399191245047,13.301521064854201,47,1,30.0,0.45,20.0,1.0,25,1,200,0.002,100,10.0,1.0,0,47,0,0.8392857142857143,0.3673138861807549,-0.4407976833303211,2.4017216756059874,0.021978101080514217,0.03846754562208996,0.05489002514645422,1.3183548157776883,1.2148657656922923,0.34584563733467255,0.3364232214085467,0.9499596477237949,1.002370898200096,1.1011605107773752,285.27165107359593
200,40200,40020,900000,6a22834,v2_nested_200x10,0,1,0,timeout,200,51.77120351679944,45.74712455094101,9.555386373496566,152,1,30.0,0.45,20.0,1.0,25,1,200,0.002,100,10.0,1.0,0,190,0,0.95,0.3404108844022021,-0.20019752407229607,1.823724857851877,0.02530825227059994,0.036475419534163056,0.038514375112670134,1.180421318999695,0.7622235460111199,0.32860274540644324,0.4246455003987745,0.9341019168141163,1.0546459369051437,0.9525315579344127,47.79370127944665
201,40201,40020,900001,6a22834,v2_nested_200x10,1,1,1,success,53,9.171291009626254,7.268666766451713,11.861665441789885,47,1,30.0,0.45,20.0,1.0,25,1,200,0.002,100,10.0,1.0,0,42,0,0.7924528301886793,0.3404108844022021,-0.20019752407229607,1.823724857851877,0.02530825227059994,0.036475419534163056,0.038514375112670134,1.180421318999695,0.7622235460111199,0.32860274540644324,0.4246455003987745,0.9341019168141163,1.0546459369051437,0.9525315579344127,281.9177037732671
202,40202,40020,900002,6a22834,v2_nested_200x10,1,1,1,success,51,34.6964675379773,17.147522711173764,43.149756822192515,43,1,30.0,0.45,20.0,1.0,25,1,200,0.002,100,10.0,1.0,3,33,0,0.6470588235294118,0.3404108844022021,-0.20019752407229607,1.823724857851877,0.02530825227059994,0.036475419534163056,0.038514375112670134,1.180421318999695,0.7622235460111199,0.32860274540644324,0.4246455003987745,0.9341019168141163,1.0546459369051437,0.9525315579344127,277.26627407008556
203,40203,40020,900003,6a22834,v2_nested_200x10,1,1,1,success,53,15.936621616735303,4.97073740103152,21.886231408435147,44,1,30.0,0.45,20.0,1.0,25,1,200,0.002,100,10.0,1.0,0,36,0,0.6792452830188679,0.3404108844022021,-0.20019752407229607,1.823724857851877,0.02530825227059994,0.036475419534163056,0.038514375112670134,1.180421318999695,0.7622235460111199,0.32860274540644324,0.4246455003987745,0.9341019168141163,1.0546459369051437,0.9525315579344127,282.25114283488836
204,40204,40020,900004,6a22834,v2_nested_200x10,1,1,1,success,51,15.884970890947283,9.367198476259126,9.155499054743878,45,1,30.0,0.45,20.0,1.0,25,1,200,0.002,100,10.0,1.0,0,43,0,0.8431372549019608,0.3404108844022021,-0.20019752407229607,1.823724857851877,0.02530825227059994,0.036475419534163056,0.038514375112670134,1.180421318999695,0.7622235460111199,0.32860274540644324,0.4246455003987745,0.9341019168141163,1.0546459369051437,0.9525315579344127,281.8084944879923
205,40205,40020,900005,6a22834,v2_nested_200x10,1,1,1,success,51,5.230631005599784,8.539588036871262,8.782608636336104,46,1,30.0,0.45,20.0,1.0,25,1,200,0.002,100,10.0,1.0,0,40,0,0.7843137254901961,0.3404108844022021,-0.20019752407229607,1.823724857851877,0.02530825227059994,0.036475419534163056,0.038514375112670134,1.180421318999695,0.7622235460111199,0.32860274540644324,0.4246455003987745,0.9341019168141163,1.0546459369051437,0.9525315579344127,282.88774622573
206,40206,40020,900006,6a22834,v2_nested_200x10,1,1,1,success,51,12.387070639905835,13.036053994657783,23.677989359253537,44,1,30.0,0.45,20.0,1.0,25,1,200,0.002,100,10.0,1.0,0,38,0,0.7450980392156863,0.3404108844022021,-0.20019752407229607,1.823724857851877,0.02530825227059994,0.036475419534163056,0.038514375112670134,1.180421318999695,0.7622235460111199,0.32860274540644324,0.4246455003987745,0.9341019168141163,1.0546459369051437,0.9525315579344127,282.0978445716124
207,40207,40020,900007,6a22834,v2_nested_200x10,1,1,1,success,52,9.182701070848205,6.125346630881042,17.79262244916886,44,1,30.0,0.45,20.0,1.0,25,1,200,0.002,100,10.0,1.0,0,36,0,0.6923076923076923,0.3404108844022021,-0.20019752407229607,1.823724857851877,0.02530825227059994,0.036475419534163056,0.038514375112670134,1.180421318999695,0.7622235460111199,0.32860274540644324,0.4246455003987745,0.9341019168141163,1.0546459369051437,0.9525315579344127,282.52342409244517
208,40208,40020,900008,6a22834,v2_nested_200x10,1,1,1,success,50,14.175355338714674,6.104019471153297,14.303741104773172,44,1,30.0,0.45,20.0,1.0,25,1,200,0.002,100,10.0,1.0,0,38,0,0.76,0.3404108844022021,-0.20019752407229607,1.823724857851877,0.02530825227059994,0.036475419534163056,0.038514375112670134,1.180421318999695,0.7622235460111199,0.32860274540644324,0.4246455003987745,0.9341019168141163,1.0546459369051437,0.9525315579344127,281.31261583544676
209,40209,40020,900009,6a22834,v2_nested_200x10,1,1,1,success,50,10.581194969862064,8.347829298139256,17.716087504509304,44,1,30.0,0.45,20.0,1.0,25,1,200,0.002,100,10.0,1.0,0,38,0,0.76,0.3404108844022021,-0.20019752407229607,1.823724857851877,0.02530825227059994,0.036475419534163056,0.038514375112670134,1.180421318999695,0.7622235460111199,0.32860274540644324,0.4246455003987745,0.9341019168141163,1.0546459369051437,0.9525315579344127,283.7560433898334
210,40210,40021,900000,6a22834,v2_nested_200x10,1,1,1,success,64,19.229356776728423,13.35617442616512,10.138634697998572,56,1,30.0,0.45,20.0,1.0,25,1,200,0.002,100,10.0,1.0,0,50,0,0.78125,0.32424149978207917,-0.6176020197373066,-2.0138312411752275,0.023074331112836764,0.03332620582096614,0.06677236286057417,1.2950147982973932,1.3506651912110919,0.3119021107245107,0.5897430934027811,0.9869419534281384,1.0016805842112528,1.0321765803282028,290.9397703447664
211,40211,40021,900001,6a22834,v2_nested_200x10,1,1,1,success,69,20.33098725370159,15.770023376426732,11.03863278917707,59,1,30.0,0.45,20.0,1.0,25,1,200,0.002,100,10.0,1.0,0,54,0,0.782608695652174,0.32424149978207917,-0.6176020197373066,-2.0138312411752275,0.023074331112836764,0.03332620582096614,0.06677236286057417,1.2950147982973932,1.3506651912110919,0.3119021107245107,0.5897430934027811,0.9869419534281384,1.0016805842112528,1.0321765803282028,291.55805347853374
212,40212,40021,900002,6a22834,v2_nested_200x10,1,1,1,success,62,8.085653415957497,25.10605399318892,14.491302622016272,53,1,30.0,0.45,20.0,1.0,25,1,200,0.002,100,10.0,1.0,0,51,0,0.8225806451612904,0.32424149978207917,-0.6176020197373066,-2.0138312411752275,0.023074331112836764,0.03332620582096614,0.06677236286057417,1.2950147982973932,1.3506651912110919,0.3119021107245107,0.5897430934027811,0.9869419534281384,1.0016805842112528,1.0321765803282028,290.76898887943184
213,40213,40021,900003,6a22834,v2_nested_200x10,1,1,1,success,66,7.910157771260822,15.225463600896433,9.481779910720663,58,1,30.0,0.45,20.0,1.0,25,1,200,0.002,100,10.0,1.0,0,54,0,0.8181818181818182,0.32424149978207917,-0.6176020197373066,-2.0138312411752275,0.023074331112836764,0.03332620582096614,0.06677236286057417,1.2950147982973932,1.3506651912110919,0.3119021107245107,0.5897430934027811,0.9869419534281384,1.0016805842112528,1.0321765803282028,290.69258844824236
214,40214,40021,900004,6a22834,v2_nested_200x10,1,1,1,success,63,16.611741969354412,21.39897159656572,12.889545684096287,58,1,30.0,0.45,20.0,1.0,25,1,200,0.002,100,10.0,1.0,0,47,0,0.746031746031746,0.32424149978207917,-0.6176020197373066,-2.0138312411752275,0.023074331112836764,0.03332620582096614,0.06677236286057417,1.2950147982973932,1.3506651912110919,0.3119021107245107,0.5897430934027811,0.9869419534281384,1.0016805842112528,1.0321765803282028,286.0232201687666
215,40215,40021,900005,6a22834,v2_nested_200x10,1,1,1,success,65,25.418030123180337,21.378415989927696,8.463283851452728,57,1,30.0,0.45,20.0,1.0,25,1,200,0.002,100,10.0,1.0,0,44,0,0.676923076923077,0.32424149978207917,-0.6176020197373066,-2.0138312411752275,0.023074331112836764,0.03332620582096614,0.06677236286057417,1.2950147982973932,1.3506651912110919,0.3119021107245107,0.5897430934027811,0.9869419534281384,1.0016805842112528,1.0321765803282028,290.6596528840619
216,40216,40021,900006,6a22834,v2_nested_200x10,1,1,1,success,64,23.3748807193117,14.438157729402707,8.484004142452232,57,1,30.0,0.45,20.0,1.0,25,1,200,0.002,100,10.0,1.0,0,50,0,0.78125,0.32424149978207917,-0.6176020197373066,-2.0138312411752275,0.023074331112836764,0.03332620582096614,0.06677236286057417,1.2950147982973932,1.3506651912110919,0.3119021107245107,0.5897430934027811,0.9869419534281384,1.0016805842112528,1.0321765803282028,290.73584972943036
217,40217,40021,900007,6a22834,v2_nested_200x10,1,1,1,success,60,11.060413086020867,18.362260140250434,7.923225298897739,54,1,30.0,0.45,20.0,1.0,25,1,200,0.002,100,10.0,1.0,0,48,0,0.8,0.32424149978207917,-0.6176020197373066,-2.0138312411752275,0.023074331112836764,0.03332620582096614,0.06677236286057417,1.2950147982973932,1.3506651912110919,0.3119021107245107,0.5897430934027811,0.9869419534281384,1.0016805842112528,1.0321765803282028,291.06748375711925
218,40218,40021,900008,6a22834,v2_nested_200x10,1,1,1,success,62,9.543748122773263,10.288265416473859,4.22336102409463,56,1,30.0,0.45,20.0,1.0,25,1,200,0.002,100,10.0,1.0,0,48,0,0.7741935483870968,0.32424149978207917,-0.6176020197373066,-2.0138312411752275,0.023074331112836764,0.03332620582096614,0.06677236286057417,1.2950147982973932,1.3506651912110919,0.3119021107245107,0.5897430934027811,0.9869419534281384,1.0016805842112528,1.0321765803282028,290.70930619010136
219,40219,40021,900009,6a22834,v2_nested_200x10,1,1,1,success,63,14.697972594234333,23.926389559341047,8.586197656470464,54,1,30.0,0.45,20.0,1.0,25,1,200,0.002,100,10.0,1.0,0,48,0,0.7619047619047619,0.32424149978207917,-0.6176020197373066,-2.0138312411752275,0.023074331112836764,0.03332620582096614,0.06677236286057417,1.2950147982973932,1.3506651912110919,0.3119021107245107,0.5897430934027811,0.9869419534281384,1.0016805842112528,1.0321765803282028,289.3393708727878
220,40220,40022,900000,6a22834,v2_nested_200x10,1,1,1,success,59,23.097653052520517,34.42041567919831,14.339195839257334,52,1,30.0,0.45,20.0,1.0,25,1,200,0.002,100,10.0,1.0,0,50,0,0.847457627118644,0.3394404997748752,-0.329894117252392,2.7825891259277293,0.026119038993967756,0.03349518078361921,0.0968237561190905,1.1292314872075397,0.9274833565035219,0.3142851066632115,0.6905233193350948,1.043525400562223,1.1038146516541945,1.100290028087214,289.89040468280024
221,40221,40022,900001,6a22834,v2_nested_200x10,1,1,1,success,60,20.435986330119288,22.59748058822281,2.488415594441664,54,1,30.0,0.45,20.0,1.0,25,1,200,0.002,100,10.0,1.0,0,50,0,0.8333333333333334,0.3394404997748752,-0.329894117252392,2.7825891259277293,0.026119038993967756,0.03349518078361921,0.0968237561190905,1.1292314872075397,0.9274833565035219,0.3142851066632115,0.6905233193350948,1.043525400562223,1.1038146516541945,1.100290028087214,285.388175675549
222,40222,40022,900002,6a22834,v2_nested_200x10,1,1,1,success,58,23.92487528023468,22.038534570269377,7.920273052970287,50,1,30.0,0.45,20.0,1.0,25,1,200,0.002,100,10.0,1.0,0,46,0,0.7931034482758621,0.3394404997748752,-0.329894117252392,2.7825891259277293,0.026119038993967756,0.03349518078361921,0.0968237561190905,1.1292314872075397,0.9274833565035219,0.3142851066632115,0.6905233193350948,1.043525400562223,1.1038146516541945,1.100290028087214,284.2731862544232
223,40223,40022,900003,6a22834,v2_nested_200x10,1,1,1,success,60,21.347553496775745,16.487816732082454,6.630483958396204,51,1,30.0,0.45,20.0,1.0,25,1,200,0.002,100,10.0,1.0,0,46,0,0.7666666666666667,0.3394404997748752,-0.329894117252392,2.7825891259277293,0.026119038993967756,0.03349518078361921,0.0968237561190905,1.1292314872075397,0.9274833565035219,0.3142851066632115,0.6905233193350948,1.043525400562223,1.1038146516541945,1.100290028087214,282.9213068370202
224,40224,40022,900004,6a22834,v2_nested_200x10,1,1,1,success,61,20.081118124105668,29.132602980810812,11.192140671439665,51,1,30.0,0.45,20.0,1.0,25,1,200,0.002,100,10.0,1.0,0,44,0,0.7213114754098361,0.3394404997748752,-0.329894117252392,2.7825891259277293,0.026119038993967756,0.03349518078361921,0.0968237561190905,1.1292314872075397,0.9274833565035219,0.3142851066632115,0.6905233193350948,1.043525400562223,1.1038146516541945,1.100290028087214,268.72847847538645
225,40225,40022,900005,6a22834,v2_nested_200x10,1,1,1,success,58,28.436148207001814,24.761068935168673,1.0154004366930252,54,1,30.0,0.45,20.0,1.0,25,1,200,0.002,100,10.0,1.0,0,48,0,0.8275862068965517,0.3394404997748752,-0.329894117252392,2.7825891259277293,0.026119038993967756,0.03349518078361921,0.0968237561190905,1.1292314872075397,0.9274833565035219,0.3142851066632115,0.6905233193350948,1.043525400562223,1.1038146516541945,1.100290028087214,283.9404187620775
226,40226,40022,900006,6a22834,v2_nested_200x10,1,1,1,success,58,18.649495563381244,22.87433316612807,5.567283641647341,51,1,30.0,0.45,20.0,1.0,25,1,200,0.002,100,10.0,1.0,0,48,0,0.8275862068965517,0.3394404997748752,-0.329894117252392,2.7825891259277293,0.026119038993967756,0.03349518078361921,0.0968237561190905,1.1292314872075397,0.9274833565035219,0.3142851066632115,0.6905233193350948,1.043525400562223,1.1038146516541945,1.100290028087214,285.4513826619277
227,40227,40022,900007,6a22834,v2_nested_200x10,1,1,1,success,52,28.869567793175634,29.433249805042518,4.594201692412302,49,1,30.0,0.45,20.0,1.0,25,1,200,0.002,100,10.0,1.0,0,43,0,0.8269230769230769,0.3394404997748752,-0.329894117252392,2.7825891259277293,0.026119038993967756,0.03349518078361921,0.0968237561190905,1.1292314872075397,0.9274833565035219,0.3142851066632115,0.6905233193350948,1.043525400562223,1.1038146516541945,1.100290028087214,274.90580370780606
228,40228,40022,900008,6a22834,v2_nested_200x10,1,1,1,success,57,27.691092126547286,25.4212309151853,9.22265825131559,53,1,30.0,0.45,20.0,1.0,25,1,200,0.002,100,10.0,1.0,0,44,0,0.7719298245614035,0.3394404997748752,-0.329894117252392,2.7825891259277293,0.026119038993967756,0.03349518078361921,0.0968237561190905,1.1292314872075397,0.9274833565035219,0.3142851066632115,0.6905233193350948,1.043525400562223,1.1038146516541945,1.100290028087214,284.85688668923217
229,40229,40022,900009,6a22834,v2_nested_200x10,1,1,1,success,57,28.534868677385504,27.797107649025925,1.6283602652732647,54,1,30.0,0.45,20.0,1.0,25,1,200,0.002,100,10.0,1.0,0,49,0,0.8596491228070176,0.3394404997748752,-0.329894117252392,2.7825891259277293,0.026119038993967756,0.03349518078361921,0.0968237561190905,1.1292314872075397,0.9274833565035219,0.3142851066632115,0.6905233193350948,1.043525400562223,1.1038146516541945,1.100290028087214,276.3573334787693
230,40230,40023,900000,6a22834,v2_nested_200x10,1,1,1,success,68,9.047175207248443,42.24744396127903,23.225760293809603,59,1,30.0,0.45,20.0,1.0,25,1,200,0.002,100,10.0,1.0,0,54,0,0.7941176470588235,0.38708410751699784,-0.517700821573086,-1.9741174534880905,0.02064057222981056,0.03300645973344415,0.09527018572284536,1.0406704021341084,0.9712500143187529,0.3695218441972091,0.5590578591899618,0.9440305992159507,1.0058803052047043,1.1552562021588226,291.09234916891313
231,40231,40023,900001,6a22834,v2_nested_200x10,1,1,1,success,68,9.355233280260943,20.567557274365992,5.0983386462377815,62,1,30.0,0.45,20.0,1.0,25,1,200,0.002,100,10.0,1.0,0,51,0,0.75,0.38708410751699784,-0.517700821573086,-1.9741174534880905,0.02064057222981056,0.03300645973344415,0.09527018572284536,1.0406704021341084,0.9712500143187529,0.3695218441972091,0.5590578591899618,0.9440305992159507,1.0058803052047043,1.1552562021588226,290.9303555780972
232,40232,40023,900002,6a22834,v2_nested_200x10,0,1,0,timeout,200,81.41620114562004,82.93934741781031,40.55141154386787,52,1,30.0,0.45,20.0,1.0,25,1,200,0.002,100,10.0,1.0,0,183,0,0.915,0.38708410751699784,-0.517700821573086,-1.9741174534880905,0.02064057222981056,0.03300645973344415,0.09527018572284536,1.0406704021341084,0.9712500143187529,0.3695218441972091,0.5590578591899618,0.9440305992159507,1.0058803052047043,1.1552562021588226,30.55048709129565
233,40233,40023,900003,6a22834,v2_nested_200x10,1,1,1,success,67,43.421567574369575,34.3160097567911,49.77802146683214,58,1,30.0,0.45,20.0,1.0,25,1,200,0.002,100,10.0,1.0,0,47,0,0.7014925373134329,0.38708410751699784,-0.517700821573086,-1.9741174534880905,0.02064057222981056,0.03300645973344415,0.09527018572284536,1.0406704021341084,0.9712500143187529,0.3695218441972091,0.5590578591899618,0.9440305992159507,1.0058803052047043,1.1552562021588226,291.1996786467316
234,40234,40023,900004,6a22834,v2_nested_200x10,1,1,1,success,64,10.846097390940642,26.80600789873215,12.330561952640124,57,1,30.0,0.45,20.0,1.0,25,1,200,0.002,100,10.0,1.0,0,52,0,0.8125,0.38708410751699784,-0.517700821573086,-1.9741174534880905,0.02064057222981056,0.03300645973344415,0.09527018572284536,1.0406704021341084,0.9712500143187529,0.3695218441972091,0.5590578591899618,0.9440305992159507,1.0058803052047043,1.1552562021588226,292.4274733611668
235,40235,40023,900005,6a22834,v2_nested_200x10,1,1,1,success,63,7.038848639888859,31.80361569433069,9.246905974193403,57,1,30.0,0.45,20.0,1.0,25,1,200,0.002,100,10.0,1.0,0,49,0,0.7777777777777778,0.38708410751699784,-0.517700821573086,-1.9741174534880905,0.02064057222981056,0.03300645973344415,0.09527018572284536,1.0406704021341084,0.9712500143187529,0.3695218441972091,0.5590578591899618,0.9440305992159507,1.0058803052047043,1.1552562021588226,293.84080168027776
236,40236,40023,900006,6a22834,v2_nested_200x10,1,1,1,success,65,17.867698634322785,27.191349078458416,1.2407643198608538,59,1,30.0,0.45,20.0,1.0,25,1,200,0.002,100,10.0,1.0,0,47,0,0.7230769230769231,0.38708410751699784,-0.517700821573086,-1.9741174534880905,0.02064057222981056,0.03300645973344415,0.09527018572284536,1.0406704021341084,0.9712500143187529,0.3695218441972091,0.5590578591899618,0.9440305992159507,1.0058803052047043,1.1552562021588226,291.78313469369584
237,40237,40023,900007,6a22834,v2_nested_200x10,1,1,1,success,85,7.955597282463963,16.961242891962492,0.14204238275807404,82,1,30.0,0.45,20.0,1.0,25,1,200,0.002,100,10.0,1.0,0,69,0,0.8117647058823529,0.38708410751699784,-0.517700821573086,-1.9741174534880905,0.02064057222981056,0.03300645973344415,0.09527018572284536,1.0406704021341084,0.9712500143187529,0.3695218441972091,0.5590578591899618,0.9440305992159507,1.0058803052047043,1.1552562021588226,291.68284535630795
238,40238,40023,900008,6a22834,v2_nested_200x10,1,1,1,success,67,3.7737163744226123,25.016680184947344,15.022777745792006,58,1,30.0,0.45,20.0,1.0,25,1,200,0.002,100,10.0,1.0,0,53,0,0.7910447761194029,0.38708410751699784,-0.517700821573086,-1.9741174534880905,0.02064057222981056,0.03300645973344415,0.09527018572284536,1.0406704021341084,0.9712500143187529,0.3695218441972091,0.5590578591899618,0.9440305992159507,1.0058803052047043,1.1552562021588226,291.36386085256265
239,40239,40023,900009,6a22834,v2_nested_200x10,1,1,1,success,65,12.160208773393688,24.43137053817241,16.610206776194232,57,1,30.0,0.45,20.0,1.0,25,1,200,0.002,100,10.0,1.0,0,52,0,0.8,0.38708410751699784,-0.517700821573086,-1.9741174534880905,0.02064057222981056,0.03300645973344415,0.09527018572284536,1.0406704021341084,0.9712500143187529,0.3695218441972091,0.5590578591899618,0.9440305992159507,1.0058803052047043,1.1552562021588226,293.1286338058394
240,40240,40024,900000,6a22834,v2_nested_200x10,1,1,1,success,52,0.7939358583536839,14.409626521352653,17.32101219062999,45,1,30.0,0.45,20.0,1.0,25,1,200,0.002,100,10.0,1.0,0,41,0,0.7884615384615384,0.3278932047623287,-0.26707550460503054,0.10967616372217481,0.020502990532747633,0.031064800878282877,0.10357391346850549,1.0501703481939941,0.8826085211152621,0.3225629630610509,0.3926190211551111,1.1623070484618119,1.0501605780384964,1.1093522148277744,282.90769707162667
241,40241,40024,900001,6a22834,v2_nested_200x10,1,1,1,success,62,4.524183705680147,21.63165152781462,17.36722138806293,45,1,30.0,0.45,20.0,1.0,25,1,200,0.002,100,10.0,1.0,0,44,0,0.7096774193548387,0.3278932047623287,-0.26707550460503054,0.10967616372217481,0.020502990532747633,0.031064800878282877,0.10357391346850549,1.0501703481939941,0.8826085211152621,0.3225629630610509,0.3926190211551111,1.1623070484618119,1.0501605780384964,1.1093522148277744,281.312663706263
242,40242,40024,900002,6a22834,v2_nested_200x10,1,1,1,success,53,5.382484345155043,8.040076119042396,10.993614454138337,45,1,30.0,0.45,20.0,1.0,25,1,200,0.002,100,10.0,1.0,0,35,0,0.660377358490566,0.3278932047623287,-0.26707550460503054,0.10967616372217481,0.020502990532747633,0.031064800878282877,0.10357391346850549,1.0501703481939941,0.8826085211152621,0.3225629630610509,0.3926190211551111,1.1623070484618119,1.0501605780384964,1.1093522148277744,281.77748068168853
243,40243,40024,900003,6a22834,v2_nested_200x10,1,1,1,success,52,9.999383295049997,1.4313568530231633,6.9623355166075935,46,1,30.0,0.45,20.0,1.0,25,1,200,0.002,100,10.0,1.0,0,36,0,0.6923076923076923,0.3278932047623287,-0.26707550460503054,0.10967616372217481,0.020502990532747633,0.031064800878282877,0.10357391346850549,1.0501703481939941,0.8826085211152621,0.3225629630610509,0.3926190211551111,1.1623070484618119,1.0501605780384964,1.1093522148277744,282.1956229214958
244,40244,40024,900004,6a22834,v2_nested_200x10,1,1,1,success,53,8.423218674720383,6.930413746591478,2.8120756708833436,46,1,30.0,0.45,20.0,1.0,25,1,200,0.002,100,10.0,1.0,0,35,0,0.660377358490566,0.3278932047623287,-0.26707550460503054,0.10967616372217481,0.020502990532747633,0.031064800878282877,0.10357391346850549,1.0501703481939941,0.8826085211152621,0.3225629630610509,0.3926190211551111,1.1623070484618119,1.0501605780384964,1.1093522148277744,282.22024001480077
245,40245,40024,900005,6a22834,v2_nested_200x10,1,1,1,success,52,6.465044818593761,14.430438654891162,10.167922628117903,45,1,30.0,0.45,20.0,1.0,25,1,200,0.002,100,10.0,1.0,0,35,0,0.6730769230769231,0.3278932047623287,-0.26707550460503054,0.10967616372217481,0.020502990532747633,0.031064800878282877,0.10357391346850549,1.0501703481939941,0.8826085211152621,0.3225629630610509,0.3926190211551111,1.1623070484618119,1.0501605780384964,1.1093522148277744,280.01652031292826
246,40246,40024,900006,6a22834,v2_nested_200x10,1,1,1,success,53,4.94166597443456,6.736568001563486,7.612185086317725,45,1,30.0,0.45,20.0,1.0,25,1,200,0.002,100,10.0,1.0,0,35,0,0.660377358490566,0.3278932047623287,-0.26707550460503054,0.10967616372217481,0.020502990532747633,0.031064800878282877,0.10357391346850549,1.0501703481939941,0.8826085211152621,0.3225629630610509,0.3926190211551111,1.1623070484618119,1.0501605780384964,1.1093522148277744,282.6926907346633
247,40247,40024,900007,6a22834,v2_nested_200x10,1,1,1,success,51,6.454271027924496,19.550358987479328,19.270749930322054,44,1,30.0,0.45,20.0,1.0,25,1,200,0.002,100,10.0,1.0,0,38,0,0.7450980392156863,0.3278932047623287,-0.26707550460503054,0.10967616372217481,0.020502990532747633,0.031064800878282877,0.10357391346850549,1.0501703481939941,0.8826085211152621,0.3225629630610509,0.3926190211551111,1.1623070484618119,1.0501605780384964,1.1093522148277744,282.26128795849274
248,40248,40024,900008,6a22834,v2_nested_200x10,1,1,1,success,58,6.524837435577101,29.90862867943256,25.405021183667227,43,1,30.0,0.45,20.0,1.0,25,1,200,0.002,100,10.0,1.0,0,42,0,0.7241379310344828,0.3278932047623287,-0.26707550460503054,0.10967616372217481,0.020502990532747633,0.031064800878282877,0.10357391346850549,1.0501703481939941,0.8826085211152621,0.3225629630610509,0.3926190211551111,1.1623070484618119,1.0501605780384964,1.1093522148277744,281.9057147866579
249,40249,40024,900009,6a22834,v2_nested_200x10,1,1,1,success,51,7.293697749949992,10.393502958101063,5.871217704000727,45,1,30.0,0.45,20.0,1.0,25,1,200,0.002,100,10.0,1.0,0,36,0,0.7058823529411765,0.3278932047623287,-0.26707550460503054,0.10967616372217481,0.020502990532747633,0.031064800878282877,0.10357391346850549,1.0501703481939941,0.8826085211152621,0.3225629630610509,0.3926190211551111,1.1623070484618119,1.0501605780384964,1.1093522148277744,281.3463844303968
250,40250,40025,900000,6a22834,v2_nested_200x10,1,1,1,success,72,15.488007396781668,8.624072154331339,10.605222630801316,65,1,30.0,0.45,20.0,1.0,25,1,200,0.002,100,10.0,1.0,0,65,0,0.9027777777777778,0.3528231833185588,-0.5163218894039849,-0.550654608784809,0.023502653338734587,0.03150719671927851,0.09610391625799389,1.8081625117446563,0.9766138662741799,0.353283287278167,0.6113614219157204,1.1074019530402242,0.9689767324877476,0.9938515673170769,289.13917903445645
251,40251,40025,900001,6a22834,v2_nested_200x10,1,1,1,success,66,18.70154324467978,8.726801031740335,9.097078326578336,60,1,30.0,0.45,20.0,1.0,25,1,200,0.002,100,10.0,1.0,0,52,0,0.7878787878787878,0.3528231833185588,-0.5163218894039849,-0.550654608784809,0.023502653338734587,0.03150719671927851,0.09610391625799389,1.8081625117446563,0.9766138662741799,0.353283287278167,0.6113614219157204,1.1074019530402242,0.9689767324877476,0.9938515673170769,289.73275001586006
252,40252,40025,900002,6a22834,v2_nested_200x10,1,1,1,success,62,18.887140255244738,14.408288144756222,8.072994497469814,57,1,30.0,0.45,20.0,1.0,25,1,200,0.002,100,10.0,1.0,0,48,0,0.7741935483870968,0.3528231833185588,-0.5163218894039849,-0.550654608784809,0.023502653338734587,0.03150719671927851,0.09610391625799389,1.8081625117446563,0.9766138662741799,0.353283287278167,0.6113614219157204,1.1074019530402242,0.9689767324877476,0.9938515673170769,290.21819638974887
253,40253,40025,900003,6a22834,v2_nested_200x10,1,1,1,success,64,21.242597741312956,18.711594176622008,5.07237250897058,56,1,30.0,0.45,20.0,1.0,25,1,200,0.002,100,10.0,1.0,0,49,0,0.765625,0.3528231833185588,-0.5163218894039849,-0.550654608784809,0.023502653338734587,0.03150719671927851,0.09610391625799389,1.8081625117446563,0.9766138662741799,0.353283287278167,0.6113614219157204,1.1074019530402242,0.9689767324877476,0.9938515673170769,288.29941544864215
254,40254,40025,900004,6a22834,v2_nested_200x10,1,1,1,success,63,16.960786111690307,14.767318966413558,5.195440066887237,59,1,30.0,0.45,20.0,1.0,25,1,200,0.002,100,10.0,1.0,0,52,0,0.8253968253968254,0.3528231833185588,-0.5163218894039849,-0.550654608784809,0.023502653338734587,0.03150719671927851,0.09610391625799389,1.8081625117446563,0.9766138662741799,0.353283287278167,0.6113614219157204,1.1074019530402242,0.9689767324877476,0.9938515673170769,288.28788956317317
255,40255,40025,900005,6a22834,v2_nested_200x10,1,1,1,success,64,28.008938833200215,22.94124344297425,9.396462781301873,57,1,30.0,0.45,20.0,1.0,25,1,200,0.002,100,10.0,1.0,0,47,0,0.734375,0.3528231833185588,-0.5163218894039849,-0.550654608784809,0.023502653338734587,0.03150719671927851,0.09610391625799389,1.8081625117446563,0.9766138662741799,0.353283287278167,0.6113614219157204,1.1074019530402242,0.9689767324877476,0.9938515673170769,289.081239874385
256,40256,40025,900006,6a22834,v2_nested_200x10,1,1,1,success,63,24.381564379784482,17.875863364414712,13.584072361162393,56,1,30.0,0.45,20.0,1.0,25,1,200,0.002,100,10.0,1.0,0,53,0,0.8412698412698413,0.3528231833185588,-0.5163218894039849,-0.550654608784809,0.023502653338734587,0.03150719671927851,0.09610391625799389,1.8081625117446563,0.9766138662741799,0.353283287278167,0.6113614219157204,1.1074019530402242,0.9689767324877476,0.9938515673170769,291.12412611052673
257,40257,40025,900007,6a22834,v2_nested_200x10,1,1,1,success,64,7.718736620404492,13.996368113638695,5.928031246501335,56,1,30.0,0.45,20.0,1.0,25,1,200,0.002,100,10.0,1.0,0,44,0,0.6875,0.3528231833185588,-0.5163218894039849,-0.550654608784809,0.023502653338734587,0.03150719671927851,0.09610391625799389,1.8081625117446563,0.9766138662741799,0.353283287278167,0.6113614219157204,1.1074019530402242,0.9689767324877476,0.9938515673170769,291.9531450619568
258,40258,40025,900008,6a22834,v2_nested_200x10,1,1,1,success,64,23.675299087034283,22.691641556488218,0.048953598175684884,61,1,30.0,0.45,20.0,1.0,25,1,200,0.002,100,10.0,1.0,0,51,0,0.796875,0.3528231833185588,-0.5163218894039849,-0.550654608784809,0.023502653338734587,0.03150719671927851,0.09610391625799389,1.8081625117446563,0.9766138662741799,0.353283287278167,0.6113614219157204,1.1074019530402242,0.9689767324877476,0.9938515673170769,290.6412362946086
259,40259,40025,900009,6a22834,v2_nested_200x10,1,1,1,success,64,22.99202404906272,16.929925476227538,3.2217226478359122,57,1,30.0,0.45,20.0,1.0,25,1,200,0.002,100,10.0,1.0,0,59,0,0.921875,0.3528231833185588,-0.5163218894039849,-0.550654608784809,0.023502653338734587,0.03150719671927851,0.09610391625799389,1.8081625117446563,0.9766138662741799,0.353283287278167,0.6113614219157204,1.1074019530402242,0.9689767324877476,0.9938515673170769,288.5257847979506
260,40260,40026,900000,6a22834,v2_nested_200x10,1,1,1,success,49,13.032120507943654,13.206205789091202,10.2035930574834,43,1,30.0,0.45,20.0,1.0,25,1,200,0.002,100,10.0,1.0,0,43,0,0.8775510204081632,0.32996723587977184,-0.24820120110208838,-2.3027792060216905,0.02185646062449687,0.03819005053280738,0.09758389331925862,0.8896589179595893,1.1246043349971462,0.3176493062135194,0.5238701707739061,1.0660408342615562,0.9803941417397323,1.020088827980982,280.7061779746063
261,40261,40026,900001,6a22834,v2_nested_200x10,1,1,1,success,52,20.766561988800127,21.838312307486976,5.358267386532409,43,1,30.0,0.45,20.0,1.0,25,1,200,0.002,100,10.0,1.0,0,45,0,0.8653846153846154,0.32996723587977184,-0.24820120110208838,-2.3027792060216905,0.02185646062449687,0.03819005053280738,0.09758389331925862,0.8896589179595893,1.1246043349971462,0.3176493062135194,0.5238701707739061,1.0660408342615562,0.9803941417397323,1.020088827980982,279.76110952267516
262,40262,40026,900002,6a22834,v2_nested_200x10,1,1,1,success,49,4.904132097663911,15.104186318252985,5.194901908354516,42,1,30.0,0.45,20.0,1.0,25,1,200,0.002,100,10.0,1.0,0,40,0,0.8163265306122449,0.32996723587977184,-0.24820120110208838,-2.3027792060216905,0.02185646062449687,0.03819005053280738,0.09758389331925862,0.8896589179595893,1.1246043349971462,0.3176493062135194,0.5238701707739061,1.0660408342615562,0.9803941417397323,1.020088827980982,280.95674336699585
263,40263,40026,900003,6a22834,v2_nested_200x10,1,1,1,success,50,16.266075585810256,9.880088920428575,11.749765386558215,42,1,30.0,0.45,20.0,1.0,25,1,200,0.002,100,10.0,1.0,0,41,0,0.82,0.32996723587977184,-0.24820120110208838,-2.3027792060216905,0.02185646062449687,0.03819005053280738,0.09758389331925862,0.8896589179595893,1.1246043349971462,0.3176493062135194,0.5238701707739061,1.0660408342615562,0.9803941417397323,1.020088827980982,280.22962392802435
264,40264,40026,900004,6a22834,v2_nested_200x10,1,1,1,success,47,3.38203144979566,16.464479527453896,11.971656752853566,41,1,30.0,0.45,20.0,1.0,25,1,200,0.002,100,10.0,1.0,0,38,0,0.8085106382978723,0.32996723587977184,-0.24820120110208838,-2.3027792060216905,0.02185646062449687,0.03819005053280738,0.09758389331925862,0.8896589179595893,1.1246043349971462,0.3176493062135194,0.5238701707739061,1.0660408342615562,0.9803941417397323,1.020088827980982,280.20733709328215
265,40265,40026,900005,6a22834,v2_nested_200x10,1,1,1,success,50,6.395614120687498,11.249497409914765,4.353027911496923,42,1,30.0,0.45,20.0,1.0,25,1,200,0.002,100,10.0,1.0,0,39,0,0.78,0.32996723587977184,-0.24820120110208838,-2.3027792060216905,0.02185646062449687,0.03819005053280738,0.09758389331925862,0.8896589179595893,1.1246043349971462,0.3176493062135194,0.5238701707739061,1.0660408342615562,0.9803941417397323,1.020088827980982,279.3062415290191
266,40266,40026,900006,6a22834,v2_nested_200x10,1,1,1,success,52,18.087267851072387,12.787967038838921,5.662093069070036,43,1,30.0,0.45,20.0,1.0,25,1,200,0.002,100,10.0,1.0,0,43,0,0.8269230769230769,0.32996723587977184,-0.24820120110208838,-2.3027792060216905,0.02185646062449687,0.03819005053280738,0.09758389331925862,0.8896589179595893,1.1246043349971462,0.3176493062135194,0.5238701707739061,1.0660408342615562,0.9803941417397323,1.020088827980982,279.6756657138058
267,40267,40026,900007,6a22834,v2_nested_200x10,1,1,1,success,55,19.875100011415046,9.165953851836528,12.93782791479627,42,1,30.0,0.45,20.0,1.0,25,1,200,0.002,100,10.0,1.0,0,47,0,0.8545454545454545,0.32996723587977184,-0.24820120110208838,-2.3027792060216905,0.02185646062449687,0.03819005053280738,0.09758389331925862,0.8896589179595893,1.1246043349971462,0.3176493062135194,0.5238701707739061,1.0660408342615562,0.9803941417397323,1.020088827980982,280.0209646803351
268,40268,40026,900008,6a22834,v2_nested_200x10,1,1,1,success,51,16.306678560115426,13.468490172928213,3.451090870680194,42,1,30.0,0.45,20.0,1.0,25,1,200,0.002,100,10.0,1.0,0,44,0,0.8627450980392157,0.32996723587977184,-0.24820120110208838,-2.3027792060216905,0.02185646062449687,0.03819005053280738,0.09758389331925862,0.8896589179595893,1.1246043349971462,0.3176493062135194,0.5238701707739061,1.0660408342615562,0.9803941417397323,1.020088827980982,280.49452356793836
269,40269,40026,900009,6a22834,v2_nested_200x10,1,1,1,success,55,7.974286948546365,18.741980075003525,2.1044776687772133,48,1,30.0,0.45,20.0,1.0,25,1,200,0.002,100,10.0,1.0,0,47,0,0.8545454545454545,0.32996723587977184,-0.24820120110208838,-2.3027792060216905,0.02185646062449687,0.03819005053280738,0.09758389331925862,0.8896589179595893,1.1246043349971462,0.3176493062135194,0.5238701707739061,1.0660408342615562,0.9803941417397323,1.020088827980982,281.42259065961724
270,40270,40027,900000,6a22834,v2_nested_200x10,1,1,1,success,43,11.215942082569738,10.119178325091713,11.988355892121993,37,1,30.0,0.45,20.0,1.0,25,1,200,0.002,100,10.0,1.0,0,35,0,0.813953488372093,0.3569672234415268,-0.2350400260420416,2.2935380361782514,0.022679294960703512,0.029817299028038573,0.051118703124162015,1.423639055863862,1.2931419847803718,0.3282739199192817,0.29839976796041867,1.024337188461082,1.0323205119622172,1.1393245011339417,280.18297383217043
271,40271,40027,900001,6a22834,v2_nested_200x10,1,1,1,success,46,15.831442987463827,10.059796924075002,10.75070942520445,38,1,30.0,0.45,20.0,1.0,25,1,200,0.002,100,10.0,1.0,0,36,0,0.782608695652174,0.3569672234415268,-0.2350400260420416,2.2935380361782514,0.022679294960703512,0.029817299028038573,0.051118703124162015,1.423639055863862,1.2931419847803718,0.3282739199192817,0.29839976796041867,1.024337188461082,1.0323205119622172,1.1393245011339417,280.06071263774015
272,40272,40027,900002,6a22834,v2_nested_200x10,1,1,1,success,41,16.69176518300138,10.700752810543245,27.245354373439927,34,1,30.0,0.45,20.0,1.0,25,1,200,0.002,100,10.0,1.0,0,31,0,0.7560975609756098,0.3569672234415268,-0.2350400260420416,2.2935380361782514,0.022679294960703512,0.029817299028038573,0.051118703124162015,1.423639055863862,1.2931419847803718,0.3282739199192817,0.29839976796041867,1.024337188461082,1.0323205119622172,1.1393245011339417,280.680082479718
273,40273,40027,900003,6a22834,v2_nested_200x10,1,1,1,success,42,10.984313105327452,14.177479846506683,24.794810403790542,35,1,30.0,0.45,20.0,1.0,25,1,200,0.002,100,10.0,1.0,0,34,0,0.8095238095238095,0.3569672234415268,-0.2350400260420416,2.2935380361782514,0.022679294960703512,0.029817299028038573,0.051118703124162015,1.423639055863862,1.2931419847803718,0.3282739199192817,0.29839976796041867,1.024337188461082,1.0323205119622172,1.1393245011339417,280.5909285063415
274,40274,40027,900004,6a22834,v2_nested_200x10,1,1,1,success,42,13.901139959515373,11.864608247598511,19.448849860828368,35,1,30.0,0.45,20.0,1.0,25,1,200,0.002,100,10.0,1.0,0,34,0,0.8095238095238095,0.3569672234415268,-0.2350400260420416,2.2935380361782514,0.022679294960703512,0.029817299028038573,0.051118703124162015,1.423639055863862,1.2931419847803718,0.3282739199192817,0.29839976796041867,1.024337188461082,1.0323205119622172,1.1393245011339417,280.7151740521663
275,40275,40027,900005,6a22834,v2_nested_200x10,1,1,1,success,41,5.440905798616134,12.470742153180478,17.291033307550986,35,1,30.0,0.45,20.0,1.0,25,1,200,0.002,100,10.0,1.0,0,35,0,0.8536585365853658,0.3569672234415268,-0.2350400260420416,2.2935380361782514,0.022679294960703512,0.029817299028038573,0.051118703124162015,1.423639055863862,1.2931419847803718,0.3282739199192817,0.29839976796041867,1.024337188461082,1.0323205119622172,1.1393245011339417,280.91892701403845
276,40276,40027,900006,6a22834,v2_nested_200x10,1,1,1,success,44,7.471063595943497,16.248697168809787,17.16572190577256,35,1,30.0,0.45,20.0,1.0,25,1,200,0.002,100,10.0,1.0,0,35,0,0.7954545454545454,0.3569672234415268,-0.2350400260420416,2.2935380361782514,0.022679294960703512,0.029817299028038573,0.051118703124162015,1.423639055863862,1.2931419847803718,0.3282739199192817,0.29839976796041867,1.024337188461082,1.0323205119622172,1.1393245011339417,280.8079410293742
277,40277,40027,900007,6a22834,v2_nested_200x10,1,1,1,success,43,18.108239812086012,11.48691329807025,22.901500948654792,36,1,30.0,0.45,20.0,1.0,25,1,200,0.002,100,10.0,1.0,0,39,0,0.9069767441860465,0.3569672234415268,-0.2350400260420416,2.2935380361782514,0.022679294960703512,0.029817299028038573,0.051118703124162015,1.423639055863862,1.2931419847803718,0.3282739199192817,0.29839976796041867,1.024337188461082,1.0323205119622172,1.1393245011339417,281.9894675595388
278,40278,40027,900008,6a22834,v2_nested_200x10,1,1,1,success,41,3.963863115909771,2.2177368095793133,5.538554248322392,37,1,30.0,0.45,20.0,1.0,25,1,200,0.002,100,10.0,1.0,0,33,0,0.8048780487804879,0.3569672234415268,-0.2350400260420416,2.2935380361782514,0.022679294960703512,0.029817299028038573,0.051118703124162015,1.423639055863862,1.2931419847803718,0.3282739199192817,0.29839976796041867,1.024337188461082,1.0323205119622172,1.1393245011339417,279.8390677709224
279,40279,40027,900009,6a22834,v2_nested_200x10,1,1,1,success,42,12.64819469327139,3.604281330111493,7.3005519168923305,36,1,30.0,0.45,20.0,1.0,25,1,200,0.002,100,10.0,1.0,0,34,0,0.8095238095238095,0.3569672234415268,-0.2350400260420416,2.2935380361782514,0.022679294960703512,0.029817299028038573,0.051118703124162015,1.423639055863862,1.2931419847803718,0.3282739199192817,0.29839976796041867,1.024337188461082,1.0323205119622172,1.1393245011339417,280.5300469808531
280,40280,40028,900000,6a22834,v2_nested_200x10,0,0,0,timeout,200,433.9436145801322,nan,nan,-1,1,30.0,0.45,20.0,1.0,25,1,200,0.002,100,10.0,1.0,0,187,0,0.935,0.379539203205831,-0.6996906147028581,1.8303012888928691,0.027155213803505416,0.036950629401225316,0.06335960382062565,1.5878546421710813,0.8868315382723497,0.3183278712540696,0.4852820737117086,1.0090268796800752,1.0367165867482198,0.895062280590147,-1.4272705811867588
281,40281,40028,900001,6a22834,v2_nested_200x10,1,1,1,success,86,3.190309709603122,24.56624008100296,3.8996125092412397,80,1,30.0,0.45,20.0,1.0,25,1,200,0.002,100,10.0,1.0,2,63,0,0.7325581395348837,0.379539203205831,-0.6996906147028581,1.8303012888928691,0.027155213803505416,0.036950629401225316,0.06335960382062565,1.5878546421710813,0.8868315382723497,0.3183278712540696,0.4852820737117086,1.0090268796800752,1.0367165867482198,0.895062280590147,287.7586281182697
282,40282,40028,900002,6a22834,v2_nested_200x10,0,0,0,timeout,200,421.1105696270746,nan,nan,-1,1,30.0,0.45,20.0,1.0,25,1,200,0.002,100,10.0,1.0,0,184,0,0.92,0.379539203205831,-0.6996906147028581,1.8303012888928691,0.027155213803505416,0.036950629401225316,0.06335960382062565,1.5878546421710813,0.8868315382723497,0.3183278712540696,0.4852820737117086,1.0090268796800752,1.0367165867482198,0.895062280590147,-10.76057987248916
283,40283,40028,900003,6a22834,v2_nested_200x10,1,1,1,success,81,3.009520272513047,36.208440799669255,37.239911781606,75,1,30.0,0.45,20.0,1.0,25,1,200,0.002,100,10.0,1.0,3,59,0,0.7283950617283951,0.379539203205831,-0.6996906147028581,1.8303012888928691,0.027155213803505416,0.036950629401225316,0.06335960382062565,1.5878546421710813,0.8868315382723497,0.3183278712540696,0.4852820737117086,1.0090268796800752,1.0367165867482198,0.895062280590147,289.36678071010147
284,40284,40028,900004,6a22834,v2_nested_200x10,0,1,0,timeout,200,335.7745659715402,158.87500057324343,176.9608779362337,51,1,30.0,0.45,20.0,1.0,25,1,200,0.002,100,10.0,1.0,0,170,0,0.85,0.379539203205831,-0.6996906147028581,1.8303012888928691,0.027155213803505416,0.036950629401225316,0.06335960382062565,1.5878546421710813,0.8868315382723497,0.3183278712540696,0.4852820737117086,1.0090268796800752,1.0367165867482198,0.895062280590147,30.8571792961016
285,40285,40028,900005,6a22834,v2_nested_200x10,0,0,0,timeout,200,397.01683616117094,nan,nan,-1,1,30.0,0.45,20.0,1.0,25,1,200,0.002,100,10.0,1.0,0,184,0,0.92,0.379539203205831,-0.6996906147028581,1.8303012888928691,0.027155213803505416,0.036950629401225316,0.06335960382062565,1.5878546421710813,0.8868315382723497,0.3183278712540696,0.4852820737117086,1.0090268796800752,1.0367165867482198,0.895062280590147,-7.741875239002105
286,40286,40028,900006,6a22834,v2_nested_200x10,0,0,0,timeout,200,446.03859928322447,nan,nan,-1,0,30.0,0.45,20.0,1.0,25,1,200,0.002,100,10.0,1.0,0,186,0,0.93,0.379539203205831,-0.6996906147028581,1.8303012888928691,0.027155213803505416,0.036950629401225316,0.06335960382062565,1.5878546421710813,0.8868315382723497,0.3183278712540696,0.4852820737117086,1.0090268796800752,1.0367165867482198,0.895062280590147,-4.064947777459642
287,40287,40028,900007,6a22834,v2_nested_200x10,0,0,0,timeout,200,412.98903040027415,nan,nan,-1,1,30.0,0.45,20.0,1.0,25,1,200,0.002,100,10.0,1.0,0,183,0,0.915,0.379539203205831,-0.6996906147028581,1.8303012888928691,0.027155213803505416,0.036950629401225316,0.06335960382062565,1.5878546421710813,0.8868315382723497,0.3183278712540696,0.4852820737117086,1.0090268796800752,1.0367165867482198,0.895062280590147,-15.2942327929092
288,40288,40028,900008,6a22834,v2_nested_200x10,1,1,1,success,69,7.956176545607284,19.027999144730874,6.874715534902876,61,1,30.0,0.45,20.0,1.0,25,1,200,0.002,100,10.0,1.0,3,53,0,0.7681159420289855,0.379539203205831,-0.6996906147028581,1.8303012888928691,0.027155213803505416,0.036950629401225316,0.06335960382062565,1.5878546421710813,0.8868315382723497,0.3183278712540696,0.4852820737117086,1.0090268796800752,1.0367165867482198,0.895062280590147,289.85946175483053
289,40289,40028,900009,6a22834,v2_nested_200x10,0,1,0,timeout,200,437.31927714936086,nan,nan,-1,1,30.0,0.45,20.0,1.0,25,1,200,0.002,100,10.0,1.0,0,181,0,0.905,0.379539203205831,-0.6996906147028581,1.8303012888928691,0.027155213803505416,0.036950629401225316,0.06335960382062565,1.5878546421710813,0.8868315382723497,0.3183278712540696,0.4852820737117086,1.0090268796800752,1.0367165867482198,0.895062280590147,-1.5071363655784673
290,40290,40029,900000,6a22834,v2_nested_200x10,1,1,1,success,67,15.368383933187364,23.02950747123998,5.489306263700375,57,1,30.0,0.45,20.0,1.0,25,1,200,0.002,100,10.0,1.0,0,42,0,0.6268656716417911,0.339308325812972,-0.7131934335719505,-1.6520063357802812,0.025234127361442763,0.031852964794872526,0.10881675108485654,1.4561852388331042,0.9381668848641438,0.36212718460904864,0.3630382161365991,0.9783802545656696,1.1701394136381484,1.2442594939063494,291.37738671678835
291,40291,40029,900001,6a22834,v2_nested_200x10,1,1,1,success,66,14.17407037561756,17.195464130910494,2.3213071955417584,60,1,30.0,0.45,20.0,1.0,25,1,200,0.002,100,10.0,1.0,0,43,0,0.6515151515151515,0.339308325812972,-0.7131934335719505,-1.6520063357802812,0.025234127361442763,0.031852964794872526,0.10881675108485654,1.4561852388331042,0.9381668848641438,0.36212718460904864,0.3630382161365991,0.9783802545656696,1.1701394136381484,1.2442594939063494,290.36405057964595
292,40292,40029,900002,6a22834,v2_nested_200x10,1,1,1,success,64,10.469997220101135,16.715161319574023,14.718661737818557,58,1,30.0,0.45,20.0,1.0,25,1,200,0.002,100,10.0,1.0,0,39,0,0.609375,0.339308325812972,-0.7131934335719505,-1.6520063357802812,0.025234127361442763,0.031852964794872526,0.10881675108485654,1.4561852388331042,0.9381668848641438,0.36212718460904864,0.3630382161365991,0.9783802545656696,1.1701394136381484,1.2442594939063494,291.05360819348726
293,40293,40029,900003,6a22834,v2_nested_200x10,1,1,1,success,63,15.60615067759591,28.588634144016623,18.659870280197833,57,1,30.0,0.45,20.0,1.0,25,1,200,0.002,100,10.0,1.0,0,46,0,0.7301587301587301,0.339308325812972,-0.7131934335719505,-1.6520063357802812,0.025234127361442763,0.031852964794872526,0.10881675108485654,1.4561852388331042,0.9381668848641438,0.36212718460904864,0.3630382161365991,0.9783802545656696,1.1701394136381484,1.2442594939063494,291.84173734512683
294,40294,40029,900004,6a22834,v2_nested_200x10,1,1,1,success,62,12.546188045392805,13.46165853906907,0.9417574586274445,59,1,30.0,0.45,20.0,1.0,25,1,200,0.002,100,10.0,1.0,0,42,0,0.6774193548387096,0.339308325812972,-0.7131934335719505,-1.6520063357802812,0.025234127361442763,0.031852964794872526,0.10881675108485654,1.4561852388331042,0.9381668848641438,0.36212718460904864,0.3630382161365991,0.9783802545656696,1.1701394136381484,1.2442594939063494,289.78127855436526
295,40295,40029,900005,6a22834,v2_nested_200x10,1,1,1,success,64,10.045300464776641,13.008186038652441,0.5825874239126118,58,1,30.0,0.45,20.0,1.0,25,1,200,0.002,100,10.0,1.0,0,46,0,0.71875,0.339308325812972,-0.7131934335719505,-1.6520063357802812,0.025234127361442763,0.031852964794872526,0.10881675108485654,1.4561852388331042,0.9381668848641438,0.36212718460904864,0.3630382161365991,0.9783802545656696,1.1701394136381484,1.2442594939063494,291.81696277395037
296,40296,40029,900006,6a22834,v2_nested_200x10,1,1,1,success,66,15.618351379251536,17.34616823891369,14.702585326518546,58,1,30.0,0.45,20.0,1.0,25,1,200,0.002,100,10.0,1.0,0,47,0,0.7121212121212122,0.339308325812972,-0.7131934335719505,-1.6520063357802812,0.025234127361442763,0.031852964794872526,0.10881675108485654,1.4561852388331042,0.9381668848641438,0.36212718460904864,0.3630382161365991,0.9783802545656696,1.1701394136381484,1.2442594939063494,291.6271295829048
297,40297,40029,900007,6a22834,v2_nested_200x10,1,1,1,success,66,8.893111876474208,12.622443984316837,0.8469069392040844,59,1,30.0,0.45,20.0,1.0,25,1,200,0.002,100,10.0,1.0,0,47,0,0.7121212121212122,0.339308325812972,-0.7131934335719505,-1.6520063357802812,0.025234127361442763,0.031852964794872526,0.10881675108485654,1.4561852388331042,0.9381668848641438,0.36212718460904864,0.3630382161365991,0.9783802545656696,1.1701394136381484,1.2442594939063494,291.6127409698755
298,40298,40029,900008,6a22834,v2_nested_200x10,1,1,1,success,66,13.627521984576779,22.287100805853758,12.535687334257037,57,1,30.0,0.45,20.0,1.0,25,1,200,0.002,100,10.0,1.0,0,55,0,0.8333333333333334,0.339308325812972,-0.7131934335719505,-1.6520063357802812,0.025234127361442763,0.031852964794872526,0.10881675108485654,1.4561852388331042,0.9381668848641438,0.36212718460904864,0.3630382161365991,0.9783802545656696,1.1701394136381484,1.2442594939063494,291.398678939814
299,40299,40029,900009,6a22834,v2_nested_200x10,1,1,1,success,65,14.606309489779472,20.358188845806577,6.389049513178112,57,1,30.0,0.45,20.0,1.0,25,1,200,0.002,100,10.0,1.0,0,43,0,0.6615384615384615,0.339308325812972,-0.7131934335719505,-1.6520063357802812,0.025234127361442763,0.031852964794872526,0.10881675108485654,1.4561852388331042,0.9381668848641438,0.36212718460904864,0.3630382161365991,0.9783802545656696,1.1701394136381484,1.2442594939063494,291.2160491912566
300,40300,40030,900000,6a22834,v2_nested_200x10,1,1,1,success,51,19.698222588411,6.959307776799245,8.869686514209763,44,1,30.0,0.45,20.0,1.0,25,1,200,0.002,100,10.0,1.0,0,39,0,0.7647058823529411,0.35544303102527436,-0.3508668318745684,-1.1611005503117409,0.023021206214555796,0.039027036698245685,0.040981248707866465,1.231146174936737,1.3467311522432897,0.32550959001239993,0.28172114294016576,1.0379624619577867,1.0197782800255957,1.1109036195916193,282.2644252483651
301,40301,40030,900001,6a22834,v2_nested_200x10,1,1,1,success,54,14.573466010585511,11.532982199418244,4.656779753429293,48,1,30.0,0.45,20.0,1.0,25,1,200,0.002,100,10.0,1.0,0,43,0,0.7962962962962963,0.35544303102527436,-0.3508668318745684,-1.1611005503117409,0.023021206214555796,0.039027036698245685,0.040981248707866465,1.231146174936737,1.3467311522432897,0.32550959001239993,0.28172114294016576,1.0379624619577867,1.0197782800255957,1.1109036195916193,285.4915019986127
302,40302,40030,900002,6a22834,v2_nested_200x10,1,1,1,success,51,21.535255048942027,11.863499913390333,12.445317919219166,43,1,30.0,0.45,20.0,1.0,25,1,200,0.002,100,10.0,1.0,0,41,0,0.803921568627451,0.35544303102527436,-0.3508668318745684,-1.1611005503117409,0.023021206214555796,0.039027036698245685,0.040981248707866465,1.231146174936737,1.3467311522432897,0.32550959001239993,0.28172114294016576,1.0379624619577867,1.0197782800255957,1.1109036195916193,282.9211454208187
303,40303,40030,900003,6a22834,v2_nested_200x10,1,1,1,success,57,13.755984996274243,17.663458762049306,11.076014360018617,44,1,30.0,0.45,20.0,1.0,25,1,200,0.002,100,10.0,1.0,1,44,0,0.7719298245614035,0.35544303102527436,-0.3508668318745684,-1.1611005503117409,0.023021206214555796,0.039027036698245685,0.040981248707866465,1.231146174936737,1.3467311522432897,0.32550959001239993,0.28172114294016576,1.0379624619577867,1.0197782800255957,1.1109036195916193,283.00671785430364
304,40304,40030,900004,6a22834,v2_nested_200x10,1,1,1,success,55,14.045214203753778,10.934926465644844,11.455424503355646,43,1,30.0,0.45,20.0,1.0,25,1,200,0.002,100,10.0,1.0,0,38,0,0.6909090909090909,0.35544303102527436,-0.3508668318745684,-1.1611005503117409,0.023021206214555796,0.039027036698245685,0.040981248707866465,1.231146174936737,1.3467311522432897,0.32550959001239993,0.28172114294016576,1.0379624619577867,1.0197782800255957,1.1109036195916193,282.5388045618785
305,40305,40030,900005,6a22834,v2_nested_200x10,1,1,1,success,64,25.388751486023462,10.343549967987235,21.03559726993996,41,1,30.0,0.45,20.0,1.0,25,1,200,0.002,100,10.0,1.0,0,52,0,0.8125,0.35544303102527436,-0.3508668318745684,-1.1611005503117409,0.023021206214555796,0.039027036698245685,0.040981248707866465,1.231146174936737,1.3467311522432897,0.32550959001239993,0.28172114294016576,1.0379624619577867,1.0197782800255957,1.1109036195916193,279.4172829217918
306,40306,40030,900006,6a22834,v2_nested_200x10,1,1,1,success,50,16.91683536114593,11.738480608627926,13.15638456130541,43,1,30.0,0.45,20.0,1.0,25,1,200,0.002,100,10.0,1.0,0,42,0,0.84,0.35544303102527436,-0.3508668318745684,-1.1611005503117409,0.023021206214555796,0.039027036698245685,0.040981248707866465,1.231146174936737,1.3467311522432897,0.32550959001239993,0.28172114294016576,1.0379624619577867,1.0197782800255957,1.1109036195916193,283.0904170270967
307,40307,40030,900007,6a22834,v2_nested_200x10,1,1,1,success,50,15.92805448179177,9.707146005994945,9.148946291733921,43,1,30.0,0.45,20.0,1.0,25,1,200,0.002,100,10.0,1.0,0,37,0,0.74,0.35544303102527436,-0.3508668318745684,-1.1611005503117409,0.023021206214555796,0.039027036698245685,0.040981248707866465,1.231146174936737,1.3467311522432897,0.32550959001239993,0.28172114294016576,1.0379624619577867,1.0197782800255957,1.1109036195916193,284.0568128654301
308,40308,40030,900008,6a22834,v2_nested_200x10,1,1,1,success,52,11.516064208689894,10.678873776768219,12.502231131487422,43,1,30.0,0.45,20.0,1.0,25,1,200,0.002,100,10.0,1.0,0,42,0,0.8076923076923077,0.35544303102527436,-0.3508668318745684,-1.1611005503117409,0.023021206214555796,0.039027036698245685,0.040981248707866465,1.231146174936737,1.3467311522432897,0.32550959001239993,0.28172114294016576,1.0379624619577867,1.0197782800255957,1.1109036195916193,284.4155876936972
309,40309,40030,900009,6a22834,v2_nested_200x10,1,1,1,success,52,6.5560859242572525,3.372412563674263,3.059704379392048,43,1,30.0,0.45,20.0,1.0,25,1,200,0.002,100,10.0,1.0,0,39,0,0.75,0.35544303102527436,-0.3508668318745684,-1.1611005503117409,0.023021206214555796,0.039027036698245685,0.040981248707866465,1.231146174936737,1.3467311522432897,0.32550959001239993,0.28172114294016576,1.0379624619577867,1.0197782800255957,1.1109036195916193,284.0220523030603
310,40310,40031,900000,6a22834,v2_nested_200x10,1,1,1,success,50,15.783117971011608,18.511268560771313,14.846974874047806,42,1,30.0,0.45,20.0,1.0,25,1,200,0.002,100,10.0,1.0,2,39,0,0.78,0.3711206824456613,-0.2902492494770645,1.9354906052159526,0.023735114181503234,0.03937864610528346,0.030796748164333195,1.2814456824964826,1.072744595059282,0.3203500513170046,0.43496951852989457,1.054272158899712,0.9988498172803428,0.9647123151909038,283.07054580917827
311,40311,40031,900001,6a22834,v2_nested_200x10,1,1,1,success,50,21.055712060051764,11.068001082052826,6.497365099954134,42,1,30.0,0.45,20.0,1.0,25,1,200,0.002,100,10.0,1.0,3,38,0,0.76,0.3711206824456613,-0.2902492494770645,1.9354906052159526,0.023735114181503234,0.03937864610528346,0.030796748164333195,1.2814456824964826,1.072744595059282,0.3203500513170046,0.43496951852989457,1.054272158899712,0.9988498172803428,0.9647123151909038,278.36838103404637
312,40312,40031,900002,6a22834,v2_nested_200x10,1,1,1,success,47,16.909199548341512,15.520598249975574,19.519405657129433,39,1,30.0,0.45,20.0,1.0,25,1,200,0.002,100,10.0,1.0,0,33,0,0.7021276595744681,0.3711206824456613,-0.2902492494770645,1.9354906052159526,0.023735114181503234,0.03937864610528346,0.030796748164333195,1.2814456824964826,1.072744595059282,0.3203500513170046,0.43496951852989457,1.054272158899712,0.9988498172803428,0.9647123151909038,280.7949320797172
313,40313,40031,900003,6a22834,v2_nested_200x10,1,1,1,success,66,12.260773078140147,13.32097762635612,4.137385426712023,48,1,30.0,0.45,20.0,1.0,25,1,200,0.002,100,10.0,1.0,1,54,0,0.8181818181818182,0.3711206824456613,-0.2902492494770645,1.9354906052159526,0.023735114181503234,0.03937864610528346,0.030796748164333195,1.2814456824964826,1.072744595059282,0.3203500513170046,0.43496951852989457,1.054272158899712,0.9988498172803428,0.9647123151909038,279.29131707258915
314,40314,40031,900004,6a22834,v2_nested_200x10,1,1,1,success,51,7.5044209493103775,13.913346890092518,16.604320143844436,43,1,30.0,0.45,20.0,1.0,25,1,200,0.002,100,10.0,1.0,1,35,0,0.6862745098039216,0.3711206824456613,-0.2902492494770645,1.9354906052159526,0.023735114181503234,0.03937864610528346,0.030796748164333195,1.2814456824964826,1.072744595059282,0.3203500513170046,0.43496951852989457,1.054272158899712,0.9988498172803428,0.9647123151909038,281.10880143884106
315,40315,40031,900005,6a22834,v2_nested_200x10,1,1,1,success,51,14.274485129893726,20.601954519756045,19.576198938075812,41,1,30.0,0.45,20.0,1.0,25,1,200,0.002,100,10.0,1.0,0,38,0,0.7450980392156863,0.3711206824456613,-0.2902492494770645,1.9354906052159526,0.023735114181503234,0.03937864610528346,0.030796748164333195,1.2814456824964826,1.072744595059282,0.3203500513170046,0.43496951852989457,1.054272158899712,0.9988498172803428,0.9647123151909038,281.2273310050788
316,40316,40031,900006,6a22834,v2_nested_200x10,1,1,1,success,59,17.107671464581596,6.649475140044445,17.571630814450536,48,1,30.0,0.45,20.0,1.0,25,1,200,0.002,100,10.0,1.0,0,46,0,0.7796610169491526,0.3711206824456613,-0.2902492494770645,1.9354906052159526,0.023735114181503234,0.03937864610528346,0.030796748164333195,1.2814456824964826,1.072744595059282,0.3203500513170046,0.43496951852989457,1.054272158899712,0.9988498172803428,0.9647123151909038,280.92713264620255
317,40317,40031,900007,6a22834,v2_nested_200x10,1,1,1,success,50,19.382946980212346,16.425183636749242,22.17886192491319,39,1,30.0,0.45,20.0,1.0,25,1,200,0.002,100,10.0,1.0,0,40,0,0.8,0.3711206824456613,-0.2902492494770645,1.9354906052159526,0.023735114181503234,0.03937864610528346,0.030796748164333195,1.2814456824964826,1.072744595059282,0.3203500513170046,0.43496951852989457,1.054272158899712,0.9988498172803428,0.9647123151909038,281.280526290487
318,40318,40031,900008,6a22834,v2_nested_200x10,1,1,1,success,52,8.240030465589273,9.638810228251087,1.8177792898637284,49,1,30.0,0.45,20.0,1.0,25,1,200,0.002,100,10.0,1.0,9,39,0,0.75,0.3711206824456613,-0.2902492494770645,1.9354906052159526,0.023735114181503234,0.03937864610528346,0.030796748164333195,1.2814456824964826,1.072744595059282,0.3203500513170046,0.43496951852989457,1.054272158899712,0.9988498172803428,0.9647123151909038,274.7868724888273
319,40319,40031,900009,6a22834,v2_nested_200x10,1,1,1,success,53,4.090737417422729,3.3675367186168783,11.998487052583274,42,1,30.0,0.45,20.0,1.0,25,1,200,0.002,100,10.0,1.0,0,46,0,0.8679245283018868,0.3711206824456613,-0.2902492494770645,1.9354906052159526,0.023735114181503234,0.03937864610528346,0.030796748164333195,1.2814456824964826,1.072744595059282,0.3203500513170046,0.43496951852989457,1.054272158899712,0.9988498172803428,0.9647123151909038,281.45653204189097
320,40320,40032,900000,6a22834,v2_nested_200x10,0,1,0,timeout,200,60.56706105594479,28.074429921291976,21.015019900493154,54,1,30.0,0.45,20.0,1.0,25,1,200,0.002,100,10.0,1.0,0,185,0,0.925,0.3212907396803021,-0.5677509582971174,1.192003155209127,0.027389195971613323,0.03578388101786079,0.04648419992510529,0.9366204508740703,0.7845779177909372,0.32700829859041586,0.5539827296224592,1.0124897867607714,0.9948988352119137,1.1171517801822741,31.84698714982471
321,40321,40032,900001,6a22834,v2_nested_200x10,1,1,1,success,59,12.733588966426312,14.01560450465581,0.22599334851047717,53,1,30.0,0.45,20.0,1.0,25,1,200,0.002,100,10.0,1.0,0,42,0,0.711864406779661,0.3212907396803021,-0.5677509582971174,1.192003155209127,0.027389195971613323,0.03578388101786079,0.04648419992510529,0.9366204508740703,0.7845779177909372,0.32700829859041586,0.5539827296224592,1.0124897867607714,0.9948988352119137,1.1171517801822741,288.5633250235456
322,40322,40032,900002,6a22834,v2_nested_200x10,1,1,1,success,57,20.452231729646325,18.675565448011536,6.311717163279144,51,1,30.0,0.45,20.0,1.0,25,1,200,0.002,100,10.0,1.0,0,39,0,0.6842105263157895,0.3212907396803021,-0.5677509582971174,1.192003155209127,0.027389195971613323,0.03578388101786079,0.04648419992510529,0.9366204508740703,0.7845779177909372,0.32700829859041586,0.5539827296224592,1.0124897867607714,0.9948988352119137,1.1171517801822741,289.0180392169729
323,40323,40032,900003,6a22834,v2_nested_200x10,1,1,0,success,62,16.914987158343745,nan,nan,-1,1,30.0,0.45,20.0,1.0,25,1,200,0.002,100,10.0,1.0,1,48,0,0.7741935483870968,0.3212907396803021,-0.5677509582971174,1.192003155209127,0.027389195971613323,0.03578388101786079,0.04648419992510529,0.9366204508740703,0.7845779177909372,0.32700829859041586,0.5539827296224592,1.0124897867607714,0.9948988352119137,1.1171517801822741,259.87983965578957
324,40324,40032,900004,6a22834,v2_nested_200x10,1,1,1,success,56,23.099453978876614,18.72059658280743,11.614897938607973,51,1,30.0,0.45,20.0,1.0,25,1,200,0.002,100,10.0,1.0,0,44,0,0.7857142857142857,0.3212907396803021,-0.5677509582971174,1.192003155209127,0.027389195971613323,0.03578388101786079,0.04648419992510529,0.9366204508740703,0.7845779177909372,0.32700829859041586,0.5539827296224592,1.0124897867607714,0.9948988352119137,1.1171517801822741,289.2934066865706
325,40325,40032,900005,6a22834,v2_nested_200x10,1,1,1,success,59,18.58956474647301,13.235114555901141,4.456990566607058,53,1,30.0,0.45,20.0,1.0,25,1,200,0.002,100,10.0,1.0,0,44,0,0.7457627118644068,0.3212907396803021,-0.5677509582971174,1.192003155209127,0.027389195971613323,0.03578388101786079,0.04648419992510529,0.9366204508740703,0.7845779177909372,0.32700829859041586,0.5539827296224592,1.0124897867607714,0.9948988352119137,1.1171517801822741,286.71548597013964
326,40326,40032,900006,6a22834,v2_nested_200x10,1,1,1,success,60,17.913277774899196,19.54480912161001,5.851678398088095,55,1,30.0,0.45,20.0,1.0,25,1,200,0.002,100,10.0,1.0,5,43,0,0.7166666666666667,0.3212907396803021,-0.5677509582971174,1.192003155209127,0.027389195971613323,0.03578388101786079,0.04648419992510529,0.9366204508740703,0.7845779177909372,0.32700829859041586,0.5539827296224592,1.0124897867607714,0.9948988352119137,1.1171517801822741,284.3846107517176
327,40327,40032,900007,6a22834,v2_nested_200x10,1,1,1,success,63,18.286851221829117,3.8660972613928735,11.863271599470101,53,1,30.0,0.45,20.0,1.0,25,1,200,0.002,100,10.0,1.0,0,48,0,0.7619047619047619,0.3212907396803021,-0.5677509582971174,1.192003155209127,0.027389195971613323,0.03578388101786079,0.04648419992510529,0.9366204508740703,0.7845779177909372,0.32700829859041586,0.5539827296224592,1.0124897867607714,0.9948988352119137,1.1171517801822741,289.6678402923573
328,40328,40032,900008,6a22834,v2_nested_200x10,1,1,1,success,63,26.51657808994768,19.96571098597017,8.76077335549691,53,1,30.0,0.45,20.0,1.0,25,1,200,0.002,100,10.0,1.0,0,42,0,0.6666666666666666,0.3212907396803021,-0.5677509582971174,1.192003155209127,0.027389195971613323,0.03578388101786079,0.04648419992510529,0.9366204508740703,0.7845779177909372,0.32700829859041586,0.5539827296224592,1.0124897867607714,0.9948988352119137,1.1171517801822741,289.37051117871005
329,40329,40032,900009,6a22834,v2_nested_200x10,1,1,1,success,57,11.18912228928845,17.69702480413578,3.9385041331535584,52,1,30.0,0.45,20.0,1.0,25,1,200,0.002,100,10.0,1.0,0,45,0,0.7894736842105263,0.3212907396803021,-0.5677509582971174,1.192003155209127,0.027389195971613323,0.03578388101786079,0.04648419992510529,0.9366204508740703,0.7845779177909372,0.32700829859041586,0.5539827296224592,1.0124897867607714,0.9948988352119137,1.1171517801822741,287.10535376164626
330,40330,40033,900000,6a22834,v2_nested_200x10,1,1,1,success,66,10.303283805697891,35.805783877455674,9.297283657882192,58,1,30.0,0.45,20.0,1.0,25,1,200,0.002,100,10.0,1.0,0,43,0,0.6515151515151515,0.3632836782805865,-0.694853292482925,2.8013605365492342,0.022836676489852742,0.034951966061509944,0.09448047839461989,0.953119293029412,0.8455139516205309,0.3355416628098092,0.5145198457010405,1.0526432780340154,1.095621969964386,1.0632166560978291,293.81140154945615
331,40331,40033,900001,6a22834,v2_nested_200x10,1,1,1,success,68,14.69904266284955,24.54726584190639,7.144126426400648,61,1,30.0,0.45,20.0,1.0,25,1,200,0.002,100,10.0,1.0,0,50,0,0.7352941176470589,0.3632836782805865,-0.694853292482925,2.8013605365492342,0.022836676489852742,0.034951966061509944,0.09448047839461989,0.953119293029412,0.8455139516205309,0.3355416628098092,0.5145198457010405,1.0526432780340154,1.095621969964386,1.0632166560978291,293.9802880946585
332,40332,40033,900002,6a22834,v2_nested_200x10,1,1,1,success,76,9.438184036265081,8.22188532144778,9.971921258194897,68,1,30.0,0.45,20.0,1.0,25,1,200,0.002,100,10.0,1.0,3,57,0,0.75,0.3632836782805865,-0.694853292482925,2.8013605365492342,0.022836676489852742,0.034951966061509944,0.09448047839461989,0.953119293029412,0.8455139516205309,0.3355416628098092,0.5145198457010405,1.0526432780340154,1.095621969964386,1.0632166560978291,291.7452130884487
333,40333,40033,900003,6a22834,v2_nested_200x10,1,1,1,success,65,16.764570536829968,36.59146497109889,13.887052219924636,57,1,30.0,0.45,20.0,1.0,25,1,200,0.002,100,10.0,1.0,0,48,0,0.7384615384615385,0.3632836782805865,-0.694853292482925,2.8013605365492342,0.022836676489852742,0.034951966061509944,0.09448047839461989,0.953119293029412,0.8455139516205309,0.3355416628098092,0.5145198457010405,1.0526432780340154,1.095621969964386,1.0632166560978291,293.34785100144916
334,40334,40033,900004,6a22834,v2_nested_200x10,1,1,1,success,64,7.335961173557356,14.96813263590749,2.5013257956161086,58,1,30.0,0.45,20.0,1.0,25,1,200,0.002,100,10.0,1.0,0,36,0,0.5625,0.3632836782805865,-0.694853292482925,2.8013605365492342,0.022836676489852742,0.034951966061509944,0.09448047839461989,0.953119293029412,0.8455139516205309,0.3355416628098092,0.5145198457010405,1.0526432780340154,1.095621969964386,1.0632166560978291,293.70917648856505
335,40335,40033,900005,6a22834,v2_nested_200x10,1,1,1,success,65,16.079667735275038,22.137373817273584,2.7488620841154336,58,1,30.0,0.45,20.0,1.0,25,1,200,0.002,100,10.0,1.0,0,45,0,0.6923076923076923,0.3632836782805865,-0.694853292482925,2.8013605365492342,0.022836676489852742,0.034951966061509944,0.09448047839461989,0.953119293029412,0.8455139516205309,0.3355416628098092,0.5145198457010405,1.0526432780340154,1.095621969964386,1.0632166560978291,293.34385790257596
336,40336,40033,900006,6a22834,v2_nested_200x10,1,1,1,success,66,16.75265477165744,25.814341307574722,2.4126226288390216,60,1,30.0,0.45,20.0,1.0,25,1,200,0.002,100,10.0,1.0,0,46,0,0.696969696969697,0.3632836782805865,-0.694853292482925,2.8013605365492342,0.022836676489852742,0.034951966061509944,0.09448047839461989,0.953119293029412,0.8455139516205309,0.3355416628098092,0.5145198457010405,1.0526432780340154,1.095621969964386,1.0632166560978291,292.3379112207526
337,40337,40033,900007,6a22834,v2_nested_200x10,1,1,1,success,64,11.997115557824653,25.719071912377785,1.852676076170741,59,1,30.0,0.45,20.0,1.0,25,1,200,0.002,100,10.0,1.0,0,47,0,0.734375,0.3632836782805865,-0.694853292482925,2.8013605365492342,0.022836676489852742,0.034951966061509944,0.09448047839461989,0.953119293029412,0.8455139516205309,0.3355416628098092,0.5145198457010405,1.0526432780340154,1.095621969964386,1.0632166560978291,294.1483564363877
338,40338,40033,900008,6a22834,v2_nested_200x10,1,1,1,success,68,11.776692450718576,21.482955990019878,6.036936009267219,58,1,30.0,0.45,20.0,1.0,25,1,200,0.002,100,10.0,1.0,0,55,0,0.8088235294117647,0.3632836782805865,-0.694853292482925,2.8013605365492342,0.022836676489852742,0.034951966061509944,0.09448047839461989,0.953119293029412,0.8455139516205309,0.3355416628098092,0.5145198457010405,1.0526432780340154,1.095621969964386,1.0632166560978291,294.0011431691138
339,40339,40033,900009,6a22834,v2_nested_200x10,1,1,1,success,66,18.736955368148404,23.268506767260877,8.357075182388623,58,1,30.0,0.45,20.0,1.0,25,1,200,0.002,100,10.0,1.0,0,48,0,0.7272727272727273,0.3632836782805865,-0.694853292482925,2.8013605365492342,0.022836676489852742,0.034951966061509944,0.09448047839461989,0.953119293029412,0.8455139516205309,0.3355416628098092,0.5145198457010405,1.0526432780340154,1.095621969964386,1.0632166560978291,292.88426886253274
340,40340,40034,900000,6a22834,v2_nested_200x10,1,1,1,success,62,11.58413414701786,15.389248908844134,6.661209360086427,49,1,30.0,0.45,20.0,1.0,25,1,200,0.002,100,10.0,1.0,0,45,0,0.7258064516129032,0.3386639622522031,-0.4720679584583201,-1.0590335209946038,0.025917094643342447,0.03555223354323615,0.07422391572563145,1.0600215997474478,0.9933372438927163,0.3483079127393239,0.38949712925325325,1.046424327268011,1.0248328445066859,0.9407682484804507,286.08743985034573
341,40341,40034,900001,6a22834,v2_nested_200x10,1,1,1,success,57,17.148665236193125,6.07458382484489,6.511175611912338,52,1,30.0,0.45,20.0,1.0,25,1,200,0.002,100,10.0,1.0,0,45,0,0.7894736842105263,0.3386639622522031,-0.4720679584583201,-1.0590335209946038,0.025917094643342447,0.03555223354323615,0.07422391572563145,1.0600215997474478,0.9933372438927163,0.3483079127393239,0.38949712925325325,1.046424327268011,1.0248328445066859,0.9407682484804507,286.73617655802985
342,40342,40034,900002,6a22834,v2_nested_200x10,1,1,1,success,55,11.755644892577525,10.963006677997853,5.455645644788269,51,1,30.0,0.45,20.0,1.0,25,1,200,0.002,100,10.0,1.0,0,44,0,0.8,0.3386639622522031,-0.4720679584583201,-1.0590335209946038,0.025917094643342447,0.03555223354323615,0.07422391572563145,1.0600215997474478,0.9933372438927163,0.3483079127393239,0.38949712925325325,1.046424327268011,1.0248328445066859,0.9407682484804507,286.39345452006796
343,40343,40034,900003,6a22834,v2_nested_200x10,1,1,1,success,61,24.251201574417557,21.404570446507453,7.661449167616677,52,1,30.0,0.45,20.0,1.0,25,1,200,0.002,100,10.0,1.0,0,53,0,0.8688524590163934,0.3386639622522031,-0.4720679584583201,-1.0590335209946038,0.025917094643342447,0.03555223354323615,0.07422391572563145,1.0600215997474478,0.9933372438927163,0.3483079127393239,0.38949712925325325,1.046424327268011,1.0248328445066859,0.9407682484804507,285.7349848156909
344,40344,40034,900004,6a22834,v2_nested_200x10,1,1,1,success,57,21.007212038064118,16.627306965533265,7.031250394245252,52,1,30.0,0.45,20.0,1.0,25,1,200,0.002,100,10.0,1.0,0,50,0,0.8771929824561403,0.3386639622522031,-0.4720679584583201,-1.0590335209946038,0.025917094643342447,0.03555223354323615,0.07422391572563145,1.0600215997474478,0.9933372438927163,0.3483079127393239,0.38949712925325325,1.046424327268011,1.0248328445066859,0.9407682484804507,287.0851494846534
345,40345,40034,900005,6a22834,v2_nested_200x10,1,1,1,success,59,16.82358364529065,18.56635288618756,0.08412015240133958,56,1,30.0,0.45,20.0,1.0,25,1,200,0.002,100,10.0,1.0,0,46,0,0.7796610169491526,0.3386639622522031,-0.4720679584583201,-1.0590335209946038,0.025917094643342447,0.03555223354323615,0.07422391572563145,1.0600215997474478,0.9933372438927163,0.3483079127393239,0.38949712925325325,1.046424327268011,1.0248328445066859,0.9407682484804507,285.93141717002493
346,40346,40034,900006,6a22834,v2_nested_200x10,1,1,1,success,57,13.107393991919816,14.759338161827548,8.005255714605699,52,1,30.0,0.45,20.0,1.0,25,1,200,0.002,100,10.0,1.0,0,42,0,0.7368421052631579,0.3386639622522031,-0.4720679584583201,-1.0590335209946038,0.025917094643342447,0.03555223354323615,0.07422391572563145,1.0600215997474478,0.9933372438927163,0.3483079127393239,0.38949712925325325,1.046424327268011,1.0248328445066859,0.9407682484804507,286.37069442568105
347,40347,40034,900007,6a22834,v2_nested_200x10,1,1,1,success,55,10.502809499225437,13.24347006256917,14.430346454628445,50,1,30.0,0.45,20.0,1.0,25,1,200,0.002,100,10.0,1.0,0,47,0,0.8545454545454545,0.3386639622522031,-0.4720679584583201,-1.0590335209946038,0.025917094643342447,0.03555223354323615,0.07422391572563145,1.0600215997474478,0.9933372438927163,0.3483079127393239,0.38949712925325325,1.046424327268011,1.0248328445066859,0.9407682484804507,287.11865307734445
348,40348,40034,900008,6a22834,v2_nested_200x10,1,1,1,success,56,16.637598854338787,19.271694414297347,4.559135946763807,50,1,30.0,0.45,20.0,1.0,25,1,200,0.002,100,10.0,1.0,0,48,0,0.8571428571428571,0.3386639622522031,-0.4720679584583201,-1.0590335209946038,0.025917094643342447,0.03555223354323615,0.07422391572563145,1.0600215997474478,0.9933372438927163,0.3483079127393239,0.38949712925325325,1.046424327268011,1.0248328445066859,0.9407682484804507,286.755744421065
349,40349,40034,900009,6a22834,v2_nested_200x10,1,1,1,success,55,15.078654272129992,8.962928172455705,6.265809925969533,51,1,30.0,0.45,20.0,1.0,25,1,200,0.002,100,10.0,1.0,0,48,0,0.8727272727272727,0.3386639622522031,-0.4720679584583201,-1.0590335209946038,0.025917094643342447,0.03555223354323615,0.07422391572563145,1.0600215997474478,0.9933372438927163,0.3483079127393239,0.38949712925325325,1.046424327268011,1.0248328445066859,0.9407682484804507,285.71817151599123
350,40350,40035,900000,6a22834,v2_nested_200x10,1,1,1,success,80,12.720081884248298,9.774863993528607,0.07800564603981956,77,1,30.0,0.45,20.0,1.0,25,1,200,0.002,100,10.0,1.0,0,67,0,0.8375,0.3537097997075878,-0.34853779574510646,-0.7896755983501809,0.022687822198289298,0.0307175723543805,0.0888893912735627,1.239171743207077,0.6510501877110147,0.3268120453438411,0.4649329058760577,1.032823483576702,0.9676662492956064,1.0915410596348203,280.93064680621427
351,40351,40035,900001,6a22834,v2_nested_200x10,1,1,1,success,58,19.54311884804625,8.40892140219832,8.64362145985814,52,1,30.0,0.45,20.0,1.0,25,1,200,0.002,100,10.0,1.0,0,46,0,0.7931034482758621,0.3537097997075878,-0.34853779574510646,-0.7896755983501809,0.022687822198289298,0.0307175723543805,0.0888893912735627,1.239171743207077,0.6510501877110147,0.3268120453438411,0.4649329058760577,1.032823483576702,0.9676662492956064,1.0915410596348203,282.9953918767795
352,40352,40035,900002,6a22834,v2_nested_200x10,1,1,1,success,55,4.857667773826582,18.04721177718489,19.209973984778088,47,1,30.0,0.45,20.0,1.0,25,1,200,0.002,100,10.0,1.0,0,44,0,0.8,0.3537097997075878,-0.34853779574510646,-0.7896755983501809,0.022687822198289298,0.0307175723543805,0.0888893912735627,1.239171743207077,0.6510501877110147,0.3268120453438411,0.4649329058760577,1.032823483576702,0.9676662492956064,1.0915410596348203,287.1734727393005
353,40353,40035,900003,6a22834,v2_nested_200x10,1,1,1,success,55,17.496526134411226,23.36097787067087,5.101041807074229,48,1,30.0,0.45,20.0,1.0,25,1,200,0.002,100,10.0,1.0,0,43,0,0.7818181818181819,0.3537097997075878,-0.34853779574510646,-0.7896755983501809,0.022687822198289298,0.0307175723543805,0.0888893912735627,1.239171743207077,0.6510501877110147,0.3268120453438411,0.4649329058760577,1.032823483576702,0.9676662492956064,1.0915410596348203,285.27785331095373
354,40354,40035,900004,6a22834,v2_nested_200x10,1,1,1,success,56,20.108883026231485,15.082434535230943,24.3718616734996,49,1,30.0,0.45,20.0,1.0,25,1,200,0.002,100,10.0,1.0,0,41,0,0.7321428571428571,0.3537097997075878,-0.34853779574510646,-0.7896755983501809,0.022687822198289298,0.0307175723543805,0.0888893912735627,1.239171743207077,0.6510501877110147,0.3268120453438411,0.4649329058760577,1.032823483576702,0.9676662492956064,1.0915410596348203,287.4755701575348
355,40355,40035,900005,6a22834,v2_nested_200x10,1,1,1,success,55,9.095545017144039,19.70842763179069,10.885378457623997,48,1,30.0,0.45,20.0,1.0,25,1,200,0.002,100,10.0,1.0,0,40,0,0.7272727272727273,0.3537097997075878,-0.34853779574510646,-0.7896755983501809,0.022687822198289298,0.0307175723543805,0.0888893912735627,1.239171743207077,0.6510501877110147,0.3268120453438411,0.4649329058760577,1.032823483576702,0.9676662492956064,1.0915410596348203,285.9535652846276
356,40356,40035,900006,6a22834,v2_nested_200x10,1,1,1,success,54,4.347459757354288,9.330451729845645,9.839194010087333,48,1,30.0,0.45,20.0,1.0,25,1,200,0.002,100,10.0,1.0,0,41,0,0.7592592592592593,0.3537097997075878,-0.34853779574510646,-0.7896755983501809,0.022687822198289298,0.0307175723543805,0.0888893912735627,1.239171743207077,0.6510501877110147,0.3268120453438411,0.4649329058760577,1.032823483576702,0.9676662492956064,1.0915410596348203,287.1045855015517
357,40357,40035,900007,6a22834,v2_nested_200x10,1,1,1,success,52,6.754705755586285,14.56126030943941,14.36713919503056,46,1,30.0,0.45,20.0,1.0,25,1,200,0.002,100,10.0,1.0,0,40,0,0.7692307692307693,0.3537097997075878,-0.34853779574510646,-0.7896755983501809,0.022687822198289298,0.0307175723543805,0.0888893912735627,1.239171743207077,0.6510501877110147,0.3268120453438411,0.4649329058760577,1.032823483576702,0.9676662492956064,1.0915410596348203,285.66706938258756
358,40358,40035,900008,6a22834,v2_nested_200x10,1,1,1,success,55,16.010658608587747,17.111025280222503,7.683300643677668,49,1,30.0,0.45,20.0,1.0,25,1,200,0.002,100,10.0,1.0,0,46,0,0.8363636363636363,0.3537097997075878,-0.34853779574510646,-0.7896755983501809,0.022687822198289298,0.0307175723543805,0.0888893912735627,1.239171743207077,0.6510501877110147,0.3268120453438411,0.4649329058760577,1.032823483576702,0.9676662492956064,1.0915410596348203,287.3277579637005
359,40359,40035,900009,6a22834,v2_nested_200x10,1,1,1,success,53,8.683252901712285,16.681880425108826,13.249844723465378,47,1,30.0,0.45,20.0,1.0,25,1,200,0.002,100,10.0,1.0,0,41,0,0.7735849056603774,0.3537097997075878,-0.34853779574510646,-0.7896755983501809,0.022687822198289298,0.0307175723543805,0.0888893912735627,1.239171743207077,0.6510501877110147,0.3268120453438411,0.4649329058760577,1.032823483576702,0.9676662492956064,1.0915410596348203,285.6862887296144
360,40360,40036,900000,6a22834,v2_nested_200x10,1,1,1,success,58,15.6462659557392,27.92464026194338,9.741638556829773,49,1,30.0,0.45,20.0,1.0,25,1,200,0.002,100,10.0,1.0,0,48,0,0.8275862068965517,0.3602567959913301,-0.21317180321267104,-0.9712694033267155,0.024032317118341955,0.03274080991837906,0.1194443559937928,1.2186964084248353,1.2586663476432602,0.3305317845220321,0.6615612552812484,1.0988663460253572,1.0606723742749684,1.0079906536346352,282.3362426585737
361,40361,40036,900001,6a22834,v2_nested_200x10,1,1,1,success,60,11.924548469242936,12.9933087919304,1.1538365601855305,54,1,30.0,0.45,20.0,1.0,25,1,200,0.002,100,10.0,1.0,0,45,0,0.75,0.3602567959913301,-0.21317180321267104,-0.9712694033267155,0.024032317118341955,0.03274080991837906,0.1194443559937928,1.2186964084248353,1.2586663476432602,0.3305317845220321,0.6615612552812484,1.0988663460253572,1.0606723742749684,1.0079906536346352,283.04229527450093
362,40362,40036,900002,6a22834,v2_nested_200x10,1,1,1,success,185,8.132073052106854,23.983632858973586,22.202482290705138,50,1,30.0,0.45,20.0,1.0,25,1,200,0.002,100,10.0,1.0,0,173,0,0.9351351351351351,0.3602567959913301,-0.21317180321267104,-0.9712694033267155,0.024032317118341955,0.03274080991837906,0.1194443559937928,1.2186964084248353,1.2586663476432602,0.3305317845220321,0.6615612552812484,1.0988663460253572,1.0606723742749684,1.0079906536346352,274.3321384208903
363,40363,40036,900003,6a22834,v2_nested_200x10,1,1,1,success,57,18.083805332629222,10.845218995401316,11.393667991607632,52,1,30.0,0.45,20.0,1.0,25,1,200,0.002,100,10.0,1.0,0,43,0,0.7543859649122807,0.3602567959913301,-0.21317180321267104,-0.9712694033267155,0.024032317118341955,0.03274080991837906,0.1194443559937928,1.2186964084248353,1.2586663476432602,0.3305317845220321,0.6615612552812484,1.0988663460253572,1.0606723742749684,1.0079906536346352,284.41021829065755
364,40364,40036,900004,6a22834,v2_nested_200x10,1,1,1,success,55,17.124122170296015,17.51684108340631,10.198540864813763,50,1,30.0,0.45,20.0,1.0,25,1,200,0.002,100,10.0,1.0,0,42,0,0.7636363636363637,0.3602567959913301,-0.21317180321267104,-0.9712694033267155,0.024032317118341955,0.03274080991837906,0.1194443559937928,1.2186964084248353,1.2586663476432602,0.3305317845220321,0.6615612552812484,1.0988663460253572,1.0606723742749684,1.0079906536346352,282.8922301696611
365,40365,40036,900005,6a22834,v2_nested_200x10,1,1,1,success,58,18.367255503502626,11.223533654624402,8.88387362365197,51,1,30.0,0.45,20.0,1.0,25,1,200,0.002,100,10.0,1.0,0,44,0,0.7586206896551724,0.3602567959913301,-0.21317180321267104,-0.9712694033267155,0.024032317118341955,0.03274080991837906,0.1194443559937928,1.2186964084248353,1.2586663476432602,0.3305317845220321,0.6615612552812484,1.0988663460253572,1.0606723742749684,1.0079906536346352,284.2932918463596
366,40366,40036,900006,6a22834,v2_nested_200x10,0,1,1,timeout,200,31.72376115161034,14.48898377180132,8.26988656390487,50,0,30.0,0.45,20.0,1.0,25,1,200,0.002,100,10.0,1.0,0,181,0,0.905,0.3602567959913301,-0.21317180321267104,-0.9712694033267155,0.024032317118341955,0.03274080991837906,0.1194443559937928,1.2186964084248353,1.2586663476432602,0.3305317845220321,0.6615612552812484,1.0988663460253572,1.0606723742749684,1.0079906536346352,69.35423924352627
367,40367,40036,900007,6a22834,v2_nested_200x10,1,1,1,success,58,8.244127405117526,8.005495290527051,0.03080596298678985,55,1,30.0,0.45,20.0,1.0,25,1,200,0.002,100,10.0,1.0,0,44,0,0.7586206896551724,0.3602567959913301,-0.21317180321267104,-0.9712694033267155,0.024032317118341955,0.03274080991837906,0.1194443559937928,1.2186964084248353,1.2586663476432602,0.3305317845220321,0.6615612552812484,1.0988663460253572,1.0606723742749684,1.0079906536346352,282.76680423546935
368,40368,40036,900008,6a22834,v2_nested_200x10,1,1,1,success,55,20.350662345168356,17.8443187589333,9.675856261742084,50,1,30.0,0.45,20.0,1.0,25,1,200,0.002,100,10.0,1.0,0,43,0,0.7818181818181819,0.3602567959913301,-0.21317180321267104,-0.9712694033267155,0.024032317118341955,0.03274080991837906,0.1194443559937928,1.2186964084248353,1.2586663476432602,0.3305317845220321,0.6615612552812484,1.0988663460253572,1.0606723742749684,1.0079906536346352,283.51830263258944
369,40369,40036,900009,6a22834,v2_nested_200x10,1,1,1,success,56,11.188076864684826,15.488074307068857,7.441601077203055,50,1,30.0,0.45,20.0,1.0,25,1,200,0.002,100,10.0,1.0,0,42,0,0.75,0.3602567959913301,-0.21317180321267104,-0.9712694033267155,0.024032317118341955,0.03274080991837906,0.1194443559937928,1.2186964084248353,1.2586663476432602,0.3305317845220321,0.6615612552812484,1.0988663460253572,1.0606723742749684,1.0079906536346352,268.7941147068352
370,40370,40037,900000,6a22834,v2_nested_200x10,0,1,0,timeout,200,55.17099123731025,29.316434745877583,12.554576040873572,80,1,30.0,0.45,20.0,1.0,25,1,200,0.002,100,10.0,1.0,0,174,0,0.87,0.30162669874781406,-0.6459513878968899,0.7639861205534237,0.020712706920736047,0.03353164053624715,0.034683551170519175,1.4863868268229377,0.6184101883126251,0.3790059059196228,0.19520514466271466,1.0182251722783753,1.0336983525353947,1.085038883976691,40.17353409117095
371,40371,40037,900001,6a22834,v2_nested_200x10,1,1,1,success,60,26.99838310139428,12.886311329293331,0.8553675959555238,56,1,30.0,0.45,20.0,1.0,25,1,200,0.002,100,10.0,1.0,0,47,0,0.7833333333333333,0.30162669874781406,-0.6459513878968899,0.7639861205534237,0.020712706920736047,0.03353164053624715,0.034683551170519175,1.4863868268229377,0.6184101883126251,0.3790059059196228,0.19520514466271466,1.0182251722783753,1.0336983525353947,1.085038883976691,286.8558662475872
372,40372,40037,900002,6a22834,v2_nested_200x10,1,1,1,success,59,42.09779177146484,20.479849281788546,4.006712760067483,54,1,30.0,0.45,20.0,1.0,25,1,200,0.002,100,10.0,1.0,0,46,0,0.7796610169491526,0.30162669874781406,-0.6459513878968899,0.7639861205534237,0.020712706920736047,0.03353164053624715,0.034683551170519175,1.4863868268229377,0.6184101883126251,0.3790059059196228,0.19520514466271466,1.0182251722783753,1.0336983525353947,1.085038883976691,286.8896274396743
373,40373,40037,900003,6a22834,v2_nested_200x10,0,0,0,timeout,200,265.02440006221997,nan,nan,-1,1,30.0,0.45,20.0,1.0,25,1,200,0.002,100,10.0,1.0,0,187,0,0.935,0.30162669874781406,-0.6459513878968899,0.7639861205534237,0.020712706920736047,0.03353164053624715,0.034683551170519175,1.4863868268229377,0.6184101883126251,0.3790059059196228,0.19520514466271466,1.0182251722783753,1.0336983525353947,1.085038883976691,-13.307414861349656
374,40374,40037,900004,6a22834,v2_nested_200x10,1,1,1,success,61,39.61443228684545,26.18059422459276,0.8549244828703719,57,1,30.0,0.45,20.0,1.0,25,1,200,0.002,100,10.0,1.0,0,48,0,0.7868852459016393,0.30162669874781406,-0.6459513878968899,0.7639861205534237,0.020712706920736047,0.03353164053624715,0.034683551170519175,1.4863868268229377,0.6184101883126251,0.3790059059196228,0.19520514466271466,1.0182251722783753,1.0336983525353947,1.085038883976691,283.83696849839924
375,40375,40037,900005,6a22834,v2_nested_200x10,1,1,1,success,60,42.981684563283565,14.821108993924415,3.9362604740063833,57,1,30.0,0.45,20.0,1.0,25,1,200,0.002,100,10.0,1.0,0,45,0,0.75,0.30162669874781406,-0.6459513878968899,0.7639861205534237,0.020712706920736047,0.03353164053624715,0.034683551170519175,1.4863868268229377,0.6184101883126251,0.3790059059196228,0.19520514466271466,1.0182251722783753,1.0336983525353947,1.085038883976691,282.61524038045934
376,40376,40037,900006,6a22834,v2_nested_200x10,1,1,0,success,81,42.98345784339545,9.978122917319928,26.975253518357423,54,1,30.0,0.45,20.0,1.0,25,1,200,0.002,100,10.0,1.0,0,70,0,0.8641975308641975,0.30162669874781406,-0.6459513878968899,0.7639861205534237,0.020712706920736047,0.03353164053624715,0.034683551170519175,1.4863868268229377,0.6184101883126251,0.3790059059196228,0.19520514466271466,1.0182251722783753,1.0336983525353947,1.085038883976691,258.24621489821214
377,40377,40037,900007,6a22834,v2_nested_200x10,1,1,1,success,62,23.523591991962864,17.074317772912387,11.000354172894996,52,1,30.0,0.45,20.0,1.0,25,1,200,0.002,100,10.0,1.0,0,49,0,0.7903225806451613,0.30162669874781406,-0.6459513878968899,0.7639861205534237,0.020712706920736047,0.03353164053624715,0.034683551170519175,1.4863868268229377,0.6184101883126251,0.3790059059196228,0.19520514466271466,1.0182251722783753,1.0336983525353947,1.085038883976691,285.3951553890081
378,40378,40037,900008,6a22834,v2_nested_200x10,0,1,0,timeout,200,101.0943580997035,7.4713566490694365,77.55351689701475,60,1,30.0,0.45,20.0,1.0,25,1,200,0.002,100,10.0,1.0,0,184,0,0.92,0.30162669874781406,-0.6459513878968899,0.7639861205534237,0.020712706920736047,0.03353164053624715,0.034683551170519175,1.4863868268229377,0.6184101883126251,0.3790059059196228,0.19520514466271466,1.0182251722783753,1.0336983525353947,1.085038883976691,42.68674201567473
379,40379,40037,900009,6a22834,v2_nested_200x10,1,1,1,success,58,36.51553771463092,24.767376646168874,3.1920841284442867,54,1,30.0,0.45,20.0,1.0,25,1,200,0.002,100,10.0,1.0,0,48,0,0.8275862068965517,0.30162669874781406,-0.6459513878968899,0.7639861205534237,0.020712706920736047,0.03353164053624715,0.034683551170519175,1.4863868268229377,0.6184101883126251,0.3790059059196228,0.19520514466271466,1.0182251722783753,1.0336983525353947,1.085038883976691,285.5625325045336
380,40380,40038,900000,6a22834,v2_nested_200x10,1,1,1,success,46,7.316429752748841,7.3451692169835985,0.4610181359657103,43,1,30.0,0.45,20.0,1.0,25,1,200,0.002,100,10.0,1.0,0,33,0,0.717391304347826,0.3708083531663484,-0.18743291914450255,2.386016114109574,0.021890757742269742,0.0379166065974823,0.05016185559713099,1.436904900452406,1.0160439902017377,0.35794576874566425,0.46278829652052317,1.0139163939273517,1.0538894198186453,0.9682280988078806,280.050213705994
381,40381,40038,900001,6a22834,v2_nested_200x10,1,1,1,success,44,4.86446966599567,21.082444565323993,16.627986335254857,38,1,30.0,0.45,20.0,1.0,25,1,200,0.002,100,10.0,1.0,0,31,0,0.7045454545454546,0.3708083531663484,-0.18743291914450255,2.386016114109574,0.021890757742269742,0.0379166065974823,0.05016185559713099,1.436904900452406,1.0160439902017377,0.35794576874566425,0.46278829652052317,1.0139163939273517,1.0538894198186453,0.9682280988078806,281.70254638653904
382,40382,40038,900002,6a22834,v2_nested_200x10,1,1,1,success,46,2.1085344841606317,13.938864007950617,11.031962672556935,38,1,30.0,0.45,20.0,1.0,25,1,200,0.002,100,10.0,1.0,0,30,0,0.6521739130434783,0.3708083531663484,-0.18743291914450255,2.386016114109574,0.021890757742269742,0.0379166065974823,0.05016185559713099,1.436904900452406,1.0160439902017377,0.35794576874566425,0.46278829652052317,1.0139163939273517,1.0538894198186453,0.9682280988078806,279.78298667502304
383,40383,40038,900003,6a22834,v2_nested_200x10,1,1,1,success,52,7.574853434861289,20.721537541971248,20.455970280042038,37,1,30.0,0.45,20.0,1.0,25,1,200,0.002,100,10.0,1.0,0,33,0,0.6346153846153846,0.3708083531663484,-0.18743291914450255,2.386016114109574,0.021890757742269742,0.0379166065974823,0.05016185559713099,1.436904900452406,1.0160439902017377,0.35794576874566425,0.46278829652052317,1.0139163939273517,1.0538894198186453,0.9682280988078806,279.0458816331552
384,40384,40038,900004,6a22834,v2_nested_200x10,1,1,1,success,50,21.19967639778472,16.202613156837398,6.73862095908893,39,1,30.0,0.45,20.0,1.0,25,1,200,0.002,100,10.0,1.0,0,33,0,0.66,0.3708083531663484,-0.18743291914450255,2.386016114109574,0.021890757742269742,0.0379166065974823,0.05016185559713099,1.436904900452406,1.0160439902017377,0.35794576874566425,0.46278829652052317,1.0139163939273517,1.0538894198186453,0.9682280988078806,278.44896274527775
385,40385,40038,900005,6a22834,v2_nested_200x10,1,1,1,success,44,14.256382963728122,23.999131232703807,13.187281534744196,38,1,30.0,0.45,20.0,1.0,25,1,200,0.002,100,10.0,1.0,0,32,0,0.7272727272727273,0.3708083531663484,-0.18743291914450255,2.386016114109574,0.021890757742269742,0.0379166065974823,0.05016185559713099,1.436904900452406,1.0160439902017377,0.35794576874566425,0.46278829652052317,1.0139163939273517,1.0538894198186453,0.9682280988078806,279.97295036827995
386,40386,40038,900006,6a22834,v2_nested_200x10,1,1,1,success,58,1.1471302651470083,2.3783152429676586,10.872286498146522,50,1,30.0,0.45,20.0,1.0,25,1,200,0.002,100,10.0,1.0,0,43,0,0.7413793103448276,0.3708083531663484,-0.18743291914450255,2.386016114109574,0.021890757742269742,0.0379166065974823,0.05016185559713099,1.436904900452406,1.0160439902017377,0.35794576874566425,0.46278829652052317,1.0139163939273517,1.0538894198186453,0.9682280988078806,278.3712923272925
387,40387,40038,900007,6a22834,v2_nested_200x10,1,1,1,success,50,21.30156573020124,8.646453144072769,4.726816934862844,45,1,30.0,0.45,20.0,1.0,25,1,200,0.002,100,10.0,1.0,0,36,0,0.72,0.3708083531663484,-0.18743291914450255,2.386016114109574,0.021890757742269742,0.0379166065974823,0.05016185559713099,1.436904900452406,1.0160439902017377,0.35794576874566425,0.46278829652052317,1.0139163939273517,1.0538894198186453,0.9682280988078806,280.4679692667798
388,40388,40038,900008,6a22834,v2_nested_200x10,1,1,1,success,44,9.907953090379479,11.855712380636403,6.163570817133873,38,1,30.0,0.45,20.0,1.0,25,1,200,0.002,100,10.0,1.0,0,29,0,0.6590909090909091,0.3708083531663484,-0.18743291914450255,2.386016114109574,0.021890757742269742,0.0379166065974823,0.05016185559713099,1.436904900452406,1.0160439902017377,0.35794576874566425,0.46278829652052317,1.0139163939273517,1.0538894198186453,0.9682280988078806,280.450650411035
389,40389,40038,900009,6a22834,v2_nested_200x10,1,1,1,success,45,9.915309108541837,8.444493401640974,11.638176957433545,39,1,30.0,0.45,20.0,1.0,25,1,200,0.002,100,10.0,1.0,0,33,0,0.7333333333333333,0.3708083531663484,-0.18743291914450255,2.386016114109574,0.021890757742269742,0.0379166065974823,0.05016185559713099,1.436904900452406,1.0160439902017377,0.35794576874566425,0.46278829652052317,1.0139163939273517,1.0538894198186453,0.9682280988078806,279.73218750671566
390,40390,40039,900000,6a22834,v2_nested_200x10,1,1,1,success,73,1.8905032413814278,35.537570650780445,16.499278531983055,63,1,30.0,0.45,20.0,1.0,25,1,200,0.002,100,10.0,1.0,0,60,0,0.821917808219178,0.3658612350318493,-0.6196062765629466,2.305874074254211,0.026869080517022553,0.0364616562095107,0.07741250949800586,1.2025725903339737,0.847751500002916,0.3505683739330302,0.7197041415806423,0.9381541676441676,1.1148623649500085,1.0899266315508047,295.59147195923595
391,40391,40039,900001,6a22834,v2_nested_200x10,1,1,1,success,70,13.966861533318605,26.761878323129995,9.241665356930522,64,1,30.0,0.45,20.0,1.0,25,1,200,0.002,100,10.0,1.0,0,55,0,0.7857142857142857,0.3658612350318493,-0.6196062765629466,2.305874074254211,0.026869080517022553,0.0364616562095107,0.07741250949800586,1.2025725903339737,0.847751500002916,0.3505683739330302,0.7197041415806423,0.9381541676441676,1.1148623649500085,1.0899266315508047,294.046734886046
392,40392,40039,900002,6a22834,v2_nested_200x10,1,1,1,success,69,7.456494093646605,32.28354287462316,10.752949769380448,61,1,30.0,0.45,20.0,1.0,25,1,200,0.002,100,10.0,1.0,0,59,0,0.855072463768116,0.3658612350318493,-0.6196062765629466,2.305874074254211,0.026869080517022553,0.0364616562095107,0.07741250949800586,1.2025725903339737,0.847751500002916,0.3505683739330302,0.7197041415806423,0.9381541676441676,1.1148623649500085,1.0899266315508047,293.71953734474675
393,40393,40039,900003,6a22834,v2_nested_200x10,1,1,1,success,69,13.151775091645112,22.812557876596767,6.365643293875049,63,1,30.0,0.45,20.0,1.0,25,1,200,0.002,100,10.0,1.0,2,54,0,0.782608695652174,0.3658612350318493,-0.6196062765629466,2.305874074254211,0.026869080517022553,0.0364616562095107,0.07741250949800586,1.2025725903339737,0.847751500002916,0.3505683739330302,0.7197041415806423,0.9381541676441676,1.1148623649500085,1.0899266315508047,297.2663440122779
394,40394,40039,900004,6a22834,v2_nested_200x10,1,1,1,success,69,14.339769924031456,12.70843172170363,10.968872473251654,64,1,30.0,0.45,20.0,1.0,25,1,200,0.002,100,10.0,1.0,0,56,0,0.8115942028985508,0.3658612350318493,-0.6196062765629466,2.305874074254211,0.026869080517022553,0.0364616562095107,0.07741250949800586,1.2025725903339737,0.847751500002916,0.3505683739330302,0.7197041415806423,0.9381541676441676,1.1148623649500085,1.0899266315508047,294.884009898219
395,40395,40039,900005,6a22834,v2_nested_200x10,1,1,1,success,70,16.528711500188685,15.419064718441065,9.485378710670608,64,1,30.0,0.45,20.0,1.0,25,1,200,0.002,100,10.0,1.0,0,52,0,0.7428571428571429,0.3658612350318493,-0.6196062765629466,2.305874074254211,0.026869080517022553,0.0364616562095107,0.07741250949800586,1.2025725903339737,0.847751500002916,0.3505683739330302,0.7197041415806423,0.9381541676441676,1.1148623649500085,1.0899266315508047,293.9861264338588
396,40396,40039,900006,6a22834,v2_nested_200x10,1,1,1,success,70,10.087938074955094,19.281883130429346,18.81230623872728,64,1,30.0,0.45,20.0,1.0,25,1,200,0.002,100,10.0,1.0,0,52,0,0.7428571428571429,0.3658612350318493,-0.6196062765629466,2.305874074254211,0.026869080517022553,0.0364616562095107,0.07741250949800586,1.2025725903339737,0.847751500002916,0.3505683739330302,0.7197041415806423,0.9381541676441676,1.1148623649500085,1.0899266315508047,299.82708108550764
397,40397,40039,900007,6a22834,v2_nested_200x10,1,1,1,success,69,5.186688508933661,22.165146329305323,5.278042625365503,64,1,30.0,0.45,20.0,1.0,25,1,200,0.002,100,10.0,1.0,0,59,0,0.855072463768116,0.3658612350318493,-0.6196062765629466,2.305874074254211,0.026869080517022553,0.0364616562095107,0.07741250949800586,1.2025725903339737,0.847751500002916,0.3505683739330302,0.7197041415806423,0.9381541676441676,1.1148623649500085,1.0899266315508047,296.31591412506776
398,40398,40039,900008,6a22834,v2_nested_200x10,1,1,1,success,71,21.821622691731946,12.513687989331357,1.8067814380780398,68,1,30.0,0.45,20.0,1.0,25,1,200,0.002,100,10.0,1.0,0,51,0,0.7183098591549296,0.3658612350318493,-0.6196062765629466,2.305874074254211,0.026869080517022553,0.0364616562095107,0.07741250949800586,1.2025725903339737,0.847751500002916,0.3505683739330302,0.7197041415806423,0.9381541676441676,1.1148623649500085,1.0899266315508047,293.9309955059407
399,40399,40039,900009,6a22834,v2_nested_200x10,1,1,1,success,68,10.957984851499896,19.62430369102998,12.116392239678937,61,1,30.0,0.45,20.0,1.0,25,1,200,0.002,100,10.0,1.0,0,53,0,0.7794117647058824,0.3658612350318493,-0.6196062765629466,2.305874074254211,0.026869080517022553,0.0364616562095107,0.07741250949800586,1.2025725903339737,0.847751500002916,0.3505683739330302,0.7197041415806423,0.9381541676441676,1.1148623649500085,1.0899266315508047,296.90493052532753
400,40400,40040,900000,6a22834,v2_nested_200x10,1,1,1,success,68,30.006383838439444,43.727407928949454,4.965853642610716,62,1,30.0,0.45,20.0,1.0,25,1,200,0.002,100,10.0,1.0,0,60,0,0.8823529411764706,0.3713570668119285,-0.30825453075586734,-2.40782301722167,0.025594834608082893,0.03044918357051554,0.05060037074937179,1.3190217714007897,1.1985786749728506,0.38218568188472024,0.18221058799227952,1.0633603734716999,1.0095039836013904,0.9164530684898928,280.23475618239297
401,40401,40040,900001,6a22834,v2_nested_200x10,1,1,1,success,52,12.063422508820137,22.620738842887555,1.6138801826222515,47,1,30.0,0.45,20.0,1.0,25,1,200,0.002,100,10.0,1.0,0,36,0,0.6923076923076923,0.3713570668119285,-0.30825453075586734,-2.40782301722167,0.025594834608082893,0.03044918357051554,0.05060037074937179,1.3190217714007897,1.1985786749728506,0.38218568188472024,0.18221058799227952,1.0633603734716999,1.0095039836013904,0.9164530684898928,280.1212154029001
402,40402,40040,900002,6a22834,v2_nested_200x10,1,1,1,success,50,24.687656345617594,37.9324120681844,16.82212322138879,43,1,30.0,0.45,20.0,1.0,25,1,200,0.002,100,10.0,1.0,0,37,0,0.74,0.3713570668119285,-0.30825453075586734,-2.40782301722167,0.025594834608082893,0.03044918357051554,0.05060037074937179,1.3190217714007897,1.1985786749728506,0.38218568188472024,0.18221058799227952,1.0633603734716999,1.0095039836013904,0.9164530684898928,280.5991808317007
403,40403,40040,900003,6a22834,v2_nested_200x10,1,1,1,success,53,34.529269128584026,36.81419227738137,11.866084151868506,45,1,30.0,0.45,20.0,1.0,25,1,200,0.002,100,10.0,1.0,0,45,0,0.8490566037735849,0.3713570668119285,-0.30825453075586734,-2.40782301722167,0.025594834608082893,0.03044918357051554,0.05060037074937179,1.3190217714007897,1.1985786749728506,0.38218568188472024,0.18221058799227952,1.0633603734716999,1.0095039836013904,0.9164530684898928,282.8127718391385
404,40404,40040,900004,6a22834,v2_nested_200x10,1,1,1,success,50,16.819295238754844,16.877626965863815,6.735579967366702,42,1,30.0,0.45,20.0,1.0,25,1,200,0.002,100,10.0,1.0,0,38,0,0.76,0.3713570668119285,-0.30825453075586734,-2.40782301722167,0.025594834608082893,0.03044918357051554,0.05060037074937179,1.3190217714007897,1.1985786749728506,0.38218568188472024,0.18221058799227952,1.0633603734716999,1.0095039836013904,0.9164530684898928,281.8545267917144
405,40405,40040,900005,6a22834,v2_nested_200x10,1,1,1,success,54,29.779098996648063,29.549298798485918,4.409310306488251,46,1,30.0,0.45,20.0,1.0,25,1,200,0.002,100,10.0,1.0,0,42,0,0.7777777777777778,0.3713570668119285,-0.30825453075586734,-2.40782301722167,0.025594834608082893,0.03044918357051554,0.05060037074937179,1.3190217714007897,1.1985786749728506,0.38218568188472024,0.18221058799227952,1.0633603734716999,1.0095039836013904,0.9164530684898928,281.93251675388854
406,40406,40040,900006,6a22834,v2_nested_200x10,1,1,1,success,137,32.191459482272904,33.66505908007436,19.665132621004314,42,1,30.0,0.45,20.0,1.0,25,1,200,0.002,100,10.0,1.0,0,123,0,0.8978102189781022,0.3713570668119285,-0.30825453075586734,-2.40782301722167,0.025594834608082893,0.03044918357051554,0.05060037074937179,1.3190217714007897,1.1985786749728506,0.38218568188472024,0.18221058799227952,1.0633603734716999,1.0095039836013904,0.9164530684898928,278.16832153373207
407,40407,40040,900007,6a22834,v2_nested_200x10,1,1,1,success,50,21.638418266005672,26.55342869017215,6.875127154982825,43,1,30.0,0.45,20.0,1.0,25,1,200,0.002,100,10.0,1.0,0,40,0,0.8,0.3713570668119285,-0.30825453075586734,-2.40782301722167,0.025594834608082893,0.03044918357051554,0.05060037074937179,1.3190217714007897,1.1985786749728506,0.38218568188472024,0.18221058799227952,1.0633603734716999,1.0095039836013904,0.9164530684898928,281.85776169226136
408,40408,40040,900008,6a22834,v2_nested_200x10,1,1,1,success,49,24.735229976949288,26.23468580971404,2.503731162509426,46,1,30.0,0.45,20.0,1.0,25,1,200,0.002,100,10.0,1.0,0,40,0,0.8163265306122449,0.3713570668119285,-0.30825453075586734,-2.40782301722167,0.025594834608082893,0.03044918357051554,0.05060037074937179,1.3190217714007897,1.1985786749728506,0.38218568188472024,0.18221058799227952,1.0633603734716999,1.0095039836013904,0.9164530684898928,280.7721187071103
409,40409,40040,900009,6a22834,v2_nested_200x10,1,1,1,success,49,27.21772487649377,24.253064497436036,17.604447751314922,41,1,30.0,0.45,20.0,1.0,25,1,200,0.002,100,10.0,1.0,0,42,0,0.8571428571428571,0.3713570668119285,-0.30825453075586734,-2.40782301722167,0.025594834608082893,0.03044918357051554,0.05060037074937179,1.3190217714007897,1.1985786749728506,0.38218568188472024,0.18221058799227952,1.0633603734716999,1.0095039836013904,0.9164530684898928,283.62239190924276
410,40410,40041,900000,6a22834,v2_nested_200x10,1,1,1,success,68,10.628549171677273,28.19700390917258,12.181989678746058,60,1,30.0,0.45,20.0,1.0,25,1,200,0.002,100,10.0,1.0,0,48,0,0.7058823529411765,0.35917118449943636,-0.4624091084793418,0.657480544326825,0.022711497282770006,0.0300297640592279,0.08616110791748355,0.9429021962588503,1.182961365740165,0.3566143760787336,0.7298440447684854,1.0591307869389788,0.9741014534818052,1.068572609101917,289.7594563832366
411,40411,40041,900001,6a22834,v2_nested_200x10,1,1,1,success,69,25.596053171469173,19.50597505529823,7.592061782760142,64,1,30.0,0.45,20.0,1.0,25,1,200,0.002,100,10.0,1.0,0,54,0,0.782608695652174,0.35917118449943636,-0.4624091084793418,0.657480544326825,0.022711497282770006,0.0300297640592279,0.08616110791748355,0.9429021962588503,1.182961365740165,0.3566143760787336,0.7298440447684854,1.0591307869389788,0.9741014534818052,1.068572609101917,291.19864512409134
412,40412,40041,900002,6a22834,v2_nested_200x10,1,1,1,success,68,22.35285042047751,20.300878692858014,9.444636265247608,61,1,30.0,0.45,20.0,1.0,25,1,200,0.002,100,10.0,1.0,0,46,0,0.6764705882352942,0.35917118449943636,-0.4624091084793418,0.657480544326825,0.022711497282770006,0.0300297640592279,0.08616110791748355,0.9429021962588503,1.182961365740165,0.3566143760787336,0.7298440447684854,1.0591307869389788,0.9741014534818052,1.068572609101917,291.80810470007236
413,40413,40041,900003,6a22834,v2_nested_200x10,0,1,1,timeout,200,32.25086591026049,20.73366244616064,12.502380411243697,63,0,30.0,0.45,20.0,1.0,25,1,200,0.002,100,10.0,1.0,0,181,0,0.905,0.35917118449943636,-0.4624091084793418,0.657480544326825,0.022711497282770006,0.0300297640592279,0.08616110791748355,0.9429021962588503,1.182961365740165,0.3566143760787336,0.7298440447684854,1.0591307869389788,0.9741014534818052,1.068572609101917,63.919489214950815
414,40414,40041,900004,6a22834,v2_nested_200x10,1,1,1,success,68,14.613608034449552,10.746704747643745,5.287620970258913,62,1,30.0,0.45,20.0,1.0,25,1,200,0.002,100,10.0,1.0,0,48,0,0.7058823529411765,0.35917118449943636,-0.4624091084793418,0.657480544326825,0.022711497282770006,0.0300297640592279,0.08616110791748355,0.9429021962588503,1.182961365740165,0.3566143760787336,0.7298440447684854,1.0591307869389788,0.9741014534818052,1.068572609101917,291.3501797318309
415,40415,40041,900005,6a22834,v2_nested_200x10,0,1,0,timeout,200,155.65528623834186,145.39090137597933,2.9118157150975743,65,1,30.0,0.45,20.0,1.0,25,1,200,0.002,100,10.0,1.0,0,186,0,0.93,0.35917118449943636,-0.4624091084793418,0.657480544326825,0.022711497282770006,0.0300297640592279,0.08616110791748355,0.9429021962588503,1.182961365740165,0.3566143760787336,0.7298440447684854,1.0591307869389788,0.9741014534818052,1.068572609101917,56.95107472527223
416,40416,40041,900006,6a22834,v2_nested_200x10,1,1,1,success,68,15.724825711071329,22.669760827376237,23.137698013314626,62,1,30.0,0.45,20.0,1.0,25,1,200,0.002,100,10.0,1.0,0,50,0,0.7352941176470589,0.35917118449943636,-0.4624091084793418,0.657480544326825,0.022711497282770006,0.0300297640592279,0.08616110791748355,0.9429021962588503,1.182961365740165,0.3566143760787336,0.7298440447684854,1.0591307869389788,0.9741014534818052,1.068572609101917,291.2006506572954
417,40417,40041,900007,6a22834,v2_nested_200x10,1,1,1,success,69,22.770334974720825,16.79130366252823,12.133569247691973,63,1,30.0,0.45,20.0,1.0,25,1,200,0.002,100,10.0,1.0,0,51,0,0.7391304347826086,0.35917118449943636,-0.4624091084793418,0.657480544326825,0.022711497282770006,0.0300297640592279,0.08616110791748355,0.9429021962588503,1.182961365740165,0.3566143760787336,0.7298440447684854,1.0591307869389788,0.9741014534818052,1.068572609101917,291.00569237667753
418,40418,40041,900008,6a22834,v2_nested_200x10,1,1,1,success,68,31.068275502517853,32.213148066848895,2.9546743612710236,61,1,30.0,0.45,20.0,1.0,25,1,200,0.002,100,10.0,1.0,0,49,0,0.7205882352941176,0.35917118449943636,-0.4624091084793418,0.657480544326825,0.022711497282770006,0.0300297640592279,0.08616110791748355,0.9429021962588503,1.182961365740165,0.3566143760787336,0.7298440447684854,1.0591307869389788,0.9741014534818052,1.068572609101917,289.30248751333977
419,40419,40041,900009,6a22834,v2_nested_200x10,1,1,1,success,129,22.414738607596977,31.160934797818125,12.155192153700057,60,1,30.0,0.45,20.0,1.0,25,1,200,0.002,100,10.0,1.0,0,107,0,0.8294573643410853,0.35917118449943636,-0.4624091084793418,0.657480544326825,0.022711497282770006,0.0300297640592279,0.08616110791748355,0.9429021962588503,1.182961365740165,0.3566143760787336,0.7298440447684854,1.0591307869389788,0.9741014534818052,1.068572609101917,285.6996894769429
420,40420,40042,900000,6a22834,v2_nested_200x10,1,1,1,success,75,16.42913117565121,36.09858408111573,8.716251350761766,67,1,30.0,0.45,20.0,1.0,25,1,200,0.002,100,10.0,1.0,0,55,0,0.7333333333333333,0.38495619540290904,-0.690775432198545,-0.200297931744442,0.0219323406101069,0.03441553447274235,0.10812621734769166,1.1406250528246638,0.655680299591495,0.36627154328425027,0.6263526410045597,1.0776593948309143,1.10070098118326,1.2774852977789735,295.40208137969904
421,40421,40042,900001,6a22834,v2_nested_200x10,1,1,1,success,81,21.205566220889672,34.91256933790072,4.869088649913243,73,1,30.0,0.45,20.0,1.0,25,1,200,0.002,100,10.0,1.0,0,65,0,0.8024691358024691,0.38495619540290904,-0.690775432198545,-0.200297931744442,0.0219323406101069,0.03441553447274235,0.10812621734769166,1.1406250528246638,0.655680299591495,0.36627154328425027,0.6263526410045597,1.0776593948309143,1.10070098118326,1.2774852977789735,294.10798573422875
422,40422,40042,900002,6a22834,v2_nested_200x10,1,1,1,success,76,26.61466391064924,37.31487134841397,21.301441676358397,68,1,30.0,0.45,20.0,1.0,25,1,200,0.002,100,10.0,1.0,0,62,0,0.8157894736842105,0.38495619540290904,-0.690775432198545,-0.200297931744442,0.0219323406101069,0.03441553447274235,0.10812621734769166,1.1406250528246638,0.655680299591495,0.36627154328425027,0.6263526410045597,1.0776593948309143,1.10070098118326,1.2774852977789735,294.4022056007386
423,40423,40042,900003,6a22834,v2_nested_200x10,1,1,1,success,75,13.975289704058353,25.08349667304081,4.057440678302101,69,1,30.0,0.45,20.0,1.0,25,1,200,0.002,100,10.0,1.0,0,56,0,0.7466666666666667,0.38495619540290904,-0.690775432198545,-0.200297931744442,0.0219323406101069,0.03441553447274235,0.10812621734769166,1.1406250528246638,0.655680299591495,0.36627154328425027,0.6263526410045597,1.0776593948309143,1.10070098118326,1.2774852977789735,294.31625754399147
424,40424,40042,900004,6a22834,v2_nested_200x10,1,1,1,success,74,10.532286539370343,21.914142535226066,4.3818469359595245,69,1,30.0,0.45,20.0,1.0,25,1,200,0.002,100,10.0,1.0,0,55,0,0.7432432432432432,0.38495619540290904,-0.690775432198545,-0.200297931744442,0.0219323406101069,0.03441553447274235,0.10812621734769166,1.1406250528246638,0.655680299591495,0.36627154328425027,0.6263526410045597,1.0776593948309143,1.10070098118326,1.2774852977789735,293.95714865893035
425,40425,40042,900005,6a22834,v2_nested_200x10,1,1,1,success,76,26.35343483291253,31.682429052360956,11.220826301060322,69,1,30.0,0.45,20.0,1.0,25,1,200,0.002,100,10.0,1.0,0,56,0,0.7368421052631579,0.38495619540290904,-0.690775432198545,-0.200297931744442,0.0219323406101069,0.03441553447274235,0.10812621734769166,1.1406250528246638,0.655680299591495,0.36627154328425027,0.6263526410045597,1.0776593948309143,1.10070098118326,1.2774852977789735,296.5180439667506
426,40426,40042,900006,6a22834,v2_nested_200x10,1,1,1,success,76,11.598838281620424,25.557509679072112,16.915820931376892,70,1,30.0,0.45,20.0,1.0,25,1,200,0.002,100,10.0,1.0,0,61,0,0.8026315789473685,0.38495619540290904,-0.690775432198545,-0.200297931744442,0.0219323406101069,0.03441553447274235,0.10812621734769166,1.1406250528246638,0.655680299591495,0.36627154328425027,0.6263526410045597,1.0776593948309143,1.10070098118326,1.2774852977789735,294.31702318790235
427,40427,40042,900007,6a22834,v2_nested_200x10,1,1,1,success,75,12.435036881612184,28.216742351886033,9.701235837112222,69,1,30.0,0.45,20.0,1.0,25,1,200,0.002,100,10.0,1.0,0,58,0,0.7733333333333333,0.38495619540290904,-0.690775432198545,-0.200297931744442,0.0219323406101069,0.03441553447274235,0.10812621734769166,1.1406250528246638,0.655680299591495,0.36627154328425027,0.6263526410045597,1.0776593948309143,1.10070098118326,1.2774852977789735,297.45569825447996
428,40428,40042,900008,6a22834,v2_nested_200x10,1,1,1,success,76,19.089495449917987,32.33240665727754,10.464836087310788,68,1,30.0,0.45,20.0,1.0,25,1,200,0.002,100,10.0,1.0,0,57,0,0.75,0.38495619540290904,-0.690775432198545,-0.200297931744442,0.0219323406101069,0.03441553447274235,0.10812621734769166,1.1406250528246638,0.655680299591495,0.36627154328425027,0.6263526410045597,1.0776593948309143,1.10070098118326,1.2774852977789735,296.00421974325116
429,40429,40042,900009,6a22834,v2_nested_200x10,1,1,1,success,75,10.531307942037385,31.270866927135717,5.388418414994238,69,1,30.0,0.45,20.0,1.0,25,1,200,0.002,100,10.0,1.0,0,59,0,0.7866666666666666,0.38495619540290904,-0.690775432198545,-0.200297931744442,0.0219323406101069,0.03441553447274235,0.10812621734769166,1.1406250528246638,0.655680299591495,0.36627154328425027,0.6263526410045597,1.0776593948309143,1.10070098118326,1.2774852977789735,297.0723166976785
430,40430,40043,900000,6a22834,v2_nested_200x10,1,1,1,success,53,2.7559584717376913,10.19262168154354,9.23810188714755,46,1,30.0,0.45,20.0,1.0,25,1,200,0.002,100,10.0,1.0,0,44,0,0.8301886792452831,0.36229995798494957,-0.3403873136881932,3.100073034341828,0.0259677635386855,0.031268419411526624,0.10161643975920011,1.4074654086446792,1.332983617967502,0.3061315599244036,0.5082500982640771,0.9887942833567929,1.0521905148505089,1.0051565028472456,285.00402740477824
431,40431,40043,900001,6a22834,v2_nested_200x10,1,1,1,success,56,7.338759701393805,20.93961686040847,12.691900424597796,47,1,30.0,0.45,20.0,1.0,25,1,200,0.002,100,10.0,1.0,0,45,0,0.8035714285714286,0.36229995798494957,-0.3403873136881932,3.100073034341828,0.0259677635386855,0.031268419411526624,0.10161643975920011,1.4074654086446792,1.332983617967502,0.3061315599244036,0.5082500982640771,0.9887942833567929,1.0521905148505089,1.0051565028472456,284.9312837590073
432,40432,40043,900002,6a22834,v2_nested_200x10,1,1,1,success,55,5.452856641199502,2.1761832563030876,0.12763504743976564,52,1,30.0,0.45,20.0,1.0,25,1,200,0.002,100,10.0,1.0,0,44,0,0.8,0.36229995798494957,-0.3403873136881932,3.100073034341828,0.0259677635386855,0.031268419411526624,0.10161643975920011,1.4074654086446792,1.332983617967502,0.3061315599244036,0.5082500982640771,0.9887942833567929,1.0521905148505089,1.0051565028472456,287.3247055748145
433,40433,40043,900003,6a22834,v2_nested_200x10,1,1,1,success,49,7.260869513079689,13.68463188415629,13.452309423940731,44,1,30.0,0.45,20.0,1.0,25,1,200,0.002,100,10.0,1.0,0,37,0,0.7551020408163265,0.36229995798494957,-0.3403873136881932,3.100073034341828,0.0259677635386855,0.031268419411526624,0.10161643975920011,1.4074654086446792,1.332983617967502,0.3061315599244036,0.5082500982640771,0.9887942833567929,1.0521905148505089,1.0051565028472456,287.41875864421763
434,40434,40043,900004,6a22834,v2_nested_200x10,1,1,1,success,53,22.902141344790664,17.794378381174454,5.058322850655299,47,1,30.0,0.45,20.0,1.0,25,1,200,0.002,100,10.0,1.0,0,44,0,0.8301886792452831,0.36229995798494957,-0.3403873136881932,3.100073034341828,0.0259677635386855,0.031268419411526624,0.10161643975920011,1.4074654086446792,1.332983617967502,0.3061315599244036,0.5082500982640771,0.9887942833567929,1.0521905148505089,1.0051565028472456,284.5397697864578
435,40435,40043,900005,6a22834,v2_nested_200x10,1,1,1,success,52,16.62493900496872,10.224556686685695,2.692277726948386,45,1,30.0,0.45,20.0,1.0,25,1,200,0.002,100,10.0,1.0,0,37,0,0.7115384615384616,0.36229995798494957,-0.3403873136881932,3.100073034341828,0.0259677635386855,0.031268419411526624,0.10161643975920011,1.4074654086446792,1.332983617967502,0.3061315599244036,0.5082500982640771,0.9887942833567929,1.0521905148505089,1.0051565028472456,285.68917852719227
436,40436,40043,900006,6a22834,v2_nested_200x10,1,1,1,success,55,9.294670604176304,3.5053915168831695,15.648351272809554,46,1,30.0,0.45,20.0,1.0,25,1,200,0.002,100,10.0,1.0,0,43,0,0.7818181818181819,0.36229995798494957,-0.3403873136881932,3.100073034341828,0.0259677635386855,0.031268419411526624,0.10161643975920011,1.4074654086446792,1.332983617967502,0.3061315599244036,0.5082500982640771,0.9887942833567929,1.0521905148505089,1.0051565028472456,286.8529367031276
437,40437,40043,900007,6a22834,v2_nested_200x10,1,1,1,success,51,14.10160361880372,10.847734052291274,5.3516375477917695,47,1,30.0,0.45,20.0,1.0,25,1,200,0.002,100,10.0,1.0,0,42,0,0.8235294117647058,0.36229995798494957,-0.3403873136881932,3.100073034341828,0.0259677635386855,0.031268419411526624,0.10161643975920011,1.4074654086446792,1.332983617967502,0.3061315599244036,0.5082500982640771,0.9887942833567929,1.0521905148505089,1.0051565028472456,285.85624954964885
438,40438,40043,900008,6a22834,v2_nested_200x10,1,1,1,success,53,3.061674859927169,2.5051465980464145,0.2445541898835629,50,1,30.0,0.45,20.0,1.0,25,1,200,0.002,100,10.0,1.0,0,37,0,0.6981132075471698,0.36229995798494957,-0.3403873136881932,3.100073034341828,0.0259677635386855,0.031268419411526624,0.10161643975920011,1.4074654086446792,1.332983617967502,0.3061315599244036,0.5082500982640771,0.9887942833567929,1.0521905148505089,1.0051565028472456,287.16209471562286
439,40439,40043,900009,6a22834,v2_nested_200x10,1,1,1,success,54,9.6508181189061,16.68986726530163,6.477240438721764,45,1,30.0,0.45,20.0,1.0,25,1,200,0.002,100,10.0,1.0,0,43,0,0.7962962962962963,0.36229995798494957,-0.3403873136881932,3.100073034341828,0.0259677635386855,0.031268419411526624,0.10161643975920011,1.4074654086446792,1.332983617967502,0.3061315599244036,0.5082500982640771,0.9887942833567929,1.0521905148505089,1.0051565028472456,285.4251133545466
440,40440,40044,900000,6a22834,v2_nested_200x10,1,1,1,success,52,19.217369497140183,12.989934541108578,15.47767079842872,46,1,30.0,0.45,20.0,1.0,25,1,200,0.002,100,10.0,1.0,0,41,0,0.7884615384615384,0.36945846910832003,-0.43928780668911277,-2.326773724066303,0.025867059479736998,0.035189522750281255,0.05734374916966049,1.448298940130691,0.6977525478888236,0.31403418629088947,0.3074152357985931,1.0305165589852945,1.0456908768934479,0.9429502799711657,285.0146367082023
441,40441,40044,900001,6a22834,v2_nested_200x10,1,1,1,success,55,14.037802712732283,12.544542519460865,6.063065811417664,49,1,30.0,0.45,20.0,1.0,25,1,200,0.002,100,10.0,1.0,0,41,0,0.7454545454545455,0.36945846910832003,-0.43928780668911277,-2.326773724066303,0.025867059479736998,0.035189522750281255,0.05734374916966049,1.448298940130691,0.6977525478888236,0.31403418629088947,0.3074152357985931,1.0305165589852945,1.0456908768934479,0.9429502799711657,284.57076520691106
442,40442,40044,900002,6a22834,v2_nested_200x10,1,1,1,success,51,17.79472701229519,12.253924172883837,21.829184492392567,45,1,30.0,0.45,20.0,1.0,25,1,200,0.002,100,10.0,1.0,0,38,0,0.7450980392156863,0.36945846910832003,-0.43928780668911277,-2.326773724066303,0.025867059479736998,0.035189522750281255,0.05734374916966049,1.448298940130691,0.6977525478888236,0.31403418629088947,0.3074152357985931,1.0305165589852945,1.0456908768934479,0.9429502799711657,283.54771529792464
443,40443,40044,900003,6a22834,v2_nested_200x10,1,1,1,success,59,27.476170758823034,18.600468366392924,21.581696932459657,53,1,30.0,0.45,20.0,1.0,25,1,200,0.002,100,10.0,1.0,0,46,0,0.7796610169491526,0.36945846910832003,-0.43928780668911277,-2.326773724066303,0.025867059479736998,0.035189522750281255,0.05734374916966049,1.448298940130691,0.6977525478888236,0.31403418629088947,0.3074152357985931,1.0305165589852945,1.0456908768934479,0.9429502799711657,285.2717443001336
444,40444,40044,900004,6a22834,v2_nested_200x10,1,1,1,success,55,4.200718294336898,6.230775964292518,1.5539468956199731,52,1,30.0,0.45,20.0,1.0,25,1,200,0.002,100,10.0,1.0,0,44,0,0.8,0.36945846910832003,-0.43928780668911277,-2.326773724066303,0.025867059479736998,0.035189522750281255,0.05734374916966049,1.448298940130691,0.6977525478888236,0.31403418629088947,0.3074152357985931,1.0305165589852945,1.0456908768934479,0.9429502799711657,282.86895895565067
445,40445,40044,900005,6a22834,v2_nested_200x10,1,1,1,success,50,10.258742543722736,8.96164348765961,6.133627994713651,44,1,30.0,0.45,20.0,1.0,25,1,200,0.002,100,10.0,1.0,0,35,0,0.7,0.36945846910832003,-0.43928780668911277,-2.326773724066303,0.025867059479736998,0.035189522750281255,0.05734374916966049,1.448298940130691,0.6977525478888236,0.31403418629088947,0.3074152357985931,1.0305165589852945,1.0456908768934479,0.9429502799711657,283.0687244357172
446,40446,40044,900006,6a22834,v2_nested_200x10,1,1,1,success,52,9.689418655394398,10.474537660394098,9.540012714058694,47,1,30.0,0.45,20.0,1.0,25,1,200,0.002,100,10.0,1.0,0,42,0,0.8076923076923077,0.36945846910832003,-0.43928780668911277,-2.326773724066303,0.025867059479736998,0.035189522750281255,0.05734374916966049,1.448298940130691,0.6977525478888236,0.31403418629088947,0.3074152357985931,1.0305165589852945,1.0456908768934479,0.9429502799711657,284.55745189733034
447,40447,40044,900007,6a22834,v2_nested_200x10,1,1,1,success,51,15.27176821038025,13.660775022455597,7.799164941404832,46,1,30.0,0.45,20.0,1.0,25,1,200,0.002,100,10.0,1.0,0,40,0,0.7843137254901961,0.36945846910832003,-0.43928780668911277,-2.326773724066303,0.025867059479736998,0.035189522750281255,0.05734374916966049,1.448298940130691,0.6977525478888236,0.31403418629088947,0.3074152357985931,1.0305165589852945,1.0456908768934479,0.9429502799711657,283.6794885206809
448,40448,40044,900008,6a22834,v2_nested_200x10,1,1,1,success,53,13.023292687742586,15.986848080132377,8.908842906123997,45,1,30.0,0.45,20.0,1.0,25,1,200,0.002,100,10.0,1.0,0,39,0,0.7358490566037735,0.36945846910832003,-0.43928780668911277,-2.326773724066303,0.025867059479736998,0.035189522750281255,0.05734374916966049,1.448298940130691,0.6977525478888236,0.31403418629088947,0.3074152357985931,1.0305165589852945,1.0456908768934479,0.9429502799711657,284.099432043521
449,40449,40044,900009,6a22834,v2_nested_200x10,1,1,1,success,59,17.41704592425442,11.914402172415937,10.457169555903528,46,1,30.0,0.45,20.0,1.0,25,1,200,0.002,100,10.0,1.0,0,47,0,0.7966101694915254,0.36945846910832003,-0.43928780668911277,-2.326773724066303,0.025867059479736998,0.035189522750281255,0.05734374916966049,1.448298940130691,0.6977525478888236,0.31403418629088947,0.3074152357985931,1.0305165589852945,1.0456908768934479,0.9429502799711657,282.0679980078775
450,40450,40045,900000,6a22834,v2_nested_200x10,1,1,1,success,45,5.183571387515199,14.801353254878642,17.11352050404519,39,1,30.0,0.45,20.0,1.0,25,1,200,0.002,100,10.0,1.0,0,36,0,0.8,0.30669440363855877,-0.24195913129260566,-1.890020299535035,0.02421335741132181,0.03578657943257225,0.10145728948205555,1.0833867006555276,1.212555477369906,0.3289488481044195,0.40514572001671656,1.0236204770899577,0.9648816173274499,1.020010847532347,280.2293175070473
451,40451,40045,900001,6a22834,v2_nested_200x10,1,1,1,success,48,11.70652722955262,3.5462790911299633,4.247261756780453,43,1,30.0,0.45,20.0,1.0,25,1,200,0.002,100,10.0,1.0,0,40,0,0.8333333333333334,0.30669440363855877,-0.24195913129260566,-1.890020299535035,0.02421335741132181,0.03578657943257225,0.10145728948205555,1.0833867006555276,1.212555477369906,0.3289488481044195,0.40514572001671656,1.0236204770899577,0.9648816173274499,1.020010847532347,279.85784517146254
452,40452,40045,900002,6a22834,v2_nested_200x10,1,1,1,success,46,16.088725501701486,9.395177014161513,21.378584577533562,38,1,30.0,0.45,20.0,1.0,25,1,200,0.002,100,10.0,1.0,0,38,0,0.8260869565217391,0.30669440363855877,-0.24195913129260566,-1.890020299535035,0.02421335741132181,0.03578657943257225,0.10145728948205555,1.0833867006555276,1.212555477369906,0.3289488481044195,0.40514572001671656,1.0236204770899577,0.9648816173274499,1.020010847532347,281.23841964271406
453,40453,40045,900003,6a22834,v2_nested_200x10,1,1,1,success,46,16.62097192496074,14.690035282422011,3.102362614711151,41,1,30.0,0.45,20.0,1.0,25,1,200,0.002,100,10.0,1.0,0,40,0,0.8695652173913043,0.30669440363855877,-0.24195913129260566,-1.890020299535035,0.02421335741132181,0.03578657943257225,0.10145728948205555,1.0833867006555276,1.212555477369906,0.3289488481044195,0.40514572001671656,1.0236204770899577,0.9648816173274499,1.020010847532347,278.4206771847498
454,40454,40045,900004,6a22834,v2_nested_200x10,1,1,1,success,46,1.518485592630796,9.351686943354538,7.604608708001127,41,1,30.0,0.45,20.0,1.0,25,1,200,0.002,100,10.0,1.0,0,37,0,0.8043478260869565,0.30669440363855877,-0.24195913129260566,-1.890020299535035,0.02421335741132181,0.03578657943257225,0.10145728948205555,1.0833867006555276,1.212555477369906,0.3289488481044195,0.40514572001671656,1.0236204770899577,0.9648816173274499,1.020010847532347,280.2450910020125
455,40455,40045,900005,6a22834,v2_nested_200x10,1,1,1,success,47,8.35143047306559,14.756708869213961,16.251190587389154,38,1,30.0,0.45,20.0,1.0,25,1,200,0.002,100,10.0,1.0,0,40,0,0.851063829787234,0.30669440363855877,-0.24195913129260566,-1.890020299535035,0.02421335741132181,0.03578657943257225,0.10145728948205555,1.0833867006555276,1.212555477369906,0.3289488481044195,0.40514572001671656,1.0236204770899577,0.9648816173274499,1.020010847532347,279.5758860603687
456,40456,40045,900006,6a22834,v2_nested_200x10,1,1,1,success,48,12.24812547414301,16.533388311718046,9.43515751244343,42,1,30.0,0.45,20.0,1.0,25,1,200,0.002,100,10.0,1.0,0,37,0,0.7708333333333334,0.30669440363855877,-0.24195913129260566,-1.890020299535035,0.02421335741132181,0.03578657943257225,0.10145728948205555,1.0833867006555276,1.212555477369906,0.3289488481044195,0.40514572001671656,1.0236204770899577,0.9648816173274499,1.020010847532347,281.3913340998237
457,40457,40045,900007,6a22834,v2_nested_200x10,1,1,1,success,53,17.75637045495307,3.4311980990336055,15.361608966593673,43,1,30.0,0.45,20.0,1.0,25,1,200,0.002,100,10.0,1.0,0,43,0,0.8113207547169812,0.30669440363855877,-0.24195913129260566,-1.890020299535035,0.02421335741132181,0.03578657943257225,0.10145728948205555,1.0833867006555276,1.212555477369906,0.3289488481044195,0.40514572001671656,1.0236204770899577,0.9648816173274499,1.020010847532347,280.06932459782314
458,40458,40045,900008,6a22834,v2_nested_200x10,1,1,1,success,52,11.443864752303124,6.040300927574528,3.2723215193081447,42,1,30.0,0.45,20.0,1.0,25,1,200,0.002,100,10.0,1.0,0,41,0,0.7884615384615384,0.30669440363855877,-0.24195913129260566,-1.890020299535035,0.02421335741132181,0.03578657943257225,0.10145728948205555,1.0833867006555276,1.212555477369906,0.3289488481044195,0.40514572001671656,1.0236204770899577,0.9648816173274499,1.020010847532347,276.198896154952
459,40459,40045,900009,6a22834,v2_nested_200x10,1,1,1,success,46,6.758892783959098,13.617292298506191,0.12966641978402207,43,1,30.0,0.45,20.0,1.0,25,1,200,0.002,100,10.0,1.0,0,40,0,0.8695652173913043,0.30669440363855877,-0.24195913129260566,-1.890020299535035,0.02421335741132181,0.03578657943257225,0.10145728948205555,1.0833867006555276,1.212555477369906,0.3289488481044195,0.40514572001671656,1.0236204770899577,0.9648816173274499,1.020010847532347,281.30494892940925
460,40460,40046,900000,6a22834,v2_nested_200x10,1,1,1,success,50,11.657591470908647,18.19135838196843,14.71633762027994,40,1,30.0,0.45,20.0,1.0,25,1,200,0.002,100,10.0,1.0,0,44,0,0.88,0.3219068973248936,-0.1712088886107489,-0.24731391912329892,0.02386692001705626,0.03151411261456618,0.05262659665677073,0.923636998912321,0.8764545561204454,0.30566021402456023,0.4431129151296992,1.1009254159935398,0.9694070931757658,1.0269772254808547,280.16666457824545
461,40461,40046,900001,6a22834,v2_nested_200x10,1,1,1,success,46,12.857307253389376,7.385660977151588,9.92270440632974,40,1,30.0,0.45,20.0,1.0,25,1,200,0.002,100,10.0,1.0,0,37,0,0.8043478260869565,0.3219068973248936,-0.1712088886107489,-0.24731391912329892,0.02386692001705626,0.03151411261456618,0.05262659665677073,0.923636998912321,0.8764545561204454,0.30566021402456023,0.4431129151296992,1.1009254159935398,0.9694070931757658,1.0269772254808547,276.8801525158099
462,40462,40046,900002,6a22834,v2_nested_200x10,1,1,1,success,46,11.923491023119272,5.93883038011291,6.751127073825352,39,1,30.0,0.45,20.0,1.0,25,1,200,0.002,100,10.0,1.0,0,33,0,0.717391304347826,0.3219068973248936,-0.1712088886107489,-0.24731391912329892,0.02386692001705626,0.03151411261456618,0.05262659665677073,0.923636998912321,0.8764545561204454,0.30566021402456023,0.4431129151296992,1.1009254159935398,0.9694070931757658,1.0269772254808547,280.91414430887323
463,40463,40046,900003,6a22834,v2_nested_200x10,1,1,1,success,50,6.372055232831451,8.017006693213304,2.5218723477360223,45,1,30.0,0.45,20.0,1.0,25,1,200,0.002,100,10.0,1.0,0,39,0,0.78,0.3219068973248936,-0.1712088886107489,-0.24731391912329892,0.02386692001705626,0.03151411261456618,0.05262659665677073,0.923636998912321,0.8764545561204454,0.30566021402456023,0.4431129151296992,1.1009254159935398,0.9694070931757658,1.0269772254808547,281.0987492971161
464,40464,40046,900004,6a22834,v2_nested_200x10,1,1,1,success,51,17.649716640319806,14.580450684988651,11.968544695649205,45,1,30.0,0.45,20.0,1.0,25,1,200,0.002,100,10.0,1.0,0,42,0,0.8235294117647058,0.3219068973248936,-0.1712088886107489,-0.24731391912329892,0.02386692001705626,0.03151411261456618,0.05262659665677073,0.923636998912321,0.8764545561204454,0.30566021402456023,0.4431129151296992,1.1009254159935398,0.9694070931757658,1.0269772254808547,278.78371502387574
465,40465,40046,900005,6a22834,v2_nested_200x10,1,1,1,success,45,7.656852177966773,10.675713041143982,15.016200707266096,38,1,30.0,0.45,20.0,1.0,25,1,200,0.002,100,10.0,1.0,0,39,0,0.8666666666666667,0.3219068973248936,-0.1712088886107489,-0.24731391912329892,0.02386692001705626,0.03151411261456618,0.05262659665677073,0.923636998912321,0.8764545561204454,0.30566021402456023,0.4431129151296992,1.1009254159935398,0.9694070931757658,1.0269772254808547,280.83331454586107
466,40466,40046,900006,6a22834,v2_nested_200x10,1,1,1,success,47,8.207869521288963,11.48792773247377,2.2506688663941277,44,1,30.0,0.45,20.0,1.0,25,1,200,0.002,100,10.0,1.0,0,39,0,0.8297872340425532,0.3219068973248936,-0.1712088886107489,-0.24731391912329892,0.02386692001705626,0.03151411261456618,0.05262659665677073,0.923636998912321,0.8764545561204454,0.30566021402456023,0.4431129151296992,1.1009254159935398,0.9694070931757658,1.0269772254808547,282.76834557735566
467,40467,40046,900007,6a22834,v2_nested_200x10,1,1,1,success,48,4.164382850442368,5.743142617179435,2.3078916945648817,40,1,30.0,0.45,20.0,1.0,25,1,200,0.002,100,10.0,1.0,0,39,0,0.8125,0.3219068973248936,-0.1712088886107489,-0.24731391912329892,0.02386692001705626,0.03151411261456618,0.05262659665677073,0.923636998912321,0.8764545561204454,0.30566021402456023,0.4431129151296992,1.1009254159935398,0.9694070931757658,1.0269772254808547,280.6359062965343
468,40468,40046,900008,6a22834,v2_nested_200x10,1,1,1,success,45,3.953848916442417,12.514371868646169,8.28594273116251,39,1,30.0,0.45,20.0,1.0,25,1,200,0.002,100,10.0,1.0,0,37,0,0.8222222222222222,0.3219068973248936,-0.1712088886107489,-0.24731391912329892,0.02386692001705626,0.03151411261456618,0.05262659665677073,0.923636998912321,0.8764545561204454,0.30566021402456023,0.4431129151296992,1.1009254159935398,0.9694070931757658,1.0269772254808547,279.59257819719335
469,40469,40046,900009,6a22834,v2_nested_200x10,1,1,1,success,54,34.85933033887243,10.092272878283557,30.340147796897824,47,1,30.0,0.45,20.0,1.0,25,1,200,0.002,100,10.0,1.0,0,45,0,0.8333333333333334,0.3219068973248936,-0.1712088886107489,-0.24731391912329892,0.02386692001705626,0.03151411261456618,0.05262659665677073,0.923636998912321,0.8764545561204454,0.30566021402456023,0.4431129151296992,1.1009254159935398,0.9694070931757658,1.0269772254808547,280.5072131375948
470,40470,40047,900000,6a22834,v2_nested_200x10,1,1,1,success,53,6.886591340302765,3.9324941120338734,2.0132078547911285,44,1,30.0,0.45,20.0,1.0,25,1,200,0.002,100,10.0,1.0,0,38,0,0.7169811320754716,0.3180172326184719,-0.3197988851047281,0.9769107260065466,0.022120311739954948,0.03866115276897613,0.06333424828910561,1.7609281208415744,0.7103220704471783,0.35694916357915873,0.5589581398228668,1.0024474352228698,1.0564326937932307,1.064893512419182,284.03301007437767
471,40471,40047,900001,6a22834,v2_nested_200x10,1,1,1,success,51,15.98808882455519,13.489658651024417,3.4790641467897254,45,1,30.0,0.45,20.0,1.0,25,1,200,0.002,100,10.0,1.0,0,37,0,0.7254901960784313,0.3180172326184719,-0.3197988851047281,0.9769107260065466,0.022120311739954948,0.03866115276897613,0.06333424828910561,1.7609281208415744,0.7103220704471783,0.35694916357915873,0.5589581398228668,1.0024474352228698,1.0564326937932307,1.064893512419182,280.8349903787172
472,40472,40047,900002,6a22834,v2_nested_200x10,1,1,1,success,52,11.515918802882759,12.27202811809294,1.9994043532956594,43,1,30.0,0.45,20.0,1.0,25,1,200,0.002,100,10.0,1.0,0,39,0,0.75,0.3180172326184719,-0.3197988851047281,0.9769107260065466,0.022120311739954948,0.03866115276897613,0.06333424828910561,1.7609281208415744,0.7103220704471783,0.35694916357915873,0.5589581398228668,1.0024474352228698,1.0564326937932307,1.064893512419182,283.5137171948045
473,40473,40047,900003,6a22834,v2_nested_200x10,1,1,1,success,51,9.160604495115587,15.435645245335555,9.932346614226482,43,1,30.0,0.45,20.0,1.0,25,1,200,0.002,100,10.0,1.0,0,38,0,0.7450980392156863,0.3180172326184719,-0.3197988851047281,0.9769107260065466,0.022120311739954948,0.03866115276897613,0.06333424828910561,1.7609281208415744,0.7103220704471783,0.35694916357915873,0.5589581398228668,1.0024474352228698,1.0564326937932307,1.064893512419182,282.91628624929166
474,40474,40047,900004,6a22834,v2_nested_200x10,1,1,1,success,52,25.43655752648705,11.903396094683877,2.7531391909290477,46,1,30.0,0.45,20.0,1.0,25,1,200,0.002,100,10.0,1.0,0,37,0,0.7115384615384616,0.3180172326184719,-0.3197988851047281,0.9769107260065466,0.022120311739954948,0.03866115276897613,0.06333424828910561,1.7609281208415744,0.7103220704471783,0.35694916357915873,0.5589581398228668,1.0024474352228698,1.0564326937932307,1.064893512419182,280.98481039040024
475,40475,40047,900005,6a22834,v2_nested_200x10,1,1,1,success,56,11.467615665951065,5.630636863094304,5.0509500861401335,44,1,30.0,0.45,20.0,1.0,25,1,200,0.002,100,10.0,1.0,0,40,0,0.7142857142857143,0.3180172326184719,-0.3197988851047281,0.9769107260065466,0.022120311739954948,0.03866115276897613,0.06333424828910561,1.7609281208415744,0.7103220704471783,0.35694916357915873,0.5589581398228668,1.0024474352228698,1.0564326937932307,1.064893512419182,282.92795071131934
476,40476,40047,900006,6a22834,v2_nested_200x10,1,1,1,success,54,6.4981418900227625,16.883188855954238,8.501833874138999,42,1,30.0,0.45,20.0,1.0,25,1,200,0.002,100,10.0,1.0,0,37,0,0.6851851851851852,0.3180172326184719,-0.3197988851047281,0.9769107260065466,0.022120311739954948,0.03866115276897613,0.06333424828910561,1.7609281208415744,0.7103220704471783,0.35694916357915873,0.5589581398228668,1.0024474352228698,1.0564326937932307,1.064893512419182,281.25116609009
477,40477,40047,900007,6a22834,v2_nested_200x10,1,1,1,success,53,19.14483576027836,10.648166347668647,0.4289174984991548,50,1,30.0,0.45,20.0,1.0,25,1,200,0.002,100,10.0,1.0,0,38,0,0.7169811320754716,0.3180172326184719,-0.3197988851047281,0.9769107260065466,0.022120311739954948,0.03866115276897613,0.06333424828910561,1.7609281208415744,0.7103220704471783,0.35694916357915873,0.5589581398228668,1.0024474352228698,1.0564326937932307,1.064893512419182,284.4241343426569
478,40478,40047,900008,6a22834,v2_nested_200x10,1,1,1,success,96,8.308649696103425,15.012511258459492,7.010640615568452,49,1,30.0,0.45,20.0,1.0,25,1,200,0.002,100,10.0,1.0,0,84,0,0.875,0.3180172326184719,-0.3197988851047281,0.9769107260065466,0.022120311739954948,0.03866115276897613,0.06333424828910561,1.7609281208415744,0.7103220704471783,0.35694916357915873,0.5589581398228668,1.0024474352228698,1.0564326937932307,1.064893512419182,278.3242975966626
479,40479,40047,900009,6a22834,v2_nested_200x10,1,1,1,success,54,11.636170930915132,10.833176970717593,0.8365739972041897,43,1,30.0,0.45,20.0,1.0,25,1,200,0.002,100,10.0,1.0,0,44,0,0.8148148148148148,0.3180172326184719,-0.3197988851047281,0.9769107260065466,0.022120311739954948,0.03866115276897613,0.06333424828910561,1.7609281208415744,0.7103220704471783,0.35694916357915873,0.5589581398228668,1.0024474352228698,1.0564326937932307,1.064893512419182,283.0725040388204
480,40480,40048,900000,6a22834,v2_nested_200x10,1,1,1,success,70,22.748855071782117,22.968558775730596,2.5135978508976793,67,1,30.0,0.45,20.0,1.0,25,1,200,0.002,100,10.0,1.0,0,65,0,0.9285714285714286,0.31034049218796284,-0.38329461519782615,0.024289825857528147,0.02548075671245967,0.03756481359479855,0.04974765762797848,0.9411833301592387,1.340202989506766,0.3311812667068089,0.19416755408024708,0.933560948957889,0.9573151204686273,0.96729709564403,274.5818077985831
481,40481,40048,900001,6a22834,v2_nested_200x10,1,1,1,success,46,14.898003315715929,12.919006233717628,3.568599184329684,42,1,30.0,0.45,20.0,1.0,25,1,200,0.002,100,10.0,1.0,0,37,0,0.8043478260869565,0.31034049218796284,-0.38329461519782615,0.024289825857528147,0.02548075671245967,0.03756481359479855,0.04974765762797848,0.9411833301592387,1.340202989506766,0.3311812667068089,0.19416755408024708,0.933560948957889,0.9573151204686273,0.96729709564403,281.4818701849804
482,40482,40048,900002,6a22834,v2_nested_200x10,1,1,1,success,47,21.22087126753537,23.96570078342171,2.7042019611205195,43,1,30.0,0.45,20.0,1.0,25,1,200,0.002,100,10.0,1.0,0,41,0,0.8723404255319149,0.31034049218796284,-0.38329461519782615,0.024289825857528147,0.02548075671245967,0.03756481359479855,0.04974765762797848,0.9411833301592387,1.340202989506766,0.3311812667068089,0.19416755408024708,0.933560948957889,0.9573151204686273,0.96729709564403,281.36143518528087
483,40483,40048,900003,6a22834,v2_nested_200x10,1,1,1,success,50,34.02695434527973,30.043881457676058,4.351814876588702,43,1,30.0,0.45,20.0,1.0,25,1,200,0.002,100,10.0,1.0,0,42,0,0.84,0.31034049218796284,-0.38329461519782615,0.024289825857528147,0.02548075671245967,0.03756481359479855,0.04974765762797848,0.9411833301592387,1.340202989506766,0.3311812667068089,0.19416755408024708,0.933560948957889,0.9573151204686273,0.96729709564403,280.5616003514185
484,40484,40048,900004,6a22834,v2_nested_200x10,1,1,1,success,45,26.773277466105473,21.45932354191945,3.7775073636565972,40,1,30.0,0.45,20.0,1.0,25,1,200,0.002,100,10.0,1.0,0,40,0,0.8888888888888888,0.31034049218796284,-0.38329461519782615,0.024289825857528147,0.02548075671245967,0.03756481359479855,0.04974765762797848,0.9411833301592387,1.340202989506766,0.3311812667068089,0.19416755408024708,0.933560948957889,0.9573151204686273,0.96729709564403,280.87463643117553
485,40485,40048,900005,6a22834,v2_nested_200x10,1,1,1,success,48,18.104034862088977,14.495193893638959,5.041911853577621,41,1,30.0,0.45,20.0,1.0,25,1,200,0.002,100,10.0,1.0,0,39,0,0.8125,0.31034049218796284,-0.38329461519782615,0.024289825857528147,0.02548075671245967,0.03756481359479855,0.04974765762797848,0.9411833301592387,1.340202989506766,0.3311812667068089,0.19416755408024708,0.933560948957889,0.9573151204686273,0.96729709564403,280.9803481296808
486,40486,40048,900006,6a22834,v2_nested_200x10,1,1,1,success,47,19.656422953575618,16.518444178904584,4.740232320615643,42,1,30.0,0.45,20.0,1.0,25,1,200,0.002,100,10.0,1.0,0,45,0,0.9574468085106383,0.31034049218796284,-0.38329461519782615,0.024289825857528147,0.02548075671245967,0.03756481359479855,0.04974765762797848,0.9411833301592387,1.340202989506766,0.3311812667068089,0.19416755408024708,0.933560948957889,0.9573151204686273,0.96729709564403,281.3629140544539
487,40487,40048,900007,6a22834,v2_nested_200x10,1,1,1,success,48,23.492952614211763,15.346918000882418,6.510650354738282,43,1,30.0,0.45,20.0,1.0,25,1,200,0.002,100,10.0,1.0,0,42,0,0.875,0.31034049218796284,-0.38329461519782615,0.024289825857528147,0.02548075671245967,0.03756481359479855,0.04974765762797848,0.9411833301592387,1.340202989506766,0.3311812667068089,0.19416755408024708,0.933560948957889,0.9573151204686273,0.96729709564403,281.98500833163666
488,40488,40048,900008,6a22834,v2_nested_200x10,1,1,1,success,49,25.096563599495223,6.942211513244074,10.510063062065935,40,1,30.0,0.45,20.0,1.0,25,1,200,0.002,100,10.0,1.0,0,44,0,0.8979591836734694,0.31034049218796284,-0.38329461519782615,0.024289825857528147,0.02548075671245967,0.03756481359479855,0.04974765762797848,0.9411833301592387,1.340202989506766,0.3311812667068089,0.19416755408024708,0.933560948957889,0.9573151204686273,0.96729709564403,280.1258836108826
489,40489,40048,900009,6a22834,v2_nested_200x10,1,1,1,success,47,28.733606248785936,16.16989823010302,6.716267633732957,42,1,30.0,0.45,20.0,1.0,25,1,200,0.002,100,10.0,1.0,0,41,0,0.8723404255319149,0.31034049218796284,-0.38329461519782615,0.024289825857528147,0.02548075671245967,0.03756481359479855,0.04974765762797848,0.9411833301592387,1.340202989506766,0.3311812667068089,0.19416755408024708,0.933560948957889,0.9573151204686273,0.96729709564403,280.9230906340979
490,40490,40049,900000,6a22834,v2_nested_200x10,1,1,1,success,62,24.186612798477178,20.823434852358382,8.661383815335494,58,1,30.0,0.45,20.0,1.0,25,1,200,0.002,100,10.0,1.0,0,52,0,0.8387096774193549,0.32495351462051286,-0.4725566201380102,-1.5841057404954684,0.02691722148819589,0.03566298476405102,0.04766829880112307,1.3727472498703182,0.8133171040604026,0.3892319218235657,0.6480205150479647,1.0449994072517608,0.9691879036638424,1.0450100173648402,285.81373972717836
491,40491,40049,900001,6a22834,v2_nested_200x10,1,1,1,success,66,26.024821521609507,18.052482518149276,5.340550671900377,62,1,30.0,0.45,20.0,1.0,25,1,200,0.002,100,10.0,1.0,0,55,0,0.8333333333333334,0.32495351462051286,-0.4725566201380102,-1.5841057404954684,0.02691722148819589,0.03566298476405102,0.04766829880112307,1.3727472498703182,0.8133171040604026,0.3892319218235657,0.6480205150479647,1.0449994072517608,0.9691879036638424,1.0450100173648402,284.7540941885485
492,40492,40049,900002,6a22834,v2_nested_200x10,1,1,1,success,61,14.150724081069894,16.26323043110507,2.138485833066233,58,1,30.0,0.45,20.0,1.0,25,1,200,0.002,100,10.0,1.0,0,47,0,0.7704918032786885,0.32495351462051286,-0.4725566201380102,-1.5841057404954684,0.02691722148819589,0.03566298476405102,0.04766829880112307,1.3727472498703182,0.8133171040604026,0.3892319218235657,0.6480205150479647,1.0449994072517608,0.9691879036638424,1.0450100173648402,284.2647135839152
493,40493,40049,900003,6a22834,v2_nested_200x10,1,1,1,success,63,16.576712472464468,21.838156336984785,11.737820992196465,56,1,30.0,0.45,20.0,1.0,25,1,200,0.002,100,10.0,1.0,0,49,0,0.7777777777777778,0.32495351462051286,-0.4725566201380102,-1.5841057404954684,0.02691722148819589,0.03566298476405102,0.04766829880112307,1.3727472498703182,0.8133171040604026,0.3892319218235657,0.6480205150479647,1.0449994072517608,0.9691879036638424,1.0450100173648402,286.62633964003504
494,40494,40049,900004,6a22834,v2_nested_200x10,1,1,1,success,62,12.299659298987732,10.730285751237815,5.99048463525623,58,1,30.0,0.45,20.0,1.0,25,1,200,0.002,100,10.0,1.0,0,45,0,0.7258064516129032,0.32495351462051286,-0.4725566201380102,-1.5841057404954684,0.02691722148819589,0.03566298476405102,0.04766829880112307,1.3727472498703182,0.8133171040604026,0.3892319218235657,0.6480205150479647,1.0449994072517608,0.9691879036638424,1.0450100173648402,286.8150726592923
495,40495,40049,900005,6a22834,v2_nested_200x10,1,1,1,success,71,32.18913103409767,15.536964202175495,19.866379524216033,59,1,30.0,0.45,20.0,1.0,25,1,200,0.002,100,10.0,1.0,0,56,0,0.7887323943661971,0.32495351462051286,-0.4725566201380102,-1.5841057404954684,0.02691722148819589,0.03566298476405102,0.04766829880112307,1.3727472498703182,0.8133171040604026,0.3892319218235657,0.6480205150479647,1.0449994072517608,0.9691879036638424,1.0450100173648402,284.3837061220804
496,40496,40049,900006,6a22834,v2_nested_200x10,1,1,1,success,63,15.976301928953516,20.857001868760506,10.085927265014384,57,1,30.0,0.45,20.0,1.0,25,1,200,0.002,100,10.0,1.0,0,49,0,0.7777777777777778,0.32495351462051286,-0.4725566201380102,-1.5841057404954684,0.02691722148819589,0.03566298476405102,0.04766829880112307,1.3727472498703182,0.8133171040604026,0.3892319218235657,0.6480205150479647,1.0449994072517608,0.9691879036638424,1.0450100173648402,286.1248976972184
497,40497,40049,900007,6a22834,v2_nested_200x10,1,1,1,success,63,21.019139848282542,14.54903945374193,3.892959685121555,59,1,30.0,0.45,20.0,1.0,25,1,200,0.002,100,10.0,1.0,0,52,0,0.8253968253968254,0.32495351462051286,-0.4725566201380102,-1.5841057404954684,0.02691722148819589,0.03566298476405102,0.04766829880112307,1.3727472498703182,0.8133171040604026,0.3892319218235657,0.6480205150479647,1.0449994072517608,0.9691879036638424,1.0450100173648402,286.60814950992585
498,40498,40049,900008,6a22834,v2_nested_200x10,1,1,1,success,63,19.86025686071735,21.833705288891633,9.148038803747601,59,1,30.0,0.45,20.0,1.0,25,1,200,0.002,100,10.0,1.0,0,50,0,0.7936507936507936,0.32495351462051286,-0.4725566201380102,-1.5841057404954684,0.02691722148819589,0.03566298476405102,0.04766829880112307,1.3727472498703182,0.8133171040604026,0.3892319218235657,0.6480205150479647,1.0449994072517608,0.9691879036638424,1.0450100173648402,287.7189433898212
499,40499,40049,900009,6a22834,v2_nested_200x10,1,1,1,success,66,16.995870375040656,16.916709268064544,2.2240812631635585,60,1,30.0,0.45,20.0,1.0,25,1,200,0.002,100,10.0,1.0,0,56,0,0.8484848484848485,0.32495351462051286,-0.4725566201380102,-1.5841057404954684,0.02691722148819589,0.03566298476405102,0.04766829880112307,1.3727472498703182,0.8133171040604026,0.3892319218235657,0.6480205150479647,1.0449994072517608,0.9691879036638424,1.0450100173648402,285.68743925700113
500,40500,40050,900000,6a22834,v2_nested_200x10,1,1,1,success,51,15.377923372455978,18.79162930354513,9.179603975969085,45,1,30.0,0.45,20.0,1.0,25,1,200,0.002,100,10.0,1.0,0,38,0,0.7450980392156863,0.38870310061579094,-0.20486323030414133,2.8229185153127254,0.027474792414176115,0.03452658750527979,0.05322617369109513,0.9216682103761905,0.6541611166921639,0.3511989062465201,0.5822275809524604,1.0634568411434098,1.0100499750170242,1.1317908771132466,281.42350860004046
501,40501,40050,900001,6a22834,v2_nested_200x10,1,1,1,success,45,36.274052854158306,57.03067000457123,15.840192879682542,41,1,30.0,0.45,20.0,1.0,25,1,200,0.002,100,10.0,1.0,0,32,0,0.7111111111111111,0.38870310061579094,-0.20486323030414133,2.8229185153127254,0.027474792414176115,0.03452658750527979,0.05322617369109513,0.9216682103761905,0.6541611166921639,0.3511989062465201,0.5822275809524604,1.0634568411434098,1.0100499750170242,1.1317908771132466,263.57622366904195
502,40502,40050,900002,6a22834,v2_nested_200x10,1,1,1,success,52,18.524108139025437,24.10660002112377,6.582392569469055,44,1,30.0,0.45,20.0,1.0,25,1,200,0.002,100,10.0,1.0,0,41,0,0.7884615384615384,0.38870310061579094,-0.20486323030414133,2.8229185153127254,0.027474792414176115,0.03452658750527979,0.05322617369109513,0.9216682103761905,0.6541611166921639,0.3511989062465201,0.5822275809524604,1.0634568411434098,1.0100499750170242,1.1317908771132466,278.7629147835296
503,40503,40050,900003,6a22834,v2_nested_200x10,0,1,0,timeout,200,56.76099813462738,74.11463832878327,15.151629511696262,39,1,30.0,0.45,20.0,1.0,25,1,200,0.002,100,10.0,1.0,0,181,0,0.905,0.38870310061579094,-0.20486323030414133,2.8229185153127254,0.027474792414176115,0.03452658750527979,0.05322617369109513,0.9216682103761905,0.6541611166921639,0.3511989062465201,0.5822275809524604,1.0634568411434098,1.0100499750170242,1.1317908771132466,24.69995058739641
504,40504,40050,900004,6a22834,v2_nested_200x10,1,1,1,success,44,32.101453880735974,26.491390380753003,8.21398489554106,41,1,30.0,0.45,20.0,1.0,25,1,200,0.002,100,10.0,1.0,0,27,0,0.6136363636363636,0.38870310061579094,-0.20486323030414133,2.8229185153127254,0.027474792414176115,0.03452658750527979,0.05322617369109513,0.9216682103761905,0.6541611166921639,0.3511989062465201,0.5822275809524604,1.0634568411434098,1.0100499750170242,1.1317908771132466,266.1578011726193
505,40505,40050,900005,6a22834,v2_nested_200x10,1,1,1,success,59,8.750903977645672,27.502619802527605,0.1326872974966435,56,1,30.0,0.45,20.0,1.0,25,1,200,0.002,100,10.0,1.0,0,46,0,0.7796610169491526,0.38870310061579094,-0.20486323030414133,2.8229185153127254,0.027474792414176115,0.03452658750527979,0.05322617369109513,0.9216682103761905,0.6541611166921639,0.3511989062465201,0.5822275809524604,1.0634568411434098,1.0100499750170242,1.1317908771132466,270.2731415192901
506,40506,40050,900006,6a22834,v2_nested_200x10,1,1,1,success,55,16.81736892844866,23.99584006090577,9.27683192177731,45,1,30.0,0.45,20.0,1.0,25,1,200,0.002,100,10.0,1.0,0,41,0,0.7454545454545455,0.38870310061579094,-0.20486323030414133,2.8229185153127254,0.027474792414176115,0.03452658750527979,0.05322617369109513,0.9216682103761905,0.6541611166921639,0.3511989062465201,0.5822275809524604,1.0634568411434098,1.0100499750170242,1.1317908771132466,283.9038769487216
507,40507,40050,900007,6a22834,v2_nested_200x10,1,1,1,success,54,3.8543121452908484,7.1895066027480015,0.24001940954126516,50,1,30.0,0.45,20.0,1.0,25,1,200,0.002,100,10.0,1.0,0,38,0,0.7037037037037037,0.38870310061579094,-0.20486323030414133,2.8229185153127254,0.027474792414176115,0.03452658750527979,0.05322617369109513,0.9216682103761905,0.6541611166921639,0.3511989062465201,0.5822275809524604,1.0634568411434098,1.0100499750170242,1.1317908771132466,266.4003969923122
508,40508,40050,900008,6a22834,v2_nested_200x10,1,1,0,success,49,34.02789943742113,57.14384122887351,24.19194120806186,40,1,30.0,0.45,20.0,1.0,25,1,200,0.002,100,10.0,1.0,0,35,0,0.7142857142857143,0.38870310061579094,-0.20486323030414133,2.8229185153127254,0.027474792414176115,0.03452658750527979,0.05322617369109513,0.9216682103761905,0.6541611166921639,0.3511989062465201,0.5822275809524604,1.0634568411434098,1.0100499750170242,1.1317908771132466,244.69325290164414
509,40509,40050,900009,6a22834,v2_nested_200x10,1,1,1,success,52,26.37233800967707,34.40917956159289,11.691945514331291,42,1,30.0,0.45,20.0,1.0,25,1,200,0.002,100,10.0,1.0,0,39,0,0.75,0.38870310061579094,-0.20486323030414133,2.8229185153127254,0.027474792414176115,0.03452658750527979,0.05322617369109513,0.9216682103761905,0.6541611166921639,0.3511989062465201,0.5822275809524604,1.0634568411434098,1.0100499750170242,1.1317908771132466,266.0468450252649
510,40510,40051,900000,6a22834,v2_nested_200x10,1,1,1,success,57,19.075150361940523,25.8176134313503,9.384554976302155,51,1,30.0,0.45,20.0,1.0,25,1,200,0.002,100,10.0,1.0,0,46,0,0.8070175438596491,0.36801239473488695,-0.3867989563024012,1.3590469007449775,0.025780753595312105,0.03061435906926355,0.07842615886718918,1.807578818876984,1.366062296596424,0.3699119858103573,0.5090155885484167,0.931960429812631,1.0190069630072918,1.0090423935741448,284.57400461528147
511,40511,40051,900001,6a22834,v2_nested_200x10,1,1,1,success,56,14.162546165665828,25.331710926206927,10.180236441531699,51,1,30.0,0.45,20.0,1.0,25,1,200,0.002,100,10.0,1.0,0,45,0,0.8035714285714286,0.36801239473488695,-0.3867989563024012,1.3590469007449775,0.025780753595312105,0.03061435906926355,0.07842615886718918,1.807578818876984,1.366062296596424,0.3699119858103573,0.5090155885484167,0.931960429812631,1.0190069630072918,1.0090423935741448,287.60513382964933
512,40512,40051,900002,6a22834,v2_nested_200x10,1,1,1,success,56,14.912384350219629,27.571658646892562,8.519883473601757,50,1,30.0,0.45,20.0,1.0,25,1,200,0.002,100,10.0,1.0,0,44,0,0.7857142857142857,0.36801239473488695,-0.3867989563024012,1.3590469007449775,0.025780753595312105,0.03061435906926355,0.07842615886718918,1.807578818876984,1.366062296596424,0.3699119858103573,0.5090155885484167,0.931960429812631,1.0190069630072918,1.0090423935741448,285.29371922270434
513,40513,40051,900003,6a22834,v2_nested_200x10,1,1,1,success,53,17.752253113877718,39.42085611862138,15.615345707557443,47,1,30.0,0.45,20.0,1.0,25,1,200,0.002,100,10.0,1.0,0,41,0,0.7735849056603774,0.36801239473488695,-0.3867989563024012,1.3590469007449775,0.025780753595312105,0.03061435906926355,0.07842615886718918,1.807578818876984,1.366062296596424,0.3699119858103573,0.5090155885484167,0.931960429812631,1.0190069630072918,1.0090423935741448,286.76288397003145
514,40514,40051,900004,6a22834,v2_nested_200x10,1,1,1,success,57,19.481620680375073,26.15308380940411,4.8046138734772486,52,1,30.0,0.45,20.0,1.0,25,1,200,0.002,100,10.0,1.0,0,50,0,0.8771929824561403,0.36801239473488695,-0.3867989563024012,1.3590469007449775,0.025780753595312105,0.03061435906926355,0.07842615886718918,1.807578818876984,1.366062296596424,0.3699119858103573,0.5090155885484167,0.931960429812631,1.0190069630072918,1.0090423935741448,284.91719613807317
515,40515,40051,900005,6a22834,v2_nested_200x10,1,1,1,success,57,34.958156467137336,23.35545793644955,12.979600621499069,48,1,30.0,0.45,20.0,1.0,25,1,200,0.002,100,10.0,1.0,0,43,0,0.7543859649122807,0.36801239473488695,-0.3867989563024012,1.3590469007449775,0.025780753595312105,0.03061435906926355,0.07842615886718918,1.807578818876984,1.366062296596424,0.3699119858103573,0.5090155885484167,0.931960429812631,1.0190069630072918,1.0090423935741448,282.82389720046865
516,40516,40051,900006,6a22834,v2_nested_200x10,1,1,1,success,79,5.722861960183009,18.76645482596398,4.051520310958057,53,1,30.0,0.45,20.0,1.0,25,1,200,0.002,100,10.0,1.0,0,62,0,0.7848101265822784,0.36801239473488695,-0.3867989563024012,1.3590469007449775,0.025780753595312105,0.03061435906926355,0.07842615886718918,1.807578818876984,1.366062296596424,0.3699119858103573,0.5090155885484167,0.931960429812631,1.0190069630072918,1.0090423935741448,285.43996833178716
517,40517,40051,900007,6a22834,v2_nested_200x10,1,1,1,success,56,15.376289109835623,34.85036396578729,5.250993811509938,48,1,30.0,0.45,20.0,1.0,25,1,200,0.002,100,10.0,1.0,0,42,0,0.75,0.36801239473488695,-0.3867989563024012,1.3590469007449775,0.025780753595312105,0.03061435906926355,0.07842615886718918,1.807578818876984,1.366062296596424,0.3699119858103573,0.5090155885484167,0.931960429812631,1.0190069630072918,1.0090423935741448,287.84010428068257
518,40518,40051,900008,6a22834,v2_nested_200x10,1,1,1,success,54,14.198570524272977,21.537193731603328,2.9489926173435883,49,1,30.0,0.45,20.0,1.0,25,1,200,0.002,100,10.0,1.0,0,45,0,0.8333333333333334,0.36801239473488695,-0.3867989563024012,1.3590469007449775,0.025780753595312105,0.03061435906926355,0.07842615886718918,1.807578818876984,1.366062296596424,0.3699119858103573,0.5090155885484167,0.931960429812631,1.0190069630072918,1.0090423935741448,284.8942364808
519,40519,40051,900009,6a22834,v2_nested_200x10,1,1,1,success,56,13.740392375503449,25.375802945085642,1.2587978671503126,50,1,30.0,0.45,20.0,1.0,25,1,200,0.002,100,10.0,1.0,0,51,0,0.9107142857142857,0.36801239473488695,-0.3867989563024012,1.3590469007449775,0.025780753595312105,0.03061435906926355,0.07842615886718918,1.807578818876984,1.366062296596424,0.3699119858103573,0.5090155885484167,0.931960429812631,1.0190069630072918,1.0090423935741448,284.8142634886229
520,40520,40052,900000,6a22834,v2_nested_200x10,1,1,1,success,57,9.248219871197596,32.27980184378146,17.48089483760725,49,1,30.0,0.45,20.0,1.0,25,1,200,0.002,100,10.0,1.0,0,52,0,0.9122807017543859,0.322381469904246,-0.4807766748476733,0.03292993767993657,0.02645202395880931,0.03850817423368652,0.044256100795382156,1.6484191334710867,0.6246645924025713,0.3640825048689449,0.4714753962831982,1.0639352296324782,1.0555390964305476,1.1840709119524269,267.46655911120035
521,40521,40052,900001,6a22834,v2_nested_200x10,1,1,1,success,57,12.948088745341888,15.46481892700709,8.129060096624158,49,1,30.0,0.45,20.0,1.0,25,1,200,0.002,100,10.0,1.0,0,50,0,0.8771929824561403,0.322381469904246,-0.4807766748476733,0.03292993767993657,0.02645202395880931,0.03850817423368652,0.044256100795382156,1.6484191334710867,0.6246645924025713,0.3640825048689449,0.4714753962831982,1.0639352296324782,1.0555390964305476,1.1840709119524269,283.6346225439673
522,40522,40052,900002,6a22834,v2_nested_200x10,0,1,0,timeout,200,116.98813751391442,178.04345423756763,60.27535251865155,123,1,30.0,0.45,20.0,1.0,25,1,200,0.002,100,10.0,1.0,0,179,0,0.895,0.322381469904246,-0.4807766748476733,0.03292993767993657,0.02645202395880931,0.03850817423368652,0.044256100795382156,1.6484191334710867,0.6246645924025713,0.3640825048689449,0.4714753962831982,1.0639352296324782,1.0555390964305476,1.1840709119524269,19.290890635792778
523,40523,40052,900003,6a22834,v2_nested_200x10,1,1,1,success,53,15.330632586087233,12.488841074272138,8.444177846787287,48,1,30.0,0.45,20.0,1.0,25,1,200,0.002,100,10.0,1.0,0,48,0,0.9056603773584906,0.322381469904246,-0.4807766748476733,0.03292993767993657,0.02645202395880931,0.03850817423368652,0.044256100795382156,1.6484191334710867,0.6246645924025713,0.3640825048689449,0.4714753962831982,1.0639352296324782,1.0555390964305476,1.1840709119524269,284.07205158338513
524,40524,40052,900004,6a22834,v2_nested_200x10,1,1,1,success,66,12.970305864542343,2.613511371307218,6.617101712514224,62,1,30.0,0.45,20.0,1.0,25,1,200,0.002,100,10.0,1.0,1,57,0,0.8636363636363636,0.322381469904246,-0.4807766748476733,0.03292993767993657,0.02645202395880931,0.03850817423368652,0.044256100795382156,1.6484191334710867,0.6246645924025713,0.3640825048689449,0.4714753962831982,1.0639352296324782,1.0555390964305476,1.1840709119524269,280.2546460694068
525,40525,40052,900005,6a22834,v2_nested_200x10,1,1,1,success,52,13.67727289765758,13.342248928988276,4.934267470091451,48,1,30.0,0.45,20.0,1.0,25,1,200,0.002,100,10.0,1.0,0,43,0,0.8269230769230769,0.322381469904246,-0.4807766748476733,0.03292993767993657,0.02645202395880931,0.03850817423368652,0.044256100795382156,1.6484191334710867,0.6246645924025713,0.3640825048689449,0.4714753962831982,1.0639352296324782,1.0555390964305476,1.1840709119524269,284.37656942455374
526,40526,40052,900006,6a22834,v2_nested_200x10,1,1,1,success,66,9.808722291706644,7.731505760434197,13.002699011672009,54,1,30.0,0.45,20.0,1.0,25,1,200,0.002,100,10.0,1.0,1,56,0,0.8484848484848485,0.322381469904246,-0.4807766748476733,0.03292993767993657,0.02645202395880931,0.03850817423368652,0.044256100795382156,1.6484191334710867,0.6246645924025713,0.3640825048689449,0.4714753962831982,1.0639352296324782,1.0555390964305476,1.1840709119524269,279.5783211715323
527,40527,40052,900007,6a22834,v2_nested_200x10,1,1,1,success,53,15.812622281936846,6.201533794337222,6.567649022771137,48,1,30.0,0.45,20.0,1.0,25,1,200,0.002,100,10.0,1.0,0,43,0,0.8113207547169812,0.322381469904246,-0.4807766748476733,0.03292993767993657,0.02645202395880931,0.03850817423368652,0.044256100795382156,1.6484191334710867,0.6246645924025713,0.3640825048689449,0.4714753962831982,1.0639352296324782,1.0555390964305476,1.1840709119524269,283.9218634691881
528,40528,40052,900008,6a22834,v2_nested_200x10,1,1,1,success,59,22.464513144774777,17.14821320735718,8.855784483596402,47,1,30.0,0.45,20.0,1.0,25,1,200,0.002,100,10.0,1.0,0,55,0,0.9322033898305084,0.322381469904246,-0.4807766748476733,0.03292993767993657,0.02645202395880931,0.03850817423368652,0.044256100795382156,1.6484191334710867,0.6246645924025713,0.3640825048689449,0.4714753962831982,1.0639352296324782,1.0555390964305476,1.1840709119524269,282.2942465401542
529,40529,40052,900009,6a22834,v2_nested_200x10,1,1,1,success,55,26.30329139489961,13.86458159574705,11.137244000701664,48,1,30.0,0.45,20.0,1.0,25,1,200,0.002,100,10.0,1.0,0,48,0,0.8727272727272727,0.322381469904246,-0.4807766748476733,0.03292993767993657,0.02645202395880931,0.03850817423368652,0.044256100795382156,1.6484191334710867,0.6246645924025713,0.3640825048689449,0.4714753962831982,1.0639352296324782,1.0555390964305476,1.1840709119524269,283.82172012771645
530,40530,40053,900000,6a22834,v2_nested_200x10,1,1,1,success,50,8.313066600554997,11.61435422757059,4.150668660589984,42,1,30.0,0.45,20.0,1.0,25,1,200,0.002,100,10.0,1.0,0,42,0,0.84,0.32665878734410775,-0.3222670708795017,0.13567100368561524,0.024095297398020167,0.03034694991116241,0.0693276885207254,0.8921439151665739,0.8326919309008831,0.31301266708023673,0.361003344947805,0.9692594236538817,0.8983358629354417,1.0724713373687425,281.40627304354746
531,40531,40053,900001,6a22834,v2_nested_200x10,1,1,1,success,45,4.918838602722609,15.009650162871058,19.303690665118488,40,1,30.0,0.45,20.0,1.0,25,1,200,0.002,100,10.0,1.0,0,37,0,0.8222222222222222,0.32665878734410775,-0.3222670708795017,0.13567100368561524,0.024095297398020167,0.03034694991116241,0.0693276885207254,0.8921439151665739,0.8326919309008831,0.31301266708023673,0.361003344947805,0.9692594236538817,0.8983358629354417,1.0724713373687425,282.5452654986643
532,40532,40053,900002,6a22834,v2_nested_200x10,1,1,1,success,46,3.931503308833977,6.726903039312536,5.467050566955517,41,1,30.0,0.45,20.0,1.0,25,1,200,0.002,100,10.0,1.0,0,41,0,0.8913043478260869,0.32665878734410775,-0.3222670708795017,0.13567100368561524,0.024095297398020167,0.03034694991116241,0.0693276885207254,0.8921439151665739,0.8326919309008831,0.31301266708023673,0.361003344947805,0.9692594236538817,0.8983358629354417,1.0724713373687425,281.9254586447401
533,40533,40053,900003,6a22834,v2_nested_200x10,1,1,1,success,47,17.818609884568485,6.945623257097593,22.081721307371385,39,1,30.0,0.45,20.0,1.0,25,1,200,0.002,100,10.0,1.0,0,36,0,0.7659574468085106,0.32665878734410775,-0.3222670708795017,0.13567100368561524,0.024095297398020167,0.03034694991116241,0.0693276885207254,0.8921439151665739,0.8326919309008831,0.31301266708023673,0.361003344947805,0.9692594236538817,0.8983358629354417,1.0724713373687425,282.913447269377
534,40534,40053,900004,6a22834,v2_nested_200x10,1,1,1,success,48,6.570843084008098,9.781766597169634,14.029707357981097,41,1,30.0,0.45,20.0,1.0,25,1,200,0.002,100,10.0,1.0,0,39,0,0.8125,0.32665878734410775,-0.3222670708795017,0.13567100368561524,0.024095297398020167,0.03034694991116241,0.0693276885207254,0.8921439151665739,0.8326919309008831,0.31301266708023673,0.361003344947805,0.9692594236538817,0.8983358629354417,1.0724713373687425,282.2091801371935
535,40535,40053,900005,6a22834,v2_nested_200x10,1,1,1,success,51,28.500413755996572,13.300065186008043,13.635875911520014,45,1,30.0,0.45,20.0,1.0,25,1,200,0.002,100,10.0,1.0,0,48,0,0.9411764705882353,0.32665878734410775,-0.3222670708795017,0.13567100368561524,0.024095297398020167,0.03034694991116241,0.0693276885207254,0.8921439151665739,0.8326919309008831,0.31301266708023673,0.361003344947805,0.9692594236538817,0.8983358629354417,1.0724713373687425,282.08012319753266
536,40536,40053,900006,6a22834,v2_nested_200x10,1,1,1,success,50,11.376219414937568,12.350389290299619,13.367972869298756,43,1,30.0,0.45,20.0,1.0,25,1,200,0.002,100,10.0,1.0,0,37,0,0.74,0.32665878734410775,-0.3222670708795017,0.13567100368561524,0.024095297398020167,0.03034694991116241,0.0693276885207254,0.8921439151665739,0.8326919309008831,0.31301266708023673,0.361003344947805,0.9692594236538817,0.8983358629354417,1.0724713373687425,279.04921867668435
537,40537,40053,900007,6a22834,v2_nested_200x10,1,1,1,success,54,26.896921645030957,14.161760540886771,14.7109939168912,48,1,30.0,0.45,20.0,1.0,25,1,200,0.002,100,10.0,1.0,0,50,0,0.9259259259259259,0.32665878734410775,-0.3222670708795017,0.13567100368561524,0.024095297398020167,0.03034694991116241,0.0693276885207254,0.8921439151665739,0.8326919309008831,0.31301266708023673,0.361003344947805,0.9692594236538817,0.8983358629354417,1.0724713373687425,282.18151556626356
538,40538,40053,900008,6a22834,v2_nested_200x10,1,1,1,success,45,4.574854797013369,6.458239276263068,5.705331793726261,41,1,30.0,0.45,20.0,1.0,25,1,200,0.002,100,10.0,1.0,0,34,0,0.7555555555555555,0.32665878734410775,-0.3222670708795017,0.13567100368561524,0.024095297398020167,0.03034694991116241,0.0693276885207254,0.8921439151665739,0.8326919309008831,0.31301266708023673,0.361003344947805,0.9692594236538817,0.8983358629354417,1.0724713373687425,281.250218815239
539,40539,40053,900009,6a22834,v2_nested_200x10,1,1,1,success,48,8.923635888304753,4.562010478413304,3.7484278226467707,44,1,30.0,0.45,20.0,1.0,25,1,200,0.002,100,10.0,1.0,0,40,0,0.8333333333333334,0.32665878734410775,-0.3222670708795017,0.13567100368561524,0.024095297398020167,0.03034694991116241,0.0693276885207254,0.8921439151665739,0.8326919309008831,0.31301266708023673,0.361003344947805,0.9692594236538817,0.8983358629354417,1.0724713373687425,282.9456658706011
540,40540,40054,900000,6a22834,v2_nested_200x10,1,1,1,success,67,13.109974866764563,22.44514488912515,7.961058181992329,58,1,30.0,0.45,20.0,1.0,25,1,200,0.002,100,10.0,1.0,0,59,0,0.8805970149253731,0.3184334415605471,-0.722385914116634,-1.0135224685392217,0.02674821767203568,0.031094648404890707,0.07790957530863714,1.1775100047352618,1.3653074327778094,0.31476664856878933,0.6123766363005714,0.9838860798192179,1.0472366114711946,0.856359568904704,292.53007832498315
541,40541,40054,900001,6a22834,v2_nested_200x10,1,1,1,success,67,20.971523932011433,16.17686322141661,3.602899669556948,62,1,30.0,0.45,20.0,1.0,25,1,200,0.002,100,10.0,1.0,0,56,0,0.835820895522388,0.3184334415605471,-0.722385914116634,-1.0135224685392217,0.02674821767203568,0.031094648404890707,0.07790957530863714,1.1775100047352618,1.3653074327778094,0.31476664856878933,0.6123766363005714,0.9838860798192179,1.0472366114711946,0.856359568904704,291.42433648114536
542,40542,40054,900002,6a22834,v2_nested_200x10,1,1,1,success,64,11.300083311949905,10.498573541809737,2.4662094720032477,60,1,30.0,0.45,20.0,1.0,25,1,200,0.002,100,10.0,1.0,0,53,0,0.828125,0.3184334415605471,-0.722385914116634,-1.0135224685392217,0.02674821767203568,0.031094648404890707,0.07790957530863714,1.1775100047352618,1.3653074327778094,0.31476664856878933,0.6123766363005714,0.9838860798192179,1.0472366114711946,0.856359568904704,291.5352003815013
543,40543,40054,900003,6a22834,v2_nested_200x10,1,1,1,success,67,17.848042395792877,19.82893408615836,0.12691206607306718,64,1,30.0,0.45,20.0,1.0,25,1,200,0.002,100,10.0,1.0,0,59,0,0.8805970149253731,0.3184334415605471,-0.722385914116634,-1.0135224685392217,0.02674821767203568,0.031094648404890707,0.07790957530863714,1.1775100047352618,1.3653074327778094,0.31476664856878933,0.6123766363005714,0.9838860798192179,1.0472366114711946,0.856359568904704,293.8157314011851
544,40544,40054,900004,6a22834,v2_nested_200x10,1,1,1,success,64,9.59410151243183,12.667094798265172,3.3411165555785765,60,1,30.0,0.45,20.0,1.0,25,1,200,0.002,100,10.0,1.0,0,54,0,0.84375,0.3184334415605471,-0.722385914116634,-1.0135224685392217,0.02674821767203568,0.031094648404890707,0.07790957530863714,1.1775100047352618,1.3653074327778094,0.31476664856878933,0.6123766363005714,0.9838860798192179,1.0472366114711946,0.856359568904704,290.71288134677945
545,40545,40054,900005,6a22834,v2_nested_200x10,1,1,1,success,65,10.357059168954263,10.679881848120603,2.095431980967283,60,1,30.0,0.45,20.0,1.0,25,1,200,0.002,100,10.0,1.0,0,57,0,0.8769230769230769,0.3184334415605471,-0.722385914116634,-1.0135224685392217,0.02674821767203568,0.031094648404890707,0.07790957530863714,1.1775100047352618,1.3653074327778094,0.31476664856878933,0.6123766363005714,0.9838860798192179,1.0472366114711946,0.856359568904704,290.32166956955604
546,40546,40054,900006,6a22834,v2_nested_200x10,1,1,1,success,64,16.61923935143633,25.023026760602857,8.097702362726482,59,1,30.0,0.45,20.0,1.0,25,1,200,0.002,100,10.0,1.0,0,56,0,0.875,0.3184334415605471,-0.722385914116634,-1.0135224685392217,0.02674821767203568,0.031094648404890707,0.07790957530863714,1.1775100047352618,1.3653074327778094,0.31476664856878933,0.6123766363005714,0.9838860798192179,1.0472366114711946,0.856359568904704,291.28032825841075
547,40547,40054,900007,6a22834,v2_nested_200x10,1,1,1,success,63,7.558642603563596,13.247605105274896,2.9820816502711436,59,1,30.0,0.45,20.0,1.0,25,1,200,0.002,100,10.0,1.0,0,54,0,0.8571428571428571,0.3184334415605471,-0.722385914116634,-1.0135224685392217,0.02674821767203568,0.031094648404890707,0.07790957530863714,1.1775100047352618,1.3653074327778094,0.31476664856878933,0.6123766363005714,0.9838860798192179,1.0472366114711946,0.856359568904704,291.8335523431446
548,40548,40054,900008,6a22834,v2_nested_200x10,1,1,1,success,66,15.989799107011901,10.970975894203038,4.221754827405376,62,1,30.0,0.45,20.0,1.0,25,1,200,0.002,100,10.0,1.0,0,56,0,0.8484848484848485,0.3184334415605471,-0.722385914116634,-1.0135224685392217,0.02674821767203568,0.031094648404890707,0.07790957530863714,1.1775100047352618,1.3653074327778094,0.31476664856878933,0.6123766363005714,0.9838860798192179,1.0472366114711946,0.856359568904704,290.2450612611848
549,40549,40054,900009,6a22834,v2_nested_200x10,1,1,1,success,63,12.0599836981561,22.473539739953114,10.531776186067107,58,1,30.0,0.45,20.0,1.0,25,1,200,0.002,100,10.0,1.0,0,54,0,0.8571428571428571,0.3184334415605471,-0.722385914116634,-1.0135224685392217,0.02674821767203568,0.031094648404890707,0.07790957530863714,1.1775100047352618,1.3653074327778094,0.31476664856878933,0.6123766363005714,0.9838860798192179,1.0472366114711946,0.856359568904704,291.3302352177751
550,40550,40055,900000,6a22834,v2_nested_200x10,1,1,1,success,59,12.578130222874432,24.75680325239559,4.721561052538841,54,1,30.0,0.45,20.0,1.0,25,1,200,0.002,100,10.0,1.0,0,40,0,0.6779661016949152,0.377578211905978,-0.5229024822653054,2.5633851482311147,0.022067390526197463,0.038163238202184625,0.10674984061160472,1.7726284449909437,1.0024687494466158,0.3742874236250739,0.4076947776932509,1.0937982343917836,1.038602086497041,0.9686115604102625,289.2149659523252
551,40551,40055,900001,6a22834,v2_nested_200x10,1,1,1,success,65,15.593630374289976,18.740258143669884,12.981229216068215,57,1,30.0,0.45,20.0,1.0,25,1,200,0.002,100,10.0,1.0,0,52,0,0.8,0.377578211905978,-0.5229024822653054,2.5633851482311147,0.022067390526197463,0.038163238202184625,0.10674984061160472,1.7726284449909437,1.0024687494466158,0.3742874236250739,0.4076947776932509,1.0937982343917836,1.038602086497041,0.9686115604102625,289.45230305384314
552,40552,40055,900002,6a22834,v2_nested_200x10,1,1,1,success,60,7.120290472678,37.16713262526419,25.2298779078403,52,1,30.0,0.45,20.0,1.0,25,1,200,0.002,100,10.0,1.0,0,50,0,0.8333333333333334,0.377578211905978,-0.5229024822653054,2.5633851482311147,0.022067390526197463,0.038163238202184625,0.10674984061160472,1.7726284449909437,1.0024687494466158,0.3742874236250739,0.4076947776932509,1.0937982343917836,1.038602086497041,0.9686115604102625,290.04315528134373
553,40553,40055,900003,6a22834,v2_nested_200x10,1,1,1,success,64,2.2808448496652454,23.940873236146057,15.190173802898636,54,1,30.0,0.45,20.0,1.0,25,1,200,0.002,100,10.0,1.0,1,50,0,0.78125,0.377578211905978,-0.5229024822653054,2.5633851482311147,0.022067390526197463,0.038163238202184625,0.10674984061160472,1.7726284449909437,1.0024687494466158,0.3742874236250739,0.4076947776932509,1.0937982343917836,1.038602086497041,0.9686115604102625,290.0177497406535
554,40554,40055,900004,6a22834,v2_nested_200x10,1,1,1,success,60,20.10611008843178,28.731096839574015,6.008065568260385,52,1,30.0,0.45,20.0,1.0,25,1,200,0.002,100,10.0,1.0,3,46,0,0.7666666666666667,0.377578211905978,-0.5229024822653054,2.5633851482311147,0.022067390526197463,0.038163238202184625,0.10674984061160472,1.7726284449909437,1.0024687494466158,0.3742874236250739,0.4076947776932509,1.0937982343917836,1.038602086497041,0.9686115604102625,287.2696497516141
555,40555,40055,900005,6a22834,v2_nested_200x10,1,1,1,success,81,13.239726305550803,20.593055681087897,3.445231276288719,54,1,30.0,0.45,20.0,1.0,25,1,200,0.002,100,10.0,1.0,0,58,0,0.7160493827160493,0.377578211905978,-0.5229024822653054,2.5633851482311147,0.022067390526197463,0.038163238202184625,0.10674984061160472,1.7726284449909437,1.0024687494466158,0.3742874236250739,0.4076947776932509,1.0937982343917836,1.038602086497041,0.9686115604102625,287.5007864421749
556,40556,40055,900006,6a22834,v2_nested_200x10,1,1,1,success,64,12.458098533075358,26.03729166442345,5.455806837835022,56,1,30.0,0.45,20.0,1.0,25,1,200,0.002,100,10.0,1.0,0,45,0,0.703125,0.377578211905978,-0.5229024822653054,2.5633851482311147,0.022067390526197463,0.038163238202184625,0.10674984061160472,1.7726284449909437,1.0024687494466158,0.3742874236250739,0.4076947776932509,1.0937982343917836,1.038602086497041,0.9686115604102625,288.9303084097178
557,40557,40055,900007,6a22834,v2_nested_200x10,1,1,1,success,60,11.65211346113122,25.01540848427831,9.781108757426708,54,1,30.0,0.45,20.0,1.0,25,1,200,0.002,100,10.0,1.0,0,48,0,0.8,0.377578211905978,-0.5229024822653054,2.5633851482311147,0.022067390526197463,0.038163238202184625,0.10674984061160472,1.7726284449909437,1.0024687494466158,0.3742874236250739,0.4076947776932509,1.0937982343917836,1.038602086497041,0.9686115604102625,289.418099905707
558,40558,40055,900008,6a22834,v2_nested_200x10,1,1,1,success,61,9.006120495297555,19.188759024452896,2.3910115631620763,56,1,30.0,0.45,20.0,1.0,25,1,200,0.002,100,10.0,1.0,0,48,0,0.7868852459016393,0.377578211905978,-0.5229024822653054,2.5633851482311147,0.022067390526197463,0.038163238202184625,0.10674984061160472,1.7726284449909437,1.0024687494466158,0.3742874236250739,0.4076947776932509,1.0937982343917836,1.038602086497041,0.9686115604102625,288.5306203821721
559,40559,40055,900009,6a22834,v2_nested_200x10,1,1,1,success,64,14.357081936941807,30.958706036114872,5.996043705773805,53,1,30.0,0.45,20.0,1.0,25,1,200,0.002,100,10.0,1.0,0,53,0,0.828125,0.377578211905978,-0.5229024822653054,2.5633851482311147,0.022067390526197463,0.038163238202184625,0.10674984061160472,1.7726284449909437,1.0024687494466158,0.3742874236250739,0.4076947776932509,1.0937982343917836,1.038602086497041,0.9686115604102625,288.29873822563775
560,40560,40056,900000,6a22834,v2_nested_200x10,1,1,1,success,57,21.61006103513937,9.024765545604538,0.0370288469279003,54,1,30.0,0.45,20.0,1.0,25,1,200,0.002,100,10.0,1.0,0,50,0,0.8771929824561403,0.3418040074038257,-0.5583167641168986,-0.4057998386409456,0.0239785328329041,0.03003866247669434,0.08401233720279652,1.6569777224581799,0.6692552761595547,0.3367824779032862,0.2621907453942432,1.003815129953627,0.96036562429646,1.0345415997267207,286.02215114405993
561,40561,40056,900001,6a22834,v2_nested_200x10,1,1,1,success,57,20.36063805471398,17.365384576176467,2.49909218400623,50,1,30.0,0.45,20.0,1.0,25,1,200,0.002,100,10.0,1.0,0,47,0,0.8245614035087719,0.3418040074038257,-0.5583167641168986,-0.4057998386409456,0.0239785328329041,0.03003866247669434,0.08401233720279652,1.6569777224581799,0.6692552761595547,0.3367824779032862,0.2621907453942432,1.003815129953627,0.96036562429646,1.0345415997267207,281.0991808908759
562,40562,40056,900002,6a22834,v2_nested_200x10,1,1,1,success,55,3.2742322290144332,3.0659014353439558,0.1652501569109635,52,1,30.0,0.45,20.0,1.0,25,1,200,0.002,100,10.0,1.0,0,49,0,0.8909090909090909,0.3418040074038257,-0.5583167641168986,-0.4057998386409456,0.0239785328329041,0.03003866247669434,0.08401233720279652,1.6569777224581799,0.6692552761595547,0.3367824779032862,0.2621907453942432,1.003815129953627,0.96036562429646,1.0345415997267207,285.1460351677718
563,40563,40056,900003,6a22834,v2_nested_200x10,1,1,1,success,57,25.07023000175187,19.365067649531017,0.08358531477842943,53,1,30.0,0.45,20.0,1.0,25,1,200,0.002,100,10.0,1.0,0,47,0,0.8245614035087719,0.3418040074038257,-0.5583167641168986,-0.4057998386409456,0.0239785328329041,0.03003866247669434,0.08401233720279652,1.6569777224581799,0.6692552761595547,0.3367824779032862,0.2621907453942432,1.003815129953627,0.96036562429646,1.0345415997267207,287.8242802798907
564,40564,40056,900004,6a22834,v2_nested_200x10,1,1,1,success,60,17.65911146614697,10.486286378096217,8.202008778735605,48,1,30.0,0.45,20.0,1.0,25,1,200,0.002,100,10.0,1.0,0,43,0,0.7166666666666667,0.3418040074038257,-0.5583167641168986,-0.4057998386409456,0.0239785328329041,0.03003866247669434,0.08401233720279652,1.6569777224581799,0.6692552761595547,0.3367824779032862,0.2621907453942432,1.003815129953627,0.96036562429646,1.0345415997267207,283.72775265626035
565,40565,40056,900005,6a22834,v2_nested_200x10,1,1,1,success,56,33.34627871884295,7.787295713675708,0.31215872724408905,53,1,30.0,0.45,20.0,1.0,25,1,200,0.002,100,10.0,1.0,0,49,0,0.875,0.3418040074038257,-0.5583167641168986,-0.4057998386409456,0.0239785328329041,0.03003866247669434,0.08401233720279652,1.6569777224581799,0.6692552761595547,0.3367824779032862,0.2621907453942432,1.003815129953627,0.96036562429646,1.0345415997267207,282.26127502486935
566,40566,40056,900006,6a22834,v2_nested_200x10,1,1,1,success,53,14.40137732540246,13.968418767310634,8.90712685421209,48,1,30.0,0.45,20.0,1.0,25,1,200,0.002,100,10.0,1.0,0,46,0,0.8679245283018868,0.3418040074038257,-0.5583167641168986,-0.4057998386409456,0.0239785328329041,0.03003866247669434,0.08401233720279652,1.6569777224581799,0.6692552761595547,0.3367824779032862,0.2621907453942432,1.003815129953627,0.96036562429646,1.0345415997267207,283.27467029001616
567,40567,40056,900007,6a22834,v2_nested_200x10,1,1,1,success,53,12.600646268449863,18.072997179497555,1.1830079482795965,47,1,30.0,0.45,20.0,1.0,25,1,200,0.002,100,10.0,1.0,0,42,0,0.7924528301886793,0.3418040074038257,-0.5583167641168986,-0.4057998386409456,0.0239785328329041,0.03003866247669434,0.08401233720279652,1.6569777224581799,0.6692552761595547,0.3367824779032862,0.2621907453942432,1.003815129953627,0.96036562429646,1.0345415997267207,283.9941792646883
568,40568,40056,900008,6a22834,v2_nested_200x10,1,1,1,success,54,16.90003305521362,14.184018112963619,6.404476178234754,48,1,30.0,0.45,20.0,1.0,25,1,200,0.002,100,10.0,1.0,0,43,0,0.7962962962962963,0.3418040074038257,-0.5583167641168986,-0.4057998386409456,0.0239785328329041,0.03003866247669434,0.08401233720279652,1.6569777224581799,0.6692552761595547,0.3367824779032862,0.2621907453942432,1.003815129953627,0.96036562429646,1.0345415997267207,286.34946358567186
569,40569,40056,900009,6a22834,v2_nested_200x10,1,1,1,success,55,25.700407412945214,15.742209755838083,10.369953863387725,49,1,30.0,0.45,20.0,1.0,25,1,200,0.002,100,10.0,1.0,0,49,0,0.8909090909090909,0.3418040074038257,-0.5583167641168986,-0.4057998386409456,0.0239785328329041,0.03003866247669434,0.08401233720279652,1.6569777224581799,0.6692552761595547,0.3367824779032862,0.2621907453942432,1.003815129953627,0.96036562429646,1.0345415997267207,284.15873129939115
570,40570,40057,900000,6a22834,v2_nested_200x10,1,1,1,success,61,21.48992763379847,22.30849039146525,6.6743122125394665,57,1,30.0,0.45,20.0,1.0,25,1,200,0.002,100,10.0,1.0,0,46,0,0.7540983606557377,0.378221598412956,-0.5405939858457507,0.5391971370093906,0.024542754550339874,0.03153221048495896,0.09451254998705029,1.3068824545405637,0.8564175498959032,0.3825647228753891,0.525626743847332,1.131947272941535,1.057223540454057,0.9766739245627534,289.99770783208413
571,40571,40057,900001,6a22834,v2_nested_200x10,1,1,1,success,64,16.974298114836873,15.964375796034085,7.731620385612316,57,1,30.0,0.45,20.0,1.0,25,1,200,0.002,100,10.0,1.0,0,39,0,0.609375,0.378221598412956,-0.5405939858457507,0.5391971370093906,0.024542754550339874,0.03153221048495896,0.09451254998705029,1.3068824545405637,0.8564175498959032,0.3825647228753891,0.525626743847332,1.131947272941535,1.057223540454057,0.9766739245627534,290.8013220535927
572,40572,40057,900002,6a22834,v2_nested_200x10,1,1,1,success,61,21.277789064334993,24.794319528967133,7.393768759229833,55,1,30.0,0.45,20.0,1.0,25,1,200,0.002,100,10.0,1.0,0,43,0,0.7049180327868853,0.378221598412956,-0.5405939858457507,0.5391971370093906,0.024542754550339874,0.03153221048495896,0.09451254998705029,1.3068824545405637,0.8564175498959032,0.3825647228753891,0.525626743847332,1.131947272941535,1.057223540454057,0.9766739245627534,290.40397517061024
573,40573,40057,900003,6a22834,v2_nested_200x10,1,1,1,success,61,22.99443713938586,23.61186532199883,8.096992862064246,55,1,30.0,0.45,20.0,1.0,25,1,200,0.002,100,10.0,1.0,0,42,0,0.6885245901639344,0.378221598412956,-0.5405939858457507,0.5391971370093906,0.024542754550339874,0.03153221048495896,0.09451254998705029,1.3068824545405637,0.8564175498959032,0.3825647228753891,0.525626743847332,1.131947272941535,1.057223540454057,0.9766739245627534,290.1969188831829
574,40574,40057,900004,6a22834,v2_nested_200x10,1,1,1,success,65,20.961456930765024,20.033729317978782,5.494436725791115,57,1,30.0,0.45,20.0,1.0,25,1,200,0.002,100,10.0,1.0,0,46,0,0.7076923076923077,0.378221598412956,-0.5405939858457507,0.5391971370093906,0.024542754550339874,0.03153221048495896,0.09451254998705029,1.3068824545405637,0.8564175498959032,0.3825647228753891,0.525626743847332,1.131947272941535,1.057223540454057,0.9766739245627534,289.34730936971295
575,40575,40057,900005,6a22834,v2_nested_200x10,1,1,1,success,63,24.145302039779263,19.507383729433087,9.865049186826583,55,1,30.0,0.45,20.0,1.0,25,1,200,0.002,100,10.0,1.0,0,46,0,0.7301587301587301,0.378221598412956,-0.5405939858457507,0.5391971370093906,0.024542754550339874,0.03153221048495896,0.09451254998705029,1.3068824545405637,0.8564175498959032,0.3825647228753891,0.525626743847332,1.131947272941535,1.057223540454057,0.9766739245627534,291.0744096431179
576,40576,40057,900006,6a22834,v2_nested_200x10,1,1,1,success,62,21.852020351464436,23.234400152609076,6.642562107577592,57,1,30.0,0.45,20.0,1.0,25,1,200,0.002,100,10.0,1.0,0,47,0,0.7580645161290323,0.378221598412956,-0.5405939858457507,0.5391971370093906,0.024542754550339874,0.03153221048495896,0.09451254998705029,1.3068824545405637,0.8564175498959032,0.3825647228753891,0.525626743847332,1.131947272941535,1.057223540454057,0.9766739245627534,291.0602409721954
577,40577,40057,900007,6a22834,v2_nested_200x10,1,1,1,success,63,9.748689179673416,23.11274260590632,5.578027444316211,56,1,30.0,0.45,20.0,1.0,25,1,200,0.002,100,10.0,1.0,0,45,0,0.7142857142857143,0.378221598412956,-0.5405939858457507,0.5391971370093906,0.024542754550339874,0.03153221048495896,0.09451254998705029,1.3068824545405637,0.8564175498959032,0.3825647228753891,0.525626743847332,1.131947272941535,1.057223540454057,0.9766739245627534,291.8541709548519
578,40578,40057,900008,6a22834,v2_nested_200x10,1,1,1,success,63,23.427699001001617,15.194116772882438,9.555972172029328,57,1,30.0,0.45,20.0,1.0,25,1,200,0.002,100,10.0,1.0,0,41,0,0.6507936507936508,0.378221598412956,-0.5405939858457507,0.5391971370093906,0.024542754550339874,0.03153221048495896,0.09451254998705029,1.3068824545405637,0.8564175498959032,0.3825647228753891,0.525626743847332,1.131947272941535,1.057223540454057,0.9766739245627534,289.4312842208102
579,40579,40057,900009,6a22834,v2_nested_200x10,1,1,1,success,61,20.79445812414648,22.849663656561376,3.4370080563278878,56,1,30.0,0.45,20.0,1.0,25,1,200,0.002,100,10.0,1.0,0,43,0,0.7049180327868853,0.378221598412956,-0.5405939858457507,0.5391971370093906,0.024542754550339874,0.03153221048495896,0.09451254998705029,1.3068824545405637,0.8564175498959032,0.3825647228753891,0.525626743847332,1.131947272941535,1.057223540454057,0.9766739245627534,289.23871134881193
580,40580,40058,900000,6a22834,v2_nested_200x10,1,1,1,success,57,14.909323846887737,24.975489717526173,2.959252185924732,51,1,30.0,0.45,20.0,1.0,25,1,200,0.002,100,10.0,1.0,0,44,0,0.7719298245614035,0.3599594516016782,-0.3318780822496426,0.7670837610882839,0.025539712892185977,0.02979137496470233,0.03253098008713935,1.0955339236508546,1.1549491327886483,0.37556104852342825,0.7219588347719962,1.0205859150418015,1.0300298234087013,1.1760239529970398,287.26634986284546
581,40581,40058,900001,6a22834,v2_nested_200x10,1,1,1,success,56,17.894954644834733,24.740467515178036,5.22484308650781,52,1,30.0,0.45,20.0,1.0,25,1,200,0.002,100,10.0,1.0,0,43,0,0.7678571428571429,0.3599594516016782,-0.3318780822496426,0.7670837610882839,0.025539712892185977,0.02979137496470233,0.03253098008713935,1.0955339236508546,1.1549491327886483,0.37556104852342825,0.7219588347719962,1.0205859150418015,1.0300298234087013,1.1760239529970398,287.8025590778657
582,40582,40058,900002,6a22834,v2_nested_200x10,1,1,1,success,55,17.10732968599695,22.807418174994773,6.0015131098323,51,1,30.0,0.45,20.0,1.0,25,1,200,0.002,100,10.0,1.0,0,42,0,0.7636363636363637,0.3599594516016782,-0.3318780822496426,0.7670837610882839,0.025539712892185977,0.02979137496470233,0.03253098008713935,1.0955339236508546,1.1549491327886483,0.37556104852342825,0.7219588347719962,1.0205859150418015,1.0300298234087013,1.1760239529970398,286.5726884613502
583,40583,40058,900003,6a22834,v2_nested_200x10,1,1,1,success,56,18.8768884320067,24.604897881353065,6.1927205621123775,51,1,30.0,0.45,20.0,1.0,25,1,200,0.002,100,10.0,1.0,0,43,0,0.7678571428571429,0.3599594516016782,-0.3318780822496426,0.7670837610882839,0.025539712892185977,0.02979137496470233,0.03253098008713935,1.0955339236508546,1.1549491327886483,0.37556104852342825,0.7219588347719962,1.0205859150418015,1.0300298234087013,1.1760239529970398,286.3587098901028
584,40584,40058,900004,6a22834,v2_nested_200x10,1,1,1,success,57,23.16241458750001,23.362402114861688,7.184088049548447,50,1,30.0,0.45,20.0,1.0,25,1,200,0.002,100,10.0,1.0,0,47,0,0.8245614035087719,0.3599594516016782,-0.3318780822496426,0.7670837610882839,0.025539712892185977,0.02979137496470233,0.03253098008713935,1.0955339236508546,1.1549491327886483,0.37556104852342825,0.7219588347719962,1.0205859150418015,1.0300298234087013,1.1760239529970398,286.4536641272687
585,40585,40058,900005,6a22834,v2_nested_200x10,1,1,1,success,56,20.675436726240246,19.370342552214197,12.03374679986931,51,1,30.0,0.45,20.0,1.0,25,1,200,0.002,100,10.0,1.0,0,47,0,0.8392857142857143,0.3599594516016782,-0.3318780822496426,0.7670837610882839,0.025539712892185977,0.02979137496470233,0.03253098008713935,1.0955339236508546,1.1549491327886483,0.37556104852342825,0.7219588347719962,1.0205859150418015,1.0300298234087013,1.1760239529970398,286.40202311070556
586,40586,40058,900006,6a22834,v2_nested_200x10,1,1,1,success,63,4.922225844493401,14.521466088496739,0.6845737822612279,60,1,30.0,0.45,20.0,1.0,25,1,200,0.002,100,10.0,1.0,0,53,0,0.8412698412698413,0.3599594516016782,-0.3318780822496426,0.7670837610882839,0.025539712892185977,0.02979137496470233,0.03253098008713935,1.0955339236508546,1.1549491327886483,0.37556104852342825,0.7219588347719962,1.0205859150418015,1.0300298234087013,1.1760239529970398,286.2032767926403
587,40587,40058,900007,6a22834,v2_nested_200x10,1,1,1,success,56,17.061426552898173,20.741160377945548,6.747817298870458,51,1,30.0,0.45,20.0,1.0,25,1,200,0.002,100,10.0,1.0,0,47,0,0.8392857142857143,0.3599594516016782,-0.3318780822496426,0.7670837610882839,0.025539712892185977,0.02979137496470233,0.03253098008713935,1.0955339236508546,1.1549491327886483,0.37556104852342825,0.7219588347719962,1.0205859150418015,1.0300298234087013,1.1760239529970398,287.095095247421
588,40588,40058,900008,6a22834,v2_nested_200x10,1,1,1,success,63,16.236606365206704,29.56767487356112,12.07530408541857,53,1,30.0,0.45,20.0,1.0,25,1,200,0.002,100,10.0,1.0,0,46,0,0.7301587301587301,0.3599594516016782,-0.3318780822496426,0.7670837610882839,0.025539712892185977,0.02979137496470233,0.03253098008713935,1.0955339236508546,1.1549491327886483,0.37556104852342825,0.7219588347719962,1.0205859150418015,1.0300298234087013,1.1760239529970398,284.8105125949064
589,40589,40058,900009,6a22834,v2_nested_200x10,1,1,1,success,56,15.559060763797971,17.459722952200636,6.548087653612445,50,1,30.0,0.45,20.0,1.0,25,1,200,0.002,100,10.0,1.0,0,49,0,0.875,0.3599594516016782,-0.3318780822496426,0.7670837610882839,0.025539712892185977,0.02979137496470233,0.03253098008713935,1.0955339236508546,1.1549491327886483,0.37556104852342825,0.7219588347719962,1.0205859150418015,1.0300298234087013,1.1760239529970398,285.9731461379331
590,40590,40059,900000,6a22834,v2_nested_200x10,1,1,1,success,64,26.320006033961626,15.723772691423006,1.1577544765815844,56,1,30.0,0.45,20.0,1.0,25,1,200,0.002,100,10.0,1.0,0,45,0,0.703125,0.3133935697209639,-0.642178077956752,-0.209292247895152,0.02448433968103173,0.03042907506394712,0.10778565203916587,1.4431259163632246,0.6899501639642464,0.3559969782012563,0.4963661512561351,1.0538801243595646,1.0906012782823975,1.082547880788804,286.6821672225783
591,40591,40059,900001,6a22834,v2_nested_200x10,1,1,1,success,64,15.65308783048601,5.3794297039567756,4.844063435602634,59,1,30.0,0.45,20.0,1.0,25,1,200,0.002,100,10.0,1.0,0,51,0,0.796875,0.3133935697209639,-0.642178077956752,-0.209292247895152,0.02448433968103173,0.03042907506394712,0.10778565203916587,1.4431259163632246,0.6899501639642464,0.3559969782012563,0.4963661512561351,1.0538801243595646,1.0906012782823975,1.082547880788804,288.86823821604656
592,40592,40059,900002,6a22834,v2_nested_200x10,1,1,1,success,61,8.041468052963646,23.135989112011153,12.637568271813032,55,1,30.0,0.45,20.0,1.0,25,1,200,0.002,100,10.0,1.0,0,52,0,0.8524590163934426,0.3133935697209639,-0.642178077956752,-0.209292247895152,0.02448433968103173,0.03042907506394712,0.10778565203916587,1.4431259163632246,0.6899501639642464,0.3559969782012563,0.4963661512561351,1.0538801243595646,1.0906012782823975,1.082547880788804,290.1458130985684
593,40593,40059,900003,6a22834,v2_nested_200x10,1,1,1,success,64,8.52496353266934,9.020610340980884,4.234145740411582,59,1,30.0,0.45,20.0,1.0,25,1,200,0.002,100,10.0,1.0,0,53,0,0.828125,0.3133935697209639,-0.642178077956752,-0.209292247895152,0.02448433968103173,0.03042907506394712,0.10778565203916587,1.4431259163632246,0.6899501639642464,0.3559969782012563,0.4963661512561351,1.0538801243595646,1.0906012782823975,1.082547880788804,289.3859264718447
594,40594,40059,900004,6a22834,v2_nested_200x10,1,1,1,success,71,19.20827017131007,30.864108036963078,19.48542053605122,66,1,30.0,0.45,20.0,1.0,25,1,200,0.002,100,10.0,1.0,0,63,0,0.8873239436619719,0.3133935697209639,-0.642178077956752,-0.209292247895152,0.02448433968103173,0.03042907506394712,0.10778565203916587,1.4431259163632246,0.6899501639642464,0.3559969782012563,0.4963661512561351,1.0538801243595646,1.0906012782823975,1.082547880788804,282.730167231316
595,40595,40059,900005,6a22834,v2_nested_200x10,1,1,1,success,62,20.653440297658037,17.663217643947377,2.528082303432671,57,1,30.0,0.45,20.0,1.0,25,1,200,0.002,100,10.0,1.0,0,53,0,0.8548387096774194,0.3133935697209639,-0.642178077956752,-0.209292247895152,0.02448433968103173,0.03042907506394712,0.10778565203916587,1.4431259163632246,0.6899501639642464,0.3559969782012563,0.4963661512561351,1.0538801243595646,1.0906012782823975,1.082547880788804,287.8148334316895
596,40596,40059,900006,6a22834,v2_nested_200x10,1,1,1,success,63,15.127229021213076,15.813061801110365,2.009816543805013,57,1,30.0,0.45,20.0,1.0,25,1,200,0.002,100,10.0,1.0,0,53,0,0.8412698412698413,0.3133935697209639,-0.642178077956752,-0.209292247895152,0.02448433968103173,0.03042907506394712,0.10778565203916587,1.4431259163632246,0.6899501639642464,0.3559969782012563,0.4963661512561351,1.0538801243595646,1.0906012782823975,1.082547880788804,289.95631598618064
597,40597,40059,900007,6a22834,v2_nested_200x10,1,1,1,success,62,7.776525052395813,16.691434440063414,9.524348776110028,56,1,30.0,0.45,20.0,1.0,25,1,200,0.002,100,10.0,1.0,0,42,0,0.6774193548387096,0.3133935697209639,-0.642178077956752,-0.209292247895152,0.02448433968103173,0.03042907506394712,0.10778565203916587,1.4431259163632246,0.6899501639642464,0.3559969782012563,0.4963661512561351,1.0538801243595646,1.0906012782823975,1.082547880788804,290.4063442127359
598,40598,40059,900008,6a22834,v2_nested_200x10,1,1,1,success,61,18.019020169390558,16.83162560173676,2.9976792382805524,57,1,30.0,0.45,20.0,1.0,25,1,200,0.002,100,10.0,1.0,0,49,0,0.8032786885245902,0.3133935697209639,-0.642178077956752,-0.209292247895152,0.02448433968103173,0.03042907506394712,0.10778565203916587,1.4431259163632246,0.6899501639642464,0.3559969782012563,0.4963661512561351,1.0538801243595646,1.0906012782823975,1.082547880788804,288.84758396640916
599,40599,40059,900009,6a22834,v2_nested_200x10,1,1,1,success,61,8.68238205574573,15.142419539591133,9.057460208324576,56,1,30.0,0.45,20.0,1.0,25,1,200,0.002,100,10.0,1.0,0,50,0,0.819672131147541,0.3133935697209639,-0.642178077956752,-0.209292247895152,0.02448433968103173,0.03042907506394712,0.10778565203916587,1.4431259163632246,0.6899501639642464,0.3559969782012563,0.4963661512561351,1.0538801243595646,1.0906012782823975,1.082547880788804,289.63183074124015
600,40600,40060,900000,6a22834,v2_nested_200x10,1,1,1,success,51,25.39331322211408,8.414394833004417,10.484312321222484,46,1,30.0,0.45,20.0,1.0,25,1,200,0.002,100,10.0,1.0,0,37,0,0.7254901960784313,0.3046516649970202,-0.5242054960938648,-2.0365566759320073,0.026218266990894645,0.030797743578327753,0.051767705725843736,1.3492032165330996,1.2556206904340566,0.38706805526579924,0.20453426763663074,1.0781960387368839,1.0203190047115158,1.0119573787629539,284.263388865468
601,40601,40060,900001,6a22834,v2_nested_200x10,1,1,1,success,57,24.66759081598606,4.020567454738874,3.7286684134935397,48,1,30.0,0.45,20.0,1.0,25,1,200,0.002,100,10.0,1.0,0,45,0,0.7894736842105263,0.3046516649970202,-0.5242054960938648,-2.0365566759320073,0.026218266990894645,0.030797743578327753,0.051767705725843736,1.3492032165330996,1.2556206904340566,0.38706805526579924,0.20453426763663074,1.0781960387368839,1.0203190047115158,1.0119573787629539,284.3546967043847
602,40602,40060,900002,6a22834,v2_nested_200x10,0,1,0,timeout,200,193.04604566074588,nan,nan,-1,1,30.0,0.45,20.0,1.0,25,1,200,0.002,100,10.0,1.0,0,177,0,0.885,0.3046516649970202,-0.5242054960938648,-2.0365566759320073,0.026218266990894645,0.030797743578327753,0.051767705725843736,1.3492032165330996,1.2556206904340566,0.38706805526579924,0.20453426763663074,1.0781960387368839,1.0203190047115158,1.0119573787629539,-18.51017930838065
603,40603,40060,900003,6a22834,v2_nested_200x10,0,1,0,timeout,200,202.77793821699797,nan,nan,-1,1,30.0,0.45,20.0,1.0,25,1,200,0.002,100,10.0,1.0,0,175,0,0.875,0.3046516649970202,-0.5242054960938648,-2.0365566759320073,0.026218266990894645,0.030797743578327753,0.051767705725843736,1.3492032165330996,1.2556206904340566,0.38706805526579924,0.20453426763663074,1.0781960387368839,1.0203190047115158,1.0119573787629539,9.925379833731366
604,40604,40060,900004,6a22834,v2_nested_200x10,0,0,0,timeout,200,207.92315622034596,nan,nan,-1,1,30.0,0.45,20.0,1.0,25,1,200,0.002,100,10.0,1.0,0,186,0,0.93,0.3046516649970202,-0.5242054960938648,-2.0365566759320073,0.026218266990894645,0.030797743578327753,0.051767705725843736,1.3492032165330996,1.2556206904340566,0.38706805526579924,0.20453426763663074,1.0781960387368839,1.0203190047115158,1.0119573787629539,-12.157479175901203
605,40605,40060,900005,6a22834,v2_nested_200x10,1,1,1,success,53,30.676093792309842,7.660751349216975,0.313944324153202,50,1,30.0,0.45,20.0,1.0,25,1,200,0.002,100,10.0,1.0,0,36,0,0.6792452830188679,0.3046516649970202,-0.5242054960938648,-2.0365566759320073,0.026218266990894645,0.030797743578327753,0.051767705725843736,1.3492032165330996,1.2556206904340566,0.38706805526579924,0.20453426763663074,1.0781960387368839,1.0203190047115158,1.0119573787629539,286.1177070022429
606,40606,40060,900006,6a22834,v2_nested_200x10,1,1,1,success,53,24.458489523964747,15.937047712735904,7.634381043867244,48,1,30.0,0.45,20.0,1.0,25,1,200,0.002,100,10.0,1.0,0,42,0,0.7924528301886793,0.3046516649970202,-0.5242054960938648,-2.0365566759320073,0.026218266990894645,0.030797743578327753,0.051767705725843736,1.3492032165330996,1.2556206904340566,0.38706805526579924,0.20453426763663074,1.0781960387368839,1.0203190047115158,1.0119573787629539,279.33236248301023
607,40607,40060,900007,6a22834,v2_nested_200x10,1,1,1,success,63,29.552251495475307,17.391766559017213,25.41915143061927,49,1,30.0,0.45,20.0,1.0,25,1,200,0.002,100,10.0,1.0,0,47,0,0.746031746031746,0.3046516649970202,-0.5242054960938648,-2.0365566759320073,0.026218266990894645,0.030797743578327753,0.051767705725843736,1.3492032165330996,1.2556206904340566,0.38706805526579924,0.20453426763663074,1.0781960387368839,1.0203190047115158,1.0119573787629539,279.9065123987094
608,40608,40060,900008,6a22834,v2_nested_200x10,1,1,1,success,83,36.991358583769276,3.395244059848435,18.66440412141542,57,1,30.0,0.45,20.0,1.0,25,1,200,0.002,100,10.0,1.0,0,65,0,0.7831325301204819,0.3046516649970202,-0.5242054960938648,-2.0365566759320073,0.026218266990894645,0.030797743578327753,0.051767705725843736,1.3492032165330996,1.2556206904340566,0.38706805526579924,0.20453426763663074,1.0781960387368839,1.0203190047115158,1.0119573787629539,276.67384753293356
609,40609,40060,900009,6a22834,v2_nested_200x10,1,1,1,success,54,28.906520975854594,15.11715074002457,19.056461902828623,48,1,30.0,0.45,20.0,1.0,25,1,200,0.002,100,10.0,1.0,0,43,0,0.7962962962962963,0.3046516649970202,-0.5242054960938648,-2.0365566759320073,0.026218266990894645,0.030797743578327753,0.051767705725843736,1.3492032165330996,1.2556206904340566,0.38706805526579924,0.20453426763663074,1.0781960387368839,1.0203190047115158,1.0119573787629539,279.8914204265424
610,40610,40061,900000,6a22834,v2_nested_200x10,1,1,1,success,59,17.277395625894307,7.362347763578483,4.4733035537936505,51,1,30.0,0.45,20.0,1.0,25,1,200,0.002,100,10.0,1.0,0,47,0,0.7966101694915254,0.3222964329388078,-0.5341618539824573,2.723208406762927,0.02365553530046918,0.03565055661090375,0.05497911980085478,1.924469292115533,0.7948795700355583,0.3758752650246422,0.2930165601671351,0.9463521036539115,1.0801947793973212,1.0445402160156825,284.6773200586194
611,40611,40061,900001,6a22834,v2_nested_200x10,1,1,1,success,58,19.797804062380518,2.892110522343136,9.463949118390621,52,1,30.0,0.45,20.0,1.0,25,1,200,0.002,100,10.0,1.0,0,34,0,0.5862068965517241,0.3222964329388078,-0.5341618539824573,2.723208406762927,0.02365553530046918,0.03565055661090375,0.05497911980085478,1.924469292115533,0.7948795700355583,0.3758752650246422,0.2930165601671351,0.9463521036539115,1.0801947793973212,1.0445402160156825,283.89376555138847
612,40612,40061,900002,6a22834,v2_nested_200x10,1,1,1,success,57,11.076153471641874,5.870672203149753,6.7935395287870906,51,1,30.0,0.45,20.0,1.0,25,1,200,0.002,100,10.0,1.0,0,47,0,0.8245614035087719,0.3222964329388078,-0.5341618539824573,2.723208406762927,0.02365553530046918,0.03565055661090375,0.05497911980085478,1.924469292115533,0.7948795700355583,0.3758752650246422,0.2930165601671351,0.9463521036539115,1.0801947793973212,1.0445402160156825,286.4992723012445
613,40613,40061,900003,6a22834,v2_nested_200x10,1,1,1,success,59,16.107355564480425,18.27864963481039,13.09093435248091,52,1,30.0,0.45,20.0,1.0,25,1,200,0.002,100,10.0,1.0,0,47,0,0.7966101694915254,0.3222964329388078,-0.5341618539824573,2.723208406762927,0.02365553530046918,0.03565055661090375,0.05497911980085478,1.924469292115533,0.7948795700355583,0.3758752650246422,0.2930165601671351,0.9463521036539115,1.0801947793973212,1.0445402160156825,282.7118734723461
614,40614,40061,900004,6a22834,v2_nested_200x10,1,1,1,success,59,12.219432575024555,13.093050651765228,7.244563610233124,51,1,30.0,0.45,20.0,1.0,25,1,200,0.002,100,10.0,1.0,0,49,0,0.8305084745762712,0.3222964329388078,-0.5341618539824573,2.723208406762927,0.02365553530046918,0.03565055661090375,0.05497911980085478,1.924469292115533,0.7948795700355583,0.3758752650246422,0.2930165601671351,0.9463521036539115,1.0801947793973212,1.0445402160156825,284.035180957329
615,40615,40061,900005,6a22834,v2_nested_200x10,1,1,1,success,57,8.963752408168926,15.707400680234368,16.819572878939773,50,1,30.0,0.45,20.0,1.0,25,1,200,0.002,100,10.0,1.0,0,51,0,0.8947368421052632,0.3222964329388078,-0.5341618539824573,2.723208406762927,0.02365553530046918,0.03565055661090375,0.05497911980085478,1.924469292115533,0.7948795700355583,0.3758752650246422,0.2930165601671351,0.9463521036539115,1.0801947793973212,1.0445402160156825,284.3705010579471
616,40616,40061,900006,6a22834,v2_nested_200x10,1,1,1,success,59,9.171025260698626,2.0230024168287226,6.380061998623888,52,1,30.0,0.45,20.0,1.0,25,1,200,0.002,100,10.0,1.0,0,46,0,0.7796610169491526,0.3222964329388078,-0.5341618539824573,2.723208406762927,0.02365553530046918,0.03565055661090375,0.05497911980085478,1.924469292115533,0.7948795700355583,0.3758752650246422,0.2930165601671351,0.9463521036539115,1.0801947793973212,1.0445402160156825,286.4375405756624
617,40617,40061,900007,6a22834,v2_nested_200x10,1,1,1,success,64,20.232428075516868,5.124552519164411,15.86746829241459,57,1,30.0,0.45,20.0,1.0,25,1,200,0.002,100,10.0,1.0,0,50,0,0.78125,0.3222964329388078,-0.5341618539824573,2.723208406762927,0.02365553530046918,0.03565055661090375,0.05497911980085478,1.924469292115533,0.7948795700355583,0.3758752650246422,0.2930165601671351,0.9463521036539115,1.0801947793973212,1.0445402160156825,285.39990232063826
618,40618,40061,900008,6a22834,v2_nested_200x10,1,1,1,success,58,15.6247277454611,9.967709322652128,5.901840861373888,52,1,30.0,0.45,20.0,1.0,25,1,200,0.002,100,10.0,1.0,0,43,0,0.7413793103448276,0.3222964329388078,-0.5341618539824573,2.723208406762927,0.02365553530046918,0.03565055661090375,0.05497911980085478,1.924469292115533,0.7948795700355583,0.3758752650246422,0.2930165601671351,0.9463521036539115,1.0801947793973212,1.0445402160156825,283.73399850281385
619,40619,40061,900009,6a22834,v2_nested_200x10,1,1,1,success,55,24.051056407018876,5.254711965037559,11.519788195738295,50,1,30.0,0.45,20.0,1.0,25,1,200,0.002,100,10.0,1.0,0,44,0,0.8,0.3222964329388078,-0.5341618539824573,2.723208406762927,0.02365553530046918,0.03565055661090375,0.05497911980085478,1.924469292115533,0.7948795700355583,0.3758752650246422,0.2930165601671351,0.9463521036539115,1.0801947793973212,1.0445402160156825,286.1952554047366
620,40620,40062,900000,6a22834,v2_nested_200x10,1,1,1,success,46,10.874850222447305,20.393809194942175,9.34390406275073,39,1,30.0,0.45,20.0,1.0,25,1,200,0.002,100,10.0,1.0,0,33,0,0.717391304347826,0.3642797280989871,-0.3124328443286371,1.6539699258938985,0.022720414900122415,0.03471944526898086,0.10411480350297204,0.9515249291854604,1.2653640287876713,0.3587609194280617,0.32097933802268364,1.060097610086124,1.000041313299466,1.0912044809585277,281.21075417679333
621,40621,40062,900001,6a22834,v2_nested_200x10,1,1,1,success,46,19.36882778207442,22.522839639003422,5.114642126777191,40,1,30.0,0.45,20.0,1.0,25,1,200,0.002,100,10.0,1.0,0,36,0,0.782608695652174,0.3642797280989871,-0.3124328443286371,1.6539699258938985,0.022720414900122415,0.03471944526898086,0.10411480350297204,0.9515249291854604,1.2653640287876713,0.3587609194280617,0.32097933802268364,1.060097610086124,1.000041313299466,1.0912044809585277,281.3401035718507
622,40622,40062,900002,6a22834,v2_nested_200x10,1,1,1,success,45,17.516266932433727,18.614030911322825,11.877046615960213,40,1,30.0,0.45,20.0,1.0,25,1,200,0.002,100,10.0,1.0,0,39,0,0.8666666666666667,0.3642797280989871,-0.3124328443286371,1.6539699258938985,0.022720414900122415,0.03471944526898086,0.10411480350297204,0.9515249291854604,1.2653640287876713,0.3587609194280617,0.32097933802268364,1.060097610086124,1.000041313299466,1.0912044809585277,282.24792620763617
623,40623,40062,900003,6a22834,v2_nested_200x10,1,1,1,success,43,17.196198296429113,19.893544561929744,6.715605810343246,39,1,30.0,0.45,20.0,1.0,25,1,200,0.002,100,10.0,1.0,0,35,0,0.813953488372093,0.3642797280989871,-0.3124328443286371,1.6539699258938985,0.022720414900122415,0.03471944526898086,0.10411480350297204,0.9515249291854604,1.2653640287876713,0.3587609194280617,0.32097933802268364,1.060097610086124,1.000041313299466,1.0912044809585277,282.15640162806847
624,40624,40062,900004,6a22834,v2_nested_200x10,1,1,1,success,45,15.698166550613845,14.373644746260583,6.551792939374991,40,1,30.0,0.45,20.0,1.0,25,1,200,0.002,100,10.0,1.0,0,41,0,0.9111111111111111,0.3642797280989871,-0.3124328443286371,1.6539699258938985,0.022720414900122415,0.03471944526898086,0.10411480350297204,0.9515249291854604,1.2653640287876713,0.3587609194280617,0.32097933802268364,1.060097610086124,1.000041313299466,1.0912044809585277,280.51286168655207
625,40625,40062,900005,6a22834,v2_nested_200x10,1,1,1,success,45,12.50612793175296,11.068807302692084,7.385588585826778,38,1,30.0,0.45,20.0,1.0,25,1,200,0.002,100,10.0,1.0,0,39,0,0.8666666666666667,0.3642797280989871,-0.3124328443286371,1.6539699258938985,0.022720414900122415,0.03471944526898086,0.10411480350297204,0.9515249291854604,1.2653640287876713,0.3587609194280617,0.32097933802268364,1.060097610086124,1.000041313299466,1.0912044809585277,282.0363128639791
626,40626,40062,900006,6a22834,v2_nested_200x10,1,1,1,success,46,16.188443615743438,12.536591469438074,7.873288498139678,39,1,30.0,0.45,20.0,1.0,25,1,200,0.002,100,10.0,1.0,0,36,0,0.782608695652174,0.3642797280989871,-0.3124328443286371,1.6539699258938985,0.022720414900122415,0.03471944526898086,0.10411480350297204,0.9515249291854604,1.2653640287876713,0.3587609194280617,0.32097933802268364,1.060097610086124,1.000041313299466,1.0912044809585277,283.2751838323827
627,40627,40062,900007,6a22834,v2_nested_200x10,1,1,1,success,50,22.783084450323848,20.459856498211106,15.392598593687257,40,1,30.0,0.45,20.0,1.0,25,1,200,0.002,100,10.0,1.0,0,40,0,0.8,0.3642797280989871,-0.3124328443286371,1.6539699258938985,0.022720414900122415,0.03471944526898086,0.10411480350297204,0.9515249291854604,1.2653640287876713,0.3587609194280617,0.32097933802268364,1.060097610086124,1.000041313299466,1.0912044809585277,279.1180515724579
628,40628,40062,900008,6a22834,v2_nested_200x10,1,1,1,success,47,14.28769068851764,13.258719734186666,13.782105190194441,41,1,30.0,0.45,20.0,1.0,25,1,200,0.002,100,10.0,1.0,0,37,0,0.7872340425531915,0.3642797280989871,-0.3124328443286371,1.6539699258938985,0.022720414900122415,0.03471944526898086,0.10411480350297204,0.9515249291854604,1.2653640287876713,0.3587609194280617,0.32097933802268364,1.060097610086124,1.000041313299466,1.0912044809585277,282.0744865556751
629,40629,40062,900009,6a22834,v2_nested_200x10,1,1,1,success,45,13.065686956769607,6.598228769970002,15.606266061155827,39,1,30.0,0.45,20.0,1.0,25,1,200,0.002,100,10.0,1.0,0,35,0,0.7777777777777778,0.3642797280989871,-0.3124328443286371,1.6539699258938985,0.022720414900122415,0.03471944526898086,0.10411480350297204,0.9515249291854604,1.2653640287876713,0.3587609194280617,0.32097933802268364,1.060097610086124,1.000041313299466,1.0912044809585277,283.4303734329074
630,40630,40063,900000,6a22834,v2_nested_200x10,1,1,1,success,62,10.008521552509801,27.472252176464266,1.1724248982877283,55,1,30.0,0.45,20.0,1.0,25,1,200,0.002,100,10.0,1.0,0,50,0,0.8064516129032258,0.3659358191986546,-0.4327509147562588,-2.7947955285571373,0.02691573302416803,0.03354564147091564,0.05231752853767027,1.9731621094714011,0.9489135998327536,0.34483451175914526,0.5393651907588493,1.0329436383702748,1.0468598736868329,1.1077932486200504,287.4528397808348
631,40631,40063,900001,6a22834,v2_nested_200x10,1,1,1,success,67,9.698708208026314,30.432639356597253,16.130314466135342,59,1,30.0,0.45,20.0,1.0,25,1,200,0.002,100,10.0,1.0,0,52,0,0.7761194029850746,0.3659358191986546,-0.4327509147562588,-2.7947955285571373,0.02691573302416803,0.03354564147091564,0.05231752853767027,1.9731621094714011,0.9489135998327536,0.34483451175914526,0.5393651907588493,1.0329436383702748,1.0468598736868329,1.1077932486200504,286.44536682659856
632,40632,40063,900002,6a22834,v2_nested_200x10,1,1,1,success,110,13.272181904029928,18.41935206288479,18.448275751176265,103,1,30.0,0.45,20.0,1.0,25,1,200,0.002,100,10.0,1.0,0,100,0,0.9090909090909091,0.3659358191986546,-0.4327509147562588,-2.7947955285571373,0.02691573302416803,0.03354564147091564,0.05231752853767027,1.9731621094714011,0.9489135998327536,0.34483451175914526,0.5393651907588493,1.0329436383702748,1.0468598736868329,1.1077932486200504,283.6428785781645
633,40633,40063,900003,6a22834,v2_nested_200x10,1,1,1,success,61,9.36543724388789,20.57922816161463,4.154196475304384,55,1,30.0,0.45,20.0,1.0,25,1,200,0.002,100,10.0,1.0,0,47,0,0.7704918032786885,0.3659358191986546,-0.4327509147562588,-2.7947955285571373,0.02691573302416803,0.03354564147091564,0.05231752853767027,1.9731621094714011,0.9489135998327536,0.34483451175914526,0.5393651907588493,1.0329436383702748,1.0468598736868329,1.1077932486200504,287.1843449542969
634,40634,40063,900004,6a22834,v2_nested_200x10,1,1,1,success,62,11.213354917340252,14.107147456716186,5.961557231784985,56,1,30.0,0.45,20.0,1.0,25,1,200,0.002,100,10.0,1.0,0,41,0,0.6612903225806451,0.3659358191986546,-0.4327509147562588,-2.7947955285571373,0.02691573302416803,0.03354564147091564,0.05231752853767027,1.9731621094714011,0.9489135998327536,0.34483451175914526,0.5393651907588493,1.0329436383702748,1.0468598736868329,1.1077932486200504,286.1153961581991
635,40635,40063,900005,6a22834,v2_nested_200x10,1,1,1,success,62,8.773769667827336,10.800712332380336,0.08553044163389661,59,1,30.0,0.45,20.0,1.0,25,1,200,0.002,100,10.0,1.0,0,50,0,0.8064516129032258,0.3659358191986546,-0.4327509147562588,-2.7947955285571373,0.02691573302416803,0.03354564147091564,0.05231752853767027,1.9731621094714011,0.9489135998327536,0.34483451175914526,0.5393651907588493,1.0329436383702748,1.0468598736868329,1.1077932486200504,287.77566233762866
636,40636,40063,900006,6a22834,v2_nested_200x10,1,1,1,success,60,6.638617694193032,16.577660386590466,6.180965591889818,56,1,30.0,0.45,20.0,1.0,25,1,200,0.002,100,10.0,1.0,0,51,0,0.85,0.3659358191986546,-0.4327509147562588,-2.7947955285571373,0.02691573302416803,0.03354564147091564,0.05231752853767027,1.9731621094714011,0.9489135998327536,0.34483451175914526,0.5393651907588493,1.0329436383702748,1.0468598736868329,1.1077932486200504,287.73677756724976
637,40637,40063,900007,6a22834,v2_nested_200x10,1,1,1,success,61,5.691897362265374,19.726824775247024,2.1615430169098335,54,1,30.0,0.45,20.0,1.0,25,1,200,0.002,100,10.0,1.0,0,49,0,0.8032786885245902,0.3659358191986546,-0.4327509147562588,-2.7947955285571373,0.02691573302416803,0.03354564147091564,0.05231752853767027,1.9731621094714011,0.9489135998327536,0.34483451175914526,0.5393651907588493,1.0329436383702748,1.0468598736868329,1.1077932486200504,288.35725804841684
638,40638,40063,900008,6a22834,v2_nested_200x10,1,1,1,success,58,1.588851651567872,20.263568320278537,10.108622247224874,54,1,30.0,0.45,20.0,1.0,25,1,200,0.002,100,10.0,1.0,0,46,0,0.7931034482758621,0.3659358191986546,-0.4327509147562588,-2.7947955285571373,0.02691573302416803,0.03354564147091564,0.05231752853767027,1.9731621094714011,0.9489135998327536,0.34483451175914526,0.5393651907588493,1.0329436383702748,1.0468598736868329,1.1077932486200504,289.3593558402505
639,40639,40063,900009,6a22834,v2_nested_200x10,1,1,1,success,61,9.944469681986922,16.423861607080116,5.676627414378136,55,1,30.0,0.45,20.0,1.0,25,1,200,0.002,100,10.0,1.0,0,43,0,0.7049180327868853,0.3659358191986546,-0.4327509147562588,-2.7947955285571373,0.02691573302416803,0.03354564147091564,0.05231752853767027,1.9731621094714011,0.9489135998327536,0.34483451175914526,0.5393651907588493,1.0329436383702748,1.0468598736868329,1.1077932486200504,286.64428374923943
640,40640,40064,900000,6a22834,v2_nested_200x10,1,1,1,success,48,31.594171385221046,24.848181941359975,15.292753954114774,39,1,30.0,0.45,20.0,1.0,25,1,200,0.002,100,10.0,1.0,0,45,0,0.9375,0.3549020866332916,-0.1726555177545115,-0.7109722602301463,0.02240665268775637,0.03161135190241871,0.07541179202193968,1.3586065475388973,0.6827150417688751,0.32855679129898613,0.17294215743340696,0.962306769637917,1.0069708033202194,0.906805295897265,278.6339659357425
641,40641,40064,900001,6a22834,v2_nested_200x10,1,1,1,success,51,20.866597963103807,22.39084746189386,5.45100811827632,45,1,30.0,0.45,20.0,1.0,25,1,200,0.002,100,10.0,1.0,0,42,0,0.8235294117647058,0.3549020866332916,-0.1726555177545115,-0.7109722602301463,0.02240665268775637,0.03161135190241871,0.07541179202193968,1.3586065475388973,0.6827150417688751,0.32855679129898613,0.17294215743340696,0.962306769637917,1.0069708033202194,0.906805295897265,275.79369986129575
642,40642,40064,900002,6a22834,v2_nested_200x10,0,0,0,timeout,200,121.12057806177903,nan,nan,-1,0,30.0,0.45,20.0,1.0,25,1,200,0.002,100,10.0,1.0,0,192,0,0.96,0.3549020866332916,-0.1726555177545115,-0.7109722602301463,0.02240665268775637,0.03161135190241871,0.07541179202193968,1.3586065475388973,0.6827150417688751,0.32855679129898613,0.17294215743340696,0.962306769637917,1.0069708033202194,0.906805295897265,-11.411356835199873
643,40643,40064,900003,6a22834,v2_nested_200x10,1,1,1,success,45,35.43893633757685,31.908351379361786,2.864345816676955,41,1,30.0,0.45,20.0,1.0,25,1,200,0.002,100,10.0,1.0,0,37,0,0.8222222222222222,0.3549020866332916,-0.1726555177545115,-0.7109722602301463,0.02240665268775637,0.03161135190241871,0.07541179202193968,1.3586065475388973,0.6827150417688751,0.32855679129898613,0.17294215743340696,0.962306769637917,1.0069708033202194,0.906805295897265,270.4265288303711
644,40644,40064,900004,6a22834,v2_nested_200x10,1,1,1,success,47,30.618178544850785,31.420206576014007,6.812719983130436,39,1,30.0,0.45,20.0,1.0,25,1,200,0.002,100,10.0,1.0,0,39,0,0.8297872340425532,0.3549020866332916,-0.1726555177545115,-0.7109722602301463,0.02240665268775637,0.03161135190241871,0.07541179202193968,1.3586065475388973,0.6827150417688751,0.32855679129898613,0.17294215743340696,0.962306769637917,1.0069708033202194,0.906805295897265,276.03007320388497
645,40645,40064,900005,6a22834,v2_nested_200x10,1,1,1,success,45,31.734112125695567,28.454731435686178,5.473041064640437,39,1,30.0,0.45,20.0,1.0,25,1,200,0.002,100,10.0,1.0,0,37,0,0.8222222222222222,0.3549020866332916,-0.1726555177545115,-0.7109722602301463,0.02240665268775637,0.03161135190241871,0.07541179202193968,1.3586065475388973,0.6827150417688751,0.32855679129898613,0.17294215743340696,0.962306769637917,1.0069708033202194,0.906805295897265,275.4675377289916
646,40646,40064,900006,6a22834,v2_nested_200x10,1,1,1,success,47,26.684161598909476,31.112407758351985,6.527335708397382,41,1,30.0,0.45,20.0,1.0,25,1,200,0.002,100,10.0,1.0,0,36,0,0.7659574468085106,0.3549020866332916,-0.1726555177545115,-0.7109722602301463,0.02240665268775637,0.03161135190241871,0.07541179202193968,1.3586065475388973,0.6827150417688751,0.32855679129898613,0.17294215743340696,0.962306769637917,1.0069708033202194,0.906805295897265,276.80986594111687
647,40647,40064,900007,6a22834,v2_nested_200x10,1,0,0,success,72,42.81588808945377,nan,nan,-1,1,30.0,0.45,20.0,1.0,25,1,200,0.002,100,10.0,1.0,0,61,0,0.8472222222222222,0.3549020866332916,-0.1726555177545115,-0.7109722602301463,0.02240665268775637,0.03161135190241871,0.07541179202193968,1.3586065475388973,0.6827150417688751,0.32855679129898613,0.17294215743340696,0.962306769637917,1.0069708033202194,0.906805295897265,201.756693202033
648,40648,40064,900008,6a22834,v2_nested_200x10,1,1,1,success,46,22.746462959613382,19.710752551297897,8.42235494641701,40,1,30.0,0.45,20.0,1.0,25,1,200,0.002,100,10.0,1.0,0,36,0,0.782608695652174,0.3549020866332916,-0.1726555177545115,-0.7109722602301463,0.02240665268775637,0.03161135190241871,0.07541179202193968,1.3586065475388973,0.6827150417688751,0.32855679129898613,0.17294215743340696,0.962306769637917,1.0069708033202194,0.906805295897265,275.48927705005633
649,40649,40064,900009,6a22834,v2_nested_200x10,1,1,1,success,47,41.49279966009994,29.405109080476187,17.278950952763182,39,1,30.0,0.45,20.0,1.0,25,1,200,0.002,100,10.0,1.0,0,38,0,0.8085106382978723,0.3549020866332916,-0.1726555177545115,-0.7109722602301463,0.02240665268775637,0.03161135190241871,0.07541179202193968,1.3586065475388973,0.6827150417688751,0.32855679129898613,0.17294215743340696,0.962306769637917,1.0069708033202194,0.906805295897265,278.178782840843
650,40650,40065,900000,6a22834,v2_nested_200x10,1,1,1,success,61,16.91907331308763,14.09609511099535,0.2539193046312292,58,1,30.0,0.45,20.0,1.0,25,1,200,0.002,100,10.0,1.0,0,50,0,0.819672131147541,0.3798936473274379,-0.28594171315229044,1.1559837980050682,0.02701480862656274,0.031409063541775695,0.11026168679218538,1.5521629834739135,0.9799955447072823,0.3357950107390379,0.6755693728553657,0.9872735538548492,1.065354987497456,1.0365855785306535,287.2140972473568
651,40651,40065,900001,6a22834,v2_nested_200x10,1,1,1,success,72,24.852728192074892,32.276269219344556,5.1498863757497615,65,1,30.0,0.45,20.0,1.0,25,1,200,0.002,100,10.0,1.0,0,56,0,0.7777777777777778,0.3798936473274379,-0.28594171315229044,1.1559837980050682,0.02701480862656274,0.031409063541775695,0.11026168679218538,1.5521629834739135,0.9799955447072823,0.3357950107390379,0.6755693728553657,0.9872735538548492,1.065354987497456,1.0365855785306535,271.80712511760237
652,40652,40065,900002,6a22834,v2_nested_200x10,1,1,1,success,65,18.460480995918697,22.930583960596266,6.726633241295001,57,1,30.0,0.45,20.0,1.0,25,1,200,0.002,100,10.0,1.0,0,49,0,0.7538461538461538,0.3798936473274379,-0.28594171315229044,1.1559837980050682,0.02701480862656274,0.031409063541775695,0.11026168679218538,1.5521629834739135,0.9799955447072823,0.3357950107390379,0.6755693728553657,0.9872735538548492,1.065354987497456,1.0365855785306535,287.77224523864163
653,40653,40065,900003,6a22834,v2_nested_200x10,1,1,1,success,65,24.338721300642703,39.44498456822741,18.31166061254958,56,1,30.0,0.45,20.0,1.0,25,1,200,0.002,100,10.0,1.0,0,53,0,0.8153846153846154,0.3798936473274379,-0.28594171315229044,1.1559837980050682,0.02701480862656274,0.031409063541775695,0.11026168679218538,1.5521629834739135,0.9799955447072823,0.3357950107390379,0.6755693728553657,0.9872735538548492,1.065354987497456,1.0365855785306535,287.8751980296643
654,40654,40065,900004,6a22834,v2_nested_200x10,1,1,1,success,67,23.79965099098821,30.237001743449508,9.630962658109823,54,1,30.0,0.45,20.0,1.0,25,1,200,0.002,100,10.0,1.0,0,48,0,0.7164179104477612,0.3798936473274379,-0.28594171315229044,1.1559837980050682,0.02701480862656274,0.031409063541775695,0.11026168679218538,1.5521629834739135,0.9799955447072823,0.3357950107390379,0.6755693728553657,0.9872735538548492,1.065354987497456,1.0365855785306535,269.0214863498843
655,40655,40065,900005,6a22834,v2_nested_200x10,1,1,1,success,68,13.275253146034995,29.39609654433899,13.098204088407567,57,1,30.0,0.45,20.0,1.0,25,1,200,0.002,100,10.0,1.0,0,52,0,0.7647058823529411,0.3798936473274379,-0.28594171315229044,1.1559837980050682,0.02701480862656274,0.031409063541775695,0.11026168679218538,1.5521629834739135,0.9799955447072823,0.3357950107390379,0.6755693728553657,0.9872735538548492,1.065354987497456,1.0365855785306535,288.1562130534563
656,40656,40065,900006,6a22834,v2_nested_200x10,1,1,1,success,66,14.526841612742702,27.899332894801905,6.442954714244543,60,1,30.0,0.45,20.0,1.0,25,1,200,0.002,100,10.0,1.0,0,49,0,0.7424242424242424,0.3798936473274379,-0.28594171315229044,1.1559837980050682,0.02701480862656274,0.031409063541775695,0.11026168679218538,1.5521629834739135,0.9799955447072823,0.3357950107390379,0.6755693728553657,0.9872735538548492,1.065354987497456,1.0365855785306535,288.0896664387934
657,40657,40065,900007,6a22834,v2_nested_200x10,1,1,1,success,61,14.9968982275447,27.603612575932555,9.102265586457234,55,1,30.0,0.45,20.0,1.0,25,1,200,0.002,100,10.0,1.0,0,48,0,0.7868852459016393,0.3798936473274379,-0.28594171315229044,1.1559837980050682,0.02701480862656274,0.031409063541775695,0.11026168679218538,1.5521629834739135,0.9799955447072823,0.3357950107390379,0.6755693728553657,0.9872735538548492,1.065354987497456,1.0365855785306535,290.60371704596844
658,40658,40065,900008,6a22834,v2_nested_200x10,1,1,1,success,65,23.011867082745212,19.781153957611682,7.87546545325294,55,1,30.0,0.45,20.0,1.0,25,1,200,0.002,100,10.0,1.0,0,52,0,0.8,0.3798936473274379,-0.28594171315229044,1.1559837980050682,0.02701480862656274,0.031409063541775695,0.11026168679218538,1.5521629834739135,0.9799955447072823,0.3357950107390379,0.6755693728553657,0.9872735538548492,1.065354987497456,1.0365855785306535,283.7876275969228
659,40659,40065,900009,6a22834,v2_nested_200x10,1,1,1,success,59,11.817598906343248,28.304387578973763,8.661063197573192,55,1,30.0,0.45,20.0,1.0,25,1,200,0.002,100,10.0,1.0,0,46,0,0.7796610169491526,0.3798936473274379,-0.28594171315229044,1.1559837980050682,0.02701480862656274,0.031409063541775695,0.11026168679218538,1.5521629834739135,0.9799955447072823,0.3357950107390379,0.6755693728553657,0.9872735538548492,1.065354987497456,1.0365855785306535,286.98995957845773
660,40660,40066,900000,6a22834,v2_nested_200x10,1,1,1,success,64,6.129329430472477,25.9770935486603,10.335403047427205,57,1,30.0,0.45,20.0,1.0,25,1,200,0.002,100,10.0,1.0,0,46,0,0.71875,0.3787016622847358,-0.6590840694444206,-2.4555441882933797,0.021077338346166895,0.03502650991381659,0.04354824556739914,1.636853434294613,1.0314422304592281,0.3048353142587818,0.4751487344329969,1.0718857561898194,1.0015944896385933,0.8350732944008652,292.02240566026217
661,40661,40066,900001,6a22834,v2_nested_200x10,1,1,1,success,63,11.187735424130693,18.494312144336973,13.477929142497478,58,1,30.0,0.45,20.0,1.0,25,1,200,0.002,100,10.0,1.0,0,45,0,0.7142857142857143,0.3787016622847358,-0.6590840694444206,-2.4555441882933797,0.021077338346166895,0.03502650991381659,0.04354824556739914,1.636853434294613,1.0314422304592281,0.3048353142587818,0.4751487344329969,1.0718857561898194,1.0015944896385933,0.8350732944008652,291.9657611834008
662,40662,40066,900002,6a22834,v2_nested_200x10,1,1,1,success,62,17.980840276980565,28.181803666953993,20.992730513672605,55,1,30.0,0.45,20.0,1.0,25,1,200,0.002,100,10.0,1.0,0,43,0,0.6935483870967742,0.3787016622847358,-0.6590840694444206,-2.4555441882933797,0.021077338346166895,0.03502650991381659,0.04354824556739914,1.636853434294613,1.0314422304592281,0.3048353142587818,0.4751487344329969,1.0718857561898194,1.0015944896385933,0.8350732944008652,291.86041679120535
663,40663,40066,900003,6a22834,v2_nested_200x10,1,1,1,success,61,9.756319230710753,29.458601165728567,19.340650263197123,54,1,30.0,0.45,20.0,1.0,25,1,200,0.002,100,10.0,1.0,0,42,0,0.6885245901639344,0.3787016622847358,-0.6590840694444206,-2.4555441882933797,0.021077338346166895,0.03502650991381659,0.04354824556739914,1.636853434294613,1.0314422304592281,0.3048353142587818,0.4751487344329969,1.0718857561898194,1.0015944896385933,0.8350732944008652,292.78608315200773
664,40664,40066,900004,6a22834,v2_nested_200x10,1,1,1,success,67,11.465108855882189,23.893683403228028,9.331343265555693,58,1,30.0,0.45,20.0,1.0,25,1,200,0.002,100,10.0,1.0,0,47,0,0.7014925373134329,0.3787016622847358,-0.6590840694444206,-2.4555441882933797,0.021077338346166895,0.03502650991381659,0.04354824556739914,1.636853434294613,1.0314422304592281,0.3048353142587818,0.4751487344329969,1.0718857561898194,1.0015944896385933,0.8350732944008652,289.8844190442293
665,40665,40066,900005,6a22834,v2_nested_200x10,1,1,1,success,62,10.518176008393416,22.86958528171199,4.872523029645714,56,1,30.0,0.45,20.0,1.0,25,1,200,0.002,100,10.0,1.0,0,44,0,0.7096774193548387,0.3787016622847358,-0.6590840694444206,-2.4555441882933797,0.021077338346166895,0.03502650991381659,0.04354824556739914,1.636853434294613,1.0314422304592281,0.3048353142587818,0.4751487344329969,1.0718857561898194,1.0015944896385933,0.8350732944008652,291.4764838871204
666,40666,40066,900006,6a22834,v2_nested_200x10,1,1,1,success,63,19.487064268720538,34.53196161362488,9.632296868205412,56,1,30.0,0.45,20.0,1.0,25,1,200,0.002,100,10.0,1.0,3,48,0,0.7619047619047619,0.3787016622847358,-0.6590840694444206,-2.4555441882933797,0.021077338346166895,0.03502650991381659,0.04354824556739914,1.636853434294613,1.0314422304592281,0.3048353142587818,0.4751487344329969,1.0718857561898194,1.0015944896385933,0.8350732944008652,290.07081462745634
667,40667,40066,900007,6a22834,v2_nested_200x10,1,1,1,success,70,8.033835699912288,24.494971669897538,17.1741604589591,56,1,30.0,0.45,20.0,1.0,25,1,200,0.002,100,10.0,1.0,0,55,0,0.7857142857142857,0.3787016622847358,-0.6590840694444206,-2.4555441882933797,0.021077338346166895,0.03502650991381659,0.04354824556739914,1.636853434294613,1.0314422304592281,0.3048353142587818,0.4751487344329969,1.0718857561898194,1.0015944896385933,0.8350732944008652,291.2954974359229
668,40668,40066,900008,6a22834,v2_nested_200x10,1,1,1,success,81,16.498510651485077,26.315385908519257,12.557716147079233,74,1,30.0,0.45,20.0,1.0,25,1,200,0.002,100,10.0,1.0,4,64,0,0.7901234567901234,0.3787016622847358,-0.6590840694444206,-2.4555441882933797,0.021077338346166895,0.03502650991381659,0.04354824556739914,1.636853434294613,1.0314422304592281,0.3048353142587818,0.4751487344329969,1.0718857561898194,1.0015944896385933,0.8350732944008652,286.15167606432266
669,40669,40066,900009,6a22834,v2_nested_200x10,0,1,0,timeout,200,150.50948236064173,26.645844864156334,137.0906454715379,55,1,30.0,0.45,20.0,1.0,25,1,200,0.002,100,10.0,1.0,0,178,0,0.89,0.3787016622847358,-0.6590840694444206,-2.4555441882933797,0.021077338346166895,0.03502650991381659,0.04354824556739914,1.636853434294613,1.0314422304592281,0.3048353142587818,0.4751487344329969,1.0718857561898194,1.0015944896385933,0.8350732944008652,49.77871703832567
670,40670,40067,900000,6a22834,v2_nested_200x10,0,1,0,timeout,200,42.01405381863885,nan,nan,-1,0,30.0,0.45,20.0,1.0,25,1,200,0.002,100,10.0,1.0,0,194,0,0.97,0.3805244366314328,-0.7059129013445027,0.5130286416362155,0.0225268369968029,0.03617845694701617,0.11653457697056649,1.7829708352191753,1.152963303081274,0.3062448113110755,0.5751480025799823,1.0746895023200795,0.9998195722049054,0.9482271506034285,-13.943399069942812
671,40671,40067,900001,6a22834,v2_nested_200x10,1,1,1,success,70,17.76935663126904,20.780729764815458,6.4848355234230235,61,1,30.0,0.45,20.0,1.0,25,1,200,0.002,100,10.0,1.0,0,60,0,0.8571428571428571,0.3805244366314328,-0.7059129013445027,0.5130286416362155,0.0225268369968029,0.03617845694701617,0.11653457697056649,1.7829708352191753,1.152963303081274,0.3062448113110755,0.5751480025799823,1.0746895023200795,0.9998195722049054,0.9482271506034285,292.5461084540703
672,40672,40067,900002,6a22834,v2_nested_200x10,1,1,1,success,81,21.320282472196112,12.969246592697036,10.327318599302206,76,1,30.0,0.45,20.0,1.0,25,1,200,0.002,100,10.0,1.0,0,65,0,0.8024691358024691,0.3805244366314328,-0.7059129013445027,0.5130286416362155,0.0225268369968029,0.03617845694701617,0.11653457697056649,1.7829708352191753,1.152963303081274,0.3062448113110755,0.5751480025799823,1.0746895023200795,0.9998195722049054,0.9482271506034285,288.9683479326481
673,40673,40067,900003,6a22834,v2_nested_200x10,1,1,1,success,69,16.67232662420982,19.857916789489007,4.96343288309168,60,1,30.0,0.45,20.0,1.0,25,1,200,0.002,100,10.0,1.0,0,61,0,0.8840579710144928,0.3805244366314328,-0.7059129013445027,0.5130286416362155,0.0225268369968029,0.03617845694701617,0.11653457697056649,1.7829708352191753,1.152963303081274,0.3062448113110755,0.5751480025799823,1.0746895023200795,0.9998195722049054,0.9482271506034285,292.79379134715856
674,40674,40067,900004,6a22834,v2_nested_200x10,1,1,1,success,64,5.200752454191581,10.0463027311745,6.055587474901523,60,1,30.0,0.45,20.0,1.0,25,1,200,0.002,100,10.0,1.0,0,47,0,0.734375,0.3805244366314328,-0.7059129013445027,0.5130286416362155,0.0225268369968029,0.03617845694701617,0.11653457697056649,1.7829708352191753,1.152963303081274,0.3062448113110755,0.5751480025799823,1.0746895023200795,0.9998195722049054,0.9482271506034285,290.6183312309872
675,40675,40067,900005,6a22834,v2_nested_200x10,1,1,0,success,69,44.14639919194759,15.807830644455866,28.897041410017817,61,1,30.0,0.45,20.0,1.0,25,1,200,0.002,100,10.0,1.0,0,56,0,0.8115942028985508,0.3805244366314328,-0.7059129013445027,0.5130286416362155,0.0225268369968029,0.03617845694701617,0.11653457697056649,1.7829708352191753,1.152963303081274,0.3062448113110755,0.5751480025799823,1.0746895023200795,0.9998195722049054,0.9482271506034285,265.3734101327498
676,40676,40067,900006,6a22834,v2_nested_200x10,1,1,1,success,71,9.867296597475429,37.89671720269047,37.52415169726905,60,1,30.0,0.45,20.0,1.0,25,1,200,0.002,100,10.0,1.0,3,62,0,0.8732394366197183,0.3805244366314328,-0.7059129013445027,0.5130286416362155,0.0225268369968029,0.03617845694701617,0.11653457697056649,1.7829708352191753,1.152963303081274,0.3062448113110755,0.5751480025799823,1.0746895023200795,0.9998195722049054,0.9482271506034285,289.3658534527102
677,40677,40067,900007,6a22834,v2_nested_200x10,1,1,1,success,68,6.887743728068853,23.7493587631683,11.765989383908902,60,1,30.0,0.45,20.0,1.0,25,1,200,0.002,100,10.0,1.0,0,51,0,0.75,0.3805244366314328,-0.7059129013445027,0.5130286416362155,0.0225268369968029,0.03617845694701617,0.11653457697056649,1.7829708352191753,1.152963303081274,0.3062448113110755,0.5751480025799823,1.0746895023200795,0.9998195722049054,0.9482271506034285,293.2393327205647
678,40678,40067,900008,6a22834,v2_nested_200x10,1,1,1,success,68,9.014734496092194,29.404711847872992,12.969379698653114,61,1,30.0,0.45,20.0,1.0,25,1,200,0.002,100,10.0,1.0,0,63,0,0.9264705882352942,0.3805244366314328,-0.7059129013445027,0.5130286416362155,0.0225268369968029,0.03617845694701617,0.11653457697056649,1.7829708352191753,1.152963303081274,0.3062448113110755,0.5751480025799823,1.0746895023200795,0.9998195722049054,0.9482271506034285,293.8813888844389
679,40679,40067,900009,6a22834,v2_nested_200x10,1,1,1,success,73,4.616626224607092,18.85938693063329,14.331271294896439,60,1,30.0,0.45,20.0,1.0,25,1,200,0.002,100,10.0,1.0,0,62,0,0.8493150684931506,0.3805244366314328,-0.7059129013445027,0.5130286416362155,0.0225268369968029,0.03617845694701617,0.11653457697056649,1.7829708352191753,1.152963303081274,0.3062448113110755,0.5751480025799823,1.0746895023200795,0.9998195722049054,0.9482271506034285,293.8259582605893
680,40680,40068,900000,6a22834,v2_nested_200x10,1,1,1,success,72,26.597574040962225,21.58230736016029,9.409807063401406,65,1,30.0,0.45,20.0,1.0,25,1,200,0.002,100,10.0,1.0,0,48,0,0.6666666666666666,0.36458389045483236,-0.5745255554830702,-0.6858764115111127,0.027497389812886956,0.03818006041594298,0.07747335644454703,1.6711483700618226,0.8438104811216874,0.3843070552375428,0.6885398902237492,1.1195276992145198,1.0760569637953172,1.01122949173793,289.2145919198047
681,40681,40068,900001,6a22834,v2_nested_200x10,1,1,1,success,72,30.336855342150283,21.253579492959393,12.434474046609969,65,1,30.0,0.45,20.0,1.0,25,1,200,0.002,100,10.0,1.0,0,51,0,0.7083333333333334,0.36458389045483236,-0.5745255554830702,-0.6858764115111127,0.027497389812886956,0.03818006041594298,0.07747335644454703,1.6711483700618226,0.8438104811216874,0.3843070552375428,0.6885398902237492,1.1195276992145198,1.0760569637953172,1.01122949173793,293.58884082238677
682,40682,40068,900002,6a22834,v2_nested_200x10,1,1,1,success,67,20.147032313587427,22.143093318442737,4.262580179615819,61,1,30.0,0.45,20.0,1.0,25,1,200,0.002,100,10.0,1.0,0,48,0,0.7164179104477612,0.36458389045483236,-0.5745255554830702,-0.6858764115111127,0.027497389812886956,0.03818006041594298,0.07747335644454703,1.6711483700618226,0.8438104811216874,0.3843070552375428,0.6885398902237492,1.1195276992145198,1.0760569637953172,1.01122949173793,296.7799673354437
683,40683,40068,900003,6a22834,v2_nested_200x10,1,1,1,success,67,22.845238061538478,19.727436477911695,10.373720438705183,62,1,30.0,0.45,20.0,1.0,25,1,200,0.002,100,10.0,1.0,0,45,0,0.6716417910447762,0.36458389045483236,-0.5745255554830702,-0.6858764115111127,0.027497389812886956,0.03818006041594298,0.07747335644454703,1.6711483700618226,0.8438104811216874,0.3843070552375428,0.6885398902237492,1.1195276992145198,1.0760569637953172,1.01122949173793,293.7931639982901
684,40684,40068,900004,6a22834,v2_nested_200x10,1,1,1,success,69,18.471852980808077,12.46722156491237,8.540897370760248,63,1,30.0,0.45,20.0,1.0,25,1,200,0.002,100,10.0,1.0,0,45,0,0.6521739130434783,0.36458389045483236,-0.5745255554830702,-0.6858764115111127,0.027497389812886956,0.03818006041594298,0.07747335644454703,1.6711483700618226,0.8438104811216874,0.3843070552375428,0.6885398902237492,1.1195276992145198,1.0760569637953172,1.01122949173793,291.96038563532016
685,40685,40068,900005,6a22834,v2_nested_200x10,0,1,0,timeout,200,46.29004508870681,24.197447279878105,18.989512045441927,62,1,30.0,0.45,20.0,1.0,25,1,200,0.002,100,10.0,1.0,0,178,0,0.89,0.36458389045483236,-0.5745255554830702,-0.6858764115111127,0.027497389812886956,0.03818006041594298,0.07747335644454703,1.6711483700618226,0.8438104811216874,0.3843070552375428,0.6885398902237492,1.1195276992145198,1.0760569637953172,1.01122949173793,54.76763665185938
686,40686,40068,900006,6a22834,v2_nested_200x10,1,1,1,success,69,24.18522073282976,22.739560078528342,9.639014643342326,64,1,30.0,0.45,20.0,1.0,25,1,200,0.002,100,10.0,1.0,0,49,0,0.7101449275362319,0.36458389045483236,-0.5745255554830702,-0.6858764115111127,0.027497389812886956,0.03818006041594298,0.07747335644454703,1.6711483700618226,0.8438104811216874,0.3843070552375428,0.6885398902237492,1.1195276992145198,1.0760569637953172,1.01122949173793,295.43817826817155
687,40687,40068,900007,6a22834,v2_nested_200x10,1,1,1,success,77,20.900078341093064,22.95951108202508,7.109878608750145,64,1,30.0,0.45,20.0,1.0,25,1,200,0.002,100,10.0,1.0,0,57,0,0.7402597402597403,0.36458389045483236,-0.5745255554830702,-0.6858764115111127,0.027497389812886956,0.03818006041594298,0.07747335644454703,1.6711483700618226,0.8438104811216874,0.3843070552375428,0.6885398902237492,1.1195276992145198,1.0760569637953172,1.01122949173793,295.02606651482455
688,40688,40068,900008,6a22834,v2_nested_200x10,1,1,1,success,110,19.85088193936488,19.178667662381496,8.450001099294212,62,1,30.0,0.45,20.0,1.0,25,1,200,0.002,100,10.0,1.0,0,91,0,0.8272727272727273,0.36458389045483236,-0.5745255554830702,-0.6858764115111127,0.027497389812886956,0.03818006041594298,0.07747335644454703,1.6711483700618226,0.8438104811216874,0.3843070552375428,0.6885398902237492,1.1195276992145198,1.0760569637953172,1.01122949173793,291.25925004287774
689,40689,40068,900009,6a22834,v2_nested_200x10,1,1,1,success,69,18.831386967777362,15.730228156862205,4.004391780316712,64,1,30.0,0.45,20.0,1.0,25,1,200,0.002,100,10.0,1.0,0,57,0,0.8260869565217391,0.36458389045483236,-0.5745255554830702,-0.6858764115111127,0.027497389812886956,0.03818006041594298,0.07747335644454703,1.6711483700618226,0.8438104811216874,0.3843070552375428,0.6885398902237492,1.1195276992145198,1.0760569637953172,1.01122949173793,291.30153640650974
690,40690,40069,900000,6a22834,v2_nested_200x10,1,1,1,success,62,20.143822308639237,25.11871003873271,5.745760892781948,57,1,30.0,0.45,20.0,1.0,25,1,200,0.002,100,10.0,1.0,3,50,0,0.8064516129032258,0.36521546706561825,-0.39090292913752867,2.3564563689506244,0.025880402361763536,0.03732811547875338,0.032325452767482755,1.7874834115931146,0.9617739340417111,0.3819217805409879,0.685892297202302,1.0205812494646769,1.1109625758868393,1.064052853046676,284.40280228557623
691,40691,40069,900001,6a22834,v2_nested_200x10,1,1,1,success,65,13.243332562630119,12.56934426911287,9.84213633519731,59,1,30.0,0.45,20.0,1.0,25,1,200,0.002,100,10.0,1.0,0,48,0,0.7384615384615385,0.36521546706561825,-0.39090292913752867,2.3564563689506244,0.025880402361763536,0.03732811547875338,0.032325452767482755,1.7874834115931146,0.9617739340417111,0.3819217805409879,0.685892297202302,1.0205812494646769,1.1109625758868393,1.064052853046676,285.06098904338444
692,40692,40069,900002,6a22834,v2_nested_200x10,1,1,1,success,62,12.7086355370754,24.789060769690355,12.72703972522291,56,1,30.0,0.45,20.0,1.0,25,1,200,0.002,100,10.0,1.0,0,52,0,0.8387096774193549,0.36521546706561825,-0.39090292913752867,2.3564563689506244,0.025880402361763536,0.03732811547875338,0.032325452767482755,1.7874834115931146,0.9617739340417111,0.3819217805409879,0.685892297202302,1.0205812494646769,1.1109625758868393,1.064052853046676,287.43978209885177
693,40693,40069,900003,6a22834,v2_nested_200x10,1,1,1,success,61,25.675034125488597,25.329440656148442,9.043298389469655,56,1,30.0,0.45,20.0,1.0,25,1,200,0.002,100,10.0,1.0,0,45,0,0.7377049180327869,0.36521546706561825,-0.39090292913752867,2.3564563689506244,0.025880402361763536,0.03732811547875338,0.032325452767482755,1.7874834115931146,0.9617739340417111,0.3819217805409879,0.685892297202302,1.0205812494646769,1.1109625758868393,1.064052853046676,285.96057372132157
694,40694,40069,900004,6a22834,v2_nested_200x10,1,1,1,success,62,21.809619056945504,20.152880086163634,13.238132652397779,56,1,30.0,0.45,20.0,1.0,25,1,200,0.002,100,10.0,1.0,4,51,0,0.8225806451612904,0.36521546706561825,-0.39090292913752867,2.3564563689506244,0.025880402361763536,0.03732811547875338,0.032325452767482755,1.7874834115931146,0.9617739340417111,0.3819217805409879,0.685892297202302,1.0205812494646769,1.1109625758868393,1.064052853046676,282.44272013850986
695,40695,40069,900005,6a22834,v2_nested_200x10,1,1,1,success,74,23.53166269837092,27.970809580034654,3.0620153962149486,69,1,30.0,0.45,20.0,1.0,25,1,200,0.002,100,10.0,1.0,0,60,0,0.8108108108108109,0.36521546706561825,-0.39090292913752867,2.3564563689506244,0.025880402361763536,0.03732811547875338,0.032325452767482755,1.7874834115931146,0.9617739340417111,0.3819217805409879,0.685892297202302,1.0205812494646769,1.1109625758868393,1.064052853046676,285.56305595865825
696,40696,40069,900006,6a22834,v2_nested_200x10,1,1,1,success,62,24.918618342943283,25.90677375645893,10.851025195344342,57,1,30.0,0.45,20.0,1.0,25,1,200,0.002,100,10.0,1.0,0,44,0,0.7096774193548387,0.36521546706561825,-0.39090292913752867,2.3564563689506244,0.025880402361763536,0.03732811547875338,0.032325452767482755,1.7874834115931146,0.9617739340417111,0.3819217805409879,0.685892297202302,1.0205812494646769,1.1109625758868393,1.064052853046676,285.88761969702307
697,40697,40069,900007,6a22834,v2_nested_200x10,1,1,1,success,63,16.471145060220085,18.610779245701394,7.868918447241012,58,1,30.0,0.45,20.0,1.0,25,1,200,0.002,100,10.0,1.0,1,49,0,0.7777777777777778,0.36521546706561825,-0.39090292913752867,2.3564563689506244,0.025880402361763536,0.03732811547875338,0.032325452767482755,1.7874834115931146,0.9617739340417111,0.3819217805409879,0.685892297202302,1.0205812494646769,1.1109625758868393,1.064052853046676,285.5258304440573
698,40698,40069,900008,6a22834,v2_nested_200x10,1,1,1,success,62,24.456110576250897,16.118030409507195,14.14884173401957,56,1,30.0,0.45,20.0,1.0,25,1,200,0.002,100,10.0,1.0,0,50,0,0.8064516129032258,0.36521546706561825,-0.39090292913752867,2.3564563689506244,0.025880402361763536,0.03732811547875338,0.032325452767482755,1.7874834115931146,0.9617739340417111,0.3819217805409879,0.685892297202302,1.0205812494646769,1.1109625758868393,1.064052853046676,286.01107155473824
699,40699,40069,900009,6a22834,v2_nested_200x10,1,1,1,success,61,19.819379172620206,23.668434552733807,4.346943247514432,56,1,30.0,0.45,20.0,1.0,25,1,200,0.002,100,10.0,1.0,4,47,0,0.7704918032786885,0.36521546706561825,-0.39090292913752867,2.3564563689506244,0.025880402361763536,0.03732811547875338,0.032325452767482755,1.7874834115931146,0.9617739340417111,0.3819217805409879,0.685892297202302,1.0205812494646769,1.1109625758868393,1.064052853046676,281.8296991937666
700,40700,40070,900000,6a22834,v2_nested_200x10,1,1,1,success,57,11.205917578907476,12.614193771802205,7.557120231377037,51,1,30.0,0.45,20.0,1.0,25,1,200,0.002,100,10.0,1.0,0,40,0,0.7017543859649122,0.3326375557314043,-0.6399716733931414,1.9534195211443341,0.02167383931903015,0.03334896363611378,0.10552933049300832,1.9874889129220161,1.3604316601215234,0.3074656164792253,0.48698287024990666,1.0635071720367102,1.0474847146096673,0.8843471868611025,289.26890176853414
701,40701,40070,900001,6a22834,v2_nested_200x10,1,1,1,success,62,18.1889273403396,22.534143451274083,5.79315764672266,54,1,30.0,0.45,20.0,1.0,25,1,200,0.002,100,10.0,1.0,0,37,0,0.5967741935483871,0.3326375557314043,-0.6399716733931414,1.9534195211443341,0.02167383931903015,0.03334896363611378,0.10552933049300832,1.9874889129220161,1.3604316601215234,0.3074656164792253,0.48698287024990666,1.0635071720367102,1.0474847146096673,0.8843471868611025,287.09307333752065
702,40702,40070,900002,6a22834,v2_nested_200x10,1,1,1,success,57,13.994387639353036,16.078981419322545,6.8341446687588245,52,1,30.0,0.45,20.0,1.0,25,1,200,0.002,100,10.0,1.0,0,37,0,0.6491228070175439,0.3326375557314043,-0.6399716733931414,1.9534195211443341,0.02167383931903015,0.03334896363611378,0.10552933049300832,1.9874889129220161,1.3604316601215234,0.3074656164792253,0.48698287024990666,1.0635071720367102,1.0474847146096673,0.8843471868611025,288.6945657923851
703,40703,40070,900003,6a22834,v2_nested_200x10,1,1,1,success,57,4.401790584891606,15.236488657640338,1.2549326901392068,51,1,30.0,0.45,20.0,1.0,25,1,200,0.002,100,10.0,1.0,0,42,0,0.7368421052631579,0.3326375557314043,-0.6399716733931414,1.9534195211443341,0.02167383931903015,0.03334896363611378,0.10552933049300832,1.9874889129220161,1.3604316601215234,0.3074656164792253,0.48698287024990666,1.0635071720367102,1.0474847146096673,0.8843471868611025,289.54291879837314
704,40704,40070,900004,6a22834,v2_nested_200x10,1,1,1,success,60,12.576253832066222,25.300268243540664,13.271311814082342,53,1,30.0,0.45,20.0,1.0,25,1,200,0.002,100,10.0,1.0,0,39,0,0.65,0.3326375557314043,-0.6399716733931414,1.9534195211443341,0.02167383931903015,0.03334896363611378,0.10552933049300832,1.9874889129220161,1.3604316601215234,0.3074656164792253,0.48698287024990666,1.0635071720367102,1.0474847146096673,0.8843471868611025,287.263716379658
705,40705,40070,900005,6a22834,v2_nested_200x10,1,1,1,success,62,11.442572397538358,11.413832077636437,2.279121037426287,54,1,30.0,0.45,20.0,1.0,25,1,200,0.002,100,10.0,1.0,0,37,0,0.5967741935483871,0.3326375557314043,-0.6399716733931414,1.9534195211443341,0.02167383931903015,0.03334896363611378,0.10552933049300832,1.9874889129220161,1.3604316601215234,0.3074656164792253,0.48698287024990666,1.0635071720367102,1.0474847146096673,0.8843471868611025,288.0710678304627
706,40706,40070,900006,6a22834,v2_nested_200x10,1,1,1,success,79,10.881617773553492,18.969438530912086,3.6271214215832916,53,1,30.0,0.45,20.0,1.0,25,1,200,0.002,100,10.0,1.0,0,62,0,0.7848101265822784,0.3326375557314043,-0.6399716733931414,1.9534195211443341,0.02167383931903015,0.03334896363611378,0.10552933049300832,1.9874889129220161,1.3604316601215234,0.3074656164792253,0.48698287024990666,1.0635071720367102,1.0474847146096673,0.8843471868611025,288.616543044114
707,40707,40070,900007,6a22834,v2_nested_200x10,1,1,1,success,61,10.628581345644816,14.698308991415109,5.372095239990958,53,1,30.0,0.45,20.0,1.0,25,1,200,0.002,100,10.0,1.0,0,43,0,0.7049180327868853,0.3326375557314043,-0.6399716733931414,1.9534195211443341,0.02167383931903015,0.03334896363611378,0.10552933049300832,1.9874889129220161,1.3604316601215234,0.3074656164792253,0.48698287024990666,1.0635071720367102,1.0474847146096673,0.8843471868611025,287.11128729423893
708,40708,40070,900008,6a22834,v2_nested_200x10,1,1,1,success,60,9.545414938019215,27.854293234868884,20.31535703476493,52,1,30.0,0.45,20.0,1.0,25,1,200,0.002,100,10.0,1.0,0,45,0,0.75,0.3326375557314043,-0.6399716733931414,1.9534195211443341,0.02167383931903015,0.03334896363611378,0.10552933049300832,1.9874889129220161,1.3604316601215234,0.3074656164792253,0.48698287024990666,1.0635071720367102,1.0474847146096673,0.8843471868611025,289.27480024802225
709,40709,40070,900009,6a22834,v2_nested_200x10,1,1,1,success,56,11.093693829315715,14.818343361822565,2.965394198699681,50,1,30.0,0.45,20.0,1.0,25,1,200,0.002,100,10.0,1.0,0,45,0,0.8035714285714286,0.3326375557314043,-0.6399716733931414,1.9534195211443341,0.02167383931903015,0.03334896363611378,0.10552933049300832,1.9874889129220161,1.3604316601215234,0.3074656164792253,0.48698287024990666,1.0635071720367102,1.0474847146096673,0.8843471868611025,289.21028230428925
710,40710,40071,900000,6a22834,v2_nested_200x10,1,1,1,success,66,20.432360276551044,11.264320762742809,8.141548544737333,56,1,30.0,0.45,20.0,1.0,25,1,200,0.002,100,10.0,1.0,0,52,0,0.7878787878787878,0.387556309855272,-0.18586464342855724,-1.071171341885898,0.020749941498690364,0.03703761543216436,0.0768701662005135,0.8602958439608184,1.071130285975804,0.35006400581729646,0.6062583100908339,1.0732696129004882,1.0014868871823877,0.9436328091382117,280.52663033092176
711,40711,40071,900001,6a22834,v2_nested_200x10,1,1,1,success,63,12.740016736803767,17.458745348726328,8.949963857111094,52,1,30.0,0.45,20.0,1.0,25,1,200,0.002,100,10.0,1.0,0,55,0,0.873015873015873,0.387556309855272,-0.18586464342855724,-1.071171341885898,0.020749941498690364,0.03703761543216436,0.0768701662005135,0.8602958439608184,1.071130285975804,0.35006400581729646,0.6062583100908339,1.0732696129004882,1.0014868871823877,0.9436328091382117,283.11499331015466
712,40712,40071,900002,6a22834,v2_nested_200x10,1,1,1,success,66,1.8985092292702002,18.433372833374804,15.315022158657072,58,1,30.0,0.45,20.0,1.0,25,1,200,0.002,100,10.0,1.0,0,54,0,0.8181818181818182,0.387556309855272,-0.18586464342855724,-1.071171341885898,0.020749941498690364,0.03703761543216436,0.0768701662005135,0.8602958439608184,1.071130285975804,0.35006400581729646,0.6062583100908339,1.0732696129004882,1.0014868871823877,0.9436328091382117,284.88506847621727
713,40713,40071,900003,6a22834,v2_nested_200x10,1,1,1,success,59,32.49299574498725,25.303184207335224,13.258242824584224,51,1,30.0,0.45,20.0,1.0,25,1,200,0.002,100,10.0,1.0,0,50,0,0.847457627118644,0.387556309855272,-0.18586464342855724,-1.071171341885898,0.020749941498690364,0.03703761543216436,0.0768701662005135,0.8602958439608184,1.071130285975804,0.35006400581729646,0.6062583100908339,1.0732696129004882,1.0014868871823877,0.9436328091382117,281.66580170267906
714,40714,40071,900004,6a22834,v2_nested_200x10,1,1,1,success,66,14.02016666353681,9.774829705250793,0.7817961390362663,62,1,30.0,0.45,20.0,1.0,25,1,200,0.002,100,10.0,1.0,0,52,0,0.7878787878787878,0.387556309855272,-0.18586464342855724,-1.071171341885898,0.020749941498690364,0.03703761543216436,0.0768701662005135,0.8602958439608184,1.071130285975804,0.35006400581729646,0.6062583100908339,1.0732696129004882,1.0014868871823877,0.9436328091382117,281.02613271905483
715,40715,40071,900005,6a22834,v2_nested_200x10,1,1,1,success,60,14.80842286197527,9.045109510384668,0.6720910370945683,55,1,30.0,0.45,20.0,1.0,25,1,200,0.002,100,10.0,1.0,0,51,0,0.85,0.387556309855272,-0.18586464342855724,-1.071171341885898,0.020749941498690364,0.03703761543216436,0.0768701662005135,0.8602958439608184,1.071130285975804,0.35006400581729646,0.6062583100908339,1.0732696129004882,1.0014868871823877,0.9436328091382117,284.0194775415986
716,40716,40071,900006,6a22834,v2_nested_200x10,1,1,1,success,57,11.70284169253174,14.891894915311834,11.639372588994359,52,1,30.0,0.45,20.0,1.0,25,1,200,0.002,100,10.0,1.0,0,44,0,0.7719298245614035,0.387556309855272,-0.18586464342855724,-1.071171341885898,0.020749941498690364,0.03703761543216436,0.0768701662005135,0.8602958439608184,1.071130285975804,0.35006400581729646,0.6062583100908339,1.0732696129004882,1.0014868871823877,0.9436328091382117,282.8107308291655
717,40717,40071,900007,6a22834,v2_nested_200x10,1,1,1,success,56,12.23607818359894,21.605311982446416,11.673493589896497,49,1,30.0,0.45,20.0,1.0,25,1,200,0.002,100,10.0,1.0,0,40,0,0.7142857142857143,0.387556309855272,-0.18586464342855724,-1.071171341885898,0.020749941498690364,0.03703761543216436,0.0768701662005135,0.8602958439608184,1.071130285975804,0.35006400581729646,0.6062583100908339,1.0732696129004882,1.0014868871823877,0.9436328091382117,281.154146737822
718,40718,40071,900008,6a22834,v2_nested_200x10,1,1,1,success,55,30.615504340669126,25.079596931172215,12.890217317242358,49,1,30.0,0.45,20.0,1.0,25,1,200,0.002,100,10.0,1.0,0,44,0,0.8,0.387556309855272,-0.18586464342855724,-1.071171341885898,0.020749941498690364,0.03703761543216436,0.0768701662005135,0.8602958439608184,1.071130285975804,0.35006400581729646,0.6062583100908339,1.0732696129004882,1.0014868871823877,0.9436328091382117,267.63620640538306
719,40719,40071,900009,6a22834,v2_nested_200x10,1,1,1,success,56,15.704057168525813,25.83807100602882,13.235099133910175,49,1,30.0,0.45,20.0,1.0,25,1,200,0.002,100,10.0,1.0,1,49,0,0.875,0.387556309855272,-0.18586464342855724,-1.071171341885898,0.020749941498690364,0.03703761543216436,0.0768701662005135,0.8602958439608184,1.071130285975804,0.35006400581729646,0.6062583100908339,1.0732696129004882,1.0014868871823877,0.9436328091382117,268.3051512467357
720,40720,40072,900000,6a22834,v2_nested_200x10,1,1,1,success,60,8.756391190361617,15.677606304943918,6.794789677996151,51,1,30.0,0.45,20.0,1.0,25,1,200,0.002,100,10.0,1.0,0,42,0,0.7,0.3680966680823581,-0.47670467345845713,-1.0522932543567087,0.02051437675298396,0.03291874240855271,0.10041309072895638,1.729306115577454,0.9872099849363988,0.31685123722416325,0.43505705921371485,0.9193972267308406,1.0199277559481374,1.072538962766001,289.4488751393114
721,40721,40072,900001,6a22834,v2_nested_200x10,1,1,1,success,59,7.342338847747802,13.360253579749008,5.839629643696217,54,1,30.0,0.45,20.0,1.0,25,1,200,0.002,100,10.0,1.0,0,44,0,0.7457627118644068,0.3680966680823581,-0.47670467345845713,-1.0522932543567087,0.02051437675298396,0.03291874240855271,0.10041309072895638,1.729306115577454,0.9872099849363988,0.31685123722416325,0.43505705921371485,0.9193972267308406,1.0199277559481374,1.072538962766001,289.02548086868694
722,40722,40072,900002,6a22834,v2_nested_200x10,1,1,1,success,59,13.57081338464763,22.272859440119866,10.684092245023441,51,1,30.0,0.45,20.0,1.0,25,1,200,0.002,100,10.0,1.0,0,40,0,0.6779661016949152,0.3680966680823581,-0.47670467345845713,-1.0522932543567087,0.02051437675298396,0.03291874240855271,0.10041309072895638,1.729306115577454,0.9872099849363988,0.31685123722416325,0.43505705921371485,0.9193972267308406,1.0199277559481374,1.072538962766001,289.57081805552025
723,40723,40072,900003,6a22834,v2_nested_200x10,1,1,1,success,59,8.528591158216566,17.442306406493294,16.778356135662968,51,1,30.0,0.45,20.0,1.0,25,1,200,0.002,100,10.0,1.0,0,46,0,0.7796610169491526,0.3680966680823581,-0.47670467345845713,-1.0522932543567087,0.02051437675298396,0.03291874240855271,0.10041309072895638,1.729306115577454,0.9872099849363988,0.31685123722416325,0.43505705921371485,0.9193972267308406,1.0199277559481374,1.072538962766001,288.6272054279595
724,40724,40072,900004,6a22834,v2_nested_200x10,1,1,1,success,60,15.687574832027488,18.12642242025884,6.5295705293712825,52,1,30.0,0.45,20.0,1.0,25,1,200,0.002,100,10.0,1.0,0,40,0,0.6666666666666666,0.3680966680823581,-0.47670467345845713,-1.0522932543567087,0.02051437675298396,0.03291874240855271,0.10041309072895638,1.729306115577454,0.9872099849363988,0.31685123722416325,0.43505705921371485,0.9193972267308406,1.0199277559481374,1.072538962766001,287.2493054296982
725,40725,40072,900005,6a22834,v2_nested_200x10,1,1,1,success,60,5.514150152661178,13.516952054563735,15.93929531966342,50,1,30.0,0.45,20.0,1.0,25,1,200,0.002,100,10.0,1.0,0,41,0,0.6833333333333333,0.3680966680823581,-0.47670467345845713,-1.0522932543567087,0.02051437675298396,0.03291874240855271,0.10041309072895638,1.729306115577454,0.9872099849363988,0.31685123722416325,0.43505705921371485,0.9193972267308406,1.0199277559481374,1.072538962766001,289.3154626585656
726,40726,40072,900006,6a22834,v2_nested_200x10,1,1,1,success,60,3.1381117936314347,5.187478561120479,4.825042503540291,53,1,30.0,0.45,20.0,1.0,25,1,200,0.002,100,10.0,1.0,0,48,0,0.8,0.3680966680823581,-0.47670467345845713,-1.0522932543567087,0.02051437675298396,0.03291874240855271,0.10041309072895638,1.729306115577454,0.9872099849363988,0.31685123722416325,0.43505705921371485,0.9193972267308406,1.0199277559481374,1.072538962766001,288.60488582955986
727,40727,40072,900007,6a22834,v2_nested_200x10,1,1,1,success,58,5.546405529790336,9.32740746299413,7.325006794401868,52,1,30.0,0.45,20.0,1.0,25,1,200,0.002,100,10.0,1.0,0,43,0,0.7413793103448276,0.3680966680823581,-0.47670467345845713,-1.0522932543567087,0.02051437675298396,0.03291874240855271,0.10041309072895638,1.729306115577454,0.9872099849363988,0.31685123722416325,0.43505705921371485,0.9193972267308406,1.0199277559481374,1.072538962766001,289.4487524625648
728,40728,40072,900008,6a22834,v2_nested_200x10,1,1,1,success,61,17.914743410035314,21.27390650125186,4.283656426892298,52,1,30.0,0.45,20.0,1.0,25,1,200,0.002,100,10.0,1.0,0,47,0,0.7704918032786885,0.3680966680823581,-0.47670467345845713,-1.0522932543567087,0.02051437675298396,0.03291874240855271,0.10041309072895638,1.729306115577454,0.9872099849363988,0.31685123722416325,0.43505705921371485,0.9193972267308406,1.0199277559481374,1.072538962766001,289.13431754040954
729,40729,40072,900009,6a22834,v2_nested_200x10,1,1,1,success,58,3.6931546788031646,27.51651573499841,20.713965754924807,50,1,30.0,0.45,20.0,1.0,25,1,200,0.002,100,10.0,1.0,0,35,0,0.603448275862069,0.3680966680823581,-0.47670467345845713,-1.0522932543567087,0.02051437675298396,0.03291874240855271,0.10041309072895638,1.729306115577454,0.9872099849363988,0.31685123722416325,0.43505705921371485,0.9193972267308406,1.0199277559481374,1.072538962766001,289.0123172707784
730,40730,40073,900000,6a22834,v2_nested_200x10,1,1,1,success,57,12.633549929284742,15.900078151135766,6.859748879443625,52,1,30.0,0.45,20.0,1.0,25,1,200,0.002,100,10.0,1.0,0,49,0,0.8596491228070176,0.366948322748079,-0.3844424310320842,-0.4514475020047297,0.024755097214787716,0.032726949701221954,0.11205885784159968,1.1365155286400364,0.6733724406283775,0.3492016358784184,0.4916306019251709,1.0509266716618124,1.0209117727788455,0.9565205129482688,288.0436294471063
731,40731,40073,900001,6a22834,v2_nested_200x10,1,1,1,success,59,12.861438231769132,16.15863643035267,2.989557963709347,52,1,30.0,0.45,20.0,1.0,25,1,200,0.002,100,10.0,1.0,0,51,0,0.864406779661017,0.366948322748079,-0.3844424310320842,-0.4514475020047297,0.024755097214787716,0.032726949701221954,0.11205885784159968,1.1365155286400364,0.6733724406283775,0.3492016358784184,0.4916306019251709,1.0509266716618124,1.0209117727788455,0.9565205129482688,286.9631113873855
732,40732,40073,900002,6a22834,v2_nested_200x10,1,1,1,success,90,8.522840856422013,13.151638864105141,7.997453832585003,49,1,30.0,0.45,20.0,1.0,25,1,200,0.002,100,10.0,1.0,0,86,0,0.9555555555555556,0.366948322748079,-0.3844424310320842,-0.4514475020047297,0.024755097214787716,0.032726949701221954,0.11205885784159968,1.1365155286400364,0.6733724406283775,0.3492016358784184,0.4916306019251709,1.0509266716618124,1.0209117727788455,0.9565205129482688,284.4864364167538
733,40733,40073,900003,6a22834,v2_nested_200x10,1,1,1,success,56,22.15912368941936,25.328566929648012,14.124315372070102,49,1,30.0,0.45,20.0,1.0,25,1,200,0.002,100,10.0,1.0,0,47,0,0.8392857142857143,0.366948322748079,-0.3844424310320842,-0.4514475020047297,0.024755097214787716,0.032726949701221954,0.11205885784159968,1.1365155286400364,0.6733724406283775,0.3492016358784184,0.4916306019251709,1.0509266716618124,1.0209117727788455,0.9565205129482688,286.3861628488444
734,40734,40073,900004,6a22834,v2_nested_200x10,1,1,1,success,55,12.648292263379068,11.06061578991113,11.535254209577742,50,1,30.0,0.45,20.0,1.0,25,1,200,0.002,100,10.0,1.0,0,46,0,0.8363636363636363,0.366948322748079,-0.3844424310320842,-0.4514475020047297,0.024755097214787716,0.032726949701221954,0.11205885784159968,1.1365155286400364,0.6733724406283775,0.3492016358784184,0.4916306019251709,1.0509266716618124,1.0209117727788455,0.9565205129482688,285.6870484450217
735,40735,40073,900005,6a22834,v2_nested_200x10,1,1,1,success,56,14.77862623242948,10.013733690632463,10.800941899476921,51,1,30.0,0.45,20.0,1.0,25,1,200,0.002,100,10.0,1.0,0,47,0,0.8392857142857143,0.366948322748079,-0.3844424310320842,-0.4514475020047297,0.024755097214787716,0.032726949701221954,0.11205885784159968,1.1365155286400364,0.6733724406283775,0.3492016358784184,0.4916306019251709,1.0509266716618124,1.0209117727788455,0.9565205129482688,286.7644386724808
736,40736,40073,900006,6a22834,v2_nested_200x10,1,1,1,success,57,7.212455791340955,13.095510522849445,9.381852465522334,51,1,30.0,0.45,20.0,1.0,25,1,200,0.002,100,10.0,1.0,0,41,0,0.7192982456140351,0.366948322748079,-0.3844424310320842,-0.4514475020047297,0.024755097214787716,0.032726949701221954,0.11205885784159968,1.1365155286400364,0.6733724406283775,0.3492016358784184,0.4916306019251709,1.0509266716618124,1.0209117727788455,0.9565205129482688,285.65714662455343
737,40737,40073,900007,6a22834,v2_nested_200x10,1,1,1,success,57,12.710063403641934,14.548062969650397,4.301247104140763,51,1,30.0,0.45,20.0,1.0,25,1,200,0.002,100,10.0,1.0,0,49,0,0.8596491228070176,0.366948322748079,-0.3844424310320842,-0.4514475020047297,0.024755097214787716,0.032726949701221954,0.11205885784159968,1.1365155286400364,0.6733724406283775,0.3492016358784184,0.4916306019251709,1.0509266716618124,1.0209117727788455,0.9565205129482688,286.7329049273496
738,40738,40073,900008,6a22834,v2_nested_200x10,1,1,1,success,85,17.882811730241734,15.50536266474074,9.859601849649154,48,1,30.0,0.45,20.0,1.0,25,1,200,0.002,100,10.0,1.0,0,71,0,0.8352941176470589,0.366948322748079,-0.3844424310320842,-0.4514475020047297,0.024755097214787716,0.032726949701221954,0.11205885784159968,1.1365155286400364,0.6733724406283775,0.3492016358784184,0.4916306019251709,1.0509266716618124,1.0209117727788455,0.9565205129482688,279.79085125261213
739,40739,40073,900009,6a22834,v2_nested_200x10,1,1,1,success,56,13.784762961390182,10.510290850836979,8.098907079201588,51,1,30.0,0.45,20.0,1.0,25,1,200,0.002,100,10.0,1.0,0,49,0,0.875,0.366948322748079,-0.3844424310320842,-0.4514475020047297,0.024755097214787716,0.032726949701221954,0.11205885784159968,1.1365155286400364,0.6733724406283775,0.3492016358784184,0.4916306019251709,1.0509266716618124,1.0209117727788455,0.9565205129482688,286.4679605703241
740,40740,40074,900000,6a22834,v2_nested_200x10,1,1,1,success,47,1.9529725937915061,5.038701804270728,13.307640132652171,41,1,30.0,0.45,20.0,1.0,25,1,200,0.002,100,10.0,1.0,0,32,0,0.6808510638297872,0.3436800613155816,-0.24128988985101518,2.9225492188473234,0.02410397915762183,0.03196013763157255,0.09674631183330998,1.8508587238833698,1.0577894052033323,0.31746432289708815,0.3398160874790556,1.0182629889463364,1.0048784848199082,0.7742294880416714,281.881607159332
741,40741,40074,900001,6a22834,v2_nested_200x10,1,1,1,success,46,10.95707133925968,3.2637887179990663,9.796886959341304,41,1,30.0,0.45,20.0,1.0,25,1,200,0.002,100,10.0,1.0,0,38,0,0.8260869565217391,0.3436800613155816,-0.24128988985101518,2.9225492188473234,0.02410397915762183,0.03196013763157255,0.09674631183330998,1.8508587238833698,1.0577894052033323,0.31746432289708815,0.3398160874790556,1.0182629889463364,1.0048784848199082,0.7742294880416714,279.2808316852255
742,40742,40074,900002,6a22834,v2_nested_200x10,1,1,1,success,58,14.661292788093826,11.502326005587639,1.7179882337449277,45,1,30.0,0.45,20.0,1.0,25,1,200,0.002,100,10.0,1.0,0,46,0,0.7931034482758621,0.3436800613155816,-0.24128988985101518,2.9225492188473234,0.02410397915762183,0.03196013763157255,0.09674631183330998,1.8508587238833698,1.0577894052033323,0.31746432289708815,0.3398160874790556,1.0182629889463364,1.0048784848199082,0.7742294880416714,278.3962906081832
743,40743,40074,900003,6a22834,v2_nested_200x10,1,1,1,success,49,1.7291014925343622,9.662655037365408,2.7920404370699856,42,1,30.0,0.45,20.0,1.0,25,1,200,0.002,100,10.0,1.0,0,36,0,0.7346938775510204,0.3436800613155816,-0.24128988985101518,2.9225492188473234,0.02410397915762183,0.03196013763157255,0.09674631183330998,1.8508587238833698,1.0577894052033323,0.31746432289708815,0.3398160874790556,1.0182629889463364,1.0048784848199082,0.7742294880416714,281.53846732957015
744,40744,40074,900004,6a22834,v2_nested_200x10,1,1,1,success,50,17.885811615072363,13.646502003085605,6.718569975214941,41,1,30.0,0.45,20.0,1.0,25,1,200,0.002,100,10.0,1.0,0,39,0,0.78,0.3436800613155816,-0.24128988985101518,2.9225492188473234,0.02410397915762183,0.03196013763157255,0.09674631183330998,1.8508587238833698,1.0577894052033323,0.31746432289708815,0.3398160874790556,1.0182629889463364,1.0048784848199082,0.7742294880416714,278.57317988416867
745,40745,40074,900005,6a22834,v2_nested_200x10,1,1,1,success,48,15.995188794373256,8.24215031264589,10.608452733997524,40,1,30.0,0.45,20.0,1.0,25,1,200,0.002,100,10.0,1.0,0,41,0,0.8541666666666666,0.3436800613155816,-0.24128988985101518,2.9225492188473234,0.02410397915762183,0.03196013763157255,0.09674631183330998,1.8508587238833698,1.0577894052033323,0.31746432289708815,0.3398160874790556,1.0182629889463364,1.0048784848199082,0.7742294880416714,281.16220882045747
746,40746,40074,900006,6a22834,v2_nested_200x10,1,1,1,success,47,12.254188831879349,14.10614000860096,1.9604215974477683,43,1,30.0,0.45,20.0,1.0,25,1,200,0.002,100,10.0,1.0,0,37,0,0.7872340425531915,0.3436800613155816,-0.24128988985101518,2.9225492188473234,0.02410397915762183,0.03196013763157255,0.09674631183330998,1.8508587238833698,1.0577894052033323,0.31746432289708815,0.3398160874790556,1.0182629889463364,1.0048784848199082,0.7742294880416714,279.46700328590583
747,40747,40074,900007,6a22834,v2_nested_200x10,1,1,1,success,47,2.7267262792430467,9.738092424709505,3.9284010925705517,43,1,30.0,0.45,20.0,1.0,25,1,200,0.002,100,10.0,1.0,0,32,0,0.6808510638297872,0.3436800613155816,-0.24128988985101518,2.9225492188473234,0.02410397915762183,0.03196013763157255,0.09674631183330998,1.8508587238833698,1.0577894052033323,0.31746432289708815,0.3398160874790556,1.0182629889463364,1.0048784848199082,0.7742294880416714,280.8125225983679
748,40748,40074,900008,6a22834,v2_nested_200x10,1,1,1,success,46,9.342786133137045,3.06941131966839,6.52608943499704,40,1,30.0,0.45,20.0,1.0,25,1,200,0.002,100,10.0,1.0,0,33,0,0.717391304347826,0.3436800613155816,-0.24128988985101518,2.9225492188473234,0.02410397915762183,0.03196013763157255,0.09674631183330998,1.8508587238833698,1.0577894052033323,0.31746432289708815,0.3398160874790556,1.0182629889463364,1.0048784848199082,0.7742294880416714,280.8453032036349
749,40749,40074,900009,6a22834,v2_nested_200x10,1,1,1,success,46,4.819568917291324,6.402576133237547,4.339862898872309,42,1,30.0,0.45,20.0,1.0,25,1,200,0.002,100,10.0,1.0,0,37,0,0.8043478260869565,0.3436800613155816,-0.24128988985101518,2.9225492188473234,0.02410397915762183,0.03196013763157255,0.09674631183330998,1.8508587238833698,1.0577894052033323,0.31746432289708815,0.3398160874790556,1.0182629889463364,1.0048784848199082,0.7742294880416714,280.2746321549306
750,40750,40075,900000,6a22834,v2_nested_200x10,1,1,1,success,68,20.503670885877096,23.281424504234092,3.6747300803790175,63,1,30.0,0.45,20.0,1.0,25,1,200,0.002,100,10.0,1.0,0,57,0,0.8382352941176471,0.3676940705643397,-0.5514464619122995,1.936695381982135,0.020596764284158967,0.03001663695299163,0.10441425303320989,1.0021975317691763,0.8903324807674522,0.34841082516686767,0.6631233516870656,0.994071656372469,1.0485312194865186,1.056921024433187,293.3660243601515
751,40751,40075,900001,6a22834,v2_nested_200x10,1,1,1,success,74,16.22528507864891,18.34061813744234,4.729218312001238,66,1,30.0,0.45,20.0,1.0,25,1,200,0.002,100,10.0,1.0,0,59,0,0.7972972972972973,0.3676940705643397,-0.5514464619122995,1.936695381982135,0.020596764284158967,0.03001663695299163,0.10441425303320989,1.0021975317691763,0.8903324807674522,0.34841082516686767,0.6631233516870656,0.994071656372469,1.0485312194865186,1.056921024433187,293.12300406038815
752,40752,40075,900002,6a22834,v2_nested_200x10,1,1,1,success,69,18.046500235972008,26.763647875021835,6.785477789090307,62,1,30.0,0.45,20.0,1.0,25,1,200,0.002,100,10.0,1.0,0,49,0,0.7101449275362319,0.3676940705643397,-0.5514464619122995,1.936695381982135,0.020596764284158967,0.03001663695299163,0.10441425303320989,1.0021975317691763,0.8903324807674522,0.34841082516686767,0.6631233516870656,0.994071656372469,1.0485312194865186,1.056921024433187,293.3326227162751
753,40753,40075,900003,6a22834,v2_nested_200x10,1,1,1,success,70,19.475273895826522,34.631369151424785,9.046685756264372,62,1,30.0,0.45,20.0,1.0,25,1,200,0.002,100,10.0,1.0,0,51,0,0.7285714285714285,0.3676940705643397,-0.5514464619122995,1.936695381982135,0.020596764284158967,0.03001663695299163,0.10441425303320989,1.0021975317691763,0.8903324807674522,0.34841082516686767,0.6631233516870656,0.994071656372469,1.0485312194865186,1.056921024433187,292.91531713527877
754,40754,40075,900004,6a22834,v2_nested_200x10,1,1,1,success,71,25.032139755103465,24.45288709667423,14.623794060501663,63,1,30.0,0.45,20.0,1.0,25,1,200,0.002,100,10.0,1.0,0,53,0,0.7464788732394366,0.3676940705643397,-0.5514464619122995,1.936695381982135,0.020596764284158967,0.03001663695299163,0.10441425303320989,1.0021975317691763,0.8903324807674522,0.34841082516686767,0.6631233516870656,0.994071656372469,1.0485312194865186,1.056921024433187,291.85566328262416
755,40755,40075,900005,6a22834,v2_nested_200x10,1,1,1,success,70,18.548777065137593,30.432691079729228,10.185862416736729,63,1,30.0,0.45,20.0,1.0,25,1,200,0.002,100,10.0,1.0,0,54,0,0.7714285714285715,0.3676940705643397,-0.5514464619122995,1.936695381982135,0.020596764284158967,0.03001663695299163,0.10441425303320989,1.0021975317691763,0.8903324807674522,0.34841082516686767,0.6631233516870656,0.994071656372469,1.0485312194865186,1.056921024433187,292.94832913527756
756,40756,40075,900006,6a22834,v2_nested_200x10,1,1,1,success,72,16.248463141868,26.882224852172527,4.759638599831209,65,1,30.0,0.45,20.0,1.0,25,1,200,0.002,100,10.0,1.0,0,54,0,0.75,0.3676940705643397,-0.5514464619122995,1.936695381982135,0.020596764284158967,0.03001663695299163,0.10441425303320989,1.0021975317691763,0.8903324807674522,0.34841082516686767,0.6631233516870656,0.994071656372469,1.0485312194865186,1.056921024433187,293.4660785037875
757,40757,40075,900007,6a22834,v2_nested_200x10,1,1,1,success,71,19.192081659426037,22.285905616225985,9.224407524125139,63,1,30.0,0.45,20.0,1.0,25,1,200,0.002,100,10.0,1.0,0,52,0,0.7323943661971831,0.3676940705643397,-0.5514464619122995,1.936695381982135,0.020596764284158967,0.03001663695299163,0.10441425303320989,1.0021975317691763,0.8903324807674522,0.34841082516686767,0.6631233516870656,0.994071656372469,1.0485312194865186,1.056921024433187,293.35599651492106
758,40758,40075,900008,6a22834,v2_nested_200x10,1,1,1,success,67,10.392462273692262,28.718172199601508,11.708672357494024,62,1,30.0,0.45,20.0,1.0,25,1,200,0.002,100,10.0,1.0,0,50,0,0.746268656716418,0.3676940705643397,-0.5514464619122995,1.936695381982135,0.020596764284158967,0.03001663695299163,0.10441425303320989,1.0021975317691763,0.8903324807674522,0.34841082516686767,0.6631233516870656,0.994071656372469,1.0485312194865186,1.056921024433187,294.37474000958576
759,40759,40075,900009,6a22834,v2_nested_200x10,1,1,1,success,73,18.73589358872448,20.081795008981402,5.621198641285002,64,1,30.0,0.45,20.0,1.0,25,1,200,0.002,100,10.0,1.0,0,56,0,0.7671232876712328,0.3676940705643397,-0.5514464619122995,1.936695381982135,0.020596764284158967,0.03001663695299163,0.10441425303320989,1.0021975317691763,0.8903324807674522,0.34841082516686767,0.6631233516870656,0.994071656372469,1.0485312194865186,1.056921024433187,292.23887377160787
760,40760,40076,900000,6a22834,v2_nested_200x10,1,1,1,success,60,3.0190087127679894,17.997667990434604,14.576323889936578,55,1,30.0,0.45,20.0,1.0,25,1,200,0.002,100,10.0,1.0,0,47,0,0.7833333333333333,0.3470344503008342,-0.6379029501819151,-0.7051838062864388,0.02103360913237306,0.03596068889270945,0.11643815178471051,1.3190351211834188,0.9708490688712068,0.34602288783348456,0.4130444562534581,1.0699813884225178,1.027896393641101,1.0580931817187604,289.897709592474
761,40761,40076,900001,6a22834,v2_nested_200x10,1,1,1,success,67,9.753961613141847,14.469725605414128,6.347860309534873,57,1,30.0,0.45,20.0,1.0,25,1,200,0.002,100,10.0,1.0,0,56,0,0.835820895522388,0.3470344503008342,-0.6379029501819151,-0.7051838062864388,0.02103360913237306,0.03596068889270945,0.11643815178471051,1.3190351211834188,0.9708490688712068,0.34602288783348456,0.4130444562534581,1.0699813884225178,1.027896393641101,1.0580931817187604,287.4257966320747
762,40762,40076,900002,6a22834,v2_nested_200x10,1,1,1,success,59,11.822078215298854,23.64837898464215,7.622264864824132,52,1,30.0,0.45,20.0,1.0,25,1,200,0.002,100,10.0,1.0,0,48,0,0.8135593220338984,0.3470344503008342,-0.6379029501819151,-0.7051838062864388,0.02103360913237306,0.03596068889270945,0.11643815178471051,1.3190351211834188,0.9708490688712068,0.34602288783348456,0.4130444562534581,1.0699813884225178,1.027896393641101,1.0580931817187604,290.54326475372295
763,40763,40076,900003,6a22834,v2_nested_200x10,1,1,1,success,63,15.680322185793253,17.242709081657104,8.56940980903665,56,1,30.0,0.45,20.0,1.0,25,1,200,0.002,100,10.0,1.0,0,52,0,0.8253968253968254,0.3470344503008342,-0.6379029501819151,-0.7051838062864388,0.02103360913237306,0.03596068889270945,0.11643815178471051,1.3190351211834188,0.9708490688712068,0.34602288783348456,0.4130444562534581,1.0699813884225178,1.027896393641101,1.0580931817187604,286.67707793420857
764,40764,40076,900004,6a22834,v2_nested_200x10,1,1,1,success,62,16.2779630215728,30.069342768791707,16.586691574999474,52,1,30.0,0.45,20.0,1.0,25,1,200,0.002,100,10.0,1.0,0,52,0,0.8387096774193549,0.3470344503008342,-0.6379029501819151,-0.7051838062864388,0.02103360913237306,0.03596068889270945,0.11643815178471051,1.3190351211834188,0.9708490688712068,0.34602288783348456,0.4130444562534581,1.0699813884225178,1.027896393641101,1.0580931817187604,286.27995437878985
765,40765,40076,900005,6a22834,v2_nested_200x10,1,1,1,success,63,26.185983652419335,22.521790468319956,15.29839535996379,54,1,30.0,0.45,20.0,1.0,25,1,200,0.002,100,10.0,1.0,0,56,0,0.8888888888888888,0.3470344503008342,-0.6379029501819151,-0.7051838062864388,0.02103360913237306,0.03596068889270945,0.11643815178471051,1.3190351211834188,0.9708490688712068,0.34602288783348456,0.4130444562534581,1.0699813884225178,1.027896393641101,1.0580931817187604,288.92836904174294
766,40766,40076,900006,6a22834,v2_nested_200x10,1,1,1,success,65,11.24207124158475,22.335531048392514,6.668270408986265,56,1,30.0,0.45,20.0,1.0,25,1,200,0.002,100,10.0,1.0,0,55,0,0.8461538461538461,0.3470344503008342,-0.6379029501819151,-0.7051838062864388,0.02103360913237306,0.03596068889270945,0.11643815178471051,1.3190351211834188,0.9708490688712068,0.34602288783348456,0.4130444562534581,1.0699813884225178,1.027896393641101,1.0580931817187604,290.71013605600024
767,40767,40076,900007,6a22834,v2_nested_200x10,1,1,1,success,60,8.970871081369095,17.71662860472741,5.778505176118781,54,1,30.0,0.45,20.0,1.0,25,1,200,0.002,100,10.0,1.0,0,50,0,0.8333333333333334,0.3470344503008342,-0.6379029501819151,-0.7051838062864388,0.02103360913237306,0.03596068889270945,0.11643815178471051,1.3190351211834188,0.9708490688712068,0.34602288783348456,0.4130444562534581,1.0699813884225178,1.027896393641101,1.0580931817187604,290.086860767174
768,40768,40076,900008,6a22834,v2_nested_200x10,1,1,1,success,61,25.526957277750956,26.822206882594173,20.093647329806736,52,1,30.0,0.45,20.0,1.0,25,1,200,0.002,100,10.0,1.0,0,52,0,0.8524590163934426,0.3470344503008342,-0.6379029501819151,-0.7051838062864388,0.02103360913237306,0.03596068889270945,0.11643815178471051,1.3190351211834188,0.9708490688712068,0.34602288783348456,0.4130444562534581,1.0699813884225178,1.027896393641101,1.0580931817187604,288.4705881753557
769,40769,40076,900009,6a22834,v2_nested_200x10,1,1,1,success,60,9.561260178380541,20.529519647374897,8.803957683709825,55,1,30.0,0.45,20.0,1.0,25,1,200,0.002,100,10.0,1.0,0,48,0,0.8,0.3470344503008342,-0.6379029501819151,-0.7051838062864388,0.02103360913237306,0.03596068889270945,0.11643815178471051,1.3190351211834188,0.9708490688712068,0.34602288783348456,0.4130444562534581,1.0699813884225178,1.027896393641101,1.0580931817187604,289.19591917620005
770,40770,40077,900000,6a22834,v2_nested_200x10,1,1,1,success,64,13.641806318117242,19.226915472324663,4.3679594284804,55,1,30.0,0.45,20.0,1.0,25,1,200,0.002,100,10.0,1.0,0,49,0,0.765625,0.30414691745611777,-0.6646503372463366,-0.7793411655895399,0.02349754765529114,0.031820815866380796,0.08799291659324832,1.1982763744694573,0.8346218887698007,0.3667849667243754,0.5961120684556847,1.0002254560014965,1.0241572612233862,1.0992864173967716,289.26196273477717
771,40771,40077,900001,6a22834,v2_nested_200x10,1,1,1,success,61,10.231970101977105,17.10825318997686,8.23724315620723,57,1,30.0,0.45,20.0,1.0,25,1,200,0.002,100,10.0,1.0,0,39,0,0.639344262295082,0.30414691745611777,-0.6646503372463366,-0.7793411655895399,0.02349754765529114,0.031820815866380796,0.08799291659324832,1.1982763744694573,0.8346218887698007,0.3667849667243754,0.5961120684556847,1.0002254560014965,1.0241572612233862,1.0992864173967716,288.27131811450863
772,40772,40077,900002,6a22834,v2_nested_200x10,1,1,1,success,60,11.895402700891452,8.736940758246671,2.1128475302904,57,1,30.0,0.45,20.0,1.0,25,1,200,0.002,100,10.0,1.0,0,42,0,0.7,0.30414691745611777,-0.6646503372463366,-0.7793411655895399,0.02349754765529114,0.031820815866380796,0.08799291659324832,1.1982763744694573,0.8346218887698007,0.3667849667243754,0.5961120684556847,1.0002254560014965,1.0241572612233862,1.0992864173967716,288.0583662520432
773,40773,40077,900003,6a22834,v2_nested_200x10,1,1,1,success,59,21.426363178432354,16.919056098943184,1.2381732033383885,55,1,30.0,0.45,20.0,1.0,25,1,200,0.002,100,10.0,1.0,0,39,0,0.6610169491525424,0.30414691745611777,-0.6646503372463366,-0.7793411655895399,0.02349754765529114,0.031820815866380796,0.08799291659324832,1.1982763744694573,0.8346218887698007,0.3667849667243754,0.5961120684556847,1.0002254560014965,1.0241572612233862,1.0992864173967716,286.57856391309065
774,40774,40077,900004,6a22834,v2_nested_200x10,1,1,1,success,60,17.720222277768503,11.925280825716271,2.8242608286940554,56,1,30.0,0.45,20.0,1.0,25,1,200,0.002,100,10.0,1.0,0,41,0,0.6833333333333333,0.30414691745611777,-0.6646503372463366,-0.7793411655895399,0.02349754765529114,0.031820815866380796,0.08799291659324832,1.1982763744694573,0.8346218887698007,0.3667849667243754,0.5961120684556847,1.0002254560014965,1.0241572612233862,1.0992864173967716,287.3835133922511
775,40775,40077,900005,6a22834,v2_nested_200x10,1,1,1,success,62,19.991364782951436,21.173085554260027,8.489924747453927,56,1,30.0,0.45,20.0,1.0,25,1,200,0.002,100,10.0,1.0,0,41,0,0.6612903225806451,0.30414691745611777,-0.6646503372463366,-0.7793411655895399,0.02349754765529114,0.031820815866380796,0.08799291659324832,1.1982763744694573,0.8346218887698007,0.3667849667243754,0.5961120684556847,1.0002254560014965,1.0241572612233862,1.0992864173967716,289.7710721654462
776,40776,40077,900006,6a22834,v2_nested_200x10,1,1,1,success,63,20.787695699193467,8.946225535369416,4.061819708429421,57,1,30.0,0.45,20.0,1.0,25,1,200,0.002,100,10.0,1.0,0,44,0,0.6984126984126984,0.30414691745611777,-0.6646503372463366,-0.7793411655895399,0.02349754765529114,0.031820815866380796,0.08799291659324832,1.1982763744694573,0.8346218887698007,0.3667849667243754,0.5961120684556847,1.0002254560014965,1.0241572612233862,1.0992864173967716,289.01235573827097
777,40777,40077,900007,6a22834,v2_nested_200x10,1,1,1,success,61,13.421696567888697,12.198185909259616,0.3448583611224295,58,1,30.0,0.45,20.0,1.0,25,1,200,0.002,100,10.0,1.0,0,43,0,0.7049180327868853,0.30414691745611777,-0.6646503372463366,-0.7793411655895399,0.02349754765529114,0.031820815866380796,0.08799291659324832,1.1982763744694573,0.8346218887698007,0.3667849667243754,0.5961120684556847,1.0002254560014965,1.0241572612233862,1.0992864173967716,286.72779878529553
778,40778,40077,900008,6a22834,v2_nested_200x10,1,1,1,success,59,9.939694311133502,11.418017391487663,4.276243060773935,55,1,30.0,0.45,20.0,1.0,25,1,200,0.002,100,10.0,1.0,0,46,0,0.7796610169491526,0.30414691745611777,-0.6646503372463366,-0.7793411655895399,0.02349754765529114,0.031820815866380796,0.08799291659324832,1.1982763744694573,0.8346218887698007,0.3667849667243754,0.5961120684556847,1.0002254560014965,1.0241572612233862,1.0992864173967716,287.5131066734979
779,40779,40077,900009,6a22834,v2_nested_200x10,1,1,1,success,61,18.061016002878333,18.306879050409297,7.833981927458712,56,1,30.0,0.45,20.0,1.0,25,1,200,0.002,100,10.0,1.0,0,38,0,0.6229508196721312,0.30414691745611777,-0.6646503372463366,-0.7793411655895399,0.02349754765529114,0.031820815866380796,0.08799291659324832,1.1982763744694573,0.8346218887698007,0.3667849667243754,0.5961120684556847,1.0002254560014965,1.0241572612233862,1.0992864173967716,287.27748225658354
780,40780,40078,900000,6a22834,v2_nested_200x10,1,1,1,success,49,16.658501966712606,17.20329563814941,3.9349062861482467,44,1,30.0,0.45,20.0,1.0,25,1,200,0.002,100,10.0,1.0,0,39,0,0.7959183673469388,0.34892179392689693,-0.4577924781478595,-2.9193398768349614,0.025960440757755505,0.03230103456647601,0.04240816265657567,1.4703115808300398,1.3316566294359864,0.32668701337074835,0.17954959069008639,1.0413498560871315,0.9982079755653668,0.8896227215709855,285.14127616407814
781,40781,40078,900001,6a22834,v2_nested_200x10,1,1,1,success,51,24.838025801832686,14.05946264111773,7.831218118662624,45,1,30.0,0.45,20.0,1.0,25,1,200,0.002,100,10.0,1.0,0,38,0,0.7450980392156863,0.34892179392689693,-0.4577924781478595,-2.9193398768349614,0.025960440757755505,0.03230103456647601,0.04240816265657567,1.4703115808300398,1.3316566294359864,0.32668701337074835,0.17954959069008639,1.0413498560871315,0.9982079755653668,0.8896227215709855,283.2902537629785
782,40782,40078,900002,6a22834,v2_nested_200x10,1,1,1,success,48,16.73100685091546,14.501814401372355,6.825140697108926,43,1,30.0,0.45,20.0,1.0,25,1,200,0.002,100,10.0,1.0,0,39,0,0.8125,0.34892179392689693,-0.4577924781478595,-2.9193398768349614,0.025960440757755505,0.03230103456647601,0.04240816265657567,1.4703115808300398,1.3316566294359864,0.32668701337074835,0.17954959069008639,1.0413498560871315,0.9982079755653668,0.8896227215709855,284.852012039445
783,40783,40078,900003,6a22834,v2_nested_200x10,1,1,1,success,48,13.821406526641207,9.745801070394105,5.760208995526429,44,1,30.0,0.45,20.0,1.0,25,1,200,0.002,100,10.0,1.0,0,39,0,0.8125,0.34892179392689693,-0.4577924781478595,-2.9193398768349614,0.025960440757755505,0.03230103456647601,0.04240816265657567,1.4703115808300398,1.3316566294359864,0.32668701337074835,0.17954959069008639,1.0413498560871315,0.9982079755653668,0.8896227215709855,283.9351082852324
784,40784,40078,900004,6a22834,v2_nested_200x10,1,1,1,success,46,21.31891149113351,12.57016081792155,14.48593531922398,42,1,30.0,0.45,20.0,1.0,25,1,200,0.002,100,10.0,1.0,0,34,0,0.7391304347826086,0.34892179392689693,-0.4577924781478595,-2.9193398768349614,0.025960440757755505,0.03230103456647601,0.04240816265657567,1.4703115808300398,1.3316566294359864,0.32668701337074835,0.17954959069008639,1.0413498560871315,0.9982079755653668,0.8896227215709855,283.70791782600963
785,40785,40078,900005,6a22834,v2_nested_200x10,1,1,1,success,48,25.977332157610288,15.941078870177229,7.5745474396871435,44,1,30.0,0.45,20.0,1.0,25,1,200,0.002,100,10.0,1.0,0,38,0,0.7916666666666666,0.34892179392689693,-0.4577924781478595,-2.9193398768349614,0.025960440757755505,0.03230103456647601,0.04240816265657567,1.4703115808300398,1.3316566294359864,0.32668701337074835,0.17954959069008639,1.0413498560871315,0.9982079755653668,0.8896227215709855,283.4342173116448
786,40786,40078,900006,6a22834,v2_nested_200x10,1,1,1,success,49,14.471881403509757,11.422531001583115,5.568662864403431,44,1,30.0,0.45,20.0,1.0,25,1,200,0.002,100,10.0,1.0,0,38,0,0.7755102040816326,0.34892179392689693,-0.4577924781478595,-2.9193398768349614,0.025960440757755505,0.03230103456647601,0.04240816265657567,1.4703115808300398,1.3316566294359864,0.32668701337074835,0.17954959069008639,1.0413498560871315,0.9982079755653668,0.8896227215709855,284.1378070708473
787,40787,40078,900007,6a22834,v2_nested_200x10,1,1,1,success,56,26.805271078825786,15.778885268069525,6.503341939771979,51,1,30.0,0.45,20.0,1.0,25,1,200,0.002,100,10.0,1.0,0,47,0,0.8392857142857143,0.34892179392689693,-0.4577924781478595,-2.9193398768349614,0.025960440757755505,0.03230103456647601,0.04240816265657567,1.4703115808300398,1.3316566294359864,0.32668701337074835,0.17954959069008639,1.0413498560871315,0.9982079755653668,0.8896227215709855,284.90086523876255
788,40788,40078,900008,6a22834,v2_nested_200x10,1,1,1,success,49,12.878498582300859,5.162040692318969,6.388070259803907,44,1,30.0,0.45,20.0,1.0,25,1,200,0.002,100,10.0,1.0,0,39,0,0.7959183673469388,0.34892179392689693,-0.4577924781478595,-2.9193398768349614,0.025960440757755505,0.03230103456647601,0.04240816265657567,1.4703115808300398,1.3316566294359864,0.32668701337074835,0.17954959069008639,1.0413498560871315,0.9982079755653668,0.8896227215709855,285.08087185869647
789,40789,40078,900009,6a22834,v2_nested_200x10,1,1,1,success,49,10.486906687134645,7.219192549061003,6.0841526211360675,43,1,30.0,0.45,20.0,1.0,25,1,200,0.002,100,10.0,1.0,0,40,0,0.8163265306122449,0.34892179392689693,-0.4577924781478595,-2.9193398768349614,0.025960440757755505,0.03230103456647601,0.04240816265657567,1.4703115808300398,1.3316566294359864,0.32668701337074835,0.17954959069008639,1.0413498560871315,0.9982079755653668,0.8896227215709855,283.5546564085546
790,40790,40079,900000,6a22834,v2_nested_200x10,1,1,1,success,51,22.23552966679946,23.469523494056908,8.008357457786506,44,1,30.0,0.45,20.0,1.0,25,1,200,0.002,100,10.0,1.0,0,41,0,0.803921568627451,0.3290227881249675,-0.22631246177591613,3.0175189991669624,0.02241252974252934,0.030011388507674906,0.07512529437292967,0.9605420266523085,0.834634266136044,0.3381279804132068,0.44606338116370525,1.0142809259344296,1.0278618992820223,0.8117798394856266,280.9926246180331
791,40791,40079,900001,6a22834,v2_nested_200x10,1,1,1,success,50,4.07873899157448,5.732858958703957,2.454730726054256,45,1,30.0,0.45,20.0,1.0,25,1,200,0.002,100,10.0,1.0,0,30,0,0.6,0.3290227881249675,-0.22631246177591613,3.0175189991669624,0.02241252974252934,0.030011388507674906,0.07512529437292967,0.9605420266523085,0.834634266136044,0.3381279804132068,0.44606338116370525,1.0142809259344296,1.0278618992820223,0.8117798394856266,282.4364851158536
792,40792,40079,900002,6a22834,v2_nested_200x10,1,1,1,success,48,7.189104188045161,12.275643519915063,3.539282983895649,42,1,30.0,0.45,20.0,1.0,25,1,200,0.002,100,10.0,1.0,0,37,0,0.7708333333333334,0.3290227881249675,-0.22631246177591613,3.0175189991669624,0.02241252974252934,0.030011388507674906,0.07512529437292967,0.9605420266523085,0.834634266136044,0.3381279804132068,0.44606338116370525,1.0142809259344296,1.0278618992820223,0.8117798394856266,282.1775909415614
793,40793,40079,900003,6a22834,v2_nested_200x10,1,1,1,success,48,3.088643267428981,13.35441348248853,11.107871812755016,42,1,30.0,0.45,20.0,1.0,25,1,200,0.002,100,10.0,1.0,0,36,0,0.75,0.3290227881249675,-0.22631246177591613,3.0175189991669624,0.02241252974252934,0.030011388507674906,0.07512529437292967,0.9605420266523085,0.834634266136044,0.3381279804132068,0.44606338116370525,1.0142809259344296,1.0278618992820223,0.8117798394856266,281.86877926541257
794,40794,40079,900004,6a22834,v2_nested_200x10,1,1,1,success,50,11.842451354995585,0.9252338774079757,2.5080474263904966,46,1,30.0,0.45,20.0,1.0,25,1,200,0.002,100,10.0,1.0,0,31,0,0.62,0.3290227881249675,-0.22631246177591613,3.0175189991669624,0.02241252974252934,0.030011388507674906,0.07512529437292967,0.9605420266523085,0.834634266136044,0.3381279804132068,0.44606338116370525,1.0142809259344296,1.0278618992820223,0.8117798394856266,282.51354070561666
795,40795,40079,900005,6a22834,v2_nested_200x10,1,1,1,success,47,11.691355841146322,6.830588829179818,5.018347673770579,43,1,30.0,0.45,20.0,1.0,25,1,200,0.002,100,10.0,1.0,0,36,0,0.7659574468085106,0.3290227881249675,-0.22631246177591613,3.0175189991669624,0.02241252974252934,0.030011388507674906,0.07512529437292967,0.9605420266523085,0.834634266136044,0.3381279804132068,0.44606338116370525,1.0142809259344296,1.0278618992820223,0.8117798394856266,283.4539879132484
796,40796,40079,900006,6a22834,v2_nested_200x10,1,1,1,success,49,7.327213612739391,8.23799374760399,3.849065304513761,43,1,30.0,0.45,20.0,1.0,25,1,200,0.002,100,10.0,1.0,0,31,0,0.6326530612244898,0.3290227881249675,-0.22631246177591613,3.0175189991669624,0.02241252974252934,0.030011388507674906,0.07512529437292967,0.9605420266523085,0.834634266136044,0.3381279804132068,0.44606338116370525,1.0142809259344296,1.0278618992820223,0.8117798394856266,281.7017724679911
797,40797,40079,900007,6a22834,v2_nested_200x10,1,1,1,success,51,3.669170511229409,6.204483749649644,2.330557802633882,43,1,30.0,0.45,20.0,1.0,25,1,200,0.002,100,10.0,1.0,0,38,0,0.7450980392156863,0.3290227881249675,-0.22631246177591613,3.0175189991669624,0.02241252974252934,0.030011388507674906,0.07512529437292967,0.9605420266523085,0.834634266136044,0.3381279804132068,0.44606338116370525,1.0142809259344296,1.0278618992820223,0.8117798394856266,283.6542899516836
798,40798,40079,900008,6a22834,v2_nested_200x10,1,1,1,success,49,16.84824459570561,20.234622195633897,4.221441406867092,42,1,30.0,0.45,20.0,1.0,25,1,200,0.002,100,10.0,1.0,0,38,0,0.7755102040816326,0.3290227881249675,-0.22631246177591613,3.0175189991669624,0.02241252974252934,0.030011388507674906,0.07512529437292967,0.9605420266523085,0.834634266136044,0.3381279804132068,0.44606338116370525,1.0142809259344296,1.0278618992820223,0.8117798394856266,280.78138377912705
799,40799,40079,900009,6a22834,v2_nested_200x10,1,1,1,success,50,7.459349090055026,15.335716892098999,7.423846436665879,42,1,30.0,0.45,20.0,1.0,25,1,200,0.002,100,10.0,1.0,0,38,0,0.76,0.3290227881249675,-0.22631246177591613,3.0175189991669624,0.02241252974252934,0.030011388507674906,0.07512529437292967,0.9605420266523085,0.834634266136044,0.3381279804132068,0.44606338116370525,1.0142809259344296,1.0278618992820223,0.8117798394856266,282.32978459255577
800,40800,40080,900000,6a22834,v2_nested_200x10,1,1,1,success,53,24.300709991460863,26.13893056854053,1.4437032102826184,50,1,30.0,0.45,20.0,1.0,25,1,200,0.002,100,10.0,1.0,0,45,0,0.8490566037735849,0.3131602289010658,-0.30646560686370267,0.24580327867205076,0.02666775420024748,0.03865497082958276,0.07916477310349204,1.4891469758764293,1.1819222800553582,0.3014306095532123,0.2133487649780773,1.011750723509836,1.083099668729452,1.1123006496592611,276.8579162340191
801,40801,40080,900001,6a22834,v2_nested_200x10,1,1,1,success,50,21.322255195484136,20.743052599473618,0.2916445447913636,46,1,30.0,0.45,20.0,1.0,25,1,200,0.002,100,10.0,1.0,0,43,0,0.86,0.3131602289010658,-0.30646560686370267,0.24580327867205076,0.02666775420024748,0.03865497082958276,0.07916477310349204,1.4891469758764293,1.1819222800553582,0.3014306095532123,0.2133487649780773,1.011750723509836,1.083099668729452,1.1123006496592611,280.1084376943329
802,40802,40080,900002,6a22834,v2_nested_200x10,1,1,1,success,51,20.259166788816426,22.092530246477903,4.930652762888283,45,1,30.0,0.45,20.0,1.0,25,1,200,0.002,100,10.0,1.0,0,45,0,0.8823529411764706,0.3131602289010658,-0.30646560686370267,0.24580327867205076,0.02666775420024748,0.03865497082958276,0.07916477310349204,1.4891469758764293,1.1819222800553582,0.3014306095532123,0.2133487649780773,1.011750723509836,1.083099668729452,1.1123006496592611,277.6884890910378
803,40803,40080,900003,6a22834,v2_nested_200x10,1,1,1,success,50,21.554934624767327,20.84240930301401,5.918442371242435,43,1,30.0,0.45,20.0,1.0,25,1,200,0.002,100,10.0,1.0,0,40,0,0.8,0.3131602289010658,-0.30646560686370267,0.24580327867205076,0.02666775420024748,0.03865497082958276,0.07916477310349204,1.4891469758764293,1.1819222800553582,0.3014306095532123,0.2133487649780773,1.011750723509836,1.083099668729452,1.1123006496592611,278.6875945120018
804,40804,40080,900004,6a22834,v2_nested_200x10,1,1,1,success,49,27.48387403496803,21.73005500831539,1.6360325355222596,45,1,30.0,0.45,20.0,1.0,25,1,200,0.002,100,10.0,1.0,0,36,0,0.7346938775510204,0.3131602289010658,-0.30646560686370267,0.24580327867205076,0.02666775420024748,0.03865497082958276,0.07916477310349204,1.4891469758764293,1.1819222800553582,0.3014306095532123,0.2133487649780773,1.011750723509836,1.083099668729452,1.1123006496592611,279.9041709961875
805,40805,40080,900005,6a22834,v2_nested_200x10,1,1,1,success,50,24.957561636876562,16.775669501775734,7.223780844806331,42,1,30.0,0.45,20.0,1.0,25,1,200,0.002,100,10.0,1.0,0,42,0,0.84,0.3131602289010658,-0.30646560686370267,0.24580327867205076,0.02666775420024748,0.03865497082958276,0.07916477310349204,1.4891469758764293,1.1819222800553582,0.3014306095532123,0.2133487649780773,1.011750723509836,1.083099668729452,1.1123006496592611,279.84242174788164
806,40806,40080,900006,6a22834,v2_nested_200x10,1,1,1,success,49,21.079600237390867,18.409151676942,3.5951533308432846,45,1,30.0,0.45,20.0,1.0,25,1,200,0.002,100,10.0,1.0,0,43,0,0.8775510204081632,0.3131602289010658,-0.30646560686370267,0.24580327867205076,0.02666775420024748,0.03865497082958276,0.07916477310349204,1.4891469758764293,1.1819222800553582,0.3014306095532123,0.2133487649780773,1.011750723509836,1.083099668729452,1.1123006496592611,278.5134261867512
807,40807,40080,900007,6a22834,v2_nested_200x10,1,1,1,success,49,15.221236548669829,15.678472464786108,6.636642721778398,43,1,30.0,0.45,20.0,1.0,25,1,200,0.002,100,10.0,1.0,0,39,0,0.7959183673469388,0.3131602289010658,-0.30646560686370267,0.24580327867205076,0.02666775420024748,0.03865497082958276,0.07916477310349204,1.4891469758764293,1.1819222800553582,0.3014306095532123,0.2133487649780773,1.011750723509836,1.083099668729452,1.1123006496592611,280.37479553197534
808,40808,40080,900008,6a22834,v2_nested_200x10,1,1,1,success,50,17.005487423952104,10.667753708648597,7.150057049781962,44,1,30.0,0.45,20.0,1.0,25,1,200,0.002,100,10.0,1.0,0,40,0,0.8,0.3131602289010658,-0.30646560686370267,0.24580327867205076,0.02666775420024748,0.03865497082958276,0.07916477310349204,1.4891469758764293,1.1819222800553582,0.3014306095532123,0.2133487649780773,1.011750723509836,1.083099668729452,1.1123006496592611,279.35963137832977
809,40809,40080,900009,6a22834,v2_nested_200x10,1,1,1,success,50,19.75957561427052,14.388485587071795,7.9502600346778705,41,1,30.0,0.45,20.0,1.0,25,1,200,0.002,100,10.0,1.0,0,39,0,0.78,0.3131602289010658,-0.30646560686370267,0.24580327867205076,0.02666775420024748,0.03865497082958276,0.07916477310349204,1.4891469758764293,1.1819222800553582,0.3014306095532123,0.2133487649780773,1.011750723509836,1.083099668729452,1.1123006496592611,279.548317474987
810,40810,40081,900000,6a22834,v2_nested_200x10,1,1,1,success,57,25.869135044223853,30.201837270289765,0.7730329046805879,49,1,30.0,0.45,20.0,1.0,25,1,200,0.002,100,10.0,1.0,0,46,0,0.8070175438596491,0.3530737368059968,-0.4260446079465223,-0.7559229786564452,0.027133117513768224,0.03138188191149266,0.1045376166997719,1.357454729058961,1.155109157897841,0.3417809598112794,0.5229496039758831,1.0488921571795262,1.0536281467717707,0.9974988644774594,282.54375986210675
811,40811,40081,900001,6a22834,v2_nested_200x10,1,1,1,success,56,11.77564620116277,9.375190288048394,4.719571504103473,51,1,30.0,0.45,20.0,1.0,25,1,200,0.002,100,10.0,1.0,0,42,0,0.75,0.3530737368059968,-0.4260446079465223,-0.7559229786564452,0.027133117513768224,0.03138188191149266,0.1045376166997719,1.357454729058961,1.155109157897841,0.3417809598112794,0.5229496039758831,1.0488921571795262,1.0536281467717707,0.9974988644774594,284.4792806846083
812,40812,40081,900002,6a22834,v2_nested_200x10,1,1,1,success,63,20.059120493169964,16.536556659684027,6.701911127604298,49,1,30.0,0.45,20.0,1.0,25,1,200,0.002,100,10.0,1.0,0,47,0,0.746031746031746,0.3530737368059968,-0.4260446079465223,-0.7559229786564452,0.027133117513768224,0.03138188191149266,0.1045376166997719,1.357454729058961,1.155109157897841,0.3417809598112794,0.5229496039758831,1.0488921571795262,1.0536281467717707,0.9974988644774594,283.4490121630537
813,40813,40081,900003,6a22834,v2_nested_200x10,1,1,1,success,55,17.670059239151296,22.28448826890194,5.982532082755697,49,1,30.0,0.45,20.0,1.0,25,1,200,0.002,100,10.0,1.0,0,40,0,0.7272727272727273,0.3530737368059968,-0.4260446079465223,-0.7559229786564452,0.027133117513768224,0.03138188191149266,0.1045376166997719,1.357454729058961,1.155109157897841,0.3417809598112794,0.5229496039758831,1.0488921571795262,1.0536281467717707,0.9974988644774594,285.569568527174
814,40814,40081,900004,6a22834,v2_nested_200x10,1,1,1,success,57,21.57958475336568,11.169789318793189,10.43456712760062,52,1,30.0,0.45,20.0,1.0,25,1,200,0.002,100,10.0,1.0,0,41,0,0.7192982456140351,0.3530737368059968,-0.4260446079465223,-0.7559229786564452,0.027133117513768224,0.03138188191149266,0.1045376166997719,1.357454729058961,1.155109157897841,0.3417809598112794,0.5229496039758831,1.0488921571795262,1.0536281467717707,0.9974988644774594,284.9690305125044
815,40815,40081,900005,6a22834,v2_nested_200x10,1,1,1,success,56,18.92698552865902,17.937308167673393,0.37304651408158923,52,1,30.0,0.45,20.0,1.0,25,1,200,0.002,100,10.0,1.0,0,30,0,0.5357142857142857,0.3530737368059968,-0.4260446079465223,-0.7559229786564452,0.027133117513768224,0.03138188191149266,0.1045376166997719,1.357454729058961,1.155109157897841,0.3417809598112794,0.5229496039758831,1.0488921571795262,1.0536281467717707,0.9974988644774594,284.0769439872956
816,40816,40081,900006,6a22834,v2_nested_200x10,1,1,1,success,56,12.698187640396753,10.564421096942604,4.463953342956769,49,1,30.0,0.45,20.0,1.0,25,1,200,0.002,100,10.0,1.0,0,35,0,0.625,0.3530737368059968,-0.4260446079465223,-0.7559229786564452,0.027133117513768224,0.03138188191149266,0.1045376166997719,1.357454729058961,1.155109157897841,0.3417809598112794,0.5229496039758831,1.0488921571795262,1.0536281467717707,0.9974988644774594,284.5732124790478
817,40817,40081,900007,6a22834,v2_nested_200x10,1,1,1,success,57,15.831901538564608,14.4303266122834,0.19611786638276205,54,1,30.0,0.45,20.0,1.0,25,1,200,0.002,100,10.0,1.0,0,41,0,0.7192982456140351,0.3530737368059968,-0.4260446079465223,-0.7559229786564452,0.027133117513768224,0.03138188191149266,0.1045376166997719,1.357454729058961,1.155109157897841,0.3417809598112794,0.5229496039758831,1.0488921571795262,1.0536281467717707,0.9974988644774594,285.05304385211485
818,40818,40081,900008,6a22834,v2_nested_200x10,1,1,1,success,55,22.026573436927023,17.683268928393552,10.659149252913906,49,1,30.0,0.45,20.0,1.0,25,1,200,0.002,100,10.0,1.0,0,40,0,0.7272727272727273,0.3530737368059968,-0.4260446079465223,-0.7559229786564452,0.027133117513768224,0.03138188191149266,0.1045376166997719,1.357454729058961,1.155109157897841,0.3417809598112794,0.5229496039758831,1.0488921571795262,1.0536281467717707,0.9974988644774594,284.1775461740521
819,40819,40081,900009,6a22834,v2_nested_200x10,1,1,1,success,54,16.494005075990177,13.776019120348682,3.7956151090252717,50,1,30.0,0.45,20.0,1.0,25,1,200,0.002,100,10.0,1.0,0,41,0,0.7592592592592593,0.3530737368059968,-0.4260446079465223,-0.7559229786564452,0.027133117513768224,0.03138188191149266,0.1045376166997719,1.357454729058961,1.155109157897841,0.3417809598112794,0.5229496039758831,1.0488921571795262,1.0536281467717707,0.9974988644774594,284.2467075935679
820,40820,40082,900000,6a22834,v2_nested_200x10,1,1,1,success,65,14.216204989059193,12.20685051460892,1.2887419695711264,62,1,30.0,0.45,20.0,1.0,25,1,200,0.002,100,10.0,1.0,0,55,0,0.8461538461538461,0.34023452069476456,-0.6109065026295714,3.1052890978506484,0.026141796820427082,0.038894010896388005,0.07746668559753203,0.9631720208850293,1.0256577787864452,0.3131971930860229,0.6160016105059394,1.0767366928992013,1.008888217207582,1.0779831801365012,289.5489068012812
821,40821,40082,900001,6a22834,v2_nested_200x10,1,1,1,success,69,33.81410182493574,12.966647578472584,18.819199567357728,60,1,30.0,0.45,20.0,1.0,25,1,200,0.002,100,10.0,1.0,0,48,0,0.6956521739130435,0.34023452069476456,-0.6109065026295714,3.1052890978506484,0.026141796820427082,0.038894010896388005,0.07746668559753203,0.9631720208850293,1.0256577787864452,0.3131971930860229,0.6160016105059394,1.0767366928992013,1.008888217207582,1.0779831801365012,290.4150776006593
822,40822,40082,900002,6a22834,v2_nested_200x10,1,1,1,success,73,13.66882585570426,4.170965927851139,13.741109792791987,64,1,30.0,0.45,20.0,1.0,25,1,200,0.002,100,10.0,1.0,0,58,0,0.7945205479452054,0.34023452069476456,-0.6109065026295714,3.1052890978506484,0.026141796820427082,0.038894010896388005,0.07746668559753203,0.9631720208850293,1.0256577787864452,0.3131971930860229,0.6160016105059394,1.0767366928992013,1.008888217207582,1.0779831801365012,289.4655989027541
823,40823,40082,900003,6a22834,v2_nested_200x10,1,1,1,success,65,35.6723408002817,25.310789635546488,9.111516251156983,61,1,30.0,0.45,20.0,1.0,25,1,200,0.002,100,10.0,1.0,0,42,0,0.6461538461538462,0.34023452069476456,-0.6109065026295714,3.1052890978506484,0.026141796820427082,0.038894010896388005,0.07746668559753203,0.9631720208850293,1.0256577787864452,0.3131971930860229,0.6160016105059394,1.0767366928992013,1.008888217207582,1.0779831801365012,292.22905619430446
824,40824,40082,900004,6a22834,v2_nested_200x10,1,1,1,success,73,25.729336805875292,22.652906125965224,10.360955763757945,60,1,30.0,0.45,20.0,1.0,25,1,200,0.002,100,10.0,1.0,0,58,0,0.7945205479452054,0.34023452069476456,-0.6109065026295714,3.1052890978506484,0.026141796820427082,0.038894010896388005,0.07746668559753203,0.9631720208850293,1.0256577787864452,0.3131971930860229,0.6160016105059394,1.0767366928992013,1.008888217207582,1.0779831801365012,288.99983205467794
825,40825,40082,900005,6a22834,v2_nested_200x10,1,1,1,success,68,36.284990654000865,17.38956006983505,23.921289870972593,58,1,30.0,0.45,20.0,1.0,25,1,200,0.002,100,10.0,1.0,0,47,0,0.6911764705882353,0.34023452069476456,-0.6109065026295714,3.1052890978506484,0.026141796820427082,0.038894010896388005,0.07746668559753203,0.9631720208850293,1.0256577787864452,0.3131971930860229,0.6160016105059394,1.0767366928992013,1.008888217207582,1.0779831801365012,290.79664617992853
826,40826,40082,900006,6a22834,v2_nested_200x10,1,1,1,success,69,30.09006574857809,17.217037582677282,13.45981419696236,58,1,30.0,0.45,20.0,1.0,25,1,200,0.002,100,10.0,1.0,0,47,0,0.6811594202898551,0.34023452069476456,-0.6109065026295714,3.1052890978506484,0.026141796820427082,0.038894010896388005,0.07746668559753203,0.9631720208850293,1.0256577787864452,0.3131971930860229,0.6160016105059394,1.0767366928992013,1.008888217207582,1.0779831801365012,289.5395297367338
827,40827,40082,900007,6a22834,v2_nested_200x10,1,1,1,success,63,9.914876890202324,12.579633747008389,6.726657574843674,56,1,30.0,0.45,20.0,1.0,25,1,200,0.002,100,10.0,1.0,0,51,0,0.8095238095238095,0.34023452069476456,-0.6109065026295714,3.1052890978506484,0.026141796820427082,0.038894010896388005,0.07746668559753203,0.9631720208850293,1.0256577787864452,0.3131971930860229,0.6160016105059394,1.0767366928992013,1.008888217207582,1.0779831801365012,291.47945448668145
828,40828,40082,900008,6a22834,v2_nested_200x10,1,1,1,success,65,22.800943865776354,14.118870767951753,12.59333120631036,57,1,30.0,0.45,20.0,1.0,25,1,200,0.002,100,10.0,1.0,1,46,0,0.7076923076923077,0.34023452069476456,-0.6109065026295714,3.1052890978506484,0.026141796820427082,0.038894010896388005,0.07746668559753203,0.9631720208850293,1.0256577787864452,0.3131971930860229,0.6160016105059394,1.0767366928992013,1.008888217207582,1.0779831801365012,290.6306115378925
829,40829,40082,900009,6a22834,v2_nested_200x10,1,1,1,success,64,21.953872304642843,18.928979098455958,5.9632994374782555,58,1,30.0,0.45,20.0,1.0,25,1,200,0.002,100,10.0,1.0,0,50,0,0.78125,0.34023452069476456,-0.6109065026295714,3.1052890978506484,0.026141796820427082,0.038894010896388005,0.07746668559753203,0.9631720208850293,1.0256577787864452,0.3131971930860229,0.6160016105059394,1.0767366928992013,1.008888217207582,1.0779831801365012,291.1649764585198
830,40830,40083,900000,6a22834,v2_nested_200x10,1,1,1,success,61,19.63456912824697,22.637141043814523,1.429697113669238,58,1,30.0,0.45,20.0,1.0,25,1,200,0.002,100,10.0,1.0,0,47,0,0.7704918032786885,0.34933699214788116,-0.19383947938987456,1.2551406148491733,0.0219449209358778,0.03778545061815806,0.11843776566154675,1.7572729924461845,0.7554207945069906,0.35964261002749215,0.713066979109404,0.9896899532527585,1.0047622402408118,1.2452770135603775,284.05789899782417
831,40831,40083,900001,6a22834,v2_nested_200x10,1,1,1,success,59,14.090598478189664,16.537499514090857,5.672602596079838,54,1,30.0,0.45,20.0,1.0,25,1,200,0.002,100,10.0,1.0,0,42,0,0.711864406779661,0.34933699214788116,-0.19383947938987456,1.2551406148491733,0.0219449209358778,0.03778545061815806,0.11843776566154675,1.7572729924461845,0.7554207945069906,0.35964261002749215,0.713066979109404,0.9896899532527585,1.0047622402408118,1.2452770135603775,284.21635848895744
832,40832,40083,900002,6a22834,v2_nested_200x10,1,1,1,success,56,12.867462053230968,15.650392089857812,6.0745931749382365,51,1,30.0,0.45,20.0,1.0,25,1,200,0.002,100,10.0,1.0,0,40,0,0.7142857142857143,0.34933699214788116,-0.19383947938987456,1.2551406148491733,0.0219449209358778,0.03778545061815806,0.11843776566154675,1.7572729924461845,0.7554207945069906,0.35964261002749215,0.713066979109404,0.9896899532527585,1.0047622402408118,1.2452770135603775,283.2065425293446
833,40833,40083,900003,6a22834,v2_nested_200x10,1,1,1,success,57,15.378012946179952,17.584149137759052,5.743944924817043,52,1,30.0,0.45,20.0,1.0,25,1,200,0.002,100,10.0,1.0,0,41,0,0.7192982456140351,0.34933699214788116,-0.19383947938987456,1.2551406148491733,0.0219449209358778,0.03778545061815806,0.11843776566154675,1.7572729924461845,0.7554207945069906,0.35964261002749215,0.713066979109404,0.9896899532527585,1.0047622402408118,1.2452770135603775,282.7798767622625
834,40834,40083,900004,6a22834,v2_nested_200x10,1,1,1,success,70,15.215738194894334,16.368300523662565,14.795541372531012,59,1,30.0,0.45,20.0,1.0,25,1,200,0.002,100,10.0,1.0,0,49,0,0.7,0.34933699214788116,-0.19383947938987456,1.2551406148491733,0.0219449209358778,0.03778545061815806,0.11843776566154675,1.7572729924461845,0.7554207945069906,0.35964261002749215,0.713066979109404,0.9896899532527585,1.0047622402408118,1.2452770135603775,283.83265028686594
835,40835,40083,900005,6a22834,v2_nested_200x10,1,1,1,success,57,13.498941077643082,17.355462926398577,6.546479256872367,51,1,30.0,0.45,20.0,1.0,25,1,200,0.002,100,10.0,1.0,0,42,0,0.7368421052631579,0.34933699214788116,-0.19383947938987456,1.2551406148491733,0.0219449209358778,0.03778545061815806,0.11843776566154675,1.7572729924461845,0.7554207945069906,0.35964261002749215,0.713066979109404,0.9896899532527585,1.0047622402408118,1.2452770135603775,270.1787830378855
836,40836,40083,900006,6a22834,v2_nested_200x10,1,1,1,success,57,23.459896359836737,25.126350607839594,6.237371970289595,52,1,30.0,0.45,20.0,1.0,25,1,200,0.002,100,10.0,1.0,0,43,0,0.7543859649122807,0.34933699214788116,-0.19383947938987456,1.2551406148491733,0.0219449209358778,0.03778545061815806,0.11843776566154675,1.7572729924461845,0.7554207945069906,0.35964261002749215,0.713066979109404,0.9896899532527585,1.0047622402408118,1.2452770135603775,283.0428200404744
837,40837,40083,900007,6a22834,v2_nested_200x10,1,1,1,success,56,5.89932188547112,9.873771989964911,5.45765407435319,52,1,30.0,0.45,20.0,1.0,25,1,200,0.002,100,10.0,1.0,0,46,0,0.8214285714285714,0.34933699214788116,-0.19383947938987456,1.2551406148491733,0.0219449209358778,0.03778545061815806,0.11843776566154675,1.7572729924461845,0.7554207945069906,0.35964261002749215,0.713066979109404,0.9896899532527585,1.0047622402408118,1.2452770135603775,285.22568974536813
838,40838,40083,900008,6a22834,v2_nested_200x10,1,1,1,success,92,14.26278054967029,16.207238548538673,5.118472832300127,52,1,30.0,0.45,20.0,1.0,25,1,200,0.002,100,10.0,1.0,0,80,0,0.8695652173913043,0.34933699214788116,-0.19383947938987456,1.2551406148491733,0.0219449209358778,0.03778545061815806,0.11843776566154675,1.7572729924461845,0.7554207945069906,0.35964261002749215,0.713066979109404,0.9896899532527585,1.0047622402408118,1.2452770135603775,279.282529361765
839,40839,40083,900009,6a22834,v2_nested_200x10,1,1,1,success,67,19.972477473264878,18.694410507176965,7.519164765891928,51,1,30.0,0.45,20.0,1.0,25,1,200,0.002,100,10.0,1.0,0,52,0,0.7761194029850746,0.34933699214788116,-0.19383947938987456,1.2551406148491733,0.0219449209358778,0.03778545061815806,0.11843776566154675,1.7572729924461845,0.7554207945069906,0.35964261002749215,0.713066979109404,0.9896899532527585,1.0047622402408118,1.2452770135603775,282.69308222628086
840,40840,40084,900000,6a22834,v2_nested_200x10,1,1,1,success,62,26.057793499125264,15.3207245617018,1.2769263804677382,57,1,30.0,0.45,20.0,1.0,25,1,200,0.002,100,10.0,1.0,0,50,0,0.8064516129032258,0.33177672923468826,-0.5792207895753294,-1.7082315529364727,0.025048139533852,0.030729391198412826,0.04930281645412238,1.62925214143308,0.7807621719495633,0.38882764758551347,0.47711691583513777,0.9922499640904023,1.075070620793807,0.9884828213432956,287.9848468688333
841,40841,40084,900001,6a22834,v2_nested_200x10,1,1,1,success,64,13.013796504255732,14.3079214802049,1.828470053216899,60,1,30.0,0.45,20.0,1.0,25,1,200,0.002,100,10.0,1.0,0,50,0,0.78125,0.33177672923468826,-0.5792207895753294,-1.7082315529364727,0.025048139533852,0.030729391198412826,0.04930281645412238,1.62925214143308,0.7807621719495633,0.38882764758551347,0.47711691583513777,0.9922499640904023,1.075070620793807,0.9884828213432956,287.6865759638727
842,40842,40084,900002,6a22834,v2_nested_200x10,1,1,1,success,61,12.778490358243788,13.965568365943714,1.4565438287387245,57,1,30.0,0.45,20.0,1.0,25,1,200,0.002,100,10.0,1.0,0,51,0,0.8360655737704918,0.33177672923468826,-0.5792207895753294,-1.7082315529364727,0.025048139533852,0.030729391198412826,0.04930281645412238,1.62925214143308,0.7807621719495633,0.38882764758551347,0.47711691583513777,0.9922499640904023,1.075070620793807,0.9884828213432956,288.47374640176696
843,40843,40084,900003,6a22834,v2_nested_200x10,1,1,1,success,63,20.31637006052637,21.321186463099302,8.012392331440592,57,1,30.0,0.45,20.0,1.0,25,1,200,0.002,100,10.0,1.0,0,54,0,0.8571428571428571,0.33177672923468826,-0.5792207895753294,-1.7082315529364727,0.025048139533852,0.030729391198412826,0.04930281645412238,1.62925214143308,0.7807621719495633,0.38882764758551347,0.47711691583513777,0.9922499640904023,1.075070620793807,0.9884828213432956,290.1937193764662
844,40844,40084,900004,6a22834,v2_nested_200x10,1,1,1,success,61,11.48278218760997,12.595903593725572,0.5337287960713752,56,1,30.0,0.45,20.0,1.0,25,1,200,0.002,100,10.0,1.0,0,51,0,0.8360655737704918,0.33177672923468826,-0.5792207895753294,-1.7082315529364727,0.025048139533852,0.030729391198412826,0.04930281645412238,1.62925214143308,0.7807621719495633,0.38882764758551347,0.47711691583513777,0.9922499640904023,1.075070620793807,0.9884828213432956,288.8842114411202
845,40845,40084,900005,6a22834,v2_nested_200x10,1,1,1,success,62,19.477863488936134,15.190614454953616,4.8735856687977,57,1,30.0,0.45,20.0,1.0,25,1,200,0.002,100,10.0,1.0,0,52,0,0.8387096774193549,0.33177672923468826,-0.5792207895753294,-1.7082315529364727,0.025048139533852,0.030729391198412826,0.04930281645412238,1.62925214143308,0.7807621719495633,0.38882764758551347,0.47711691583513777,0.9922499640904023,1.075070620793807,0.9884828213432956,289.0226257692141
846,40846,40084,900006,6a22834,v2_nested_200x10,1,1,1,success,65,20.48893844469521,14.840390684515468,0.32235722766250785,62,1,30.0,0.45,20.0,1.0,25,1,200,0.002,100,10.0,1.0,0,54,0,0.8307692307692308,0.33177672923468826,-0.5792207895753294,-1.7082315529364727,0.025048139533852,0.030729391198412826,0.04930281645412238,1.62925214143308,0.7807621719495633,0.38882764758551347,0.47711691583513777,0.9922499640904023,1.075070620793807,0.9884828213432956,289.429356497313
847,40847,40084,900007,6a22834,v2_nested_200x10,1,1,1,success,65,10.285202652216963,8.029244548676754,0.45104460677826075,62,1,30.0,0.45,20.0,1.0,25,1,200,0.002,100,10.0,1.0,0,56,0,0.8615384615384616,0.33177672923468826,-0.5792207895753294,-1.7082315529364727,0.025048139533852,0.030729391198412826,0.04930281645412238,1.62925214143308,0.7807621719495633,0.38882764758551347,0.47711691583513777,0.9922499640904023,1.075070620793807,0.9884828213432956,290.958073168984
848,40848,40084,900008,6a22834,v2_nested_200x10,1,1,1,success,64,16.719257766724887,16.74983075652342,0.4945151567464205,61,1,30.0,0.45,20.0,1.0,25,1,200,0.002,100,10.0,1.0,0,51,0,0.796875,0.33177672923468826,-0.5792207895753294,-1.7082315529364727,0.025048139533852,0.030729391198412826,0.04930281645412238,1.62925214143308,0.7807621719495633,0.38882764758551347,0.47711691583513777,0.9922499640904023,1.075070620793807,0.9884828213432956,289.6966565955791
849,40849,40084,900009,6a22834,v2_nested_200x10,1,1,1,success,63,16.71681932195455,12.797938882985706,5.944557194920824,58,1,30.0,0.45,20.0,1.0,25,1,200,0.002,100,10.0,1.0,0,52,0,0.8253968253968254,0.33177672923468826,-0.5792207895753294,-1.7082315529364727,0.025048139533852,0.030729391198412826,0.04930281645412238,1.62925214143308,0.7807621719495633,0.38882764758551347,0.47711691583513777,0.9922499640904023,1.075070620793807,0.9884828213432956,290.44512727824565
850,40850,40085,900000,6a22834,v2_nested_200x10,1,1,1,success,65,26.2190372190824,18.656523337768515,4.438758733013674,56,1,30.0,0.45,20.0,1.0,25,1,200,0.002,100,10.0,1.0,0,44,0,0.676923076923077,0.32029278830662433,-0.5421478818338527,1.8484695498419983,0.025974456972460456,0.03770159883165854,0.0547780711942191,0.8333458492778899,1.249458247305927,0.31547246486420216,0.6085337173784194,0.9756849907930195,1.0530218792736028,1.1513073393798765,286.85336856247045
851,40851,40085,900001,6a22834,v2_nested_200x10,1,1,1,success,62,16.91911993632604,18.437400807269267,3.540117764629076,58,1,30.0,0.45,20.0,1.0,25,1,200,0.002,100,10.0,1.0,0,44,0,0.7096774193548387,0.32029278830662433,-0.5421478818338527,1.8484695498419983,0.025974456972460456,0.03770159883165854,0.0547780711942191,0.8333458492778899,1.249458247305927,0.31547246486420216,0.6085337173784194,0.9756849907930195,1.0530218792736028,1.1513073393798765,286.357175902396
852,40852,40085,900002,6a22834,v2_nested_200x10,1,1,1,success,62,15.301380218302798,15.82005873820798,1.622343795593975,56,1,30.0,0.45,20.0,1.0,25,1,200,0.002,100,10.0,1.0,0,49,0,0.7903225806451613,0.32029278830662433,-0.5421478818338527,1.8484695498419983,0.025974456972460456,0.03770159883165854,0.0547780711942191,0.8333458492778899,1.249458247305927,0.31547246486420216,0.6085337173784194,0.9756849907930195,1.0530218792736028,1.1513073393798765,287.8231425530389
853,40853,40085,900003,6a22834,v2_nested_200x10,1,1,1,success,61,18.77921375657003,26.325498050274373,7.4196400610360405,56,1,30.0,0.45,20.0,1.0,25,1,200,0.002,100,10.0,1.0,0,41,0,0.6721311475409836,0.32029278830662433,-0.5421478818338527,1.8484695498419983,0.025974456972460456,0.03770159883165854,0.0547780711942191,0.8333458492778899,1.249458247305927,0.31547246486420216,0.6085337173784194,0.9756849907930195,1.0530218792736028,1.1513073393798765,286.29885760573745
854,40854,40085,900004,6a22834,v2_nested_200x10,1,1,1,success,64,16.59982959611123,18.525618545080107,3.3986467533837907,56,1,30.0,0.45,20.0,1.0,25,1,200,0.002,100,10.0,1.0,0,50,0,0.78125,0.32029278830662433,-0.5421478818338527,1.8484695498419983,0.025974456972460456,0.03770159883165854,0.0547780711942191,0.8333458492778899,1.249458247305927,0.31547246486420216,0.6085337173784194,0.9756849907930195,1.0530218792736028,1.1513073393798765,286.311927390292
855,40855,40085,900005,6a22834,v2_nested_200x10,1,1,1,success,63,19.06855365704618,27.811211802892004,8.979549851788915,55,1,30.0,0.45,20.0,1.0,25,1,200,0.002,100,10.0,1.0,0,50,0,0.7936507936507936,0.32029278830662433,-0.5421478818338527,1.8484695498419983,0.025974456972460456,0.03770159883165854,0.0547780711942191,0.8333458492778899,1.249458247305927,0.31547246486420216,0.6085337173784194,0.9756849907930195,1.0530218792736028,1.1513073393798765,287.9229174997647
856,40856,40085,900006,6a22834,v2_nested_200x10,1,1,1,success,65,24.994301445068498,17.334124387255823,5.8158786456825355,57,1,30.0,0.45,20.0,1.0,25,1,200,0.002,100,10.0,1.0,0,54,0,0.8307692307692308,0.32029278830662433,-0.5421478818338527,1.8484695498419983,0.025974456972460456,0.03770159883165854,0.0547780711942191,0.8333458492778899,1.249458247305927,0.31547246486420216,0.6085337173784194,0.9756849907930195,1.0530218792736028,1.1513073393798765,288.4367155217794
857,40857,40085,900007,6a22834,v2_nested_200x10,1,1,1,success,61,15.029655198331364,17.316121517410004,3.2608754262618134,55,1,30.0,0.45,20.0,1.0,25,1,200,0.002,100,10.0,1.0,0,51,0,0.8360655737704918,0.32029278830662433,-0.5421478818338527,1.8484695498419983,0.025974456972460456,0.03770159883165854,0.0547780711942191,0.8333458492778899,1.249458247305927,0.31547246486420216,0.6085337173784194,0.9756849907930195,1.0530218792736028,1.1513073393798765,288.52328591909907
858,40858,40085,900008,6a22834,v2_nested_200x10,1,1,1,success,61,14.431368813208522,12.988798992452375,0.538631245976554,55,1,30.0,0.45,20.0,1.0,25,1,200,0.002,100,10.0,1.0,0,48,0,0.7868852459016393,0.32029278830662433,-0.5421478818338527,1.8484695498419983,0.025974456972460456,0.03770159883165854,0.0547780711942191,0.8333458492778899,1.249458247305927,0.31547246486420216,0.6085337173784194,0.9756849907930195,1.0530218792736028,1.1513073393798765,287.6012387064785
859,40859,40085,900009,6a22834,v2_nested_200x10,1,1,1,success,65,22.883321173356435,24.185519172520316,0.4323792640111256,62,1,30.0,0.45,20.0,1.0,25,1,200,0.002,100,10.0,1.0,0,50,0,0.7692307692307693,0.32029278830662433,-0.5421478818338527,1.8484695498419983,0.025974456972460456,0.03770159883165854,0.0547780711942191,0.8333458492778899,1.249458247305927,0.31547246486420216,0.6085337173784194,0.9756849907930195,1.0530218792736028,1.1513073393798765,287.8642822231973
860,40860,40086,900000,6a22834,v2_nested_200x10,1,1,1,success,57,5.089607519528341,30.94088122825864,4.999659362321931,53,1,30.0,0.45,20.0,1.0,25,1,200,0.002,100,10.0,1.0,0,45,0,0.7894736842105263,0.3880324043137115,-0.47344560160359384,-1.9377232376781,0.02686580658396311,0.030013420414644096,0.04474551355695452,1.2336368278927796,1.014614292790307,0.38939759394762863,0.3679139026923229,0.9774042860198465,0.9706445009619371,1.0724551439550059,289.2681796893491
861,40861,40086,900001,6a22834,v2_nested_200x10,1,1,1,success,57,14.831999985300516,14.124860937046584,10.252210258636028,53,1,30.0,0.45,20.0,1.0,25,1,200,0.002,100,10.0,1.0,0,46,0,0.8070175438596491,0.3880324043137115,-0.47344560160359384,-1.9377232376781,0.02686580658396311,0.030013420414644096,0.04474551355695452,1.2336368278927796,1.014614292790307,0.38939759394762863,0.3679139026923229,0.9774042860198465,0.9706445009619371,1.0724551439550059,290.5895515989956
862,40862,40086,900002,6a22834,v2_nested_200x10,1,1,1,success,56,11.269336110574589,26.20492814493812,2.32745876083081,51,1,30.0,0.45,20.0,1.0,25,1,200,0.002,100,10.0,1.0,0,50,0,0.8928571428571429,0.3880324043137115,-0.47344560160359384,-1.9377232376781,0.02686580658396311,0.030013420414644096,0.04474551355695452,1.2336368278927796,1.014614292790307,0.38939759394762863,0.3679139026923229,0.9774042860198465,0.9706445009619371,1.0724551439550059,288.5670478739834
863,40863,40086,900003,6a22834,v2_nested_200x10,1,1,1,success,59,9.206696290512575,28.511440754422345,11.685685478188617,50,1,30.0,0.45,20.0,1.0,25,1,200,0.002,100,10.0,1.0,0,44,0,0.7457627118644068,0.3880324043137115,-0.47344560160359384,-1.9377232376781,0.02686580658396311,0.030013420414644096,0.04474551355695452,1.2336368278927796,1.014614292790307,0.38939759394762863,0.3679139026923229,0.9774042860198465,0.9706445009619371,1.0724551439550059,290.3501152470476
864,40864,40086,900004,6a22834,v2_nested_200x10,1,1,1,success,58,24.735166611481755,20.68011825678625,16.811356409655037,50,1,30.0,0.45,20.0,1.0,25,1,200,0.002,100,10.0,1.0,0,46,0,0.7931034482758621,0.3880324043137115,-0.47344560160359384,-1.9377232376781,0.02686580658396311,0.030013420414644096,0.04474551355695452,1.2336368278927796,1.014614292790307,0.38939759394762863,0.3679139026923229,0.9774042860198465,0.9706445009619371,1.0724551439550059,289.2457669747949
865,40865,40086,900005,6a22834,v2_nested_200x10,1,1,1,success,58,30.28136071464165,35.686711751575594,7.225315836923825,53,1,30.0,0.45,20.0,1.0,25,1,200,0.002,100,10.0,1.0,0,43,0,0.7413793103448276,0.3880324043137115,-0.47344560160359384,-1.9377232376781,0.02686580658396311,0.030013420414644096,0.04474551355695452,1.2336368278927796,1.014614292790307,0.38939759394762863,0.3679139026923229,0.9774042860198465,0.9706445009619371,1.0724551439550059,290.783931291254
866,40866,40086,900006,6a22834,v2_nested_200x10,1,1,1,success,57,6.3102258191627865,17.794584187275234,3.7862430323266825,52,1,30.0,0.45,20.0,1.0,25,1,200,0.002,100,10.0,1.0,0,41,0,0.7192982456140351,0.3880324043137115,-0.47344560160359384,-1.9377232376781,0.02686580658396311,0.030013420414644096,0.04474551355695452,1.2336368278927796,1.014614292790307,0.38939759394762863,0.3679139026923229,0.9774042860198465,0.9706445009619371,1.0724551439550059,291.1192800741015
867,40867,40086,900007,6a22834,v2_nested_200x10,1,1,1,success,58,6.743382446336392,27.685516546578324,5.147601686125257,52,1,30.0,0.45,20.0,1.0,25,1,200,0.002,100,10.0,1.0,0,47,0,0.8103448275862069,0.3880324043137115,-0.47344560160359384,-1.9377232376781,0.02686580658396311,0.030013420414644096,0.04474551355695452,1.2336368278927796,1.014614292790307,0.38939759394762863,0.3679139026923229,0.9774042860198465,0.9706445009619371,1.0724551439550059,287.1774800437877
868,40868,40086,900008,6a22834,v2_nested_200x10,1,1,1,success,59,22.206751513815963,32.84168666403237,4.667669866340301,51,1,30.0,0.45,20.0,1.0,25,1,200,0.002,100,10.0,1.0,0,47,0,0.7966101694915254,0.3880324043137115,-0.47344560160359384,-1.9377232376781,0.02686580658396311,0.030013420414644096,0.04474551355695452,1.2336368278927796,1.014614292790307,0.38939759394762863,0.3679139026923229,0.9774042860198465,0.9706445009619371,1.0724551439550059,289.1000679519329
869,40869,40086,900009,6a22834,v2_nested_200x10,1,1,1,success,56,19.983184640790583,28.640659994771475,4.592580790171449,51,1,30.0,0.45,20.0,1.0,25,1,200,0.002,100,10.0,1.0,0,47,0,0.8392857142857143,0.3880324043137115,-0.47344560160359384,-1.9377232376781,0.02686580658396311,0.030013420414644096,0.04474551355695452,1.2336368278927796,1.014614292790307,0.38939759394762863,0.3679139026923229,0.9774042860198465,0.9706445009619371,1.0724551439550059,290.1487323638524
870,40870,40087,900000,6a22834,v2_nested_200x10,1,1,1,success,53,15.502664304191748,21.81088221874674,23.0482806916543,46,1,30.0,0.45,20.0,1.0,25,1,200,0.002,100,10.0,1.0,0,40,0,0.7547169811320755,0.37682151836069244,-0.30567609557313985,0.2707393460641474,0.02123063744921763,0.033857100741084285,0.030447976921261208,1.5809228423866348,0.731753737539831,0.31076849762042014,0.5212608361334304,1.052251766717288,1.0928117056434192,1.069060090229764,285.1928660626041
871,40871,40087,900001,6a22834,v2_nested_200x10,1,1,1,success,58,5.0552488700335685,19.508403321471302,13.839005669537897,48,1,30.0,0.45,20.0,1.0,25,1,200,0.002,100,10.0,1.0,4,46,0,0.7931034482758621,0.37682151836069244,-0.30567609557313985,0.2707393460641474,0.02123063744921763,0.033857100741084285,0.030447976921261208,1.5809228423866348,0.731753737539831,0.31076849762042014,0.5212608361334304,1.052251766717288,1.0928117056434192,1.069060090229764,281.0825293798525
872,40872,40087,900002,6a22834,v2_nested_200x10,1,1,1,success,54,12.689531526401018,16.881638762249427,26.407119355854494,45,1,30.0,0.45,20.0,1.0,25,1,200,0.002,100,10.0,1.0,0,39,0,0.7222222222222222,0.37682151836069244,-0.30567609557313985,0.2707393460641474,0.02123063744921763,0.033857100741084285,0.030447976921261208,1.5809228423866348,0.731753737539831,0.31076849762042014,0.5212608361334304,1.052251766717288,1.0928117056434192,1.069060090229764,284.0955328546173
873,40873,40087,900003,6a22834,v2_nested_200x10,1,1,1,success,53,16.614837329878053,11.206960343934151,22.875423666418143,45,1,30.0,0.45,20.0,1.0,25,1,200,0.002,100,10.0,1.0,0,37,0,0.6981132075471698,0.37682151836069244,-0.30567609557313985,0.2707393460641474,0.02123063744921763,0.033857100741084285,0.030447976921261208,1.5809228423866348,0.731753737539831,0.31076849762042014,0.5212608361334304,1.052251766717288,1.0928117056434192,1.069060090229764,284.28421687146226
874,40874,40087,900004,6a22834,v2_nested_200x10,1,1,1,success,54,8.168561816819096,10.840654788187305,8.487323903870504,47,1,30.0,0.45,20.0,1.0,25,1,200,0.002,100,10.0,1.0,0,41,0,0.7592592592592593,0.37682151836069244,-0.30567609557313985,0.2707393460641474,0.02123063744921763,0.033857100741084285,0.030447976921261208,1.5809228423866348,0.731753737539831,0.31076849762042014,0.5212608361334304,1.052251766717288,1.0928117056434192,1.069060090229764,283.06416693137066
875,40875,40087,900005,6a22834,v2_nested_200x10,1,1,1,success,52,15.077044821890397,17.878147740960195,12.420330068449989,45,1,30.0,0.45,20.0,1.0,25,1,200,0.002,100,10.0,1.0,0,40,0,0.7692307692307693,0.37682151836069244,-0.30567609557313985,0.2707393460641474,0.02123063744921763,0.033857100741084285,0.030447976921261208,1.5809228423866348,0.731753737539831,0.31076849762042014,0.5212608361334304,1.052251766717288,1.0928117056434192,1.069060090229764,284.3083446051889
876,40876,40087,900006,6a22834,v2_nested_200x10,1,1,1,success,59,19.700213611824672,15.163361503428213,18.122205333926633,46,1,30.0,0.45,20.0,1.0,25,1,200,0.002,100,10.0,1.0,0,45,0,0.7627118644067796,0.37682151836069244,-0.30567609557313985,0.2707393460641474,0.02123063744921763,0.033857100741084285,0.030447976921261208,1.5809228423866348,0.731753737539831,0.31076849762042014,0.5212608361334304,1.052251766717288,1.0928117056434192,1.069060090229764,284.0254218758279
877,40877,40087,900007,6a22834,v2_nested_200x10,1,1,1,success,58,13.614929480121624,18.524162039612378,19.209091666128423,46,1,30.0,0.45,20.0,1.0,25,1,200,0.002,100,10.0,1.0,0,45,0,0.7758620689655172,0.37682151836069244,-0.30567609557313985,0.2707393460641474,0.02123063744921763,0.033857100741084285,0.030447976921261208,1.5809228423866348,0.731753737539831,0.31076849762042014,0.5212608361334304,1.052251766717288,1.0928117056434192,1.069060090229764,284.71850892556256
878,40878,40087,900008,6a22834,v2_nested_200x10,1,1,1,success,57,7.73536245162054,22.03998172987485,17.675004457003627,45,1,30.0,0.45,20.0,1.0,25,1,200,0.002,100,10.0,1.0,0,47,0,0.8245614035087719,0.37682151836069244,-0.30567609557313985,0.2707393460641474,0.02123063744921763,0.033857100741084285,0.030447976921261208,1.5809228423866348,0.731753737539831,0.31076849762042014,0.5212608361334304,1.052251766717288,1.0928117056434192,1.069060090229764,283.3292836631178
879,40879,40087,900009,6a22834,v2_nested_200x10,1,1,1,success,52,4.093042286441887,20.0551520450753,16.58567067945842,45,1,30.0,0.45,20.0,1.0,25,1,200,0.002,100,10.0,1.0,0,41,0,0.7884615384615384,0.37682151836069244,-0.30567609557313985,0.2707393460641474,0.02123063744921763,0.033857100741084285,0.030447976921261208,1.5809228423866348,0.731753737539831,0.31076849762042014,0.5212608361334304,1.052251766717288,1.0928117056434192,1.069060090229764,284.14637241046904
880,40880,40088,900000,6a22834,v2_nested_200x10,1,1,1,success,51,12.540237670850933,10.815679421217169,4.846053133412961,46,1,30.0,0.45,20.0,1.0,25,1,200,0.002,100,10.0,1.0,0,40,0,0.7843137254901961,0.3083563271267842,-0.38064387403025024,1.823397408352334,0.024197063401631157,0.03655692621023545,0.118366643730608,1.796904752128653,1.3409083900852528,0.3339429927838109,0.4117004470650106,0.9873249660684136,1.0936971776609459,0.890530709553977,281.4925587374886
881,40881,40088,900001,6a22834,v2_nested_200x10,1,1,1,success,54,7.576573429901793,13.279065916001528,5.124170502555011,48,1,30.0,0.45,20.0,1.0,25,1,200,0.002,100,10.0,1.0,0,37,0,0.6851851851851852,0.3083563271267842,-0.38064387403025024,1.823397408352334,0.024197063401631157,0.03655692621023545,0.118366643730608,1.796904752128653,1.3409083900852528,0.3339429927838109,0.4117004470650106,0.9873249660684136,1.0936971776609459,0.890530709553977,280.8839420715509
882,40882,40088,900002,6a22834,v2_nested_200x10,1,1,1,success,51,2.734408177591279,13.154591485299623,8.111170319003108,45,1,30.0,0.45,20.0,1.0,25,1,200,0.002,100,10.0,1.0,0,40,0,0.7843137254901961,0.3083563271267842,-0.38064387403025024,1.823397408352334,0.024197063401631157,0.03655692621023545,0.118366643730608,1.796904752128653,1.3409083900852528,0.3339429927838109,0.4117004470650106,0.9873249660684136,1.0936971776609459,0.890530709553977,282.24244064114527
883,40883,40088,900003,6a22834,v2_nested_200x10,1,1,1,success,54,10.100125144202934,19.82847673757703,10.382533373479808,47,1,30.0,0.45,20.0,1.0,25,1,200,0.002,100,10.0,1.0,0,39,0,0.7222222222222222,0.3083563271267842,-0.38064387403025024,1.823397408352334,0.024197063401631157,0.03655692621023545,0.118366643730608,1.796904752128653,1.3409083900852528,0.3339429927838109,0.4117004470650106,0.9873249660684136,1.0936971776609459,0.890530709553977,282.4986078021986
884,40884,40088,900004,6a22834,v2_nested_200x10,1,1,1,success,57,5.656882244425704,11.43655349997983,0.45087205370589395,54,1,30.0,0.45,20.0,1.0,25,1,200,0.002,100,10.0,1.0,0,46,0,0.8070175438596491,0.3083563271267842,-0.38064387403025024,1.823397408352334,0.024197063401631157,0.03655692621023545,0.118366643730608,1.796904752128653,1.3409083900852528,0.3339429927838109,0.4117004470650106,0.9873249660684136,1.0936971776609459,0.890530709553977,282.7000880955849
885,40885,40088,900005,6a22834,v2_nested_200x10,1,1,1,success,52,11.08758312161404,16.585974787752885,5.165332521205876,46,1,30.0,0.45,20.0,1.0,25,1,200,0.002,100,10.0,1.0,0,43,0,0.8269230769230769,0.3083563271267842,-0.38064387403025024,1.823397408352334,0.024197063401631157,0.03655692621023545,0.118366643730608,1.796904752128653,1.3409083900852528,0.3339429927838109,0.4117004470650106,0.9873249660684136,1.0936971776609459,0.890530709553977,280.3696110077077
886,40886,40088,900006,6a22834,v2_nested_200x10,1,1,1,success,53,7.139874161169578,15.733468528271612,7.008816721536436,47,1,30.0,0.45,20.0,1.0,25,1,200,0.002,100,10.0,1.0,0,40,0,0.7547169811320755,0.3083563271267842,-0.38064387403025024,1.823397408352334,0.024197063401631157,0.03655692621023545,0.118366643730608,1.796904752128653,1.3409083900852528,0.3339429927838109,0.4117004470650106,0.9873249660684136,1.0936971776609459,0.890530709553977,281.44437390600547
887,40887,40088,900007,6a22834,v2_nested_200x10,1,1,1,success,51,12.875167435003565,13.4388682070119,7.218376845763786,44,1,30.0,0.45,20.0,1.0,25,1,200,0.002,100,10.0,1.0,0,42,0,0.8235294117647058,0.3083563271267842,-0.38064387403025024,1.823397408352334,0.024197063401631157,0.03655692621023545,0.118366643730608,1.796904752128653,1.3409083900852528,0.3339429927838109,0.4117004470650106,0.9873249660684136,1.0936971776609459,0.890530709553977,282.40553839360496
888,40888,40088,900008,6a22834,v2_nested_200x10,1,1,1,success,53,12.522925326518857,22.029251287357848,8.329808344616845,46,1,30.0,0.45,20.0,1.0,25,1,200,0.002,100,10.0,1.0,0,42,0,0.7924528301886793,0.3083563271267842,-0.38064387403025024,1.823397408352334,0.024197063401631157,0.03655692621023545,0.118366643730608,1.796904752128653,1.3409083900852528,0.3339429927838109,0.4117004470650106,0.9873249660684136,1.0936971776609459,0.890530709553977,281.910478318989
889,40889,40088,900009,6a22834,v2_nested_200x10,1,1,1,success,53,16.899503817930967,17.937579567362363,5.615818845740941,47,1,30.0,0.45,20.0,1.0,25,1,200,0.002,100,10.0,1.0,0,41,0,0.7735849056603774,0.3083563271267842,-0.38064387403025024,1.823397408352334,0.024197063401631157,0.03655692621023545,0.118366643730608,1.796904752128653,1.3409083900852528,0.3339429927838109,0.4117004470650106,0.9873249660684136,1.0936971776609459,0.890530709553977,281.58360677356717
890,40890,40089,900000,6a22834,v2_nested_200x10,1,1,1,success,68,14.739735126755248,20.294953080387625,8.175941187626425,62,1,30.0,0.45,20.0,1.0,25,1,200,0.002,100,10.0,1.0,0,62,0,0.9117647058823529,0.3259700414379647,-0.5670182476928599,0.03454314550518589,0.02275594556396072,0.034480424259614284,0.07880305937862407,1.5659918241802697,0.6361247225290294,0.33707392545274345,0.5244345023511339,1.021862903122187,1.0322847072292958,0.8384787003014442,281.48680560765285
891,40891,40089,900001,6a22834,v2_nested_200x10,1,1,1,success,60,5.044847584921634,16.99158433545674,12.091103345820423,52,1,30.0,0.45,20.0,1.0,25,1,200,0.002,100,10.0,1.0,0,46,0,0.7666666666666667,0.3259700414379647,-0.5670182476928599,0.03454314550518589,0.02275594556396072,0.034480424259614284,0.07880305937862407,1.5659918241802697,0.6361247225290294,0.33707392545274345,0.5244345023511339,1.021862903122187,1.0322847072292958,0.8384787003014442,288.0575410472654
892,40892,40089,900002,6a22834,v2_nested_200x10,1,1,1,success,57,20.106075734470032,23.37283639523467,4.980920949472461,50,1,30.0,0.45,20.0,1.0,25,1,200,0.002,100,10.0,1.0,0,45,0,0.7894736842105263,0.3259700414379647,-0.5670182476928599,0.03454314550518589,0.02275594556396072,0.034480424259614284,0.07880305937862407,1.5659918241802697,0.6361247225290294,0.33707392545274345,0.5244345023511339,1.021862903122187,1.0322847072292958,0.8384787003014442,287.273027094164
893,40893,40089,900003,6a22834,v2_nested_200x10,1,1,1,success,66,22.21405182384499,23.933444202311144,0.8673069723948765,63,1,30.0,0.45,20.0,1.0,25,1,200,0.002,100,10.0,1.0,0,58,0,0.8787878787878788,0.3259700414379647,-0.5670182476928599,0.03454314550518589,0.02275594556396072,0.034480424259614284,0.07880305937862407,1.5659918241802697,0.6361247225290294,0.33707392545274345,0.5244345023511339,1.021862903122187,1.0322847072292958,0.8384787003014442,267.2504033828069
894,40894,40089,900004,6a22834,v2_nested_200x10,1,1,1,success,58,19.90879045224587,20.81834751572029,5.873519778295954,51,1,30.0,0.45,20.0,1.0,25,1,200,0.002,100,10.0,1.0,0,45,0,0.7758620689655172,0.3259700414379647,-0.5670182476928599,0.03454314550518589,0.02275594556396072,0.034480424259614284,0.07880305937862407,1.5659918241802697,0.6361247225290294,0.33707392545274345,0.5244345023511339,1.021862903122187,1.0322847072292958,0.8384787003014442,287.2806832595976
895,40895,40089,900005,6a22834,v2_nested_200x10,1,1,1,success,58,9.477168023182593,14.578210212669658,2.7821583389538342,53,1,30.0,0.45,20.0,1.0,25,1,200,0.002,100,10.0,1.0,0,40,0,0.6896551724137931,0.3259700414379647,-0.5670182476928599,0.03454314550518589,0.02275594556396072,0.034480424259614284,0.07880305937862407,1.5659918241802697,0.6361247225290294,0.33707392545274345,0.5244345023511339,1.021862903122187,1.0322847072292958,0.8384787003014442,286.088731508842
896,40896,40089,900006,6a22834,v2_nested_200x10,0,1,0,timeout,200,346.63639826192065,nan,nan,-1,1,30.0,0.45,20.0,1.0,25,1,200,0.002,100,10.0,1.0,60,194,0,0.97,0.3259700414379647,-0.5670182476928599,0.03454314550518589,0.02275594556396072,0.034480424259614284,0.07880305937862407,1.5659918241802697,0.6361247225290294,0.33707392545274345,0.5244345023511339,1.021862903122187,1.0322847072292958,0.8384787003014442,-33.6419539751435
897,40897,40089,900007,6a22834,v2_nested_200x10,1,1,1,success,60,9.806135278185065,16.612317639517823,17.269272882672666,51,1,30.0,0.45,20.0,1.0,25,1,200,0.002,100,10.0,1.0,0,50,0,0.8333333333333334,0.3259700414379647,-0.5670182476928599,0.03454314550518589,0.02275594556396072,0.034480424259614284,0.07880305937862407,1.5659918241802697,0.6361247225290294,0.33707392545274345,0.5244345023511339,1.021862903122187,1.0322847072292958,0.8384787003014442,287.75409814866316
898,40898,40089,900008,6a22834,v2_nested_200x10,1,1,1,success,59,19.968442225363923,18.878900825297002,2.6973216641734106,52,1,30.0,0.45,20.0,1.0,25,1,200,0.002,100,10.0,1.0,0,44,0,0.7457627118644068,0.3259700414379647,-0.5670182476928599,0.03454314550518589,0.02275594556396072,0.034480424259614284,0.07880305937862407,1.5659918241802697,0.6361247225290294,0.33707392545274345,0.5244345023511339,1.021862903122187,1.0322847072292958,0.8384787003014442,288.76337974645276
899,40899,40089,900009,6a22834,v2_nested_200x10,1,1,1,success,56,15.323632372791844,17.83991878972111,8.464742463519691,50,1,30.0,0.45,20.0,1.0,25,1,200,0.002,100,10.0,1.0,0,48,0,0.8571428571428571,0.3259700414379647,-0.5670182476928599,0.03454314550518589,0.02275594556396072,0.034480424259614284,0.07880305937862407,1.5659918241802697,0.6361247225290294,0.33707392545274345,0.5244345023511339,1.021862903122187,1.0322847072292958,0.8384787003014442,287.74488216607335
900,40900,40090,900000,6a22834,v2_nested_200x10,1,1,1,success,60,11.809689484535786,21.701747451274667,10.127124139696345,52,1,30.0,0.45,20.0,1.0,25,1,200,0.002,100,10.0,1.0,0,47,0,0.7833333333333333,0.3661093094326429,-0.6699800657381189,0.12568244401938333,0.025263802686002774,0.038488230772005715,0.07020081682489712,1.5474626157065567,0.9802342742863159,0.38972547580348993,0.21049295395124185,1.0162129747628317,0.9687151191851674,1.0121685884513438,289.6947494071454
901,40901,40090,900001,6a22834,v2_nested_200x10,1,1,1,success,67,12.952374069446833,15.628407093409923,10.027031282767952,59,1,30.0,0.45,20.0,1.0,25,1,200,0.002,100,10.0,1.0,0,50,0,0.746268656716418,0.3661093094326429,-0.6699800657381189,0.12568244401938333,0.025263802686002774,0.038488230772005715,0.07020081682489712,1.5474626157065567,0.9802342742863159,0.38972547580348993,0.21049295395124185,1.0162129747628317,0.9687151191851674,1.0121685884513438,288.78938948038467
902,40902,40090,900002,6a22834,v2_nested_200x10,1,1,1,success,76,19.17192506290907,17.14319963935986,3.5932635847037435,73,1,30.0,0.45,20.0,1.0,25,1,200,0.002,100,10.0,1.0,4,62,0,0.8157894736842105,0.3661093094326429,-0.6699800657381189,0.12568244401938333,0.025263802686002774,0.038488230772005715,0.07020081682489712,1.5474626157065567,0.9802342742863159,0.38972547580348993,0.21049295395124185,1.0162129747628317,0.9687151191851674,1.0121685884513438,285.4072889227424
903,40903,40090,900003,6a22834,v2_nested_200x10,1,1,1,success,70,25.1260060982162,15.661110713522445,10.482648794898621,55,1,30.0,0.45,20.0,1.0,25,1,200,0.002,100,10.0,1.0,0,55,0,0.7857142857142857,0.3661093094326429,-0.6699800657381189,0.12568244401938333,0.025263802686002774,0.038488230772005715,0.07020081682489712,1.5474626157065567,0.9802342742863159,0.38972547580348993,0.21049295395124185,1.0162129747628317,0.9687151191851674,1.0121685884513438,284.108788678691
904,40904,40090,900004,6a22834,v2_nested_200x10,1,1,1,success,60,22.95947944418771,19.1429437033613,21.287147682070522,53,1,30.0,0.45,20.0,1.0,25,1,200,0.002,100,10.0,1.0,0,48,0,0.8,0.3661093094326429,-0.6699800657381189,0.12568244401938333,0.025263802686002774,0.038488230772005715,0.07020081682489712,1.5474626157065567,0.9802342742863159,0.38972547580348993,0.21049295395124185,1.0162129747628317,0.9687151191851674,1.0121685884513438,290.5343938521935
905,40905,40090,900005,6a22834,v2_nested_200x10,1,1,1,success,63,9.342379061952904,8.365217836310418,19.75216674208201,55,1,30.0,0.45,20.0,1.0,25,1,200,0.002,100,10.0,1.0,0,49,0,0.7777777777777778,0.3661093094326429,-0.6699800657381189,0.12568244401938333,0.025263802686002774,0.038488230772005715,0.07020081682489712,1.5474626157065567,0.9802342742863159,0.38972547580348993,0.21049295395124185,1.0162129747628317,0.9687151191851674,1.0121685884513438,291.3105278046814
906,40906,40090,900006,6a22834,v2_nested_200x10,1,1,1,success,80,10.49128013389028,4.569139129931018,3.4637243841056713,75,1,30.0,0.45,20.0,1.0,25,1,200,0.002,100,10.0,1.0,0,62,0,0.775,0.3661093094326429,-0.6699800657381189,0.12568244401938333,0.025263802686002774,0.038488230772005715,0.07020081682489712,1.5474626157065567,0.9802342742863159,0.38972547580348993,0.21049295395124185,1.0162129747628317,0.9687151191851674,1.0121685884513438,288.76907696919096
907,40907,40090,900007,6a22834,v2_nested_200x10,1,1,1,success,72,9.694411053726,9.395181690108254,3.529769410778825,68,1,30.0,0.45,20.0,1.0,25,1,200,0.002,100,10.0,1.0,0,61,0,0.8472222222222222,0.3661093094326429,-0.6699800657381189,0.12568244401938333,0.025263802686002774,0.038488230772005715,0.07020081682489712,1.5474626157065567,0.9802342742863159,0.38972547580348993,0.21049295395124185,1.0162129747628317,0.9687151191851674,1.0121685884513438,287.7407004981091
908,40908,40090,900008,6a22834,v2_nested_200x10,1,1,1,success,64,9.442222425490012,10.937847160719683,2.0752689449955604,61,1,30.0,0.45,20.0,1.0,25,1,200,0.002,100,10.0,1.0,0,53,0,0.828125,0.3661093094326429,-0.6699800657381189,0.12568244401938333,0.025263802686002774,0.038488230772005715,0.07020081682489712,1.5474626157065567,0.9802342742863159,0.38972547580348993,0.21049295395124185,1.0162129747628317,0.9687151191851674,1.0121685884513438,290.13532060722036
909,40909,40090,900009,6a22834,v2_nested_200x10,1,1,1,success,61,14.83294880769,23.969977660050713,1.755498206940102,55,1,30.0,0.45,20.0,1.0,25,1,200,0.002,100,10.0,1.0,0,44,0,0.7213114754098361,0.3661093094326429,-0.6699800657381189,0.12568244401938333,0.025263802686002774,0.038488230772005715,0.07020081682489712,1.5474626157065567,0.9802342742863159,0.38972547580348993,0.21049295395124185,1.0162129747628317,0.9687151191851674,1.0121685884513438,287.6881750410267
910,40910,40091,900000,6a22834,v2_nested_200x10,1,1,1,success,57,7.4934561888139015,52.74079222280345,32.825836738590546,46,1,30.0,0.45,20.0,1.0,25,1,200,0.002,100,10.0,1.0,4,40,0,0.7017543859649122,0.3733941774529557,-0.31873594455821014,-0.9750317298697819,0.02080565850060842,0.03934741905974336,0.08985612883042507,1.4655462068874003,0.9486766337221744,0.3862595006547743,0.3695064875592777,1.0466714270993198,1.0366590889214338,0.8965481483378623,281.6238645112874
911,40911,40091,900001,6a22834,v2_nested_200x10,1,1,1,success,74,6.101244256906728,14.285974718453563,6.98510157763729,65,1,30.0,0.45,20.0,1.0,25,1,200,0.002,100,10.0,1.0,0,55,0,0.7432432432432432,0.3733941774529557,-0.31873594455821014,-0.9750317298697819,0.02080565850060842,0.03934741905974336,0.08985612883042507,1.4655462068874003,0.9486766337221744,0.3862595006547743,0.3695064875592777,1.0466714270993198,1.0366590889214338,0.8965481483378623,284.08497586157284
912,40912,40091,900002,6a22834,v2_nested_200x10,1,1,1,success,54,6.644230315013985,25.095177070832605,12.896607384060713,45,1,30.0,0.45,20.0,1.0,25,1,200,0.002,100,10.0,1.0,0,36,0,0.6666666666666666,0.3733941774529557,-0.31873594455821014,-0.9750317298697819,0.02080565850060842,0.03934741905974336,0.08985612883042507,1.4655462068874003,0.9486766337221744,0.3862595006547743,0.3695064875592777,1.0466714270993198,1.0366590889214338,0.8965481483378623,282.55154037669604
913,40913,40091,900003,6a22834,v2_nested_200x10,1,1,1,success,54,15.056358414804713,26.86768688958822,6.767941087552835,46,1,30.0,0.45,20.0,1.0,25,1,200,0.002,100,10.0,1.0,0,45,0,0.8333333333333334,0.3733941774529557,-0.31873594455821014,-0.9750317298697819,0.02080565850060842,0.03934741905974336,0.08985612883042507,1.4655462068874003,0.9486766337221744,0.3862595006547743,0.3695064875592777,1.0466714270993198,1.0366590889214338,0.8965481483378623,282.0753144999053
914,40914,40091,900004,6a22834,v2_nested_200x10,1,1,1,success,54,12.25104036670505,22.019020806777252,3.3170111389757477,46,1,30.0,0.45,20.0,1.0,25,1,200,0.002,100,10.0,1.0,0,43,0,0.7962962962962963,0.3733941774529557,-0.31873594455821014,-0.9750317298697819,0.02080565850060842,0.03934741905974336,0.08985612883042507,1.4655462068874003,0.9486766337221744,0.3862595006547743,0.3695064875592777,1.0466714270993198,1.0366590889214338,0.8965481483378623,281.79706987962686
915,40915,40091,900005,6a22834,v2_nested_200x10,1,1,1,success,58,19.516174656091188,32.01933818805289,7.5084278679612675,45,1,30.0,0.45,20.0,1.0,25,1,200,0.002,100,10.0,1.0,0,54,0,0.9310344827586207,0.3733941774529557,-0.31873594455821014,-0.9750317298697819,0.02080565850060842,0.03934741905974336,0.08985612883042507,1.4655462068874003,0.9486766337221744,0.3862595006547743,0.3695064875592777,1.0466714270993198,1.0366590889214338,0.8965481483378623,282.2148985799495
916,40916,40091,900006,6a22834,v2_nested_200x10,1,1,1,success,53,6.917821381693343,24.62500360323833,11.931304023460644,46,1,30.0,0.45,20.0,1.0,25,1,200,0.002,100,10.0,1.0,0,43,0,0.8113207547169812,0.3733941774529557,-0.31873594455821014,-0.9750317298697819,0.02080565850060842,0.03934741905974336,0.08985612883042507,1.4655462068874003,0.9486766337221744,0.3862595006547743,0.3695064875592777,1.0466714270993198,1.0366590889214338,0.8965481483378623,284.16249381157
917,40917,40091,900007,6a22834,v2_nested_200x10,1,1,1,success,52,22.49451558093442,31.862442686486116,6.832555814343385,46,1,30.0,0.45,20.0,1.0,25,1,200,0.002,100,10.0,1.0,0,39,0,0.75,0.3733941774529557,-0.31873594455821014,-0.9750317298697819,0.02080565850060842,0.03934741905974336,0.08985612883042507,1.4655462068874003,0.9486766337221744,0.3862595006547743,0.3695064875592777,1.0466714270993198,1.0366590889214338,0.8965481483378623,283.0777020729095
918,40918,40091,900008,6a22834,v2_nested_200x10,1,1,1,success,51,16.630288859497142,39.01884726070791,18.967789264645134,45,1,30.0,0.45,20.0,1.0,25,1,200,0.002,100,10.0,1.0,0,43,0,0.8431372549019608,0.3733941774529557,-0.31873594455821014,-0.9750317298697819,0.02080565850060842,0.03934741905974336,0.08985612883042507,1.4655462068874003,0.9486766337221744,0.3862595006547743,0.3695064875592777,1.0466714270993198,1.0366590889214338,0.8965481483378623,284.06505907950043
919,40919,40091,900009,6a22834,v2_nested_200x10,1,1,1,success,56,12.552100822369662,24.81313025669714,12.752934649804914,45,1,30.0,0.45,20.0,1.0,25,1,200,0.002,100,10.0,1.0,0,45,0,0.8035714285714286,0.3733941774529557,-0.31873594455821014,-0.9750317298697819,0.02080565850060842,0.03934741905974336,0.08985612883042507,1.4655462068874003,0.9486766337221744,0.3862595006547743,0.3695064875592777,1.0466714270993198,1.0366590889214338,0.8965481483378623,281.8337394103544
920,40920,40092,900000,6a22834,v2_nested_200x10,0,1,0,timeout,200,107.93359842192439,34.80946074503458,107.62169904316444,53,1,30.0,0.45,20.0,1.0,25,1,200,0.002,100,10.0,1.0,0,188,0,0.94,0.3876699443486623,-0.5935527602274545,-0.7560796378214611,0.021344096289018337,0.03480122258799615,0.08451568690903741,1.734543443209557,0.806148797184111,0.35157640020333153,0.29265344796216936,1.1352457672228085,1.0346089141762442,1.1337110817090226,50.92997552586514
921,40921,40092,900001,6a22834,v2_nested_200x10,1,1,1,success,64,12.008225748450881,10.479523295959613,12.340832000770119,57,1,30.0,0.45,20.0,1.0,25,1,200,0.002,100,10.0,1.0,0,47,0,0.734375,0.3876699443486623,-0.5935527602274545,-0.7560796378214611,0.021344096289018337,0.03480122258799615,0.08451568690903741,1.734543443209557,0.806148797184111,0.35157640020333153,0.29265344796216936,1.1352457672228085,1.0346089141762442,1.1337110817090226,290.2496295842948
922,40922,40092,900002,6a22834,v2_nested_200x10,0,1,0,timeout,200,113.30761195751725,32.85040600142047,115.27886992766223,55,1,30.0,0.45,20.0,1.0,25,1,200,0.002,100,10.0,1.0,0,185,0,0.925,0.3876699443486623,-0.5935527602274545,-0.7560796378214611,0.021344096289018337,0.03480122258799615,0.08451568690903741,1.734543443209557,0.806148797184111,0.35157640020333153,0.29265344796216936,1.1352457672228085,1.0346089141762442,1.1337110817090226,51.02926517060934
923,40923,40092,900003,6a22834,v2_nested_200x10,1,1,1,success,62,5.40181485228637,31.939330283674952,3.14272533061094,54,1,30.0,0.45,20.0,1.0,25,1,200,0.002,100,10.0,1.0,0,48,0,0.7741935483870968,0.3876699443486623,-0.5935527602274545,-0.7560796378214611,0.021344096289018337,0.03480122258799615,0.08451568690903741,1.734543443209557,0.806148797184111,0.35157640020333153,0.29265344796216936,1.1352457672228085,1.0346089141762442,1.1337110817090226,289.2084560594237
924,40924,40092,900004,6a22834,v2_nested_200x10,0,1,0,timeout,200,346.3767921593977,28.01647724177609,348.84482092309526,52,0,30.0,0.45,20.0,1.0,25,1,200,0.002,100,10.0,1.0,0,182,0,0.91,0.3876699443486623,-0.5935527602274545,-0.7560796378214611,0.021344096289018337,0.03480122258799615,0.08451568690903741,1.734543443209557,0.806148797184111,0.35157640020333153,0.29265344796216936,1.1352457672228085,1.0346089141762442,1.1337110817090226,42.266837219256246
925,40925,40092,900005,6a22834,v2_nested_200x10,1,1,1,success,61,17.54805739379776,19.58978187901305,11.18206026611879,52,1,30.0,0.45,20.0,1.0,25,1,200,0.002,100,10.0,1.0,0,44,0,0.7213114754098361,0.3876699443486623,-0.5935527602274545,-0.7560796378214611,0.021344096289018337,0.03480122258799615,0.08451568690903741,1.734543443209557,0.806148797184111,0.35157640020333153,0.29265344796216936,1.1352457672228085,1.0346089141762442,1.1337110817090226,285.7313857015006
926,40926,40092,900006,6a22834,v2_nested_200x10,1,1,1,success,65,25.375940987952077,32.44209435411713,17.409706054356388,56,1,30.0,0.45,20.0,1.0,25,1,200,0.002,100,10.0,1.0,0,49,0,0.7538461538461538,0.3876699443486623,-0.5935527602274545,-0.7560796378214611,0.021344096289018337,0.03480122258799615,0.08451568690903741,1.734543443209557,0.806148797184111,0.35157640020333153,0.29265344796216936,1.1352457672228085,1.0346089141762442,1.1337110817090226,290.95740985284215
927,40927,40092,900007,6a22834,v2_nested_200x10,1,1,1,success,63,8.582465864106032,22.431497232435753,11.706445763970383,55,1,30.0,0.45,20.0,1.0,25,1,200,0.002,100,10.0,1.0,0,50,0,0.7936507936507936,0.3876699443486623,-0.5935527602274545,-0.7560796378214611,0.021344096289018337,0.03480122258799615,0.08451568690903741,1.734543443209557,0.806148797184111,0.35157640020333153,0.29265344796216936,1.1352457672228085,1.0346089141762442,1.1337110817090226,291.4030205636122
928,40928,40092,900008,6a22834,v2_nested_200x10,1,1,1,success,66,20.869165494460876,21.74816562113146,19.518617821328164,54,1,30.0,0.45,20.0,1.0,25,1,200,0.002,100,10.0,1.0,0,47,0,0.7121212121212122,0.3876699443486623,-0.5935527602274545,-0.7560796378214611,0.021344096289018337,0.03480122258799615,0.08451568690903741,1.734543443209557,0.806148797184111,0.35157640020333153,0.29265344796216936,1.1352457672228085,1.0346089141762442,1.1337110817090226,289.44120863200436
929,40929,40092,900009,6a22834,v2_nested_200x10,1,1,1,success,61,23.349114445121327,23.14027230970417,11.680564285702644,55,1,30.0,0.45,20.0,1.0,25,1,200,0.002,100,10.0,1.0,0,49,0,0.8032786885245902,0.3876699443486623,-0.5935527602274545,-0.7560796378214611,0.021344096289018337,0.03480122258799615,0.08451568690903741,1.734543443209557,0.806148797184111,0.35157640020333153,0.29265344796216936,1.1352457672228085,1.0346089141762442,1.1337110817090226,289.0198696592843
930,40930,40093,900000,6a22834,v2_nested_200x10,1,1,1,success,64,3.4735982588584573,22.60678797893272,20.03796794398524,54,1,30.0,0.45,20.0,1.0,25,1,200,0.002,100,10.0,1.0,0,52,0,0.8125,0.30504881157535463,-0.4058855555380233,-2.879254354764386,0.020882770787263038,0.03633015283724747,0.06771127667287166,1.2027468446428626,1.103412586183988,0.30080063218423586,0.7167433036774363,0.9675408441193193,1.0289263376370539,1.19995883804279,287.48504429740274
931,40931,40093,900001,6a22834,v2_nested_200x10,1,1,1,success,62,13.915966567149592,27.99624278478515,16.812698354230033,56,1,30.0,0.45,20.0,1.0,25,1,200,0.002,100,10.0,1.0,0,49,0,0.7903225806451613,0.30504881157535463,-0.4058855555380233,-2.879254354764386,0.020882770787263038,0.03633015283724747,0.06771127667287166,1.2027468446428626,1.103412586183988,0.30080063218423586,0.7167433036774363,0.9675408441193193,1.0289263376370539,1.19995883804279,286.97676343060925
932,40932,40093,900002,6a22834,v2_nested_200x10,1,1,1,success,62,12.432919114366294,14.640169694348584,7.20261773562726,54,1,30.0,0.45,20.0,1.0,25,1,200,0.002,100,10.0,1.0,0,52,0,0.8387096774193549,0.30504881157535463,-0.4058855555380233,-2.879254354764386,0.020882770787263038,0.03633015283724747,0.06771127667287166,1.2027468446428626,1.103412586183988,0.30080063218423586,0.7167433036774363,0.9675408441193193,1.0289263376370539,1.19995883804279,288.00295899734004
933,40933,40093,900003,6a22834,v2_nested_200x10,1,1,1,success,62,15.964035966974544,21.91460880268357,6.189019980660902,54,1,30.0,0.45,20.0,1.0,25,1,200,0.002,100,10.0,1.0,0,50,0,0.8064516129032258,0.30504881157535463,-0.4058855555380233,-2.879254354764386,0.020882770787263038,0.03633015283724747,0.06771127667287166,1.2027468446428626,1.103412586183988,0.30080063218423586,0.7167433036774363,0.9675408441193193,1.0289263376370539,1.19995883804279,287.44829066784837
934,40934,40093,900004,6a22834,v2_nested_200x10,1,1,1,success,63,19.72853712962963,18.602107260286605,5.840753774640995,55,1,30.0,0.45,20.0,1.0,25,1,200,0.002,100,10.0,1.0,0,50,0,0.7936507936507936,0.30504881157535463,-0.4058855555380233,-2.879254354764386,0.020882770787263038,0.03633015283724747,0.06771127667287166,1.2027468446428626,1.103412586183988,0.30080063218423586,0.7167433036774363,0.9675408441193193,1.0289263376370539,1.19995883804279,285.85217225095573
935,40935,40093,900005,6a22834,v2_nested_200x10,1,1,1,success,70,0.6748320449232847,10.26763847247702,4.483094159002971,66,1,30.0,0.45,20.0,1.0,25,1,200,0.002,100,10.0,1.0,0,57,0,0.8142857142857143,0.30504881157535463,-0.4058855555380233,-2.879254354764386,0.020882770787263038,0.03633015283724747,0.06771127667287166,1.2027468446428626,1.103412586183988,0.30080063218423586,0.7167433036774363,0.9675408441193193,1.0289263376370539,1.19995883804279,288.2262170785508
936,40936,40093,900006,6a22834,v2_nested_200x10,1,1,1,success,59,15.604020837045937,21.20477311478708,8.491036448402113,55,1,30.0,0.45,20.0,1.0,25,1,200,0.002,100,10.0,1.0,0,48,0,0.8135593220338984,0.30504881157535463,-0.4058855555380233,-2.879254354764386,0.020882770787263038,0.03633015283724747,0.06771127667287166,1.2027468446428626,1.103412586183988,0.30080063218423586,0.7167433036774363,0.9675408441193193,1.0289263376370539,1.19995883804279,286.9581797130347
937,40937,40093,900007,6a22834,v2_nested_200x10,1,1,1,success,61,17.531128472451368,13.657664295568658,5.589722109651394,53,1,30.0,0.45,20.0,1.0,25,1,200,0.002,100,10.0,1.0,0,53,0,0.8688524590163934,0.30504881157535463,-0.4058855555380233,-2.879254354764386,0.020882770787263038,0.03633015283724747,0.06771127667287166,1.2027468446428626,1.103412586183988,0.30080063218423586,0.7167433036774363,0.9675408441193193,1.0289263376370539,1.19995883804279,287.92324751662125
938,40938,40093,900008,6a22834,v2_nested_200x10,1,1,1,success,60,13.62187073691768,17.532712503249243,11.295051263432539,54,1,30.0,0.45,20.0,1.0,25,1,200,0.002,100,10.0,1.0,0,43,0,0.7166666666666667,0.30504881157535463,-0.4058855555380233,-2.879254354764386,0.020882770787263038,0.03633015283724747,0.06771127667287166,1.2027468446428626,1.103412586183988,0.30080063218423586,0.7167433036774363,0.9675408441193193,1.0289263376370539,1.19995883804279,288.52287709102535
939,40939,40093,900009,6a22834,v2_nested_200x10,1,1,1,success,63,17.39546744383556,17.40919909953387,2.7138438162266603,55,1,30.0,0.45,20.0,1.0,25,1,200,0.002,100,10.0,1.0,0,53,0,0.8412698412698413,0.30504881157535463,-0.4058855555380233,-2.879254354764386,0.020882770787263038,0.03633015283724747,0.06771127667287166,1.2027468446428626,1.103412586183988,0.30080063218423586,0.7167433036774363,0.9675408441193193,1.0289263376370539,1.19995883804279,285.39849076956
940,40940,40094,900000,6a22834,v2_nested_200x10,0,1,0,unsafe,28,382.64174603929797,nan,nan,-1,1,30.0,0.45,20.0,1.0,25,1,200,0.002,100,10.0,1.0,0,20,0,0.7142857142857143,0.325782314205936,-0.5402577007635749,-2.5538326238060125,0.02751644023107482,0.03436684303188994,0.03453797594238041,1.2561299107087927,0.9076244126742229,0.35384679469329,0.6609664788123578,1.0376529659131488,0.9627890594319334,1.001974256623408,-41.007281806136824
941,40941,40094,900001,6a22834,v2_nested_200x10,1,1,1,success,62,18.861055949619846,16.29097831355212,1.7799884284163523,58,1,30.0,0.45,20.0,1.0,25,1,200,0.002,100,10.0,1.0,0,47,0,0.7580645161290323,0.325782314205936,-0.5402577007635749,-2.5538326238060125,0.02751644023107482,0.03436684303188994,0.03453797594238041,1.2561299107087927,0.9076244126742229,0.35384679469329,0.6609664788123578,1.0376529659131488,0.9627890594319334,1.001974256623408,283.8912001134104
942,40942,40094,900002,6a22834,v2_nested_200x10,1,1,1,success,60,25.217246127644266,22.564805627202,3.823222869241101,56,1,30.0,0.45,20.0,1.0,25,1,200,0.002,100,10.0,1.0,0,51,0,0.85,0.325782314205936,-0.5402577007635749,-2.5538326238060125,0.02751644023107482,0.03436684303188994,0.03453797594238041,1.2561299107087927,0.9076244126742229,0.35384679469329,0.6609664788123578,1.0376529659131488,0.9627890594319334,1.001974256623408,288.2037269762224
943,40943,40094,900003,6a22834,v2_nested_200x10,1,1,1,success,65,27.397984020317235,24.917066475579414,4.838141439472292,56,1,30.0,0.45,20.0,1.0,25,1,200,0.002,100,10.0,1.0,0,54,0,0.8307692307692308,0.325782314205936,-0.5402577007635749,-2.5538326238060125,0.02751644023107482,0.03436684303188994,0.03453797594238041,1.2561299107087927,0.9076244126742229,0.35384679469329,0.6609664788123578,1.0376529659131488,0.9627890594319334,1.001974256623408,280.05780301118625
944,40944,40094,900004,6a22834,v2_nested_200x10,1,1,1,success,69,17.329647696341183,18.242349391117237,11.593204148403283,63,1,30.0,0.45,20.0,1.0,25,1,200,0.002,100,10.0,1.0,0,55,0,0.7971014492753623,0.325782314205936,-0.5402577007635749,-2.5538326238060125,0.02751644023107482,0.03436684303188994,0.03453797594238041,1.2561299107087927,0.9076244126742229,0.35384679469329,0.6609664788123578,1.0376529659131488,0.9627890594319334,1.001974256623408,285.0485130016376
945,40945,40094,900005,6a22834,v2_nested_200x10,1,1,1,success,68,9.955408036032615,16.992720906951128,2.8200155580205237,63,1,30.0,0.45,20.0,1.0,25,1,200,0.002,100,10.0,1.0,0,48,0,0.7058823529411765,0.325782314205936,-0.5402577007635749,-2.5538326238060125,0.02751644023107482,0.03436684303188994,0.03453797594238041,1.2561299107087927,0.9076244126742229,0.35384679469329,0.6609664788123578,1.0376529659131488,0.9627890594319334,1.001974256623408,286.8134017688336
946,40946,40094,900006,6a22834,v2_nested_200x10,1,1,1,success,68,9.975859648308147,29.038250885146315,33.002609851064555,61,1,30.0,0.45,20.0,1.0,25,1,200,0.002,100,10.0,1.0,0,55,0,0.8088235294117647,0.325782314205936,-0.5402577007635749,-2.5538326238060125,0.02751644023107482,0.03436684303188994,0.03453797594238041,1.2561299107087927,0.9076244126742229,0.35384679469329,0.6609664788123578,1.0376529659131488,0.9627890594319334,1.001974256623408,285.8275461135508
947,40947,40094,900007,6a22834,v2_nested_200x10,1,1,1,success,61,17.500239771517613,11.99800657771261,3.2210060454223646,57,1,30.0,0.45,20.0,1.0,25,1,200,0.002,100,10.0,1.0,0,50,0,0.819672131147541,0.325782314205936,-0.5402577007635749,-2.5538326238060125,0.02751644023107482,0.03436684303188994,0.03453797594238041,1.2561299107087927,0.9076244126742229,0.35384679469329,0.6609664788123578,1.0376529659131488,0.9627890594319334,1.001974256623408,287.7334923754075
948,40948,40094,900008,6a22834,v2_nested_200x10,1,1,1,success,63,31.327246798502664,20.679324418593815,8.697346520094646,57,1,30.0,0.45,20.0,1.0,25,1,200,0.002,100,10.0,1.0,0,43,0,0.6825396825396826,0.325782314205936,-0.5402577007635749,-2.5538326238060125,0.02751644023107482,0.03436684303188994,0.03453797594238041,1.2561299107087927,0.9076244126742229,0.35384679469329,0.6609664788123578,1.0376529659131488,0.9627890594319334,1.001974256623408,288.47691431139583
949,40949,40094,900009,6a22834,v2_nested_200x10,1,1,1,success,60,21.761362787760717,13.32428744901122,3.8079961307113344,57,1,30.0,0.45,20.0,1.0,25,1,200,0.002,100,10.0,1.0,0,45,0,0.75,0.325782314205936,-0.5402577007635749,-2.5538326238060125,0.02751644023107482,0.03436684303188994,0.03453797594238041,1.2561299107087927,0.9076244126742229,0.35384679469329,0.6609664788123578,1.0376529659131488,0.9627890594319334,1.001974256623408,287.0072876660411
950,40950,40095,900000,6a22834,v2_nested_200x10,1,1,1,success,64,24.417502788725844,25.322549268347018,5.3612106804648745,60,1,30.0,0.45,20.0,1.0,25,1,200,0.002,100,10.0,1.0,0,49,0,0.765625,0.3542023785526519,-0.6756292368179857,-1.279500667336686,0.026424110357791412,0.037693365697722116,0.041796186078776054,1.6056484196370713,1.3920355694808286,0.3500290180832597,0.5107124109242644,1.0357651393407903,0.9795689750652297,1.047714931845823,288.4632415219483
951,40951,40095,900001,6a22834,v2_nested_200x10,1,1,1,success,67,25.30829808837095,12.82559292190274,20.614088329708284,60,1,30.0,0.45,20.0,1.0,25,1,200,0.002,100,10.0,1.0,0,58,0,0.8656716417910447,0.3542023785526519,-0.6756292368179857,-1.279500667336686,0.026424110357791412,0.037693365697722116,0.041796186078776054,1.6056484196370713,1.3920355694808286,0.3500290180832597,0.5107124109242644,1.0357651393407903,0.9795689750652297,1.047714931845823,291.6611733275412
952,40952,40095,900002,6a22834,v2_nested_200x10,1,1,1,success,66,22.969287243264045,31.158552010117642,1.6491257463697382,63,1,30.0,0.45,20.0,1.0,25,1,200,0.002,100,10.0,1.0,0,54,0,0.8181818181818182,0.3542023785526519,-0.6756292368179857,-1.279500667336686,0.026424110357791412,0.037693365697722116,0.041796186078776054,1.6056484196370713,1.3920355694808286,0.3500290180832597,0.5107124109242644,1.0357651393407903,0.9795689750652297,1.047714931845823,293.2144640753016
953,40953,40095,900003,6a22834,v2_nested_200x10,1,1,1,success,65,17.12946738757374,28.162308960698464,9.039521260684378,57,1,30.0,0.45,20.0,1.0,25,1,200,0.002,100,10.0,1.0,0,57,0,0.8769230769230769,0.3542023785526519,-0.6756292368179857,-1.279500667336686,0.026424110357791412,0.037693365697722116,0.041796186078776054,1.6056484196370713,1.3920355694808286,0.3500290180832597,0.5107124109242644,1.0357651393407903,0.9795689750652297,1.047714931845823,290.62361569841505
954,40954,40095,900004,6a22834,v2_nested_200x10,1,1,1,success,70,14.692676873588951,8.633808574851859,5.80053034440813,59,1,30.0,0.45,20.0,1.0,25,1,200,0.002,100,10.0,1.0,0,51,0,0.7285714285714285,0.3542023785526519,-0.6756292368179857,-1.279500667336686,0.026424110357791412,0.037693365697722116,0.041796186078776054,1.6056484196370713,1.3920355694808286,0.3500290180832597,0.5107124109242644,1.0357651393407903,0.9795689750652297,1.047714931845823,289.4706307605034
955,40955,40095,900005,6a22834,v2_nested_200x10,1,1,1,success,67,36.01522513295002,27.09454948327106,8.704303283605318,61,1,30.0,0.45,20.0,1.0,25,1,200,0.002,100,10.0,1.0,0,51,0,0.7611940298507462,0.3542023785526519,-0.6756292368179857,-1.279500667336686,0.026424110357791412,0.037693365697722116,0.041796186078776054,1.6056484196370713,1.3920355694808286,0.3500290180832597,0.5107124109242644,1.0357651393407903,0.9795689750652297,1.047714931845823,290.3160933435545
956,40956,40095,900006,6a22834,v2_nested_200x10,1,1,1,success,72,18.199504500702563,18.141395392114188,6.496857214407293,60,1,30.0,0.45,20.0,1.0,25,1,200,0.002,100,10.0,1.0,0,59,0,0.8194444444444444,0.3542023785526519,-0.6756292368179857,-1.279500667336686,0.026424110357791412,0.037693365697722116,0.041796186078776054,1.6056484196370713,1.3920355694808286,0.3500290180832597,0.5107124109242644,1.0357651393407903,0.9795689750652297,1.047714931845823,289.04358107882683
957,40957,40095,900007,6a22834,v2_nested_200x10,1,1,1,success,80,27.715991695048896,7.281527210928713,20.514782744421062,73,1,30.0,0.45,20.0,1.0,25,1,200,0.002,100,10.0,1.0,0,68,0,0.85,0.3542023785526519,-0.6756292368179857,-1.279500667336686,0.026424110357791412,0.037693365697722116,0.041796186078776054,1.6056484196370713,1.3920355694808286,0.3500290180832597,0.5107124109242644,1.0357651393407903,0.9795689750652297,1.047714931845823,292.37156494198007
958,40958,40095,900008,6a22834,v2_nested_200x10,1,1,1,success,70,33.726184074939574,22.603880491849605,1.7414955001711472,63,1,30.0,0.45,20.0,1.0,25,1,200,0.002,100,10.0,1.0,0,62,0,0.8857142857142857,0.3542023785526519,-0.6756292368179857,-1.279500667336686,0.026424110357791412,0.037693365697722116,0.041796186078776054,1.6056484196370713,1.3920355694808286,0.3500290180832597,0.5107124109242644,1.0357651393407903,0.9795689750652297,1.047714931845823,290.70308877755775
959,40959,40095,900009,6a22834,v2_nested_200x10,1,1,1,success,74,17.372751231437615,13.54143822115533,0.12914160536758304,71,1,30.0,0.45,20.0,1.0,25,1,200,0.002,100,10.0,1.0,0,64,0,0.8648648648648649,0.3542023785526519,-0.6756292368179857,-1.279500667336686,0.026424110357791412,0.037693365697722116,0.041796186078776054,1.6056484196370713,1.3920355694808286,0.3500290180832597,0.5107124109242644,1.0357651393407903,0.9795689750652297,1.047714931845823,293.0491206519509
960,40960,40096,900000,6a22834,v2_nested_200x10,1,1,1,success,65,18.617957420334186,16.55735096477783,2.9454447064223466,60,1,30.0,0.45,20.0,1.0,25,1,200,0.002,100,10.0,1.0,0,46,0,0.7076923076923077,0.30483089447823575,-0.5934725105882902,-1.6559297296234738,0.0218683457182406,0.030909735647207344,0.05320543570586911,1.1650324789897033,0.8301766106396633,0.378528768446837,0.6689466039486555,0.9954102703203461,1.0363204721401544,0.9648990404487754,290.51253070633953
961,40961,40096,900001,6a22834,v2_nested_200x10,1,1,1,success,66,19.956553379307735,19.435077538760233,5.557129017294538,63,1,30.0,0.45,20.0,1.0,25,1,200,0.002,100,10.0,1.0,0,50,0,0.7575757575757576,0.30483089447823575,-0.5934725105882902,-1.6559297296234738,0.0218683457182406,0.030909735647207344,0.05320543570586911,1.1650324789897033,0.8301766106396633,0.378528768446837,0.6689466039486555,0.9954102703203461,1.0363204721401544,0.9648990404487754,291.01519247894146
962,40962,40096,900002,6a22834,v2_nested_200x10,1,1,1,success,63,9.952233938988565,9.34578336157475,3.1595634607865355,60,1,30.0,0.45,20.0,1.0,25,1,200,0.002,100,10.0,1.0,0,41,0,0.6507936507936508,0.30483089447823575,-0.5934725105882902,-1.6559297296234738,0.0218683457182406,0.030909735647207344,0.05320543570586911,1.1650324789897033,0.8301766106396633,0.378528768446837,0.6689466039486555,0.9954102703203461,1.0363204721401544,0.9648990404487754,289.97742725033424
963,40963,40096,900003,6a22834,v2_nested_200x10,1,1,1,success,67,17.948002856747262,16.51697617758679,1.2833701310814718,63,1,30.0,0.45,20.0,1.0,25,1,200,0.002,100,10.0,1.0,0,49,0,0.7313432835820896,0.30483089447823575,-0.5934725105882902,-1.6559297296234738,0.0218683457182406,0.030909735647207344,0.05320543570586911,1.1650324789897033,0.8301766106396633,0.378528768446837,0.6689466039486555,0.9954102703203461,1.0363204721401544,0.9648990404487754,290.43172143356236
964,40964,40096,900004,6a22834,v2_nested_200x10,1,1,1,success,69,14.961407947433576,15.14887950529035,4.227932512367736,63,1,30.0,0.45,20.0,1.0,25,1,200,0.002,100,10.0,1.0,0,52,0,0.7536231884057971,0.30483089447823575,-0.5934725105882902,-1.6559297296234738,0.0218683457182406,0.030909735647207344,0.05320543570586911,1.1650324789897033,0.8301766106396633,0.378528768446837,0.6689466039486555,0.9954102703203461,1.0363204721401544,0.9648990404487754,290.22720645788655
965,40965,40096,900005,6a22834,v2_nested_200x10,1,1,1,success,65,20.890696565000205,17.111574103257368,3.266160069013619,61,1,30.0,0.45,20.0,1.0,25,1,200,0.002,100,10.0,1.0,0,53,0,0.8153846153846154,0.30483089447823575,-0.5934725105882902,-1.6559297296234738,0.0218683457182406,0.030909735647207344,0.05320543570586911,1.1650324789897033,0.8301766106396633,0.378528768446837,0.6689466039486555,0.9954102703203461,1.0363204721401544,0.9648990404487754,291.1312542123499
966,40966,40096,900006,6a22834,v2_nested_200x10,1,1,1,success,68,23.14043736614603,19.21703442824458,4.895875000049862,62,1,30.0,0.45,20.0,1.0,25,1,200,0.002,100,10.0,1.0,0,54,0,0.7941176470588235,0.30483089447823575,-0.5934725105882902,-1.6559297296234738,0.0218683457182406,0.030909735647207344,0.05320543570586911,1.1650324789897033,0.8301766106396633,0.378528768446837,0.6689466039486555,0.9954102703203461,1.0363204721401544,0.9648990404487754,292.35878143004356
967,40967,40096,900007,6a22834,v2_nested_200x10,1,1,1,success,64,12.33174862141711,12.048816818544921,4.3900793121960575,60,1,30.0,0.45,20.0,1.0,25,1,200,0.002,100,10.0,1.0,0,47,0,0.734375,0.30483089447823575,-0.5934725105882902,-1.6559297296234738,0.0218683457182406,0.030909735647207344,0.05320543570586911,1.1650324789897033,0.8301766106396633,0.378528768446837,0.6689466039486555,0.9954102703203461,1.0363204721401544,0.9648990404487754,290.65554754953325
968,40968,40096,900008,6a22834,v2_nested_200x10,1,1,1,success,65,16.11042452702556,9.450992022306975,5.8790893627257645,62,1,30.0,0.45,20.0,1.0,25,1,200,0.002,100,10.0,1.0,0,44,0,0.676923076923077,0.30483089447823575,-0.5934725105882902,-1.6559297296234738,0.0218683457182406,0.030909735647207344,0.05320543570586911,1.1650324789897033,0.8301766106396633,0.378528768446837,0.6689466039486555,0.9954102703203461,1.0363204721401544,0.9648990404487754,291.3027177738934
969,40969,40096,900009,6a22834,v2_nested_200x10,1,1,1,success,65,15.277018811625737,16.12115830804643,4.886046824984988,60,1,30.0,0.45,20.0,1.0,25,1,200,0.002,100,10.0,1.0,0,52,0,0.8,0.30483089447823575,-0.5934725105882902,-1.6559297296234738,0.0218683457182406,0.030909735647207344,0.05320543570586911,1.1650324789897033,0.8301766106396633,0.378528768446837,0.6689466039486555,0.9954102703203461,1.0363204721401544,0.9648990404487754,290.70430118888964
970,40970,40097,900000,6a22834,v2_nested_200x10,1,1,1,success,55,18.54694274279503,16.966583321818117,6.879304019799236,48,1,30.0,0.45,20.0,1.0,25,1,200,0.002,100,10.0,1.0,0,41,0,0.7454545454545455,0.3408516231838971,-0.5901517474796114,2.0331741560369174,0.022201666835932728,0.03573150032883803,0.11652178574511539,1.9676318827796109,0.8054868373081641,0.31461873816324826,0.2161741313244242,1.0256277121091657,1.0864259954126252,1.186410103840374,283.86764546336553
971,40971,40097,900001,6a22834,v2_nested_200x10,1,1,1,success,59,16.631715908358437,10.835701161350745,9.94091403848133,50,1,30.0,0.45,20.0,1.0,25,1,200,0.002,100,10.0,1.0,0,40,0,0.6779661016949152,0.3408516231838971,-0.5901517474796114,2.0331741560369174,0.022201666835932728,0.03573150032883803,0.11652178574511539,1.9676318827796109,0.8054868373081641,0.31461873816324826,0.2161741313244242,1.0256277121091657,1.0864259954126252,1.186410103840374,284.04005290116413
972,40972,40097,900002,6a22834,v2_nested_200x10,1,1,1,success,55,12.923067436228221,18.7488078246159,2.184715588123605,46,1,30.0,0.45,20.0,1.0,25,1,200,0.002,100,10.0,1.0,0,41,0,0.7454545454545455,0.3408516231838971,-0.5901517474796114,2.0331741560369174,0.022201666835932728,0.03573150032883803,0.11652178574511539,1.9676318827796109,0.8054868373081641,0.31461873816324826,0.2161741313244242,1.0256277121091657,1.0864259954126252,1.186410103840374,285.656442762783
973,40973,40097,900003,6a22834,v2_nested_200x10,1,1,1,success,61,1.0010856986924608,1.968205939061651,0.18608918831357926,56,1,30.0,0.45,20.0,1.0,25,1,200,0.002,100,10.0,1.0,0,49,0,0.8032786885245902,0.3408516231838971,-0.5901517474796114,2.0331741560369174,0.022201666835932728,0.03573150032883803,0.11652178574511539,1.9676318827796109,0.8054868373081641,0.31461873816324826,0.2161741313244242,1.0256277121091657,1.0864259954126252,1.186410103840374,284.2380756752266
974,40974,40097,900004,6a22834,v2_nested_200x10,1,1,1,success,54,18.396487991588565,11.06818144737348,10.844616894241609,47,1,30.0,0.45,20.0,1.0,25,1,200,0.002,100,10.0,1.0,0,36,0,0.6666666666666666,0.3408516231838971,-0.5901517474796114,2.0331741560369174,0.022201666835932728,0.03573150032883803,0.11652178574511539,1.9676318827796109,0.8054868373081641,0.31461873816324826,0.2161741313244242,1.0256277121091657,1.0864259954126252,1.186410103840374,283.62361654099965
975,40975,40097,900005,6a22834,v2_nested_200x10,1,1,1,success,56,18.635197682139665,9.855931283132486,12.72661067087612,48,1,30.0,0.45,20.0,1.0,25,1,200,0.002,100,10.0,1.0,0,39,0,0.6964285714285714,0.3408516231838971,-0.5901517474796114,2.0331741560369174,0.022201666835932728,0.03573150032883803,0.11652178574511539,1.9676318827796109,0.8054868373081641,0.31461873816324826,0.2161741313244242,1.0256277121091657,1.0864259954126252,1.186410103840374,285.95123334615346
976,40976,40097,900006,6a22834,v2_nested_200x10,1,1,1,success,57,22.472159698828424,11.445098217352292,14.550526764869801,49,1,30.0,0.45,20.0,1.0,25,1,200,0.002,100,10.0,1.0,0,42,0,0.7368421052631579,0.3408516231838971,-0.5901517474796114,2.0331741560369174,0.022201666835932728,0.03573150032883803,0.11652178574511539,1.9676318827796109,0.8054868373081641,0.31461873816324826,0.2161741313244242,1.0256277121091657,1.0864259954126252,1.186410103840374,286.11706637866865
977,40977,40097,900007,6a22834,v2_nested_200x10,1,1,1,success,54,16.90747282540949,17.128875059517767,4.637164565113131,48,1,30.0,0.45,20.0,1.0,25,1,200,0.002,100,10.0,1.0,0,42,0,0.7777777777777778,0.3408516231838971,-0.5901517474796114,2.0331741560369174,0.022201666835932728,0.03573150032883803,0.11652178574511539,1.9676318827796109,0.8054868373081641,0.31461873816324826,0.2161741313244242,1.0256277121091657,1.0864259954126252,1.186410103840374,286.38492796589856
978,40978,40097,900008,6a22834,v2_nested_200x10,1,1,1,success,53,7.742774412573856,13.425083627583765,10.86685898022608,46,1,30.0,0.45,20.0,1.0,25,1,200,0.002,100,10.0,1.0,0,40,0,0.7547169811320755,0.3408516231838971,-0.5901517474796114,2.0331741560369174,0.022201666835932728,0.03573150032883803,0.11652178574511539,1.9676318827796109,0.8054868373081641,0.31461873816324826,0.2161741313244242,1.0256277121091657,1.0864259954126252,1.186410103840374,286.3660642906851
979,40979,40097,900009,6a22834,v2_nested_200x10,1,1,1,success,57,10.246992549740854,12.814543479281774,3.4372285551197406,49,1,30.0,0.45,20.0,1.0,25,1,200,0.002,100,10.0,1.0,0,44,0,0.7719298245614035,0.3408516231838971,-0.5901517474796114,2.0331741560369174,0.022201666835932728,0.03573150032883803,0.11652178574511539,1.9676318827796109,0.8054868373081641,0.31461873816324826,0.2161741313244242,1.0256277121091657,1.0864259954126252,1.186410103840374,285.99246186952115
980,40980,40098,900000,6a22834,v2_nested_200x10,1,1,1,success,52,8.868423549285508,4.603136969049562,0.8006116475372512,49,1,30.0,0.45,20.0,1.0,25,1,200,0.002,100,10.0,1.0,0,46,0,0.8846153846153846,0.35937299217880087,-0.24550026979486272,-2.2854197932188134,0.027438911980524873,0.03632300125241801,0.11962410701889249,1.0264239912687354,0.7998513638134158,0.33904408639715883,0.38240388885741894,1.014583714533588,1.0604113374955628,1.230559899367909,282.7737282690929
981,40981,40098,900001,6a22834,v2_nested_200x10,1,1,1,success,54,2.954129912100632,1.9995685363519162,3.962464735743165,49,1,30.0,0.45,20.0,1.0,25,1,200,0.002,100,10.0,1.0,0,43,0,0.7962962962962963,0.35937299217880087,-0.24550026979486272,-2.2854197932188134,0.027438911980524873,0.03632300125241801,0.11962410701889249,1.0264239912687354,0.7998513638134158,0.33904408639715883,0.38240388885741894,1.014583714533588,1.0604113374955628,1.230559899367909,282.9028605291131
982,40982,40098,900002,6a22834,v2_nested_200x10,1,1,1,success,53,9.81108205114219,17.088193636788528,17.620847146490004,43,1,30.0,0.45,20.0,1.0,25,1,200,0.002,100,10.0,1.0,0,46,0,0.8679245283018868,0.35937299217880087,-0.24550026979486272,-2.2854197932188134,0.027438911980524873,0.03632300125241801,0.11962410701889249,1.0264239912687354,0.7998513638134158,0.33904408639715883,0.38240388885741894,1.014583714533588,1.0604113374955628,1.230559899367909,286.1703374525197
983,40983,40098,900003,6a22834,v2_nested_200x10,1,1,1,success,55,21.53972437096645,17.820983383266093,27.300435063395863,46,1,30.0,0.45,20.0,1.0,25,1,200,0.002,100,10.0,1.0,0,47,0,0.8545454545454545,0.35937299217880087,-0.24550026979486272,-2.2854197932188134,0.027438911980524873,0.03632300125241801,0.11962410701889249,1.0264239912687354,0.7998513638134158,0.33904408639715883,0.38240388885741894,1.014583714533588,1.0604113374955628,1.230559899367909,285.95638884509884
984,40984,40098,900004,6a22834,v2_nested_200x10,1,1,1,success,51,11.382192061486156,10.911623384102251,0.1839718678239875,47,1,30.0,0.45,20.0,1.0,25,1,200,0.002,100,10.0,1.0,0,39,0,0.7647058823529411,0.35937299217880087,-0.24550026979486272,-2.2854197932188134,0.027438911980524873,0.03632300125241801,0.11962410701889249,1.0264239912687354,0.7998513638134158,0.33904408639715883,0.38240388885741894,1.014583714533588,1.0604113374955628,1.230559899367909,281.56571785654427
985,40985,40098,900005,6a22834,v2_nested_200x10,1,1,1,success,48,18.174383932213185,10.952710712638666,8.00842558721916,43,1,30.0,0.45,20.0,1.0,25,1,200,0.002,100,10.0,1.0,0,36,0,0.75,0.35937299217880087,-0.24550026979486272,-2.2854197932188134,0.027438911980524873,0.03632300125241801,0.11962410701889249,1.0264239912687354,0.7998513638134158,0.33904408639715883,0.38240388885741894,1.014583714533588,1.0604113374955628,1.230559899367909,282.42492545780505
986,40986,40098,900006,6a22834,v2_nested_200x10,1,1,1,success,51,7.111632943907109,6.609253319078027,4.130495925632387,45,1,30.0,0.45,20.0,1.0,25,1,200,0.002,100,10.0,1.0,0,41,0,0.803921568627451,0.35937299217880087,-0.24550026979486272,-2.2854197932188134,0.027438911980524873,0.03632300125241801,0.11962410701889249,1.0264239912687354,0.7998513638134158,0.33904408639715883,0.38240388885741894,1.014583714533588,1.0604113374955628,1.230559899367909,284.9858214847678
987,40987,40098,900007,6a22834,v2_nested_200x10,1,1,1,success,54,9.261274203942559,12.804564834388499,1.3530502447498847,44,1,30.0,0.45,20.0,1.0,25,1,200,0.002,100,10.0,1.0,0,45,0,0.8333333333333334,0.35937299217880087,-0.24550026979486272,-2.2854197932188134,0.027438911980524873,0.03632300125241801,0.11962410701889249,1.0264239912687354,0.7998513638134158,0.33904408639715883,0.38240388885741894,1.014583714533588,1.0604113374955628,1.230559899367909,282.73406115809536
988,40988,40098,900008,6a22834,v2_nested_200x10,1,1,1,success,55,12.522930081012415,16.561012969849628,4.722494695154964,44,1,30.0,0.45,20.0,1.0,25,1,200,0.002,100,10.0,1.0,0,44,0,0.8,0.35937299217880087,-0.24550026979486272,-2.2854197932188134,0.027438911980524873,0.03632300125241801,0.11962410701889249,1.0264239912687354,0.7998513638134158,0.33904408639715883,0.38240388885741894,1.014583714533588,1.0604113374955628,1.230559899367909,282.1413796592831
989,40989,40098,900009,6a22834,v2_nested_200x10,1,1,1,success,52,5.938182348641857,9.441553620905042,5.26508658187457,48,1,30.0,0.45,20.0,1.0,25,1,200,0.002,100,10.0,1.0,0,47,0,0.9038461538461539,0.35937299217880087,-0.24550026979486272,-2.2854197932188134,0.027438911980524873,0.03632300125241801,0.11962410701889249,1.0264239912687354,0.7998513638134158,0.33904408639715883,0.38240388885741894,1.014583714533588,1.0604113374955628,1.230559899367909,283.32111360730835
990,40990,40099,900000,6a22834,v2_nested_200x10,1,1,1,success,67,14.306900010780714,18.074120817843156,1.0609745509875002,64,1,30.0,0.45,20.0,1.0,25,1,200,0.002,100,10.0,1.0,0,48,0,0.7164179104477612,0.35050469936181977,-0.41011177349304806,0.2929600869713611,0.024619478721833385,0.03976961646087676,0.0724681143925688,0.8907575553340721,1.329666770154068,0.37461742962844335,0.7223383520868157,1.0400510165159988,1.0948268333771332,1.0830355421178683,288.80085036519034
991,40991,40099,900001,6a22834,v2_nested_200x10,1,1,1,success,69,21.879951180829316,17.50949207208986,12.344327839243935,60,1,30.0,0.45,20.0,1.0,25,1,200,0.002,100,10.0,1.0,0,54,0,0.782608695652174,0.35050469936181977,-0.41011177349304806,0.2929600869713611,0.024619478721833385,0.03976961646087676,0.0724681143925688,0.8907575553340721,1.329666770154068,0.37461742962844335,0.7223383520868157,1.0400510165159988,1.0948268333771332,1.0830355421178683,286.86184786902555
992,40992,40099,900002,6a22834,v2_nested_200x10,1,1,1,success,73,9.399220558975047,18.44226749735086,15.206114261251827,63,1,30.0,0.45,20.0,1.0,25,1,200,0.002,100,10.0,1.0,0,63,0,0.863013698630137,0.35050469936181977,-0.41011177349304806,0.2929600869713611,0.024619478721833385,0.03976961646087676,0.0724681143925688,0.8907575553340721,1.329666770154068,0.37461742962844335,0.7223383520868157,1.0400510165159988,1.0948268333771332,1.0830355421178683,287.75207753467737
993,40993,40099,900003,6a22834,v2_nested_200x10,1,1,1,success,65,25.414727260389995,27.995089360904785,1.3780992971690023,62,1,30.0,0.45,20.0,1.0,25,1,200,0.002,100,10.0,1.0,0,43,0,0.6615384615384615,0.35050469936181977,-0.41011177349304806,0.2929600869713611,0.024619478721833385,0.03976961646087676,0.0724681143925688,0.8907575553340721,1.329666770154068,0.37461742962844335,0.7223383520868157,1.0400510165159988,1.0948268333771332,1.0830355421178683,288.4169028368867
994,40994,40099,900004,6a22834,v2_nested_200x10,1,1,1,success,72,11.137984744014823,19.24228472584324,22.468008803375742,66,1,30.0,0.45,20.0,1.0,25,1,200,0.002,100,10.0,1.0,0,56,0,0.7777777777777778,0.35050469936181977,-0.41011177349304806,0.2929600869713611,0.024619478721833385,0.03976961646087676,0.0724681143925688,0.8907575553340721,1.329666770154068,0.37461742962844335,0.7223383520868157,1.0400510165159988,1.0948268333771332,1.0830355421178683,286.90358949522954
995,40995,40099,900005,6a22834,v2_nested_200x10,1,1,1,success,67,35.57762270631931,32.02499618506146,2.603745185198263,63,1,30.0,0.45,20.0,1.0,25,1,200,0.002,100,10.0,1.0,0,55,0,0.8208955223880597,0.35050469936181977,-0.41011177349304806,0.2929600869713611,0.024619478721833385,0.03976961646087676,0.0724681143925688,0.8907575553340721,1.329666770154068,0.37461742962844335,0.7223383520868157,1.0400510165159988,1.0948268333771332,1.0830355421178683,288.2576430376827
996,40996,40099,900006,6a22834,v2_nested_200x10,1,1,1,success,67,15.513859469953903,16.64732177971679,1.2222402348859451,64,1,30.0,0.45,20.0,1.0,25,1,200,0.002,100,10.0,1.0,0,58,0,0.8656716417910447,0.35050469936181977,-0.41011177349304806,0.2929600869713611,0.024619478721833385,0.03976961646087676,0.0724681143925688,0.8907575553340721,1.329666770154068,0.37461742962844335,0.7223383520868157,1.0400510165159988,1.0948268333771332,1.0830355421178683,289.0338576544225
997,40997,40099,900007,6a22834,v2_nested_200x10,1,1,1,success,70,13.687552543825245,11.571715989686265,7.964304995877901,61,1,30.0,0.45,20.0,1.0,25,1,200,0.002,100,10.0,1.0,0,59,0,0.8428571428571429,0.35050469936181977,-0.41011177349304806,0.2929600869713611,0.024619478721833385,0.03976961646087676,0.0724681143925688,0.8907575553340721,1.329666770154068,0.37461742962844335,0.7223383520868157,1.0400510165159988,1.0948268333771332,1.0830355421178683,286.5807482562222
998,40998,40099,900008,6a22834,v2_nested_200x10,1,1,1,success,66,23.055056569017196,32.39922963663736,0.9817515403385748,63,1,30.0,0.45,20.0,1.0,25,1,200,0.002,100,10.0,1.0,0,48,0,0.7272727272727273,0.35050469936181977,-0.41011177349304806,0.2929600869713611,0.024619478721833385,0.03976961646087676,0.0724681143925688,0.8907575553340721,1.329666770154068,0.37461742962844335,0.7223383520868157,1.0400510165159988,1.0948268333771332,1.0830355421178683,289.2879801770716
999,40999,40099,900009,6a22834,v2_nested_200x10,1,1,1,success,65,27.2248552338716,20.18464792435026,10.460304536157357,59,1,30.0,0.45,20.0,1.0,25,1,200,0.002,100,10.0,1.0,0,53,0,0.8153846153846154,0.35050469936181977,-0.41011177349304806,0.2929600869713611,0.024619478721833385,0.03976961646087676,0.0724681143925688,0.8907575553340721,1.329666770154068,0.37461742962844335,0.7223383520868157,1.0400510165159988,1.0948268333771332,1.0830355421178683,286.2742067269949
1000,41000,40100,900000,6a22834,v2_nested_200x10,1,1,0,success,73,31.68937570859833,86.85921200919108,122.70339802815488,55,1,30.0,0.45,20.0,1.0,25,1,200,0.002,100,10.0,1.0,0,66,0,0.9041095890410958,0.3031196064992115,-0.6141194217550172,2.626004695595907,0.026466600721135696,0.03544602018722098,0.0494804222497808,1.5146251918209561,0.9553602133331094,0.3022736995697906,0.5716834534382262,1.0237920095128206,1.0259595019986445,0.7779050097417304,239.49670759773596
1001,41001,40100,900001,6a22834,v2_nested_200x10,1,1,1,success,62,22.787799899971652,37.749136106060924,13.897574512985196,56,1,30.0,0.45,20.0,1.0,25,1,200,0.002,100,10.0,1.0,0,53,0,0.8548387096774194,0.3031196064992115,-0.6141194217550172,2.626004695595907,0.026466600721135696,0.03544602018722098,0.0494804222497808,1.5146251918209561,0.9553602133331094,0.3022736995697906,0.5716834534382262,1.0237920095128206,1.0259595019986445,0.7779050097417304,272.34939677963894
1002,41002,40100,900002,6a22834,v2_nested_200x10,1,1,1,success,62,16.011226143944334,27.358288486144932,11.774249762556401,55,1,30.0,0.45,20.0,1.0,25,1,200,0.002,100,10.0,1.0,0,45,0,0.7258064516129032,0.3031196064992115,-0.6141194217550172,2.626004695595907,0.026466600721135696,0.03544602018722098,0.0494804222497808,1.5146251918209561,0.9553602133331094,0.3022736995697906,0.5716834534382262,1.0237920095128206,1.0259595019986445,0.7779050097417304,284.49438253029854
1003,41003,40100,900003,6a22834,v2_nested_200x10,1,1,1,success,62,21.59512233289074,26.07376738002189,4.596259564862478,58,1,30.0,0.45,20.0,1.0,25,1,200,0.002,100,10.0,1.0,0,48,0,0.7741935483870968,0.3031196064992115,-0.6141194217550172,2.626004695595907,0.026466600721135696,0.03544602018722098,0.0494804222497808,1.5146251918209561,0.9553602133331094,0.3022736995697906,0.5716834534382262,1.0237920095128206,1.0259595019986445,0.7779050097417304,285.44485264896855
1004,41004,40100,900004,6a22834,v2_nested_200x10,1,1,1,success,61,28.400991751312684,27.250916615345062,9.585312631320726,56,1,30.0,0.45,20.0,1.0,25,1,200,0.002,100,10.0,1.0,0,53,0,0.8688524590163934,0.3031196064992115,-0.6141194217550172,2.626004695595907,0.026466600721135696,0.03544602018722098,0.0494804222497808,1.5146251918209561,0.9553602133331094,0.3022736995697906,0.5716834534382262,1.0237920095128206,1.0259595019986445,0.7779050097417304,284.07287174830606
1005,41005,40100,900005,6a22834,v2_nested_200x10,1,1,1,success,63,23.11324631024573,16.71569909549119,2.9133772279625973,57,1,30.0,0.45,20.0,1.0,25,1,200,0.002,100,10.0,1.0,0,49,0,0.7777777777777778,0.3031196064992115,-0.6141194217550172,2.626004695595907,0.026466600721135696,0.03544602018722098,0.0494804222497808,1.5146251918209561,0.9553602133331094,0.3022736995697906,0.5716834534382262,1.0237920095128206,1.0259595019986445,0.7779050097417304,288.28456591638303
1006,41006,40100,900006,6a22834,v2_nested_200x10,1,1,1,success,61,20.80410354702309,20.595089056439896,20.888991398644915,56,1,30.0,0.45,20.0,1.0,25,1,200,0.002,100,10.0,1.0,0,57,0,0.9344262295081968,0.3031196064992115,-0.6141194217550172,2.626004695595907,0.026466600721135696,0.03544602018722098,0.0494804222497808,1.5146251918209561,0.9553602133331094,0.3022736995697906,0.5716834534382262,1.0237920095128206,1.0259595019986445,0.7779050097417304,290.0799290693338
1007,41007,40100,900007,6a22834,v2_nested_200x10,1,1,1,success,62,10.586579312534575,27.403706884431976,18.7257506145131,56,1,30.0,0.45,20.0,1.0,25,1,200,0.002,100,10.0,1.0,0,51,0,0.8225806451612904,0.3031196064992115,-0.6141194217550172,2.626004695595907,0.026466600721135696,0.03544602018722098,0.0494804222497808,1.5146251918209561,0.9553602133331094,0.3022736995697906,0.5716834534382262,1.0237920095128206,1.0259595019986445,0.7779050097417304,287.2385458687444
1008,41008,40100,900008,6a22834,v2_nested_200x10,1,1,1,success,59,8.721134015153122,18.722966789879813,14.677172466376824,54,1,30.0,0.45,20.0,1.0,25,1,200,0.002,100,10.0,1.0,0,50,0,0.847457627118644,0.3031196064992115,-0.6141194217550172,2.626004695595907,0.026466600721135696,0.03544602018722098,0.0494804222497808,1.5146251918209561,0.9553602133331094,0.3022736995697906,0.5716834534382262,1.0237920095128206,1.0259595019986445,0.7779050097417304,287.2226275543169
1009,41009,40100,900009,6a22834,v2_nested_200x10,1,1,1,success,67,15.141929944495095,21.439277623018455,6.953959715310481,61,1,30.0,0.45,20.0,1.0,25,1,200,0.002,100,10.0,1.0,0,56,0,0.835820895522388,0.3031196064992115,-0.6141194217550172,2.626004695595907,0.026466600721135696,0.03544602018722098,0.0494804222497808,1.5146251918209561,0.9553602133331094,0.3022736995697906,0.5716834534382262,1.0237920095128206,1.0259595019986445,0.7779050097417304,285.97324868890706
1010,41010,40101,900000,6a22834,v2_nested_200x10,1,1,1,success,59,13.752319464977228,10.817468694753115,9.703657053943589,53,1,30.0,0.45,20.0,1.0,25,1,200,0.002,100,10.0,1.0,0,41,0,0.6949152542372882,0.35940592776131053,-0.6803439458290698,-0.5077995914154232,0.023980649020307904,0.03900787683064834,0.03296160410159235,1.310134551612688,0.8290621097022823,0.3509942436504794,0.2040731960207604,1.0537691308766983,1.0233497314355737,1.11639269740505,288.3251170015893
1011,41011,40101,900001,6a22834,v2_nested_200x10,1,1,1,success,72,22.929097078118566,16.448830160378332,16.25849866753462,64,1,30.0,0.45,20.0,1.0,25,1,200,0.002,100,10.0,1.0,0,47,0,0.6527777777777778,0.35940592776131053,-0.6803439458290698,-0.5077995914154232,0.023980649020307904,0.03900787683064834,0.03296160410159235,1.310134551612688,0.8290621097022823,0.3509942436504794,0.2040731960207604,1.0537691308766983,1.0233497314355737,1.11639269740505,288.54393928942676
1012,41012,40101,900002,6a22834,v2_nested_200x10,1,1,1,success,58,13.695426655195911,11.085922314955623,14.814874944719673,51,1,30.0,0.45,20.0,1.0,25,1,200,0.002,100,10.0,1.0,0,36,0,0.6206896551724138,0.35940592776131053,-0.6803439458290698,-0.5077995914154232,0.023980649020307904,0.03900787683064834,0.03296160410159235,1.310134551612688,0.8290621097022823,0.3509942436504794,0.2040731960207604,1.0537691308766983,1.0233497314355737,1.11639269740505,289.68873694218877
1013,41013,40101,900003,6a22834,v2_nested_200x10,1,1,1,success,61,22.106738681150333,11.709516653994482,16.434274986419698,51,1,30.0,0.45,20.0,1.0,25,1,200,0.002,100,10.0,1.0,0,45,0,0.7377049180327869,0.35940592776131053,-0.6803439458290698,-0.5077995914154232,0.023980649020307904,0.03900787683064834,0.03296160410159235,1.310134551612688,0.8290621097022823,0.3509942436504794,0.2040731960207604,1.0537691308766983,1.0233497314355737,1.11639269740505,288.9349469030195
1014,41014,40101,900004,6a22834,v2_nested_200x10,1,1,1,success,65,22.76346583121451,9.356764269611388,9.221416362020642,52,1,30.0,0.45,20.0,1.0,25,1,200,0.002,100,10.0,1.0,0,42,0,0.6461538461538462,0.35940592776131053,-0.6803439458290698,-0.5077995914154232,0.023980649020307904,0.03900787683064834,0.03296160410159235,1.310134551612688,0.8290621097022823,0.3509942436504794,0.2040731960207604,1.0537691308766983,1.0233497314355737,1.11639269740505,285.51574059699243
1015,41015,40101,900005,6a22834,v2_nested_200x10,1,1,1,success,70,28.176060028390747,10.315531161290894,2.425651764680816,65,1,30.0,0.45,20.0,1.0,25,1,200,0.002,100,10.0,1.0,0,51,0,0.7285714285714285,0.35940592776131053,-0.6803439458290698,-0.5077995914154232,0.023980649020307904,0.03900787683064834,0.03296160410159235,1.310134551612688,0.8290621097022823,0.3509942436504794,0.2040731960207604,1.0537691308766983,1.0233497314355737,1.11639269740505,286.17499840243073
1016,41016,40101,900006,6a22834,v2_nested_200x10,1,1,1,success,73,14.509134640637896,8.592486364787526,12.462025727736663,63,1,30.0,0.45,20.0,1.0,25,1,200,0.002,100,10.0,1.0,0,45,0,0.6164383561643836,0.35940592776131053,-0.6803439458290698,-0.5077995914154232,0.023980649020307904,0.03900787683064834,0.03296160410159235,1.310134551612688,0.8290621097022823,0.3509942436504794,0.2040731960207604,1.0537691308766983,1.0233497314355737,1.11639269740505,290.05351966111357
1017,41017,40101,900007,6a22834,v2_nested_200x10,1,1,1,success,66,14.116260286748473,20.51885780133087,9.352021299866147,52,1,30.0,0.45,20.0,1.0,25,1,200,0.002,100,10.0,1.0,0,50,0,0.7575757575757576,0.35940592776131053,-0.6803439458290698,-0.5077995914154232,0.023980649020307904,0.03900787683064834,0.03296160410159235,1.310134551612688,0.8290621097022823,0.3509942436504794,0.2040731960207604,1.0537691308766983,1.0233497314355737,1.11639269740505,288.4500418360307
1018,41018,40101,900008,6a22834,v2_nested_200x10,1,1,1,success,76,8.795249427560595,11.912164425565058,3.68934226082183,69,1,30.0,0.45,20.0,1.0,25,1,200,0.002,100,10.0,1.0,0,57,0,0.75,0.35940592776131053,-0.6803439458290698,-0.5077995914154232,0.023980649020307904,0.03900787683064834,0.03296160410159235,1.310134551612688,0.8290621097022823,0.3509942436504794,0.2040731960207604,1.0537691308766983,1.0233497314355737,1.11639269740505,289.14251413572435
1019,41019,40101,900009,6a22834,v2_nested_200x10,1,1,1,success,56,9.080879520566508,20.23063484336159,5.841582594489999,50,1,30.0,0.45,20.0,1.0,25,1,200,0.002,100,10.0,1.0,0,40,0,0.7142857142857143,0.35940592776131053,-0.6803439458290698,-0.5077995914154232,0.023980649020307904,0.03900787683064834,0.03296160410159235,1.310134551612688,0.8290621097022823,0.3509942436504794,0.2040731960207604,1.0537691308766983,1.0233497314355737,1.11639269740505,288.52131551574723
1020,41020,40102,900000,6a22834,v2_nested_200x10,1,1,1,success,65,6.616988184741617,26.95824541537723,9.706208703937996,55,1,30.0,0.45,20.0,1.0,25,1,200,0.002,100,10.0,1.0,0,42,0,0.6461538461538462,0.3843256119874297,-0.5842742355170247,-2.727229122788783,0.02564795477629233,0.03132899958142464,0.08024907711839163,0.9211936440024423,1.362695103504746,0.3296245311918846,0.38139012121925847,1.0915786874241495,1.0425403619980045,1.0725501056947389,290.3005498972523
1021,41021,40102,900001,6a22834,v2_nested_200x10,1,1,1,success,63,18.408930527367456,21.518161304239392,14.466732625362454,57,1,30.0,0.45,20.0,1.0,25,1,200,0.002,100,10.0,1.0,0,39,0,0.6190476190476191,0.3843256119874297,-0.5842742355170247,-2.727229122788783,0.02564795477629233,0.03132899958142464,0.08024907711839163,0.9211936440024423,1.362695103504746,0.3296245311918846,0.38139012121925847,1.0915786874241495,1.0425403619980045,1.0725501056947389,290.46861426532774
1022,41022,40102,900002,6a22834,v2_nested_200x10,0,1,0,timeout,200,359.6980176502557,nan,nan,-1,1,30.0,0.45,20.0,1.0,25,1,200,0.002,100,10.0,1.0,0,183,0,0.915,0.3843256119874297,-0.5842742355170247,-2.727229122788783,0.02564795477629233,0.03132899958142464,0.08024907711839163,0.9211936440024423,1.362695103504746,0.3296245311918846,0.38139012121925847,1.0915786874241495,1.0425403619980045,1.0725501056947389,-10.954259548372992
1023,41023,40102,900003,6a22834,v2_nested_200x10,1,1,1,success,62,11.584376589568912,32.21799947766006,16.586167634376416,54,1,30.0,0.45,20.0,1.0,25,1,200,0.002,100,10.0,1.0,0,42,0,0.6774193548387096,0.3843256119874297,-0.5842742355170247,-2.727229122788783,0.02564795477629233,0.03132899958142464,0.08024907711839163,0.9211936440024423,1.362695103504746,0.3296245311918846,0.38139012121925847,1.0915786874241495,1.0425403619980045,1.0725501056947389,289.93881251501716
1024,41024,40102,900004,6a22834,v2_nested_200x10,1,1,1,success,66,13.67328859049392,29.550840710428933,10.164403827772698,53,1,30.0,0.45,20.0,1.0,25,1,200,0.002,100,10.0,1.0,0,45,0,0.6818181818181818,0.3843256119874297,-0.5842742355170247,-2.727229122788783,0.02564795477629233,0.03132899958142464,0.08024907711839163,0.9211936440024423,1.362695103504746,0.3296245311918846,0.38139012121925847,1.0915786874241495,1.0425403619980045,1.0725501056947389,289.75610410176864
1025,41025,40102,900005,6a22834,v2_nested_200x10,1,1,1,success,59,21.401070561325803,19.854495422641378,6.935610685321728,53,1,30.0,0.45,20.0,1.0,25,1,200,0.002,100,10.0,1.0,0,37,0,0.6271186440677966,0.3843256119874297,-0.5842742355170247,-2.727229122788783,0.02564795477629233,0.03132899958142464,0.08024907711839163,0.9211936440024423,1.362695103504746,0.3296245311918846,0.38139012121925847,1.0915786874241495,1.0425403619980045,1.0725501056947389,288.33865428051337
1026,41026,40102,900006,6a22834,v2_nested_200x10,0,1,0,object_lost,172,476.5218544345128,132.24115358198452,349.6906124737824,45,0,30.0,0.45,20.0,1.0,25,1,200,0.002,100,10.0,1.0,0,150,0,0.872093023255814,0.3843256119874297,-0.5842742355170247,-2.727229122788783,0.02564795477629233,0.03132899958142464,0.08024907711839163,0.9211936440024423,1.362695103504746,0.3296245311918846,0.38139012121925847,1.0915786874241495,1.0425403619980045,1.0725501056947389,-161.34929428129436
1027,41027,40102,900007,6a22834,v2_nested_200x10,1,1,1,success,71,22.931779809302835,18.49232214538597,20.048785611172853,65,1,30.0,0.45,20.0,1.0,25,1,200,0.002,100,10.0,1.0,0,53,0,0.7464788732394366,0.3843256119874297,-0.5842742355170247,-2.727229122788783,0.02564795477629233,0.03132899958142464,0.08024907711839163,0.9211936440024423,1.362695103504746,0.3296245311918846,0.38139012121925847,1.0915786874241495,1.0425403619980045,1.0725501056947389,289.76930212394353
1028,41028,40102,900008,6a22834,v2_nested_200x10,1,1,1,success,59,15.860916825945509,21.927179485866784,18.717528889569742,54,1,30.0,0.45,20.0,1.0,25,1,200,0.002,100,10.0,1.0,0,31,0,0.5254237288135594,0.3843256119874297,-0.5842742355170247,-2.727229122788783,0.02564795477629233,0.03132899958142464,0.08024907711839163,0.9211936440024423,1.362695103504746,0.3296245311918846,0.38139012121925847,1.0915786874241495,1.0425403619980045,1.0725501056947389,290.8403147089706
1029,41029,40102,900009,6a22834,v2_nested_200x10,1,1,1,success,62,21.32158154114594,24.478612732384235,8.233521591262104,54,1,30.0,0.45,20.0,1.0,25,1,200,0.002,100,10.0,1.0,0,45,0,0.7258064516129032,0.3843256119874297,-0.5842742355170247,-2.727229122788783,0.02564795477629233,0.03132899958142464,0.08024907711839163,0.9211936440024423,1.362695103504746,0.3296245311918846,0.38139012121925847,1.0915786874241495,1.0425403619980045,1.0725501056947389,290.3089311433732
1030,41030,40103,900000,6a22834,v2_nested_200x10,1,1,1,success,52,3.5808838942899737,8.942300200748027,3.7291399875145066,47,1,30.0,0.45,20.0,1.0,25,1,200,0.002,100,10.0,1.0,0,44,0,0.8461538461538461,0.3481748815324345,-0.4117384237625411,1.9002176016125922,0.026591860841342633,0.031968814053362445,0.07375116954925676,1.707719578752851,1.0473662488189601,0.3477006468110462,0.2986069918068801,1.0979356089211545,1.0892371495646191,1.096463801369794,282.8367094946593
1031,41031,40103,900001,6a22834,v2_nested_200x10,1,1,1,success,55,6.651006466571254,9.538220876995842,4.003640941560382,49,1,30.0,0.45,20.0,1.0,25,1,200,0.002,100,10.0,1.0,0,37,0,0.6727272727272727,0.3481748815324345,-0.4117384237625411,1.9002176016125922,0.026591860841342633,0.031968814053362445,0.07375116954925676,1.707719578752851,1.0473662488189601,0.3477006468110462,0.2986069918068801,1.0979356089211545,1.0892371495646191,1.096463801369794,283.8986607467116
1032,41032,40103,900002,6a22834,v2_nested_200x10,1,1,1,success,53,3.3158886263163825,13.381158480308814,0.5424507961486541,50,1,30.0,0.45,20.0,1.0,25,1,200,0.002,100,10.0,1.0,0,46,0,0.8679245283018868,0.3481748815324345,-0.4117384237625411,1.9002176016125922,0.026591860841342633,0.031968814053362445,0.07375116954925676,1.707719578752851,1.0473662488189601,0.3477006468110462,0.2986069918068801,1.0979356089211545,1.0892371495646191,1.096463801369794,285.7572714764596
1033,41033,40103,900003,6a22834,v2_nested_200x10,1,1,1,success,59,14.641059490641867,13.458622795692065,2.1990693502197987,47,1,30.0,0.45,20.0,1.0,25,1,200,0.002,100,10.0,1.0,0,47,0,0.7966101694915254,0.3481748815324345,-0.4117384237625411,1.9002176016125922,0.026591860841342633,0.031968814053362445,0.07375116954925676,1.707719578752851,1.0473662488189601,0.3477006468110462,0.2986069918068801,1.0979356089211545,1.0892371495646191,1.096463801369794,280.37727425099433
1034,41034,40103,900004,6a22834,v2_nested_200x10,1,1,1,success,52,3.7161245610352163,7.56687165481523,8.72269001662267,47,1,30.0,0.45,20.0,1.0,25,1,200,0.002,100,10.0,1.0,0,42,0,0.8076923076923077,0.3481748815324345,-0.4117384237625411,1.9002176016125922,0.026591860841342633,0.031968814053362445,0.07375116954925676,1.707719578752851,1.0473662488189601,0.3477006468110462,0.2986069918068801,1.0979356089211545,1.0892371495646191,1.096463801369794,284.2169950440945
1035,41035,40103,900005,6a22834,v2_nested_200x10,1,1,1,success,51,19.509415681402643,7.117790225324116,5.314576877873768,47,1,30.0,0.45,20.0,1.0,25,1,200,0.002,100,10.0,1.0,0,42,0,0.8235294117647058,0.3481748815324345,-0.4117384237625411,1.9002176016125922,0.026591860841342633,0.031968814053362445,0.07375116954925676,1.707719578752851,1.0473662488189601,0.3477006468110462,0.2986069918068801,1.0979356089211545,1.0892371495646191,1.096463801369794,282.0230894154107
1036,41036,40103,900006,6a22834,v2_nested_200x10,1,1,1,success,53,5.454582464536107,14.759017260048363,15.565043291422615,46,1,30.0,0.45,20.0,1.0,25,1,200,0.002,100,10.0,1.0,0,34,0,0.6415094339622641,0.3481748815324345,-0.4117384237625411,1.9002176016125922,0.026591860841342633,0.031968814053362445,0.07375116954925676,1.707719578752851,1.0473662488189601,0.3477006468110462,0.2986069918068801,1.0979356089211545,1.0892371495646191,1.096463801369794,284.9042749112265
1037,41037,40103,900007,6a22834,v2_nested_200x10,1,1,1,success,51,16.445364111151292,6.354125948769128,0.7939159471670527,48,1,30.0,0.45,20.0,1.0,25,1,200,0.002,100,10.0,1.0,0,44,0,0.8627450980392157,0.3481748815324345,-0.4117384237625411,1.9002176016125922,0.026591860841342633,0.031968814053362445,0.07375116954925676,1.707719578752851,1.0473662488189601,0.3477006468110462,0.2986069918068801,1.0979356089211545,1.0892371495646191,1.096463801369794,284.23932679615484
1038,41038,40103,900008,6a22834,v2_nested_200x10,1,1,1,success,51,5.096903341990218,2.6189957949958043,0.42025931037825,48,1,30.0,0.45,20.0,1.0,25,1,200,0.002,100,10.0,1.0,0,43,0,0.8431372549019608,0.3481748815324345,-0.4117384237625411,1.9002176016125922,0.026591860841342633,0.031968814053362445,0.07375116954925676,1.707719578752851,1.0473662488189601,0.3477006468110462,0.2986069918068801,1.0979356089211545,1.0892371495646191,1.096463801369794,282.9346505244447
1039,41039,40103,900009,6a22834,v2_nested_200x10,1,1,1,success,53,11.31167607854476,9.543507752114559,3.634131243685758,46,1,30.0,0.45,20.0,1.0,25,1,200,0.002,100,10.0,1.0,0,42,0,0.7924528301886793,0.3481748815324345,-0.4117384237625411,1.9002176016125922,0.026591860841342633,0.031968814053362445,0.07375116954925676,1.707719578752851,1.0473662488189601,0.3477006468110462,0.2986069918068801,1.0979356089211545,1.0892371495646191,1.096463801369794,283.03870576456274
1040,41040,40104,900000,6a22834,v2_nested_200x10,1,1,1,success,50,1.8874753525732517,5.502438616448656,2.7283182483258894,42,1,30.0,0.45,20.0,1.0,25,1,200,0.002,100,10.0,1.0,0,43,0,0.86,0.30797898574909227,-0.3116695287382156,0.3142641214598503,0.024033802074288298,0.03728750277740873,0.10677714467636781,1.132955834179577,0.8840324241972659,0.3115368057051884,0.3837277741345248,1.034080031424854,1.009947019645241,0.944057160180608,281.9267062727788
1041,41041,40104,900001,6a22834,v2_nested_200x10,1,1,1,success,47,12.648629717098803,10.534011880207784,20.08515602617583,40,1,30.0,0.45,20.0,1.0,25,1,200,0.002,100,10.0,1.0,0,43,0,0.9148936170212766,0.30797898574909227,-0.3116695287382156,0.3142641214598503,0.024033802074288298,0.03728750277740873,0.10677714467636781,1.132955834179577,0.8840324241972659,0.3115368057051884,0.3837277741345248,1.034080031424854,1.009947019645241,0.944057160180608,282.7834195768212
1042,41042,40104,900002,6a22834,v2_nested_200x10,1,1,1,success,50,6.100790901040873,11.975033210887187,1.1268754825902267,43,1,30.0,0.45,20.0,1.0,25,1,200,0.002,100,10.0,1.0,0,41,0,0.82,0.30797898574909227,-0.3116695287382156,0.3142641214598503,0.024033802074288298,0.03728750277740873,0.10677714467636781,1.132955834179577,0.8840324241972659,0.3115368057051884,0.3837277741345248,1.034080031424854,1.009947019645241,0.944057160180608,281.1563435397045
1043,41043,40104,900003,6a22834,v2_nested_200x10,1,1,1,success,49,5.05075483465681,1.4090951865740038,4.243932673939763,45,1,30.0,0.45,20.0,1.0,25,1,200,0.002,100,10.0,1.0,0,40,0,0.8163265306122449,0.30797898574909227,-0.3116695287382156,0.3142641214598503,0.024033802074288298,0.03728750277740873,0.10677714467636781,1.132955834179577,0.8840324241972659,0.3115368057051884,0.3837277741345248,1.034080031424854,1.009947019645241,0.944057160180608,283.5235135985973
1044,41044,40104,900004,6a22834,v2_nested_200x10,1,1,1,success,48,1.5793245304162953,1.2054033016521168,3.1085645835765647,41,1,30.0,0.45,20.0,1.0,25,1,200,0.002,100,10.0,1.0,0,44,0,0.9166666666666666,0.30797898574909227,-0.3116695287382156,0.3142641214598503,0.024033802074288298,0.03728750277740873,0.10677714467636781,1.132955834179577,0.8840324241972659,0.3115368057051884,0.3837277741345248,1.034080031424854,1.009947019645241,0.944057160180608,280.8770809067382
1045,41045,40104,900005,6a22834,v2_nested_200x10,1,1,1,success,48,3.224165763404872,8.869569027421669,10.586253228251273,39,1,30.0,0.45,20.0,1.0,25,1,200,0.002,100,10.0,1.0,0,40,0,0.8333333333333334,0.30797898574909227,-0.3116695287382156,0.3142641214598503,0.024033802074288298,0.03728750277740873,0.10677714467636781,1.132955834179577,0.8840324241972659,0.3115368057051884,0.3837277741345248,1.034080031424854,1.009947019645241,0.944057160180608,283.0464780301385
1046,41046,40104,900006,6a22834,v2_nested_200x10,1,1,1,success,63,7.234736903014088,8.072465190725552,6.270654022686086,43,1,30.0,0.45,20.0,1.0,25,1,200,0.002,100,10.0,1.0,0,57,0,0.9047619047619048,0.30797898574909227,-0.3116695287382156,0.3142641214598503,0.024033802074288298,0.03728750277740873,0.10677714467636781,1.132955834179577,0.8840324241972659,0.3115368057051884,0.3837277741345248,1.034080031424854,1.009947019645241,0.944057160180608,280.9816956986111
1047,41047,40104,900007,6a22834,v2_nested_200x10,1,1,1,success,49,2.19159637941928,17.253732140439926,16.448018260296053,40,1,30.0,0.45,20.0,1.0,25,1,200,0.002,100,10.0,1.0,0,41,0,0.8367346938775511,0.30797898574909227,-0.3116695287382156,0.3142641214598503,0.024033802074288298,0.03728750277740873,0.10677714467636781,1.132955834179577,0.8840324241972659,0.3115368057051884,0.3837277741345248,1.034080031424854,1.009947019645241,0.944057160180608,282.3065393341211
1048,41048,40104,900008,6a22834,v2_nested_200x10,1,1,1,success,45,6.423086206208741,2.122746403185092,7.007085275927072,41,1,30.0,0.45,20.0,1.0,25,1,200,0.002,100,10.0,1.0,0,37,0,0.8222222222222222,0.30797898574909227,-0.3116695287382156,0.3142641214598503,0.024033802074288298,0.03728750277740873,0.10677714467636781,1.132955834179577,0.8840324241972659,0.3115368057051884,0.3837277741345248,1.034080031424854,1.009947019645241,0.944057160180608,282.0917504083288
1049,41049,40104,900009,6a22834,v2_nested_200x10,1,1,1,success,47,9.564048793940167,11.499763832617221,1.996227364746641,42,1,30.0,0.45,20.0,1.0,25,1,200,0.002,100,10.0,1.0,0,38,0,0.8085106382978723,0.30797898574909227,-0.3116695287382156,0.3142641214598503,0.024033802074288298,0.03728750277740873,0.10677714467636781,1.132955834179577,0.8840324241972659,0.3115368057051884,0.3837277741345248,1.034080031424854,1.009947019645241,0.944057160180608,281.9515926488118
1050,41050,40105,900000,6a22834,v2_nested_200x10,1,1,1,success,58,7.994581821753768,16.121860587878434,4.678930948181016,52,1,30.0,0.45,20.0,1.0,25,1,200,0.002,100,10.0,1.0,0,40,0,0.6896551724137931,0.3864041953040124,-0.3115602392353864,0.5153930199096526,0.023023554012963424,0.034662385862204034,0.10388741094804484,1.4390478716766966,1.1130862688829688,0.3558207669450261,0.28069916669116596,0.9750492704091259,0.9907404827742281,0.9206761615800977,282.00458053181956
1051,41051,40105,900001,6a22834,v2_nested_200x10,1,1,1,success,54,6.850954010491623,16.47731082385427,8.708308264596502,46,1,30.0,0.45,20.0,1.0,25,1,200,0.002,100,10.0,1.0,0,36,0,0.6666666666666666,0.3864041953040124,-0.3115602392353864,0.5153930199096526,0.023023554012963424,0.034662385862204034,0.10388741094804484,1.4390478716766966,1.1130862688829688,0.3558207669450261,0.28069916669116596,0.9750492704091259,0.9907404827742281,0.9206761615800977,281.62405630886155
1052,41052,40105,900002,6a22834,v2_nested_200x10,1,1,1,success,47,6.640934163815056,26.561966473302853,2.768821120494973,42,1,30.0,0.45,20.0,1.0,25,1,200,0.002,100,10.0,1.0,3,35,0,0.7446808510638298,0.3864041953040124,-0.3115602392353864,0.5153930199096526,0.023023554012963424,0.034662385862204034,0.10388741094804484,1.4390478716766966,1.1130862688829688,0.3558207669450261,0.28069916669116596,0.9750492704091259,0.9907404827742281,0.9206761615800977,278.9707958248213
1053,41053,40105,900003,6a22834,v2_nested_200x10,1,1,1,success,49,15.29374136736284,25.688355421021434,10.7651665227375,43,1,30.0,0.45,20.0,1.0,25,1,200,0.002,100,10.0,1.0,0,30,0,0.6122448979591837,0.3864041953040124,-0.3115602392353864,0.5153930199096526,0.023023554012963424,0.034662385862204034,0.10388741094804484,1.4390478716766966,1.1130862688829688,0.3558207669450261,0.28069916669116596,0.9750492704091259,0.9907404827742281,0.9206761615800977,283.24406654179705
1054,41054,40105,900004,6a22834,v2_nested_200x10,1,1,1,success,54,18.919704496270597,23.565997703924012,7.882818337077449,45,1,30.0,0.45,20.0,1.0,25,1,200,0.002,100,10.0,1.0,0,36,0,0.6666666666666666,0.3864041953040124,-0.3115602392353864,0.5153930199096526,0.023023554012963424,0.034662385862204034,0.10388741094804484,1.4390478716766966,1.1130862688829688,0.3558207669450261,0.28069916669116596,0.9750492704091259,0.9907404827742281,0.9206761615800977,281.9748137381753
1055,41055,40105,900005,6a22834,v2_nested_200x10,1,1,1,success,48,6.534641835380559,10.463580415458978,8.465157178669875,42,1,30.0,0.45,20.0,1.0,25,1,200,0.002,100,10.0,1.0,0,30,0,0.625,0.3864041953040124,-0.3115602392353864,0.5153930199096526,0.023023554012963424,0.034662385862204034,0.10388741094804484,1.4390478716766966,1.1130862688829688,0.3558207669450261,0.28069916669116596,0.9750492704091259,0.9907404827742281,0.9206761615800977,281.00205306753986
1056,41056,40105,900006,6a22834,v2_nested_200x10,1,1,1,success,49,14.27632978328271,20.49994769486171,22.837175998784684,41,1,30.0,0.45,20.0,1.0,25,1,200,0.002,100,10.0,1.0,0,31,0,0.6326530612244898,0.3864041953040124,-0.3115602392353864,0.5153930199096526,0.023023554012963424,0.034662385862204034,0.10388741094804484,1.4390478716766966,1.1130862688829688,0.3558207669450261,0.28069916669116596,0.9750492704091259,0.9907404827742281,0.9206761615800977,282.47714864748144
1057,41057,40105,900007,6a22834,v2_nested_200x10,1,1,1,success,49,7.1273361803399595,24.33043029474758,17.477379110461733,41,1,30.0,0.45,20.0,1.0,25,1,200,0.002,100,10.0,1.0,0,35,0,0.7142857142857143,0.3864041953040124,-0.3115602392353864,0.5153930199096526,0.023023554012963424,0.034662385862204034,0.10388741094804484,1.4390478716766966,1.1130862688829688,0.3558207669450261,0.28069916669116596,0.9750492704091259,0.9907404827742281,0.9206761615800977,280.500704171365
1058,41058,40105,900008,6a22834,v2_nested_200x10,1,1,1,success,51,11.214774919749486,16.719789617698826,8.98959612749285,43,1,30.0,0.45,20.0,1.0,25,1,200,0.002,100,10.0,1.0,0,37,0,0.7254901960784313,0.3864041953040124,-0.3115602392353864,0.5153930199096526,0.023023554012963424,0.034662385862204034,0.10388741094804484,1.4390478716766966,1.1130862688829688,0.3558207669450261,0.28069916669116596,0.9750492704091259,0.9907404827742281,0.9206761615800977,281.653207440905
1059,41059,40105,900009,6a22834,v2_nested_200x10,1,1,1,success,46,7.121878004173336,7.679205316403159,10.296801270288931,42,1,30.0,0.45,20.0,1.0,25,1,200,0.002,100,10.0,1.0,0,30,0,0.6521739130434783,0.3864041953040124,-0.3115602392353864,0.5153930199096526,0.023023554012963424,0.034662385862204034,0.10388741094804484,1.4390478716766966,1.1130862688829688,0.3558207669450261,0.28069916669116596,0.9750492704091259,0.9907404827742281,0.9206761615800977,281.9927880764807
1060,41060,40106,900000,6a22834,v2_nested_200x10,1,1,1,success,52,15.6414058213643,59.52778188432921,40.88541406023774,43,1,30.0,0.45,20.0,1.0,25,1,200,0.002,100,10.0,1.0,0,45,0,0.8653846153846154,0.3180217588737398,-0.3810632526421369,-0.3942191843955887,0.027333151211415968,0.0342499221431732,0.10947738218144835,1.5514065326677486,0.7505395100417923,0.3147711589870296,0.6157917706538585,1.0084407697981441,1.0277266254334154,1.1131860403105882,275.2744101405542
1061,41061,40106,900001,6a22834,v2_nested_200x10,1,1,1,success,49,38.96742592609845,47.059777431956334,3.974744747877827,44,1,30.0,0.45,20.0,1.0,25,1,200,0.002,100,10.0,1.0,0,36,0,0.7346938775510204,0.3180217588737398,-0.3810632526421369,-0.3942191843955887,0.027333151211415968,0.0342499221431732,0.10947738218144835,1.5514065326677486,0.7505395100417923,0.3147711589870296,0.6157917706538585,1.0084407697981441,1.0277266254334154,1.1131860403105882,261.95616741965927
1062,41062,40106,900002,6a22834,v2_nested_200x10,1,1,1,success,54,20.479680128920982,10.098167451799176,6.663909495871067,48,1,30.0,0.45,20.0,1.0,25,1,200,0.002,100,10.0,1.0,0,49,0,0.9074074074074074,0.3180217588737398,-0.3810632526421369,-0.3942191843955887,0.027333151211415968,0.0342499221431732,0.10947738218144835,1.5514065326677486,0.7505395100417923,0.3147711589870296,0.6157917706538585,1.0084407697981441,1.0277266254334154,1.1131860403105882,283.1585240018427
1063,41063,40106,900003,6a22834,v2_nested_200x10,0,1,1,timeout,200,22.641005686995356,19.410408816535796,6.522956725772919,45,0,30.0,0.45,20.0,1.0,25,1,200,0.002,100,10.0,1.0,0,182,0,0.91,0.3180217588737398,-0.3810632526421369,-0.3942191843955887,0.027333151211415968,0.0342499221431732,0.10947738218144835,1.5514065326677486,0.7505395100417923,0.3147711589870296,0.6157917706538585,1.0084407697981441,1.0277266254334154,1.1131860403105882,63.73066118647857
1064,41064,40106,900004,6a22834,v2_nested_200x10,1,1,1,success,49,24.137463824278964,41.82611377671205,12.92054503222657,42,1,30.0,0.45,20.0,1.0,25,1,200,0.002,100,10.0,1.0,0,36,0,0.7346938775510204,0.3180217588737398,-0.3810632526421369,-0.3942191843955887,0.027333151211415968,0.0342499221431732,0.10947738218144835,1.5514065326677486,0.7505395100417923,0.3147711589870296,0.6157917706538585,1.0084407697981441,1.0277266254334154,1.1131860403105882,271.09875833803915
1065,41065,40106,900005,6a22834,v2_nested_200x10,0,1,0,timeout,200,194.87267113987056,190.65495105068743,5.979784340371999,75,1,30.0,0.45,20.0,1.0,25,1,200,0.002,100,10.0,1.0,0,191,0,0.955,0.3180217588737398,-0.3810632526421369,-0.3942191843955887,0.027333151211415968,0.0342499221431732,0.10947738218144835,1.5514065326677486,0.7505395100417923,0.3147711589870296,0.6157917706538585,1.0084407697981441,1.0277266254334154,1.1131860403105882,49.74539367241106
1066,41066,40106,900006,6a22834,v2_nested_200x10,1,1,1,success,53,9.339838936228878,47.62048331871583,31.822583748488647,45,1,30.0,0.45,20.0,1.0,25,1,200,0.002,100,10.0,1.0,0,47,0,0.8867924528301887,0.3180217588737398,-0.3810632526421369,-0.3942191843955887,0.027333151211415968,0.0342499221431732,0.10947738218144835,1.5514065326677486,0.7505395100417923,0.3147711589870296,0.6157917706538585,1.0084407697981441,1.0277266254334154,1.1131860403105882,283.5841092785039
1067,41067,40106,900007,6a22834,v2_nested_200x10,1,1,1,success,62,7.518318962945638,8.142064037140907,0.10510339750340582,59,1,30.0,0.45,20.0,1.0,25,1,200,0.002,100,10.0,1.0,0,57,0,0.9193548387096774,0.3180217588737398,-0.3810632526421369,-0.3942191843955887,0.027333151211415968,0.0342499221431732,0.10947738218144835,1.5514065326677486,0.7505395100417923,0.3147711589870296,0.6157917706538585,1.0084407697981441,1.0277266254334154,1.1131860403105882,268.13707774593877
1068,41068,40106,900008,6a22834,v2_nested_200x10,1,1,1,success,61,14.714002902051337,13.288619498996553,0.696365871698545,56,1,30.0,0.45,20.0,1.0,25,1,200,0.002,100,10.0,1.0,0,48,0,0.7868852459016393,0.3180217588737398,-0.3810632526421369,-0.3942191843955887,0.027333151211415968,0.0342499221431732,0.10947738218144835,1.5514065326677486,0.7505395100417923,0.3147711589870296,0.6157917706538585,1.0084407697981441,1.0277266254334154,1.1131860403105882,282.52381447830334
1069,41069,40106,900009,6a22834,v2_nested_200x10,1,1,0,success,56,11.814282106698306,nan,nan,-1,1,30.0,0.45,20.0,1.0,25,1,200,0.002,100,10.0,1.0,0,45,0,0.8035714285714286,0.3180217588737398,-0.3810632526421369,-0.3942191843955887,0.027333151211415968,0.0342499221431732,0.10947738218144835,1.5514065326677486,0.7505395100417923,0.3147711589870296,0.6157917706538585,1.0084407697981441,1.0277266254334154,1.1131860403105882,254.5115974770399
1070,41070,40107,900000,6a22834,v2_nested_200x10,1,1,1,success,60,7.8610198637498465,19.689750598667676,3.007544182778254,52,1,30.0,0.45,20.0,1.0,25,1,200,0.002,100,10.0,1.0,0,41,0,0.6833333333333333,0.370013774314586,-0.6000452878807163,-2.348843370148846,0.024681237720650357,0.03664765908742374,0.09976426813580043,1.626802502780567,1.0102495477556304,0.3260175793565237,0.31565152708713307,1.0594107152326597,0.9993295305779679,1.0048291889714673,287.24201508936864
1071,41071,40107,900001,6a22834,v2_nested_200x10,1,1,1,success,61,22.280316548652074,14.08566218275118,10.708715343376582,54,1,30.0,0.45,20.0,1.0,25,1,200,0.002,100,10.0,1.0,0,39,0,0.639344262295082,0.370013774314586,-0.6000452878807163,-2.348843370148846,0.024681237720650357,0.03664765908742374,0.09976426813580043,1.626802502780567,1.0102495477556304,0.3260175793565237,0.31565152708713307,1.0594107152326597,0.9993295305779679,1.0048291889714673,286.94115629695665
1072,41072,40107,900002,6a22834,v2_nested_200x10,1,1,1,success,57,11.894533054466859,15.330229570615352,8.386930480285649,51,1,30.0,0.45,20.0,1.0,25,1,200,0.002,100,10.0,1.0,0,35,0,0.6140350877192983,0.370013774314586,-0.6000452878807163,-2.348843370148846,0.024681237720650357,0.03664765908742374,0.09976426813580043,1.626802502780567,1.0102495477556304,0.3260175793565237,0.31565152708713307,1.0594107152326597,0.9993295305779679,1.0048291889714673,287.6195953679501
1073,41073,40107,900003,6a22834,v2_nested_200x10,1,1,1,success,60,30.050526545809785,20.293250085456073,17.77467959695683,50,1,30.0,0.45,20.0,1.0,25,1,200,0.002,100,10.0,1.0,0,43,0,0.7166666666666667,0.370013774314586,-0.6000452878807163,-2.348843370148846,0.024681237720650357,0.03664765908742374,0.09976426813580043,1.626802502780567,1.0102495477556304,0.3260175793565237,0.31565152708713307,1.0594107152326597,0.9993295305779679,1.0048291889714673,287.2836328655367
1074,41074,40107,900004,6a22834,v2_nested_200x10,1,1,1,success,58,28.441600726978763,20.684242208441344,6.782064122726468,51,1,30.0,0.45,20.0,1.0,25,1,200,0.002,100,10.0,1.0,0,42,0,0.7241379310344828,0.370013774314586,-0.6000452878807163,-2.348843370148846,0.024681237720650357,0.03664765908742374,0.09976426813580043,1.626802502780567,1.0102495477556304,0.3260175793565237,0.31565152708713307,1.0594107152326597,0.9993295305779679,1.0048291889714673,285.5451154391976
1075,41075,40107,900005,6a22834,v2_nested_200x10,1,1,1,success,60,19.190179372208654,15.471833952584625,12.445471642200635,51,1,30.0,0.45,20.0,1.0,25,1,200,0.002,100,10.0,1.0,0,42,0,0.7,0.370013774314586,-0.6000452878807163,-2.348843370148846,0.024681237720650357,0.03664765908742374,0.09976426813580043,1.626802502780567,1.0102495477556304,0.3260175793565237,0.31565152708713307,1.0594107152326597,0.9993295305779679,1.0048291889714673,287.57731146607955
1076,41076,40107,900006,6a22834,v2_nested_200x10,1,1,1,success,57,6.373543558760673,18.377047237507366,12.928779914186562,50,1,30.0,0.45,20.0,1.0,25,1,200,0.002,100,10.0,1.0,0,37,0,0.6491228070175439,0.370013774314586,-0.6000452878807163,-2.348843370148846,0.024681237720650357,0.03664765908742374,0.09976426813580043,1.626802502780567,1.0102495477556304,0.3260175793565237,0.31565152708713307,1.0594107152326597,0.9993295305779679,1.0048291889714673,288.5384967104052
1077,41077,40107,900007,6a22834,v2_nested_200x10,1,1,1,success,57,19.955374063676963,16.258118611710447,10.338724936259144,51,1,30.0,0.45,20.0,1.0,25,1,200,0.002,100,10.0,1.0,0,43,0,0.7543859649122807,0.370013774314586,-0.6000452878807163,-2.348843370148846,0.024681237720650357,0.03664765908742374,0.09976426813580043,1.626802502780567,1.0102495477556304,0.3260175793565237,0.31565152708713307,1.0594107152326597,0.9993295305779679,1.0048291889714673,287.9317203526474
1078,41078,40107,900008,6a22834,v2_nested_200x10,1,1,1,success,63,22.723430955143336,8.101857645234475,3.618492093375974,59,1,30.0,0.45,20.0,1.0,25,1,200,0.002,100,10.0,1.0,0,46,0,0.7301587301587301,0.370013774314586,-0.6000452878807163,-2.348843370148846,0.024681237720650357,0.03664765908742374,0.09976426813580043,1.626802502780567,1.0102495477556304,0.3260175793565237,0.31565152708713307,1.0594107152326597,0.9993295305779679,1.0048291889714673,287.6978506071214
1079,41079,40107,900009,6a22834,v2_nested_200x10,0,1,1,timeout,200,27.425559899426116,1.269348398102675,0.7882457328005159,59,0,30.0,0.45,20.0,1.0,25,1,200,0.002,100,10.0,1.0,0,157,0,0.785,0.370013774314586,-0.6000452878807163,-2.348843370148846,0.024681237720650357,0.03664765908742374,0.09976426813580043,1.626802502780567,1.0102495477556304,0.3260175793565237,0.31565152708713307,1.0594107152326597,0.9993295305779679,1.0048291889714673,66.55849823677481
1080,41080,40108,900000,6a22834,v2_nested_200x10,1,1,1,success,55,1.9934715675447519,7.767262117266897,6.7748156158173956,45,1,30.0,0.45,20.0,1.0,25,1,200,0.002,100,10.0,1.0,0,45,0,0.8181818181818182,0.3606423512163696,-0.22614808098198746,2.8121610335006757,0.025249778571217595,0.036962829351248526,0.03693003037857446,1.7327542227499655,1.1798507205823947,0.32690108893386227,0.35345194101949784,1.0538967184908585,1.0018686353746897,1.0224088442076837,282.41049213742394
1081,41081,40108,900001,6a22834,v2_nested_200x10,1,1,1,success,57,14.454703577439563,11.410154336530054,8.464410642757493,44,1,30.0,0.45,20.0,1.0,25,1,200,0.002,100,10.0,1.0,0,35,0,0.6140350877192983,0.3606423512163696,-0.22614808098198746,2.8121610335006757,0.025249778571217595,0.036962829351248526,0.03693003037857446,1.7327542227499655,1.1798507205823947,0.32690108893386227,0.35345194101949784,1.0538967184908585,1.0018686353746897,1.0224088442076837,278.3384666257554
1082,41082,40108,900002,6a22834,v2_nested_200x10,1,1,1,success,50,11.324475315137866,19.069083779532708,6.2902232533629325,42,1,30.0,0.45,20.0,1.0,25,1,200,0.002,100,10.0,1.0,0,35,0,0.7,0.3606423512163696,-0.22614808098198746,2.8121610335006757,0.025249778571217595,0.036962829351248526,0.03693003037857446,1.7327542227499655,1.1798507205823947,0.32690108893386227,0.35345194101949784,1.0538967184908585,1.0018686353746897,1.0224088442076837,282.2265132250541
1083,41083,40108,900003,6a22834,v2_nested_200x10,1,1,1,success,49,12.525071174434483,9.022014502174814,9.275133969623583,43,1,30.0,0.45,20.0,1.0,25,1,200,0.002,100,10.0,1.0,0,40,0,0.8163265306122449,0.3606423512163696,-0.22614808098198746,2.8121610335006757,0.025249778571217595,0.036962829351248526,0.03693003037857446,1.7327542227499655,1.1798507205823947,0.32690108893386227,0.35345194101949784,1.0538967184908585,1.0018686353746897,1.0224088442076837,283.68489277821675
1084,41084,40108,900004,6a22834,v2_nested_200x10,1,1,1,success,56,15.343090081163659,29.38981124610763,14.856494673464216,51,1,30.0,0.45,20.0,1.0,25,1,200,0.002,100,10.0,1.0,0,42,0,0.75,0.3606423512163696,-0.22614808098198746,2.8121610335006757,0.025249778571217595,0.036962829351248526,0.03693003037857446,1.7327542227499655,1.1798507205823947,0.32690108893386227,0.35345194101949784,1.0538967184908585,1.0018686353746897,1.0224088442076837,282.5516010629816
1085,41085,40108,900005,6a22834,v2_nested_200x10,1,1,1,success,48,24.685947388063628,13.305678258935453,13.388959584254124,42,1,30.0,0.45,20.0,1.0,25,1,200,0.002,100,10.0,1.0,0,34,0,0.7083333333333334,0.3606423512163696,-0.22614808098198746,2.8121610335006757,0.025249778571217595,0.036962829351248526,0.03693003037857446,1.7327542227499655,1.1798507205823947,0.32690108893386227,0.35345194101949784,1.0538967184908585,1.0018686353746897,1.0224088442076837,282.57939720200454
1086,41086,40108,900006,6a22834,v2_nested_200x10,1,1,1,success,47,12.67343095778609,12.524155105855511,8.951705070402308,42,1,30.0,0.45,20.0,1.0,25,1,200,0.002,100,10.0,1.0,0,32,0,0.6808510638297872,0.3606423512163696,-0.22614808098198746,2.8121610335006757,0.025249778571217595,0.036962829351248526,0.03693003037857446,1.7327542227499655,1.1798507205823947,0.32690108893386227,0.35345194101949784,1.0538967184908585,1.0018686353746897,1.0224088442076837,283.1352636735736
1087,41087,40108,900007,6a22834,v2_nested_200x10,1,1,1,success,48,4.695129733198239,3.9203906871935303,8.229901851031222,42,1,30.0,0.45,20.0,1.0,25,1,200,0.002,100,10.0,1.0,0,34,0,0.7083333333333334,0.3606423512163696,-0.22614808098198746,2.8121610335006757,0.025249778571217595,0.036962829351248526,0.03693003037857446,1.7327542227499655,1.1798507205823947,0.32690108893386227,0.35345194101949784,1.0538967184908585,1.0018686353746897,1.0224088442076837,282.5690124282536
1088,41088,40108,900008,6a22834,v2_nested_200x10,1,1,1,success,52,23.68937300957863,11.74892417718207,11.127069459429153,42,1,30.0,0.45,20.0,1.0,25,1,200,0.002,100,10.0,1.0,0,39,0,0.75,0.3606423512163696,-0.22614808098198746,2.8121610335006757,0.025249778571217595,0.036962829351248526,0.03693003037857446,1.7327542227499655,1.1798507205823947,0.32690108893386227,0.35345194101949784,1.0538967184908585,1.0018686353746897,1.0224088442076837,280.35403402761165
1089,41089,40108,900009,6a22834,v2_nested_200x10,1,1,1,success,49,8.816321166000678,7.760070916547622,9.643422083749062,43,1,30.0,0.45,20.0,1.0,25,1,200,0.002,100,10.0,1.0,0,40,0,0.8163265306122449,0.3606423512163696,-0.22614808098198746,2.8121610335006757,0.025249778571217595,0.036962829351248526,0.03693003037857446,1.7327542227499655,1.1798507205823947,0.32690108893386227,0.35345194101949784,1.0538967184908585,1.0018686353746897,1.0224088442076837,282.7847686941624
1090,41090,40109,900000,6a22834,v2_nested_200x10,1,1,1,success,62,12.885369103591183,20.904041866573202,10.433078134298242,55,1,30.0,0.45,20.0,1.0,25,1,200,0.002,100,10.0,1.0,3,54,0,0.8709677419354839,0.3697552675080543,-0.5474046536091447,2.382712115233673,0.022568937106224866,0.0363431928044723,0.03965014469748097,1.9586800157015531,0.6816047387620205,0.30143271607889455,0.3396797778990138,1.0667702500205631,1.0311535436203247,1.1676766462367385,285.6418019312546
1091,41091,40109,900001,6a22834,v2_nested_200x10,1,1,1,success,60,19.231345201623654,9.61573617232586,1.4975123657130633,52,1,30.0,0.45,20.0,1.0,25,1,200,0.002,100,10.0,1.0,4,47,0,0.7833333333333333,0.3697552675080543,-0.5474046536091447,2.382712115233673,0.022568937106224866,0.0363431928044723,0.03965014469748097,1.9586800157015531,0.6816047387620205,0.30143271607889455,0.3396797778990138,1.0667702500205631,1.0311535436203247,1.1676766462367385,283.76374440433614
1092,41092,40109,900002,6a22834,v2_nested_200x10,1,1,1,success,78,14.13062681806991,20.22537748690248,13.459845899657376,71,1,30.0,0.45,20.0,1.0,25,1,200,0.002,100,10.0,1.0,0,62,0,0.7948717948717948,0.3697552675080543,-0.5474046536091447,2.382712115233673,0.022568937106224866,0.0363431928044723,0.03965014469748097,1.9586800157015531,0.6816047387620205,0.30143271607889455,0.3396797778990138,1.0667702500205631,1.0311535436203247,1.1676766462367385,288.9182559927645
1093,41093,40109,900003,6a22834,v2_nested_200x10,1,1,1,success,56,14.046234923234627,20.1877274957571,6.478840508778616,48,1,30.0,0.45,20.0,1.0,25,1,200,0.002,100,10.0,1.0,0,43,0,0.7678571428571429,0.3697552675080543,-0.5474046536091447,2.382712115233673,0.022568937106224866,0.0363431928044723,0.03965014469748097,1.9586800157015531,0.6816047387620205,0.30143271607889455,0.3396797778990138,1.0667702500205631,1.0311535436203247,1.1676766462367385,286.64387530921965
1094,41094,40109,900004,6a22834,v2_nested_200x10,1,1,1,success,60,7.712759261162944,23.353052837705537,13.796073503358576,52,1,30.0,0.45,20.0,1.0,25,1,200,0.002,100,10.0,1.0,0,50,0,0.8333333333333334,0.3697552675080543,-0.5474046536091447,2.382712115233673,0.022568937106224866,0.0363431928044723,0.03965014469748097,1.9586800157015531,0.6816047387620205,0.30143271607889455,0.3396797778990138,1.0667702500205631,1.0311535436203247,1.1676766462367385,287.22040916803803
1095,41095,40109,900005,6a22834,v2_nested_200x10,1,1,1,success,56,16.03037622596744,13.77575313424045,19.672532478143996,49,1,30.0,0.45,20.0,1.0,25,1,200,0.002,100,10.0,1.0,2,49,0,0.875,0.3697552675080543,-0.5474046536091447,2.382712115233673,0.022568937106224866,0.0363431928044723,0.03965014469748097,1.9586800157015531,0.6816047387620205,0.30143271607889455,0.3396797778990138,1.0667702500205631,1.0311535436203247,1.1676766462367385,286.4053360155816
1096,41096,40109,900006,6a22834,v2_nested_200x10,1,1,1,success,55,19.30325028674195,12.73921316992397,18.4791752077084,49,1,30.0,0.45,20.0,1.0,25,1,200,0.002,100,10.0,1.0,2,45,0,0.8181818181818182,0.3697552675080543,-0.5474046536091447,2.382712115233673,0.022568937106224866,0.0363431928044723,0.03965014469748097,1.9586800157015531,0.6816047387620205,0.30143271607889455,0.3396797778990138,1.0667702500205631,1.0311535436203247,1.1676766462367385,287.19231232637753
1097,41097,40109,900007,6a22834,v2_nested_200x10,0,1,0,timeout,200,84.20985560534243,19.43648262649718,80.0663692731276,99,1,30.0,0.45,20.0,1.0,25,1,200,0.002,100,10.0,1.0,0,180,0,0.9,0.3697552675080543,-0.5474046536091447,2.382712115233673,0.022568937106224866,0.0363431928044723,0.03965014469748097,1.9586800157015531,0.6816047387620205,0.30143271607889455,0.3396797778990138,1.0667702500205631,1.0311535436203247,1.1676766462367385,45.10760409329671
1098,41098,40109,900008,6a22834,v2_nested_200x10,0,1,0,timeout,200,402.898197742739,nan,nan,-1,1,30.0,0.45,20.0,1.0,25,1,200,0.002,100,10.0,1.0,0,190,0,0.95,0.3697552675080543,-0.5474046536091447,2.382712115233673,0.022568937106224866,0.0363431928044723,0.03965014469748097,1.9586800157015531,0.6816047387620205,0.30143271607889455,0.3396797778990138,1.0667702500205631,1.0311535436203247,1.1676766462367385,-48.02644555098624
1099,41099,40109,900009,6a22834,v2_nested_200x10,1,1,1,success,74,24.64843914157685,21.646724771124813,0.7085444571012217,71,1,30.0,0.45,20.0,1.0,25,1,200,0.002,100,10.0,1.0,0,59,0,0.7972972972972973,0.3697552675080543,-0.5474046536091447,2.382712115233673,0.022568937106224866,0.0363431928044723,0.03965014469748097,1.9586800157015531,0.6816047387620205,0.30143271607889455,0.3396797778990138,1.0667702500205631,1.0311535436203247,1.1676766462367385,286.55702429389436
1100,41100,40110,900000,6a22834,v2_nested_200x10,0,0,0,unsafe,32,368.83557782562036,nan,nan,-1,1,30.0,0.45,20.0,1.0,25,1,200,0.002,100,10.0,1.0,0,22,0,0.6875,0.3429159281730815,-0.6678449534917734,-0.948249230418353,0.027092524922007317,0.03648988881829808,0.07140678109710147,0.9137930832243162,1.297408200407331,0.3468076957305588,0.44238215271223147,1.0748946900785,1.0607566470285188,0.9547855887541243,-41.24896559785917
1101,41101,40110,900001,6a22834,v2_nested_200x10,0,1,0,timeout,200,328.8182560704936,nan,nan,-1,1,30.0,0.45,20.0,1.0,25,1,200,0.002,100,10.0,1.0,0,186,0,0.93,0.3429159281730815,-0.6678449534917734,-0.948249230418353,0.027092524922007317,0.03648988881829808,0.07140678109710147,0.9137930832243162,1.297408200407331,0.3468076957305588,0.44238215271223147,1.0748946900785,1.0607566470285188,0.9547855887541243,-16.98342707402964
1102,41102,40110,900002,6a22834,v2_nested_200x10,1,1,1,success,61,19.628161824528146,20.42965605641411,11.194858092478519,56,1,30.0,0.45,20.0,1.0,25,1,200,0.002,100,10.0,1.0,4,44,0,0.7213114754098361,0.3429159281730815,-0.6678449534917734,-0.948249230418353,0.027092524922007317,0.03648988881829808,0.07140678109710147,0.9137930832243162,1.297408200407331,0.3468076957305588,0.44238215271223147,1.0748946900785,1.0607566470285188,0.9547855887541243,284.73114398486626
1103,41103,40110,900003,6a22834,v2_nested_200x10,1,1,1,success,65,18.410513080000747,14.939227828208866,2.856511242078182,61,1,30.0,0.45,20.0,1.0,25,1,200,0.002,100,10.0,1.0,1,55,0,0.8461538461538461,0.3429159281730815,-0.6678449534917734,-0.948249230418353,0.027092524922007317,0.03648988881829808,0.07140678109710147,0.9137930832243162,1.297408200407331,0.3468076957305588,0.44238215271223147,1.0748946900785,1.0607566470285188,0.9547855887541243,283.6535230574209
1104,41104,40110,900004,6a22834,v2_nested_200x10,1,1,1,success,70,19.27606963703806,18.30076928992334,8.966617542820561,65,1,30.0,0.45,20.0,1.0,25,1,200,0.002,100,10.0,1.0,0,51,0,0.7285714285714285,0.3429159281730815,-0.6678449534917734,-0.948249230418353,0.027092524922007317,0.03648988881829808,0.07140678109710147,0.9137930832243162,1.297408200407331,0.3468076957305588,0.44238215271223147,1.0748946900785,1.0607566470285188,0.9547855887541243,284.98942685763154
1105,41105,40110,900005,6a22834,v2_nested_200x10,1,1,1,success,72,27.339801899177527,26.110197497041742,3.8042804366268084,69,1,30.0,0.45,20.0,1.0,25,1,200,0.002,100,10.0,1.0,5,56,0,0.7777777777777778,0.3429159281730815,-0.6678449534917734,-0.948249230418353,0.027092524922007317,0.03648988881829808,0.07140678109710147,0.9137930832243162,1.297408200407331,0.3468076957305588,0.44238215271223147,1.0748946900785,1.0607566470285188,0.9547855887541243,281.43554591594807
1106,41106,40110,900006,6a22834,v2_nested_200x10,0,1,0,timeout,200,88.84982015097756,65.25374819820996,54.51949898752035,71,1,30.0,0.45,20.0,1.0,25,1,200,0.002,100,10.0,1.0,0,188,0,0.94,0.3429159281730815,-0.6678449534917734,-0.948249230418353,0.027092524922007317,0.03648988881829808,0.07140678109710147,0.9137930832243162,1.297408200407331,0.3468076957305588,0.44238215271223147,1.0748946900785,1.0607566470285188,0.9547855887541243,54.86586830572257
1107,41107,40110,900007,6a22834,v2_nested_200x10,1,1,1,success,59,17.01834410572813,19.173393008815484,5.644292320836663,54,1,30.0,0.45,20.0,1.0,25,1,200,0.002,100,10.0,1.0,0,43,0,0.7288135593220338,0.3429159281730815,-0.6678449534917734,-0.948249230418353,0.027092524922007317,0.03648988881829808,0.07140678109710147,0.9137930832243162,1.297408200407331,0.3468076957305588,0.44238215271223147,1.0748946900785,1.0607566470285188,0.9547855887541243,289.2535618969676
1108,41108,40110,900008,6a22834,v2_nested_200x10,1,1,1,success,61,14.251260196011525,16.809882595225098,5.208326273475171,55,1,30.0,0.45,20.0,1.0,25,1,200,0.002,100,10.0,1.0,0,45,0,0.7377049180327869,0.3429159281730815,-0.6678449534917734,-0.948249230418353,0.027092524922007317,0.03648988881829808,0.07140678109710147,0.9137930832243162,1.297408200407331,0.3468076957305588,0.44238215271223147,1.0748946900785,1.0607566470285188,0.9547855887541243,288.3070558381478
1109,41109,40110,900009,6a22834,v2_nested_200x10,1,1,1,success,71,26.945346453275334,19.84664334357876,0.19690233745949906,68,1,30.0,0.45,20.0,1.0,25,1,200,0.002,100,10.0,1.0,5,49,0,0.6901408450704225,0.3429159281730815,-0.6678449534917734,-0.948249230418353,0.027092524922007317,0.03648988881829808,0.07140678109710147,0.9137930832243162,1.297408200407331,0.3468076957305588,0.44238215271223147,1.0748946900785,1.0607566470285188,0.9547855887541243,280.0020675726162
1110,41110,40111,900000,6a22834,v2_nested_200x10,1,1,1,success,50,9.10850959447093,12.061614676306457,10.308492072479703,46,1,30.0,0.45,20.0,1.0,25,1,200,0.002,100,10.0,1.0,0,39,0,0.78,0.33150280580010866,-0.19223990940474855,2.4758105213917645,0.02335419728112717,0.03231018532315215,0.09647341256382051,1.9334332126510678,1.2288575046927446,0.360697336509077,0.4486307151274652,1.0167253040709145,1.0347585476305445,1.0508553530277225,284.80139455564824
1111,41111,40111,900001,6a22834,v2_nested_200x10,1,1,1,success,56,12.091968538799703,1.3168992281529783,11.089488660064594,50,1,30.0,0.45,20.0,1.0,25,1,200,0.002,100,10.0,1.0,0,44,0,0.7857142857142857,0.33150280580010866,-0.19223990940474855,2.4758105213917645,0.02335419728112717,0.03231018532315215,0.09647341256382051,1.9334332126510678,1.2288575046927446,0.360697336509077,0.4486307151274652,1.0167253040709145,1.0347585476305445,1.0508553530277225,281.08798165387003
1112,41112,40111,900002,6a22834,v2_nested_200x10,1,1,1,success,56,6.036211810187147,9.574191740245597,5.809408317745923,47,1,30.0,0.45,20.0,1.0,25,1,200,0.002,100,10.0,1.0,0,43,0,0.7678571428571429,0.33150280580010866,-0.19223990940474855,2.4758105213917645,0.02335419728112717,0.03231018532315215,0.09647341256382051,1.9334332126510678,1.2288575046927446,0.360697336509077,0.4486307151274652,1.0167253040709145,1.0347585476305445,1.0508553530277225,283.5261952695182
1113,41113,40111,900003,6a22834,v2_nested_200x10,1,1,1,success,56,14.346425925964269,9.006159926856164,0.4428101863500617,53,1,30.0,0.45,20.0,1.0,25,1,200,0.002,100,10.0,1.0,0,44,0,0.7857142857142857,0.33150280580010866,-0.19223990940474855,2.4758105213917645,0.02335419728112717,0.03231018532315215,0.09647341256382051,1.9334332126510678,1.2288575046927446,0.360697336509077,0.4486307151274652,1.0167253040709145,1.0347585476305445,1.0508553530277225,283.3676262668655
1114,41114,40111,900004,6a22834,v2_nested_200x10,1,1,1,success,55,7.9975618428651165,13.1189757238485,19.21700907069005,47,1,30.0,0.45,20.0,1.0,25,1,200,0.002,100,10.0,1.0,0,42,0,0.7636363636363637,0.33150280580010866,-0.19223990940474855,2.4758105213917645,0.02335419728112717,0.03231018532315215,0.09647341256382051,1.9334332126510678,1.2288575046927446,0.360697336509077,0.4486307151274652,1.0167253040709145,1.0347585476305445,1.0508553530277225,282.0900542630486
1115,41115,40111,900005,6a22834,v2_nested_200x10,1,1,1,success,52,6.930473077419811,13.060464714344404,7.767118327597324,46,1,30.0,0.45,20.0,1.0,25,1,200,0.002,100,10.0,1.0,0,44,0,0.8461538461538461,0.33150280580010866,-0.19223990940474855,2.4758105213917645,0.02335419728112717,0.03231018532315215,0.09647341256382051,1.9334332126510678,1.2288575046927446,0.360697336509077,0.4486307151274652,1.0167253040709145,1.0347585476305445,1.0508553530277225,281.7221939312673
1116,41116,40111,900006,6a22834,v2_nested_200x10,1,1,1,success,55,4.482060322131833,14.429296255814608,5.165486932948393,47,1,30.0,0.45,20.0,1.0,25,1,200,0.002,100,10.0,1.0,0,44,0,0.8,0.33150280580010866,-0.19223990940474855,2.4758105213917645,0.02335419728112717,0.03231018532315215,0.09647341256382051,1.9334332126510678,1.2288575046927446,0.360697336509077,0.4486307151274652,1.0167253040709145,1.0347585476305445,1.0508553530277225,282.2260727431568
1117,41117,40111,900007,6a22834,v2_nested_200x10,1,1,1,success,54,1.3444314808167315,20.241562154104837,16.07064037594739,47,1,30.0,0.45,20.0,1.0,25,1,200,0.002,100,10.0,1.0,0,42,0,0.7777777777777778,0.33150280580010866,-0.19223990940474855,2.4758105213917645,0.02335419728112717,0.03231018532315215,0.09647341256382051,1.9334332126510678,1.2288575046927446,0.360697336509077,0.4486307151274652,1.0167253040709145,1.0347585476305445,1.0508553530277225,283.5988035185595
1118,41118,40111,900008,6a22834,v2_nested_200x10,1,1,1,success,53,13.23178664842954,18.4806590615421,14.697421876482618,46,1,30.0,0.45,20.0,1.0,25,1,200,0.002,100,10.0,1.0,0,36,0,0.6792452830188679,0.33150280580010866,-0.19223990940474855,2.4758105213917645,0.02335419728112717,0.03231018532315215,0.09647341256382051,1.9334332126510678,1.2288575046927446,0.360697336509077,0.4486307151274652,1.0167253040709145,1.0347585476305445,1.0508553530277225,282.6590224602689
1119,41119,40111,900009,6a22834,v2_nested_200x10,1,1,1,success,51,16.82185020996867,14.251402882413265,3.279591652937607,45,1,30.0,0.45,20.0,1.0,25,1,200,0.002,100,10.0,1.0,0,41,0,0.803921568627451,0.33150280580010866,-0.19223990940474855,2.4758105213917645,0.02335419728112717,0.03231018532315215,0.09647341256382051,1.9334332126510678,1.2288575046927446,0.360697336509077,0.4486307151274652,1.0167253040709145,1.0347585476305445,1.0508553530277225,281.92351006112324
1120,41120,40112,900000,6a22834,v2_nested_200x10,1,1,1,success,64,3.9524278483049606,33.77622136605412,4.346500448572759,55,1,30.0,0.45,20.0,1.0,25,1,200,0.002,100,10.0,1.0,0,36,0,0.5625,0.3770768766248312,-0.6848773076380699,2.819582726135687,0.023816787723864714,0.03758197538914934,0.1073072817051923,1.2336226712284843,0.8890604529576023,0.3832763819812094,0.2527371725348013,1.0332247540815431,1.128781649675631,0.9790543577821866,290.8295898416886
1121,41121,40112,900001,6a22834,v2_nested_200x10,1,1,1,success,68,25.243034900326514,23.256328858933095,12.215609401845876,59,1,30.0,0.45,20.0,1.0,25,1,200,0.002,100,10.0,1.0,0,39,0,0.5735294117647058,0.3770768766248312,-0.6848773076380699,2.819582726135687,0.023816787723864714,0.03758197538914934,0.1073072817051923,1.2336226712284843,0.8890604529576023,0.3832763819812094,0.2527371725348013,1.0332247540815431,1.128781649675631,0.9790543577821866,288.5154748767291
1122,41122,40112,900002,6a22834,v2_nested_200x10,1,1,1,success,72,5.305799940141091,4.103559673640678,4.174437531477109,68,1,30.0,0.45,20.0,1.0,25,1,200,0.002,100,10.0,1.0,0,46,0,0.6388888888888888,0.3770768766248312,-0.6848773076380699,2.819582726135687,0.023816787723864714,0.03758197538914934,0.1073072817051923,1.2336226712284843,0.8890604529576023,0.3832763819812094,0.2527371725348013,1.0332247540815431,1.128781649675631,0.9790543577821866,291.2826127404777
1123,41123,40112,900003,6a22834,v2_nested_200x10,1,1,1,success,76,15.621341927215685,17.42697247949781,4.481166300794241,57,1,30.0,0.45,20.0,1.0,25,1,200,0.002,100,10.0,1.0,0,45,0,0.5921052631578947,0.3770768766248312,-0.6848773076380699,2.819582726135687,0.023816787723864714,0.03758197538914934,0.1073072817051923,1.2336226712284843,0.8890604529576023,0.3832763819812094,0.2527371725348013,1.0332247540815431,1.128781649675631,0.9790543577821866,284.22458261811323
1124,41124,40112,900004,6a22834,v2_nested_200x10,1,1,1,success,67,20.752150889391967,23.133986546301646,6.475050498112744,54,1,30.0,0.45,20.0,1.0,25,1,200,0.002,100,10.0,1.0,0,45,0,0.6716417910447762,0.3770768766248312,-0.6848773076380699,2.819582726135687,0.023816787723864714,0.03758197538914934,0.1073072817051923,1.2336226712284843,0.8890604529576023,0.3832763819812094,0.2527371725348013,1.0332247540815431,1.128781649675631,0.9790543577821866,286.50844339133357
1125,41125,40112,900005,6a22834,v2_nested_200x10,1,1,1,success,62,15.284348795067825,21.371544069243896,0.19179264240183513,59,1,30.0,0.45,20.0,1.0,25,1,200,0.002,100,10.0,1.0,0,40,0,0.6451612903225806,0.3770768766248312,-0.6848773076380699,2.819582726135687,0.023816787723864714,0.03758197538914934,0.1073072817051923,1.2336226712284843,0.8890604529576023,0.3832763819812094,0.2527371725348013,1.0332247540815431,1.128781649675631,0.9790543577821866,289.8410212695361
1126,41126,40112,900006,6a22834,v2_nested_200x10,1,1,1,success,66,12.04528602245276,31.130183191450087,1.978285117526998,58,1,30.0,0.45,20.0,1.0,25,1,200,0.002,100,10.0,1.0,0,41,0,0.6212121212121212,0.3770768766248312,-0.6848773076380699,2.819582726135687,0.023816787723864714,0.03758197538914934,0.1073072817051923,1.2336226712284843,0.8890604529576023,0.3832763819812094,0.2527371725348013,1.0332247540815431,1.128781649675631,0.9790543577821866,292.755436016685
1127,41127,40112,900007,6a22834,v2_nested_200x10,1,1,1,success,64,18.374195288263852,18.225747481132206,0.6883289862031755,61,1,30.0,0.45,20.0,1.0,25,1,200,0.002,100,10.0,1.0,0,36,0,0.5625,0.3770768766248312,-0.6848773076380699,2.819582726135687,0.023816787723864714,0.03758197538914934,0.1073072817051923,1.2336226712284843,0.8890604529576023,0.3832763819812094,0.2527371725348013,1.0332247540815431,1.128781649675631,0.9790543577821866,292.30930354854183
1128,41128,40112,900008,6a22834,v2_nested_200x10,1,1,1,success,65,12.452746831080828,23.833485600158923,5.492776452956594,56,1,30.0,0.45,20.0,1.0,25,1,200,0.002,100,10.0,1.0,0,38,0,0.5846153846153846,0.3770768766248312,-0.6848773076380699,2.819582726135687,0.023816787723864714,0.03758197538914934,0.1073072817051923,1.2336226712284843,0.8890604529576023,0.3832763819812094,0.2527371725348013,1.0332247540815431,1.128781649675631,0.9790543577821866,290.4278740861992
1129,41129,40112,900009,6a22834,v2_nested_200x10,1,1,1,success,65,17.422322467489103,13.720785914530593,1.4980842154207745,62,1,30.0,0.45,20.0,1.0,25,1,200,0.002,100,10.0,1.0,0,42,0,0.6461538461538462,0.3770768766248312,-0.6848773076380699,2.819582726135687,0.023816787723864714,0.03758197538914934,0.1073072817051923,1.2336226712284843,0.8890604529576023,0.3832763819812094,0.2527371725348013,1.0332247540815431,1.128781649675631,0.9790543577821866,291.3629063292955
1130,41130,40113,900000,6a22834,v2_nested_200x10,1,1,1,success,62,12.568951211653266,17.761487338265013,8.032322347545481,55,1,30.0,0.45,20.0,1.0,25,1,200,0.002,100,10.0,1.0,0,49,0,0.7903225806451613,0.32624757688152084,-0.7116467735941913,-1.2270238645862492,0.020648286017461173,0.03272355132841023,0.03529700409292341,1.8976050419750337,0.7839339329612236,0.3857427549802864,0.342143351008485,1.1108904221605342,1.0329191727597653,1.054617109984685,290.13797658503495
1131,41131,40113,900001,6a22834,v2_nested_200x10,1,1,1,success,63,16.449537718757544,9.014205862083273,4.716880823775954,58,1,30.0,0.45,20.0,1.0,25,1,200,0.002,100,10.0,1.0,0,50,0,0.7936507936507936,0.32624757688152084,-0.7116467735941913,-1.2270238645862492,0.020648286017461173,0.03272355132841023,0.03529700409292341,1.8976050419750337,0.7839339329612236,0.3857427549802864,0.342143351008485,1.1108904221605342,1.0329191727597653,1.054617109984685,291.3187948595119
1132,41132,40113,900002,6a22834,v2_nested_200x10,1,1,1,success,62,10.14949523716056,11.839589984287608,8.66687804274807,54,1,30.0,0.45,20.0,1.0,25,1,200,0.002,100,10.0,1.0,0,49,0,0.7903225806451613,0.32624757688152084,-0.7116467735941913,-1.2270238645862492,0.020648286017461173,0.03272355132841023,0.03529700409292341,1.8976050419750337,0.7839339329612236,0.3857427549802864,0.342143351008485,1.1108904221605342,1.0329191727597653,1.054617109984685,291.679780944657
1133,41133,40113,900003,6a22834,v2_nested_200x10,1,1,1,success,61,24.116479084980675,18.602081396532643,0.984055989536188,56,1,30.0,0.45,20.0,1.0,25,1,200,0.002,100,10.0,1.0,0,50,0,0.819672131147541,0.32624757688152084,-0.7116467735941913,-1.2270238645862492,0.020648286017461173,0.03272355132841023,0.03529700409292341,1.8976050419750337,0.7839339329612236,0.3857427549802864,0.342143351008485,1.1108904221605342,1.0329191727597653,1.054617109984685,290.9958636167669
1134,41134,40113,900004,6a22834,v2_nested_200x10,0,0,0,timeout,200,439.2484568175447,nan,nan,-1,1,30.0,0.45,20.0,1.0,25,1,200,0.002,100,10.0,1.0,0,191,0,0.955,0.32624757688152084,-0.7116467735941913,-1.2270238645862492,0.020648286017461173,0.03272355132841023,0.03529700409292341,1.8976050419750337,0.7839339329612236,0.3857427549802864,0.342143351008485,1.1108904221605342,1.0329191727597653,1.054617109984685,-3.331747164083169
1135,41135,40113,900005,6a22834,v2_nested_200x10,1,1,1,success,81,26.78666794298983,12.791270370674017,1.6942087124750016,74,1,30.0,0.45,20.0,1.0,25,1,200,0.002,100,10.0,1.0,0,66,0,0.8148148148148148,0.32624757688152084,-0.7116467735941913,-1.2270238645862492,0.020648286017461173,0.03272355132841023,0.03529700409292341,1.8976050419750337,0.7839339329612236,0.3857427549802864,0.342143351008485,1.1108904221605342,1.0329191727597653,1.054617109984685,284.0770394260984
1136,41136,40113,900006,6a22834,v2_nested_200x10,1,1,1,success,62,25.996933016309217,15.536587037437627,9.138480273461049,56,1,30.0,0.45,20.0,1.0,25,1,200,0.002,100,10.0,1.0,0,46,0,0.7419354838709677,0.32624757688152084,-0.7116467735941913,-1.2270238645862492,0.020648286017461173,0.03272355132841023,0.03529700409292341,1.8976050419750337,0.7839339329612236,0.3857427549802864,0.342143351008485,1.1108904221605342,1.0329191727597653,1.054617109984685,291.45033779086845
1137,41137,40113,900007,6a22834,v2_nested_200x10,1,1,1,success,61,16.39700401860168,4.116966654153456,1.839862235900919,56,1,30.0,0.45,20.0,1.0,25,1,200,0.002,100,10.0,1.0,0,50,0,0.819672131147541,0.32624757688152084,-0.7116467735941913,-1.2270238645862492,0.020648286017461173,0.03272355132841023,0.03529700409292341,1.8976050419750337,0.7839339329612236,0.3857427549802864,0.342143351008485,1.1108904221605342,1.0329191727597653,1.054617109984685,291.1986044949897
1138,41138,40113,900008,6a22834,v2_nested_200x10,1,1,1,success,61,14.124995184100639,12.240206288572242,6.045237067265906,55,1,30.0,0.45,20.0,1.0,25,1,200,0.002,100,10.0,1.0,0,50,0,0.819672131147541,0.32624757688152084,-0.7116467735941913,-1.2270238645862492,0.020648286017461173,0.03272355132841023,0.03529700409292341,1.8976050419750337,0.7839339329612236,0.3857427549802864,0.342143351008485,1.1108904221605342,1.0329191727597653,1.054617109984685,291.54682821327543
1139,41139,40113,900009,6a22834,v2_nested_200x10,1,1,1,success,61,22.276846871452676,17.626905506833086,5.6346097007438924,55,1,30.0,0.45,20.0,1.0,25,1,200,0.002,100,10.0,1.0,0,49,0,0.8032786885245902,0.32624757688152084,-0.7116467735941913,-1.2270238645862492,0.020648286017461173,0.03272355132841023,0.03529700409292341,1.8976050419750337,0.7839339329612236,0.3857427549802864,0.342143351008485,1.1108904221605342,1.0329191727597653,1.054617109984685,290.3720468095267
1140,41140,40114,900000,6a22834,v2_nested_200x10,0,1,0,unsafe,21,172.71103222642802,nan,nan,-1,0,30.0,0.45,20.0,1.0,25,1,200,0.002,100,10.0,1.0,0,18,0,0.8571428571428571,0.34750645782987605,-0.3229512589208841,2.4527768725638293,0.02680455497538864,0.03926453267283959,0.11009489361457087,1.2352134299121273,0.9665664432774816,0.3132291409001676,0.27934106430921424,1.0284259543599625,1.0397700607938343,1.1566676859297775,-42.61337812275706
1141,41141,40114,900001,6a22834,v2_nested_200x10,1,1,1,success,45,11.22010261658085,5.166010621748291,24.38934858413031,34,1,30.0,0.45,20.0,1.0,25,1,200,0.002,100,10.0,1.0,0,33,0,0.7333333333333333,0.34750645782987605,-0.3229512589208841,2.4527768725638293,0.02680455497538864,0.03926453267283959,0.11009489361457087,1.2352134299121273,0.9665664432774816,0.3132291409001676,0.27934106430921424,1.0284259543599625,1.0397700607938343,1.1566676859297775,283.65242928315604
1142,41142,40114,900002,6a22834,v2_nested_200x10,1,1,1,success,42,14.181074421992152,18.561727651837554,8.938208565803208,36,1,30.0,0.45,20.0,1.0,25,1,200,0.002,100,10.0,1.0,1,41,0,0.9761904761904762,0.34750645782987605,-0.3229512589208841,2.4527768725638293,0.02680455497538864,0.03926453267283959,0.11009489361457087,1.2352134299121273,0.9665664432774816,0.3132291409001676,0.27934106430921424,1.0284259543599625,1.0397700607938343,1.1566676859297775,279.36224199720607
1143,41143,40114,900003,6a22834,v2_nested_200x10,1,1,1,success,63,6.597579632377683,9.68929821847164,14.931487035906958,34,1,30.0,0.45,20.0,1.0,25,1,200,0.002,100,10.0,1.0,0,53,0,0.8412698412698413,0.34750645782987605,-0.3229512589208841,2.4527768725638293,0.02680455497538864,0.03926453267283959,0.11009489361457087,1.2352134299121273,0.9665664432774816,0.3132291409001676,0.27934106430921424,1.0284259543599625,1.0397700607938343,1.1566676859297775,279.1997006847223
1144,41144,40114,900004,6a22834,v2_nested_200x10,1,1,1,success,51,11.971556698269886,10.56949262801047,2.4690261051050113,48,1,30.0,0.45,20.0,1.0,25,1,200,0.002,100,10.0,1.0,0,41,0,0.803921568627451,0.34750645782987605,-0.3229512589208841,2.4527768725638293,0.02680455497538864,0.03926453267283959,0.11009489361457087,1.2352134299121273,0.9665664432774816,0.3132291409001676,0.27934106430921424,1.0284259543599625,1.0397700607938343,1.1566676859297775,280.5502857500361
1145,41145,40114,900005,6a22834,v2_nested_200x10,1,1,1,success,43,5.177294347704232,11.022587620213818,13.930603911931751,36,1,30.0,0.45,20.0,1.0,25,1,200,0.002,100,10.0,1.0,0,40,0,0.9302325581395349,0.34750645782987605,-0.3229512589208841,2.4527768725638293,0.02680455497538864,0.03926453267283959,0.11009489361457087,1.2352134299121273,0.9665664432774816,0.3132291409001676,0.27934106430921424,1.0284259543599625,1.0397700607938343,1.1566676859297775,281.55894303870633
1146,41146,40114,900006,6a22834,v2_nested_200x10,1,1,1,success,44,11.218180281298386,18.94840912202775,3.2837113549125307,40,1,30.0,0.45,20.0,1.0,25,1,200,0.002,100,10.0,1.0,0,36,0,0.8181818181818182,0.34750645782987605,-0.3229512589208841,2.4527768725638293,0.02680455497538864,0.03926453267283959,0.11009489361457087,1.2352134299121273,0.9665664432774816,0.3132291409001676,0.27934106430921424,1.0284259543599625,1.0397700607938343,1.1566676859297775,282.2146421855377
1147,41147,40114,900007,6a22834,v2_nested_200x10,1,1,1,success,42,9.766010879561321,6.519177109816062,8.886262452760104,35,1,30.0,0.45,20.0,1.0,25,1,200,0.002,100,10.0,1.0,0,35,0,0.8333333333333334,0.34750645782987605,-0.3229512589208841,2.4527768725638293,0.02680455497538864,0.03926453267283959,0.11009489361457087,1.2352134299121273,0.9665664432774816,0.3132291409001676,0.27934106430921424,1.0284259543599625,1.0397700607938343,1.1566676859297775,278.7354269727786
1148,41148,40114,900008,6a22834,v2_nested_200x10,1,1,1,success,45,11.527528957153848,16.55519466504586,21.674287749712104,33,1,30.0,0.45,20.0,1.0,25,1,200,0.002,100,10.0,1.0,0,34,0,0.7555555555555555,0.34750645782987605,-0.3229512589208841,2.4527768725638293,0.02680455497538864,0.03926453267283959,0.11009489361457087,1.2352134299121273,0.9665664432774816,0.3132291409001676,0.27934106430921424,1.0284259543599625,1.0397700607938343,1.1566676859297775,279.6721865735525
1149,41149,40114,900009,6a22834,v2_nested_200x10,1,1,1,success,45,16.41471839715608,6.496605752618743,21.21690243895743,34,1,30.0,0.45,20.0,1.0,25,1,200,0.002,100,10.0,1.0,0,34,0,0.7555555555555555,0.34750645782987605,-0.3229512589208841,2.4527768725638293,0.02680455497538864,0.03926453267283959,0.11009489361457087,1.2352134299121273,0.9665664432774816,0.3132291409001676,0.27934106430921424,1.0284259543599625,1.0397700607938343,1.1566676859297775,281.99085105902145
1150,41150,40115,900000,6a22834,v2_nested_200x10,1,1,1,success,65,23.178644145239378,21.340837373451684,7.269626538529874,56,1,30.0,0.45,20.0,1.0,25,1,200,0.002,100,10.0,1.0,0,57,0,0.8769230769230769,0.37385914041321006,-0.3577457057887484,-0.7704866146223055,0.020700111374405195,0.031345792213210995,0.08324581214393968,0.9407459100924161,0.9129956214442856,0.342251030054156,0.7036703612535379,1.0225422305088145,1.0664402183610533,0.8911604106355799,290.4302187490219
1151,41151,40115,900001,6a22834,v2_nested_200x10,1,1,1,success,72,25.72921211311636,7.461777392521071,25.81760152960015,59,1,30.0,0.45,20.0,1.0,25,1,200,0.002,100,10.0,1.0,0,60,0,0.8333333333333334,0.37385914041321006,-0.3577457057887484,-0.7704866146223055,0.020700111374405195,0.031345792213210995,0.08324581214393968,0.9407459100924161,0.9129956214442856,0.342251030054156,0.7036703612535379,1.0225422305088145,1.0664402183610533,0.8911604106355799,290.82697918224574
1152,41152,40115,900002,6a22834,v2_nested_200x10,1,1,1,success,67,24.72569951228563,12.340281565099335,16.20389434887234,59,1,30.0,0.45,20.0,1.0,25,1,200,0.002,100,10.0,1.0,0,54,0,0.8059701492537313,0.37385914041321006,-0.3577457057887484,-0.7704866146223055,0.020700111374405195,0.031345792213210995,0.08324581214393968,0.9407459100924161,0.9129956214442856,0.342251030054156,0.7036703612535379,1.0225422305088145,1.0664402183610533,0.8911604106355799,291.2066632793208
1153,41153,40115,900003,6a22834,v2_nested_200x10,1,1,1,success,66,30.29334253777456,22.086030738815957,11.61619804579339,59,1,30.0,0.45,20.0,1.0,25,1,200,0.002,100,10.0,1.0,0,52,0,0.7878787878787878,0.37385914041321006,-0.3577457057887484,-0.7704866146223055,0.020700111374405195,0.031345792213210995,0.08324581214393968,0.9407459100924161,0.9129956214442856,0.342251030054156,0.7036703612535379,1.0225422305088145,1.0664402183610533,0.8911604106355799,290.6493402346878
1154,41154,40115,900004,6a22834,v2_nested_200x10,1,1,1,success,66,19.274875214085508,8.149558969567376,15.18213883630268,59,1,30.0,0.45,20.0,1.0,25,1,200,0.002,100,10.0,1.0,0,56,0,0.8484848484848485,0.37385914041321006,-0.3577457057887484,-0.7704866146223055,0.020700111374405195,0.031345792213210995,0.08324581214393968,0.9407459100924161,0.9129956214442856,0.342251030054156,0.7036703612535379,1.0225422305088145,1.0664402183610533,0.8911604106355799,289.5365874269553
1155,41155,40115,900005,6a22834,v2_nested_200x10,1,1,1,success,68,20.840330379859342,20.25196299952379,12.417287160818576,56,1,30.0,0.45,20.0,1.0,25,1,200,0.002,100,10.0,1.0,0,55,0,0.8088235294117647,0.37385914041321006,-0.3577457057887484,-0.7704866146223055,0.020700111374405195,0.031345792213210995,0.08324581214393968,0.9407459100924161,0.9129956214442856,0.342251030054156,0.7036703612535379,1.0225422305088145,1.0664402183610533,0.8911604106355799,289.20218579359573
1156,41156,40115,900006,6a22834,v2_nested_200x10,1,1,1,success,63,26.679479747489363,23.597232384479803,11.257752867506786,57,1,30.0,0.45,20.0,1.0,25,1,200,0.002,100,10.0,1.0,0,48,0,0.7619047619047619,0.37385914041321006,-0.3577457057887484,-0.7704866146223055,0.020700111374405195,0.031345792213210995,0.08324581214393968,0.9407459100924161,0.9129956214442856,0.342251030054156,0.7036703612535379,1.0225422305088145,1.0664402183610533,0.8911604106355799,292.2000343986818
1157,41157,40115,900007,6a22834,v2_nested_200x10,1,1,1,success,65,17.102171778313654,16.130642937576106,6.895368551480665,57,1,30.0,0.45,20.0,1.0,25,1,200,0.002,100,10.0,1.0,0,55,0,0.8461538461538461,0.37385914041321006,-0.3577457057887484,-0.7704866146223055,0.020700111374405195,0.031345792213210995,0.08324581214393968,0.9407459100924161,0.9129956214442856,0.342251030054156,0.7036703612535379,1.0225422305088145,1.0664402183610533,0.8911604106355799,291.5998478469886
1158,41158,40115,900008,6a22834,v2_nested_200x10,1,1,1,success,68,20.246299397167107,27.01924749723867,17.763058747037604,59,1,30.0,0.45,20.0,1.0,25,1,200,0.002,100,10.0,1.0,0,49,0,0.7205882352941176,0.37385914041321006,-0.3577457057887484,-0.7704866146223055,0.020700111374405195,0.031345792213210995,0.08324581214393968,0.9407459100924161,0.9129956214442856,0.342251030054156,0.7036703612535379,1.0225422305088145,1.0664402183610533,0.8911604106355799,290.55404831191834
1159,41159,40115,900009,6a22834,v2_nested_200x10,1,1,1,success,68,23.444268203446267,27.230821357703434,1.9473487574364303,54,1,30.0,0.45,20.0,1.0,25,1,200,0.002,100,10.0,1.0,0,58,0,0.8529411764705882,0.37385914041321006,-0.3577457057887484,-0.7704866146223055,0.020700111374405195,0.031345792213210995,0.08324581214393968,0.9407459100924161,0.9129956214442856,0.342251030054156,0.7036703612535379,1.0225422305088145,1.0664402183610533,0.8911604106355799,290.60615547539555
1160,41160,40116,900000,6a22834,v2_nested_200x10,1,1,1,success,52,25.59087821593081,23.396288144047833,4.2470791928146925,47,1,30.0,0.45,20.0,1.0,25,1,200,0.002,100,10.0,1.0,0,31,0,0.5961538461538461,0.3261514597334271,-0.22872850583639082,2.9660917365074946,0.02311956208806884,0.03176702670974552,0.11250591648441545,0.8313631289183673,0.7706700069035428,0.385187330542037,0.6469717263876195,1.027325515749239,1.0891535294367538,0.9624469339749318,282.15530376875324
1161,41161,40116,900001,6a22834,v2_nested_200x10,1,1,1,success,56,15.254107433730956,17.055004229154246,4.0371464637765655,49,1,30.0,0.45,20.0,1.0,25,1,200,0.002,100,10.0,1.0,0,45,0,0.8035714285714286,0.3261514597334271,-0.22872850583639082,2.9660917365074946,0.02311956208806884,0.03176702670974552,0.11250591648441545,0.8313631289183673,0.7706700069035428,0.385187330542037,0.6469717263876195,1.027325515749239,1.0891535294367538,0.9624469339749318,281.6554174650763
1162,41162,40116,900002,6a22834,v2_nested_200x10,1,1,1,success,51,14.434055529900387,14.113175006186337,1.5045011249184597,47,1,30.0,0.45,20.0,1.0,25,1,200,0.002,100,10.0,1.0,0,40,0,0.7843137254901961,0.3261514597334271,-0.22872850583639082,2.9660917365074946,0.02311956208806884,0.03176702670974552,0.11250591648441545,0.8313631289183673,0.7706700069035428,0.385187330542037,0.6469717263876195,1.027325515749239,1.0891535294367538,0.9624469339749318,281.62269557901504
1163,41163,40116,900003,6a22834,v2_nested_200x10,1,1,1,success,88,19.52596373401402,24.246675356397635,4.8218731203714595,46,1,30.0,0.45,20.0,1.0,25,1,200,0.002,100,10.0,1.0,0,74,0,0.8409090909090909,0.3261514597334271,-0.22872850583639082,2.9660917365074946,0.02311956208806884,0.03176702670974552,0.11250591648441545,0.8313631289183673,0.7706700069035428,0.385187330542037,0.6469717263876195,1.027325515749239,1.0891535294367538,0.9624469339749318,278.41674939105525
1164,41164,40116,900004,6a22834,v2_nested_200x10,1,1,1,success,56,11.54525005148777,17.61948731532297,4.7252893579379425,48,1,30.0,0.45,20.0,1.0,25,1,200,0.002,100,10.0,1.0,0,43,0,0.7678571428571429,0.3261514597334271,-0.22872850583639082,2.9660917365074946,0.02311956208806884,0.03176702670974552,0.11250591648441545,0.8313631289183673,0.7706700069035428,0.385187330542037,0.6469717263876195,1.027325515749239,1.0891535294367538,0.9624469339749318,282.4408396247549
1165,41165,40116,900005,6a22834,v2_nested_200x10,1,1,1,success,83,16.886402539969836,20.945616456732655,3.548031776592526,46,1,30.0,0.45,20.0,1.0,25,1,200,0.002,100,10.0,1.0,0,68,0,0.8192771084337349,0.3261514597334271,-0.22872850583639082,2.9660917365074946,0.02311956208806884,0.03176702670974552,0.11250591648441545,0.8313631289183673,0.7706700069035428,0.385187330542037,0.6469717263876195,1.027325515749239,1.0891535294367538,0.9624469339749318,279.6256752210346
1166,41166,40116,900006,6a22834,v2_nested_200x10,1,1,1,success,53,16.12120885004559,18.12481990431546,7.672981022283242,47,1,30.0,0.45,20.0,1.0,25,1,200,0.002,100,10.0,1.0,0,40,0,0.7547169811320755,0.3261514597334271,-0.22872850583639082,2.9660917365074946,0.02311956208806884,0.03176702670974552,0.11250591648441545,0.8313631289183673,0.7706700069035428,0.385187330542037,0.6469717263876195,1.027325515749239,1.0891535294367538,0.9624469339749318,282.66742868074266
1167,41167,40116,900007,6a22834,v2_nested_200x10,1,1,1,success,51,15.831985206621033,14.20889262597717,1.6042119423318233,48,1,30.0,0.45,20.0,1.0,25,1,200,0.002,100,10.0,1.0,0,34,0,0.6666666666666666,0.3261514597334271,-0.22872850583639082,2.9660917365074946,0.02311956208806884,0.03176702670974552,0.11250591648441545,0.8313631289183673,0.7706700069035428,0.385187330542037,0.6469717263876195,1.027325515749239,1.0891535294367538,0.9624469339749318,282.74079717253875
1168,41168,40116,900008,6a22834,v2_nested_200x10,1,1,1,success,51,14.054991980886205,24.525928918903098,9.54158332116485,45,1,30.0,0.45,20.0,1.0,25,1,200,0.002,100,10.0,1.0,0,44,0,0.8627450980392157,0.3261514597334271,-0.22872850583639082,2.9660917365074946,0.02311956208806884,0.03176702670974552,0.11250591648441545,0.8313631289183673,0.7706700069035428,0.385187330542037,0.6469717263876195,1.027325515749239,1.0891535294367538,0.9624469339749318,283.1791497706625
1169,41169,40116,900009,6a22834,v2_nested_200x10,1,1,1,success,52,14.462565244298148,17.999619104621367,5.097712911917844,46,1,30.0,0.45,20.0,1.0,25,1,200,0.002,100,10.0,1.0,0,39,0,0.75,0.3261514597334271,-0.22872850583639082,2.9660917365074946,0.02311956208806884,0.03176702670974552,0.11250591648441545,0.8313631289183673,0.7706700069035428,0.385187330542037,0.6469717263876195,1.027325515749239,1.0891535294367538,0.9624469339749318,282.4821309641985
1170,41170,40117,900000,6a22834,v2_nested_200x10,1,1,1,success,60,16.199118589910956,10.351537356390972,0.3386037445377241,57,1,30.0,0.45,20.0,1.0,25,1,200,0.002,100,10.0,1.0,0,44,0,0.7333333333333333,0.3847385566131507,-0.19907016749868478,-0.6593071331929097,0.02507137556668462,0.03792976604055399,0.10937329596003387,1.4082574882617647,0.9833621037382176,0.31171260527835426,0.5446763386844286,1.068368715824634,0.9877424832811774,1.2133106993465839,284.6095741748973
1171,41171,40117,900001,6a22834,v2_nested_200x10,1,1,1,success,65,18.582235518600832,21.512123885442815,11.722869370720728,55,1,30.0,0.45,20.0,1.0,25,1,200,0.002,100,10.0,1.0,0,55,0,0.8461538461538461,0.3847385566131507,-0.19907016749868478,-0.6593071331929097,0.02507137556668462,0.03792976604055399,0.10937329596003387,1.4082574882617647,0.9833621037382176,0.31171260527835426,0.5446763386844286,1.068368715824634,0.9877424832811774,1.2133106993465839,284.579947468931
1172,41172,40117,900002,6a22834,v2_nested_200x10,1,1,1,success,58,29.652492895398176,20.019937249824544,14.359817997207044,51,1,30.0,0.45,20.0,1.0,25,1,200,0.002,100,10.0,1.0,0,41,0,0.7068965517241379,0.3847385566131507,-0.19907016749868478,-0.6593071331929097,0.02507137556668462,0.03792976604055399,0.10937329596003387,1.4082574882617647,0.9833621037382176,0.31171260527835426,0.5446763386844286,1.068368715824634,0.9877424832811774,1.2133106993465839,285.6031130104644
1173,41173,40117,900003,6a22834,v2_nested_200x10,1,1,1,success,58,20.848909330566695,21.689367749495197,13.899674257715164,50,1,30.0,0.45,20.0,1.0,25,1,200,0.002,100,10.0,1.0,0,41,0,0.7068965517241379,0.3847385566131507,-0.19907016749868478,-0.6593071331929097,0.02507137556668462,0.03792976604055399,0.10937329596003387,1.4082574882617647,0.9833621037382176,0.31171260527835426,0.5446763386844286,1.068368715824634,0.9877424832811774,1.2133106993465839,269.32362957123564
1174,41174,40117,900004,6a22834,v2_nested_200x10,1,1,1,success,71,17.03398471604609,16.52238581920146,6.361120542751385,64,1,30.0,0.45,20.0,1.0,25,1,200,0.002,100,10.0,1.0,0,51,0,0.7183098591549296,0.3847385566131507,-0.19907016749868478,-0.6593071331929097,0.02507137556668462,0.03792976604055399,0.10937329596003387,1.4082574882617647,0.9833621037382176,0.31171260527835426,0.5446763386844286,1.068368715824634,0.9877424832811774,1.2133106993465839,282.67051758619107
1175,41175,40117,900005,6a22834,v2_nested_200x10,1,1,1,success,61,18.35106527957681,8.741528215891815,0.5647630605586983,56,1,30.0,0.45,20.0,1.0,25,1,200,0.002,100,10.0,1.0,0,49,0,0.8032786885245902,0.3847385566131507,-0.19907016749868478,-0.6593071331929097,0.02507137556668462,0.03792976604055399,0.10937329596003387,1.4082574882617647,0.9833621037382176,0.31171260527835426,0.5446763386844286,1.068368715824634,0.9877424832811774,1.2133106993465839,285.6518617516479
1176,41176,40117,900006,6a22834,v2_nested_200x10,1,1,1,success,60,10.30962816136143,16.688829537120764,19.64809860983437,53,1,30.0,0.45,20.0,1.0,25,1,200,0.002,100,10.0,1.0,0,43,0,0.7166666666666667,0.3847385566131507,-0.19907016749868478,-0.6593071331929097,0.02507137556668462,0.03792976604055399,0.10937329596003387,1.4082574882617647,0.9833621037382176,0.31171260527835426,0.5446763386844286,1.068368715824634,0.9877424832811774,1.2133106993465839,283.9955818080831
1177,41177,40117,900007,6a22834,v2_nested_200x10,1,1,1,success,61,22.743899173940356,6.153431003292929,16.844622627950184,52,1,30.0,0.45,20.0,1.0,25,1,200,0.002,100,10.0,1.0,0,43,0,0.7049180327868853,0.3847385566131507,-0.19907016749868478,-0.6593071331929097,0.02507137556668462,0.03792976604055399,0.10937329596003387,1.4082574882617647,0.9833621037382176,0.31171260527835426,0.5446763386844286,1.068368715824634,0.9877424832811774,1.2133106993465839,286.50432988641853
1178,41178,40117,900008,6a22834,v2_nested_200x10,1,1,1,success,60,22.870460472763995,10.706299215687745,9.577678378630871,51,1,30.0,0.45,20.0,1.0,25,1,200,0.002,100,10.0,1.0,0,47,0,0.7833333333333333,0.3847385566131507,-0.19907016749868478,-0.6593071331929097,0.02507137556668462,0.03792976604055399,0.10937329596003387,1.4082574882617647,0.9833621037382176,0.31171260527835426,0.5446763386844286,1.068368715824634,0.9877424832811774,1.2133106993465839,283.75430141466416
1179,41179,40117,900009,6a22834,v2_nested_200x10,1,1,1,success,60,27.41766038043619,14.274222888543894,16.245357025911467,52,1,30.0,0.45,20.0,1.0,25,1,200,0.002,100,10.0,1.0,0,43,0,0.7166666666666667,0.3847385566131507,-0.19907016749868478,-0.6593071331929097,0.02507137556668462,0.03792976604055399,0.10937329596003387,1.4082574882617647,0.9833621037382176,0.31171260527835426,0.5446763386844286,1.068368715824634,0.9877424832811774,1.2133106993465839,283.251545484654
1180,41180,40118,900000,6a22834,v2_nested_200x10,1,1,1,success,51,16.45463066216727,23.300123903520216,7.485187778567599,46,1,30.0,0.45,20.0,1.0,25,1,200,0.002,100,10.0,1.0,0,40,0,0.7843137254901961,0.3282619097044302,-0.21204080733746777,-1.817453131488739,0.023686281972157813,0.034198787773367365,0.08339482800999155,1.7013486226116115,1.0593994289485393,0.3080775977276056,0.5545935043344703,0.9159114315547789,0.939846615812482,1.0695727058769315,282.14027300264314
1181,41181,40118,900001,6a22834,v2_nested_200x10,1,1,1,success,53,16.584440056351934,28.462780012429857,10.701050015759593,46,1,30.0,0.45,20.0,1.0,25,1,200,0.002,100,10.0,1.0,0,38,0,0.7169811320754716,0.3282619097044302,-0.21204080733746777,-1.817453131488739,0.023686281972157813,0.034198787773367365,0.08339482800999155,1.7013486226116115,1.0593994289485393,0.3080775977276056,0.5545935043344703,0.9159114315547789,0.939846615812482,1.0695727058769315,281.3373339189079
1182,41182,40118,900002,6a22834,v2_nested_200x10,1,1,1,success,48,11.015245746100785,16.983990574887418,5.996559959786692,44,1,30.0,0.45,20.0,1.0,25,1,200,0.002,100,10.0,1.0,0,31,0,0.6458333333333334,0.3282619097044302,-0.21204080733746777,-1.817453131488739,0.023686281972157813,0.034198787773367365,0.08339482800999155,1.7013486226116115,1.0593994289485393,0.3080775977276056,0.5545935043344703,0.9159114315547789,0.939846615812482,1.0695727058769315,281.87887842913665
1183,41183,40118,900003,6a22834,v2_nested_200x10,1,1,1,success,51,8.412530825126309,9.938532239710248,9.44247244625869,44,1,30.0,0.45,20.0,1.0,25,1,200,0.002,100,10.0,1.0,0,35,0,0.6862745098039216,0.3282619097044302,-0.21204080733746777,-1.817453131488739,0.023686281972157813,0.034198787773367365,0.08339482800999155,1.7013486226116115,1.0593994289485393,0.3080775977276056,0.5545935043344703,0.9159114315547789,0.939846615812482,1.0695727058769315,282.27533989690806
1184,41184,40118,900004,6a22834,v2_nested_200x10,1,1,1,success,50,17.416793827131798,20.22535118415922,15.062246871213143,43,1,30.0,0.45,20.0,1.0,25,1,200,0.002,100,10.0,1.0,0,32,0,0.64,0.3282619097044302,-0.21204080733746777,-1.817453131488739,0.023686281972157813,0.034198787773367365,0.08339482800999155,1.7013486226116115,1.0593994289485393,0.3080775977276056,0.5545935043344703,0.9159114315547789,0.939846615812482,1.0695727058769315,282.6113044016545
1185,41185,40118,900005,6a22834,v2_nested_200x10,1,1,1,success,49,15.064832210998729,12.770655864443748,7.382892063302714,44,1,30.0,0.45,20.0,1.0,25,1,200,0.002,100,10.0,1.0,0,35,0,0.7142857142857143,0.3282619097044302,-0.21204080733746777,-1.817453131488739,0.023686281972157813,0.034198787773367365,0.08339482800999155,1.7013486226116115,1.0593994289485393,0.3080775977276056,0.5545935043344703,0.9159114315547789,0.939846615812482,1.0695727058769315,280.6155313616718
1186,41186,40118,900006,6a22834,v2_nested_200x10,1,1,1,success,50,11.102591888662094,10.269830331694411,1.402052820113275,46,1,30.0,0.45,20.0,1.0,25,1,200,0.002,100,10.0,1.0,0,35,0,0.7,0.3282619097044302,-0.21204080733746777,-1.817453131488739,0.023686281972157813,0.034198787773367365,0.08339482800999155,1.7013486226116115,1.0593994289485393,0.3080775977276056,0.5545935043344703,0.9159114315547789,0.939846615812482,1.0695727058769315,281.65023073622257
1187,41187,40118,900007,6a22834,v2_nested_200x10,1,1,1,success,52,17.401828216463727,19.546488831490368,4.975661283537201,45,1,30.0,0.45,20.0,1.0,25,1,200,0.002,100,10.0,1.0,0,33,0,0.6346153846153846,0.3282619097044302,-0.21204080733746777,-1.817453131488739,0.023686281972157813,0.034198787773367365,0.08339482800999155,1.7013486226116115,1.0593994289485393,0.3080775977276056,0.5545935043344703,0.9159114315547789,0.939846615812482,1.0695727058769315,281.83776126438744
1188,41188,40118,900008,6a22834,v2_nested_200x10,1,1,1,success,51,23.68321780256404,24.549843643150627,3.3016469156883663,45,1,30.0,0.45,20.0,1.0,25,1,200,0.002,100,10.0,1.0,0,41,0,0.803921568627451,0.3282619097044302,-0.21204080733746777,-1.817453131488739,0.023686281972157813,0.034198787773367365,0.08339482800999155,1.7013486226116115,1.0593994289485393,0.3080775977276056,0.5545935043344703,0.9159114315547789,0.939846615812482,1.0695727058769315,280.7178278500966
1189,41189,40118,900009,6a22834,v2_nested_200x10,1,1,1,success,50,12.024102714324874,15.488776847565898,7.1354105588187435,44,1,30.0,0.45,20.0,1.0,25,1,200,0.002,100,10.0,1.0,0,34,0,0.68,0.3282619097044302,-0.21204080733746777,-1.817453131488739,0.023686281972157813,0.034198787773367365,0.08339482800999155,1.7013486226116115,1.0593994289485393,0.3080775977276056,0.5545935043344703,0.9159114315547789,0.939846615812482,1.0695727058769315,282.47804809714444
1190,41190,40119,900000,6a22834,v2_nested_200x10,1,1,1,success,59,22.906719927693857,22.47884018926912,10.779787242586126,49,1,30.0,0.45,20.0,1.0,25,1,200,0.002,100,10.0,1.0,0,41,0,0.6949152542372882,0.37250374908488293,-0.43682552380403533,2.3503288385510093,0.02401091876739769,0.03760511303313,0.06908172422812983,1.4655254454837117,0.9436752826145633,0.3307723882415139,0.6051138666936359,1.0106772560706934,1.006759803721202,1.1551917938603917,286.44150338294776
1191,41191,40119,900001,6a22834,v2_nested_200x10,1,1,1,success,59,14.372585484282872,16.692776676568975,4.335991776162452,52,1,30.0,0.45,20.0,1.0,25,1,200,0.002,100,10.0,1.0,3,40,0,0.6779661016949152,0.37250374908488293,-0.43682552380403533,2.3503288385510093,0.02401091876739769,0.03760511303313,0.06908172422812983,1.4655254454837117,0.9436752826145633,0.3307723882415139,0.6051138666936359,1.0106772560706934,1.006759803721202,1.1551917938603917,283.3466150693321
1192,41192,40119,900002,6a22834,v2_nested_200x10,1,1,1,success,59,17.229834391691025,14.774114702569802,9.478543020004633,50,1,30.0,0.45,20.0,1.0,25,1,200,0.002,100,10.0,1.0,0,44,0,0.7457627118644068,0.37250374908488293,-0.43682552380403533,2.3503288385510093,0.02401091876739769,0.03760511303313,0.06908172422812983,1.4655254454837117,0.9436752826145633,0.3307723882415139,0.6051138666936359,1.0106772560706934,1.006759803721202,1.1551917938603917,288.2508987815843
1193,41193,40119,900003,6a22834,v2_nested_200x10,1,1,1,success,58,22.126230834030544,24.392337361094416,10.037666655716311,49,1,30.0,0.45,20.0,1.0,25,1,200,0.002,100,10.0,1.0,0,45,0,0.7758620689655172,0.37250374908488293,-0.43682552380403533,2.3503288385510093,0.02401091876739769,0.03760511303313,0.06908172422812983,1.4655254454837117,0.9436752826145633,0.3307723882415139,0.6051138666936359,1.0106772560706934,1.006759803721202,1.1551917938603917,287.39280791322847
1194,41194,40119,900004,6a22834,v2_nested_200x10,1,1,1,success,56,28.29702434650212,9.569273825058636,24.756405194852835,50,1,30.0,0.45,20.0,1.0,25,1,200,0.002,100,10.0,1.0,0,40,0,0.7142857142857143,0.37250374908488293,-0.43682552380403533,2.3503288385510093,0.02401091876739769,0.03760511303313,0.06908172422812983,1.4655254454837117,0.9436752826145633,0.3307723882415139,0.6051138666936359,1.0106772560706934,1.006759803721202,1.1551917938603917,287.3892331612352
1195,41195,40119,900005,6a22834,v2_nested_200x10,1,1,1,success,59,17.212193807925097,14.621553018645713,1.2608448875456015,56,1,30.0,0.45,20.0,1.0,25,1,200,0.002,100,10.0,1.0,0,45,0,0.7627118644067796,0.37250374908488293,-0.43682552380403533,2.3503288385510093,0.02401091876739769,0.03760511303313,0.06908172422812983,1.4655254454837117,0.9436752826145633,0.3307723882415139,0.6051138666936359,1.0106772560706934,1.006759803721202,1.1551917938603917,284.90805559689994
1196,41196,40119,900006,6a22834,v2_nested_200x10,1,1,1,success,54,4.311534220941928,8.605278297097906,3.6187885524446015,49,1,30.0,0.45,20.0,1.0,25,1,200,0.002,100,10.0,1.0,0,36,0,0.6666666666666666,0.37250374908488293,-0.43682552380403533,2.3503288385510093,0.02401091876739769,0.03760511303313,0.06908172422812983,1.4655254454837117,0.9436752826145633,0.3307723882415139,0.6051138666936359,1.0106772560706934,1.006759803721202,1.1551917938603917,286.5866867605613
1197,41197,40119,900007,6a22834,v2_nested_200x10,1,1,1,success,58,11.469372029870927,14.616177093448856,12.118639071313973,52,1,30.0,0.45,20.0,1.0,25,1,200,0.002,100,10.0,1.0,0,45,0,0.7758620689655172,0.37250374908488293,-0.43682552380403533,2.3503288385510093,0.02401091876739769,0.03760511303313,0.06908172422812983,1.4655254454837117,0.9436752826145633,0.3307723882415139,0.6051138666936359,1.0106772560706934,1.006759803721202,1.1551917938603917,288.21525968005784
1198,41198,40119,900008,6a22834,v2_nested_200x10,1,1,1,success,59,15.59918184336952,15.85275754656897,11.216607934698166,51,1,30.0,0.45,20.0,1.0,25,1,200,0.002,100,10.0,1.0,0,43,0,0.7288135593220338,0.37250374908488293,-0.43682552380403533,2.3503288385510093,0.02401091876739769,0.03760511303313,0.06908172422812983,1.4655254454837117,0.9436752826145633,0.3307723882415139,0.6051138666936359,1.0106772560706934,1.006759803721202,1.1551917938603917,286.666301614228
1199,41199,40119,900009,6a22834,v2_nested_200x10,1,1,1,success,64,17.40023200674214,11.100700896817598,11.636482697981494,59,1,30.0,0.45,20.0,1.0,25,1,200,0.002,100,10.0,1.0,0,45,0,0.703125,0.37250374908488293,-0.43682552380403533,2.3503288385510093,0.02401091876739769,0.03760511303313,0.06908172422812983,1.4655254454837117,0.9436752826145633,0.3307723882415139,0.6051138666936359,1.0106772560706934,1.006759803721202,1.1551917938603917,286.6993659266908
1200,41200,40120,900000,6a22834,v2_nested_200x10,1,1,1,success,59,19.8372446202688,4.827562570543401,16.71375746494797,51,1,30.0,0.45,20.0,1.0,25,1,200,0.002,100,10.0,1.0,0,48,0,0.8135593220338984,0.3465541095779771,-0.42713051410265335,-1.3523677908091873,0.02579539671721109,0.029956689695424213,0.07144462833171725,1.7947235148633767,0.8672264584547584,0.32260630386663774,0.48112066137851733,1.010638305099534,0.9680816268213851,1.0584065682792123,284.36447499106276
1201,41201,40120,900001,6a22834,v2_nested_200x10,1,1,1,success,54,7.984532717240552,15.158016059929114,2.447581127055204,49,1,30.0,0.45,20.0,1.0,25,1,200,0.002,100,10.0,1.0,0,46,0,0.8518518518518519,0.3465541095779771,-0.42713051410265335,-1.3523677908091873,0.02579539671721109,0.029956689695424213,0.07144462833171725,1.7947235148633767,0.8672264584547584,0.32260630386663774,0.48112066137851733,1.010638305099534,0.9680816268213851,1.0584065682792123,282.3190835054143
1202,41202,40120,900002,6a22834,v2_nested_200x10,1,1,1,success,50,17.289324628588226,19.618122472931873,3.37497509351322,46,1,30.0,0.45,20.0,1.0,25,1,200,0.002,100,10.0,1.0,0,46,0,0.92,0.3465541095779771,-0.42713051410265335,-1.3523677908091873,0.02579539671721109,0.029956689695424213,0.07144462833171725,1.7947235148633767,0.8672264584547584,0.32260630386663774,0.48112066137851733,1.010638305099534,0.9680816268213851,1.0584065682792123,285.6286015372661
1203,41203,40120,900003,6a22834,v2_nested_200x10,1,1,1,success,55,19.302922686490753,19.40603692316411,4.329223606249715,47,1,30.0,0.45,20.0,1.0,25,1,200,0.002,100,10.0,1.0,0,47,0,0.8545454545454545,0.3465541095779771,-0.42713051410265335,-1.3523677908091873,0.02579539671721109,0.029956689695424213,0.07144462833171725,1.7947235148633767,0.8672264584547584,0.32260630386663774,0.48112066137851733,1.010638305099534,0.9680816268213851,1.0584065682792123,286.3740665608955
1204,41204,40120,900004,6a22834,v2_nested_200x10,1,1,1,success,55,10.085015928317551,20.895443225274388,7.99740336468055,47,1,30.0,0.45,20.0,1.0,25,1,200,0.002,100,10.0,1.0,0,50,0,0.9090909090909091,0.3465541095779771,-0.42713051410265335,-1.3523677908091873,0.02579539671721109,0.029956689695424213,0.07144462833171725,1.7947235148633767,0.8672264584547584,0.32260630386663774,0.48112066137851733,1.010638305099534,0.9680816268213851,1.0584065682792123,285.08165094929944
1205,41205,40120,900005,6a22834,v2_nested_200x10,1,1,0,success,54,43.75984931490778,22.42479279800817,16.758752993151575,46,1,30.0,0.45,20.0,1.0,25,1,200,0.002,100,10.0,1.0,0,43,0,0.7962962962962963,0.3465541095779771,-0.42713051410265335,-1.3523677908091873,0.02579539671721109,0.029956689695424213,0.07144462833171725,1.7947235148633767,0.8672264584547584,0.32260630386663774,0.48112066137851733,1.010638305099534,0.9680816268213851,1.0584065682792123,256.9771245104626
1206,41206,40120,900006,6a22834,v2_nested_200x10,1,1,1,success,55,13.650836333154954,14.65754246383347,6.176053827010245,48,1,30.0,0.45,20.0,1.0,25,1,200,0.002,100,10.0,1.0,0,44,0,0.8,0.3465541095779771,-0.42713051410265335,-1.3523677908091873,0.02579539671721109,0.029956689695424213,0.07144462833171725,1.7947235148633767,0.8672264584547584,0.32260630386663774,0.48112066137851733,1.010638305099534,0.9680816268213851,1.0584065682792123,284.0361031236802
1207,41207,40120,900007,6a22834,v2_nested_200x10,1,1,1,success,57,21.676668873386447,18.027005798024636,6.1573135678401965,50,1,30.0,0.45,20.0,1.0,25,1,200,0.002,100,10.0,1.0,0,48,0,0.8421052631578947,0.3465541095779771,-0.42713051410265335,-1.3523677908091873,0.02579539671721109,0.029956689695424213,0.07144462833171725,1.7947235148633767,0.8672264584547584,0.32260630386663774,0.48112066137851733,1.010638305099534,0.9680816268213851,1.0584065682792123,280.1700285049361
1208,41208,40120,900008,6a22834,v2_nested_200x10,1,1,1,success,51,13.924770126426129,18.953415156567306,6.379048851262684,45,1,30.0,0.45,20.0,1.0,25,1,200,0.002,100,10.0,1.0,0,40,0,0.7843137254901961,0.3465541095779771,-0.42713051410265335,-1.3523677908091873,0.02579539671721109,0.029956689695424213,0.07144462833171725,1.7947235148633767,0.8672264584547584,0.32260630386663774,0.48112066137851733,1.010638305099534,0.9680816268213851,1.0584065682792123,284.95424443085665
1209,41209,40120,900009,6a22834,v2_nested_200x10,1,1,1,success,55,8.733806848012664,12.901479933232492,1.4155220394311088,52,1,30.0,0.45,20.0,1.0,25,1,200,0.002,100,10.0,1.0,0,49,0,0.8909090909090909,0.3465541095779771,-0.42713051410265335,-1.3523677908091873,0.02579539671721109,0.029956689695424213,0.07144462833171725,1.7947235148633767,0.8672264584547584,0.32260630386663774,0.48112066137851733,1.010638305099534,0.9680816268213851,1.0584065682792123,284.9392912050451
1210,41210,40121,900000,6a22834,v2_nested_200x10,1,1,1,success,69,21.162055075933328,24.369435449324744,8.140857595783832,60,1,30.0,0.45,20.0,1.0,25,1,200,0.002,100,10.0,1.0,0,45,0,0.6521739130434783,0.3492009902220236,-0.630699780197303,-2.7971029028276635,0.027375783198838956,0.03220550105435303,0.10740924601401743,1.7313367650581712,1.2700797037156024,0.34929553388144374,0.4536805714123151,1.0634123730243676,1.0286354802104287,0.8514557157658593,288.738765951653
1211,41211,40121,900001,6a22834,v2_nested_200x10,1,1,1,success,63,15.851815889335361,16.8702394681246,3.3473138959875186,60,1,30.0,0.45,20.0,1.0,25,1,200,0.002,100,10.0,1.0,0,45,0,0.7142857142857143,0.3492009902220236,-0.630699780197303,-2.7971029028276635,0.027375783198838956,0.03220550105435303,0.10740924601401743,1.7313367650581712,1.2700797037156024,0.34929553388144374,0.4536805714123151,1.0634123730243676,1.0286354802104287,0.8514557157658593,288.99127334973866
1212,41212,40121,900002,6a22834,v2_nested_200x10,1,1,1,success,65,18.48235747377883,16.494851695967647,0.3379412223036819,61,1,30.0,0.45,20.0,1.0,25,1,200,0.002,100,10.0,1.0,0,49,0,0.7538461538461538,0.3492009902220236,-0.630699780197303,-2.7971029028276635,0.027375783198838956,0.03220550105435303,0.10740924601401743,1.7313367650581712,1.2700797037156024,0.34929553388144374,0.4536805714123151,1.0634123730243676,1.0286354802104287,0.8514557157658593,291.1775893792594
1213,41213,40121,900003,6a22834,v2_nested_200x10,1,1,1,success,65,28.95538588159745,24.102691662589024,1.4051336851053626,57,1,30.0,0.45,20.0,1.0,25,1,200,0.002,100,10.0,1.0,0,44,0,0.676923076923077,0.3492009902220236,-0.630699780197303,-2.7971029028276635,0.027375783198838956,0.03220550105435303,0.10740924601401743,1.7313367650581712,1.2700797037156024,0.34929553388144374,0.4536805714123151,1.0634123730243676,1.0286354802104287,0.8514557157658593,289.0884255370138
1214,41214,40121,900004,6a22834,v2_nested_200x10,1,1,1,success,67,18.45031559944484,18.553751037771523,0.08368921615905209,64,1,30.0,0.45,20.0,1.0,25,1,200,0.002,100,10.0,1.0,0,49,0,0.7313432835820896,0.3492009902220236,-0.630699780197303,-2.7971029028276635,0.027375783198838956,0.03220550105435303,0.10740924601401743,1.7313367650581712,1.2700797037156024,0.34929553388144374,0.4536805714123151,1.0634123730243676,1.0286354802104287,0.8514557157658593,289.52496717863755
1215,41215,40121,900005,6a22834,v2_nested_200x10,1,1,1,success,65,26.980350486477125,29.052539934908523,0.0941143349350069,62,1,30.0,0.45,20.0,1.0,25,1,200,0.002,100,10.0,1.0,0,49,0,0.7538461538461538,0.3492009902220236,-0.630699780197303,-2.7971029028276635,0.027375783198838956,0.03220550105435303,0.10740924601401743,1.7313367650581712,1.2700797037156024,0.34929553388144374,0.4536805714123151,1.0634123730243676,1.0286354802104287,0.8514557157658593,290.9917804243845
1216,41216,40121,900006,6a22834,v2_nested_200x10,1,1,1,success,69,13.845381672958792,13.340232789695687,6.847958882408798,63,1,30.0,0.45,20.0,1.0,25,1,200,0.002,100,10.0,1.0,0,52,0,0.7536231884057971,0.3492009902220236,-0.630699780197303,-2.7971029028276635,0.027375783198838956,0.03220550105435303,0.10740924601401743,1.7313367650581712,1.2700797037156024,0.34929553388144374,0.4536805714123151,1.0634123730243676,1.0286354802104287,0.8514557157658593,290.3336756099662
1217,41217,40121,900007,6a22834,v2_nested_200x10,1,1,1,success,69,15.616216910429518,13.194220837955273,7.396510429606076,63,1,30.0,0.45,20.0,1.0,25,1,200,0.002,100,10.0,1.0,0,51,0,0.7391304347826086,0.3492009902220236,-0.630699780197303,-2.7971029028276635,0.027375783198838956,0.03220550105435303,0.10740924601401743,1.7313367650581712,1.2700797037156024,0.34929553388144374,0.4536805714123151,1.0634123730243676,1.0286354802104287,0.8514557157658593,291.6155823418365
1218,41218,40121,900008,6a22834,v2_nested_200x10,1,1,1,success,68,22.352461517054063,17.563652069093393,0.10876621975951548,65,1,30.0,0.45,20.0,1.0,25,1,200,0.002,100,10.0,1.0,0,42,0,0.6176470588235294,0.3492009902220236,-0.630699780197303,-2.7971029028276635,0.027375783198838956,0.03220550105435303,0.10740924601401743,1.7313367650581712,1.2700797037156024,0.34929553388144374,0.4536805714123151,1.0634123730243676,1.0286354802104287,0.8514557157658593,292.582099932383
1219,41219,40121,900009,6a22834,v2_nested_200x10,1,1,1,success,62,8.94353508808323,12.747420703510109,2.6701005361210806,57,1,30.0,0.45,20.0,1.0,25,1,200,0.002,100,10.0,1.0,0,47,0,0.7580645161290323,0.3492009902220236,-0.630699780197303,-2.7971029028276635,0.027375783198838956,0.03220550105435303,0.10740924601401743,1.7313367650581712,1.2700797037156024,0.34929553388144374,0.4536805714123151,1.0634123730243676,1.0286354802104287,0.8514557157658593,289.0416076034496
1220,41220,40122,900000,6a22834,v2_nested_200x10,1,1,1,success,61,25.21673151309881,29.848729433386723,5.519541800279398,53,1,30.0,0.45,20.0,1.0,25,1,200,0.002,100,10.0,1.0,0,48,0,0.7868852459016393,0.38286212513846685,-0.29343891648307985,-1.565428141651895,0.02568750063155566,0.031790160333370114,0.0756833866557086,1.49595823160319,0.8351105746109361,0.33590508398153823,0.6393055691427204,1.0474890711505649,0.9637534798576964,1.1303669105764045,285.29460056888996
1221,41221,40122,900001,6a22834,v2_nested_200x10,1,1,1,success,63,19.748136122046493,20.985351567273717,10.088008806743023,53,1,30.0,0.45,20.0,1.0,25,1,200,0.002,100,10.0,1.0,0,53,0,0.8412698412698413,0.38286212513846685,-0.29343891648307985,-1.565428141651895,0.02568750063155566,0.031790160333370114,0.0756833866557086,1.49595823160319,0.8351105746109361,0.33590508398153823,0.6393055691427204,1.0474890711505649,0.9637534798576964,1.1303669105764045,284.2403152932615
1222,41222,40122,900002,6a22834,v2_nested_200x10,1,1,1,success,58,14.155762473986785,25.362178419206693,6.029090458197243,51,1,30.0,0.45,20.0,1.0,25,1,200,0.002,100,10.0,1.0,0,49,0,0.8448275862068966,0.38286212513846685,-0.29343891648307985,-1.565428141651895,0.02568750063155566,0.031790160333370114,0.0756833866557086,1.49595823160319,0.8351105746109361,0.33590508398153823,0.6393055691427204,1.0474890711505649,0.9637534798576964,1.1303669105764045,286.23790968123785
1223,41223,40122,900003,6a22834,v2_nested_200x10,1,1,1,success,58,13.084882649813046,23.543357873280424,7.716718773405913,52,1,30.0,0.45,20.0,1.0,25,1,200,0.002,100,10.0,1.0,3,48,0,0.8275862068965517,0.38286212513846685,-0.29343891648307985,-1.565428141651895,0.02568750063155566,0.031790160333370114,0.0756833866557086,1.49595823160319,0.8351105746109361,0.33590508398153823,0.6393055691427204,1.0474890711505649,0.9637534798576964,1.1303669105764045,282.61525691086433
1224,41224,40122,900004,6a22834,v2_nested_200x10,1,1,1,success,58,21.54781129492016,24.78046319581895,8.85369872972363,53,1,30.0,0.45,20.0,1.0,25,1,200,0.002,100,10.0,1.0,0,46,0,0.7931034482758621,0.38286212513846685,-0.29343891648307985,-1.565428141651895,0.02568750063155566,0.031790160333370114,0.0756833866557086,1.49595823160319,0.8351105746109361,0.33590508398153823,0.6393055691427204,1.0474890711505649,0.9637534798576964,1.1303669105764045,284.24832860022474
1225,41225,40122,900005,6a22834,v2_nested_200x10,1,1,1,success,64,12.94415762149513,12.380084435419558,0.6944218792684582,61,1,30.0,0.45,20.0,1.0,25,1,200,0.002,100,10.0,1.0,0,50,0,0.78125,0.38286212513846685,-0.29343891648307985,-1.565428141651895,0.02568750063155566,0.031790160333370114,0.0756833866557086,1.49595823160319,0.8351105746109361,0.33590508398153823,0.6393055691427204,1.0474890711505649,0.9637534798576964,1.1303669105764045,284.22064167890926
1226,41226,40122,900006,6a22834,v2_nested_200x10,1,1,1,success,57,16.96750472570957,22.13805673164716,9.2480802384925,52,1,30.0,0.45,20.0,1.0,25,1,200,0.002,100,10.0,1.0,0,44,0,0.7719298245614035,0.38286212513846685,-0.29343891648307985,-1.565428141651895,0.02568750063155566,0.031790160333370114,0.0756833866557086,1.49595823160319,0.8351105746109361,0.33590508398153823,0.6393055691427204,1.0474890711505649,0.9637534798576964,1.1303669105764045,284.80725135884893
1227,41227,40122,900007,6a22834,v2_nested_200x10,1,1,1,success,58,16.253268093986748,13.593472285251645,9.162412973468568,52,1,30.0,0.45,20.0,1.0,25,1,200,0.002,100,10.0,1.0,0,46,0,0.7931034482758621,0.38286212513846685,-0.29343891648307985,-1.565428141651895,0.02568750063155566,0.031790160333370114,0.0756833866557086,1.49595823160319,0.8351105746109361,0.33590508398153823,0.6393055691427204,1.0474890711505649,0.9637534798576964,1.1303669105764045,284.7410759326328
1228,41228,40122,900008,6a22834,v2_nested_200x10,1,1,1,success,56,26.067400620067584,27.557726004957345,9.816845200057983,50,1,30.0,0.45,20.0,1.0,25,1,200,0.002,100,10.0,1.0,0,43,0,0.7678571428571429,0.38286212513846685,-0.29343891648307985,-1.565428141651895,0.02568750063155566,0.031790160333370114,0.0756833866557086,1.49595823160319,0.8351105746109361,0.33590508398153823,0.6393055691427204,1.0474890711505649,0.9637534798576964,1.1303669105764045,284.29552060657267
1229,41229,40122,900009,6a22834,v2_nested_200x10,1,1,1,success,56,23.371591737231206,23.353800509426502,9.807998946556346,49,1,30.0,0.45,20.0,1.0,25,1,200,0.002,100,10.0,1.0,0,49,0,0.875,0.38286212513846685,-0.29343891648307985,-1.565428141651895,0.02568750063155566,0.031790160333370114,0.0756833866557086,1.49595823160319,0.8351105746109361,0.33590508398153823,0.6393055691427204,1.0474890711505649,0.9637534798576964,1.1303669105764045,284.47453443571237
1230,41230,40123,900000,6a22834,v2_nested_200x10,1,1,1,success,62,19.16827400536742,14.670066452133595,5.805388100020088,55,1,30.0,0.45,20.0,1.0,25,1,200,0.002,100,10.0,1.0,0,48,0,0.7741935483870968,0.31449644747518,-0.49185482197527813,2.5857555673770074,0.026984537127563463,0.03438550549796696,0.07462533654406908,1.2342646012357426,1.0484307461417308,0.3224568983329039,0.6338979677794837,1.0732449033077165,0.9861077089693919,1.0182685068554231,287.76936662347845
1231,41231,40123,900001,6a22834,v2_nested_200x10,1,1,1,success,64,21.65003900121508,15.524423169578386,10.847415747632063,57,1,30.0,0.45,20.0,1.0,25,1,200,0.002,100,10.0,1.0,0,49,0,0.765625,0.31449644747518,-0.49185482197527813,2.5857555673770074,0.026984537127563463,0.03438550549796696,0.07462533654406908,1.2342646012357426,1.0484307461417308,0.3224568983329039,0.6338979677794837,1.0732449033077165,0.9861077089693919,1.0182685068554231,287.4304259232033
1232,41232,40123,900002,6a22834,v2_nested_200x10,1,1,1,success,66,11.044120213437782,17.20422279752283,8.782830299656778,59,1,30.0,0.45,20.0,1.0,25,1,200,0.002,100,10.0,1.0,0,41,0,0.6212121212121212,0.31449644747518,-0.49185482197527813,2.5857555673770074,0.026984537127563463,0.03438550549796696,0.07462533654406908,1.2342646012357426,1.0484307461417308,0.3224568983329039,0.6338979677794837,1.0732449033077165,0.9861077089693919,1.0182685068554231,287.0544098307579
1233,41233,40123,900003,6a22834,v2_nested_200x10,1,1,1,success,62,18.426282225858095,15.392439471725094,1.1710171362713377,59,1,30.0,0.45,20.0,1.0,25,1,200,0.002,100,10.0,1.0,0,48,0,0.7741935483870968,0.31449644747518,-0.49185482197527813,2.5857555673770074,0.026984537127563463,0.03438550549796696,0.07462533654406908,1.2342646012357426,1.0484307461417308,0.3224568983329039,0.6338979677794837,1.0732449033077165,0.9861077089693919,1.0182685068554231,289.3030418933264
1234,41234,40123,900004,6a22834,v2_nested_200x10,1,1,1,success,62,24.074572746275784,29.12236516816277,2.408519613491711,55,1,30.0,0.45,20.0,1.0,25,1,200,0.002,100,10.0,1.0,0,48,0,0.7741935483870968,0.31449644747518,-0.49185482197527813,2.5857555673770074,0.026984537127563463,0.03438550549796696,0.07462533654406908,1.2342646012357426,1.0484307461417308,0.3224568983329039,0.6338979677794837,1.0732449033077165,0.9861077089693919,1.0182685068554231,291.16464097994196
1235,41235,40123,900005,6a22834,v2_nested_200x10,1,1,1,success,62,26.331613775986018,31.456362795770424,11.253317409279799,55,1,30.0,0.45,20.0,1.0,25,1,200,0.002,100,10.0,1.0,0,38,0,0.6129032258064516,0.31449644747518,-0.49185482197527813,2.5857555673770074,0.026984537127563463,0.03438550549796696,0.07462533654406908,1.2342646012357426,1.0484307461417308,0.3224568983329039,0.6338979677794837,1.0732449033077165,0.9861077089693919,1.0182685068554231,290.2391015731441
1236,41236,40123,900006,6a22834,v2_nested_200x10,1,1,1,success,62,17.093528576527586,11.771695629861735,6.146086187827602,56,1,30.0,0.45,20.0,1.0,25,1,200,0.002,100,10.0,1.0,0,47,0,0.7580645161290323,0.31449644747518,-0.49185482197527813,2.5857555673770074,0.026984537127563463,0.03438550549796696,0.07462533654406908,1.2342646012357426,1.0484307461417308,0.3224568983329039,0.6338979677794837,1.0732449033077165,0.9861077089693919,1.0182685068554231,286.3712685128878
1237,41237,40123,900007,6a22834,v2_nested_200x10,1,1,1,success,60,18.458102027957356,19.94371882388076,0.8745635257033693,57,1,30.0,0.45,20.0,1.0,25,1,200,0.002,100,10.0,1.0,0,46,0,0.7666666666666667,0.31449644747518,-0.49185482197527813,2.5857555673770074,0.026984537127563463,0.03438550549796696,0.07462533654406908,1.2342646012357426,1.0484307461417308,0.3224568983329039,0.6338979677794837,1.0732449033077165,0.9861077089693919,1.0182685068554231,289.32449194747244
1238,41238,40123,900008,6a22834,v2_nested_200x10,1,1,1,success,60,19.58334783261295,19.4332455091751,2.8334911894294574,54,1,30.0,0.45,20.0,1.0,25,1,200,0.002,100,10.0,1.0,0,45,0,0.75,0.31449644747518,-0.49185482197527813,2.5857555673770074,0.026984537127563463,0.03438550549796696,0.07462533654406908,1.2342646012357426,1.0484307461417308,0.3224568983329039,0.6338979677794837,1.0732449033077165,0.9861077089693919,1.0182685068554231,274.4177245718121
1239,41239,40123,900009,6a22834,v2_nested_200x10,1,1,1,success,60,26.927562504869286,34.50527083917049,8.010777917537549,54,1,30.0,0.45,20.0,1.0,25,1,200,0.002,100,10.0,1.0,0,47,0,0.7833333333333333,0.31449644747518,-0.49185482197527813,2.5857555673770074,0.026984537127563463,0.03438550549796696,0.07462533654406908,1.2342646012357426,1.0484307461417308,0.3224568983329039,0.6338979677794837,1.0732449033077165,0.9861077089693919,1.0182685068554231,273.8941334039853
1240,41240,40124,900000,6a22834,v2_nested_200x10,1,1,1,success,59,14.841681914337075,17.45835731160284,7.097857642792398,55,1,30.0,0.45,20.0,1.0,25,1,200,0.002,100,10.0,1.0,0,48,0,0.8135593220338984,0.3369511929143765,-0.7215749046176465,2.3797131108129763,0.022399030818294374,0.03409737916458921,0.0727383368969074,1.6541693358499123,0.9903219666442824,0.3499811278817595,0.19866865107225629,1.0408018843578122,0.9802919697682142,0.9090475217932217,289.77651961988624
1241,41241,40124,900001,6a22834,v2_nested_200x10,1,1,1,success,63,10.823454532589787,16.22005451685093,10.312315776960629,55,1,30.0,0.45,20.0,1.0,25,1,200,0.002,100,10.0,1.0,0,58,0,0.9206349206349206,0.3369511929143765,-0.7215749046176465,2.3797131108129763,0.022399030818294374,0.03409737916458921,0.0727383368969074,1.6541693358499123,0.9903219666442824,0.3499811278817595,0.19866865107225629,1.0408018843578122,0.9802919697682142,0.9090475217932217,288.01188203229435
1242,41242,40124,900002,6a22834,v2_nested_200x10,1,1,1,success,57,22.7640052203521,18.91598826350951,8.245877090670167,51,1,30.0,0.45,20.0,1.0,25,1,200,0.002,100,10.0,1.0,0,52,0,0.9122807017543859,0.3369511929143765,-0.7215749046176465,2.3797131108129763,0.022399030818294374,0.03409737916458921,0.0727383368969074,1.6541693358499123,0.9903219666442824,0.3499811278817595,0.19866865107225629,1.0408018843578122,0.9802919697682142,0.9090475217932217,291.4087678194581
1243,41243,40124,900003,6a22834,v2_nested_200x10,1,1,1,success,60,23.72407796387384,14.058370808527417,13.255549442300707,53,1,30.0,0.45,20.0,1.0,25,1,200,0.002,100,10.0,1.0,0,50,0,0.8333333333333334,0.3369511929143765,-0.7215749046176465,2.3797131108129763,0.022399030818294374,0.03409737916458921,0.0727383368969074,1.6541693358499123,0.9903219666442824,0.3499811278817595,0.19866865107225629,1.0408018843578122,0.9802919697682142,0.9090475217932217,289.4538920009094
1244,41244,40124,900004,6a22834,v2_nested_200x10,1,1,1,success,60,24.489919189620988,15.457365413948606,6.978444433858981,52,1,30.0,0.45,20.0,1.0,25,1,200,0.002,100,10.0,1.0,0,52,0,0.8666666666666667,0.3369511929143765,-0.7215749046176465,2.3797131108129763,0.022399030818294374,0.03409737916458921,0.0727383368969074,1.6541693358499123,0.9903219666442824,0.3499811278817595,0.19866865107225629,1.0408018843578122,0.9802919697682142,0.9090475217932217,289.5173146689619
1245,41245,40124,900005,6a22834,v2_nested_200x10,1,1,1,success,63,12.379410285102844,0.7931362151850109,14.048301939159463,54,1,30.0,0.45,20.0,1.0,25,1,200,0.002,100,10.0,1.0,0,57,0,0.9047619047619048,0.3369511929143765,-0.7215749046176465,2.3797131108129763,0.022399030818294374,0.03409737916458921,0.0727383368969074,1.6541693358499123,0.9903219666442824,0.3499811278817595,0.19866865107225629,1.0408018843578122,0.9802919697682142,0.9090475217932217,291.45382942523395
1246,41246,40124,900006,6a22834,v2_nested_200x10,1,1,1,success,62,21.20979046322714,2.2466159967945196,15.897182090231738,56,1,30.0,0.45,20.0,1.0,25,1,200,0.002,100,10.0,1.0,0,50,0,0.8064516129032258,0.3369511929143765,-0.7215749046176465,2.3797131108129763,0.022399030818294374,0.03409737916458921,0.0727383368969074,1.6541693358499123,0.9903219666442824,0.3499811278817595,0.19866865107225629,1.0408018843578122,0.9802919697682142,0.9090475217932217,290.7391435648911
1247,41247,40124,900007,6a22834,v2_nested_200x10,1,1,1,success,58,8.040845262403463,3.470485159848367,2.685855137236081,53,1,30.0,0.45,20.0,1.0,25,1,200,0.002,100,10.0,1.0,0,52,0,0.896551724137931,0.3369511929143765,-0.7215749046176465,2.3797131108129763,0.022399030818294374,0.03409737916458921,0.0727383368969074,1.6541693358499123,0.9903219666442824,0.3499811278817595,0.19866865107225629,1.0408018843578122,0.9802919697682142,0.9090475217932217,289.88063236051255
1248,41248,40124,900008,6a22834,v2_nested_200x10,1,1,1,success,59,21.89403291707638,23.667486627807197,4.278463034720835,55,1,30.0,0.45,20.0,1.0,25,1,200,0.002,100,10.0,1.0,0,46,0,0.7796610169491526,0.3369511929143765,-0.7215749046176465,2.3797131108129763,0.022399030818294374,0.03409737916458921,0.0727383368969074,1.6541693358499123,0.9903219666442824,0.3499811278817595,0.19866865107225629,1.0408018843578122,0.9802919697682142,0.9090475217932217,289.37754564753715
1249,41249,40124,900009,6a22834,v2_nested_200x10,1,1,1,success,57,21.082553865584707,24.31818202209012,6.2963534928747364,54,1,30.0,0.45,20.0,1.0,25,1,200,0.002,100,10.0,1.0,0,46,0,0.8070175438596491,0.3369511929143765,-0.7215749046176465,2.3797131108129763,0.022399030818294374,0.03409737916458921,0.0727383368969074,1.6541693358499123,0.9903219666442824,0.3499811278817595,0.19866865107225629,1.0408018843578122,0.9802919697682142,0.9090475217932217,289.90522871332365
1250,41250,40125,900000,6a22834,v2_nested_200x10,1,1,1,success,50,10.589866940575222,9.294663120899356,16.068543493108223,45,1,30.0,0.45,20.0,1.0,25,1,200,0.002,100,10.0,1.0,3,37,0,0.74,0.3440451855743827,-0.24122516082833878,-1.6429386440936118,0.022708427262459332,0.038344183604960426,0.06438880707900307,1.6078848049065853,0.6783950681036836,0.3118753050223313,0.3633382642635052,0.9470703968174453,1.0595917317683485,1.1176476636102415,279.1818531497918
1251,41251,40125,900001,6a22834,v2_nested_200x10,1,1,1,success,51,4.376956148471054,7.380785715180713,1.020239279024136,48,1,30.0,0.45,20.0,1.0,25,1,200,0.002,100,10.0,1.0,0,38,0,0.7450980392156863,0.3440451855743827,-0.24122516082833878,-1.6429386440936118,0.022708427262459332,0.038344183604960426,0.06438880707900307,1.6078848049065853,0.6783950681036836,0.3118753050223313,0.3633382642635052,0.9470703968174453,1.0595917317683485,1.1176476636102415,282.24554753802755
1252,41252,40125,900002,6a22834,v2_nested_200x10,1,1,1,success,47,14.314005816040291,7.951492587625776,9.311447180869594,42,1,30.0,0.45,20.0,1.0,25,1,200,0.002,100,10.0,1.0,0,32,0,0.6808510638297872,0.3440451855743827,-0.24122516082833878,-1.6429386440936118,0.022708427262459332,0.038344183604960426,0.06438880707900307,1.6078848049065853,0.6783950681036836,0.3118753050223313,0.3633382642635052,0.9470703968174453,1.0595917317683485,1.1176476636102415,280.0829279861126
1253,41253,40125,900003,6a22834,v2_nested_200x10,1,1,1,success,59,37.41068060231725,24.973902920424454,1.7736840927846091,56,1,30.0,0.45,20.0,1.0,25,1,200,0.002,100,10.0,1.0,0,45,0,0.7627118644067796,0.3440451855743827,-0.24122516082833878,-1.6429386440936118,0.022708427262459332,0.038344183604960426,0.06438880707900307,1.6078848049065853,0.6783950681036836,0.3118753050223313,0.3633382642635052,0.9470703968174453,1.0595917317683485,1.1176476636102415,280.11243091831574
1254,41254,40125,900004,6a22834,v2_nested_200x10,1,1,1,success,47,1.9834389036587308,16.9621952166808,18.268635670109237,41,1,30.0,0.45,20.0,1.0,25,1,200,0.002,100,10.0,1.0,0,32,0,0.6808510638297872,0.3440451855743827,-0.24122516082833878,-1.6429386440936118,0.022708427262459332,0.038344183604960426,0.06438880707900307,1.6078848049065853,0.6783950681036836,0.3118753050223313,0.3633382642635052,0.9470703968174453,1.0595917317683485,1.1176476636102415,281.48003513114617
1255,41255,40125,900005,6a22834,v2_nested_200x10,1,1,1,success,48,10.918041586501674,11.261268126374098,0.19601567278145005,45,1,30.0,0.45,20.0,1.0,25,1,200,0.002,100,10.0,1.0,0,34,0,0.7083333333333334,0.3440451855743827,-0.24122516082833878,-1.6429386440936118,0.022708427262459332,0.038344183604960426,0.06438880707900307,1.6078848049065853,0.6783950681036836,0.3118753050223313,0.3633382642635052,0.9470703968174453,1.0595917317683485,1.1176476636102415,281.65320740961374
1256,41256,40125,900006,6a22834,v2_nested_200x10,1,1,1,success,48,9.14993871279246,4.33070160531857,13.924408765066515,42,1,30.0,0.45,20.0,1.0,25,1,200,0.002,100,10.0,1.0,0,34,0,0.7083333333333334,0.3440451855743827,-0.24122516082833878,-1.6429386440936118,0.022708427262459332,0.038344183604960426,0.06438880707900307,1.6078848049065853,0.6783950681036836,0.3118753050223313,0.3633382642635052,0.9470703968174453,1.0595917317683485,1.1176476636102415,279.74443305341646
1257,41257,40125,900007,6a22834,v2_nested_200x10,1,1,1,success,49,13.286941393673809,14.497417746825512,23.471249962033106,41,1,30.0,0.45,20.0,1.0,25,1,200,0.002,100,10.0,1.0,0,38,0,0.7755102040816326,0.3440451855743827,-0.24122516082833878,-1.6429386440936118,0.022708427262459332,0.038344183604960426,0.06438880707900307,1.6078848049065853,0.6783950681036836,0.3118753050223313,0.3633382642635052,0.9470703968174453,1.0595917317683485,1.1176476636102415,282.42437924382375
1258,41258,40125,900008,6a22834,v2_nested_200x10,1,1,1,success,47,8.107428363579041,9.208252078889403,7.1412173434068285,42,1,30.0,0.45,20.0,1.0,25,1,200,0.002,100,10.0,1.0,0,34,0,0.723404255319149,0.3440451855743827,-0.24122516082833878,-1.6429386440936118,0.022708427262459332,0.038344183604960426,0.06438880707900307,1.6078848049065853,0.6783950681036836,0.3118753050223313,0.3633382642635052,0.9470703968174453,1.0595917317683485,1.1176476636102415,281.65837831359704
1259,41259,40125,900009,6a22834,v2_nested_200x10,1,1,1,success,49,9.63128385964358,12.708153950561824,21.958790504398625,41,1,30.0,0.45,20.0,1.0,25,1,200,0.002,100,10.0,1.0,0,37,0,0.7551020408163265,0.3440451855743827,-0.24122516082833878,-1.6429386440936118,0.022708427262459332,0.038344183604960426,0.06438880707900307,1.6078848049065853,0.6783950681036836,0.3118753050223313,0.3633382642635052,0.9470703968174453,1.0595917317683485,1.1176476636102415,281.7706899298973
1260,41260,40126,900000,6a22834,v2_nested_200x10,1,1,1,success,69,6.259505893809503,42.84608323814701,14.76323007138558,62,1,30.0,0.45,20.0,1.0,25,1,200,0.002,100,10.0,1.0,0,54,0,0.782608695652174,0.37709889689028636,-0.52200169936518,1.7888563337863008,0.026229530780070783,0.03091185045137821,0.06036560610415482,1.0064999705911546,1.3670231734598044,0.3699919482851301,0.6906952962052446,0.9858569921110346,1.0078732821238836,1.033387786028904,289.02404171487007
1261,41261,40126,900001,6a22834,v2_nested_200x10,1,1,1,success,70,5.446565631144301,25.768376357030395,16.52857924270322,65,1,30.0,0.45,20.0,1.0,25,1,200,0.002,100,10.0,1.0,0,49,0,0.7,0.37709889689028636,-0.52200169936518,1.7888563337863008,0.026229530780070783,0.03091185045137821,0.06036560610415482,1.0064999705911546,1.3670231734598044,0.3699919482851301,0.6906952962052446,0.9858569921110346,1.0078732821238836,1.033387786028904,291.6113399122594
1262,41262,40126,900002,6a22834,v2_nested_200x10,1,1,1,success,70,10.426442715689856,26.990864420909972,6.257562196033587,67,1,30.0,0.45,20.0,1.0,25,1,200,0.002,100,10.0,1.0,0,51,0,0.7285714285714285,0.37709889689028636,-0.52200169936518,1.7888563337863008,0.026229530780070783,0.03091185045137821,0.06036560610415482,1.0064999705911546,1.3670231734598044,0.3699919482851301,0.6906952962052446,0.9858569921110346,1.0078732821238836,1.033387786028904,292.4692580136646
1263,41263,40126,900003,6a22834,v2_nested_200x10,1,1,1,success,65,17.543941041060773,20.59197169689383,6.819434746125586,62,1,30.0,0.45,20.0,1.0,25,1,200,0.002,100,10.0,1.0,0,50,0,0.7692307692307693,0.37709889689028636,-0.52200169936518,1.7888563337863008,0.026229530780070783,0.03091185045137821,0.06036560610415482,1.0064999705911546,1.3670231734598044,0.3699919482851301,0.6906952962052446,0.9858569921110346,1.0078732821238836,1.033387786028904,289.51422648445964
1264,41264,40126,900004,6a22834,v2_nested_200x10,1,1,1,success,67,10.377862010506712,19.758459316019092,6.507884752735493,62,1,30.0,0.45,20.0,1.0,25,1,200,0.002,100,10.0,1.0,0,53,0,0.7910447761194029,0.37709889689028636,-0.52200169936518,1.7888563337863008,0.026229530780070783,0.03091185045137821,0.06036560610415482,1.0064999705911546,1.3670231734598044,0.3699919482851301,0.6906952962052446,0.9858569921110346,1.0078732821238836,1.033387786028904,289.82142775034606
1265,41265,40126,900005,6a22834,v2_nested_200x10,1,1,1,success,69,19.76771589520107,26.681085422249886,12.6935718179285,62,1,30.0,0.45,20.0,1.0,25,1,200,0.002,100,10.0,1.0,0,52,0,0.7536231884057971,0.37709889689028636,-0.52200169936518,1.7888563337863008,0.026229530780070783,0.03091185045137821,0.06036560610415482,1.0064999705911546,1.3670231734598044,0.3699919482851301,0.6906952962052446,0.9858569921110346,1.0078732821238836,1.033387786028904,291.4594128533034
1266,41266,40126,900006,6a22834,v2_nested_200x10,1,1,1,success,70,16.5826468500911,17.762158527592067,9.692999462624682,64,1,30.0,0.45,20.0,1.0,25,1,200,0.002,100,10.0,1.0,0,55,0,0.7857142857142857,0.37709889689028636,-0.52200169936518,1.7888563337863008,0.026229530780070783,0.03091185045137821,0.06036560610415482,1.0064999705911546,1.3670231734598044,0.3699919482851301,0.6906952962052446,0.9858569921110346,1.0078732821238836,1.033387786028904,291.9657850756154
1267,41267,40126,900007,6a22834,v2_nested_200x10,1,1,1,success,69,20.048649683464113,29.305133536739135,2.468266474258409,64,1,30.0,0.45,20.0,1.0,25,1,200,0.002,100,10.0,1.0,0,57,0,0.8260869565217391,0.37709889689028636,-0.52200169936518,1.7888563337863008,0.026229530780070783,0.03091185045137821,0.06036560610415482,1.0064999705911546,1.3670231734598044,0.3699919482851301,0.6906952962052446,0.9858569921110346,1.0078732821238836,1.033387786028904,292.4870301653252
1268,41268,40126,900008,6a22834,v2_nested_200x10,1,1,1,success,73,21.36841985062172,21.99224132748909,12.215261250254375,68,1,30.0,0.45,20.0,1.0,25,1,200,0.002,100,10.0,1.0,0,57,0,0.7808219178082192,0.37709889689028636,-0.52200169936518,1.7888563337863008,0.026229530780070783,0.03091185045137821,0.06036560610415482,1.0064999705911546,1.3670231734598044,0.3699919482851301,0.6906952962052446,0.9858569921110346,1.0078732821238836,1.033387786028904,288.9943484850668
1269,41269,40126,900009,6a22834,v2_nested_200x10,1,1,1,success,68,12.910743634412116,15.761586135227594,8.3610972974285,64,1,30.0,0.45,20.0,1.0,25,1,200,0.002,100,10.0,1.0,0,49,0,0.7205882352941176,0.37709889689028636,-0.52200169936518,1.7888563337863008,0.026229530780070783,0.03091185045137821,0.06036560610415482,1.0064999705911546,1.3670231734598044,0.3699919482851301,0.6906952962052446,0.9858569921110346,1.0078732821238836,1.033387786028904,290.41021264815674
1270,41270,40127,900000,6a22834,v2_nested_200x10,1,1,1,success,64,25.020637421136524,11.234599972143744,22.958283604914193,52,1,30.0,0.45,20.0,1.0,25,1,200,0.002,100,10.0,1.0,0,50,0,0.78125,0.3693249209215178,-0.17621503392328086,-0.8375513284289493,0.02341184186479412,0.03148207878969964,0.0690745893033907,1.5974402771182952,1.1823440426367244,0.3430893076566612,0.5653764589683231,0.9564030244824098,1.055360332367666,1.1090289578215393,282.9910312399494
1271,41271,40127,900001,6a22834,v2_nested_200x10,1,1,1,success,55,13.592590136761352,15.25924418557099,5.607177427526836,49,1,30.0,0.45,20.0,1.0,25,1,200,0.002,100,10.0,1.0,0,40,0,0.7272727272727273,0.3693249209215178,-0.17621503392328086,-0.8375513284289493,0.02341184186479412,0.03148207878969964,0.0690745893033907,1.5974402771182952,1.1823440426367244,0.3430893076566612,0.5653764589683231,0.9564030244824098,1.055360332367666,1.1090289578215393,283.38354519035516
1272,41272,40127,900002,6a22834,v2_nested_200x10,1,1,1,success,55,3.1957023964950944,21.7094334207518,2.5159562776870956,52,1,30.0,0.45,20.0,1.0,25,1,200,0.002,100,10.0,1.0,0,40,0,0.7272727272727273,0.3693249209215178,-0.17621503392328086,-0.8375513284289493,0.02341184186479412,0.03148207878969964,0.0690745893033907,1.5974402771182952,1.1823440426367244,0.3430893076566612,0.5653764589683231,0.9564030244824098,1.055360332367666,1.1090289578215393,284.505257316722
1273,41273,40127,900003,6a22834,v2_nested_200x10,1,1,1,success,52,9.941071586564025,13.372058292241865,5.623895885370874,46,1,30.0,0.45,20.0,1.0,25,1,200,0.002,100,10.0,1.0,0,34,0,0.6538461538461539,0.3693249209215178,-0.17621503392328086,-0.8375513284289493,0.02341184186479412,0.03148207878969964,0.0690745893033907,1.5974402771182952,1.1823440426367244,0.3430893076566612,0.5653764589683231,0.9564030244824098,1.055360332367666,1.1090289578215393,283.24383819394023
1274,41274,40127,900004,6a22834,v2_nested_200x10,1,1,1,success,54,21.3083577799203,16.873799345273643,4.58612202581513,47,1,30.0,0.45,20.0,1.0,25,1,200,0.002,100,10.0,1.0,0,41,0,0.7592592592592593,0.3693249209215178,-0.17621503392328086,-0.8375513284289493,0.02341184186479412,0.03148207878969964,0.0690745893033907,1.5974402771182952,1.1823440426367244,0.3430893076566612,0.5653764589683231,0.9564030244824098,1.055360332367666,1.1090289578215393,282.11068446933785
1275,41275,40127,900005,6a22834,v2_nested_200x10,1,1,1,success,53,19.620413032723214,19.10016743116863,5.542825047444288,45,1,30.0,0.45,20.0,1.0,25,1,200,0.002,100,10.0,1.0,0,40,0,0.7547169811320755,0.3693249209215178,-0.17621503392328086,-0.8375513284289493,0.02341184186479412,0.03148207878969964,0.0690745893033907,1.5974402771182952,1.1823440426367244,0.3430893076566612,0.5653764589683231,0.9564030244824098,1.055360332367666,1.1090289578215393,281.51825026786065
1276,41276,40127,900006,6a22834,v2_nested_200x10,1,1,1,success,54,6.202081062478238,11.645301680150038,6.39489311101883,46,1,30.0,0.45,20.0,1.0,25,1,200,0.002,100,10.0,1.0,0,34,0,0.6296296296296297,0.3693249209215178,-0.17621503392328086,-0.8375513284289493,0.02341184186479412,0.03148207878969964,0.0690745893033907,1.5974402771182952,1.1823440426367244,0.3430893076566612,0.5653764589683231,0.9564030244824098,1.055360332367666,1.1090289578215393,283.90238336661923
1277,41277,40127,900007,6a22834,v2_nested_200x10,1,1,1,success,51,17.396883384434496,20.726264321477995,7.669740695947499,45,1,30.0,0.45,20.0,1.0,25,1,200,0.002,100,10.0,1.0,0,36,0,0.7058823529411765,0.3693249209215178,-0.17621503392328086,-0.8375513284289493,0.02341184186479412,0.03148207878969964,0.0690745893033907,1.5974402771182952,1.1823440426367244,0.3430893076566612,0.5653764589683231,0.9564030244824098,1.055360332367666,1.1090289578215393,283.97260843469724
1278,41278,40127,900008,6a22834,v2_nested_200x10,1,1,1,success,51,14.460690554856347,21.602639562548738,5.395714667883768,45,1,30.0,0.45,20.0,1.0,25,1,200,0.002,100,10.0,1.0,0,38,0,0.7450980392156863,0.3693249209215178,-0.17621503392328086,-0.8375513284289493,0.02341184186479412,0.03148207878969964,0.0690745893033907,1.5974402771182952,1.1823440426367244,0.3430893076566612,0.5653764589683231,0.9564030244824098,1.055360332367666,1.1090289578215393,283.60587988857185
1279,41279,40127,900009,6a22834,v2_nested_200x10,1,1,1,success,53,8.621855622449207,16.139065623263374,6.440020734677424,45,1,30.0,0.45,20.0,1.0,25,1,200,0.002,100,10.0,1.0,0,39,0,0.7358490566037735,0.3693249209215178,-0.17621503392328086,-0.8375513284289493,0.02341184186479412,0.03148207878969964,0.0690745893033907,1.5974402771182952,1.1823440426367244,0.3430893076566612,0.5653764589683231,0.9564030244824098,1.055360332367666,1.1090289578215393,282.873605123314
1280,41280,40128,900000,6a22834,v2_nested_200x10,1,1,1,success,70,3.7217764229060384,36.91373027269851,5.332616450151108,63,1,30.0,0.45,20.0,1.0,25,1,200,0.002,100,10.0,1.0,0,45,0,0.6428571428571429,0.3657216385735228,-0.6140245693115414,2.3486968550680807,0.026624840500525382,0.038445510901369766,0.08167188002985107,1.8044594388015283,1.3992557908662377,0.38673928644593153,0.5753630195979871,1.0437973380039909,1.0999239629387672,1.1252880273710355,293.75882123212426
1281,41281,40128,900001,6a22834,v2_nested_200x10,1,1,1,success,71,12.906436442401446,22.21238170216799,6.803757282585745,65,1,30.0,0.45,20.0,1.0,25,1,200,0.002,100,10.0,1.0,0,46,0,0.647887323943662,0.3657216385735228,-0.6140245693115414,2.3486968550680807,0.026624840500525382,0.038445510901369766,0.08167188002985107,1.8044594388015283,1.3992557908662377,0.38673928644593153,0.5753630195979871,1.0437973380039909,1.0999239629387672,1.1252880273710355,294.4808033435002
1282,41282,40128,900002,6a22834,v2_nested_200x10,1,1,1,success,70,6.843230899059624,30.41438919030522,4.3208652163837,63,1,30.0,0.45,20.0,1.0,25,1,200,0.002,100,10.0,1.0,0,47,0,0.6714285714285714,0.3657216385735228,-0.6140245693115414,2.3486968550680807,0.026624840500525382,0.038445510901369766,0.08167188002985107,1.8044594388015283,1.3992557908662377,0.38673928644593153,0.5753630195979871,1.0437973380039909,1.0999239629387672,1.1252880273710355,293.5033329203043
1283,41283,40128,900003,6a22834,v2_nested_200x10,1,1,1,success,66,19.93396708467408,19.97421608969664,9.560916526872894,62,1,30.0,0.45,20.0,1.0,25,1,200,0.002,100,10.0,1.0,0,40,0,0.6060606060606061,0.3657216385735228,-0.6140245693115414,2.3486968550680807,0.026624840500525382,0.038445510901369766,0.08167188002985107,1.8044594388015283,1.3992557908662377,0.38673928644593153,0.5753630195979871,1.0437973380039909,1.0999239629387672,1.1252880273710355,292.15926648681284
1284,41284,40128,900004,6a22834,v2_nested_200x10,1,1,1,success,68,20.05169047935428,25.956591289254867,5.7005228404588415,64,1,30.0,0.45,20.0,1.0,25,1,200,0.002,100,10.0,1.0,0,45,0,0.6617647058823529,0.3657216385735228,-0.6140245693115414,2.3486968550680807,0.026624840500525382,0.038445510901369766,0.08167188002985107,1.8044594388015283,1.3992557908662377,0.38673928644593153,0.5753630195979871,1.0437973380039909,1.0999239629387672,1.1252880273710355,292.62242032951747
1285,41285,40128,900005,6a22834,v2_nested_200x10,1,1,1,success,66,19.811632207740693,26.427037116428046,2.3333900356055493,61,1,30.0,0.45,20.0,1.0,25,1,200,0.002,100,10.0,1.0,0,43,0,0.6515151515151515,0.3657216385735228,-0.6140245693115414,2.3486968550680807,0.026624840500525382,0.038445510901369766,0.08167188002985107,1.8044594388015283,1.3992557908662377,0.38673928644593153,0.5753630195979871,1.0437973380039909,1.0999239629387672,1.1252880273710355,292.56956069559294
1286,41286,40128,900006,6a22834,v2_nested_200x10,1,1,1,success,75,3.647327719607172,16.533081135928306,7.334208710138975,67,1,30.0,0.45,20.0,1.0,25,1,200,0.002,100,10.0,1.0,3,49,0,0.6533333333333333,0.3657216385735228,-0.6140245693115414,2.3486968550680807,0.026624840500525382,0.038445510901369766,0.08167188002985107,1.8044594388015283,1.3992557908662377,0.38673928644593153,0.5753630195979871,1.0437973380039909,1.0999239629387672,1.1252880273710355,291.3963280627485
1287,41287,40128,900007,6a22834,v2_nested_200x10,1,1,1,success,69,15.820346963150163,23.386876211940123,4.672906848283083,64,1,30.0,0.45,20.0,1.0,25,1,200,0.002,100,10.0,1.0,0,44,0,0.6376811594202898,0.3657216385735228,-0.6140245693115414,2.3486968550680807,0.026624840500525382,0.038445510901369766,0.08167188002985107,1.8044594388015283,1.3992557908662377,0.38673928644593153,0.5753630195979871,1.0437973380039909,1.0999239629387672,1.1252880273710355,292.4331208186686
1288,41288,40128,900008,6a22834,v2_nested_200x10,1,1,1,success,69,18.68382885029595,33.162820272798776,7.215249965819264,63,1,30.0,0.45,20.0,1.0,25,1,200,0.002,100,10.0,1.0,0,46,0,0.6666666666666666,0.3657216385735228,-0.6140245693115414,2.3486968550680807,0.026624840500525382,0.038445510901369766,0.08167188002985107,1.8044594388015283,1.3992557908662377,0.38673928644593153,0.5753630195979871,1.0437973380039909,1.0999239629387672,1.1252880273710355,291.6291723472434
1289,41289,40128,900009,6a22834,v2_nested_200x10,1,1,1,success,67,15.662704906648857,18.615822342046865,5.919491361612071,63,1,30.0,0.45,20.0,1.0,25,1,200,0.002,100,10.0,1.0,0,40,0,0.5970149253731343,0.3657216385735228,-0.6140245693115414,2.3486968550680807,0.026624840500525382,0.038445510901369766,0.08167188002985107,1.8044594388015283,1.3992557908662377,0.38673928644593153,0.5753630195979871,1.0437973380039909,1.0999239629387672,1.1252880273710355,291.26879072368274
1290,41290,40129,900000,6a22834,v2_nested_200x10,1,1,1,success,50,9.78868613981006,13.474043598288324,3.09408188640156,43,1,30.0,0.45,20.0,1.0,25,1,200,0.002,100,10.0,1.0,0,41,0,0.82,0.3479976700042441,-0.3261583111654228,1.8449932599601153,0.022297824844505282,0.035700261051403656,0.07097745149401949,1.9980176643298848,1.211088285459244,0.3601627950386673,0.3408738746992722,1.0646159034052856,1.0127458532233398,0.7031887901201022,281.4573159835033
1291,41291,40129,900001,6a22834,v2_nested_200x10,1,1,1,success,48,14.325259013184082,16.6423780038043,3.212069926036704,42,1,30.0,0.45,20.0,1.0,25,1,200,0.002,100,10.0,1.0,0,39,0,0.8125,0.3479976700042441,-0.3261583111654228,1.8449932599601153,0.022297824844505282,0.035700261051403656,0.07097745149401949,1.9980176643298848,1.211088285459244,0.3601627950386673,0.3408738746992722,1.0646159034052856,1.0127458532233398,0.7031887901201022,281.83021963580234
1292,41292,40129,900002,6a22834,v2_nested_200x10,1,1,1,success,63,19.800217343002043,16.052597224321644,5.557230934966255,42,1,30.0,0.45,20.0,1.0,25,1,200,0.002,100,10.0,1.0,0,49,0,0.7777777777777778,0.3479976700042441,-0.3261583111654228,1.8449932599601153,0.022297824844505282,0.035700261051403656,0.07097745149401949,1.9980176643298848,1.211088285459244,0.3601627950386673,0.3408738746992722,1.0646159034052856,1.0127458532233398,0.7031887901201022,277.19585525491044
1293,41293,40129,900003,6a22834,v2_nested_200x10,1,1,1,success,68,17.857864096439545,4.526290340799147,1.3534304637825927,49,1,30.0,0.45,20.0,1.0,25,1,200,0.002,100,10.0,1.0,0,57,0,0.8382352941176471,0.3479976700042441,-0.3261583111654228,1.8449932599601153,0.022297824844505282,0.035700261051403656,0.07097745149401949,1.9980176643298848,1.211088285459244,0.3601627950386673,0.3408738746992722,1.0646159034052856,1.0127458532233398,0.7031887901201022,278.2608841213755
1294,41294,40129,900004,6a22834,v2_nested_200x10,1,1,1,success,50,23.389233993424202,17.554110495731862,5.666945503893818,43,1,30.0,0.45,20.0,1.0,25,1,200,0.002,100,10.0,1.0,0,36,0,0.72,0.3479976700042441,-0.3261583111654228,1.8449932599601153,0.022297824844505282,0.035700261051403656,0.07097745149401949,1.9980176643298848,1.211088285459244,0.3601627950386673,0.3408738746992722,1.0646159034052856,1.0127458532233398,0.7031887901201022,280.561493017441
1295,41295,40129,900005,6a22834,v2_nested_200x10,1,1,1,success,46,10.50629058420798,9.292598692332232,4.572152628379813,40,1,30.0,0.45,20.0,1.0,25,1,200,0.002,100,10.0,1.0,0,32,0,0.6956521739130435,0.3479976700042441,-0.3261583111654228,1.8449932599601153,0.022297824844505282,0.035700261051403656,0.07097745149401949,1.9980176643298848,1.211088285459244,0.3601627950386673,0.3408738746992722,1.0646159034052856,1.0127458532233398,0.7031887901201022,282.42839483875605
1296,41296,40129,900006,6a22834,v2_nested_200x10,1,1,1,success,52,21.72327481823343,17.623918064531804,4.3056143628986145,42,1,30.0,0.45,20.0,1.0,25,1,200,0.002,100,10.0,1.0,0,44,0,0.8461538461538461,0.3479976700042441,-0.3261583111654228,1.8449932599601153,0.022297824844505282,0.035700261051403656,0.07097745149401949,1.9980176643298848,1.211088285459244,0.3601627950386673,0.3408738746992722,1.0646159034052856,1.0127458532233398,0.7031887901201022,280.69922387205594
1297,41297,40129,900007,6a22834,v2_nested_200x10,1,1,1,success,49,19.212621766437636,18.037635845642342,6.096723899951591,40,1,30.0,0.45,20.0,1.0,25,1,200,0.002,100,10.0,1.0,0,37,0,0.7551020408163265,0.3479976700042441,-0.3261583111654228,1.8449932599601153,0.022297824844505282,0.035700261051403656,0.07097745149401949,1.9980176643298848,1.211088285459244,0.3601627950386673,0.3408738746992722,1.0646159034052856,1.0127458532233398,0.7031887901201022,281.4056641045591
1298,41298,40129,900008,6a22834,v2_nested_200x10,1,1,1,success,47,11.530992251886953,10.192184424097182,5.808639604757913,42,1,30.0,0.45,20.0,1.0,25,1,200,0.002,100,10.0,1.0,0,35,0,0.7446808510638298,0.3479976700042441,-0.3261583111654228,1.8449932599601153,0.022297824844505282,0.035700261051403656,0.07097745149401949,1.9980176643298848,1.211088285459244,0.3601627950386673,0.3408738746992722,1.0646159034052856,1.0127458532233398,0.7031887901201022,281.96479755217416
1299,41299,40129,900009,6a22834,v2_nested_200x10,1,1,1,success,52,2.393703805217562,7.158585677733057,8.687169329581202,43,1,30.0,0.45,20.0,1.0,25,1,200,0.002,100,10.0,1.0,0,43,0,0.8269230769230769,0.3479976700042441,-0.3261583111654228,1.8449932599601153,0.022297824844505282,0.035700261051403656,0.07097745149401949,1.9980176643298848,1.211088285459244,0.3601627950386673,0.3408738746992722,1.0646159034052856,1.0127458532233398,0.7031887901201022,283.9646143820184
1300,41300,40130,900000,6a22834,v2_nested_200x10,1,1,1,success,62,18.86575538182169,31.03140316290284,8.676311238053755,55,1,30.0,0.45,20.0,1.0,25,1,200,0.002,100,10.0,1.0,0,47,0,0.7580645161290323,0.357319727941666,-0.7037888371083187,-0.28496485708231756,0.02604141667502219,0.035722769051300264,0.051793146076485955,1.2043661060789395,1.1969088632492801,0.3102014587287943,0.424912082583868,0.9765656537352696,0.9893041337503006,0.8916744198060977,290.65904567321303
1301,41301,40130,900001,6a22834,v2_nested_200x10,1,1,1,success,67,15.811955134739614,11.916209910393173,1.6913805178093355,64,1,30.0,0.45,20.0,1.0,25,1,200,0.002,100,10.0,1.0,0,54,0,0.8059701492537313,0.357319727941666,-0.7037888371083187,-0.28496485708231756,0.02604141667502219,0.035722769051300264,0.051793146076485955,1.2043661060789395,1.1969088632492801,0.3102014587287943,0.424912082583868,0.9765656537352696,0.9893041337503006,0.8916744198060977,291.44729332397856
1302,41302,40130,900002,6a22834,v2_nested_200x10,1,1,1,success,65,10.415370340912805,27.90974205194574,14.764840861844185,57,1,30.0,0.45,20.0,1.0,25,1,200,0.002,100,10.0,1.0,0,51,0,0.7846153846153846,0.357319727941666,-0.7037888371083187,-0.28496485708231756,0.02604141667502219,0.035722769051300264,0.051793146076485955,1.2043661060789395,1.1969088632492801,0.3102014587287943,0.424912082583868,0.9765656537352696,0.9893041337503006,0.8916744198060977,292.8108501809779
1303,41303,40130,900003,6a22834,v2_nested_200x10,1,1,1,success,67,21.709708622744518,20.796064090969978,13.392200063071453,58,1,30.0,0.45,20.0,1.0,25,1,200,0.002,100,10.0,1.0,0,51,0,0.7611940298507462,0.357319727941666,-0.7037888371083187,-0.28496485708231756,0.02604141667502219,0.035722769051300264,0.051793146076485955,1.2043661060789395,1.1969088632492801,0.3102014587287943,0.424912082583868,0.9765656537352696,0.9893041337503006,0.8916744198060977,291.18152971384677
1304,41304,40130,900004,6a22834,v2_nested_200x10,1,1,1,success,66,21.06693358746459,18.610167856180237,10.11603339330309,58,1,30.0,0.45,20.0,1.0,25,1,200,0.002,100,10.0,1.0,0,53,0,0.803030303030303,0.357319727941666,-0.7037888371083187,-0.28496485708231756,0.02604141667502219,0.035722769051300264,0.051793146076485955,1.2043661060789395,1.1969088632492801,0.3102014587287943,0.424912082583868,0.9765656537352696,0.9893041337503006,0.8916744198060977,290.1932766052315
1305,41305,40130,900005,6a22834,v2_nested_200x10,1,1,1,success,63,9.443240006030262,19.033445834693236,8.181643768695206,57,1,30.0,0.45,20.0,1.0,25,1,200,0.002,100,10.0,1.0,0,47,0,0.746031746031746,0.357319727941666,-0.7037888371083187,-0.28496485708231756,0.02604141667502219,0.035722769051300264,0.051793146076485955,1.2043661060789395,1.1969088632492801,0.3102014587287943,0.424912082583868,0.9765656537352696,0.9893041337503006,0.8916744198060977,291.81087507342215
1306,41306,40130,900006,6a22834,v2_nested_200x10,1,1,1,success,67,26.162404071790316,18.00674629363616,3.5502545801159116,64,1,30.0,0.45,20.0,1.0,25,1,200,0.002,100,10.0,1.0,0,45,0,0.6716417910447762,0.357319727941666,-0.7037888371083187,-0.28496485708231756,0.02604141667502219,0.035722769051300264,0.051793146076485955,1.2043661060789395,1.1969088632492801,0.3102014587287943,0.424912082583868,0.9765656537352696,0.9893041337503006,0.8916744198060977,291.48534069836927
1307,41307,40130,900007,6a22834,v2_nested_200x10,1,1,1,success,64,14.464289200438648,17.567520789070706,17.090821443566526,57,1,30.0,0.45,20.0,1.0,25,1,200,0.002,100,10.0,1.0,0,49,0,0.765625,0.357319727941666,-0.7037888371083187,-0.28496485708231756,0.02604141667502219,0.035722769051300264,0.051793146076485955,1.2043661060789395,1.1969088632492801,0.3102014587287943,0.424912082583868,0.9765656537352696,0.9893041337503006,0.8916744198060977,291.173992897537
1308,41308,40130,900008,6a22834,v2_nested_200x10,1,1,1,success,66,12.273469181928194,23.810187864119147,0.17711048469841525,63,1,30.0,0.45,20.0,1.0,25,1,200,0.002,100,10.0,1.0,0,52,0,0.7878787878787878,0.357319727941666,-0.7037888371083187,-0.28496485708231756,0.02604141667502219,0.035722769051300264,0.051793146076485955,1.2043661060789395,1.1969088632492801,0.3102014587287943,0.424912082583868,0.9765656537352696,0.9893041337503006,0.8916744198060977,292.03323403952373
1309,41309,40130,900009,6a22834,v2_nested_200x10,1,1,1,success,65,20.259158990913956,24.96786114171815,18.55260103185073,57,1,30.0,0.45,20.0,1.0,25,1,200,0.002,100,10.0,1.0,0,50,0,0.7692307692307693,0.357319727941666,-0.7037888371083187,-0.28496485708231756,0.02604141667502219,0.035722769051300264,0.051793146076485955,1.2043661060789395,1.1969088632492801,0.3102014587287943,0.424912082583868,0.9765656537352696,0.9893041337503006,0.8916744198060977,290.93355757758434
1310,41310,40131,900000,6a22834,v2_nested_200x10,1,1,1,success,62,13.319736950819507,22.24497971463663,14.286719341132212,54,1,30.0,0.45,20.0,1.0,25,1,200,0.002,100,10.0,1.0,0,47,0,0.7580645161290323,0.34019926836343434,-0.6262249887213662,0.39782294934332807,0.020567742941515966,0.0327858843871359,0.10716750373100724,1.5095085575978615,0.9988793884336691,0.3805427162514987,0.3441771168939393,1.003277969911459,0.9169357176194254,1.032346136647805,286.08275608386407
1311,41311,40131,900001,6a22834,v2_nested_200x10,1,1,1,success,62,9.573736592322398,8.241123848732064,3.58521155244584,57,1,30.0,0.45,20.0,1.0,25,1,200,0.002,100,10.0,1.0,0,49,0,0.7903225806451613,0.34019926836343434,-0.6262249887213662,0.39782294934332807,0.020567742941515966,0.0327858843871359,0.10716750373100724,1.5095085575978615,0.9988793884336691,0.3805427162514987,0.3441771168939393,1.003277969911459,0.9169357176194254,1.032346136647805,289.28163757189844
1312,41312,40131,900002,6a22834,v2_nested_200x10,1,1,1,success,62,13.404858990944858,17.215710238384933,5.217768543892389,55,1,30.0,0.45,20.0,1.0,25,1,200,0.002,100,10.0,1.0,0,54,0,0.8709677419354839,0.34019926836343434,-0.6262249887213662,0.39782294934332807,0.020567742941515966,0.0327858843871359,0.10716750373100724,1.5095085575978615,0.9988793884336691,0.3805427162514987,0.3441771168939393,1.003277969911459,0.9169357176194254,1.032346136647805,287.5364901257118
1313,41313,40131,900003,6a22834,v2_nested_200x10,1,1,1,success,60,12.54802907370506,9.565469502789725,1.551931114717013,55,1,30.0,0.45,20.0,1.0,25,1,200,0.002,100,10.0,1.0,0,52,0,0.8666666666666667,0.34019926836343434,-0.6262249887213662,0.39782294934332807,0.020567742941515966,0.0327858843871359,0.10716750373100724,1.5095085575978615,0.9988793884336691,0.3805427162514987,0.3441771168939393,1.003277969911459,0.9169357176194254,1.032346136647805,288.4481156297225
1314,41314,40131,900004,6a22834,v2_nested_200x10,1,1,1,success,59,18.97065010612772,18.12114558825683,8.840661017075325,52,1,30.0,0.45,20.0,1.0,25,1,200,0.002,100,10.0,1.0,0,48,0,0.8135593220338984,0.34019926836343434,-0.6262249887213662,0.39782294934332807,0.020567742941515966,0.0327858843871359,0.10716750373100724,1.5095085575978615,0.9988793884336691,0.3805427162514987,0.3441771168939393,1.003277969911459,0.9169357176194254,1.032346136647805,289.6091087256455
1315,41315,40131,900005,6a22834,v2_nested_200x10,1,1,1,success,61,21.30908998718123,22.22972840895666,8.874868158739888,54,1,30.0,0.45,20.0,1.0,25,1,200,0.002,100,10.0,1.0,0,55,0,0.9016393442622951,0.34019926836343434,-0.6262249887213662,0.39782294934332807,0.020567742941515966,0.0327858843871359,0.10716750373100724,1.5095085575978615,0.9988793884336691,0.3805427162514987,0.3441771168939393,1.003277969911459,0.9169357176194254,1.032346136647805,288.37804571869617
1316,41316,40131,900006,6a22834,v2_nested_200x10,1,1,1,success,61,13.941947135845533,20.367646345322303,10.037383268827249,55,1,30.0,0.45,20.0,1.0,25,1,200,0.002,100,10.0,1.0,0,50,0,0.819672131147541,0.34019926836343434,-0.6262249887213662,0.39782294934332807,0.020567742941515966,0.0327858843871359,0.10716750373100724,1.5095085575978615,0.9988793884336691,0.3805427162514987,0.3441771168939393,1.003277969911459,0.9169357176194254,1.032346136647805,287.80923440474356
1317,41317,40131,900007,6a22834,v2_nested_200x10,1,1,1,success,60,20.1460966396036,16.800626311736135,6.035686959331778,54,1,30.0,0.45,20.0,1.0,25,1,200,0.002,100,10.0,1.0,0,54,0,0.9,0.34019926836343434,-0.6262249887213662,0.39782294934332807,0.020567742941515966,0.0327858843871359,0.10716750373100724,1.5095085575978615,0.9988793884336691,0.3805427162514987,0.3441771168939393,1.003277969911459,0.9169357176194254,1.032346136647805,288.4161923708679
1318,41318,40131,900008,6a22834,v2_nested_200x10,1,1,1,success,68,20.707252433159354,19.52180666508465,12.033794626566989,54,1,30.0,0.45,20.0,1.0,25,1,200,0.002,100,10.0,1.0,0,54,0,0.7941176470588235,0.34019926836343434,-0.6262249887213662,0.39782294934332807,0.020567742941515966,0.0327858843871359,0.10716750373100724,1.5095085575978615,0.9988793884336691,0.3805427162514987,0.3441771168939393,1.003277969911459,0.9169357176194254,1.032346136647805,284.4600030133461
1319,41319,40131,900009,6a22834,v2_nested_200x10,1,1,1,success,61,30.604318528467115,20.90785388561767,8.806681376767155,54,1,30.0,0.45,20.0,1.0,25,1,200,0.002,100,10.0,1.0,0,56,0,0.9180327868852459,0.34019926836343434,-0.6262249887213662,0.39782294934332807,0.020567742941515966,0.0327858843871359,0.10716750373100724,1.5095085575978615,0.9988793884336691,0.3805427162514987,0.3441771168939393,1.003277969911459,0.9169357176194254,1.032346136647805,287.0053030798369
1320,41320,40132,900000,6a22834,v2_nested_200x10,1,1,1,success,55,10.264297891822725,8.265913397222626,0.8270059272346466,48,1,30.0,0.45,20.0,1.0,25,1,200,0.002,100,10.0,1.0,0,50,0,0.9090909090909091,0.30547075779724786,-0.6568449161569512,-1.3662608835455494,0.024923405434829536,0.040045593371248474,0.08537487768450733,1.4802091366161991,0.9118756658791143,0.3180640007660367,0.1754157938581122,0.9696971169867717,1.005576967222394,1.0433038018708851,284.1909528840399
1321,41321,40132,900001,6a22834,v2_nested_200x10,1,1,1,success,74,30.822898174019514,33.75898715109381,5.066377541598275,59,1,30.0,0.45,20.0,1.0,25,1,200,0.002,100,10.0,1.0,0,67,0,0.9054054054054054,0.30547075779724786,-0.6568449161569512,-1.3662608835455494,0.024923405434829536,0.040045593371248474,0.08537487768450733,1.4802091366161991,0.9118756658791143,0.3180640007660367,0.1754157938581122,0.9696971169867717,1.005576967222394,1.0433038018708851,282.23244405268565
1322,41322,40132,900002,6a22834,v2_nested_200x10,1,1,1,success,52,17.98678752009953,6.054688740425716,19.567534240313847,44,1,30.0,0.45,20.0,1.0,25,1,200,0.002,100,10.0,1.0,0,44,0,0.8461538461538461,0.30547075779724786,-0.6568449161569512,-1.3662608835455494,0.024923405434829536,0.040045593371248474,0.08537487768450733,1.4802091366161991,0.9118756658791143,0.3180640007660367,0.1754157938581122,0.9696971169867717,1.005576967222394,1.0433038018708851,285.04005421234706
1323,41323,40132,900003,6a22834,v2_nested_200x10,1,1,1,success,58,14.723122288346456,2.2337535205669443,10.502613052757766,45,1,30.0,0.45,20.0,1.0,25,1,200,0.002,100,10.0,1.0,0,52,0,0.896551724137931,0.30547075779724786,-0.6568449161569512,-1.3662608835455494,0.024923405434829536,0.040045593371248474,0.08537487768450733,1.4802091366161991,0.9118756658791143,0.3180640007660367,0.1754157938581122,0.9696971169867717,1.005576967222394,1.0433038018708851,283.7595892159609
1324,41324,40132,900004,6a22834,v2_nested_200x10,1,1,1,success,61,19.794963987444987,6.7405014129659975,9.275574964542963,45,1,30.0,0.45,20.0,1.0,25,1,200,0.002,100,10.0,1.0,0,47,0,0.7704918032786885,0.30547075779724786,-0.6568449161569512,-1.3662608835455494,0.024923405434829536,0.040045593371248474,0.08537487768450733,1.4802091366161991,0.9118756658791143,0.3180640007660367,0.1754157938581122,0.9696971169867717,1.005576967222394,1.0433038018708851,276.1826751608211
1325,41325,40132,900005,6a22834,v2_nested_200x10,1,1,1,success,54,8.18181477314977,5.4465983270682585,10.114727448960211,43,1,30.0,0.45,20.0,1.0,25,1,200,0.002,100,10.0,1.0,0,48,0,0.8888888888888888,0.30547075779724786,-0.6568449161569512,-1.3662608835455494,0.024923405434829536,0.040045593371248474,0.08537487768450733,1.4802091366161991,0.9118756658791143,0.3180640007660367,0.1754157938581122,0.9696971169867717,1.005576967222394,1.0433038018708851,282.85372354534667
1326,41326,40132,900006,6a22834,v2_nested_200x10,0,0,0,unsafe,65,241.16395955317836,nan,nan,-1,0,30.0,0.45,20.0,1.0,25,1,200,0.002,100,10.0,1.0,0,58,0,0.8923076923076924,0.30547075779724786,-0.6568449161569512,-1.3662608835455494,0.024923405434829536,0.040045593371248474,0.08537487768450733,1.4802091366161991,0.9118756658791143,0.3180640007660367,0.1754157938581122,0.9696971169867717,1.005576967222394,1.0433038018708851,-49.02843158798222
1327,41327,40132,900007,6a22834,v2_nested_200x10,1,1,1,success,65,13.635696166273263,5.262052934978582,11.857835761268595,45,1,30.0,0.45,20.0,1.0,25,1,200,0.002,100,10.0,1.0,0,58,0,0.8923076923076924,0.30547075779724786,-0.6568449161569512,-1.3662608835455494,0.024923405434829536,0.040045593371248474,0.08537487768450733,1.4802091366161991,0.9118756658791143,0.3180640007660367,0.1754157938581122,0.9696971169867717,1.005576967222394,1.0433038018708851,284.8916866300488
1328,41328,40132,900008,6a22834,v2_nested_200x10,1,1,1,success,53,11.287741477795668,4.153288900778738,11.088701451179757,45,1,30.0,0.45,20.0,1.0,25,1,200,0.002,100,10.0,1.0,0,49,0,0.9245283018867925,0.30547075779724786,-0.6568449161569512,-1.3662608835455494,0.024923405434829536,0.040045593371248474,0.08537487768450733,1.4802091366161991,0.9118756658791143,0.3180640007660367,0.1754157938581122,0.9696971169867717,1.005576967222394,1.0433038018708851,282.7082446106215
1329,41329,40132,900009,6a22834,v2_nested_200x10,1,1,1,success,50,9.809985652561231,5.1256946626549995,4.946800060371112,46,1,30.0,0.45,20.0,1.0,25,1,200,0.002,100,10.0,1.0,0,42,0,0.84,0.30547075779724786,-0.6568449161569512,-1.3662608835455494,0.024923405434829536,0.040045593371248474,0.08537487768450733,1.4802091366161991,0.9118756658791143,0.3180640007660367,0.1754157938581122,0.9696971169867717,1.005576967222394,1.0433038018708851,284.68942549840256
1330,41330,40133,900000,6a22834,v2_nested_200x10,1,1,1,success,53,13.205285429709937,25.593887841781637,5.046994955946927,49,1,30.0,0.45,20.0,1.0,25,1,200,0.002,100,10.0,1.0,3,38,0,0.7169811320754716,0.38685743504342296,-0.2744592283437532,1.9720590331914698,0.023308521013680878,0.03794519846645121,0.10040688913298548,1.4319679384331685,1.2078131314379683,0.33468055893560045,0.4894697219940932,1.092580780431257,1.0714681701733462,1.2991109662926261,280.3066908451136
1331,41331,40133,900001,6a22834,v2_nested_200x10,1,1,1,success,57,13.549532462224326,18.568636958677146,9.748412700838832,49,1,30.0,0.45,20.0,1.0,25,1,200,0.002,100,10.0,1.0,0,48,0,0.8421052631578947,0.38685743504342296,-0.2744592283437532,1.9720590331914698,0.023308521013680878,0.03794519846645121,0.10040688913298548,1.4319679384331685,1.2078131314379683,0.33468055893560045,0.4894697219940932,1.092580780431257,1.0714681701733462,1.2991109662926261,280.197311467718
1332,41332,40133,900002,6a22834,v2_nested_200x10,1,1,1,success,53,15.6998427148955,34.720895014588564,16.932288733888512,44,1,30.0,0.45,20.0,1.0,25,1,200,0.002,100,10.0,1.0,4,40,0,0.7547169811320755,0.38685743504342296,-0.2744592283437532,1.9720590331914698,0.023308521013680878,0.03794519846645121,0.10040688913298548,1.4319679384331685,1.2078131314379683,0.33468055893560045,0.4894697219940932,1.092580780431257,1.0714681701733462,1.2991109662926261,278.6680574019839
1333,41333,40133,900003,6a22834,v2_nested_200x10,1,1,1,success,56,5.355528001010094,6.291303001999616,0.741966112040197,53,1,30.0,0.45,20.0,1.0,25,1,200,0.002,100,10.0,1.0,0,43,0,0.7678571428571429,0.38685743504342296,-0.2744592283437532,1.9720590331914698,0.023308521013680878,0.03794519846645121,0.10040688913298548,1.4319679384331685,1.2078131314379683,0.33468055893560045,0.4894697219940932,1.092580780431257,1.0714681701733462,1.2991109662926261,281.70970438318756
1334,41334,40133,900004,6a22834,v2_nested_200x10,1,1,1,success,55,11.97686642622714,25.55438695406958,14.322073630021428,47,1,30.0,0.45,20.0,1.0,25,1,200,0.002,100,10.0,1.0,0,40,0,0.7272727272727273,0.38685743504342296,-0.2744592283437532,1.9720590331914698,0.023308521013680878,0.03794519846645121,0.10040688913298548,1.4319679384331685,1.2078131314379683,0.33468055893560045,0.4894697219940932,1.092580780431257,1.0714681701733462,1.2991109662926261,281.28871094658473
1335,41335,40133,900005,6a22834,v2_nested_200x10,1,1,1,success,47,30.055391440342856,45.29781828524598,12.834504170160232,42,1,30.0,0.45,20.0,1.0,25,1,200,0.002,100,10.0,1.0,0,32,0,0.6808510638297872,0.38685743504342296,-0.2744592283437532,1.9720590331914698,0.023308521013680878,0.03794519846645121,0.10040688913298548,1.4319679384331685,1.2078131314379683,0.33468055893560045,0.4894697219940932,1.092580780431257,1.0714681701733462,1.2991109662926261,268.2963877469675
1336,41336,40133,900006,6a22834,v2_nested_200x10,1,1,1,success,53,12.369165009975532,18.41748819655594,11.411757006138576,47,1,30.0,0.45,20.0,1.0,25,1,200,0.002,100,10.0,1.0,0,39,0,0.7358490566037735,0.38685743504342296,-0.2744592283437532,1.9720590331914698,0.023308521013680878,0.03794519846645121,0.10040688913298548,1.4319679384331685,1.2078131314379683,0.33468055893560045,0.4894697219940932,1.092580780431257,1.0714681701733462,1.2991109662926261,282.10390219635855
1337,41337,40133,900007,6a22834,v2_nested_200x10,1,1,1,success,60,15.780851742324714,8.683280742834986,17.861565079082833,52,1,30.0,0.45,20.0,1.0,25,1,200,0.002,100,10.0,1.0,0,47,0,0.7833333333333333,0.38685743504342296,-0.2744592283437532,1.9720590331914698,0.023308521013680878,0.03794519846645121,0.10040688913298548,1.4319679384331685,1.2078131314379683,0.33468055893560045,0.4894697219940932,1.092580780431257,1.0714681701733462,1.2991109662926261,282.06052949140934
1338,41338,40133,900008,6a22834,v2_nested_200x10,1,1,1,success,58,14.62524212628033,21.00482444215198,8.027664397556906,49,1,30.0,0.45,20.0,1.0,25,1,200,0.002,100,10.0,1.0,3,45,0,0.7758620689655172,0.38685743504342296,-0.2744592283437532,1.9720590331914698,0.023308521013680878,0.03794519846645121,0.10040688913298548,1.4319679384331685,1.2078131314379683,0.33468055893560045,0.4894697219940932,1.092580780431257,1.0714681701733462,1.2991109662926261,279.08746516348594
1339,41339,40133,900009,6a22834,v2_nested_200x10,1,1,1,success,50,26.29806580434945,32.32852494445889,5.966940484490722,44,1,30.0,0.45,20.0,1.0,25,1,200,0.002,100,10.0,1.0,0,39,0,0.78,0.38685743504342296,-0.2744592283437532,1.9720590331914698,0.023308521013680878,0.03794519846645121,0.10040688913298548,1.4319679384331685,1.2078131314379683,0.33468055893560045,0.4894697219940932,1.092580780431257,1.0714681701733462,1.2991109662926261,268.35041574062933
1340,41340,40134,900000,6a22834,v2_nested_200x10,1,1,1,success,54,27.269938503350595,27.434596440062467,9.104895986234855,47,1,30.0,0.45,20.0,1.0,25,1,200,0.002,100,10.0,1.0,0,40,0,0.7407407407407407,0.3786436745341084,-0.5028371446054474,-2.0208387662481906,0.024261176154657147,0.03455523084430454,0.08004414228451309,1.9971351576548066,0.8162518055658945,0.37442872907111685,0.271903078389797,1.0537407448553484,1.077069701580108,1.0856704744162862,284.4900509304508
1341,41341,40134,900001,6a22834,v2_nested_200x10,1,1,1,success,60,6.376886887369445,24.193170711659533,5.839025573531759,53,1,30.0,0.45,20.0,1.0,25,1,200,0.002,100,10.0,1.0,0,48,0,0.8,0.3786436745341084,-0.5028371446054474,-2.0208387662481906,0.024261176154657147,0.03455523084430454,0.08004414228451309,1.9971351576548066,0.8162518055658945,0.37442872907111685,0.271903078389797,1.0537407448553484,1.077069701580108,1.0856704744162862,287.15675945810784
1342,41342,40134,900002,6a22834,v2_nested_200x10,1,1,1,success,54,21.247718100495,28.375494166485463,14.044355726069142,45,1,30.0,0.45,20.0,1.0,25,1,200,0.002,100,10.0,1.0,0,40,0,0.7407407407407407,0.3786436745341084,-0.5028371446054474,-2.0208387662481906,0.024261176154657147,0.03455523084430454,0.08004414228451309,1.9971351576548066,0.8162518055658945,0.37442872907111685,0.271903078389797,1.0537407448553484,1.077069701580108,1.0856704744162862,286.4298931150189
1343,41343,40134,900003,6a22834,v2_nested_200x10,1,1,1,success,52,23.945006685019834,29.827467441161993,7.339824799308429,45,1,30.0,0.45,20.0,1.0,25,1,200,0.002,100,10.0,1.0,0,31,0,0.5961538461538461,0.3786436745341084,-0.5028371446054474,-2.0208387662481906,0.024261176154657147,0.03455523084430454,0.08004414228451309,1.9971351576548066,0.8162518055658945,0.37442872907111685,0.271903078389797,1.0537407448553484,1.077069701580108,1.0856704744162862,285.3738667670726
1344,41344,40134,900004,6a22834,v2_nested_200x10,1,1,1,success,57,21.230648374021325,15.435996818794656,17.021285418599184,49,1,30.0,0.45,20.0,1.0,25,1,200,0.002,100,10.0,1.0,0,42,0,0.7368421052631579,0.3786436745341084,-0.5028371446054474,-2.0208387662481906,0.024261176154657147,0.03455523084430454,0.08004414228451309,1.9971351576548066,0.8162518055658945,0.37442872907111685,0.271903078389797,1.0537407448553484,1.077069701580108,1.0856704744162862,286.97910369104545
1345,41345,40134,900005,6a22834,v2_nested_200x10,1,1,1,success,53,18.610998521379486,32.535824841010665,1.0545957883622896,45,1,30.0,0.45,20.0,1.0,25,1,200,0.002,100,10.0,1.0,0,31,0,0.5849056603773585,0.3786436745341084,-0.5028371446054474,-2.0208387662481906,0.024261176154657147,0.03455523084430454,0.08004414228451309,1.9971351576548066,0.8162518055658945,0.37442872907111685,0.271903078389797,1.0537407448553484,1.077069701580108,1.0856704744162862,285.5120609433078
1346,41346,40134,900006,6a22834,v2_nested_200x10,1,1,1,success,54,14.502370924111867,28.826058411309198,2.9078163857631765,46,1,30.0,0.45,20.0,1.0,25,1,200,0.002,100,10.0,1.0,0,41,0,0.7592592592592593,0.3786436745341084,-0.5028371446054474,-2.0208387662481906,0.024261176154657147,0.03455523084430454,0.08004414228451309,1.9971351576548066,0.8162518055658945,0.37442872907111685,0.271903078389797,1.0537407448553484,1.077069701580108,1.0856704744162862,286.2941972478632
1347,41347,40134,900007,6a22834,v2_nested_200x10,1,1,1,success,63,33.59064761256609,35.0832671748601,6.287327423663983,47,1,30.0,0.45,20.0,1.0,25,1,200,0.002,100,10.0,1.0,0,45,0,0.7142857142857143,0.3786436745341084,-0.5028371446054474,-2.0208387662481906,0.024261176154657147,0.03455523084430454,0.08004414228451309,1.9971351576548066,0.8162518055658945,0.37442872907111685,0.271903078389797,1.0537407448553484,1.077069701580108,1.0856704744162862,281.6350301259334
1348,41348,40134,900008,6a22834,v2_nested_200x10,1,1,1,success,53,17.98348916034319,28.030281213052394,3.3265461456359824,46,1,30.0,0.45,20.0,1.0,25,1,200,0.002,100,10.0,1.0,0,36,0,0.6792452830188679,0.3786436745341084,-0.5028371446054474,-2.0208387662481906,0.024261176154657147,0.03455523084430454,0.08004414228451309,1.9971351576548066,0.8162518055658945,0.37442872907111685,0.271903078389797,1.0537407448553484,1.077069701580108,1.0856704744162862,285.7598836811111
1349,41349,40134,900009,6a22834,v2_nested_200x10,1,1,1,success,52,16.738043137999455,21.090077287231896,5.433387154953605,46,1,30.0,0.45,20.0,1.0,25,1,200,0.002,100,10.0,1.0,0,42,0,0.8076923076923077,0.3786436745341084,-0.5028371446054474,-2.0208387662481906,0.024261176154657147,0.03455523084430454,0.08004414228451309,1.9971351576548066,0.8162518055658945,0.37442872907111685,0.271903078389797,1.0537407448553484,1.077069701580108,1.0856704744162862,285.8826277120319
1350,41350,40135,900000,6a22834,v2_nested_200x10,1,1,1,success,61,13.641049896514808,15.26617355033718,5.937509463881348,52,1,30.0,0.45,20.0,1.0,25,1,200,0.002,100,10.0,1.0,0,53,0,0.8688524590163934,0.3527449173039727,-0.5165096903089375,1.4116803587319389,0.02446417947365247,0.037266193352275004,0.11981244414839866,0.9108941370182204,0.7179526109255959,0.3241411067715245,0.40955461236887075,1.1122249961426451,1.0799763351921592,1.0685540217702894,287.8594759075796
1351,41351,40135,900001,6a22834,v2_nested_200x10,1,1,1,success,60,7.584214748365274,10.626911079763353,1.9657351266988312,57,1,30.0,0.45,20.0,1.0,25,1,200,0.002,100,10.0,1.0,0,54,0,0.9,0.3527449173039727,-0.5165096903089375,1.4116803587319389,0.02446417947365247,0.037266193352275004,0.11981244414839866,0.9108941370182204,0.7179526109255959,0.3241411067715245,0.40955461236887075,1.1122249961426451,1.0799763351921592,1.0685540217702894,288.5948605343706
1352,41352,40135,900002,6a22834,v2_nested_200x10,1,1,1,success,53,4.360577913246595,15.822714118448916,6.064593530981806,49,1,30.0,0.45,20.0,1.0,25,1,200,0.002,100,10.0,1.0,0,44,0,0.8301886792452831,0.3527449173039727,-0.5165096903089375,1.4116803587319389,0.02446417947365247,0.037266193352275004,0.11981244414839866,0.9108941370182204,0.7179526109255959,0.3241411067715245,0.40955461236887075,1.1122249961426451,1.0799763351921592,1.0685540217702894,287.28334498356674
1353,41353,40135,900003,6a22834,v2_nested_200x10,1,1,1,success,57,15.037538535567304,27.322055273432916,10.997912672496637,47,1,30.0,0.45,20.0,1.0,25,1,200,0.002,100,10.0,1.0,0,44,0,0.7719298245614035,0.3527449173039727,-0.5165096903089375,1.4116803587319389,0.02446417947365247,0.037266193352275004,0.11981244414839866,0.9108941370182204,0.7179526109255959,0.3241411067715245,0.40955461236887075,1.1122249961426451,1.0799763351921592,1.0685540217702894,286.75252525480096
1354,41354,40135,900004,6a22834,v2_nested_200x10,1,1,1,success,59,10.829884182768529,14.840221612695865,7.6701257369605935,50,1,30.0,0.45,20.0,1.0,25,1,200,0.002,100,10.0,1.0,0,44,0,0.7457627118644068,0.3527449173039727,-0.5165096903089375,1.4116803587319389,0.02446417947365247,0.037266193352275004,0.11981244414839866,0.9108941370182204,0.7179526109255959,0.3241411067715245,0.40955461236887075,1.1122249961426451,1.0799763351921592,1.0685540217702894,287.09418853323643
1355,41355,40135,900005,6a22834,v2_nested_200x10,1,1,1,success,71,6.30866426250737,21.710944756465015,5.882507660045421,64,1,30.0,0.45,20.0,1.0,25,1,200,0.002,100,10.0,1.0,0,64,0,0.9014084507042254,0.3527449173039727,-0.5165096903089375,1.4116803587319389,0.02446417947365247,0.037266193352275004,0.11981244414839866,0.9108941370182204,0.7179526109255959,0.3241411067715245,0.40955461236887075,1.1122249961426451,1.0799763351921592,1.0685540217702894,287.12422008060355
1356,41356,40135,900006,6a22834,v2_nested_200x10,1,1,1,success,55,7.0935768898084905,10.891236722660967,2.5314342729404715,49,1,30.0,0.45,20.0,1.0,25,1,200,0.002,100,10.0,1.0,0,46,0,0.8363636363636363,0.3527449173039727,-0.5165096903089375,1.4116803587319389,0.02446417947365247,0.037266193352275004,0.11981244414839866,0.9108941370182204,0.7179526109255959,0.3241411067715245,0.40955461236887075,1.1122249961426451,1.0799763351921592,1.0685540217702894,287.138085507723
1357,41357,40135,900007,6a22834,v2_nested_200x10,1,1,1,success,60,7.30379802853055,6.7858546354233855,7.66646468315184,55,1,30.0,0.45,20.0,1.0,25,1,200,0.002,100,10.0,1.0,0,48,0,0.8,0.3527449173039727,-0.5165096903089375,1.4116803587319389,0.02446417947365247,0.037266193352275004,0.11981244414839866,0.9108941370182204,0.7179526109255959,0.3241411067715245,0.40955461236887075,1.1122249961426451,1.0799763351921592,1.0685540217702894,287.2207288670794
1358,41358,40135,900008,6a22834,v2_nested_200x10,1,1,1,success,59,21.383311369398598,7.8186627814782215,0.9152208630205686,56,1,30.0,0.45,20.0,1.0,25,1,200,0.002,100,10.0,1.0,0,50,0,0.847457627118644,0.3527449173039727,-0.5165096903089375,1.4116803587319389,0.02446417947365247,0.037266193352275004,0.11981244414839866,0.9108941370182204,0.7179526109255959,0.3241411067715245,0.40955461236887075,1.1122249961426451,1.0799763351921592,1.0685540217702894,288.04537744015323
1359,41359,40135,900009,6a22834,v2_nested_200x10,1,1,1,success,56,4.561371186799703,11.922408600498773,6.54162043198954,50,1,30.0,0.45,20.0,1.0,25,1,200,0.002,100,10.0,1.0,0,53,0,0.9464285714285714,0.3527449173039727,-0.5165096903089375,1.4116803587319389,0.02446417947365247,0.037266193352275004,0.11981244414839866,0.9108941370182204,0.7179526109255959,0.3241411067715245,0.40955461236887075,1.1122249961426451,1.0799763351921592,1.0685540217702894,286.3228888987448
1360,41360,40136,900000,6a22834,v2_nested_200x10,1,1,1,success,65,7.794212294332175,19.735072107565912,7.9786771105907555,59,1,30.0,0.45,20.0,1.0,25,1,200,0.002,100,10.0,1.0,3,49,0,0.7538461538461538,0.36802926242241385,-0.6717478516007945,1.9689350514202584,0.024843748661717624,0.038717326477627434,0.04110371652460258,1.6496850159075769,1.2383115617419977,0.3109748903197966,0.5447644160955134,0.9827565817573534,1.1150640409829324,1.1767132356028278,290.8614360048128
1361,41361,40136,900001,6a22834,v2_nested_200x10,1,1,1,success,68,17.81012317560734,10.298323205212622,14.304336039160928,62,1,30.0,0.45,20.0,1.0,25,1,200,0.002,100,10.0,1.0,0,53,0,0.7794117647058824,0.36802926242241385,-0.6717478516007945,1.9689350514202584,0.024843748661717624,0.038717326477627434,0.04110371652460258,1.6496850159075769,1.2383115617419977,0.3109748903197966,0.5447644160955134,0.9827565817573534,1.1150640409829324,1.1767132356028278,293.1569044362035
1362,41362,40136,900002,6a22834,v2_nested_200x10,1,1,1,success,84,30.854585681165805,10.974869902734024,0.9608956932588185,81,1,30.0,0.45,20.0,1.0,25,1,200,0.002,100,10.0,1.0,0,62,0,0.7380952380952381,0.36802926242241385,-0.6717478516007945,1.9689350514202584,0.024843748661717624,0.038717326477627434,0.04110371652460258,1.6496850159075769,1.2383115617419977,0.3109748903197966,0.5447644160955134,0.9827565817573534,1.1150640409829324,1.1767132356028278,292.702695621678
1363,41363,40136,900003,6a22834,v2_nested_200x10,1,1,1,success,68,8.67092676120212,11.860803947314855,4.6409315259002675,64,1,30.0,0.45,20.0,1.0,25,1,200,0.002,100,10.0,1.0,0,55,0,0.8088235294117647,0.36802926242241385,-0.6717478516007945,1.9689350514202584,0.024843748661717624,0.038717326477627434,0.04110371652460258,1.6496850159075769,1.2383115617419977,0.3109748903197966,0.5447644160955134,0.9827565817573534,1.1150640409829324,1.1767132356028278,292.5023354620879
1364,41364,40136,900004,6a22834,v2_nested_200x10,1,1,1,success,69,8.43665974123467,3.585492874451651,1.239766579353116,66,1,30.0,0.45,20.0,1.0,25,1,200,0.002,100,10.0,1.0,0,55,0,0.7971014492753623,0.36802926242241385,-0.6717478516007945,1.9689350514202584,0.024843748661717624,0.038717326477627434,0.04110371652460258,1.6496850159075769,1.2383115617419977,0.3109748903197966,0.5447644160955134,0.9827565817573534,1.1150640409829324,1.1767132356028278,293.39986748351083
1365,41365,40136,900005,6a22834,v2_nested_200x10,1,1,1,success,67,3.8929078560644177,9.464142578116393,7.494229180561865,60,1,30.0,0.45,20.0,1.0,25,1,200,0.002,100,10.0,1.0,0,56,0,0.835820895522388,0.36802926242241385,-0.6717478516007945,1.9689350514202584,0.024843748661717624,0.038717326477627434,0.04110371652460258,1.6496850159075769,1.2383115617419977,0.3109748903197966,0.5447644160955134,0.9827565817573534,1.1150640409829324,1.1767132356028278,292.7707030976556
1366,41366,40136,900006,6a22834,v2_nested_200x10,1,1,1,success,67,9.483927150625092,8.165440292525991,3.8243143297238515,64,1,30.0,0.45,20.0,1.0,25,1,200,0.002,100,10.0,1.0,0,53,0,0.7910447761194029,0.36802926242241385,-0.6717478516007945,1.9689350514202584,0.024843748661717624,0.038717326477627434,0.04110371652460258,1.6496850159075769,1.2383115617419977,0.3109748903197966,0.5447644160955134,0.9827565817573534,1.1150640409829324,1.1767132356028278,292.66721338761454
1367,41367,40136,900007,6a22834,v2_nested_200x10,1,1,1,success,67,6.231717055956313,8.617239475214822,7.39818780361493,61,1,30.0,0.45,20.0,1.0,25,1,200,0.002,100,10.0,1.0,0,54,0,0.8059701492537313,0.36802926242241385,-0.6717478516007945,1.9689350514202584,0.024843748661717624,0.038717326477627434,0.04110371652460258,1.6496850159075769,1.2383115617419977,0.3109748903197966,0.5447644160955134,0.9827565817573534,1.1150640409829324,1.1767132356028278,292.3931165626614
1368,41368,40136,900008,6a22834,v2_nested_200x10,1,1,1,success,71,3.07775687366214,5.613530450245867,1.4868220376660797,68,1,30.0,0.45,20.0,1.0,25,1,200,0.002,100,10.0,1.0,0,59,0,0.8309859154929577,0.36802926242241385,-0.6717478516007945,1.9689350514202584,0.024843748661717624,0.038717326477627434,0.04110371652460258,1.6496850159075769,1.2383115617419977,0.3109748903197966,0.5447644160955134,0.9827565817573534,1.1150640409829324,1.1767132356028278,293.3926164055217
1369,41369,40136,900009,6a22834,v2_nested_200x10,1,1,1,success,70,9.745852142098844,8.745621510533539,17.202028261271177,61,1,30.0,0.45,20.0,1.0,25,1,200,0.002,100,10.0,1.0,0,57,0,0.8142857142857143,0.36802926242241385,-0.6717478516007945,1.9689350514202584,0.024843748661717624,0.038717326477627434,0.04110371652460258,1.6496850159075769,1.2383115617419977,0.3109748903197966,0.5447644160955134,0.9827565817573534,1.1150640409829324,1.1767132356028278,291.73923674076264
1370,41370,40137,900000,6a22834,v2_nested_200x10,1,1,1,success,58,11.082311090736031,29.945545758647988,11.750053412170583,52,1,30.0,0.45,20.0,1.0,25,1,200,0.002,100,10.0,1.0,0,51,0,0.8793103448275862,0.34937653769405225,-0.4547472507995176,0.6564164229840119,0.02051250863574657,0.032245282086298795,0.053579346627832355,1.105236991788371,0.6613777313011427,0.34892921577344166,0.5197608299228155,0.9425450724183365,1.0198655834426578,1.0382069095403337,287.7412410706857
1371,41371,40137,900001,6a22834,v2_nested_200x10,1,1,1,success,70,6.776440935600761,16.46567200480162,15.603904786485575,62,1,30.0,0.45,20.0,1.0,25,1,200,0.002,100,10.0,1.0,0,57,0,0.8142857142857143,0.34937653769405225,-0.4547472507995176,0.6564164229840119,0.02051250863574657,0.032245282086298795,0.053579346627832355,1.105236991788371,0.6613777313011427,0.34892921577344166,0.5197608299228155,0.9425450724183365,1.0198655834426578,1.0382069095403337,288.31680388060886
1372,41372,40137,900002,6a22834,v2_nested_200x10,1,1,1,success,57,21.481748036586325,25.07026989588273,5.627208904262689,50,1,30.0,0.45,20.0,1.0,25,1,200,0.002,100,10.0,1.0,0,41,0,0.7192982456140351,0.34937653769405225,-0.4547472507995176,0.6564164229840119,0.02051250863574657,0.032245282086298795,0.053579346627832355,1.105236991788371,0.6613777313011427,0.34892921577344166,0.5197608299228155,0.9425450724183365,1.0198655834426578,1.0382069095403337,288.2617722060547
1373,41373,40137,900003,6a22834,v2_nested_200x10,1,1,1,success,59,6.768201557501767,33.03407335875892,16.3998188604429,50,1,30.0,0.45,20.0,1.0,25,1,200,0.002,100,10.0,1.0,0,43,0,0.7288135593220338,0.34937653769405225,-0.4547472507995176,0.6564164229840119,0.02051250863574657,0.032245282086298795,0.053579346627832355,1.105236991788371,0.6613777313011427,0.34892921577344166,0.5197608299228155,0.9425450724183365,1.0198655834426578,1.0382069095403337,286.9352964458826
1374,41374,40137,900004,6a22834,v2_nested_200x10,1,1,1,success,60,20.787302615783133,31.903876391098297,14.165164428058045,51,1,30.0,0.45,20.0,1.0,25,1,200,0.002,100,10.0,1.0,0,41,0,0.6833333333333333,0.34937653769405225,-0.4547472507995176,0.6564164229840119,0.02051250863574657,0.032245282086298795,0.053579346627832355,1.105236991788371,0.6613777313011427,0.34892921577344166,0.5197608299228155,0.9425450724183365,1.0198655834426578,1.0382069095403337,287.3837928332187
1375,41375,40137,900005,6a22834,v2_nested_200x10,1,1,1,success,57,8.23338134552698,26.2100975054059,17.104547304557162,50,1,30.0,0.45,20.0,1.0,25,1,200,0.002,100,10.0,1.0,0,42,0,0.7368421052631579,0.34937653769405225,-0.4547472507995176,0.6564164229840119,0.02051250863574657,0.032245282086298795,0.053579346627832355,1.105236991788371,0.6613777313011427,0.34892921577344166,0.5197608299228155,0.9425450724183365,1.0198655834426578,1.0382069095403337,287.88759596971784
1376,41376,40137,900006,6a22834,v2_nested_200x10,1,1,1,success,60,9.448657661564244,17.19150934432558,9.978546302612633,53,1,30.0,0.45,20.0,1.0,25,1,200,0.002,100,10.0,1.0,0,48,0,0.8,0.34937653769405225,-0.4547472507995176,0.6564164229840119,0.02051250863574657,0.032245282086298795,0.053579346627832355,1.105236991788371,0.6613777313011427,0.34892921577344166,0.5197608299228155,0.9425450724183365,1.0198655834426578,1.0382069095403337,288.38554693319736
1377,41377,40137,900007,6a22834,v2_nested_200x10,1,1,1,success,61,20.073754308501226,21.36394360024127,6.70510339281526,52,1,30.0,0.45,20.0,1.0,25,1,200,0.002,100,10.0,1.0,0,45,0,0.7377049180327869,0.34937653769405225,-0.4547472507995176,0.6564164229840119,0.02051250863574657,0.032245282086298795,0.053579346627832355,1.105236991788371,0.6613777313011427,0.34892921577344166,0.5197608299228155,0.9425450724183365,1.0198655834426578,1.0382069095403337,288.4685882323429
1378,41378,40137,900008,6a22834,v2_nested_200x10,1,1,1,success,61,14.91299765410685,26.925273646202424,16.134301825323107,51,1,30.0,0.45,20.0,1.0,25,1,200,0.002,100,10.0,1.0,0,53,0,0.8688524590163934,0.34937653769405225,-0.4547472507995176,0.6564164229840119,0.02051250863574657,0.032245282086298795,0.053579346627832355,1.105236991788371,0.6613777313011427,0.34892921577344166,0.5197608299228155,0.9425450724183365,1.0198655834426578,1.0382069095403337,287.79817598748946
1379,41379,40137,900009,6a22834,v2_nested_200x10,1,1,1,success,57,16.45382400753657,27.641159161226696,10.78815893525248,50,1,30.0,0.45,20.0,1.0,25,1,200,0.002,100,10.0,1.0,0,42,0,0.7368421052631579,0.34937653769405225,-0.4547472507995176,0.6564164229840119,0.02051250863574657,0.032245282086298795,0.053579346627832355,1.105236991788371,0.6613777313011427,0.34892921577344166,0.5197608299228155,0.9425450724183365,1.0198655834426578,1.0382069095403337,287.6501763319426
1380,41380,40138,900000,6a22834,v2_nested_200x10,1,1,1,success,51,19.950845225631785,17.51083395375104,6.898920034181113,42,1,30.0,0.45,20.0,1.0,25,1,200,0.002,100,10.0,1.0,0,44,0,0.8627450980392157,0.3589861740235433,-0.2238413319585728,0.6607989016332567,0.025030361967383903,0.039956182577222124,0.065754951154609,1.7655659210103662,1.1563812310764612,0.3467339693883492,0.32838188359323917,0.9977043740974282,0.9708552262220069,1.2652771374604668,278.0605285779293
1381,41381,40138,900001,6a22834,v2_nested_200x10,1,1,1,success,49,12.372121375448527,10.48534422443328,6.646635032490568,42,1,30.0,0.45,20.0,1.0,25,1,200,0.002,100,10.0,1.0,0,35,0,0.7142857142857143,0.3589861740235433,-0.2238413319585728,0.6607989016332567,0.025030361967383903,0.039956182577222124,0.065754951154609,1.7655659210103662,1.1563812310764612,0.3467339693883492,0.32838188359323917,0.9977043740974282,0.9708552262220069,1.2652771374604668,279.04483053696583
1382,41382,40138,900002,6a22834,v2_nested_200x10,1,1,1,success,46,17.62975898707252,14.269172468035194,14.730209634829556,39,1,30.0,0.45,20.0,1.0,25,1,200,0.002,100,10.0,1.0,0,40,0,0.8695652173913043,0.3589861740235433,-0.2238413319585728,0.6607989016332567,0.025030361967383903,0.039956182577222124,0.065754951154609,1.7655659210103662,1.1563812310764612,0.3467339693883492,0.32838188359323917,0.9977043740974282,0.9708552262220069,1.2652771374604668,278.4808610695476
1383,41383,40138,900003,6a22834,v2_nested_200x10,1,1,1,success,47,15.423703752859733,15.498386054645666,15.689887360354717,39,1,30.0,0.45,20.0,1.0,25,1,200,0.002,100,10.0,1.0,0,36,0,0.7659574468085106,0.3589861740235433,-0.2238413319585728,0.6607989016332567,0.025030361967383903,0.039956182577222124,0.065754951154609,1.7655659210103662,1.1563812310764612,0.3467339693883492,0.32838188359323917,0.9977043740974282,0.9708552262220069,1.2652771374604668,280.78496681832416
1384,41384,40138,900004,6a22834,v2_nested_200x10,1,1,1,success,47,9.863670361836359,9.21929295601035,11.581622197575271,40,1,30.0,0.45,20.0,1.0,25,1,200,0.002,100,10.0,1.0,0,36,0,0.7659574468085106,0.3589861740235433,-0.2238413319585728,0.6607989016332567,0.025030361967383903,0.039956182577222124,0.065754951154609,1.7655659210103662,1.1563812310764612,0.3467339693883492,0.32838188359323917,0.9977043740974282,0.9708552262220069,1.2652771374604668,280.0032217540205
1385,41385,40138,900005,6a22834,v2_nested_200x10,1,1,1,success,48,7.580299628167932,3.9307366994950788,10.263304324505599,40,1,30.0,0.45,20.0,1.0,25,1,200,0.002,100,10.0,1.0,0,44,0,0.9166666666666666,0.3589861740235433,-0.2238413319585728,0.6607989016332567,0.025030361967383903,0.039956182577222124,0.065754951154609,1.7655659210103662,1.1563812310764612,0.3467339693883492,0.32838188359323917,0.9977043740974282,0.9708552262220069,1.2652771374604668,278.2260466384659
1386,41386,40138,900006,6a22834,v2_nested_200x10,1,1,1,success,51,15.251571732768717,18.31131713816811,13.313545015136677,39,1,30.0,0.45,20.0,1.0,25,1,200,0.002,100,10.0,1.0,0,41,0,0.803921568627451,0.3589861740235433,-0.2238413319585728,0.6607989016332567,0.025030361967383903,0.039956182577222124,0.065754951154609,1.7655659210103662,1.1563812310764612,0.3467339693883492,0.32838188359323917,0.9977043740974282,0.9708552262220069,1.2652771374604668,280.57196917000107
1387,41387,40138,900007,6a22834,v2_nested_200x10,1,1,1,success,53,9.103538845242738,13.014439880628816,16.560184301497056,40,1,30.0,0.45,20.0,1.0,25,1,200,0.002,100,10.0,1.0,0,47,0,0.8867924528301887,0.3589861740235433,-0.2238413319585728,0.6607989016332567,0.025030361967383903,0.039956182577222124,0.065754951154609,1.7655659210103662,1.1563812310764612,0.3467339693883492,0.32838188359323917,0.9977043740974282,0.9708552262220069,1.2652771374604668,278.4132699700414
1388,41388,40138,900008,6a22834,v2_nested_200x10,1,1,1,success,47,10.075308161096572,7.843650343709591,20.13956978577496,40,1,30.0,0.45,20.0,1.0,25,1,200,0.002,100,10.0,1.0,0,34,0,0.723404255319149,0.3589861740235433,-0.2238413319585728,0.6607989016332567,0.025030361967383903,0.039956182577222124,0.065754951154609,1.7655659210103662,1.1563812310764612,0.3467339693883492,0.32838188359323917,0.9977043740974282,0.9708552262220069,1.2652771374604668,281.5246741376386
1389,41389,40138,900009,6a22834,v2_nested_200x10,1,1,1,success,48,21.780412784063557,16.18978162853121,5.718306251122277,41,1,30.0,0.45,20.0,1.0,25,1,200,0.002,100,10.0,1.0,0,35,0,0.7291666666666666,0.3589861740235433,-0.2238413319585728,0.6607989016332567,0.025030361967383903,0.039956182577222124,0.065754951154609,1.7655659210103662,1.1563812310764612,0.3467339693883492,0.32838188359323917,0.9977043740974282,0.9708552262220069,1.2652771374604668,279.2668008344574
1390,41390,40139,900000,6a22834,v2_nested_200x10,1,1,1,success,71,15.39108085589703,25.7516715585931,9.788185323053023,66,1,30.0,0.45,20.0,1.0,25,1,200,0.002,100,10.0,1.0,0,53,0,0.7464788732394366,0.3607422064625163,-0.6474854734750768,2.0099960783495066,0.027086200124229125,0.03227062570673105,0.06472684292141714,1.4789114497668936,0.8582288058627403,0.3742097094150442,0.7052832823871366,1.0279477789819975,0.9492964753631427,0.9255569119709381,292.45740677483997
1391,41391,40139,900001,6a22834,v2_nested_200x10,1,1,1,success,72,23.376974116492978,22.59580022392975,5.267176908509022,67,1,30.0,0.45,20.0,1.0,25,1,200,0.002,100,10.0,1.0,0,54,0,0.75,0.3607422064625163,-0.6474854734750768,2.0099960783495066,0.027086200124229125,0.03227062570673105,0.06472684292141714,1.4789114497668936,0.8582288058627403,0.3742097094150442,0.7052832823871366,1.0279477789819975,0.9492964753631427,0.9255569119709381,292.8916145789043
1392,41392,40139,900002,6a22834,v2_nested_200x10,0,1,1,timeout,200,24.44682322792434,34.23235616096261,13.504633456343486,64,0,30.0,0.45,20.0,1.0,25,1,200,0.002,100,10.0,1.0,0,187,0,0.935,0.3607422064625163,-0.6474854734750768,2.0099960783495066,0.027086200124229125,0.03227062570673105,0.06472684292141714,1.4789114497668936,0.8582288058627403,0.3742097094150442,0.7052832823871366,1.0279477789819975,0.9492964753631427,0.9255569119709381,84.80251225275217
1393,41393,40139,900003,6a22834,v2_nested_200x10,1,1,1,success,76,30.103313432084008,22.47528683483281,12.127517484258718,66,1,30.0,0.45,20.0,1.0,25,1,200,0.002,100,10.0,1.0,0,56,0,0.7368421052631579,0.3607422064625163,-0.6474854734750768,2.0099960783495066,0.027086200124229125,0.03227062570673105,0.06472684292141714,1.4789114497668936,0.8582288058627403,0.3742097094150442,0.7052832823871366,1.0279477789819975,0.9492964753631427,0.9255569119709381,294.09171085336993
1394,41394,40139,900004,6a22834,v2_nested_200x10,1,1,1,success,71,21.783847896374933,24.050524896139898,4.430046847744656,67,1,30.0,0.45,20.0,1.0,25,1,200,0.002,100,10.0,1.0,0,51,0,0.7183098591549296,0.3607422064625163,-0.6474854734750768,2.0099960783495066,0.027086200124229125,0.03227062570673105,0.06472684292141714,1.4789114497668936,0.8582288058627403,0.3742097094150442,0.7052832823871366,1.0279477789819975,0.9492964753631427,0.9255569119709381,292.6293435372703
1395,41395,40139,900005,6a22834,v2_nested_200x10,1,1,1,success,71,24.431343301154854,27.721773673885988,7.658566278584029,67,1,30.0,0.45,20.0,1.0,25,1,200,0.002,100,10.0,1.0,0,43,0,0.6056338028169014,0.3607422064625163,-0.6474854734750768,2.0099960783495066,0.027086200124229125,0.03227062570673105,0.06472684292141714,1.4789114497668936,0.8582288058627403,0.3742097094150442,0.7052832823871366,1.0279477789819975,0.9492964753631427,0.9255569119709381,293.5814624636457
1396,41396,40139,900006,6a22834,v2_nested_200x10,1,1,1,success,73,4.956444702232905,26.955789061856102,13.88909575686906,65,1,30.0,0.45,20.0,1.0,25,1,200,0.002,100,10.0,1.0,0,50,0,0.684931506849315,0.3607422064625163,-0.6474854734750768,2.0099960783495066,0.027086200124229125,0.03227062570673105,0.06472684292141714,1.4789114497668936,0.8582288058627403,0.3742097094150442,0.7052832823871366,1.0279477789819975,0.9492964753631427,0.9255569119709381,298.26400655715474
1397,41397,40139,900007,6a22834,v2_nested_200x10,1,1,1,success,72,23.301104295377453,30.79452285339619,17.28524202910049,65,1,30.0,0.45,20.0,1.0,25,1,200,0.002,100,10.0,1.0,0,52,0,0.7222222222222222,0.3607422064625163,-0.6474854734750768,2.0099960783495066,0.027086200124229125,0.03227062570673105,0.06472684292141714,1.4789114497668936,0.8582288058627403,0.3742097094150442,0.7052832823871366,1.0279477789819975,0.9492964753631427,0.9255569119709381,291.8372495146745
1398,41398,40139,900008,6a22834,v2_nested_200x10,1,1,1,success,72,12.963359269122284,15.977849426699661,8.503808714926583,68,1,30.0,0.45,20.0,1.0,25,1,200,0.002,100,10.0,1.0,0,54,0,0.75,0.3607422064625163,-0.6474854734750768,2.0099960783495066,0.027086200124229125,0.03227062570673105,0.06472684292141714,1.4789114497668936,0.8582288058627403,0.3742097094150442,0.7052832823871366,1.0279477789819975,0.9492964753631427,0.9255569119709381,294.5213786252657
1399,41399,40139,900009,6a22834,v2_nested_200x10,1,1,1,success,73,17.461900715717583,23.331217396742115,5.5894366517453555,68,1,30.0,0.45,20.0,1.0,25,1,200,0.002,100,10.0,1.0,0,54,0,0.7397260273972602,0.3607422064625163,-0.6474854734750768,2.0099960783495066,0.027086200124229125,0.03227062570673105,0.06472684292141714,1.4789114497668936,0.8582288058627403,0.3742097094150442,0.7052832823871366,1.0279477789819975,0.9492964753631427,0.9255569119709381,292.4035521809132
1400,41400,40140,900000,6a22834,v2_nested_200x10,1,1,1,success,62,18.665878533715176,27.24015270463688,2.8612727442396477,56,1,30.0,0.45,20.0,1.0,25,1,200,0.002,100,10.0,1.0,0,50,0,0.8064516129032258,0.36838618104403137,-0.605395437696366,-2.368784535790577,0.02112569412766802,0.033253661460278756,0.10473540160728757,1.1772781820497829,1.3927153072689653,0.3374084516464766,0.454652223233815,0.9912522018840294,1.0093018183400135,1.0439593127209101,291.6274558693513
1401,41401,40140,900001,6a22834,v2_nested_200x10,1,1,1,success,68,13.145185823322523,16.569709664434477,5.804901533907995,59,1,30.0,0.45,20.0,1.0,25,1,200,0.002,100,10.0,1.0,0,51,0,0.75,0.36838618104403137,-0.605395437696366,-2.368784535790577,0.02112569412766802,0.033253661460278756,0.10473540160728757,1.1772781820497829,1.3927153072689653,0.3374084516464766,0.454652223233815,0.9912522018840294,1.0093018183400135,1.0439593127209101,290.67919146826785
1402,41402,40140,900002,6a22834,v2_nested_200x10,1,1,1,success,93,13.505733434219112,14.759144214552297,3.3521292309678024,86,1,30.0,0.45,20.0,1.0,25,1,200,0.002,100,10.0,1.0,0,70,0,0.7526881720430108,0.36838618104403137,-0.605395437696366,-2.368784535790577,0.02112569412766802,0.033253661460278756,0.10473540160728757,1.1772781820497829,1.3927153072689653,0.3374084516464766,0.454652223233815,0.9912522018840294,1.0093018183400135,1.0439593127209101,286.5138192141335
1403,41403,40140,900003,6a22834,v2_nested_200x10,1,1,1,success,62,13.641483240746384,37.96733709672926,36.33407853078533,55,1,30.0,0.45,20.0,1.0,25,1,200,0.002,100,10.0,1.0,0,46,0,0.7419354838709677,0.36838618104403137,-0.605395437696366,-2.368784535790577,0.02112569412766802,0.033253661460278756,0.10473540160728757,1.1772781820497829,1.3927153072689653,0.3374084516464766,0.454652223233815,0.9912522018840294,1.0093018183400135,1.0439593127209101,289.30481759340626
1404,41404,40140,900004,6a22834,v2_nested_200x10,1,1,1,success,61,19.539905264228505,22.84169294306345,14.66748025700577,56,1,30.0,0.45,20.0,1.0,25,1,200,0.002,100,10.0,1.0,0,45,0,0.7377049180327869,0.36838618104403137,-0.605395437696366,-2.368784535790577,0.02112569412766802,0.033253661460278756,0.10473540160728757,1.1772781820497829,1.3927153072689653,0.3374084516464766,0.454652223233815,0.9912522018840294,1.0093018183400135,1.0439593127209101,291.8642380483742
1405,41405,40140,900005,6a22834,v2_nested_200x10,1,1,1,success,68,11.436516899114915,14.814509483567619,10.729383502416521,62,1,30.0,0.45,20.0,1.0,25,1,200,0.002,100,10.0,1.0,0,48,0,0.7058823529411765,0.36838618104403137,-0.605395437696366,-2.368784535790577,0.02112569412766802,0.033253661460278756,0.10473540160728757,1.1772781820497829,1.3927153072689653,0.3374084516464766,0.454652223233815,0.9912522018840294,1.0093018183400135,1.0439593127209101,289.8085447697241
1406,41406,40140,900006,6a22834,v2_nested_200x10,1,1,1,success,64,5.942330493671597,29.483406790704283,7.236935039810228,57,1,30.0,0.45,20.0,1.0,25,1,200,0.002,100,10.0,1.0,0,46,0,0.71875,0.36838618104403137,-0.605395437696366,-2.368784535790577,0.02112569412766802,0.033253661460278756,0.10473540160728757,1.1772781820497829,1.3927153072689653,0.3374084516464766,0.454652223233815,0.9912522018840294,1.0093018183400135,1.0439593127209101,293.19277662975105
1407,41407,40140,900007,6a22834,v2_nested_200x10,1,1,1,success,63,13.63119833347817,20.796723441572862,14.2351882959236,56,1,30.0,0.45,20.0,1.0,25,1,200,0.002,100,10.0,1.0,0,50,0,0.7936507936507936,0.36838618104403137,-0.605395437696366,-2.368784535790577,0.02112569412766802,0.033253661460278756,0.10473540160728757,1.1772781820497829,1.3927153072689653,0.3374084516464766,0.454652223233815,0.9912522018840294,1.0093018183400135,1.0439593127209101,291.1336040989231
1408,41408,40140,900008,6a22834,v2_nested_200x10,1,1,1,success,70,6.722261777004206,23.900916756939658,7.799705375646817,56,1,30.0,0.45,20.0,1.0,25,1,200,0.002,100,10.0,1.0,0,49,0,0.7,0.36838618104403137,-0.605395437696366,-2.368784535790577,0.02112569412766802,0.033253661460278756,0.10473540160728757,1.1772781820497829,1.3927153072689653,0.3374084516464766,0.454652223233815,0.9912522018840294,1.0093018183400135,1.0439593127209101,290.21123549905
1409,41409,40140,900009,6a22834,v2_nested_200x10,1,1,1,success,65,14.715663764018032,26.062366592872227,6.142504827910537,56,1,30.0,0.45,20.0,1.0,25,1,200,0.002,100,10.0,1.0,0,57,0,0.8769230769230769,0.36838618104403137,-0.605395437696366,-2.368784535790577,0.02112569412766802,0.033253661460278756,0.10473540160728757,1.1772781820497829,1.3927153072689653,0.3374084516464766,0.454652223233815,0.9912522018840294,1.0093018183400135,1.0439593127209101,290.0705134583693
1410,41410,40141,900000,6a22834,v2_nested_200x10,1,1,1,success,64,22.545567454029285,15.945270274895913,16.452147495970472,57,1,30.0,0.45,20.0,1.0,25,1,200,0.002,100,10.0,1.0,0,44,0,0.6875,0.3692327572796417,-0.7002126917928385,-2.9147720190050572,0.020957424141025405,0.03708731398210045,0.05053185576812239,1.7564449566726736,1.3209581688493048,0.3627500794350347,0.29975287698607556,1.0043205465052243,1.0366365236149713,1.0662924190308962,292.0137924068525
1411,41411,40141,900001,6a22834,v2_nested_200x10,1,1,1,success,67,17.77252729466461,16.578609559278473,17.71685167117339,60,1,30.0,0.45,20.0,1.0,25,1,200,0.002,100,10.0,1.0,0,44,0,0.6567164179104478,0.3692327572796417,-0.7002126917928385,-2.9147720190050572,0.020957424141025405,0.03708731398210045,0.05053185576812239,1.7564449566726736,1.3209581688493048,0.3627500794350347,0.29975287698607556,1.0043205465052243,1.0366365236149713,1.0662924190308962,291.73105426908074
1412,41412,40141,900002,6a22834,v2_nested_200x10,1,1,1,success,67,18.40787968791503,17.29924574684296,0.8693386475593955,64,1,30.0,0.45,20.0,1.0,25,1,200,0.002,100,10.0,1.0,3,52,0,0.7761194029850746,0.3692327572796417,-0.7002126917928385,-2.9147720190050572,0.020957424141025405,0.03708731398210045,0.05053185576812239,1.7564449566726736,1.3209581688493048,0.3627500794350347,0.29975287698607556,1.0043205465052243,1.0366365236149713,1.0662924190308962,292.3605442213675
1413,41413,40141,900003,6a22834,v2_nested_200x10,1,1,1,success,69,18.83305269933038,13.20576854507664,3.7347437272808044,59,1,30.0,0.45,20.0,1.0,25,1,200,0.002,100,10.0,1.0,0,54,0,0.782608695652174,0.3692327572796417,-0.7002126917928385,-2.9147720190050572,0.020957424141025405,0.03708731398210045,0.05053185576812239,1.7564449566726736,1.3209581688493048,0.3627500794350347,0.29975287698607556,1.0043205465052243,1.0366365236149713,1.0662924190308962,292.3975400494743
1414,41414,40141,900004,6a22834,v2_nested_200x10,1,1,1,success,66,13.160408734839613,4.690150838936955,15.769099638400611,60,1,30.0,0.45,20.0,1.0,25,1,200,0.002,100,10.0,1.0,0,51,0,0.7727272727272727,0.3692327572796417,-0.7002126917928385,-2.9147720190050572,0.020957424141025405,0.03708731398210045,0.05053185576812239,1.7564449566726736,1.3209581688493048,0.3627500794350347,0.29975287698607556,1.0043205465052243,1.0366365236149713,1.0662924190308962,291.98056076505156
1415,41415,40141,900005,6a22834,v2_nested_200x10,1,1,1,success,67,28.357895585768272,20.052175958646117,7.452509762995938,61,1,30.0,0.45,20.0,1.0,25,1,200,0.002,100,10.0,1.0,0,54,0,0.8059701492537313,0.3692327572796417,-0.7002126917928385,-2.9147720190050572,0.020957424141025405,0.03708731398210045,0.05053185576812239,1.7564449566726736,1.3209581688493048,0.3627500794350347,0.29975287698607556,1.0043205465052243,1.0366365236149713,1.0662924190308962,292.52945155982815
1416,41416,40141,900006,6a22834,v2_nested_200x10,1,1,1,success,65,13.345043265432928,15.548757847087366,9.704206364758075,59,1,30.0,0.45,20.0,1.0,25,1,200,0.002,100,10.0,1.0,0,52,0,0.8,0.3692327572796417,-0.7002126917928385,-2.9147720190050572,0.020957424141025405,0.03708731398210045,0.05053185576812239,1.7564449566726736,1.3209581688493048,0.3627500794350347,0.29975287698607556,1.0043205465052243,1.0366365236149713,1.0662924190308962,290.89766331517774
1417,41417,40141,900007,6a22834,v2_nested_200x10,1,1,1,success,66,13.781419440515144,11.530760157781803,12.150457704591917,59,1,30.0,0.45,20.0,1.0,25,1,200,0.002,100,10.0,1.0,0,48,0,0.7272727272727273,0.3692327572796417,-0.7002126917928385,-2.9147720190050572,0.020957424141025405,0.03708731398210045,0.05053185576812239,1.7564449566726736,1.3209581688493048,0.3627500794350347,0.29975287698607556,1.0043205465052243,1.0366365236149713,1.0662924190308962,291.1392855539358
1418,41418,40141,900008,6a22834,v2_nested_200x10,1,1,1,success,66,30.40321791569448,7.806930115497833,29.492051160159807,60,1,30.0,0.45,20.0,1.0,25,1,200,0.002,100,10.0,1.0,0,49,0,0.7424242424242424,0.3692327572796417,-0.7002126917928385,-2.9147720190050572,0.020957424141025405,0.03708731398210045,0.05053185576812239,1.7564449566726736,1.3209581688493048,0.3627500794350347,0.29975287698607556,1.0043205465052243,1.0366365236149713,1.0662924190308962,292.6452672946168
1419,41419,40141,900009,6a22834,v2_nested_200x10,1,1,1,success,73,5.0281925610939675,6.802594749699874,2.8364016978991695,69,1,30.0,0.45,20.0,1.0,25,1,200,0.002,100,10.0,1.0,0,59,0,0.8082191780821918,0.3692327572796417,-0.7002126917928385,-2.9147720190050572,0.020957424141025405,0.03708731398210045,0.05053185576812239,1.7564449566726736,1.3209581688493048,0.3627500794350347,0.29975287698607556,1.0043205465052243,1.0366365236149713,1.0662924190308962,292.9583056482883
1420,41420,40142,900000,6a22834,v2_nested_200x10,1,1,1,success,58,20.142933993639172,15.585672982523558,9.219062467592357,51,1,30.0,0.45,20.0,1.0,25,1,200,0.002,100,10.0,1.0,0,46,0,0.7931034482758621,0.3662303703754559,-0.40406600707591855,2.0716455313031377,0.026949662361727203,0.03171368443462338,0.037137364365721494,1.4313295548269167,0.9204827923896516,0.31178946332033375,0.34658887296575713,1.0233581136291412,1.0283135658209612,0.7335026610620389,282.7630436174786
1421,41421,40142,900001,6a22834,v2_nested_200x10,1,1,1,success,59,17.98571337080807,17.540539878057967,0.8084428127325133,56,1,30.0,0.45,20.0,1.0,25,1,200,0.002,100,10.0,1.0,0,50,0,0.847457627118644,0.3662303703754559,-0.40406600707591855,2.0716455313031377,0.026949662361727203,0.03171368443462338,0.037137364365721494,1.4313295548269167,0.9204827923896516,0.31178946332033375,0.34658887296575713,1.0233581136291412,1.0283135658209612,0.7335026610620389,281.7260198103394
1422,41422,40142,900002,6a22834,v2_nested_200x10,1,1,1,success,50,12.178174853787697,14.668675316907585,2.9287342273947985,44,1,30.0,0.45,20.0,1.0,25,1,200,0.002,100,10.0,1.0,0,39,0,0.78,0.3662303703754559,-0.40406600707591855,2.0716455313031377,0.026949662361727203,0.03171368443462338,0.037137364365721494,1.4313295548269167,0.9204827923896516,0.31178946332033375,0.34658887296575713,1.0233581136291412,1.0283135658209612,0.7335026610620389,283.2254302054633
1423,41423,40142,900003,6a22834,v2_nested_200x10,1,1,1,success,51,9.227346189560718,11.924781248893945,2.20667478525673,43,1,30.0,0.45,20.0,1.0,25,1,200,0.002,100,10.0,1.0,0,39,0,0.7647058823529411,0.3662303703754559,-0.40406600707591855,2.0716455313031377,0.026949662361727203,0.03171368443462338,0.037137364365721494,1.4313295548269167,0.9204827923896516,0.31178946332033375,0.34658887296575713,1.0233581136291412,1.0283135658209612,0.7335026610620389,282.7036423228997
1424,41424,40142,900004,6a22834,v2_nested_200x10,1,1,1,success,129,26.116013963815146,16.61595841653982,10.25051472861848,45,1,30.0,0.45,20.0,1.0,25,1,200,0.002,100,10.0,1.0,0,117,0,0.9069767441860465,0.3662303703754559,-0.40406600707591855,2.0716455313031377,0.026949662361727203,0.03171368443462338,0.037137364365721494,1.4313295548269167,0.9204827923896516,0.31178946332033375,0.34658887296575713,1.0233581136291412,1.0283135658209612,0.7335026610620389,277.2051192240748
1425,41425,40142,900005,6a22834,v2_nested_200x10,1,1,1,success,49,19.485534546525315,20.677212815628295,5.865487416264603,41,1,30.0,0.45,20.0,1.0,25,1,200,0.002,100,10.0,1.0,0,37,0,0.7551020408163265,0.3662303703754559,-0.40406600707591855,2.0716455313031377,0.026949662361727203,0.03171368443462338,0.037137364365721494,1.4313295548269167,0.9204827923896516,0.31178946332033375,0.34658887296575713,1.0233581136291412,1.0283135658209612,0.7335026610620389,283.79346741366965
1426,41426,40142,900006,6a22834,v2_nested_200x10,1,1,1,success,51,20.057647273298834,13.49046475921743,5.769912676308326,43,1,30.0,0.45,20.0,1.0,25,1,200,0.002,100,10.0,1.0,0,37,0,0.7254901960784313,0.3662303703754559,-0.40406600707591855,2.0716455313031377,0.026949662361727203,0.03171368443462338,0.037137364365721494,1.4313295548269167,0.9204827923896516,0.31178946332033375,0.34658887296575713,1.0233581136291412,1.0283135658209612,0.7335026610620389,282.2558566011726
1427,41427,40142,900007,6a22834,v2_nested_200x10,1,1,1,success,52,13.643343574272729,20.432652532339397,4.381599694885193,47,1,30.0,0.45,20.0,1.0,25,1,200,0.002,100,10.0,1.0,0,41,0,0.7884615384615384,0.3662303703754559,-0.40406600707591855,2.0716455313031377,0.026949662361727203,0.03171368443462338,0.037137364365721494,1.4313295548269167,0.9204827923896516,0.31178946332033375,0.34658887296575713,1.0233581136291412,1.0283135658209612,0.7335026610620389,284.64164268890954
1428,41428,40142,900008,6a22834,v2_nested_200x10,1,1,1,success,48,9.557466331156526,9.02795264748026,3.8252083009400297,43,1,30.0,0.45,20.0,1.0,25,1,200,0.002,100,10.0,1.0,0,40,0,0.8333333333333334,0.3662303703754559,-0.40406600707591855,2.0716455313031377,0.026949662361727203,0.03171368443462338,0.037137364365721494,1.4313295548269167,0.9204827923896516,0.31178946332033375,0.34658887296575713,1.0233581136291412,1.0283135658209612,0.7335026610620389,282.6371450526922
1429,41429,40142,900009,6a22834,v2_nested_200x10,1,1,1,success,69,11.617436880570114,20.23434711114059,12.14481652570402,62,1,30.0,0.45,20.0,1.0,25,1,200,0.002,100,10.0,1.0,4,63,0,0.9130434782608695,0.3662303703754559,-0.40406600707591855,2.0716455313031377,0.026949662361727203,0.03171368443462338,0.037137364365721494,1.4313295548269167,0.9204827923896516,0.31178946332033375,0.34658887296575713,1.0233581136291412,1.0283135658209612,0.7335026610620389,272.7975142760715
1430,41430,40143,900000,6a22834,v2_nested_200x10,1,1,1,success,56,6.433728759734895,20.82125200799366,4.459948041365995,50,1,30.0,0.45,20.0,1.0,25,1,200,0.002,100,10.0,1.0,0,49,0,0.875,0.3895635451144216,-0.2726988734719843,0.5024372765252858,0.026441186503688652,0.029802338713014128,0.08789466034384444,1.6306775282015467,1.1268362210241438,0.3805476722780839,0.4805267404185768,1.0881592846537251,1.0710793697641576,1.1995841830392173,284.11752008458546
1431,41431,40143,900001,6a22834,v2_nested_200x10,1,1,1,success,55,6.937411099019026,16.304331714661654,8.489848276207855,48,1,30.0,0.45,20.0,1.0,25,1,200,0.002,100,10.0,1.0,0,38,0,0.6909090909090909,0.3895635451144216,-0.2726988734719843,0.5024372765252858,0.026441186503688652,0.029802338713014128,0.08789466034384444,1.6306775282015467,1.1268362210241438,0.3805476722780839,0.4805267404185768,1.0881592846537251,1.0710793697641576,1.1995841830392173,281.9629769706548
1432,41432,40143,900002,6a22834,v2_nested_200x10,0,1,0,object_lost,154,530.1678995767555,122.43134896039922,409.1156665479762,40,0,30.0,0.45,20.0,1.0,25,1,200,0.002,100,10.0,1.0,0,126,0,0.8181818181818182,0.3895635451144216,-0.2726988734719843,0.5024372765252858,0.026441186503688652,0.029802338713014128,0.08789466034384444,1.6306775282015467,1.1268362210241438,0.3805476722780839,0.4805267404185768,1.0881592846537251,1.0710793697641576,1.1995841830392173,-166.20744704598306
1433,41433,40143,900003,6a22834,v2_nested_200x10,1,1,1,success,58,17.085512763641564,33.936362755156004,17.42973759754598,46,1,30.0,0.45,20.0,1.0,25,1,200,0.002,100,10.0,1.0,0,46,0,0.7931034482758621,0.3895635451144216,-0.2726988734719843,0.5024372765252858,0.026441186503688652,0.029802338713014128,0.08789466034384444,1.6306775282015467,1.1268362210241438,0.3805476722780839,0.4805267404185768,1.0881592846537251,1.0710793697641576,1.1995841830392173,283.17860216867876
1434,41434,40143,900004,6a22834,v2_nested_200x10,1,1,1,success,53,13.1300558023025,20.28647011345646,4.919019511752299,47,1,30.0,0.45,20.0,1.0,25,1,200,0.002,100,10.0,1.0,0,45,0,0.8490566037735849,0.3895635451144216,-0.2726988734719843,0.5024372765252858,0.026441186503688652,0.029802338713014128,0.08789466034384444,1.6306775282015467,1.1268362210241438,0.3805476722780839,0.4805267404185768,1.0881592846537251,1.0710793697641576,1.1995841830392173,282.38055912732693
1435,41435,40143,900005,6a22834,v2_nested_200x10,1,1,1,success,53,13.150147290891935,18.47115208156519,11.185215741683441,48,1,30.0,0.45,20.0,1.0,25,1,200,0.002,100,10.0,1.0,0,41,0,0.7735849056603774,0.3895635451144216,-0.2726988734719843,0.5024372765252858,0.026441186503688652,0.029802338713014128,0.08789466034384444,1.6306775282015467,1.1268362210241438,0.3805476722780839,0.4805267404185768,1.0881592846537251,1.0710793697641576,1.1995841830392173,284.6331437735394
1436,41436,40143,900006,6a22834,v2_nested_200x10,1,1,1,success,52,21.078327647427905,21.57804270724489,14.830087986803981,47,1,30.0,0.45,20.0,1.0,25,1,200,0.002,100,10.0,1.0,0,38,0,0.7307692307692307,0.3895635451144216,-0.2726988734719843,0.5024372765252858,0.026441186503688652,0.029802338713014128,0.08789466034384444,1.6306775282015467,1.1268362210241438,0.3805476722780839,0.4805267404185768,1.0881592846537251,1.0710793697641576,1.1995841830392173,286.843139853028
1437,41437,40143,900007,6a22834,v2_nested_200x10,1,1,1,success,53,5.212981796216349,16.266732186098928,2.67778833168442,47,1,30.0,0.45,20.0,1.0,25,1,200,0.002,100,10.0,1.0,0,37,0,0.6981132075471698,0.3895635451144216,-0.2726988734719843,0.5024372765252858,0.026441186503688652,0.029802338713014128,0.08789466034384444,1.6306775282015467,1.1268362210241438,0.3805476722780839,0.4805267404185768,1.0881592846537251,1.0710793697641576,1.1995841830392173,282.4946976745996
1438,41438,40143,900008,6a22834,v2_nested_200x10,1,1,1,success,53,19.975285439950387,29.111748850860863,6.520082745465672,47,1,30.0,0.45,20.0,1.0,25,1,200,0.002,100,10.0,1.0,0,49,0,0.9245283018867925,0.3895635451144216,-0.2726988734719843,0.5024372765252858,0.026441186503688652,0.029802338713014128,0.08789466034384444,1.6306775282015467,1.1268362210241438,0.3805476722780839,0.4805267404185768,1.0881592846537251,1.0710793697641576,1.1995841830392173,284.90764015878983
1439,41439,40143,900009,6a22834,v2_nested_200x10,1,1,1,success,51,11.10814819101688,27.18883038556114,12.209035880970884,45,1,30.0,0.45,20.0,1.0,25,1,200,0.002,100,10.0,1.0,0,40,0,0.7843137254901961,0.3895635451144216,-0.2726988734719843,0.5024372765252858,0.026441186503688652,0.029802338713014128,0.08789466034384444,1.6306775282015467,1.1268362210241438,0.3805476722780839,0.4805267404185768,1.0881592846537251,1.0710793697641576,1.1995841830392173,284.6582616487165
1440,41440,40144,900000,6a22834,v2_nested_200x10,0,1,0,timeout,200,184.01356112893816,220.33038772032967,68.74580611832322,38,0,30.0,0.45,20.0,1.0,25,1,200,0.002,100,10.0,1.0,0,192,0,0.96,0.3737009263529782,-0.1956838966857405,-0.07377947653398031,0.021334449216446838,0.03158355751785393,0.0497965685744646,1.8338691301148367,0.9886237360168137,0.3239955092184712,0.6286230717373588,1.0638122209197154,1.0153482407870906,0.9846450591159825,13.016965913193662
1441,41441,40144,900001,6a22834,v2_nested_200x10,1,1,1,success,60,3.2320451387662175,27.45925970945908,26.033762659326637,53,1,30.0,0.45,20.0,1.0,25,1,200,0.002,100,10.0,1.0,0,52,0,0.8666666666666667,0.3737009263529782,-0.1956838966857405,-0.07377947653398031,0.021334449216446838,0.03158355751785393,0.0497965685744646,1.8338691301148367,0.9886237360168137,0.3239955092184712,0.6286230717373588,1.0638122209197154,1.0153482407870906,0.9846450591159825,282.19656817439034
1442,41442,40144,900002,6a22834,v2_nested_200x10,0,0,0,timeout,200,288.5557639627931,nan,nan,-1,1,30.0,0.45,20.0,1.0,25,1,200,0.002,100,10.0,1.0,0,192,0,0.96,0.3737009263529782,-0.1956838966857405,-0.07377947653398031,0.021334449216446838,0.03158355751785393,0.0497965685744646,1.8338691301148367,0.9886237360168137,0.3239955092184712,0.6286230717373588,1.0638122209197154,1.0153482407870906,0.9846450591159825,-15.437893324758917
1443,41443,40144,900003,6a22834,v2_nested_200x10,1,1,1,success,52,12.5493014558495,14.786111040993099,0.8221225621204438,49,1,30.0,0.45,20.0,1.0,25,1,200,0.002,100,10.0,1.0,0,41,0,0.7884615384615384,0.3737009263529782,-0.1956838966857405,-0.07377947653398031,0.021334449216446838,0.03158355751785393,0.0497965685744646,1.8338691301148367,0.9886237360168137,0.3239955092184712,0.6286230717373588,1.0638122209197154,1.0153482407870906,0.9846450591159825,283.3976025896957
1444,41444,40144,900004,6a22834,v2_nested_200x10,1,1,1,success,48,21.24105311140042,23.777618453561814,3.583562949984861,43,1,30.0,0.45,20.0,1.0,25,1,200,0.002,100,10.0,1.0,0,38,0,0.7916666666666666,0.3737009263529782,-0.1956838966857405,-0.07377947653398031,0.021334449216446838,0.03158355751785393,0.0497965685744646,1.8338691301148367,0.9886237360168137,0.3239955092184712,0.6286230717373588,1.0638122209197154,1.0153482407870906,0.9846450591159825,282.34384867081695
1445,41445,40144,900005,6a22834,v2_nested_200x10,1,1,1,success,49,17.130538288280558,21.77299272786578,6.429102510939632,43,1,30.0,0.45,20.0,1.0,25,1,200,0.002,100,10.0,1.0,0,38,0,0.7755102040816326,0.3737009263529782,-0.1956838966857405,-0.07377947653398031,0.021334449216446838,0.03158355751785393,0.0497965685744646,1.8338691301148367,0.9886237360168137,0.3239955092184712,0.6286230717373588,1.0638122209197154,1.0153482407870906,0.9846450591159825,281.0033680672132
1446,41446,40144,900006,6a22834,v2_nested_200x10,1,1,1,success,51,6.004823593806125,2.9848964523006565,5.582103917361776,46,1,30.0,0.45,20.0,1.0,25,1,200,0.002,100,10.0,1.0,0,39,0,0.7647058823529411,0.3737009263529782,-0.1956838966857405,-0.07377947653398031,0.021334449216446838,0.03158355751785393,0.0497965685744646,1.8338691301148367,0.9886237360168137,0.3239955092184712,0.6286230717373588,1.0638122209197154,1.0153482407870906,0.9846450591159825,285.5856365100732
1447,41447,40144,900007,6a22834,v2_nested_200x10,1,1,1,success,54,2.4350801734451863,18.61834442225406,19.898068164431997,44,1,30.0,0.45,20.0,1.0,25,1,200,0.002,100,10.0,1.0,0,41,0,0.7592592592592593,0.3737009263529782,-0.1956838966857405,-0.07377947653398031,0.021334449216446838,0.03158355751785393,0.0497965685744646,1.8338691301148367,0.9886237360168137,0.3239955092184712,0.6286230717373588,1.0638122209197154,1.0153482407870906,0.9846450591159825,285.27582958886654
1448,41448,40144,900008,6a22834,v2_nested_200x10,1,1,1,success,52,19.89009243133067,15.670967922223257,8.014713948816148,46,1,30.0,0.45,20.0,1.0,25,1,200,0.002,100,10.0,1.0,0,47,0,0.9038461538461539,0.3737009263529782,-0.1956838966857405,-0.07377947653398031,0.021334449216446838,0.03158355751785393,0.0497965685744646,1.8338691301148367,0.9886237360168137,0.3239955092184712,0.6286230717373588,1.0638122209197154,1.0153482407870906,0.9846450591159825,283.8155379326539
1449,41449,40144,900009,6a22834,v2_nested_200x10,1,1,1,success,50,1.277291283344904,15.539008868544887,14.341205889542739,45,1,30.0,0.45,20.0,1.0,25,1,200,0.002,100,10.0,1.0,0,40,0,0.8,0.3737009263529782,-0.1956838966857405,-0.07377947653398031,0.021334449216446838,0.03158355751785393,0.0497965685744646,1.8338691301148367,0.9886237360168137,0.3239955092184712,0.6286230717373588,1.0638122209197154,1.0153482407870906,0.9846450591159825,284.36611867975347
1450,41450,40145,900000,6a22834,v2_nested_200x10,1,1,1,success,62,16.178305853981154,16.601986748689896,12.182575085826226,55,1,30.0,0.45,20.0,1.0,25,1,200,0.002,100,10.0,1.0,0,50,0,0.8064516129032258,0.3498451700761702,-0.5849929126160986,2.553441513983377,0.021300080699383446,0.037645287353796346,0.10537000861346588,1.868560483005343,1.0242853642863026,0.30663730474109463,0.47666964572011594,1.1017838331532688,1.020971585587114,1.0137196110320033,288.17793914387954
1451,41451,40145,900001,6a22834,v2_nested_200x10,1,1,1,success,61,13.815176322186474,17.905504393255217,8.753915175546283,55,1,30.0,0.45,20.0,1.0,25,1,200,0.002,100,10.0,1.0,0,48,0,0.7868852459016393,0.3498451700761702,-0.5849929126160986,2.553441513983377,0.021300080699383446,0.037645287353796346,0.10537000861346588,1.868560483005343,1.0242853642863026,0.30663730474109463,0.47666964572011594,1.1017838331532688,1.020971585587114,1.0137196110320033,289.6620361505994
1452,41452,40145,900002,6a22834,v2_nested_200x10,1,1,1,success,67,16.375431224313026,22.244878813424208,1.4554097530911911,56,1,30.0,0.45,20.0,1.0,25,1,200,0.002,100,10.0,1.0,0,55,0,0.8208955223880597,0.3498451700761702,-0.5849929126160986,2.553441513983377,0.021300080699383446,0.037645287353796346,0.10537000861346588,1.868560483005343,1.0242853642863026,0.30663730474109463,0.47666964572011594,1.1017838331532688,1.020971585587114,1.0137196110320033,290.11162140494326
1453,41453,40145,900003,6a22834,v2_nested_200x10,1,1,1,success,70,23.66285005003807,19.741925326547264,11.886518696733287,52,1,30.0,0.45,20.0,1.0,25,1,200,0.002,100,10.0,1.0,0,56,0,0.8,0.3498451700761702,-0.5849929126160986,2.553441513983377,0.021300080699383446,0.037645287353796346,0.10537000861346588,1.868560483005343,1.0242853642863026,0.30663730474109463,0.47666964572011594,1.1017838331532688,1.020971585587114,1.0137196110320033,286.824115543918
1454,41454,40145,900004,6a22834,v2_nested_200x10,1,1,1,success,59,24.910880123330315,29.770190866782354,4.020168008209729,51,1,30.0,0.45,20.0,1.0,25,1,200,0.002,100,10.0,1.0,0,46,0,0.7796610169491526,0.3498451700761702,-0.5849929126160986,2.553441513983377,0.021300080699383446,0.037645287353796346,0.10537000861346588,1.868560483005343,1.0242853642863026,0.30663730474109463,0.47666964572011594,1.1017838331532688,1.020971585587114,1.0137196110320033,288.48842968052094
1455,41455,40145,900005,6a22834,v2_nested_200x10,1,1,1,success,67,18.137879773876524,16.125981658730755,4.015618476995963,53,1,30.0,0.45,20.0,1.0,25,1,200,0.002,100,10.0,1.0,0,57,0,0.8507462686567164,0.3498451700761702,-0.5849929126160986,2.553441513983377,0.021300080699383446,0.037645287353796346,0.10537000861346588,1.868560483005343,1.0242853642863026,0.30663730474109463,0.47666964572011594,1.1017838331532688,1.020971585587114,1.0137196110320033,287.5347212970222
1456,41456,40145,900006,6a22834,v2_nested_200x10,1,1,1,success,60,14.145553084043193,14.656233654066956,2.2044492146842365,53,1,30.0,0.45,20.0,1.0,25,1,200,0.002,100,10.0,1.0,0,49,0,0.8166666666666667,0.3498451700761702,-0.5849929126160986,2.553441513983377,0.021300080699383446,0.037645287353796346,0.10537000861346588,1.868560483005343,1.0242853642863026,0.30663730474109463,0.47666964572011594,1.1017838331532688,1.020971585587114,1.0137196110320033,290.34990751020774
1457,41457,40145,900007,6a22834,v2_nested_200x10,1,1,1,success,61,21.392265428567676,12.60126424410844,5.046623809381287,54,1,30.0,0.45,20.0,1.0,25,1,200,0.002,100,10.0,1.0,0,48,0,0.7868852459016393,0.3498451700761702,-0.5849929126160986,2.553441513983377,0.021300080699383446,0.037645287353796346,0.10537000861346588,1.868560483005343,1.0242853642863026,0.30663730474109463,0.47666964572011594,1.1017838331532688,1.020971585587114,1.0137196110320033,289.0698295962398
1458,41458,40145,900008,6a22834,v2_nested_200x10,1,1,1,success,65,17.3570499852395,25.26611357699871,10.259702438093958,52,1,30.0,0.45,20.0,1.0,25,1,200,0.002,100,10.0,1.0,0,42,0,0.6461538461538462,0.3498451700761702,-0.5849929126160986,2.553441513983377,0.021300080699383446,0.037645287353796346,0.10537000861346588,1.868560483005343,1.0242853642863026,0.30663730474109463,0.47666964572011594,1.1017838331532688,1.020971585587114,1.0137196110320033,289.68865053427334
1459,41459,40145,900009,6a22834,v2_nested_200x10,1,1,1,success,62,25.044804430468517,20.024319486852225,9.136493717746063,54,1,30.0,0.45,20.0,1.0,25,1,200,0.002,100,10.0,1.0,0,44,0,0.7096774193548387,0.3498451700761702,-0.5849929126160986,2.553441513983377,0.021300080699383446,0.037645287353796346,0.10537000861346588,1.868560483005343,1.0242853642863026,0.30663730474109463,0.47666964572011594,1.1017838331532688,1.020971585587114,1.0137196110320033,287.97948737748004
1460,41460,40146,900000,6a22834,v2_nested_200x10,1,1,1,success,51,12.643945492147651,10.877874937974575,5.641407763206379,47,1,30.0,0.45,20.0,1.0,25,1,200,0.002,100,10.0,1.0,0,36,0,0.7058823529411765,0.3035635139904289,-0.4066086446383533,2.4867641183157456,0.02343284517827865,0.03956603750881323,0.04372088650148168,1.681338867484333,0.6531000187057497,0.3235668641371485,0.29843969685993155,0.9918175925824217,0.9959248507069149,1.1956659092396467,282.1630206442146
1461,41461,40146,900001,6a22834,v2_nested_200x10,1,1,1,success,57,5.442621526625662,10.016272466526784,10.230166365521832,50,1,30.0,0.45,20.0,1.0,25,1,200,0.002,100,10.0,1.0,0,38,0,0.6666666666666666,0.3035635139904289,-0.4066086446383533,2.4867641183157456,0.02343284517827865,0.03956603750881323,0.04372088650148168,1.681338867484333,0.6531000187057497,0.3235668641371485,0.29843969685993155,0.9918175925824217,0.9959248507069149,1.1956659092396467,281.5308181618191
1462,41462,40146,900002,6a22834,v2_nested_200x10,1,1,1,success,66,23.85567971477669,17.770984048552638,7.107995443795797,54,1,30.0,0.45,20.0,1.0,25,1,200,0.002,100,10.0,1.0,0,48,0,0.7272727272727273,0.3035635139904289,-0.4066086446383533,2.4867641183157456,0.02343284517827865,0.03956603750881323,0.04372088650148168,1.681338867484333,0.6531000187057497,0.3235668641371485,0.29843969685993155,0.9918175925824217,0.9959248507069149,1.1956659092396467,282.01131144119284
1463,41463,40146,900003,6a22834,v2_nested_200x10,1,1,1,success,59,6.2319827074779095,6.804233012344915,10.485578030821427,50,1,30.0,0.45,20.0,1.0,25,1,200,0.002,100,10.0,1.0,0,45,0,0.7627118644067796,0.3035635139904289,-0.4066086446383533,2.4867641183157456,0.02343284517827865,0.03956603750881323,0.04372088650148168,1.681338867484333,0.6531000187057497,0.3235668641371485,0.29843969685993155,0.9918175925824217,0.9959248507069149,1.1956659092396467,281.2409902509396
1464,41464,40146,900004,6a22834,v2_nested_200x10,1,1,1,success,56,12.881474808928482,17.43390484522447,13.85472608221038,48,1,30.0,0.45,20.0,1.0,25,1,200,0.002,100,10.0,1.0,0,42,0,0.75,0.3035635139904289,-0.4066086446383533,2.4867641183157456,0.02343284517827865,0.03956603750881323,0.04372088650148168,1.681338867484333,0.6531000187057497,0.3235668641371485,0.29843969685993155,0.9918175925824217,0.9959248507069149,1.1956659092396467,280.7356146099155
1465,41465,40146,900005,6a22834,v2_nested_200x10,1,1,1,success,53,5.06449708887465,9.54435435184514,14.575710713924455,46,1,30.0,0.45,20.0,1.0,25,1,200,0.002,100,10.0,1.0,0,41,0,0.7735849056603774,0.3035635139904289,-0.4066086446383533,2.4867641183157456,0.02343284517827865,0.03956603750881323,0.04372088650148168,1.681338867484333,0.6531000187057497,0.3235668641371485,0.29843969685993155,0.9918175925824217,0.9959248507069149,1.1956659092396467,282.82022348472134
1466,41466,40146,900006,6a22834,v2_nested_200x10,1,1,1,success,54,16.6642342322975,6.5663065601711486,19.018028530067102,47,1,30.0,0.45,20.0,1.0,25,1,200,0.002,100,10.0,1.0,0,34,0,0.6296296296296297,0.3035635139904289,-0.4066086446383533,2.4867641183157456,0.02343284517827865,0.03956603750881323,0.04372088650148168,1.681338867484333,0.6531000187057497,0.3235668641371485,0.29843969685993155,0.9918175925824217,0.9959248507069149,1.1956659092396467,282.28791029687625
1467,41467,40146,900007,6a22834,v2_nested_200x10,1,1,1,success,56,9.033756588879827,1.9760289911722224,5.618195400711971,46,1,30.0,0.45,20.0,1.0,25,1,200,0.002,100,10.0,1.0,0,41,0,0.7321428571428571,0.3035635139904289,-0.4066086446383533,2.4867641183157456,0.02343284517827865,0.03956603750881323,0.04372088650148168,1.681338867484333,0.6531000187057497,0.3235668641371485,0.29843969685993155,0.9918175925824217,0.9959248507069149,1.1956659092396467,281.5972836714875
1468,41468,40146,900008,6a22834,v2_nested_200x10,1,1,1,success,60,17.634487644056662,4.283394308482054,12.994586342137412,48,1,30.0,0.45,20.0,1.0,25,1,200,0.002,100,10.0,1.0,0,39,0,0.65,0.3035635139904289,-0.4066086446383533,2.4867641183157456,0.02343284517827865,0.03956603750881323,0.04372088650148168,1.681338867484333,0.6531000187057497,0.3235668641371485,0.29843969685993155,0.9918175925824217,0.9959248507069149,1.1956659092396467,282.1142892875045
1469,41469,40146,900009,6a22834,v2_nested_200x10,1,1,1,success,57,12.947148973177475,1.0297537400899135,13.809285863761659,47,1,30.0,0.45,20.0,1.0,25,1,200,0.002,100,10.0,1.0,0,43,0,0.7543859649122807,0.3035635139904289,-0.4066086446383533,2.4867641183157456,0.02343284517827865,0.03956603750881323,0.04372088650148168,1.681338867484333,0.6531000187057497,0.3235668641371485,0.29843969685993155,0.9918175925824217,0.9959248507069149,1.1956659092396467,283.64518274949637
1470,41470,40147,900000,6a22834,v2_nested_200x10,1,1,1,success,50,5.828923259144224,19.717312255172388,16.91640341750074,44,1,30.0,0.45,20.0,1.0,25,1,200,0.002,100,10.0,1.0,0,41,0,0.82,0.32776665187786713,-0.459269562411083,0.8447914786723532,0.02401580936999754,0.031765110424077085,0.036994959567418495,1.3252411342281691,0.6860872457537908,0.3346949749463499,0.3365650454511834,0.9524071328198057,1.0855909181230141,1.050333028867222,283.65885110429343
1471,41471,40147,900001,6a22834,v2_nested_200x10,1,1,1,success,52,11.336845720812208,17.207875667475363,11.840064765084692,46,1,30.0,0.45,20.0,1.0,25,1,200,0.002,100,10.0,1.0,0,40,0,0.7692307692307693,0.32776665187786713,-0.459269562411083,0.8447914786723532,0.02401580936999754,0.031765110424077085,0.036994959567418495,1.3252411342281691,0.6860872457537908,0.3346949749463499,0.3365650454511834,0.9524071328198057,1.0855909181230141,1.050333028867222,281.95357121213954
1472,41472,40147,900002,6a22834,v2_nested_200x10,1,1,1,success,49,15.059447422225812,15.096262973918591,12.452003506233753,43,1,30.0,0.45,20.0,1.0,25,1,200,0.002,100,10.0,1.0,0,40,0,0.8163265306122449,0.32776665187786713,-0.459269562411083,0.8447914786723532,0.02401580936999754,0.031765110424077085,0.036994959567418495,1.3252411342281691,0.6860872457537908,0.3346949749463499,0.3365650454511834,0.9524071328198057,1.0855909181230141,1.050333028867222,282.6801417725467
1473,41473,40147,900003,6a22834,v2_nested_200x10,1,1,1,success,56,14.943488019019108,3.797310725794777,10.894422155362681,51,1,30.0,0.45,20.0,1.0,25,1,200,0.002,100,10.0,1.0,0,44,0,0.7857142857142857,0.32776665187786713,-0.459269562411083,0.8447914786723532,0.02401580936999754,0.031765110424077085,0.036994959567418495,1.3252411342281691,0.6860872457537908,0.3346949749463499,0.3365650454511834,0.9524071328198057,1.0855909181230141,1.050333028867222,281.5641353244943
1474,41474,40147,900004,6a22834,v2_nested_200x10,1,1,1,success,48,14.756861414019374,12.87271440204919,3.443523293389292,45,1,30.0,0.45,20.0,1.0,25,1,200,0.002,100,10.0,1.0,0,38,0,0.7916666666666666,0.32776665187786713,-0.459269562411083,0.8447914786723532,0.02401580936999754,0.031765110424077085,0.036994959567418495,1.3252411342281691,0.6860872457537908,0.3346949749463499,0.3365650454511834,0.9524071328198057,1.0855909181230141,1.050333028867222,280.9927066104424
1475,41475,40147,900005,6a22834,v2_nested_200x10,1,1,1,success,49,4.975973100159288,8.386714486608666,1.6165859556130617,44,1,30.0,0.45,20.0,1.0,25,1,200,0.002,100,10.0,1.0,0,39,0,0.7959183673469388,0.32776665187786713,-0.459269562411083,0.8447914786723532,0.02401580936999754,0.031765110424077085,0.036994959567418495,1.3252411342281691,0.6860872457537908,0.3346949749463499,0.3365650454511834,0.9524071328198057,1.0855909181230141,1.050333028867222,282.778194520355
1476,41476,40147,900006,6a22834,v2_nested_200x10,1,1,1,success,50,10.661664788576674,13.821790159879953,7.711624791860775,45,1,30.0,0.45,20.0,1.0,25,1,200,0.002,100,10.0,1.0,0,39,0,0.78,0.32776665187786713,-0.459269562411083,0.8447914786723532,0.02401580936999754,0.031765110424077085,0.036994959567418495,1.3252411342281691,0.6860872457537908,0.3346949749463499,0.3365650454511834,0.9524071328198057,1.0855909181230141,1.050333028867222,284.3352215605347
1477,41477,40147,900007,6a22834,v2_nested_200x10,1,1,1,success,52,7.186188946080775,16.92842952910998,12.656209321381674,44,1,30.0,0.45,20.0,1.0,25,1,200,0.002,100,10.0,1.0,0,46,0,0.8846153846153846,0.32776665187786713,-0.459269562411083,0.8447914786723532,0.02401580936999754,0.031765110424077085,0.036994959567418495,1.3252411342281691,0.6860872457537908,0.3346949749463499,0.3365650454511834,0.9524071328198057,1.0855909181230141,1.050333028867222,283.05499551524395
1478,41478,40147,900008,6a22834,v2_nested_200x10,1,1,1,success,51,12.168460942994043,16.857609093396615,10.04697882305014,45,1,30.0,0.45,20.0,1.0,25,1,200,0.002,100,10.0,1.0,0,44,0,0.8627450980392157,0.32776665187786713,-0.459269562411083,0.8447914786723532,0.02401580936999754,0.031765110424077085,0.036994959567418495,1.3252411342281691,0.6860872457537908,0.3346949749463499,0.3365650454511834,0.9524071328198057,1.0855909181230141,1.050333028867222,283.68277289046205
1479,41479,40147,900009,6a22834,v2_nested_200x10,1,1,1,success,49,1.3148953224892952,10.911992895596697,12.640508981889557,44,1,30.0,0.45,20.0,1.0,25,1,200,0.002,100,10.0,1.0,0,44,0,0.8979591836734694,0.32776665187786713,-0.459269562411083,0.8447914786723532,0.02401580936999754,0.031765110424077085,0.036994959567418495,1.3252411342281691,0.6860872457537908,0.3346949749463499,0.3365650454511834,0.9524071328198057,1.0855909181230141,1.050333028867222,284.0499537482733
1480,41480,40148,900000,6a22834,v2_nested_200x10,1,1,1,success,47,13.40876502611751,17.71678409449128,6.697269121309614,41,1,30.0,0.45,20.0,1.0,25,1,200,0.002,100,10.0,1.0,0,36,0,0.7659574468085106,0.3336844240958915,-0.1844706283887384,2.7965046104583138,0.02367819703713658,0.036509361099518856,0.08509933565042846,1.5760851937837246,0.6487727443608735,0.3019511802205246,0.2944549806639587,1.061879990412551,0.9815047229805846,1.144566652430925,279.4080797008614
1481,41481,40148,900001,6a22834,v2_nested_200x10,1,1,1,success,47,7.69362567765749,11.721328891726824,5.140023755271111,39,1,30.0,0.45,20.0,1.0,25,1,200,0.002,100,10.0,1.0,0,34,0,0.723404255319149,0.3336844240958915,-0.1844706283887384,2.7965046104583138,0.02367819703713658,0.036509361099518856,0.08509933565042846,1.5760851937837246,0.6487727443608735,0.3019511802205246,0.2944549806639587,1.061879990412551,0.9815047229805846,1.144566652430925,278.40063379002765
1482,41482,40148,900002,6a22834,v2_nested_200x10,1,1,1,success,44,15.925818573544962,3.077637243396311,0.15856124891651924,41,1,30.0,0.45,20.0,1.0,25,1,200,0.002,100,10.0,1.0,0,32,0,0.7272727272727273,0.3336844240958915,-0.1844706283887384,2.7965046104583138,0.02367819703713658,0.036509361099518856,0.08509933565042846,1.5760851937837246,0.6487727443608735,0.3019511802205246,0.2944549806639587,1.061879990412551,0.9815047229805846,1.144566652430925,278.35253816685497
1483,41483,40148,900003,6a22834,v2_nested_200x10,1,1,1,success,43,20.370093150433984,10.282805372179636,6.765312281125973,37,1,30.0,0.45,20.0,1.0,25,1,200,0.002,100,10.0,1.0,0,30,0,0.6976744186046512,0.3336844240958915,-0.1844706283887384,2.7965046104583138,0.02367819703713658,0.036509361099518856,0.08509933565042846,1.5760851937837246,0.6487727443608735,0.3019511802205246,0.2944549806639587,1.061879990412551,0.9815047229805846,1.144566652430925,278.59075522347143
1484,41484,40148,900004,6a22834,v2_nested_200x10,1,1,1,success,45,15.917949683340558,10.914918458761166,7.331328903909031,37,1,30.0,0.45,20.0,1.0,25,1,200,0.002,100,10.0,1.0,0,33,0,0.7333333333333333,0.3336844240958915,-0.1844706283887384,2.7965046104583138,0.02367819703713658,0.036509361099518856,0.08509933565042846,1.5760851937837246,0.6487727443608735,0.3019511802205246,0.2944549806639587,1.061879990412551,0.9815047229805846,1.144566652430925,277.51020044356653
1485,41485,40148,900005,6a22834,v2_nested_200x10,1,1,1,success,43,26.77806602170501,18.146780092022745,5.966155162777384,37,1,30.0,0.45,20.0,1.0,25,1,200,0.002,100,10.0,1.0,0,32,0,0.7441860465116279,0.3336844240958915,-0.1844706283887384,2.7965046104583138,0.02367819703713658,0.036509361099518856,0.08509933565042846,1.5760851937837246,0.6487727443608735,0.3019511802205246,0.2944549806639587,1.061879990412551,0.9815047229805846,1.144566652430925,278.6149060025064
1486,41486,40148,900006,6a22834,v2_nested_200x10,1,1,1,success,43,15.167567427080307,2.4198400310162973,10.949807919193116,37,1,30.0,0.45,20.0,1.0,25,1,200,0.002,100,10.0,1.0,0,28,0,0.6511627906976745,0.3336844240958915,-0.1844706283887384,2.7965046104583138,0.02367819703713658,0.036509361099518856,0.08509933565042846,1.5760851937837246,0.6487727443608735,0.3019511802205246,0.2944549806639587,1.061879990412551,0.9815047229805846,1.144566652430925,280.034973097495
1487,41487,40148,900007,6a22834,v2_nested_200x10,1,1,1,success,44,17.59737030591974,13.25009358100893,1.861158648640633,38,1,30.0,0.45,20.0,1.0,25,1,200,0.002,100,10.0,1.0,0,33,0,0.75,0.3336844240958915,-0.1844706283887384,2.7965046104583138,0.02367819703713658,0.036509361099518856,0.08509933565042846,1.5760851937837246,0.6487727443608735,0.3019511802205246,0.2944549806639587,1.061879990412551,0.9815047229805846,1.144566652430925,278.8948547452884
1488,41488,40148,900008,6a22834,v2_nested_200x10,1,1,1,success,45,18.766878395935727,17.72712522054705,7.660900273656208,39,1,30.0,0.45,20.0,1.0,25,1,200,0.002,100,10.0,1.0,0,33,0,0.7333333333333333,0.3336844240958915,-0.1844706283887384,2.7965046104583138,0.02367819703713658,0.036509361099518856,0.08509933565042846,1.5760851937837246,0.6487727443608735,0.3019511802205246,0.2944549806639587,1.061879990412551,0.9815047229805846,1.144566652430925,277.04223555124094
1489,41489,40148,900009,6a22834,v2_nested_200x10,1,1,1,success,45,23.549659009406056,13.25579041988544,4.4054971197260295,37,1,30.0,0.45,20.0,1.0,25,1,200,0.002,100,10.0,1.0,0,35,0,0.7777777777777778,0.3336844240958915,-0.1844706283887384,2.7965046104583138,0.02367819703713658,0.036509361099518856,0.08509933565042846,1.5760851937837246,0.6487727443608735,0.3019511802205246,0.2944549806639587,1.061879990412551,0.9815047229805846,1.144566652430925,279.0189663187259
1490,41490,40149,900000,6a22834,v2_nested_200x10,1,1,1,success,67,15.003320387699867,23.14234866901798,8.56673371809209,61,1,30.0,0.45,20.0,1.0,25,1,200,0.002,100,10.0,1.0,0,50,0,0.746268656716418,0.3576994018315632,-0.4690615426916621,2.3272983424011526,0.021999141705170474,0.03217911915656824,0.07701525705915555,1.7975577727732903,1.1979444722026722,0.3782931436280227,0.7089490657431536,0.9466341344757129,0.9900181503231184,1.1688549208333718,291.8744293011787
1491,41491,40149,900001,6a22834,v2_nested_200x10,1,1,1,success,72,25.15317482492226,19.517530954635337,9.256572476784813,64,1,30.0,0.45,20.0,1.0,25,1,200,0.002,100,10.0,1.0,0,51,0,0.7083333333333334,0.3576994018315632,-0.4690615426916621,2.3272983424011526,0.021999141705170474,0.03217911915656824,0.07701525705915555,1.7975577727732903,1.1979444722026722,0.3782931436280227,0.7089490657431536,0.9466341344757129,0.9900181503231184,1.1688549208333718,290.8375538968799
1492,41492,40149,900002,6a22834,v2_nested_200x10,1,1,1,success,65,18.05238702029224,18.35320472584971,11.920240210994955,60,1,30.0,0.45,20.0,1.0,25,1,200,0.002,100,10.0,1.0,0,45,0,0.6923076923076923,0.3576994018315632,-0.4690615426916621,2.3272983424011526,0.021999141705170474,0.03217911915656824,0.07701525705915555,1.7975577727732903,1.1979444722026722,0.3782931436280227,0.7089490657431536,0.9466341344757129,0.9900181503231184,1.1688549208333718,291.34865140705404
1493,41493,40149,900003,6a22834,v2_nested_200x10,1,1,1,success,67,8.888445767209785,13.680032458967784,1.6786614570238407,60,1,30.0,0.45,20.0,1.0,25,1,200,0.002,100,10.0,1.0,0,48,0,0.7164179104477612,0.3576994018315632,-0.4690615426916621,2.3272983424011526,0.021999141705170474,0.03217911915656824,0.07701525705915555,1.7975577727732903,1.1979444722026722,0.3782931436280227,0.7089490657431536,0.9466341344757129,0.9900181503231184,1.1688549208333718,290.7850944838136
1494,41494,40149,900004,6a22834,v2_nested_200x10,1,1,1,success,68,18.44957949451644,14.523422731377353,6.10109556336732,61,1,30.0,0.45,20.0,1.0,25,1,200,0.002,100,10.0,1.0,0,46,0,0.6764705882352942,0.3576994018315632,-0.4690615426916621,2.3272983424011526,0.021999141705170474,0.03217911915656824,0.07701525705915555,1.7975577727732903,1.1979444722026722,0.3782931436280227,0.7089490657431536,0.9466341344757129,0.9900181503231184,1.1688549208333718,290.0401380848645
1495,41495,40149,900005,6a22834,v2_nested_200x10,1,1,1,success,66,21.29424247059551,18.402135772376067,10.212526917895833,59,1,30.0,0.45,20.0,1.0,25,1,200,0.002,100,10.0,1.0,0,48,0,0.7272727272727273,0.3576994018315632,-0.4690615426916621,2.3272983424011526,0.021999141705170474,0.03217911915656824,0.07701525705915555,1.7975577727732903,1.1979444722026722,0.3782931436280227,0.7089490657431536,0.9466341344757129,0.9900181503231184,1.1688549208333718,292.1646937137699
1496,41496,40149,900006,6a22834,v2_nested_200x10,1,1,1,success,68,21.715119747843335,19.715962133092315,7.488427738782545,62,1,30.0,0.45,20.0,1.0,25,1,200,0.002,100,10.0,1.0,0,53,0,0.7794117647058824,0.3576994018315632,-0.4690615426916621,2.3272983424011526,0.021999141705170474,0.03217911915656824,0.07701525705915555,1.7975577727732903,1.1979444722026722,0.3782931436280227,0.7089490657431536,0.9466341344757129,0.9900181503231184,1.1688549208333718,291.41316336111964
1497,41497,40149,900007,6a22834,v2_nested_200x10,1,1,1,success,66,12.517952204594344,10.861362154379046,6.454836236213903,60,1,30.0,0.45,20.0,1.0,25,1,200,0.002,100,10.0,1.0,0,54,0,0.8181818181818182,0.3576994018315632,-0.4690615426916621,2.3272983424011526,0.021999141705170474,0.03217911915656824,0.07701525705915555,1.7975577727732903,1.1979444722026722,0.3782931436280227,0.7089490657431536,0.9466341344757129,0.9900181503231184,1.1688549208333718,290.50429680484484
1498,41498,40149,900008,6a22834,v2_nested_200x10,1,1,1,success,73,21.379143004882348,19.59388270423679,8.7959841603308,62,1,30.0,0.45,20.0,1.0,25,1,200,0.002,100,10.0,1.0,0,51,0,0.6986301369863014,0.3576994018315632,-0.4690615426916621,2.3272983424011526,0.021999141705170474,0.03217911915656824,0.07701525705915555,1.7975577727732903,1.1979444722026722,0.3782931436280227,0.7089490657431536,0.9466341344757129,0.9900181503231184,1.1688549208333718,289.36803182419163
1499,41499,40149,900009,6a22834,v2_nested_200x10,1,1,1,success,67,27.39539618926717,17.82357086932561,13.977605101415602,61,1,30.0,0.45,20.0,1.0,25,1,200,0.002,100,10.0,1.0,0,51,0,0.7611940298507462,0.3576994018315632,-0.4690615426916621,2.3272983424011526,0.021999141705170474,0.03217911915656824,0.07701525705915555,1.7975577727732903,1.1979444722026722,0.3782931436280227,0.7089490657431536,0.9466341344757129,0.9900181503231184,1.1688549208333718,292.03035017039105
1500,41500,40150,900000,6a22834,v2_nested_200x10,1,1,1,success,58,12.552693290300688,13.617429920054827,4.523628887775038,50,1,30.0,0.45,20.0,1.0,25,1,200,0.002,100,10.0,1.0,0,44,0,0.7586206896551724,0.3757338315675451,-0.5977852055820557,2.844122078125582,0.02368842381076613,0.037124330479338614,0.08598138493519074,1.4180051688832633,1.0571473198601997,0.3146909359483904,0.20678959255483137,1.0038304426351952,1.04243746155333,0.978845881622086,286.4461013564117
1501,41501,40150,900001,6a22834,v2_nested_200x10,1,1,1,success,57,19.06269932421479,14.38933223972753,10.833292237974984,50,1,30.0,0.45,20.0,1.0,25,1,200,0.002,100,10.0,1.0,0,49,0,0.8596491228070176,0.3757338315675451,-0.5977852055820557,2.844122078125582,0.02368842381076613,0.037124330479338614,0.08598138493519074,1.4180051688832633,1.0571473198601997,0.3146909359483904,0.20678959255483137,1.0038304426351952,1.04243746155333,0.978845881622086,286.15906934341933
1502,41502,40150,900002,6a22834,v2_nested_200x10,0,0,0,timeout,200,290.2426249568503,nan,nan,-1,1,30.0,0.45,20.0,1.0,25,1,200,0.002,100,10.0,1.0,0,189,0,0.945,0.3757338315675451,-0.5977852055820557,2.844122078125582,0.02368842381076613,0.037124330479338614,0.08598138493519074,1.4180051688832633,1.0571473198601997,0.3146909359483904,0.20678959255483137,1.0038304426351952,1.04243746155333,0.978845881622086,-8.788658344577925
1503,41503,40150,900003,6a22834,v2_nested_200x10,0,1,0,timeout,200,66.63416294302759,24.8648933370272,58.00597115302019,47,1,30.0,0.45,20.0,1.0,25,1,200,0.002,100,10.0,1.0,0,183,0,0.915,0.3757338315675451,-0.5977852055820557,2.844122078125582,0.02368842381076613,0.037124330479338614,0.08598138493519074,1.4180051688832633,1.0571473198601997,0.3146909359483904,0.20678959255483137,1.0038304426351952,1.04243746155333,0.978845881622086,46.46043445853324
1504,41504,40150,900004,6a22834,v2_nested_200x10,1,1,1,success,57,20.15937247779498,10.719155198058427,22.122896455128966,49,1,30.0,0.45,20.0,1.0,25,1,200,0.002,100,10.0,1.0,0,41,0,0.7192982456140351,0.3757338315675451,-0.5977852055820557,2.844122078125582,0.02368842381076613,0.037124330479338614,0.08598138493519074,1.4180051688832633,1.0571473198601997,0.3146909359483904,0.20678959255483137,1.0038304426351952,1.04243746155333,0.978845881622086,288.4371471132719
1505,41505,40150,900005,6a22834,v2_nested_200x10,1,1,1,success,68,11.420654583863183,9.11597888306634,14.351341435139359,49,1,30.0,0.45,20.0,1.0,25,1,200,0.002,100,10.0,1.0,0,47,0,0.6911764705882353,0.3757338315675451,-0.5977852055820557,2.844122078125582,0.02368842381076613,0.037124330479338614,0.08598138493519074,1.4180051688832633,1.0571473198601997,0.3146909359483904,0.20678959255483137,1.0038304426351952,1.04243746155333,0.978845881622086,285.04926441320924
1506,41506,40150,900006,6a22834,v2_nested_200x10,1,1,1,success,57,9.82106883314784,8.190934834558693,11.061194317731356,50,1,30.0,0.45,20.0,1.0,25,1,200,0.002,100,10.0,1.0,0,41,0,0.7192982456140351,0.3757338315675451,-0.5977852055820557,2.844122078125582,0.02368842381076613,0.037124330479338614,0.08598138493519074,1.4180051688832633,1.0571473198601997,0.3146909359483904,0.20678959255483137,1.0038304426351952,1.04243746155333,0.978845881622086,286.22522134130475
1507,41507,40150,900007,6a22834,v2_nested_200x10,1,1,1,success,73,33.00121700501489,14.466883459745935,2.525819419490749,67,1,30.0,0.45,20.0,1.0,25,1,200,0.002,100,10.0,1.0,0,59,0,0.8082191780821918,0.3757338315675451,-0.5977852055820557,2.844122078125582,0.02368842381076613,0.037124330479338614,0.08598138493519074,1.4180051688832633,1.0571473198601997,0.3146909359483904,0.20678959255483137,1.0038304426351952,1.04243746155333,0.978845881622086,287.43704826293947
1508,41508,40150,900008,6a22834,v2_nested_200x10,1,1,1,success,59,6.562359766713307,25.4522423606029,1.2801577537182718,56,1,30.0,0.45,20.0,1.0,25,1,200,0.002,100,10.0,1.0,0,41,0,0.6949152542372882,0.3757338315675451,-0.5977852055820557,2.844122078125582,0.02368842381076613,0.037124330479338614,0.08598138493519074,1.4180051688832633,1.0571473198601997,0.3146909359483904,0.20678959255483137,1.0038304426351952,1.04243746155333,0.978845881622086,288.7794591072802
1509,41509,40150,900009,6a22834,v2_nested_200x10,1,1,1,success,57,9.479635268580047,12.878639748189627,12.02781408576677,51,1,30.0,0.45,20.0,1.0,25,1,200,0.002,100,10.0,1.0,0,41,0,0.7192982456140351,0.3757338315675451,-0.5977852055820557,2.844122078125582,0.02368842381076613,0.037124330479338614,0.08598138493519074,1.4180051688832633,1.0571473198601997,0.3146909359483904,0.20678959255483137,1.0038304426351952,1.04243746155333,0.978845881622086,286.2073523545537
1510,41510,40151,900000,6a22834,v2_nested_200x10,1,1,1,success,59,24.506063864846606,20.6593791654507,14.303876561421305,52,1,30.0,0.45,20.0,1.0,25,1,200,0.002,100,10.0,1.0,0,47,0,0.7966101694915254,0.36687408651688025,-0.31094187874467244,-1.274373711841311,0.021023481636203635,0.0390293885901752,0.07270220802945537,1.8812519289296699,1.3035512245564091,0.3805354036220188,0.7021364468229692,0.9934765075394705,1.124780102998748,1.185222469618551,286.87139250585045
1511,41511,40151,900001,6a22834,v2_nested_200x10,1,1,1,success,62,14.07817455747694,13.40493647638927,11.181761923018255,54,1,30.0,0.45,20.0,1.0,25,1,200,0.002,100,10.0,1.0,0,49,0,0.7903225806451613,0.36687408651688025,-0.31094187874467244,-1.274373711841311,0.021023481636203635,0.0390293885901752,0.07270220802945537,1.8812519289296699,1.3035512245564091,0.3805354036220188,0.7021364468229692,0.9934765075394705,1.124780102998748,1.185222469618551,288.0418278360383
1512,41512,40151,900002,6a22834,v2_nested_200x10,1,1,1,success,61,18.136253609090048,18.98994244962998,17.604415327081927,51,1,30.0,0.45,20.0,1.0,25,1,200,0.002,100,10.0,1.0,0,42,0,0.6885245901639344,0.36687408651688025,-0.31094187874467244,-1.274373711841311,0.021023481636203635,0.0390293885901752,0.07270220802945537,1.8812519289296699,1.3035512245564091,0.3805354036220188,0.7021364468229692,0.9934765075394705,1.124780102998748,1.185222469618551,288.657242662658
1513,41513,40151,900003,6a22834,v2_nested_200x10,1,1,1,success,61,20.941275028247038,16.909273777566924,17.781772092144934,52,1,30.0,0.45,20.0,1.0,25,1,200,0.002,100,10.0,1.0,0,44,0,0.7213114754098361,0.36687408651688025,-0.31094187874467244,-1.274373711841311,0.021023481636203635,0.0390293885901752,0.07270220802945537,1.8812519289296699,1.3035512245564091,0.3805354036220188,0.7021364468229692,0.9934765075394705,1.124780102998748,1.185222469618551,288.2294263649989
1514,41514,40151,900004,6a22834,v2_nested_200x10,1,1,1,success,66,25.88698739164648,19.20325401641014,13.806599345848939,52,1,30.0,0.45,20.0,1.0,25,1,200,0.002,100,10.0,1.0,0,53,0,0.803030303030303,0.36687408651688025,-0.31094187874467244,-1.274373711841311,0.021023481636203635,0.0390293885901752,0.07270220802945537,1.8812519289296699,1.3035512245564091,0.3805354036220188,0.7021364468229692,0.9934765075394705,1.124780102998748,1.185222469618551,284.1540553199193
1515,41515,40151,900005,6a22834,v2_nested_200x10,1,1,1,success,62,22.355157575271186,11.719651450877906,15.826420370650203,52,1,30.0,0.45,20.0,1.0,25,1,200,0.002,100,10.0,1.0,0,48,0,0.7741935483870968,0.36687408651688025,-0.31094187874467244,-1.274373711841311,0.021023481636203635,0.0390293885901752,0.07270220802945537,1.8812519289296699,1.3035512245564091,0.3805354036220188,0.7021364468229692,0.9934765075394705,1.124780102998748,1.185222469618551,286.6980075149472
1516,41516,40151,900006,6a22834,v2_nested_200x10,1,1,1,success,60,11.320336705256128,6.304915841504552,10.283102696784121,54,1,30.0,0.45,20.0,1.0,25,1,200,0.002,100,10.0,1.0,0,39,0,0.65,0.36687408651688025,-0.31094187874467244,-1.274373711841311,0.021023481636203635,0.0390293885901752,0.07270220802945537,1.8812519289296699,1.3035512245564091,0.3805354036220188,0.7021364468229692,0.9934765075394705,1.124780102998748,1.185222469618551,287.7305019386357
1517,41517,40151,900007,6a22834,v2_nested_200x10,1,1,1,success,77,17.71014145126743,18.128056934034692,11.84614795443099,52,1,30.0,0.45,20.0,1.0,25,1,200,0.002,100,10.0,1.0,0,66,0,0.8571428571428571,0.36687408651688025,-0.31094187874467244,-1.274373711841311,0.021023481636203635,0.0390293885901752,0.07270220802945537,1.8812519289296699,1.3035512245564091,0.3805354036220188,0.7021364468229692,0.9934765075394705,1.124780102998748,1.185222469618551,285.1725192111822
1518,41518,40151,900008,6a22834,v2_nested_200x10,1,1,1,success,62,22.998053989072204,25.99044314768236,10.647340191909842,52,1,30.0,0.45,20.0,1.0,25,1,200,0.002,100,10.0,1.0,0,47,0,0.7580645161290323,0.36687408651688025,-0.31094187874467244,-1.274373711841311,0.021023481636203635,0.0390293885901752,0.07270220802945537,1.8812519289296699,1.3035512245564091,0.3805354036220188,0.7021364468229692,0.9934765075394705,1.124780102998748,1.185222469618551,288.66882831157864
1519,41519,40151,900009,6a22834,v2_nested_200x10,1,1,1,success,58,26.29998926416704,20.24824173150765,13.801430716919526,50,1,30.0,0.45,20.0,1.0,25,1,200,0.002,100,10.0,1.0,0,46,0,0.7931034482758621,0.36687408651688025,-0.31094187874467244,-1.274373711841311,0.021023481636203635,0.0390293885901752,0.07270220802945537,1.8812519289296699,1.3035512245564091,0.3805354036220188,0.7021364468229692,0.9934765075394705,1.124780102998748,1.185222469618551,286.67827714736563
1520,41520,40152,900000,6a22834,v2_nested_200x10,1,1,1,success,59,11.83459758569778,14.623694448697231,16.328220226341617,51,1,30.0,0.45,20.0,1.0,25,1,200,0.002,100,10.0,1.0,0,40,0,0.6779661016949152,0.3775841076072566,-0.6305270710297677,-1.9652187375538723,0.02125901485254887,0.035513258935066856,0.06669655932398513,1.087903394263167,1.3482857266682506,0.37191973698194386,0.1876264878088611,0.9094550523658269,1.035990279226183,1.0540354477810208,288.3791642449582
1521,41521,40152,900001,6a22834,v2_nested_200x10,1,1,1,success,61,26.9568279031809,16.70984048436953,13.3576066262687,55,1,30.0,0.45,20.0,1.0,25,1,200,0.002,100,10.0,1.0,0,39,0,0.639344262295082,0.3775841076072566,-0.6305270710297677,-1.9652187375538723,0.02125901485254887,0.035513258935066856,0.06669655932398513,1.087903394263167,1.3482857266682506,0.37191973698194386,0.1876264878088611,0.9094550523658269,1.035990279226183,1.0540354477810208,289.12358876686176
1522,41522,40152,900002,6a22834,v2_nested_200x10,1,1,1,success,61,34.62158922966413,29.697424035064376,20.610401439081755,52,1,30.0,0.45,20.0,1.0,25,1,200,0.002,100,10.0,1.0,0,43,0,0.7049180327868853,0.3775841076072566,-0.6305270710297677,-1.9652187375538723,0.02125901485254887,0.035513258935066856,0.06669655932398513,1.087903394263167,1.3482857266682506,0.37191973698194386,0.1876264878088611,0.9094550523658269,1.035990279226183,1.0540354477810208,290.6180651399996
1523,41523,40152,900003,6a22834,v2_nested_200x10,1,1,1,success,59,31.94501219977873,18.55974883797596,22.361525413987714,51,1,30.0,0.45,20.0,1.0,25,1,200,0.002,100,10.0,1.0,0,44,0,0.7457627118644068,0.3775841076072566,-0.6305270710297677,-1.9652187375538723,0.02125901485254887,0.035513258935066856,0.06669655932398513,1.087903394263167,1.3482857266682506,0.37191973698194386,0.1876264878088611,0.9094550523658269,1.035990279226183,1.0540354477810208,289.73347034241965
1524,41524,40152,900004,6a22834,v2_nested_200x10,1,1,1,success,57,31.38654992366761,15.305493747019675,20.730935237737654,51,1,30.0,0.45,20.0,1.0,25,1,200,0.002,100,10.0,1.0,0,42,0,0.7368421052631579,0.3775841076072566,-0.6305270710297677,-1.9652187375538723,0.02125901485254887,0.035513258935066856,0.06669655932398513,1.087903394263167,1.3482857266682506,0.37191973698194386,0.1876264878088611,0.9094550523658269,1.035990279226183,1.0540354477810208,289.7158891279114
1525,41525,40152,900005,6a22834,v2_nested_200x10,1,1,1,success,61,24.20951449170966,20.306175917487646,12.159559289912432,53,1,30.0,0.45,20.0,1.0,25,1,200,0.002,100,10.0,1.0,0,47,0,0.7704918032786885,0.3775841076072566,-0.6305270710297677,-1.9652187375538723,0.02125901485254887,0.035513258935066856,0.06669655932398513,1.087903394263167,1.3482857266682506,0.37191973698194386,0.1876264878088611,0.9094550523658269,1.035990279226183,1.0540354477810208,288.0083229565595
1526,41526,40152,900006,6a22834,v2_nested_200x10,1,1,1,success,61,32.48759032113438,19.644908402703653,23.026880959480327,54,1,30.0,0.45,20.0,1.0,25,1,200,0.002,100,10.0,1.0,0,36,0,0.5901639344262295,0.3775841076072566,-0.6305270710297677,-1.9652187375538723,0.02125901485254887,0.035513258935066856,0.06669655932398513,1.087903394263167,1.3482857266682506,0.37191973698194386,0.1876264878088611,0.9094550523658269,1.035990279226183,1.0540354477810208,290.61754763992207
1527,41527,40152,900007,6a22834,v2_nested_200x10,1,1,1,success,61,33.87905873420405,26.684303340269974,0.1189459236995647,58,1,30.0,0.45,20.0,1.0,25,1,200,0.002,100,10.0,1.0,0,51,0,0.8360655737704918,0.3775841076072566,-0.6305270710297677,-1.9652187375538723,0.02125901485254887,0.035513258935066856,0.06669655932398513,1.087903394263167,1.3482857266682506,0.37191973698194386,0.1876264878088611,0.9094550523658269,1.035990279226183,1.0540354477810208,291.3161441686904
1528,41528,40152,900008,6a22834,v2_nested_200x10,1,1,1,success,62,27.835152169169916,25.222188926844918,16.278998473702433,54,1,30.0,0.45,20.0,1.0,25,1,200,0.002,100,10.0,1.0,0,43,0,0.6935483870967742,0.3775841076072566,-0.6305270710297677,-1.9652187375538723,0.02125901485254887,0.035513258935066856,0.06669655932398513,1.087903394263167,1.3482857266682506,0.37191973698194386,0.1876264878088611,0.9094550523658269,1.035990279226183,1.0540354477810208,289.77831779215984
1529,41529,40152,900009,6a22834,v2_nested_200x10,1,1,0,success,74,44.689269502736764,41.51979367252276,12.185496399711843,56,1,30.0,0.45,20.0,1.0,25,1,200,0.002,100,10.0,1.0,0,52,0,0.7027027027027027,0.3775841076072566,-0.6305270710297677,-1.9652187375538723,0.02125901485254887,0.035513258935066856,0.06669655932398513,1.087903394263167,1.3482857266682506,0.37191973698194386,0.1876264878088611,0.9094550523658269,1.035990279226183,1.0540354477810208,263.9100666666286
1530,41530,40153,900000,6a22834,v2_nested_200x10,1,1,1,success,46,14.144494965076818,23.220739957395477,8.309880351132245,41,1,30.0,0.45,20.0,1.0,25,1,200,0.002,100,10.0,1.0,0,30,0,0.6521739130434783,0.31174737262340024,-0.2133109215099418,-1.843392996763759,0.026845748795136373,0.03075735956751912,0.11551485309176876,1.8378130622004516,0.6871081942727228,0.3477576034209844,0.308371678834755,1.0128877455353917,1.060292679408803,0.9376047543973169,281.053309591569
1531,41531,40153,900001,6a22834,v2_nested_200x10,1,1,1,success,53,4.84092457182357,9.000012395174101,7.770695201151467,43,1,30.0,0.45,20.0,1.0,25,1,200,0.002,100,10.0,1.0,0,31,0,0.5849056603773585,0.31174737262340024,-0.2133109215099418,-1.843392996763759,0.026845748795136373,0.03075735956751912,0.11551485309176876,1.8378130622004516,0.6871081942727228,0.3477576034209844,0.308371678834755,1.0128877455353917,1.060292679408803,0.9376047543973169,276.72870144827897
1532,41532,40153,900002,6a22834,v2_nested_200x10,1,1,1,success,47,15.971961686050838,17.08424696700235,4.645576225957006,43,1,30.0,0.45,20.0,1.0,25,1,200,0.002,100,10.0,1.0,0,34,0,0.723404255319149,0.31174737262340024,-0.2133109215099418,-1.843392996763759,0.026845748795136373,0.03075735956751912,0.11551485309176876,1.8378130622004516,0.6871081942727228,0.3477576034209844,0.308371678834755,1.0128877455353917,1.060292679408803,0.9376047543973169,278.43026053802953
1533,41533,40153,900003,6a22834,v2_nested_200x10,1,1,0,success,46,8.922397712904429,nan,nan,-1,1,30.0,0.45,20.0,1.0,25,1,200,0.002,100,10.0,1.0,0,26,0,0.5652173913043478,0.31174737262340024,-0.2133109215099418,-1.843392996763759,0.026845748795136373,0.03075735956751912,0.11551485309176876,1.8378130622004516,0.6871081942727228,0.3477576034209844,0.308371678834755,1.0128877455353917,1.060292679408803,0.9376047543973169,248.85353102898407
1534,41534,40153,900004,6a22834,v2_nested_200x10,1,1,1,success,59,11.317608699871084,14.134507528113334,1.8092556587880688,51,1,30.0,0.45,20.0,1.0,25,1,200,0.002,100,10.0,1.0,0,42,0,0.711864406779661,0.31174737262340024,-0.2133109215099418,-1.843392996763759,0.026845748795136373,0.03075735956751912,0.11551485309176876,1.8378130622004516,0.6871081942727228,0.3477576034209844,0.308371678834755,1.0128877455353917,1.060292679408803,0.9376047543973169,281.0303587963962
1535,41535,40153,900005,6a22834,v2_nested_200x10,1,1,1,success,45,10.278217607376662,16.394198143212673,5.364819831940504,39,1,30.0,0.45,20.0,1.0,25,1,200,0.002,100,10.0,1.0,0,25,0,0.5555555555555556,0.31174737262340024,-0.2133109215099418,-1.843392996763759,0.026845748795136373,0.03075735956751912,0.11551485309176876,1.8378130622004516,0.6871081942727228,0.3477576034209844,0.308371678834755,1.0128877455353917,1.060292679408803,0.9376047543973169,250.33815810683325
1536,41536,40153,900006,6a22834,v2_nested_200x10,1,1,1,success,46,8.322755818815539,28.939592883523254,15.724415361019862,40,1,30.0,0.45,20.0,1.0,25,1,200,0.002,100,10.0,1.0,0,29,0,0.6304347826086957,0.31174737262340024,-0.2133109215099418,-1.843392996763759,0.026845748795136373,0.03075735956751912,0.11551485309176876,1.8378130622004516,0.6871081942727228,0.3477576034209844,0.308371678834755,1.0128877455353917,1.060292679408803,0.9376047543973169,278.0184131577231
1537,41537,40153,900007,6a22834,v2_nested_200x10,1,1,1,success,43,8.916632577439929,11.445129578418367,2.321109630741869,40,1,30.0,0.45,20.0,1.0,25,1,200,0.002,100,10.0,1.0,0,29,0,0.6744186046511628,0.31174737262340024,-0.2133109215099418,-1.843392996763759,0.026845748795136373,0.03075735956751912,0.11551485309176876,1.8378130622004516,0.6871081942727228,0.3477576034209844,0.308371678834755,1.0128877455353917,1.060292679408803,0.9376047543973169,275.5511147847095
1538,41538,40153,900008,6a22834,v2_nested_200x10,1,1,1,success,52,10.443797597917397,13.610979829935939,0.3089215111508479,44,1,30.0,0.45,20.0,1.0,25,1,200,0.002,100,10.0,1.0,0,42,0,0.8076923076923077,0.31174737262340024,-0.2133109215099418,-1.843392996763759,0.026845748795136373,0.03075735956751912,0.11551485309176876,1.8378130622004516,0.6871081942727228,0.3477576034209844,0.308371678834755,1.0128877455353917,1.060292679408803,0.9376047543973169,277.09457210095275
1539,41539,40153,900009,6a22834,v2_nested_200x10,0,0,0,timeout,200,141.080741201264,nan,nan,-1,1,30.0,0.45,20.0,1.0,25,1,200,0.002,100,10.0,1.0,0,181,0,0.905,0.31174737262340024,-0.2133109215099418,-1.843392996763759,0.026845748795136373,0.03075735956751912,0.11551485309176876,1.8378130622004516,0.6871081942727228,0.3477576034209844,0.308371678834755,1.0128877455353917,1.060292679408803,0.9376047543973169,-12.31222912500601
1540,41540,40154,900000,6a22834,v2_nested_200x10,1,1,1,success,65,29.689967095112387,5.164879957340782,10.847123888540425,49,1,30.0,0.45,20.0,1.0,25,1,200,0.002,100,10.0,1.0,0,48,0,0.7384615384615385,0.31210140145017196,-0.46118025271687796,0.8169124984187515,0.024611765933672137,0.030674775690504967,0.07319186823688287,1.0661122569043806,0.7201712246891808,0.37485971298922044,0.3557730423503017,1.0002922683240756,1.0333518741452328,0.975123148267147,280.2933960119433
1541,41541,40154,900001,6a22834,v2_nested_200x10,1,1,1,success,59,19.34485650339711,5.556879605529754,4.13627928647253,53,1,30.0,0.45,20.0,1.0,25,1,200,0.002,100,10.0,1.0,0,36,0,0.6101694915254238,0.31210140145017196,-0.46118025271687796,0.8169124984187515,0.024611765933672137,0.030674775690504967,0.07319186823688287,1.0661122569043806,0.7201712246891808,0.37485971298922044,0.3557730423503017,1.0002922683240756,1.0333518741452328,0.975123148267147,281.3148504273652
1542,41542,40154,900002,6a22834,v2_nested_200x10,1,1,1,success,53,13.430735241495949,11.25065059773512,3.0611225856034916,49,1,30.0,0.45,20.0,1.0,25,1,200,0.002,100,10.0,1.0,0,43,0,0.8113207547169812,0.31210140145017196,-0.46118025271687796,0.8169124984187515,0.024611765933672137,0.030674775690504967,0.07319186823688287,1.0661122569043806,0.7201712246891808,0.37485971298922044,0.3557730423503017,1.0002922683240756,1.0333518741452328,0.975123148267147,284.51510581226853
1543,41543,40154,900003,6a22834,v2_nested_200x10,1,1,1,success,55,27.605988554373678,12.32525462371557,8.050078428579484,50,1,30.0,0.45,20.0,1.0,25,1,200,0.002,100,10.0,1.0,0,42,0,0.7636363636363637,0.31210140145017196,-0.46118025271687796,0.8169124984187515,0.024611765933672137,0.030674775690504967,0.07319186823688287,1.0661122569043806,0.7201712246891808,0.37485971298922044,0.3557730423503017,1.0002922683240756,1.0333518741452328,0.975123148267147,283.8010998091135
1544,41544,40154,900004,6a22834,v2_nested_200x10,1,1,1,success,56,24.09940452172114,7.9712875835425825,2.2032891336971425,51,1,30.0,0.45,20.0,1.0,25,1,200,0.002,100,10.0,1.0,0,44,0,0.7857142857142857,0.31210140145017196,-0.46118025271687796,0.8169124984187515,0.024611765933672137,0.030674775690504967,0.07319186823688287,1.0661122569043806,0.7201712246891808,0.37485971298922044,0.3557730423503017,1.0002922683240756,1.0333518741452328,0.975123148267147,283.5078832173836
1545,41545,40154,900005,6a22834,v2_nested_200x10,1,1,1,success,56,15.99050878421121,16.340626856481116,22.89425335100751,50,1,30.0,0.45,20.0,1.0,25,1,200,0.002,100,10.0,1.0,0,37,0,0.6607142857142857,0.31210140145017196,-0.46118025271687796,0.8169124984187515,0.024611765933672137,0.030674775690504967,0.07319186823688287,1.0661122569043806,0.7201712246891808,0.37485971298922044,0.3557730423503017,1.0002922683240756,1.0333518741452328,0.975123148267147,284.6467753338202
1546,41546,40154,900006,6a22834,v2_nested_200x10,1,1,1,success,54,11.475837825809759,9.350074127722907,6.521818419334858,50,1,30.0,0.45,20.0,1.0,25,1,200,0.002,100,10.0,1.0,0,39,0,0.7222222222222222,0.31210140145017196,-0.46118025271687796,0.8169124984187515,0.024611765933672137,0.030674775690504967,0.07319186823688287,1.0661122569043806,0.7201712246891808,0.37485971298922044,0.3557730423503017,1.0002922683240756,1.0333518741452328,0.975123148267147,284.6245878490272
1547,41547,40154,900007,6a22834,v2_nested_200x10,1,1,1,success,53,13.617536665576438,10.689263034524034,5.720095765228908,48,1,30.0,0.45,20.0,1.0,25,1,200,0.002,100,10.0,1.0,0,43,0,0.8113207547169812,0.31210140145017196,-0.46118025271687796,0.8169124984187515,0.024611765933672137,0.030674775690504967,0.07319186823688287,1.0661122569043806,0.7201712246891808,0.37485971298922044,0.3557730423503017,1.0002922683240756,1.0333518741452328,0.975123148267147,283.25253616419013
1548,41548,40154,900008,6a22834,v2_nested_200x10,1,1,1,success,54,17.24728660563067,10.035016728752954,2.0560070359200915,50,1,30.0,0.45,20.0,1.0,25,1,200,0.002,100,10.0,1.0,0,37,0,0.6851851851851852,0.31210140145017196,-0.46118025271687796,0.8169124984187515,0.024611765933672137,0.030674775690504967,0.07319186823688287,1.0661122569043806,0.7201712246891808,0.37485971298922044,0.3557730423503017,1.0002922683240756,1.0333518741452328,0.975123148267147,284.5856145486351
1549,41549,40154,900009,6a22834,v2_nested_200x10,1,1,1,success,54,18.980681157801655,6.800412950865228,4.145731530978231,51,1,30.0,0.45,20.0,1.0,25,1,200,0.002,100,10.0,1.0,0,41,0,0.7592592592592593,0.31210140145017196,-0.46118025271687796,0.8169124984187515,0.024611765933672137,0.030674775690504967,0.07319186823688287,1.0661122569043806,0.7201712246891808,0.37485971298922044,0.3557730423503017,1.0002922683240756,1.0333518741452328,0.975123148267147,283.02745180469685
1550,41550,40155,900000,6a22834,v2_nested_200x10,1,1,1,success,61,16.980052445797025,33.061848657547344,5.203891357602042,54,1,30.0,0.45,20.0,1.0,25,1,200,0.002,100,10.0,1.0,0,49,0,0.8032786885245902,0.3654882186633242,-0.6387489770204626,2.3338631445095173,0.023443888601523768,0.03791248680765064,0.048695893629224635,1.665170212090707,0.998081895132984,0.3888280079620645,0.32414741533006103,0.9966926236691798,1.0605888339749165,1.0643979108997732,290.0012677251323
1551,41551,40155,900001,6a22834,v2_nested_200x10,1,1,1,success,65,10.320731997526918,19.169115898274335,4.571706914132681,59,1,30.0,0.45,20.0,1.0,25,1,200,0.002,100,10.0,1.0,0,50,0,0.7692307692307693,0.3654882186633242,-0.6387489770204626,2.3338631445095173,0.023443888601523768,0.03791248680765064,0.048695893629224635,1.665170212090707,0.998081895132984,0.3888280079620645,0.32414741533006103,0.9966926236691798,1.0605888339749165,1.0643979108997732,290.2047669108351
1552,41552,40155,900002,6a22834,v2_nested_200x10,1,1,1,success,68,2.1691080066720443,23.96474202321929,9.218796489342967,56,1,30.0,0.45,20.0,1.0,25,1,200,0.002,100,10.0,1.0,0,54,0,0.7941176470588235,0.3654882186633242,-0.6387489770204626,2.3338631445095173,0.023443888601523768,0.03791248680765064,0.048695893629224635,1.665170212090707,0.998081895132984,0.3888280079620645,0.32414741533006103,0.9966926236691798,1.0605888339749165,1.0643979108997732,292.10505993391916
1553,41553,40155,900003,6a22834,v2_nested_200x10,1,1,1,success,66,21.81992521086825,22.179552483185415,5.227249913042494,57,1,30.0,0.45,20.0,1.0,25,1,200,0.002,100,10.0,1.0,0,45,0,0.6818181818181818,0.3654882186633242,-0.6387489770204626,2.3338631445095173,0.023443888601523768,0.03791248680765064,0.048695893629224635,1.665170212090707,0.998081895132984,0.3888280079620645,0.32414741533006103,0.9966926236691798,1.0605888339749165,1.0643979108997732,289.2283750850993
1554,41554,40155,900004,6a22834,v2_nested_200x10,1,1,1,success,66,3.707792501860331,14.514763405642018,7.552484843042779,58,1,30.0,0.45,20.0,1.0,25,1,200,0.002,100,10.0,1.0,0,49,0,0.7424242424242424,0.3654882186633242,-0.6387489770204626,2.3338631445095173,0.023443888601523768,0.03791248680765064,0.048695893629224635,1.665170212090707,0.998081895132984,0.3888280079620645,0.32414741533006103,0.9966926236691798,1.0605888339749165,1.0643979108997732,291.05318515653204
1555,41555,40155,900005,6a22834,v2_nested_200x10,1,1,1,success,65,9.254334137106852,17.225346901378675,4.205758822908621,58,1,30.0,0.45,20.0,1.0,25,1,200,0.002,100,10.0,1.0,0,51,0,0.7846153846153846,0.3654882186633242,-0.6387489770204626,2.3338631445095173,0.023443888601523768,0.03791248680765064,0.048695893629224635,1.665170212090707,0.998081895132984,0.3888280079620645,0.32414741533006103,0.9966926236691798,1.0605888339749165,1.0643979108997732,290.8382072887889
1556,41556,40155,900006,6a22834,v2_nested_200x10,1,1,1,success,67,20.02363052262249,26.530812771673553,6.704833829361964,56,1,30.0,0.45,20.0,1.0,25,1,200,0.002,100,10.0,1.0,0,48,0,0.7164179104477612,0.3654882186633242,-0.6387489770204626,2.3338631445095173,0.023443888601523768,0.03791248680765064,0.048695893629224635,1.665170212090707,0.998081895132984,0.3888280079620645,0.32414741533006103,0.9966926236691798,1.0605888339749165,1.0643979108997732,290.9132106525259
1557,41557,40155,900007,6a22834,v2_nested_200x10,1,1,1,success,62,9.545655494418085,26.832238286736622,6.916205777931281,55,1,30.0,0.45,20.0,1.0,25,1,200,0.002,100,10.0,1.0,0,49,0,0.7903225806451613,0.3654882186633242,-0.6387489770204626,2.3338631445095173,0.023443888601523768,0.03791248680765064,0.048695893629224635,1.665170212090707,0.998081895132984,0.3888280079620645,0.32414741533006103,0.9966926236691798,1.0605888339749165,1.0643979108997732,289.939677158293
1558,41558,40155,900008,6a22834,v2_nested_200x10,1,1,1,success,63,6.162169798807233,19.052971070241327,2.3730495776667913,56,1,30.0,0.45,20.0,1.0,25,1,200,0.002,100,10.0,1.0,0,53,0,0.8412698412698413,0.3654882186633242,-0.6387489770204626,2.3338631445095173,0.023443888601523768,0.03791248680765064,0.048695893629224635,1.665170212090707,0.998081895132984,0.3888280079620645,0.32414741533006103,0.9966926236691798,1.0605888339749165,1.0643979108997732,289.13916122880863
1559,41559,40155,900009,6a22834,v2_nested_200x10,1,1,1,success,65,14.029798355024486,27.550286020310875,1.3214206170654341,57,1,30.0,0.45,20.0,1.0,25,1,200,0.002,100,10.0,1.0,0,46,0,0.7076923076923077,0.3654882186633242,-0.6387489770204626,2.3338631445095173,0.023443888601523768,0.03791248680765064,0.048695893629224635,1.665170212090707,0.998081895132984,0.3888280079620645,0.32414741533006103,0.9966926236691798,1.0605888339749165,1.0643979108997732,291.7431864327251
1560,41560,40156,900000,6a22834,v2_nested_200x10,1,1,1,success,56,25.404679731572635,11.764755827229743,0.4076664454347527,52,1,30.0,0.45,20.0,1.0,25,1,200,0.002,100,10.0,1.0,0,46,0,0.8214285714285714,0.33670855621182094,-0.5565585740644516,1.0763965063215766,0.025351371575133095,0.03886360461226948,0.09495346385435462,1.6069871030949365,0.8097047957586965,0.3894390781397268,0.18639127656953344,0.9408652727186324,0.9486873472305931,1.162527633445866,283.0224618998136
1561,41561,40156,900001,6a22834,v2_nested_200x10,1,1,1,success,56,24.604004635493762,7.43192072920949,7.227283211128169,49,1,30.0,0.45,20.0,1.0,25,1,200,0.002,100,10.0,1.0,0,40,0,0.7142857142857143,0.33670855621182094,-0.5565585740644516,1.0763965063215766,0.025351371575133095,0.03886360461226948,0.09495346385435462,1.6069871030949365,0.8097047957586965,0.3894390781397268,0.18639127656953344,0.9408652727186324,0.9486873472305931,1.162527633445866,282.79515168350224
1562,41562,40156,900002,6a22834,v2_nested_200x10,1,1,1,success,60,15.215450754879056,8.411471884917422,3.3043731034673587,55,1,30.0,0.45,20.0,1.0,25,1,200,0.002,100,10.0,1.0,0,44,0,0.7333333333333333,0.33670855621182094,-0.5565585740644516,1.0763965063215766,0.025351371575133095,0.03886360461226948,0.09495346385435462,1.6069871030949365,0.8097047957586965,0.3894390781397268,0.18639127656953344,0.9408652727186324,0.9486873472305931,1.162527633445866,284.81405105575107
1563,41563,40156,900003,6a22834,v2_nested_200x10,1,1,1,success,54,20.75564181150763,12.230768626110637,0.2547443796221172,51,1,30.0,0.45,20.0,1.0,25,1,200,0.002,100,10.0,1.0,0,42,0,0.7777777777777778,0.33670855621182094,-0.5565585740644516,1.0763965063215766,0.025351371575133095,0.03886360461226948,0.09495346385435462,1.6069871030949365,0.8097047957586965,0.3894390781397268,0.18639127656953344,0.9408652727186324,0.9486873472305931,1.162527633445866,282.87800316073753
1564,41564,40156,900004,6a22834,v2_nested_200x10,1,1,1,success,54,34.30023857078284,14.771305812051024,9.310656851334102,47,1,30.0,0.45,20.0,1.0,25,1,200,0.002,100,10.0,1.0,0,39,0,0.7222222222222222,0.33670855621182094,-0.5565585740644516,1.0763965063215766,0.025351371575133095,0.03886360461226948,0.09495346385435462,1.6069871030949365,0.8097047957586965,0.3894390781397268,0.18639127656953344,0.9408652727186324,0.9486873472305931,1.162527633445866,284.47197874136964
1565,41565,40156,900005,6a22834,v2_nested_200x10,1,1,1,success,54,15.721214218655726,14.366794094992638,6.142475842050931,46,1,30.0,0.45,20.0,1.0,25,1,200,0.002,100,10.0,1.0,0,41,0,0.7592592592592593,0.33670855621182094,-0.5565585740644516,1.0763965063215766,0.025351371575133095,0.03886360461226948,0.09495346385435462,1.6069871030949365,0.8097047957586965,0.3894390781397268,0.18639127656953344,0.9408652727186324,0.9486873472305931,1.162527633445866,282.06508745087984
1566,41566,40156,900006,6a22834,v2_nested_200x10,1,1,1,success,61,22.087058068774898,5.5102658813443295,8.026825186139343,55,1,30.0,0.45,20.0,1.0,25,1,200,0.002,100,10.0,1.0,0,43,0,0.7049180327868853,0.33670855621182094,-0.5565585740644516,1.0763965063215766,0.025351371575133095,0.03886360461226948,0.09495346385435462,1.6069871030949365,0.8097047957586965,0.3894390781397268,0.18639127656953344,0.9408652727186324,0.9486873472305931,1.162527633445866,280.64330644164784
1567,41567,40156,900007,6a22834,v2_nested_200x10,1,1,1,success,54,16.202153797147673,17.082906329588862,6.0773333165147925,47,1,30.0,0.45,20.0,1.0,25,1,200,0.002,100,10.0,1.0,0,38,0,0.7037037037037037,0.33670855621182094,-0.5565585740644516,1.0763965063215766,0.025351371575133095,0.03886360461226948,0.09495346385435462,1.6069871030949365,0.8097047957586965,0.3894390781397268,0.18639127656953344,0.9408652727186324,0.9486873472305931,1.162527633445866,283.77667894823514
1568,41568,40156,900008,6a22834,v2_nested_200x10,1,1,1,success,60,21.025310798776797,2.7976176395987324,3.6108116521284974,48,1,30.0,0.45,20.0,1.0,25,1,200,0.002,100,10.0,1.0,0,28,0,0.4666666666666667,0.33670855621182094,-0.5565585740644516,1.0763965063215766,0.025351371575133095,0.03886360461226948,0.09495346385435462,1.6069871030949365,0.8097047957586965,0.3894390781397268,0.18639127656953344,0.9408652727186324,0.9486873472305931,1.162527633445866,281.006677665679
1569,41569,40156,900009,6a22834,v2_nested_200x10,1,1,1,success,54,26.349316755672177,12.132614135165404,7.887087889480558,49,1,30.0,0.45,20.0,1.0,25,1,200,0.002,100,10.0,1.0,0,41,0,0.7592592592592593,0.33670855621182094,-0.5565585740644516,1.0763965063215766,0.025351371575133095,0.03886360461226948,0.09495346385435462,1.6069871030949365,0.8097047957586965,0.3894390781397268,0.18639127656953344,0.9408652727186324,0.9486873472305931,1.162527633445866,283.1529920367026
1570,41570,40157,900000,6a22834,v2_nested_200x10,1,1,1,success,54,13.868544963019652,12.098466774896103,4.5192349432205745,50,1,30.0,0.45,20.0,1.0,25,1,200,0.002,100,10.0,1.0,0,47,0,0.8703703703703703,0.31277510097242023,-0.4056648291692683,-0.6991213595161478,0.021863566601846126,0.03392175651270169,0.0519715753803811,1.5148280370006213,1.1722846327656036,0.3559828802258678,0.6761353621060175,1.0032889361283757,1.066573756286462,1.2628342606321403,286.3189635808445
1571,41571,40157,900001,6a22834,v2_nested_200x10,1,1,1,success,57,25.118248611341656,26.192937907846602,1.307373083841472,52,1,30.0,0.45,20.0,1.0,25,1,200,0.002,100,10.0,1.0,0,43,0,0.7543859649122807,0.31277510097242023,-0.4056648291692683,-0.6991213595161478,0.021863566601846126,0.03392175651270169,0.0519715753803811,1.5148280370006213,1.1722846327656036,0.3559828802258678,0.6761353621060175,1.0032889361283757,1.066573756286462,1.2628342606321403,283.17832623920617
1572,41572,40157,900002,6a22834,v2_nested_200x10,1,1,1,success,57,27.079528612407092,21.80461240573732,5.808599981728788,51,1,30.0,0.45,20.0,1.0,25,1,200,0.002,100,10.0,1.0,0,48,0,0.8421052631578947,0.31277510097242023,-0.4056648291692683,-0.6991213595161478,0.021863566601846126,0.03392175651270169,0.0519715753803811,1.5148280370006213,1.1722846327656036,0.3559828802258678,0.6761353621060175,1.0032889361283757,1.066573756286462,1.2628342606321403,285.3690626390153
1573,41573,40157,900003,6a22834,v2_nested_200x10,1,1,1,success,57,23.397065248920594,17.53236231036263,6.377299654034327,52,1,30.0,0.45,20.0,1.0,25,1,200,0.002,100,10.0,1.0,0,48,0,0.8421052631578947,0.31277510097242023,-0.4056648291692683,-0.6991213595161478,0.021863566601846126,0.03392175651270169,0.0519715753803811,1.5148280370006213,1.1722846327656036,0.3559828802258678,0.6761353621060175,1.0032889361283757,1.066573756286462,1.2628342606321403,286.88354148879205
1574,41574,40157,900004,6a22834,v2_nested_200x10,1,1,1,success,58,24.969855459673564,32.46602697980964,10.158195678340874,52,1,30.0,0.45,20.0,1.0,25,1,200,0.002,100,10.0,1.0,0,49,0,0.8448275862068966,0.31277510097242023,-0.4056648291692683,-0.6991213595161478,0.021863566601846126,0.03392175651270169,0.0519715753803811,1.5148280370006213,1.1722846327656036,0.3559828802258678,0.6761353621060175,1.0032889361283757,1.066573756286462,1.2628342606321403,285.1881307050583
1575,41575,40157,900005,6a22834,v2_nested_200x10,1,1,1,success,54,20.23411146846305,31.547345638244526,7.094685602068822,50,1,30.0,0.45,20.0,1.0,25,1,200,0.002,100,10.0,1.0,0,45,0,0.8333333333333334,0.31277510097242023,-0.4056648291692683,-0.6991213595161478,0.021863566601846126,0.03392175651270169,0.0519715753803811,1.5148280370006213,1.1722846327656036,0.3559828802258678,0.6761353621060175,1.0032889361283757,1.066573756286462,1.2628342606321403,284.9197795752348
1576,41576,40157,900006,6a22834,v2_nested_200x10,1,1,1,success,58,12.406683507826799,8.872598324462356,3.375451138196676,54,1,30.0,0.45,20.0,1.0,25,1,200,0.002,100,10.0,1.0,0,45,0,0.7758620689655172,0.31277510097242023,-0.4056648291692683,-0.6991213595161478,0.021863566601846126,0.03392175651270169,0.0519715753803811,1.5148280370006213,1.1722846327656036,0.3559828802258678,0.6761353621060175,1.0032889361283757,1.066573756286462,1.2628342606321403,285.1015343924546
1577,41577,40157,900007,6a22834,v2_nested_200x10,1,1,1,success,57,15.133313533680031,8.373936546453335,2.2009139975531515,52,1,30.0,0.45,20.0,1.0,25,1,200,0.002,100,10.0,1.0,0,50,0,0.8771929824561403,0.31277510097242023,-0.4056648291692683,-0.6991213595161478,0.021863566601846126,0.03392175651270169,0.0519715753803811,1.5148280370006213,1.1722846327656036,0.3559828802258678,0.6761353621060175,1.0032889361283757,1.066573756286462,1.2628342606321403,286.24284468190956
1578,41578,40157,900008,6a22834,v2_nested_200x10,1,1,1,success,59,23.473226106454984,14.018677910028831,5.86266942845398,54,1,30.0,0.45,20.0,1.0,25,1,200,0.002,100,10.0,1.0,0,51,0,0.864406779661017,0.31277510097242023,-0.4056648291692683,-0.6991213595161478,0.021863566601846126,0.03392175651270169,0.0519715753803811,1.5148280370006213,1.1722846327656036,0.3559828802258678,0.6761353621060175,1.0032889361283757,1.066573756286462,1.2628342606321403,285.3045161634287
1579,41579,40157,900009,6a22834,v2_nested_200x10,1,1,1,success,53,12.97327040422579,15.475994105297893,2.806256831072515,49,1,30.0,0.45,20.0,1.0,25,1,200,0.002,100,10.0,1.0,0,43,0,0.8113207547169812,0.31277510097242023,-0.4056648291692683,-0.6991213595161478,0.021863566601846126,0.03392175651270169,0.0519715753803811,1.5148280370006213,1.1722846327656036,0.3559828802258678,0.6761353621060175,1.0032889361283757,1.066573756286462,1.2628342606321403,284.9468406876891
1580,41580,40158,900000,6a22834,v2_nested_200x10,1,1,1,success,66,24.150099137790647,13.903112658848409,22.310249525360625,55,1,30.0,0.45,20.0,1.0,25,1,200,0.002,100,10.0,1.0,0,39,0,0.5909090909090909,0.3510350381290807,-0.7219902762189939,2.4878823675726798,0.023515991816678263,0.03390869246449438,0.040508030509707346,1.2644599991853822,1.3673311216403263,0.368186221503475,0.3026378811479979,0.9149613621405314,0.9648159684073419,0.99618169307166,291.43742249619197
1581,41581,40158,900001,6a22834,v2_nested_200x10,1,1,1,success,65,13.381187114996086,11.058414414182101,7.622811016464234,57,1,30.0,0.45,20.0,1.0,25,1,200,0.002,100,10.0,1.0,0,39,0,0.6,0.3510350381290807,-0.7219902762189939,2.4878823675726798,0.023515991816678263,0.03390869246449438,0.040508030509707346,1.2644599991853822,1.3673311216403263,0.368186221503475,0.3026378811479979,0.9149613621405314,0.9648159684073419,0.99618169307166,291.9741422260366
1582,41582,40158,900002,6a22834,v2_nested_200x10,1,1,1,success,62,6.2620612506947335,14.59081641188459,14.433447274573112,55,1,30.0,0.45,20.0,1.0,25,1,200,0.002,100,10.0,1.0,0,47,0,0.7580645161290323,0.3510350381290807,-0.7219902762189939,2.4878823675726798,0.023515991816678263,0.03390869246449438,0.040508030509707346,1.2644599991853822,1.3673311216403263,0.368186221503475,0.3026378811479979,0.9149613621405314,0.9648159684073419,0.99618169307166,291.3414646916764
1583,41583,40158,900003,6a22834,v2_nested_200x10,1,1,1,success,64,13.080453170430369,10.014411536844602,0.7678194269568537,61,1,30.0,0.45,20.0,1.0,25,1,200,0.002,100,10.0,1.0,0,40,0,0.625,0.3510350381290807,-0.7219902762189939,2.4878823675726798,0.023515991816678263,0.03390869246449438,0.040508030509707346,1.2644599991853822,1.3673311216403263,0.368186221503475,0.3026378811479979,0.9149613621405314,0.9648159684073419,0.99618169307166,291.4591550291527
1584,41584,40158,900004,6a22834,v2_nested_200x10,1,1,1,success,62,10.191825617089156,13.573078498892178,8.651303044870065,55,1,30.0,0.45,20.0,1.0,25,1,200,0.002,100,10.0,1.0,0,38,0,0.6129032258064516,0.3510350381290807,-0.7219902762189939,2.4878823675726798,0.023515991816678263,0.03390869246449438,0.040508030509707346,1.2644599991853822,1.3673311216403263,0.368186221503475,0.3026378811479979,0.9149613621405314,0.9648159684073419,0.99618169307166,291.56227635762673
1585,41585,40158,900005,6a22834,v2_nested_200x10,1,1,1,success,61,11.97267725135445,17.528812887842612,2.779248117534633,54,1,30.0,0.45,20.0,1.0,25,1,200,0.002,100,10.0,1.0,0,38,0,0.6229508196721312,0.3510350381290807,-0.7219902762189939,2.4878823675726798,0.023515991816678263,0.03390869246449438,0.040508030509707346,1.2644599991853822,1.3673311216403263,0.368186221503475,0.3026378811479979,0.9149613621405314,0.9648159684073419,0.99618169307166,289.03017061337755
1586,41586,40158,900006,6a22834,v2_nested_200x10,1,1,1,success,101,30.033251055190338,32.1085103579614,1.4461750618390015,97,1,30.0,0.45,20.0,1.0,25,1,200,0.002,100,10.0,1.0,0,85,0,0.8415841584158416,0.3510350381290807,-0.7219902762189939,2.4878823675726798,0.023515991816678263,0.03390869246449438,0.040508030509707346,1.2644599991853822,1.3673311216403263,0.368186221503475,0.3026378811479979,0.9149613621405314,0.9648159684073419,0.99618169307166,280.2973013026776
1587,41587,40158,900007,6a22834,v2_nested_200x10,1,1,1,success,64,15.696271168211013,9.373882345378416,11.965131000637914,56,1,30.0,0.45,20.0,1.0,25,1,200,0.002,100,10.0,1.0,0,39,0,0.609375,0.3510350381290807,-0.7219902762189939,2.4878823675726798,0.023515991816678263,0.03390869246449438,0.040508030509707346,1.2644599991853822,1.3673311216403263,0.368186221503475,0.3026378811479979,0.9149613621405314,0.9648159684073419,0.99618169307166,292.2481206063704
1588,41588,40158,900008,6a22834,v2_nested_200x10,1,1,1,success,64,8.011062477026513,9.633005629565018,5.411282810322508,56,1,30.0,0.45,20.0,1.0,25,1,200,0.002,100,10.0,1.0,0,45,0,0.703125,0.3510350381290807,-0.7219902762189939,2.4878823675726798,0.023515991816678263,0.03390869246449438,0.040508030509707346,1.2644599991853822,1.3673311216403263,0.368186221503475,0.3026378811479979,0.9149613621405314,0.9648159684073419,0.99618169307166,292.9362562217532
1589,41589,40158,900009,6a22834,v2_nested_200x10,1,1,1,success,73,8.297462910779103,6.153033285222825,1.8307946753088782,70,1,30.0,0.45,20.0,1.0,25,1,200,0.002,100,10.0,1.0,0,49,0,0.6712328767123288,0.3510350381290807,-0.7219902762189939,2.4878823675726798,0.023515991816678263,0.03390869246449438,0.040508030509707346,1.2644599991853822,1.3673311216403263,0.368186221503475,0.3026378811479979,0.9149613621405314,0.9648159684073419,0.99618169307166,290.8249208169693
1590,41590,40159,900000,6a22834,v2_nested_200x10,1,1,1,success,54,8.167412740780774,28.301501153094208,18.359123925818704,46,1,30.0,0.45,20.0,1.0,25,1,200,0.002,100,10.0,1.0,0,44,0,0.8148148148148148,0.3415802324963527,-0.44304124041682547,0.9481917167607365,0.021466140516546592,0.039240433464488876,0.03782349139977075,1.7306797229642068,0.6839693085542206,0.3441668886745212,0.39669162956734033,0.9435728161913082,1.015764306343438,1.1509146616098658,284.8288692547128
1591,41591,40159,900001,6a22834,v2_nested_200x10,1,1,1,success,56,7.854377262784836,20.378501092356302,13.912852160954102,46,1,30.0,0.45,20.0,1.0,25,1,200,0.002,100,10.0,1.0,0,50,0,0.8928571428571429,0.3415802324963527,-0.44304124041682547,0.9481917167607365,0.021466140516546592,0.039240433464488876,0.03782349139977075,1.7306797229642068,0.6839693085542206,0.3441668886745212,0.39669162956734033,0.9435728161913082,1.015764306343438,1.1509146616098658,286.2480730023073
1592,41592,40159,900002,6a22834,v2_nested_200x10,0,1,0,timeout,200,63.97285258053327,13.882179821572006,77.89936624418709,45,1,30.0,0.45,20.0,1.0,25,1,200,0.002,100,10.0,1.0,0,191,0,0.955,0.3415802324963527,-0.44304124041682547,0.9481917167607365,0.021466140516546592,0.039240433464488876,0.03782349139977075,1.7306797229642068,0.6839693085542206,0.3441668886745212,0.39669162956734033,0.9435728161913082,1.015764306343438,1.1509146616098658,44.82527702556325
1593,41593,40159,900003,6a22834,v2_nested_200x10,1,1,1,success,54,5.13844764955157,15.646249351945658,13.984261306325664,47,1,30.0,0.45,20.0,1.0,25,1,200,0.002,100,10.0,1.0,0,46,0,0.8518518518518519,0.3415802324963527,-0.44304124041682547,0.9481917167607365,0.021466140516546592,0.039240433464488876,0.03782349139977075,1.7306797229642068,0.6839693085542206,0.3441668886745212,0.39669162956734033,0.9435728161913082,1.015764306343438,1.1509146616098658,286.25062410619296
1594,41594,40159,900004,6a22834,v2_nested_200x10,1,1,1,success,56,4.7672602209187245,7.700274808388998,5.9239527641676375,50,1,30.0,0.45,20.0,1.0,25,1,200,0.002,100,10.0,1.0,1,50,0,0.8928571428571429,0.3415802324963527,-0.44304124041682547,0.9481917167607365,0.021466140516546592,0.039240433464488876,0.03782349139977075,1.7306797229642068,0.6839693085542206,0.3441668886745212,0.39669162956734033,0.9435728161913082,1.015764306343438,1.1509146616098658,286.28332786915905
1595,41595,40159,900005,6a22834,v2_nested_200x10,1,1,1,success,52,11.043284947751348,26.316040238776907,18.941073600914738,45,1,30.0,0.45,20.0,1.0,25,1,200,0.002,100,10.0,1.0,0,43,0,0.8269230769230769,0.3415802324963527,-0.44304124041682547,0.9481917167607365,0.021466140516546592,0.039240433464488876,0.03782349139977075,1.7306797229642068,0.6839693085542206,0.3441668886745212,0.39669162956734033,0.9435728161913082,1.015764306343438,1.1509146616098658,285.41612550986724
1596,41596,40159,900006,6a22834,v2_nested_200x10,1,1,1,success,57,7.137240317298612,10.385366448605412,17.98902656008839,47,1,30.0,0.45,20.0,1.0,25,1,200,0.002,100,10.0,1.0,1,51,0,0.8947368421052632,0.3415802324963527,-0.44304124041682547,0.9481917167607365,0.021466140516546592,0.039240433464488876,0.03782349139977075,1.7306797229642068,0.6839693085542206,0.3441668886745212,0.39669162956734033,0.9435728161913082,1.015764306343438,1.1509146616098658,285.05038866206974
1597,41597,40159,900007,6a22834,v2_nested_200x10,1,1,1,success,53,14.968785982953474,20.134123927457047,16.605927139966976,46,1,30.0,0.45,20.0,1.0,25,1,200,0.002,100,10.0,1.0,0,49,0,0.9245283018867925,0.3415802324963527,-0.44304124041682547,0.9481917167607365,0.021466140516546592,0.039240433464488876,0.03782349139977075,1.7306797229642068,0.6839693085542206,0.3441668886745212,0.39669162956734033,0.9435728161913082,1.015764306343438,1.1509146616098658,287.44651317097924
1598,41598,40159,900008,6a22834,v2_nested_200x10,1,1,1,success,53,12.7089515834536,26.999504678298432,0.11850881306833931,50,1,30.0,0.45,20.0,1.0,25,1,200,0.002,100,10.0,1.0,0,49,0,0.9245283018867925,0.3415802324963527,-0.44304124041682547,0.9481917167607365,0.021466140516546592,0.039240433464488876,0.03782349139977075,1.7306797229642068,0.6839693085542206,0.3441668886745212,0.39669162956734033,0.9435728161913082,1.015764306343438,1.1509146616098658,284.6337630866386
1599,41599,40159,900009,6a22834,v2_nested_200x10,1,1,1,success,55,11.942194242628648,23.708200193322913,18.60792993003634,44,1,30.0,0.45,20.0,1.0,25,1,200,0.002,100,10.0,1.0,0,50,0,0.9090909090909091,0.3415802324963527,-0.44304124041682547,0.9481917167607365,0.021466140516546592,0.039240433464488876,0.03782349139977075,1.7306797229642068,0.6839693085542206,0.3441668886745212,0.39669162956734033,0.9435728161913082,1.015764306343438,1.1509146616098658,284.5772705533281
1600,41600,40160,900000,6a22834,v2_nested_200x10,1,1,1,success,64,14.485439693104269,10.365963832653142,2.6360118985186833,55,1,30.0,0.45,20.0,1.0,25,1,200,0.002,100,10.0,1.0,0,47,0,0.734375,0.30035976353542476,-0.666446482262744,0.8059428792580476,0.02397854901219259,0.04013053834063793,0.07671724316823426,1.1186041856929858,1.0692295968521608,0.31725992427538163,0.6784125891276814,0.8899961816755234,0.9883174684883026,1.0908465794880358,288.40319424525524
1601,41601,40160,900001,6a22834,v2_nested_200x10,1,1,1,success,62,10.582610992412857,21.765828514912545,11.257708144191424,56,1,30.0,0.45,20.0,1.0,25,1,200,0.002,100,10.0,1.0,0,44,0,0.7096774193548387,0.30035976353542476,-0.666446482262744,0.8059428792580476,0.02397854901219259,0.04013053834063793,0.07671724316823426,1.1186041856929858,1.0692295968521608,0.31725992427538163,0.6784125891276814,0.8899961816755234,0.9883174684883026,1.0908465794880358,287.369096249006
1602,41602,40160,900002,6a22834,v2_nested_200x10,0,1,1,timeout,200,30.411850909447015,31.12928729711629,0.0,200,1,30.0,0.45,20.0,1.0,25,1,200,0.002,100,10.0,1.0,0,185,0,0.925,0.30035976353542476,-0.666446482262744,0.8059428792580476,0.02397854901219259,0.04013053834063793,0.07671724316823426,1.1186041856929858,1.0692295968521608,0.31725992427538163,0.6784125891276814,0.8899961816755234,0.9883174684883026,1.0908465794880358,77.79274246594488
1603,41603,40160,900003,6a22834,v2_nested_200x10,1,1,1,success,68,26.379224205921744,17.44435093245655,7.736385894093627,56,1,30.0,0.45,20.0,1.0,25,1,200,0.002,100,10.0,1.0,0,48,0,0.7058823529411765,0.30035976353542476,-0.666446482262744,0.8059428792580476,0.02397854901219259,0.04013053834063793,0.07671724316823426,1.1186041856929858,1.0692295968521608,0.31725992427538163,0.6784125891276814,0.8899961816755234,0.9883174684883026,1.0908465794880358,285.0502531398676
1604,41604,40160,900004,6a22834,v2_nested_200x10,1,1,1,success,66,21.595439107857278,10.794260045264835,9.165032040463988,56,1,30.0,0.45,20.0,1.0,25,1,200,0.002,100,10.0,1.0,0,54,0,0.8181818181818182,0.30035976353542476,-0.666446482262744,0.8059428792580476,0.02397854901219259,0.04013053834063793,0.07671724316823426,1.1186041856929858,1.0692295968521608,0.31725992427538163,0.6784125891276814,0.8899961816755234,0.9883174684883026,1.0908465794880358,285.48926781503116
1605,41605,40160,900005,6a22834,v2_nested_200x10,1,1,1,success,67,26.372227866123957,21.539539627711633,7.453945295124879,55,1,30.0,0.45,20.0,1.0,25,1,200,0.002,100,10.0,1.0,0,51,0,0.7611940298507462,0.30035976353542476,-0.666446482262744,0.8059428792580476,0.02397854901219259,0.04013053834063793,0.07671724316823426,1.1186041856929858,1.0692295968521608,0.31725992427538163,0.6784125891276814,0.8899961816755234,0.9883174684883026,1.0908465794880358,287.45817348075326
1606,41606,40160,900006,6a22834,v2_nested_200x10,1,1,1,success,62,15.475354924064037,12.662442080867903,5.512266844164747,56,1,30.0,0.45,20.0,1.0,25,1,200,0.002,100,10.0,1.0,0,47,0,0.7580645161290323,0.30035976353542476,-0.666446482262744,0.8059428792580476,0.02397854901219259,0.04013053834063793,0.07671724316823426,1.1186041856929858,1.0692295968521608,0.31725992427538163,0.6784125891276814,0.8899961816755234,0.9883174684883026,1.0908465794880358,287.03216022819714
1607,41607,40160,900007,6a22834,v2_nested_200x10,1,1,1,success,78,19.126686751962893,11.175374793876149,5.786644494430036,56,1,30.0,0.45,20.0,1.0,25,1,200,0.002,100,10.0,1.0,0,66,0,0.8461538461538461,0.30035976353542476,-0.666446482262744,0.8059428792580476,0.02397854901219259,0.04013053834063793,0.07671724316823426,1.1186041856929858,1.0692295968521608,0.31725992427538163,0.6784125891276814,0.8899961816755234,0.9883174684883026,1.0908465794880358,286.44347995419525
1608,41608,40160,900008,6a22834,v2_nested_200x10,1,1,1,success,65,25.55390543169948,22.42644900424775,1.2933165752977895,61,1,30.0,0.45,20.0,1.0,25,1,200,0.002,100,10.0,1.0,0,51,0,0.7846153846153846,0.30035976353542476,-0.666446482262744,0.8059428792580476,0.02397854901219259,0.04013053834063793,0.07671724316823426,1.1186041856929858,1.0692295968521608,0.31725992427538163,0.6784125891276814,0.8899961816755234,0.9883174684883026,1.0908465794880358,289.32764716048734
1609,41609,40160,900009,6a22834,v2_nested_200x10,1,1,1,success,61,23.796664365244464,18.163965496960248,4.051756052563405,54,1,30.0,0.45,20.0,1.0,25,1,200,0.002,100,10.0,1.0,0,46,0,0.7540983606557377,0.30035976353542476,-0.666446482262744,0.8059428792580476,0.02397854901219259,0.04013053834063793,0.07671724316823426,1.1186041856929858,1.0692295968521608,0.31725992427538163,0.6784125891276814,0.8899961816755234,0.9883174684883026,1.0908465794880358,288.13197816216933
1610,41610,40161,900000,6a22834,v2_nested_200x10,1,1,1,success,60,23.551462557983726,25.641278077165655,14.724741126684075,52,1,30.0,0.45,20.0,1.0,25,1,200,0.002,100,10.0,1.0,0,46,0,0.7666666666666667,0.37432921997797736,-0.42455231704168267,-2.1817922404377095,0.02311952225798056,0.035716999301325,0.07531991259722479,1.4983809478535597,1.338117885290318,0.3879962974159572,0.5097217390478954,1.0201421132127602,1.0630000361324192,0.9599486515826949,289.62295341922106
1611,41611,40161,900001,6a22834,v2_nested_200x10,1,1,1,success,58,9.914191885479584,22.03292234993265,4.57245167309424,52,1,30.0,0.45,20.0,1.0,25,1,200,0.002,100,10.0,1.0,0,42,0,0.7241379310344828,0.37432921997797736,-0.42455231704168267,-2.1817922404377095,0.02311952225798056,0.035716999301325,0.07531991259722479,1.4983809478535597,1.338117885290318,0.3879962974159572,0.5097217390478954,1.0201421132127602,1.0630000361324192,0.9599486515826949,288.94651671724466
1612,41612,40161,900002,6a22834,v2_nested_200x10,1,1,1,success,58,19.09292661347813,29.22510684742343,8.768842560777124,50,1,30.0,0.45,20.0,1.0,25,1,200,0.002,100,10.0,1.0,0,47,0,0.8103448275862069,0.37432921997797736,-0.42455231704168267,-2.1817922404377095,0.02311952225798056,0.035716999301325,0.07531991259722479,1.4983809478535597,1.338117885290318,0.3879962974159572,0.5097217390478954,1.0201421132127602,1.0630000361324192,0.9599486515826949,287.27962063915254
1613,41613,40161,900003,6a22834,v2_nested_200x10,1,1,1,success,57,1.966142397266057,34.160551731587994,14.98907208213471,50,1,30.0,0.45,20.0,1.0,25,1,200,0.002,100,10.0,1.0,0,42,0,0.7368421052631579,0.37432921997797736,-0.42455231704168267,-2.1817922404377095,0.02311952225798056,0.035716999301325,0.07531991259722479,1.4983809478535597,1.338117885290318,0.3879962974159572,0.5097217390478954,1.0201421132127602,1.0630000361324192,0.9599486515826949,286.9044353456221
1614,41614,40161,900004,6a22834,v2_nested_200x10,1,1,1,success,58,23.977860113371026,28.107186373776354,9.607899909958139,52,1,30.0,0.45,20.0,1.0,25,1,200,0.002,100,10.0,1.0,0,42,0,0.7241379310344828,0.37432921997797736,-0.42455231704168267,-2.1817922404377095,0.02311952225798056,0.035716999301325,0.07531991259722479,1.4983809478535597,1.338117885290318,0.3879962974159572,0.5097217390478954,1.0201421132127602,1.0630000361324192,0.9599486515826949,289.8880782582822
1615,41615,40161,900005,6a22834,v2_nested_200x10,1,1,1,success,59,8.991669465870581,21.940229926625857,3.035170359475716,51,1,30.0,0.45,20.0,1.0,25,1,200,0.002,100,10.0,1.0,0,45,0,0.7627118644067796,0.37432921997797736,-0.42455231704168267,-2.1817922404377095,0.02311952225798056,0.035716999301325,0.07531991259722479,1.4983809478535597,1.338117885290318,0.3879962974159572,0.5097217390478954,1.0201421132127602,1.0630000361324192,0.9599486515826949,288.2532556023632
1616,41616,40161,900006,6a22834,v2_nested_200x10,1,1,1,success,59,8.223561625405754,17.886287894408508,9.043944436911712,52,1,30.0,0.45,20.0,1.0,25,1,200,0.002,100,10.0,1.0,0,51,0,0.864406779661017,0.37432921997797736,-0.42455231704168267,-2.1817922404377095,0.02311952225798056,0.035716999301325,0.07531991259722479,1.4983809478535597,1.338117885290318,0.3879962974159572,0.5097217390478954,1.0201421132127602,1.0630000361324192,0.9599486515826949,289.0466573842698
1617,41617,40161,900007,6a22834,v2_nested_200x10,1,1,1,success,59,2.0477246343489988,25.28190242626471,11.477022686008416,51,1,30.0,0.45,20.0,1.0,25,1,200,0.002,100,10.0,1.0,0,48,0,0.8135593220338984,0.37432921997797736,-0.42455231704168267,-2.1817922404377095,0.02311952225798056,0.035716999301325,0.07531991259722479,1.4983809478535597,1.338117885290318,0.3879962974159572,0.5097217390478954,1.0201421132127602,1.0630000361324192,0.9599486515826949,285.9350247151991
1618,41618,40161,900008,6a22834,v2_nested_200x10,1,1,1,success,57,11.352600339388122,22.110939318013983,5.048042520641418,51,1,30.0,0.45,20.0,1.0,25,1,200,0.002,100,10.0,1.0,0,47,0,0.8245614035087719,0.37432921997797736,-0.42455231704168267,-2.1817922404377095,0.02311952225798056,0.035716999301325,0.07531991259722479,1.4983809478535597,1.338117885290318,0.3879962974159572,0.5097217390478954,1.0201421132127602,1.0630000361324192,0.9599486515826949,287.2030647515915
1619,41619,40161,900009,6a22834,v2_nested_200x10,1,1,1,success,56,17.07666846536001,23.24061957490144,0.8474316248518362,51,1,30.0,0.45,20.0,1.0,25,1,200,0.002,100,10.0,1.0,0,47,0,0.8392857142857143,0.37432921997797736,-0.42455231704168267,-2.1817922404377095,0.02311952225798056,0.035716999301325,0.07531991259722479,1.4983809478535597,1.338117885290318,0.3879962974159572,0.5097217390478954,1.0201421132127602,1.0630000361324192,0.9599486515826949,286.54404366841777
1620,41620,40162,900000,6a22834,v2_nested_200x10,1,1,1,success,47,7.155982064337436,18.029407396946567,23.216071915544,41,1,30.0,0.45,20.0,1.0,25,1,200,0.002,100,10.0,1.0,0,41,0,0.8723404255319149,0.319531490799131,-0.2500978411283938,1.185475886861104,0.020903433004174368,0.03700443625773784,0.08655548905736798,1.5070823575674663,0.9129125481015267,0.3262866864412115,0.32051889127665867,1.054171334306578,1.0460845265657344,1.1021998885534634,281.62200878515125
1621,41621,40162,900001,6a22834,v2_nested_200x10,1,1,1,success,51,9.795887867162195,2.5819067505867777,6.076257903139016,45,1,30.0,0.45,20.0,1.0,25,1,200,0.002,100,10.0,1.0,0,39,0,0.7647058823529411,0.319531490799131,-0.2500978411283938,1.185475886861104,0.020903433004174368,0.03700443625773784,0.08655548905736798,1.5070823575674663,0.9129125481015267,0.3262866864412115,0.32051889127665867,1.054171334306578,1.0460845265657344,1.1021998885534634,281.6174618403561
1622,41622,40162,900002,6a22834,v2_nested_200x10,1,1,1,success,55,14.562033734679261,22.370085600502538,9.344951419954961,51,1,30.0,0.45,20.0,1.0,25,1,200,0.002,100,10.0,1.0,0,47,0,0.8545454545454545,0.319531490799131,-0.2500978411283938,1.185475886861104,0.020903433004174368,0.03700443625773784,0.08655548905736798,1.5070823575674663,0.9129125481015267,0.3262866864412115,0.32051889127665867,1.054171334306578,1.0460845265657344,1.1021998885534634,280.31302017535216
1623,41623,40162,900003,6a22834,v2_nested_200x10,1,1,1,success,52,3.3746334392498447,1.9631637630675258,5.2192222176827725,43,1,30.0,0.45,20.0,1.0,25,1,200,0.002,100,10.0,1.0,0,45,0,0.8653846153846154,0.319531490799131,-0.2500978411283938,1.185475886861104,0.020903433004174368,0.03700443625773784,0.08655548905736798,1.5070823575674663,0.9129125481015267,0.3262866864412115,0.32051889127665867,1.054171334306578,1.0460845265657344,1.1021998885534634,280.8095768322222
1624,41624,40162,900004,6a22834,v2_nested_200x10,1,1,1,success,49,9.406340648288738,19.263344487258422,26.68811551062714,41,1,30.0,0.45,20.0,1.0,25,1,200,0.002,100,10.0,1.0,0,37,0,0.7551020408163265,0.319531490799131,-0.2500978411283938,1.185475886861104,0.020903433004174368,0.03700443625773784,0.08655548905736798,1.5070823575674663,0.9129125481015267,0.3262866864412115,0.32051889127665867,1.054171334306578,1.0460845265657344,1.1021998885534634,281.2380304482143
1625,41625,40162,900005,6a22834,v2_nested_200x10,1,1,1,success,52,13.726019570884796,5.861303838952763,4.598702278478855,43,1,30.0,0.45,20.0,1.0,25,1,200,0.002,100,10.0,1.0,0,40,0,0.7692307692307693,0.319531490799131,-0.2500978411283938,1.185475886861104,0.020903433004174368,0.03700443625773784,0.08655548905736798,1.5070823575674663,0.9129125481015267,0.3262866864412115,0.32051889127665867,1.054171334306578,1.0460845265657344,1.1021998885534634,277.6579861939368
1626,41626,40162,900006,6a22834,v2_nested_200x10,1,1,1,success,48,3.772492661615569,3.249485584261242,6.172925743460884,43,1,30.0,0.45,20.0,1.0,25,1,200,0.002,100,10.0,1.0,0,35,0,0.7291666666666666,0.319531490799131,-0.2500978411283938,1.185475886861104,0.020903433004174368,0.03700443625773784,0.08655548905736798,1.5070823575674663,0.9129125481015267,0.3262866864412115,0.32051889127665867,1.054171334306578,1.0460845265657344,1.1021998885534634,281.064769367244
1627,41627,40162,900007,6a22834,v2_nested_200x10,1,1,1,success,49,15.029704082863693,8.775501034693507,18.59017425452427,42,1,30.0,0.45,20.0,1.0,25,1,200,0.002,100,10.0,1.0,0,38,0,0.7755102040816326,0.319531490799131,-0.2500978411283938,1.185475886861104,0.020903433004174368,0.03700443625773784,0.08655548905736798,1.5070823575674663,0.9129125481015267,0.3262866864412115,0.32051889127665867,1.054171334306578,1.0460845265657344,1.1021998885534634,281.9685370474317
1628,41628,40162,900008,6a22834,v2_nested_200x10,1,1,1,success,51,4.695116007301378,10.37576999743796,12.567704988774572,42,1,30.0,0.45,20.0,1.0,25,1,200,0.002,100,10.0,1.0,0,37,0,0.7254901960784313,0.319531490799131,-0.2500978411283938,1.185475886861104,0.020903433004174368,0.03700443625773784,0.08655548905736798,1.5070823575674663,0.9129125481015267,0.3262866864412115,0.32051889127665867,1.054171334306578,1.0460845265657344,1.1021998885534634,282.8080840862867
1629,41629,40162,900009,6a22834,v2_nested_200x10,1,1,1,success,52,15.759055230095367,8.953382619841687,8.19271949279007,42,1,30.0,0.45,20.0,1.0,25,1,200,0.002,100,10.0,1.0,0,40,0,0.7692307692307693,0.319531490799131,-0.2500978411283938,1.185475886861104,0.020903433004174368,0.03700443625773784,0.08655548905736798,1.5070823575674663,0.9129125481015267,0.3262866864412115,0.32051889127665867,1.054171334306578,1.0460845265657344,1.1021998885534634,279.86600714673733
1630,41630,40163,900000,6a22834,v2_nested_200x10,1,1,1,success,59,22.865981695177265,12.287211279652345,4.6251129374531414,55,1,30.0,0.45,20.0,1.0,25,1,200,0.002,100,10.0,1.0,0,48,0,0.8135593220338984,0.31475946118491016,-0.41651578919762783,-0.13720642571622976,0.026382975815562947,0.03137555822943212,0.1123180636819574,0.8131520597063384,0.7814264204779016,0.33164688395591413,0.6553097172594105,1.0479040343121715,1.0727530595998025,1.1014044123302176,286.0966987792987
1631,41631,40163,900001,6a22834,v2_nested_200x10,1,1,1,success,59,20.352015389620934,25.52203028607859,4.48487704247313,55,1,30.0,0.45,20.0,1.0,25,1,200,0.002,100,10.0,1.0,0,46,0,0.7796610169491526,0.31475946118491016,-0.41651578919762783,-0.13720642571622976,0.026382975815562947,0.03137555822943212,0.1123180636819574,0.8131520597063384,0.7814264204779016,0.33164688395591413,0.6553097172594105,1.0479040343121715,1.0727530595998025,1.1014044123302176,285.9036415444893
1632,41632,40163,900002,6a22834,v2_nested_200x10,1,1,1,success,66,23.451082555715683,26.390747406145373,3.435496509814939,63,1,30.0,0.45,20.0,1.0,25,1,200,0.002,100,10.0,1.0,0,58,0,0.8787878787878788,0.31475946118491016,-0.41651578919762783,-0.13720642571622976,0.026382975815562947,0.03137555822943212,0.1123180636819574,0.8131520597063384,0.7814264204779016,0.33164688395591413,0.6553097172594105,1.0479040343121715,1.0727530595998025,1.1014044123302176,287.1648139186362
1633,41633,40163,900003,6a22834,v2_nested_200x10,1,1,1,success,57,22.63642996269147,21.586905219347468,2.53754932490269,52,1,30.0,0.45,20.0,1.0,25,1,200,0.002,100,10.0,1.0,0,49,0,0.8596491228070176,0.31475946118491016,-0.41651578919762783,-0.13720642571622976,0.026382975815562947,0.03137555822943212,0.1123180636819574,0.8131520597063384,0.7814264204779016,0.33164688395591413,0.6553097172594105,1.0479040343121715,1.0727530595998025,1.1014044123302176,284.3933911621672
1634,41634,40163,900004,6a22834,v2_nested_200x10,1,1,1,success,59,29.011299479375754,29.93806897045433,9.214733072131418,52,1,30.0,0.45,20.0,1.0,25,1,200,0.002,100,10.0,1.0,0,49,0,0.8305084745762712,0.31475946118491016,-0.41651578919762783,-0.13720642571622976,0.026382975815562947,0.03137555822943212,0.1123180636819574,0.8131520597063384,0.7814264204779016,0.33164688395591413,0.6553097172594105,1.0479040343121715,1.0727530595998025,1.1014044123302176,283.3982369976819
1635,41635,40163,900005,6a22834,v2_nested_200x10,1,1,1,success,57,13.852779177237496,18.691601736786723,6.2551171273126505,54,1,30.0,0.45,20.0,1.0,25,1,200,0.002,100,10.0,1.0,0,46,0,0.8070175438596491,0.31475946118491016,-0.41651578919762783,-0.13720642571622976,0.026382975815562947,0.03137555822943212,0.1123180636819574,0.8131520597063384,0.7814264204779016,0.33164688395591413,0.6553097172594105,1.0479040343121715,1.0727530595998025,1.1014044123302176,286.9368082326866
1636,41636,40163,900006,6a22834,v2_nested_200x10,1,1,1,success,60,17.620101171376817,13.265916242598513,8.138468960513116,55,1,30.0,0.45,20.0,1.0,25,1,200,0.002,100,10.0,1.0,0,48,0,0.8,0.31475946118491016,-0.41651578919762783,-0.13720642571622976,0.026382975815562947,0.03137555822943212,0.1123180636819574,0.8131520597063384,0.7814264204779016,0.33164688395591413,0.6553097172594105,1.0479040343121715,1.0727530595998025,1.1014044123302176,286.6556947957704
1637,41637,40163,900007,6a22834,v2_nested_200x10,1,1,1,success,64,14.931451711228602,17.037132158006997,30.723901076278366,57,1,30.0,0.45,20.0,1.0,25,1,200,0.002,100,10.0,1.0,0,59,0,0.921875,0.31475946118491016,-0.41651578919762783,-0.13720642571622976,0.026382975815562947,0.03137555822943212,0.1123180636819574,0.8131520597063384,0.7814264204779016,0.33164688395591413,0.6553097172594105,1.0479040343121715,1.0727530595998025,1.1014044123302176,284.1687723448616
1638,41638,40163,900008,6a22834,v2_nested_200x10,1,1,1,success,60,21.163759004141433,22.189652401508305,7.870634050081977,53,1,30.0,0.45,20.0,1.0,25,1,200,0.002,100,10.0,1.0,0,50,0,0.8333333333333334,0.31475946118491016,-0.41651578919762783,-0.13720642571622976,0.026382975815562947,0.03137555822943212,0.1123180636819574,0.8131520597063384,0.7814264204779016,0.33164688395591413,0.6553097172594105,1.0479040343121715,1.0727530595998025,1.1014044123302176,286.0655879236112
1639,41639,40163,900009,6a22834,v2_nested_200x10,1,1,1,success,61,13.708229370165075,19.13884808218556,15.187089068520057,52,1,30.0,0.45,20.0,1.0,25,1,200,0.002,100,10.0,1.0,0,47,0,0.7704918032786885,0.31475946118491016,-0.41651578919762783,-0.13720642571622976,0.026382975815562947,0.03137555822943212,0.1123180636819574,0.8131520597063384,0.7814264204779016,0.33164688395591413,0.6553097172594105,1.0479040343121715,1.0727530595998025,1.1014044123302176,286.9187643865502
1640,41640,40164,900000,6a22834,v2_nested_200x10,1,1,1,success,63,13.77110403459995,7.683587630957167,6.0363194334634915,54,1,30.0,0.45,20.0,1.0,25,1,200,0.002,100,10.0,1.0,0,54,0,0.8571428571428571,0.32529849180688447,-0.3873965842710894,0.9077313606669417,0.022009073713572337,0.03188531309087107,0.09983528553688881,1.9617835330458835,1.2464988910035362,0.322469199565841,0.6997177613500225,0.9652033131877421,0.9931744827589611,0.9258068508804855,287.6813607610069
1641,41641,40164,900001,6a22834,v2_nested_200x10,1,1,1,success,62,10.012300805627218,13.719959839519491,3.910661177919662,55,1,30.0,0.45,20.0,1.0,25,1,200,0.002,100,10.0,1.0,0,47,0,0.7580645161290323,0.32529849180688447,-0.3873965842710894,0.9077313606669417,0.022009073713572337,0.03188531309087107,0.09983528553688881,1.9617835330458835,1.2464988910035362,0.322469199565841,0.6997177613500225,0.9652033131877421,0.9931744827589611,0.9258068508804855,285.52881993508447
1642,41642,40164,900002,6a22834,v2_nested_200x10,1,1,1,success,56,19.137317367298635,20.314543942714813,1.8480228449832,50,1,30.0,0.45,20.0,1.0,25,1,200,0.002,100,10.0,1.0,0,39,0,0.6964285714285714,0.32529849180688447,-0.3873965842710894,0.9077313606669417,0.022009073713572337,0.03188531309087107,0.09983528553688881,1.9617835330458835,1.2464988910035362,0.322469199565841,0.6997177613500225,0.9652033131877421,0.9931744827589611,0.9258068508804855,287.13344577214696
1643,41643,40164,900003,6a22834,v2_nested_200x10,1,1,1,success,61,9.530959877740903,20.32040344458481,11.330753945771379,51,1,30.0,0.45,20.0,1.0,25,1,200,0.002,100,10.0,1.0,0,49,0,0.8032786885245902,0.32529849180688447,-0.3873965842710894,0.9077313606669417,0.022009073713572337,0.03188531309087107,0.09983528553688881,1.9617835330458835,1.2464988910035362,0.322469199565841,0.6997177613500225,0.9652033131877421,0.9931744827589611,0.9258068508804855,287.87913221418137
1644,41644,40164,900004,6a22834,v2_nested_200x10,1,1,1,success,61,25.64581491090374,26.9844704424271,1.6891280832200823,52,1,30.0,0.45,20.0,1.0,25,1,200,0.002,100,10.0,1.0,0,51,0,0.8360655737704918,0.32529849180688447,-0.3873965842710894,0.9077313606669417,0.022009073713572337,0.03188531309087107,0.09983528553688881,1.9617835330458835,1.2464988910035362,0.322469199565841,0.6997177613500225,0.9652033131877421,0.9931744827589611,0.9258068508804855,286.5908599648723
1645,41645,40164,900005,6a22834,v2_nested_200x10,1,1,1,success,59,9.718075405987154,14.762785306263378,10.023362630785172,52,1,30.0,0.45,20.0,1.0,25,1,200,0.002,100,10.0,1.0,0,42,0,0.711864406779661,0.32529849180688447,-0.3873965842710894,0.9077313606669417,0.022009073713572337,0.03188531309087107,0.09983528553688881,1.9617835330458835,1.2464988910035362,0.322469199565841,0.6997177613500225,0.9652033131877421,0.9931744827589611,0.9258068508804855,287.57586591437047
1646,41646,40164,900006,6a22834,v2_nested_200x10,1,1,1,success,59,10.954488146052748,14.226855157798386,7.365859460303435,53,1,30.0,0.45,20.0,1.0,25,1,200,0.002,100,10.0,1.0,0,43,0,0.7288135593220338,0.32529849180688447,-0.3873965842710894,0.9077313606669417,0.022009073713572337,0.03188531309087107,0.09983528553688881,1.9617835330458835,1.2464988910035362,0.322469199565841,0.6997177613500225,0.9652033131877421,0.9931744827589611,0.9258068508804855,285.4306508671053
1647,41647,40164,900007,6a22834,v2_nested_200x10,1,1,1,success,58,11.960640265666441,11.21337549424081,3.126123609599755,53,1,30.0,0.45,20.0,1.0,25,1,200,0.002,100,10.0,1.0,0,43,0,0.7413793103448276,0.32529849180688447,-0.3873965842710894,0.9077313606669417,0.022009073713572337,0.03188531309087107,0.09983528553688881,1.9617835330458835,1.2464988910035362,0.322469199565841,0.6997177613500225,0.9652033131877421,0.9931744827589611,0.9258068508804855,287.98459971762213
1648,41648,40164,900008,6a22834,v2_nested_200x10,1,1,1,success,64,21.130069142745345,20.542752310685856,9.786475402408984,55,1,30.0,0.45,20.0,1.0,25,1,200,0.002,100,10.0,1.0,0,47,0,0.734375,0.32529849180688447,-0.3873965842710894,0.9077313606669417,0.022009073713572337,0.03188531309087107,0.09983528553688881,1.9617835330458835,1.2464988910035362,0.322469199565841,0.6997177613500225,0.9652033131877421,0.9931744827589611,0.9258068508804855,286.7895510565109
1649,41649,40164,900009,6a22834,v2_nested_200x10,1,1,1,success,58,16.702237267353997,20.71411249598588,10.607062860742126,50,1,30.0,0.45,20.0,1.0,25,1,200,0.002,100,10.0,1.0,0,43,0,0.7413793103448276,0.32529849180688447,-0.3873965842710894,0.9077313606669417,0.022009073713572337,0.03188531309087107,0.09983528553688881,1.9617835330458835,1.2464988910035362,0.322469199565841,0.6997177613500225,0.9652033131877421,0.9931744827589611,0.9258068508804855,286.9963595006086
1650,41650,40165,900000,6a22834,v2_nested_200x10,1,1,1,success,52,18.966310553768146,25.495744611909906,5.563419962218002,48,1,30.0,0.45,20.0,1.0,25,1,200,0.002,100,10.0,1.0,0,46,0,0.8846153846153846,0.3452790844441033,-0.203711085599944,2.52331707855991,0.021917375498398724,0.03357089444574697,0.06385160622888515,0.8582543265238904,1.0722852527496252,0.3015906162563791,0.6489706267962361,1.0942929245535118,1.0036077572149635,1.0185925725220335,283.75825524360783
1651,41651,40165,900001,6a22834,v2_nested_200x10,1,1,1,success,53,27.49420270468093,30.42988375244013,4.089231094782884,47,1,30.0,0.45,20.0,1.0,25,1,200,0.002,100,10.0,1.0,0,40,0,0.7547169811320755,0.3452790844441033,-0.203711085599944,2.52331707855991,0.021917375498398724,0.03357089444574697,0.06385160622888515,0.8582543265238904,1.0722852527496252,0.3015906162563791,0.6489706267962361,1.0942929245535118,1.0036077572149635,1.0185925725220335,280.5608609107811
1652,41652,40165,900002,6a22834,v2_nested_200x10,1,1,1,success,50,27.283528245034713,18.12328248580275,6.489807928270507,43,1,30.0,0.45,20.0,1.0,25,1,200,0.002,100,10.0,1.0,0,36,0,0.72,0.3452790844441033,-0.203711085599944,2.52331707855991,0.021917375498398724,0.03357089444574697,0.06385160622888515,0.8582543265238904,1.0722852527496252,0.3015906162563791,0.6489706267962361,1.0942929245535118,1.0036077572149635,1.0185925725220335,280.897584378047
1653,41653,40165,900003,6a22834,v2_nested_200x10,1,1,1,success,52,6.490122884111821,20.693055801659696,21.110175126853495,44,1,30.0,0.45,20.0,1.0,25,1,200,0.002,100,10.0,1.0,0,41,0,0.7884615384615384,0.3452790844441033,-0.203711085599944,2.52331707855991,0.021917375498398724,0.03357089444574697,0.06385160622888515,0.8582543265238904,1.0722852527496252,0.3015906162563791,0.6489706267962361,1.0942929245535118,1.0036077572149635,1.0185925725220335,281.55227811281407
1654,41654,40165,900004,6a22834,v2_nested_200x10,1,1,1,success,49,9.783922567697516,18.452213580921576,10.739495151596465,45,1,30.0,0.45,20.0,1.0,25,1,200,0.002,100,10.0,1.0,0,34,0,0.6938775510204082,0.3452790844441033,-0.203711085599944,2.52331707855991,0.021917375498398724,0.03357089444574697,0.06385160622888515,0.8582543265238904,1.0722852527496252,0.3015906162563791,0.6489706267962361,1.0942929245535118,1.0036077572149635,1.0185925725220335,270.08485201789233
1655,41655,40165,900005,6a22834,v2_nested_200x10,1,1,1,success,49,19.660179493443966,21.907391458880458,7.5679887220168265,43,1,30.0,0.45,20.0,1.0,25,1,200,0.002,100,10.0,1.0,0,36,0,0.7346938775510204,0.3452790844441033,-0.203711085599944,2.52331707855991,0.021917375498398724,0.03357089444574697,0.06385160622888515,0.8582543265238904,1.0722852527496252,0.3015906162563791,0.6489706267962361,1.0942929245535118,1.0036077572149635,1.0185925725220335,266.62482566644144
1656,41656,40165,900006,6a22834,v2_nested_200x10,1,1,1,success,52,8.332671044345274,18.031556607013933,11.919739851689808,46,1,30.0,0.45,20.0,1.0,25,1,200,0.002,100,10.0,1.0,0,38,0,0.7307692307692307,0.3452790844441033,-0.203711085599944,2.52331707855991,0.021917375498398724,0.03357089444574697,0.06385160622888515,0.8582543265238904,1.0722852527496252,0.3015906162563791,0.6489706267962361,1.0942929245535118,1.0036077572149635,1.0185925725220335,282.2471216654383
1657,41657,40165,900007,6a22834,v2_nested_200x10,1,1,1,success,52,22.00682785544374,22.514292175095875,18.29256574491174,44,1,30.0,0.45,20.0,1.0,25,1,200,0.002,100,10.0,1.0,0,39,0,0.75,0.3452790844441033,-0.203711085599944,2.52331707855991,0.021917375498398724,0.03357089444574697,0.06385160622888515,0.8582543265238904,1.0722852527496252,0.3015906162563791,0.6489706267962361,1.0942929245535118,1.0036077572149635,1.0185925725220335,284.2916271519523
1658,41658,40165,900008,6a22834,v2_nested_200x10,1,1,1,success,52,28.723066325462117,28.105456037170907,6.952171382060139,44,1,30.0,0.45,20.0,1.0,25,1,200,0.002,100,10.0,1.0,0,44,0,0.8461538461538461,0.3452790844441033,-0.203711085599944,2.52331707855991,0.021917375498398724,0.03357089444574697,0.06385160622888515,0.8582543265238904,1.0722852527496252,0.3015906162563791,0.6489706267962361,1.0942929245535118,1.0036077572149635,1.0185925725220335,282.7984009526725
1659,41659,40165,900009,6a22834,v2_nested_200x10,1,1,1,success,52,18.840999040752067,28.868103660513537,8.814293116469505,43,1,30.0,0.45,20.0,1.0,25,1,200,0.002,100,10.0,1.0,0,43,0,0.8269230769230769,0.3452790844441033,-0.203711085599944,2.52331707855991,0.021917375498398724,0.03357089444574697,0.06385160622888515,0.8582543265238904,1.0722852527496252,0.3015906162563791,0.6489706267962361,1.0942929245535118,1.0036077572149635,1.0185925725220335,282.5328930740311
1660,41660,40166,900000,6a22834,v2_nested_200x10,1,1,1,success,64,17.236630094065994,22.037326787361717,5.077885176738634,59,1,30.0,0.45,20.0,1.0,25,1,200,0.002,100,10.0,1.0,0,52,0,0.8125,0.342539716451231,-0.41122602073060255,1.831464138540885,0.024355648691471405,0.033558201512323776,0.06280894814698403,1.6688571154853498,0.7559078746036991,0.38139497585275617,0.7052746377411159,1.1039059748891753,0.9563907633425931,1.070391564482341,288.31649239486
1661,41661,40166,900001,6a22834,v2_nested_200x10,1,1,1,success,67,24.703751591034287,18.416595544035253,9.814653176878899,63,1,30.0,0.45,20.0,1.0,25,1,200,0.002,100,10.0,1.0,0,50,0,0.746268656716418,0.342539716451231,-0.41122602073060255,1.831464138540885,0.024355648691471405,0.033558201512323776,0.06280894814698403,1.6688571154853498,0.7559078746036991,0.38139497585275617,0.7052746377411159,1.1039059748891753,0.9563907633425931,1.070391564482341,289.5769567000466
1662,41662,40166,900002,6a22834,v2_nested_200x10,1,1,1,success,64,17.309758792344944,22.406989496864547,2.1882593057464197,59,1,30.0,0.45,20.0,1.0,25,1,200,0.002,100,10.0,1.0,0,49,0,0.765625,0.342539716451231,-0.41122602073060255,1.831464138540885,0.024355648691471405,0.033558201512323776,0.06280894814698403,1.6688571154853498,0.7559078746036991,0.38139497585275617,0.7052746377411159,1.1039059748891753,0.9563907633425931,1.070391564482341,288.16222269609153
1663,41663,40166,900003,6a22834,v2_nested_200x10,1,1,1,success,64,18.067076995251963,17.305059951811828,2.299884216544356,60,1,30.0,0.45,20.0,1.0,25,1,200,0.002,100,10.0,1.0,0,47,0,0.734375,0.342539716451231,-0.41122602073060255,1.831464138540885,0.024355648691471405,0.033558201512323776,0.06280894814698403,1.6688571154853498,0.7559078746036991,0.38139497585275617,0.7052746377411159,1.1039059748891753,0.9563907633425931,1.070391564482341,289.2992836106078
1664,41664,40166,900004,6a22834,v2_nested_200x10,1,1,1,success,63,10.239712960631005,10.945351396519822,4.169788342989417,59,1,30.0,0.45,20.0,1.0,25,1,200,0.002,100,10.0,1.0,0,48,0,0.7619047619047619,0.342539716451231,-0.41122602073060255,1.831464138540885,0.024355648691471405,0.033558201512323776,0.06280894814698403,1.6688571154853498,0.7559078746036991,0.38139497585275617,0.7052746377411159,1.1039059748891753,0.9563907633425931,1.070391564482341,288.3560079135938
1665,41665,40166,900005,6a22834,v2_nested_200x10,1,1,1,success,65,32.56250159908576,28.946679536845096,5.65335516646761,61,1,30.0,0.45,20.0,1.0,25,1,200,0.002,100,10.0,1.0,0,55,0,0.8461538461538461,0.342539716451231,-0.41122602073060255,1.831464138540885,0.024355648691471405,0.033558201512323776,0.06280894814698403,1.6688571154853498,0.7559078746036991,0.38139497585275617,0.7052746377411159,1.1039059748891753,0.9563907633425931,1.070391564482341,289.14788877867636
1666,41666,40166,900006,6a22834,v2_nested_200x10,1,1,1,success,64,17.15969209058978,20.508911264059467,2.0069470148944055,59,1,30.0,0.45,20.0,1.0,25,1,200,0.002,100,10.0,1.0,0,50,0,0.78125,0.342539716451231,-0.41122602073060255,1.831464138540885,0.024355648691471405,0.033558201512323776,0.06280894814698403,1.6688571154853498,0.7559078746036991,0.38139497585275617,0.7052746377411159,1.1039059748891753,0.9563907633425931,1.070391564482341,289.02504354931443
1667,41667,40166,900007,6a22834,v2_nested_200x10,1,1,1,success,63,17.19417687460726,17.850305803442126,3.528797731201299,58,1,30.0,0.45,20.0,1.0,25,1,200,0.002,100,10.0,1.0,0,43,0,0.6825396825396826,0.342539716451231,-0.41122602073060255,1.831464138540885,0.024355648691471405,0.033558201512323776,0.06280894814698403,1.6688571154853498,0.7559078746036991,0.38139497585275617,0.7052746377411159,1.1039059748891753,0.9563907633425931,1.070391564482341,288.711148202206
1668,41668,40166,900008,6a22834,v2_nested_200x10,1,1,1,success,65,24.333276879864425,24.814008907473266,0.027957835573044407,62,1,30.0,0.45,20.0,1.0,25,1,200,0.002,100,10.0,1.0,0,52,0,0.8,0.342539716451231,-0.41122602073060255,1.831464138540885,0.024355648691471405,0.033558201512323776,0.06280894814698403,1.6688571154853498,0.7559078746036991,0.38139497585275617,0.7052746377411159,1.1039059748891753,0.9563907633425931,1.070391564482341,288.46316782186244
1669,41669,40166,900009,6a22834,v2_nested_200x10,1,1,1,success,66,17.751973345721954,16.18238971476638,4.9985020058201926,60,1,30.0,0.45,20.0,1.0,25,1,200,0.002,100,10.0,1.0,0,49,0,0.7424242424242424,0.342539716451231,-0.41122602073060255,1.831464138540885,0.024355648691471405,0.033558201512323776,0.06280894814698403,1.6688571154853498,0.7559078746036991,0.38139497585275617,0.7052746377411159,1.1039059748891753,0.9563907633425931,1.070391564482341,288.29633855569557
1670,41670,40167,900000,6a22834,v2_nested_200x10,1,1,1,success,52,15.378016252187633,46.52297516420979,24.78782988654384,43,1,30.0,0.45,20.0,1.0,25,1,200,0.002,100,10.0,1.0,0,49,0,0.9423076923076923,0.3455305384377542,-0.28316688059461115,-0.04491249486002502,0.02376965534858818,0.03057858220884252,0.09391466851121781,1.7678600268035973,1.1184626115072667,0.3750870104715544,0.3244147586324856,1.0424248630680901,1.0064200866964765,1.016912909691142,281.3808754950514
1671,41671,40167,900001,6a22834,v2_nested_200x10,1,1,1,success,54,18.076168988848778,19.91060677284299,1.1440487820841636,46,1,30.0,0.45,20.0,1.0,25,1,200,0.002,100,10.0,1.0,0,44,0,0.8148148148148148,0.3455305384377542,-0.28316688059461115,-0.04491249486002502,0.02376965534858818,0.03057858220884252,0.09391466851121781,1.7678600268035973,1.1184626115072667,0.3750870104715544,0.3244147586324856,1.0424248630680901,1.0064200866964765,1.016912909691142,283.12325427592407
1672,41672,40167,900002,6a22834,v2_nested_200x10,1,1,1,success,49,1.2138190853825856,18.12081674921507,7.059695784550089,44,1,30.0,0.45,20.0,1.0,25,1,200,0.002,100,10.0,1.0,0,43,0,0.8775510204081632,0.3455305384377542,-0.28316688059461115,-0.04491249486002502,0.02376965534858818,0.03057858220884252,0.09391466851121781,1.7678600268035973,1.1184626115072667,0.3750870104715544,0.3244147586324856,1.0424248630680901,1.0064200866964765,1.016912909691142,280.3732504081481
1673,41673,40167,900003,6a22834,v2_nested_200x10,1,1,1,success,51,9.901169826153764,13.366828128720963,11.620608512811726,44,1,30.0,0.45,20.0,1.0,25,1,200,0.002,100,10.0,1.0,0,40,0,0.7843137254901961,0.3455305384377542,-0.28316688059461115,-0.04491249486002502,0.02376965534858818,0.03057858220884252,0.09391466851121781,1.7678600268035973,1.1184626115072667,0.3750870104715544,0.3244147586324856,1.0424248630680901,1.0064200866964765,1.016912909691142,283.21126256932814
1674,41674,40167,900004,6a22834,v2_nested_200x10,1,1,1,success,51,13.645332840445972,15.312529845716167,1.7967170228005023,46,1,30.0,0.45,20.0,1.0,25,1,200,0.002,100,10.0,1.0,0,38,0,0.7450980392156863,0.3455305384377542,-0.28316688059461115,-0.04491249486002502,0.02376965534858818,0.03057858220884252,0.09391466851121781,1.7678600268035973,1.1184626115072667,0.3750870104715544,0.3244147586324856,1.0424248630680901,1.0064200866964765,1.016912909691142,282.31541374701345
1675,41675,40167,900005,6a22834,v2_nested_200x10,0,0,0,timeout,200,302.5686027685764,nan,nan,-1,0,30.0,0.45,20.0,1.0,25,1,200,0.002,100,10.0,1.0,0,176,0,0.88,0.3455305384377542,-0.28316688059461115,-0.04491249486002502,0.02376965534858818,0.03057858220884252,0.09391466851121781,1.7678600268035973,1.1184626115072667,0.3750870104715544,0.3244147586324856,1.0424248630680901,1.0064200866964765,1.016912909691142,-18.56695347956005
1676,41676,40167,900006,6a22834,v2_nested_200x10,1,1,1,success,50,8.267841896565937,4.951532695259045,8.691671007042924,45,1,30.0,0.45,20.0,1.0,25,1,200,0.002,100,10.0,1.0,0,41,0,0.82,0.3455305384377542,-0.28316688059461115,-0.04491249486002502,0.02376965534858818,0.03057858220884252,0.09391466851121781,1.7678600268035973,1.1184626115072667,0.3750870104715544,0.3244147586324856,1.0424248630680901,1.0064200866964765,1.016912909691142,282.4655712814424
1677,41677,40167,900007,6a22834,v2_nested_200x10,1,1,1,success,52,15.979152459403647,18.509844255621193,5.58468835192725,43,1,30.0,0.45,20.0,1.0,25,1,200,0.002,100,10.0,1.0,0,39,0,0.75,0.3455305384377542,-0.28316688059461115,-0.04491249486002502,0.02376965534858818,0.03057858220884252,0.09391466851121781,1.7678600268035973,1.1184626115072667,0.3750870104715544,0.3244147586324856,1.0424248630680901,1.0064200866964765,1.016912909691142,283.116764922578
1678,41678,40167,900008,6a22834,v2_nested_200x10,1,1,1,success,49,7.395552292724576,18.960102134452235,9.461388985527979,43,1,30.0,0.45,20.0,1.0,25,1,200,0.002,100,10.0,1.0,0,40,0,0.8163265306122449,0.3455305384377542,-0.28316688059461115,-0.04491249486002502,0.02376965534858818,0.03057858220884252,0.09391466851121781,1.7678600268035973,1.1184626115072667,0.3750870104715544,0.3244147586324856,1.0424248630680901,1.0064200866964765,1.016912909691142,282.49879211617366
1679,41679,40167,900009,6a22834,v2_nested_200x10,1,1,1,success,52,11.320372964191735,16.209974681129143,7.571156085563672,43,1,30.0,0.45,20.0,1.0,25,1,200,0.002,100,10.0,1.0,0,44,0,0.8461538461538461,0.3455305384377542,-0.28316688059461115,-0.04491249486002502,0.02376965534858818,0.03057858220884252,0.09391466851121781,1.7678600268035973,1.1184626115072667,0.3750870104715544,0.3244147586324856,1.0424248630680901,1.0064200866964765,1.016912909691142,283.4405713343771
1680,41680,40168,900000,6a22834,v2_nested_200x10,1,1,1,success,65,16.140372491048257,19.845192103469778,12.938416106324668,49,1,30.0,0.45,20.0,1.0,25,1,200,0.002,100,10.0,1.0,0,54,0,0.8307692307692308,0.35047115937993406,-0.2058620298165983,-1.34129425627409,0.021765054687423176,0.038676653678682456,0.049702978694876256,1.0166436883811207,0.6995771859829966,0.33361606380591513,0.6224308888230602,1.0105347799488753,0.9538510102816741,0.9553922670318669,283.5508946602408
1681,41681,40168,900001,6a22834,v2_nested_200x10,1,1,1,success,62,19.933244164775672,5.612361964626613,18.39679711811667,51,1,30.0,0.45,20.0,1.0,25,1,200,0.002,100,10.0,1.0,0,48,0,0.7741935483870968,0.35047115937993406,-0.2058620298165983,-1.34129425627409,0.021765054687423176,0.038676653678682456,0.049702978694876256,1.0166436883811207,0.6995771859829966,0.33361606380591513,0.6224308888230602,1.0105347799488753,0.9538510102816741,0.9553922670318669,283.84568356750833
1682,41682,40168,900002,6a22834,v2_nested_200x10,1,1,1,success,52,37.4024253532221,27.51859697671632,27.88229417044325,44,1,30.0,0.45,20.0,1.0,25,1,200,0.002,100,10.0,1.0,0,37,0,0.7115384615384616,0.35047115937993406,-0.2058620298165983,-1.34129425627409,0.021765054687423176,0.038676653678682456,0.049702978694876256,1.0166436883811207,0.6995771859829966,0.33361606380591513,0.6224308888230602,1.0105347799488753,0.9538510102816741,0.9553922670318669,281.7648253464941
1683,41683,40168,900003,6a22834,v2_nested_200x10,1,1,1,success,54,10.162279167931482,20.685324893974066,6.812913252715227,46,1,30.0,0.45,20.0,1.0,25,1,200,0.002,100,10.0,1.0,4,39,0,0.7222222222222222,0.35047115937993406,-0.2058620298165983,-1.34129425627409,0.021765054687423176,0.038676653678682456,0.049702978694876256,1.0166436883811207,0.6995771859829966,0.33361606380591513,0.6224308888230602,1.0105347799488753,0.9538510102816741,0.9553922670318669,281.1199932389986
1684,41684,40168,900004,6a22834,v2_nested_200x10,1,1,1,success,57,6.609487574518824,27.02338906589572,20.59379513020313,46,1,30.0,0.45,20.0,1.0,25,1,200,0.002,100,10.0,1.0,1,39,0,0.6842105263157895,0.35047115937993406,-0.2058620298165983,-1.34129425627409,0.021765054687423176,0.038676653678682456,0.049702978694876256,1.0166436883811207,0.6995771859829966,0.33361606380591513,0.6224308888230602,1.0105347799488753,0.9538510102816741,0.9553922670318669,282.3201917119838
1685,41685,40168,900005,6a22834,v2_nested_200x10,1,1,1,success,54,5.611292625549978,17.90897326900447,10.986919331865229,45,1,30.0,0.45,20.0,1.0,25,1,200,0.002,100,10.0,1.0,0,42,0,0.7777777777777778,0.35047115937993406,-0.2058620298165983,-1.34129425627409,0.021765054687423176,0.038676653678682456,0.049702978694876256,1.0166436883811207,0.6995771859829966,0.33361606380591513,0.6224308888230602,1.0105347799488753,0.9538510102816741,0.9553922670318669,282.25557332669837
1686,41686,40168,900006,6a22834,v2_nested_200x10,1,1,1,success,54,9.311529220188724,16.197087618436665,9.08030953002058,48,1,30.0,0.45,20.0,1.0,25,1,200,0.002,100,10.0,1.0,0,38,0,0.7037037037037037,0.35047115937993406,-0.2058620298165983,-1.34129425627409,0.021765054687423176,0.038676653678682456,0.049702978694876256,1.0166436883811207,0.6995771859829966,0.33361606380591513,0.6224308888230602,1.0105347799488753,0.9538510102816741,0.9553922670318669,284.937038326042
1687,41687,40168,900007,6a22834,v2_nested_200x10,1,1,1,success,54,6.852891321162638,17.43140731303745,10.929004294326363,47,1,30.0,0.45,20.0,1.0,25,1,200,0.002,100,10.0,1.0,0,41,0,0.7592592592592593,0.35047115937993406,-0.2058620298165983,-1.34129425627409,0.021765054687423176,0.038676653678682456,0.049702978694876256,1.0166436883811207,0.6995771859829966,0.33361606380591513,0.6224308888230602,1.0105347799488753,0.9538510102816741,0.9553922670318669,282.69326633005454
1688,41688,40168,900008,6a22834,v2_nested_200x10,1,1,1,success,54,18.462729419196453,24.745654283463953,14.424915759036812,46,1,30.0,0.45,20.0,1.0,25,1,200,0.002,100,10.0,1.0,2,40,0,0.7407407407407407,0.35047115937993406,-0.2058620298165983,-1.34129425627409,0.021765054687423176,0.038676653678682456,0.049702978694876256,1.0166436883811207,0.6995771859829966,0.33361606380591513,0.6224308888230602,1.0105347799488753,0.9538510102816741,0.9553922670318669,279.5154831923236
1689,41689,40168,900009,6a22834,v2_nested_200x10,1,1,1,success,62,21.289153360675755,30.41010766334543,26.84803056713362,55,1,30.0,0.45,20.0,1.0,25,1,200,0.002,100,10.0,1.0,3,48,0,0.7741935483870968,0.35047115937993406,-0.2058620298165983,-1.34129425627409,0.021765054687423176,0.038676653678682456,0.049702978694876256,1.0166436883811207,0.6995771859829966,0.33361606380591513,0.6224308888230602,1.0105347799488753,0.9538510102816741,0.9553922670318669,281.3703378956983
1690,41690,40169,900000,6a22834,v2_nested_200x10,1,1,1,success,55,26.16571225292657,28.951655358729017,11.508235223674156,45,1,30.0,0.45,20.0,1.0,25,1,200,0.002,100,10.0,1.0,0,45,0,0.8181818181818182,0.35241385177558565,-0.305092848965144,-2.691471530811405,0.02419942412147923,0.038358916746828384,0.11504014079497005,1.8060908957976334,1.0950007529360632,0.38346380531606417,0.24091731573953074,1.0830538633642202,1.0853098663129794,0.9508071127094595,281.7067891642105
1691,41691,40169,900001,6a22834,v2_nested_200x10,1,1,1,success,55,15.276246633448254,14.592648821376951,0.9585029555755847,51,1,30.0,0.45,20.0,1.0,25,1,200,0.002,100,10.0,1.0,0,43,0,0.7818181818181819,0.35241385177558565,-0.305092848965144,-2.691471530811405,0.02419942412147923,0.038358916746828384,0.11504014079497005,1.8060908957976334,1.0950007529360632,0.38346380531606417,0.24091731573953074,1.0830538633642202,1.0853098663129794,0.9508071127094595,281.7205166095527
1692,41692,40169,900002,6a22834,v2_nested_200x10,1,1,1,success,53,13.940347508657618,20.093985714033202,6.277124734844148,48,1,30.0,0.45,20.0,1.0,25,1,200,0.002,100,10.0,1.0,0,44,0,0.8301886792452831,0.35241385177558565,-0.305092848965144,-2.691471530811405,0.02419942412147923,0.038358916746828384,0.11504014079497005,1.8060908957976334,1.0950007529360632,0.38346380531606417,0.24091731573953074,1.0830538633642202,1.0853098663129794,0.9508071127094595,279.9559087446712
1693,41693,40169,900003,6a22834,v2_nested_200x10,1,1,1,success,60,33.97642998168409,33.457821513478216,12.642745972223517,46,1,30.0,0.45,20.0,1.0,25,1,200,0.002,100,10.0,1.0,0,46,0,0.7666666666666667,0.35241385177558565,-0.305092848965144,-2.691471530811405,0.02419942412147923,0.038358916746828384,0.11504014079497005,1.8060908957976334,1.0950007529360632,0.38346380531606417,0.24091731573953074,1.0830538633642202,1.0853098663129794,0.9508071127094595,278.9353630248125
1694,41694,40169,900004,6a22834,v2_nested_200x10,1,1,1,success,55,10.623758149391243,28.457298840633143,8.476081230797627,47,1,30.0,0.45,20.0,1.0,25,1,200,0.002,100,10.0,1.0,0,48,0,0.8727272727272727,0.35241385177558565,-0.305092848965144,-2.691471530811405,0.02419942412147923,0.038358916746828384,0.11504014079497005,1.8060908957976334,1.0950007529360632,0.38346380531606417,0.24091731573953074,1.0830538633642202,1.0853098663129794,0.9508071127094595,281.85266859275765
1695,41695,40169,900005,6a22834,v2_nested_200x10,1,1,1,success,54,31.057581211307387,33.21217784542124,15.514015730386673,44,1,30.0,0.45,20.0,1.0,25,1,200,0.002,100,10.0,1.0,0,36,0,0.6666666666666666,0.35241385177558565,-0.305092848965144,-2.691471530811405,0.02419942412147923,0.038358916746828384,0.11504014079497005,1.8060908957976334,1.0950007529360632,0.38346380531606417,0.24091731573953074,1.0830538633642202,1.0853098663129794,0.9508071127094595,279.7306538146353
1696,41696,40169,900006,6a22834,v2_nested_200x10,1,1,1,success,51,28.355954039570666,35.09698356598589,4.842920829462656,46,1,30.0,0.45,20.0,1.0,25,1,200,0.002,100,10.0,1.0,0,39,0,0.7647058823529411,0.35241385177558565,-0.305092848965144,-2.691471530811405,0.02419942412147923,0.038358916746828384,0.11504014079497005,1.8060908957976334,1.0950007529360632,0.38346380531606417,0.24091731573953074,1.0830538633642202,1.0853098663129794,0.9508071127094595,280.52049029428485
1697,41697,40169,900007,6a22834,v2_nested_200x10,1,1,1,success,55,21.41122212199692,31.01035936384436,4.229502764951098,47,1,30.0,0.45,20.0,1.0,25,1,200,0.002,100,10.0,1.0,0,41,0,0.7454545454545455,0.35241385177558565,-0.305092848965144,-2.691471530811405,0.02419942412147923,0.038358916746828384,0.11504014079497005,1.8060908957976334,1.0950007529360632,0.38346380531606417,0.24091731573953074,1.0830538633642202,1.0853098663129794,0.9508071127094595,281.92587518731693
1698,41698,40169,900008,6a22834,v2_nested_200x10,1,1,1,success,55,23.711624037515463,24.7272832762562,1.52750899457707,47,1,30.0,0.45,20.0,1.0,25,1,200,0.002,100,10.0,1.0,0,43,0,0.7818181818181819,0.35241385177558565,-0.305092848965144,-2.691471530811405,0.02419942412147923,0.038358916746828384,0.11504014079497005,1.8060908957976334,1.0950007529360632,0.38346380531606417,0.24091731573953074,1.0830538633642202,1.0853098663129794,0.9508071127094595,277.2160687042127
1699,41699,40169,900009,6a22834,v2_nested_200x10,1,1,1,success,52,13.346508484094455,18.355757953933235,4.363072426188558,47,1,30.0,0.45,20.0,1.0,25,1,200,0.002,100,10.0,1.0,0,48,0,0.9230769230769231,0.35241385177558565,-0.305092848965144,-2.691471530811405,0.02419942412147923,0.038358916746828384,0.11504014079497005,1.8060908957976334,1.0950007529360632,0.38346380531606417,0.24091731573953074,1.0830538633642202,1.0853098663129794,0.9508071127094595,281.8622405226256
1700,41700,40170,900000,6a22834,v2_nested_200x10,1,1,1,success,72,6.997811488791797,36.60242209837561,5.533232351159861,59,1,30.0,0.45,20.0,1.0,25,1,200,0.002,100,10.0,1.0,0,59,0,0.8194444444444444,0.3880361804449793,-0.7254722604233277,-2.1297767613381042,0.024376801970980896,0.034375718978742656,0.10942947584629974,1.9537099616834117,0.9507675721509499,0.3617448459492013,0.37060249684054675,1.019056910815174,1.0753425068932303,0.8388803744679516,291.6221583347342
1701,41701,40170,900001,6a22834,v2_nested_200x10,1,1,1,success,69,15.214257334980505,21.51601151207463,14.874506055824842,62,1,30.0,0.45,20.0,1.0,25,1,200,0.002,100,10.0,1.0,0,45,0,0.6521739130434783,0.3880361804449793,-0.7254722604233277,-2.1297767613381042,0.024376801970980896,0.034375718978742656,0.10942947584629974,1.9537099616834117,0.9507675721509499,0.3617448459492013,0.37060249684054675,1.019056910815174,1.0753425068932303,0.8388803744679516,294.3840960809137
1702,41702,40170,900002,6a22834,v2_nested_200x10,0,0,0,timeout,200,419.9448182179528,nan,nan,-1,1,30.0,0.45,20.0,1.0,25,1,200,0.002,100,10.0,1.0,0,189,0,0.945,0.3880361804449793,-0.7254722604233277,-2.1297767613381042,0.024376801970980896,0.034375718978742656,0.10942947584629974,1.9537099616834117,0.9507675721509499,0.3617448459492013,0.37060249684054675,1.019056910815174,1.0753425068932303,0.8388803744679516,-0.24369544248353764
1703,41703,40170,900003,6a22834,v2_nested_200x10,1,1,1,success,69,14.103038487335166,25.878512676037897,7.629054846211198,61,1,30.0,0.45,20.0,1.0,25,1,200,0.002,100,10.0,1.0,0,53,0,0.7681159420289855,0.3880361804449793,-0.7254722604233277,-2.1297767613381042,0.024376801970980896,0.034375718978742656,0.10942947584629974,1.9537099616834117,0.9507675721509499,0.3617448459492013,0.37060249684054675,1.019056910815174,1.0753425068932303,0.8388803744679516,294.669607643606
1704,41704,40170,900004,6a22834,v2_nested_200x10,1,1,1,success,75,13.717220010748814,18.493610455160603,16.97858431346532,70,1,30.0,0.45,20.0,1.0,25,1,200,0.002,100,10.0,1.0,0,57,0,0.76,0.3880361804449793,-0.7254722604233277,-2.1297767613381042,0.024376801970980896,0.034375718978742656,0.10942947584629974,1.9537099616834117,0.9507675721509499,0.3617448459492013,0.37060249684054675,1.019056910815174,1.0753425068932303,0.8388803744679516,293.69995723973165
1705,41705,40170,900005,6a22834,v2_nested_200x10,1,1,1,success,70,13.935570158702044,34.02912987564374,4.373000559670526,62,1,30.0,0.45,20.0,1.0,25,1,200,0.002,100,10.0,1.0,3,49,0,0.7,0.3880361804449793,-0.7254722604233277,-2.1297767613381042,0.024376801970980896,0.034375718978742656,0.10942947584629974,1.9537099616834117,0.9507675721509499,0.3617448459492013,0.37060249684054675,1.019056910815174,1.0753425068932303,0.8388803744679516,291.3701847764709
1706,41706,40170,900006,6a22834,v2_nested_200x10,1,1,1,success,77,18.03829881200771,21.471543544931823,3.2479173726976933,69,1,30.0,0.45,20.0,1.0,25,1,200,0.002,100,10.0,1.0,0,58,0,0.7532467532467533,0.3880361804449793,-0.7254722604233277,-2.1297767613381042,0.024376801970980896,0.034375718978742656,0.10942947584629974,1.9537099616834117,0.9507675721509499,0.3617448459492013,0.37060249684054675,1.019056910815174,1.0753425068932303,0.8388803744679516,294.3914801122411
1707,41707,40170,900007,6a22834,v2_nested_200x10,1,1,1,success,68,14.06777584041752,22.40742476313464,16.100756941409866,61,1,30.0,0.45,20.0,1.0,25,1,200,0.002,100,10.0,1.0,0,48,0,0.7058823529411765,0.3880361804449793,-0.7254722604233277,-2.1297767613381042,0.024376801970980896,0.034375718978742656,0.10942947584629974,1.9537099616834117,0.9507675721509499,0.3617448459492013,0.37060249684054675,1.019056910815174,1.0753425068932303,0.8388803744679516,294.91500531021745
1708,41708,40170,900008,6a22834,v2_nested_200x10,1,1,0,success,75,39.46708852225303,44.92127212621177,46.126593746501,62,1,30.0,0.45,20.0,1.0,25,1,200,0.002,100,10.0,1.0,0,63,0,0.84,0.3880361804449793,-0.7254722604233277,-2.1297767613381042,0.024376801970980896,0.034375718978742656,0.10942947584629974,1.9537099616834117,0.9507675721509499,0.3617448459492013,0.37060249684054675,1.019056910815174,1.0753425068932303,0.8388803744679516,264.6266600401055
1709,41709,40170,900009,6a22834,v2_nested_200x10,1,1,1,success,69,6.097544311699744,29.533217602664177,2.897489091003594,61,1,30.0,0.45,20.0,1.0,25,1,200,0.002,100,10.0,1.0,0,54,0,0.782608695652174,0.3880361804449793,-0.7254722604233277,-2.1297767613381042,0.024376801970980896,0.034375718978742656,0.10942947584629974,1.9537099616834117,0.9507675721509499,0.3617448459492013,0.37060249684054675,1.019056910815174,1.0753425068932303,0.8388803744679516,292.19038827574127
1710,41710,40171,900000,6a22834,v2_nested_200x10,1,1,1,success,62,17.087777575459867,30.981516471215194,12.303916068366634,47,1,30.0,0.45,20.0,1.0,25,1,200,0.002,100,10.0,1.0,0,36,0,0.5806451612903226,0.3378271301429308,-0.561816591205514,-3.0375523434165266,0.02355680791320135,0.030389605929539886,0.10686874692222421,1.3815879855043725,0.638481146239359,0.33357004389935097,0.41226102730713116,1.0773054209340454,1.0582133395477529,1.1413194970491614,287.7385165540387
1711,41711,40171,900001,6a22834,v2_nested_200x10,1,1,1,success,60,8.404927799229116,17.688187374891164,8.361555717321098,51,1,30.0,0.45,20.0,1.0,25,1,200,0.002,100,10.0,1.0,0,45,0,0.75,0.3378271301429308,-0.561816591205514,-3.0375523434165266,0.02355680791320135,0.030389605929539886,0.10686874692222421,1.3815879855043725,0.638481146239359,0.33357004389935097,0.41226102730713116,1.0773054209340454,1.0582133395477529,1.1413194970491614,288.92341209625664
1712,41712,40171,900002,6a22834,v2_nested_200x10,1,1,1,success,56,11.10540891945461,12.078896382071596,4.118122887058705,50,1,30.0,0.45,20.0,1.0,25,1,200,0.002,100,10.0,1.0,0,36,0,0.6428571428571429,0.3378271301429308,-0.561816591205514,-3.0375523434165266,0.02355680791320135,0.030389605929539886,0.10686874692222421,1.3815879855043725,0.638481146239359,0.33357004389935097,0.41226102730713116,1.0773054209340454,1.0582133395477529,1.1413194970491614,289.5194322583009
1713,41713,40171,900003,6a22834,v2_nested_200x10,1,1,1,success,58,15.761272032693695,30.033031286369518,14.888070229305582,47,1,30.0,0.45,20.0,1.0,25,1,200,0.002,100,10.0,1.0,0,36,0,0.6206896551724138,0.3378271301429308,-0.561816591205514,-3.0375523434165266,0.02355680791320135,0.030389605929539886,0.10686874692222421,1.3815879855043725,0.638481146239359,0.33357004389935097,0.41226102730713116,1.0773054209340454,1.0582133395477529,1.1413194970491614,288.0080147319327
1714,41714,40171,900004,6a22834,v2_nested_200x10,1,1,1,success,59,18.053476814266187,15.358314293745405,10.273606512687897,49,1,30.0,0.45,20.0,1.0,25,1,200,0.002,100,10.0,1.0,0,34,0,0.576271186440678,0.3378271301429308,-0.561816591205514,-3.0375523434165266,0.02355680791320135,0.030389605929539886,0.10686874692222421,1.3815879855043725,0.638481146239359,0.33357004389935097,0.41226102730713116,1.0773054209340454,1.0582133395477529,1.1413194970491614,287.3977384924192
1715,41715,40171,900005,6a22834,v2_nested_200x10,1,1,1,success,55,18.41065116997582,23.70061902355214,12.015352741519385,48,1,30.0,0.45,20.0,1.0,25,1,200,0.002,100,10.0,1.0,0,42,0,0.7636363636363637,0.3378271301429308,-0.561816591205514,-3.0375523434165266,0.02355680791320135,0.030389605929539886,0.10686874692222421,1.3815879855043725,0.638481146239359,0.33357004389935097,0.41226102730713116,1.0773054209340454,1.0582133395477529,1.1413194970491614,286.6134279374031
1716,41716,40171,900006,6a22834,v2_nested_200x10,1,1,1,success,60,7.459177804955477,19.34111295708686,16.50028298702281,48,1,30.0,0.45,20.0,1.0,25,1,200,0.002,100,10.0,1.0,0,38,0,0.6333333333333333,0.3378271301429308,-0.561816591205514,-3.0375523434165266,0.02355680791320135,0.030389605929539886,0.10686874692222421,1.3815879855043725,0.638481146239359,0.33357004389935097,0.41226102730713116,1.0773054209340454,1.0582133395477529,1.1413194970491614,288.9380071626798
1717,41717,40171,900007,6a22834,v2_nested_200x10,1,1,1,success,56,14.018431891549838,17.236451568459913,2.5886425706372305,50,1,30.0,0.45,20.0,1.0,25,1,200,0.002,100,10.0,1.0,0,37,0,0.6607142857142857,0.3378271301429308,-0.561816591205514,-3.0375523434165266,0.02355680791320135,0.030389605929539886,0.10686874692222421,1.3815879855043725,0.638481146239359,0.33357004389935097,0.41226102730713116,1.0773054209340454,1.0582133395477529,1.1413194970491614,289.3265873138723
1718,41718,40171,900008,6a22834,v2_nested_200x10,1,1,1,success,59,14.802384275902154,18.741892708742657,10.58739194778902,50,1,30.0,0.45,20.0,1.0,25,1,200,0.002,100,10.0,1.0,0,39,0,0.6610169491525424,0.3378271301429308,-0.561816591205514,-3.0375523434165266,0.02355680791320135,0.030389605929539886,0.10686874692222421,1.3815879855043725,0.638481146239359,0.33357004389935097,0.41226102730713116,1.0773054209340454,1.0582133395477529,1.1413194970491614,288.31837084435034
1719,41719,40171,900009,6a22834,v2_nested_200x10,1,1,1,success,55,11.207099874533277,14.809043856686765,6.284492877772499,49,1,30.0,0.45,20.0,1.0,25,1,200,0.002,100,10.0,1.0,0,37,0,0.6727272727272727,0.3378271301429308,-0.561816591205514,-3.0375523434165266,0.02355680791320135,0.030389605929539886,0.10686874692222421,1.3815879855043725,0.638481146239359,0.33357004389935097,0.41226102730713116,1.0773054209340454,1.0582133395477529,1.1413194970491614,287.7358824926117
1720,41720,40172,900000,6a22834,v2_nested_200x10,1,1,1,success,57,15.09235950045617,26.732686588596565,9.624279656855224,48,1,30.0,0.45,20.0,1.0,25,1,200,0.002,100,10.0,1.0,0,43,0,0.7543859649122807,0.33819270953746183,-0.4746933692357289,0.45491942817557796,0.02656981139088348,0.03133897681540974,0.08893188265366112,1.6626808424021284,1.155226469300732,0.3191480026418698,0.3932199569303507,1.051358905246508,1.0719595371243702,1.052333621932333,286.3356078509119
1721,41721,40172,900001,6a22834,v2_nested_200x10,1,1,1,success,58,18.12473374152557,12.003552356663542,5.952525447570209,52,1,30.0,0.45,20.0,1.0,25,1,200,0.002,100,10.0,1.0,0,46,0,0.7931034482758621,0.33819270953746183,-0.4746933692357289,0.45491942817557796,0.02656981139088348,0.03133897681540974,0.08893188265366112,1.6626808424021284,1.155226469300732,0.3191480026418698,0.3932199569303507,1.051358905246508,1.0719595371243702,1.052333621932333,285.22968158307253
1722,41722,40172,900002,6a22834,v2_nested_200x10,1,1,1,success,55,12.736569243366649,11.811778583725442,6.271401551770418,51,1,30.0,0.45,20.0,1.0,25,1,200,0.002,100,10.0,1.0,0,47,0,0.8545454545454545,0.33819270953746183,-0.4746933692357289,0.45491942817557796,0.02656981139088348,0.03133897681540974,0.08893188265366112,1.6626808424021284,1.155226469300732,0.3191480026418698,0.3932199569303507,1.051358905246508,1.0719595371243702,1.052333621932333,286.88648880389013
1723,41723,40172,900003,6a22834,v2_nested_200x10,1,1,1,success,61,16.066531965863785,17.811063530746782,0.5488758356335944,52,1,30.0,0.45,20.0,1.0,25,1,200,0.002,100,10.0,1.0,0,50,0,0.819672131147541,0.33819270953746183,-0.4746933692357289,0.45491942817557796,0.02656981139088348,0.03133897681540974,0.08893188265366112,1.6626808424021284,1.155226469300732,0.3191480026418698,0.3932199569303507,1.051358905246508,1.0719595371243702,1.052333621932333,285.2239558445074
1724,41724,40172,900004,6a22834,v2_nested_200x10,1,1,1,success,56,15.85801063786419,11.993825452636235,10.675542264317205,50,1,30.0,0.45,20.0,1.0,25,1,200,0.002,100,10.0,1.0,0,41,0,0.7321428571428571,0.33819270953746183,-0.4746933692357289,0.45491942817557796,0.02656981139088348,0.03133897681540974,0.08893188265366112,1.6626808424021284,1.155226469300732,0.3191480026418698,0.3932199569303507,1.051358905246508,1.0719595371243702,1.052333621932333,284.16326061681207
1725,41725,40172,900005,6a22834,v2_nested_200x10,1,1,1,success,56,20.18788313707111,12.703426440992224,6.082613970256762,49,1,30.0,0.45,20.0,1.0,25,1,200,0.002,100,10.0,1.0,0,43,0,0.7678571428571429,0.33819270953746183,-0.4746933692357289,0.45491942817557796,0.02656981139088348,0.03133897681540974,0.08893188265366112,1.6626808424021284,1.155226469300732,0.3191480026418698,0.3932199569303507,1.051358905246508,1.0719595371243702,1.052333621932333,285.85627125940454
1726,41726,40172,900006,6a22834,v2_nested_200x10,1,1,1,success,53,14.21068688307015,15.248400320195989,5.77266878122025,48,1,30.0,0.45,20.0,1.0,25,1,200,0.002,100,10.0,1.0,0,41,0,0.7735849056603774,0.33819270953746183,-0.4746933692357289,0.45491942817557796,0.02656981139088348,0.03133897681540974,0.08893188265366112,1.6626808424021284,1.155226469300732,0.3191480026418698,0.3932199569303507,1.051358905246508,1.0719595371243702,1.052333621932333,286.72486248292233
1727,41727,40172,900007,6a22834,v2_nested_200x10,1,1,1,success,60,14.32613827653256,7.179040649328557,6.266054338870506,50,1,30.0,0.45,20.0,1.0,25,1,200,0.002,100,10.0,1.0,0,49,0,0.8166666666666667,0.33819270953746183,-0.4746933692357289,0.45491942817557796,0.02656981139088348,0.03133897681540974,0.08893188265366112,1.6626808424021284,1.155226469300732,0.3191480026418698,0.3932199569303507,1.051358905246508,1.0719595371243702,1.052333621932333,285.6129440244609
1728,41728,40172,900008,6a22834,v2_nested_200x10,1,1,1,success,60,10.028481631787153,3.0793574009843465,15.529358763200415,53,1,30.0,0.45,20.0,1.0,25,1,200,0.002,100,10.0,1.0,0,51,0,0.85,0.33819270953746183,-0.4746933692357289,0.45491942817557796,0.02656981139088348,0.03133897681540974,0.08893188265366112,1.6626808424021284,1.155226469300732,0.3191480026418698,0.3932199569303507,1.051358905246508,1.0719595371243702,1.052333621932333,282.71517397647256
1729,41729,40172,900009,6a22834,v2_nested_200x10,1,1,1,success,54,21.40807898160481,15.291589848198058,12.844948818293766,48,1,30.0,0.45,20.0,1.0,25,1,200,0.002,100,10.0,1.0,0,44,0,0.8148148148148148,0.33819270953746183,-0.4746933692357289,0.45491942817557796,0.02656981139088348,0.03133897681540974,0.08893188265366112,1.6626808424021284,1.155226469300732,0.3191480026418698,0.3932199569303507,1.051358905246508,1.0719595371243702,1.052333621932333,285.0620672981737
1730,41730,40173,900000,6a22834,v2_nested_200x10,1,1,1,success,69,22.460387058938807,14.217770610061079,12.463944003459805,53,1,30.0,0.45,20.0,1.0,25,1,200,0.002,100,10.0,1.0,0,57,0,0.8260869565217391,0.3486173425963019,-0.4710181317623767,0.6444177972440195,0.024986634821052154,0.032108139721276324,0.11794995333761066,1.3612297100623607,0.8255304255544839,0.34839724588810006,0.26244427800484454,0.999521434573212,0.9963205825926165,0.9648460308637004,276.77940864909874
1731,41731,40173,900001,6a22834,v2_nested_200x10,1,1,1,success,50,8.748120220441212,23.877902959021636,5.717361006726776,44,1,30.0,0.45,20.0,1.0,25,1,200,0.002,100,10.0,1.0,0,36,0,0.72,0.3486173425963019,-0.4710181317623767,0.6444177972440195,0.024986634821052154,0.032108139721276324,0.11794995333761066,1.3612297100623607,0.8255304255544839,0.34839724588810006,0.26244427800484454,0.999521434573212,0.9963205825926165,0.9648460308637004,283.5391384736597
1732,41732,40173,900002,6a22834,v2_nested_200x10,1,1,1,success,51,15.812038516891784,24.853757383463705,17.567415419960035,43,1,30.0,0.45,20.0,1.0,25,1,200,0.002,100,10.0,1.0,0,46,0,0.9019607843137255,0.3486173425963019,-0.4710181317623767,0.6444177972440195,0.024986634821052154,0.032108139721276324,0.11794995333761066,1.3612297100623607,0.8255304255544839,0.34839724588810006,0.26244427800484454,0.999521434573212,0.9963205825926165,0.9648460308637004,283.7124443797395
1733,41733,40173,900003,6a22834,v2_nested_200x10,0,0,0,timeout,200,244.63725066251513,nan,nan,-1,0,30.0,0.45,20.0,1.0,25,1,200,0.002,100,10.0,1.0,0,197,0,0.985,0.3486173425963019,-0.4710181317623767,0.6444177972440195,0.024986634821052154,0.032108139721276324,0.11794995333761066,1.3612297100623607,0.8255304255544839,0.34839724588810006,0.26244427800484454,0.999521434573212,0.9963205825926165,0.9648460308637004,-5.20363524717843
1734,41734,40173,900004,6a22834,v2_nested_200x10,1,1,1,success,51,11.796672180815538,18.041039078515446,8.048243334100544,45,1,30.0,0.45,20.0,1.0,25,1,200,0.002,100,10.0,1.0,0,42,0,0.8235294117647058,0.3486173425963019,-0.4710181317623767,0.6444177972440195,0.024986634821052154,0.032108139721276324,0.11794995333761066,1.3612297100623607,0.8255304255544839,0.34839724588810006,0.26244427800484454,0.999521434573212,0.9963205825926165,0.9648460308637004,285.9382625408681
1735,41735,40173,900005,6a22834,v2_nested_200x10,1,1,1,success,54,7.020348292130676,8.459794152903987,5.5535107086138105,47,1,30.0,0.45,20.0,1.0,25,1,200,0.002,100,10.0,1.0,0,48,0,0.8888888888888888,0.3486173425963019,-0.4710181317623767,0.6444177972440195,0.024986634821052154,0.032108139721276324,0.11794995333761066,1.3612297100623607,0.8255304255544839,0.34839724588810006,0.26244427800484454,0.999521434573212,0.9963205825926165,0.9648460308637004,282.8879041906828
1736,41736,40173,900006,6a22834,v2_nested_200x10,1,1,1,success,54,15.57748609690684,19.969514820429787,2.783791693612083,47,1,30.0,0.45,20.0,1.0,25,1,200,0.002,100,10.0,1.0,0,42,0,0.7777777777777778,0.3486173425963019,-0.4710181317623767,0.6444177972440195,0.024986634821052154,0.032108139721276324,0.11794995333761066,1.3612297100623607,0.8255304255544839,0.34839724588810006,0.26244427800484454,0.999521434573212,0.9963205825926165,0.9648460308637004,287.6584321457436
1737,41737,40173,900007,6a22834,v2_nested_200x10,0,1,0,timeout,200,246.74520590633367,nan,nan,-1,0,30.0,0.45,20.0,1.0,25,1,200,0.002,100,10.0,1.0,0,194,0,0.97,0.3486173425963019,-0.4710181317623767,0.6444177972440195,0.024986634821052154,0.032108139721276324,0.11794995333761066,1.3612297100623607,0.8255304255544839,0.34839724588810006,0.26244427800484454,0.999521434573212,0.9963205825926165,0.9648460308637004,-3.2012364747646647
1738,41738,40173,900008,6a22834,v2_nested_200x10,1,1,1,success,52,6.745526574315928,13.108673746480019,10.779951048695924,45,1,30.0,0.45,20.0,1.0,25,1,200,0.002,100,10.0,1.0,0,42,0,0.8076923076923077,0.3486173425963019,-0.4710181317623767,0.6444177972440195,0.024986634821052154,0.032108139721276324,0.11794995333761066,1.3612297100623607,0.8255304255544839,0.34839724588810006,0.26244427800484454,0.999521434573212,0.9963205825926165,0.9648460308637004,285.3848473408938
1739,41739,40173,900009,6a22834,v2_nested_200x10,1,1,1,success,51,6.1634984902760515,7.9308503330055515,5.045254067294431,45,1,30.0,0.45,20.0,1.0,25,1,200,0.002,100,10.0,1.0,0,45,0,0.8823529411764706,0.3486173425963019,-0.4710181317623767,0.6444177972440195,0.024986634821052154,0.032108139721276324,0.11794995333761066,1.3612297100623607,0.8255304255544839,0.34839724588810006,0.26244427800484454,0.999521434573212,0.9963205825926165,0.9648460308637004,283.44781504552236
1740,41740,40174,900000,6a22834,v2_nested_200x10,1,1,1,success,53,9.045233936409351,12.183936336431996,23.05547670985635,45,1,30.0,0.45,20.0,1.0,25,1,200,0.002,100,10.0,1.0,0,43,0,0.8113207547169812,0.3449406757868985,-0.4892143156882764,-0.5311893236819212,0.025309741305726535,0.030103869322637783,0.0876169506147069,1.9827850801012958,0.6566938953005814,0.3080356598133548,0.23660723853356605,0.9658005091236237,0.9924984406194618,1.1083101484163458,285.769049838246
1741,41741,40174,900001,6a22834,v2_nested_200x10,1,1,1,success,60,6.273426822855147,6.308471864331365,1.0228873180687652,56,1,30.0,0.45,20.0,1.0,25,1,200,0.002,100,10.0,1.0,0,49,0,0.8166666666666667,0.3449406757868985,-0.4892143156882764,-0.5311893236819212,0.025309741305726535,0.030103869322637783,0.0876169506147069,1.9827850801012958,0.6566938953005814,0.3080356598133548,0.23660723853356605,0.9658005091236237,0.9924984406194618,1.1083101484163458,285.1604646219589
1742,41742,40174,900002,6a22834,v2_nested_200x10,1,1,1,success,53,14.296042959987469,14.159679553845713,12.226491829392357,48,1,30.0,0.45,20.0,1.0,25,1,200,0.002,100,10.0,1.0,0,44,0,0.8301886792452831,0.3449406757868985,-0.4892143156882764,-0.5311893236819212,0.025309741305726535,0.030103869322637783,0.0876169506147069,1.9827850801012958,0.6566938953005814,0.3080356598133548,0.23660723853356605,0.9658005091236237,0.9924984406194618,1.1083101484163458,285.2638758356379
1743,41743,40174,900003,6a22834,v2_nested_200x10,1,1,1,success,55,3.5476657886197858,5.084709295075057,9.882388471406681,48,1,30.0,0.45,20.0,1.0,25,1,200,0.002,100,10.0,1.0,0,45,0,0.8181818181818182,0.3449406757868985,-0.4892143156882764,-0.5311893236819212,0.025309741305726535,0.030103869322637783,0.0876169506147069,1.9827850801012958,0.6566938953005814,0.3080356598133548,0.23660723853356605,0.9658005091236237,0.9924984406194618,1.1083101484163458,282.8410460568345
1744,41744,40174,900004,6a22834,v2_nested_200x10,1,1,1,success,56,10.648178372028047,4.578334430113324,12.130195108132664,50,1,30.0,0.45,20.0,1.0,25,1,200,0.002,100,10.0,1.0,0,45,0,0.8035714285714286,0.3449406757868985,-0.4892143156882764,-0.5311893236819212,0.025309741305726535,0.030103869322637783,0.0876169506147069,1.9827850801012958,0.6566938953005814,0.3080356598133548,0.23660723853356605,0.9658005091236237,0.9924984406194618,1.1083101484163458,285.74434507184293
1745,41745,40174,900005,6a22834,v2_nested_200x10,1,1,1,success,52,16.00988237104102,9.385475584824015,9.142559073448751,46,1,30.0,0.45,20.0,1.0,25,1,200,0.002,100,10.0,1.0,0,42,0,0.8076923076923077,0.3449406757868985,-0.4892143156882764,-0.5311893236819212,0.025309741305726535,0.030103869322637783,0.0876169506147069,1.9827850801012958,0.6566938953005814,0.3080356598133548,0.23660723853356605,0.9658005091236237,0.9924984406194618,1.1083101484163458,283.96102623357825
1746,41746,40174,900006,6a22834,v2_nested_200x10,1,1,1,success,78,11.213076369259127,8.287040102900324,23.737521626314816,46,1,30.0,0.45,20.0,1.0,25,1,200,0.002,100,10.0,1.0,0,72,0,0.9230769230769231,0.3449406757868985,-0.4892143156882764,-0.5311893236819212,0.025309741305726535,0.030103869322637783,0.0876169506147069,1.9827850801012958,0.6566938953005814,0.3080356598133548,0.23660723853356605,0.9658005091236237,0.9924984406194618,1.1083101484163458,284.39736621846635
1747,41747,40174,900007,6a22834,v2_nested_200x10,1,1,1,success,53,8.317841289557506,15.976817574995875,25.654561760972076,47,1,30.0,0.45,20.0,1.0,25,1,200,0.002,100,10.0,1.0,0,47,0,0.8867924528301887,0.3449406757868985,-0.4892143156882764,-0.5311893236819212,0.025309741305726535,0.030103869322637783,0.0876169506147069,1.9827850801012958,0.6566938953005814,0.3080356598133548,0.23660723853356605,0.9658005091236237,0.9924984406194618,1.1083101484163458,286.0795058627109
1748,41748,40174,900008,6a22834,v2_nested_200x10,1,1,1,success,54,6.669299961432229,17.824755285301585,17.358536059333666,45,1,30.0,0.45,20.0,1.0,25,1,200,0.002,100,10.0,1.0,0,45,0,0.8333333333333334,0.3449406757868985,-0.4892143156882764,-0.5311893236819212,0.025309741305726535,0.030103869322637783,0.0876169506147069,1.9827850801012958,0.6566938953005814,0.3080356598133548,0.23660723853356605,0.9658005091236237,0.9924984406194618,1.1083101484163458,283.9920403451147
1749,41749,40174,900009,6a22834,v2_nested_200x10,1,1,1,success,53,15.491985888320627,2.702643092421286,18.1482147438175,46,1,30.0,0.45,20.0,1.0,25,1,200,0.002,100,10.0,1.0,0,44,0,0.8301886792452831,0.3449406757868985,-0.4892143156882764,-0.5311893236819212,0.025309741305726535,0.030103869322637783,0.0876169506147069,1.9827850801012958,0.6566938953005814,0.3080356598133548,0.23660723853356605,0.9658005091236237,0.9924984406194618,1.1083101484163458,284.5923971780456
1750,41750,40175,900000,6a22834,v2_nested_200x10,1,1,1,success,58,14.53512650291322,22.621366596247928,8.187734137346276,51,1,30.0,0.45,20.0,1.0,25,1,200,0.002,100,10.0,1.0,0,42,0,0.7241379310344828,0.32786431879593303,-0.2483592909920046,-0.8835755470101532,0.02220606214921035,0.03410995112243472,0.07687471813538764,0.9305141230435818,0.7450745337875389,0.35307309232524553,0.6867637475578336,1.111861795998028,1.0265798329612454,0.8228017865790795,283.33804966841717
1751,41751,40175,900001,6a22834,v2_nested_200x10,1,1,1,success,56,13.309023050609,19.55386893920112,3.28069857349685,52,1,30.0,0.45,20.0,1.0,25,1,200,0.002,100,10.0,1.0,0,47,0,0.8392857142857143,0.32786431879593303,-0.2483592909920046,-0.8835755470101532,0.02220606214921035,0.03410995112243472,0.07687471813538764,0.9305141230435818,0.7450745337875389,0.35307309232524553,0.6867637475578336,1.111861795998028,1.0265798329612454,0.8228017865790795,284.37338121102
1752,41752,40175,900002,6a22834,v2_nested_200x10,1,1,1,success,60,12.29708369943732,14.443601025307501,1.1809937776601405,50,1,30.0,0.45,20.0,1.0,25,1,200,0.002,100,10.0,1.0,0,45,0,0.75,0.32786431879593303,-0.2483592909920046,-0.8835755470101532,0.02220606214921035,0.03410995112243472,0.07687471813538764,0.9305141230435818,0.7450745337875389,0.35307309232524553,0.6867637475578336,1.111861795998028,1.0265798329612454,0.8228017865790795,282.5962139988352
1753,41753,40175,900003,6a22834,v2_nested_200x10,1,1,1,success,56,6.965274147408599,16.469753350430768,5.78600608868181,50,1,30.0,0.45,20.0,1.0,25,1,200,0.002,100,10.0,1.0,0,45,0,0.8035714285714286,0.32786431879593303,-0.2483592909920046,-0.8835755470101532,0.02220606214921035,0.03410995112243472,0.07687471813538764,0.9305141230435818,0.7450745337875389,0.35307309232524553,0.6867637475578336,1.111861795998028,1.0265798329612454,0.8228017865790795,284.01747472927207
1754,41754,40175,900004,6a22834,v2_nested_200x10,1,1,1,success,54,23.783619233100637,18.836352672675073,4.736478545000368,50,1,30.0,0.45,20.0,1.0,25,1,200,0.002,100,10.0,1.0,0,41,0,0.7592592592592593,0.32786431879593303,-0.2483592909920046,-0.8835755470101532,0.02220606214921035,0.03410995112243472,0.07687471813538764,0.9305141230435818,0.7450745337875389,0.35307309232524553,0.6867637475578336,1.111861795998028,1.0265798329612454,0.8228017865790795,282.78208330918994
1755,41755,40175,900005,6a22834,v2_nested_200x10,1,1,1,success,56,8.659592421302918,11.015948940037335,5.956957994362093,50,1,30.0,0.45,20.0,1.0,25,1,200,0.002,100,10.0,1.0,0,45,0,0.8035714285714286,0.32786431879593303,-0.2483592909920046,-0.8835755470101532,0.02220606214921035,0.03410995112243472,0.07687471813538764,0.9305141230435818,0.7450745337875389,0.35307309232524553,0.6867637475578336,1.111861795998028,1.0265798329612454,0.8228017865790795,282.96703911525105
1756,41756,40175,900006,6a22834,v2_nested_200x10,1,1,1,success,57,18.553383394389815,10.406590422960482,2.677938148653652,52,1,30.0,0.45,20.0,1.0,25,1,200,0.002,100,10.0,1.0,0,42,0,0.7368421052631579,0.32786431879593303,-0.2483592909920046,-0.8835755470101532,0.02220606214921035,0.03410995112243472,0.07687471813538764,0.9305141230435818,0.7450745337875389,0.35307309232524553,0.6867637475578336,1.111861795998028,1.0265798329612454,0.8228017865790795,281.80614565763744
1757,41757,40175,900007,6a22834,v2_nested_200x10,1,1,1,success,56,24.05332727957946,13.556550198293339,5.928855845699347,51,1,30.0,0.45,20.0,1.0,25,1,200,0.002,100,10.0,1.0,0,40,0,0.7142857142857143,0.32786431879593303,-0.2483592909920046,-0.8835755470101532,0.02220606214921035,0.03410995112243472,0.07687471813538764,0.9305141230435818,0.7450745337875389,0.35307309232524553,0.6867637475578336,1.111861795998028,1.0265798329612454,0.8228017865790795,280.2460243082589
1758,41758,40175,900008,6a22834,v2_nested_200x10,1,1,1,success,55,20.916313277856876,18.002304771526127,5.192538185329718,50,1,30.0,0.45,20.0,1.0,25,1,200,0.002,100,10.0,1.0,0,45,0,0.8181818181818182,0.32786431879593303,-0.2483592909920046,-0.8835755470101532,0.02220606214921035,0.03410995112243472,0.07687471813538764,0.9305141230435818,0.7450745337875389,0.35307309232524553,0.6867637475578336,1.111861795998028,1.0265798329612454,0.8228017865790795,282.06430134776963
1759,41759,40175,900009,6a22834,v2_nested_200x10,1,1,1,success,56,15.482159688522849,16.007238586652164,1.252989752907561,51,1,30.0,0.45,20.0,1.0,25,1,200,0.002,100,10.0,1.0,0,42,0,0.75,0.32786431879593303,-0.2483592909920046,-0.8835755470101532,0.02220606214921035,0.03410995112243472,0.07687471813538764,0.9305141230435818,0.7450745337875389,0.35307309232524553,0.6867637475578336,1.111861795998028,1.0265798329612454,0.8228017865790795,282.8157739009787
1760,41760,40176,900000,6a22834,v2_nested_200x10,1,1,1,success,50,26.363361762257487,27.929407712022645,4.889648016980641,45,1,30.0,0.45,20.0,1.0,25,1,200,0.002,100,10.0,1.0,0,44,0,0.88,0.3481034060009533,-0.25627601881397494,0.2917848915778207,0.027488928549876435,0.02975481982419342,0.0400645332846617,1.2830701262497777,0.7772293086616862,0.3628090906228828,0.24550418287934744,1.0690229051488254,1.0106966215111404,0.9584306797315301,280.30632161845637
1761,41761,40176,900001,6a22834,v2_nested_200x10,1,1,1,success,60,23.057438299995276,22.499759414637165,0.3497511025794623,57,1,30.0,0.45,20.0,1.0,25,1,200,0.002,100,10.0,1.0,0,46,0,0.7666666666666667,0.3481034060009533,-0.25627601881397494,0.2917848915778207,0.027488928549876435,0.02975481982419342,0.0400645332846617,1.2830701262497777,0.7772293086616862,0.3628090906228828,0.24550418287934744,1.0690229051488254,1.0106966215111404,0.9584306797315301,281.93873619179146
1762,41762,40176,900002,6a22834,v2_nested_200x10,0,1,0,timeout,200,102.93030754086024,nan,nan,-1,1,30.0,0.45,20.0,1.0,25,1,200,0.002,100,10.0,1.0,0,184,0,0.92,0.3481034060009533,-0.25627601881397494,0.2917848915778207,0.027488928549876435,0.02975481982419342,0.0400645332846617,1.2830701262497777,0.7772293086616862,0.3628090906228828,0.24550418287934744,1.0690229051488254,1.0106966215111404,0.9584306797315301,21.398134300302445
1763,41763,40176,900003,6a22834,v2_nested_200x10,1,1,1,success,50,30.206561043073346,27.01813525600986,8.255071810911687,44,1,30.0,0.45,20.0,1.0,25,1,200,0.002,100,10.0,1.0,0,46,0,0.92,0.3481034060009533,-0.25627601881397494,0.2917848915778207,0.027488928549876435,0.02975481982419342,0.0400645332846617,1.2830701262497777,0.7772293086616862,0.3628090906228828,0.24550418287934744,1.0690229051488254,1.0106966215111404,0.9584306797315301,281.4728282437492
1764,41764,40176,900004,6a22834,v2_nested_200x10,1,1,1,success,51,27.323285049436745,18.55159454349416,0.10393749619352242,48,1,30.0,0.45,20.0,1.0,25,1,200,0.002,100,10.0,1.0,0,42,0,0.8235294117647058,0.3481034060009533,-0.25627601881397494,0.2917848915778207,0.027488928549876435,0.02975481982419342,0.0400645332846617,1.2830701262497777,0.7772293086616862,0.3628090906228828,0.24550418287934744,1.0690229051488254,1.0106966215111404,0.9584306797315301,281.4736698375672
1765,41765,40176,900005,6a22834,v2_nested_200x10,1,1,1,success,49,39.894459529164834,40.94535860469099,3.198458408347707,46,1,30.0,0.45,20.0,1.0,25,1,200,0.002,100,10.0,1.0,0,40,0,0.8163265306122449,0.3481034060009533,-0.25627601881397494,0.2917848915778207,0.027488928549876435,0.02975481982419342,0.0400645332846617,1.2830701262497777,0.7772293086616862,0.3628090906228828,0.24550418287934744,1.0690229051488254,1.0106966215111404,0.9584306797315301,278.687049344004
1766,41766,40176,900006,6a22834,v2_nested_200x10,1,1,1,success,51,36.678229168147425,35.603951447719595,4.290401118956951,46,1,30.0,0.45,20.0,1.0,25,1,200,0.002,100,10.0,1.0,0,40,0,0.7843137254901961,0.3481034060009533,-0.25627601881397494,0.2917848915778207,0.027488928549876435,0.02975481982419342,0.0400645332846617,1.2830701262497777,0.7772293086616862,0.3628090906228828,0.24550418287934744,1.0690229051488254,1.0106966215111404,0.9584306797315301,280.65092042371384
1767,41767,40176,900007,6a22834,v2_nested_200x10,1,1,1,success,55,6.206119201134854,14.795799640278018,17.871530897642653,50,1,30.0,0.45,20.0,1.0,25,1,200,0.002,100,10.0,1.0,0,46,0,0.8363636363636363,0.3481034060009533,-0.25627601881397494,0.2917848915778207,0.027488928549876435,0.02975481982419342,0.0400645332846617,1.2830701262497777,0.7772293086616862,0.3628090906228828,0.24550418287934744,1.0690229051488254,1.0106966215111404,0.9584306797315301,280.04379283304513
1768,41768,40176,900008,6a22834,v2_nested_200x10,1,1,1,success,50,31.780239732026594,37.16536777129249,3.1443686664730603,46,1,30.0,0.45,20.0,1.0,25,1,200,0.002,100,10.0,1.0,0,43,0,0.86,0.3481034060009533,-0.25627601881397494,0.2917848915778207,0.027488928549876435,0.02975481982419342,0.0400645332846617,1.2830701262497777,0.7772293086616862,0.3628090906228828,0.24550418287934744,1.0690229051488254,1.0106966215111404,0.9584306797315301,279.67144714205165
1769,41769,40176,900009,6a22834,v2_nested_200x10,1,1,1,success,52,19.36511733168592,17.671832219775524,5.784718956617818,42,1,30.0,0.45,20.0,1.0,25,1,200,0.002,100,10.0,1.0,0,39,0,0.75,0.3481034060009533,-0.25627601881397494,0.2917848915778207,0.027488928549876435,0.02975481982419342,0.0400645332846617,1.2830701262497777,0.7772293086616862,0.3628090906228828,0.24550418287934744,1.0690229051488254,1.0106966215111404,0.9584306797315301,283.4146671695461
1770,41770,40177,900000,6a22834,v2_nested_200x10,1,1,1,success,60,11.830854849832617,17.212498006290406,2.7564402195105124,56,1,30.0,0.45,20.0,1.0,25,1,200,0.002,100,10.0,1.0,0,46,0,0.7666666666666667,0.3276351811421651,-0.27414219909217336,-2.1388626590214885,0.026565728211496994,0.03611026448248618,0.1177656978568743,1.6009693970523338,0.7826464055991071,0.3890068074213651,0.7251072808522093,1.0034083045739663,0.9763934481045476,1.174105220335361,287.94769827659303
1771,41771,40177,900001,6a22834,v2_nested_200x10,1,1,1,success,63,24.36257710870831,25.85635982024334,0.9160016614860232,60,1,30.0,0.45,20.0,1.0,25,1,200,0.002,100,10.0,1.0,0,46,0,0.7301587301587301,0.3276351811421651,-0.27414219909217336,-2.1388626590214885,0.026565728211496994,0.03611026448248618,0.1177656978568743,1.6009693970523338,0.7826464055991071,0.3890068074213651,0.7251072808522093,1.0034083045739663,0.9763934481045476,1.174105220335361,285.1977101948265
1772,41772,40177,900002,6a22834,v2_nested_200x10,1,1,1,success,62,17.98736344347878,22.20863298141789,0.0723393502244429,58,1,30.0,0.45,20.0,1.0,25,1,200,0.002,100,10.0,1.0,0,49,0,0.7903225806451613,0.3276351811421651,-0.27414219909217336,-2.1388626590214885,0.026565728211496994,0.03611026448248618,0.1177656978568743,1.6009693970523338,0.7826464055991071,0.3890068074213651,0.7251072808522093,1.0034083045739663,0.9763934481045476,1.174105220335361,273.138736630115
1773,41773,40177,900003,6a22834,v2_nested_200x10,1,1,1,success,61,21.66947989469951,26.09185903289771,4.541419547564251,55,1,30.0,0.45,20.0,1.0,25,1,200,0.002,100,10.0,1.0,0,45,0,0.7377049180327869,0.3276351811421651,-0.27414219909217336,-2.1388626590214885,0.026565728211496994,0.03611026448248618,0.1177656978568743,1.6009693970523338,0.7826464055991071,0.3890068074213651,0.7251072808522093,1.0034083045739663,0.9763934481045476,1.174105220335361,284.60157015637276
1774,41774,40177,900004,6a22834,v2_nested_200x10,1,1,1,success,61,23.042227327556017,23.99767195807296,2.1133745405508817,54,1,30.0,0.45,20.0,1.0,25,1,200,0.002,100,10.0,1.0,0,46,0,0.7540983606557377,0.3276351811421651,-0.27414219909217336,-2.1388626590214885,0.026565728211496994,0.03611026448248618,0.1177656978568743,1.6009693970523338,0.7826464055991071,0.3890068074213651,0.7251072808522093,1.0034083045739663,0.9763934481045476,1.174105220335361,284.3096602438814
1775,41775,40177,900005,6a22834,v2_nested_200x10,1,1,1,success,59,23.859842933569954,18.271512802065534,1.5216028994873532,54,1,30.0,0.45,20.0,1.0,25,1,200,0.002,100,10.0,1.0,0,48,0,0.8135593220338984,0.3276351811421651,-0.27414219909217336,-2.1388626590214885,0.026565728211496994,0.03611026448248618,0.1177656978568743,1.6009693970523338,0.7826464055991071,0.3890068074213651,0.7251072808522093,1.0034083045739663,0.9763934481045476,1.174105220335361,284.31876205446844
1776,41776,40177,900006,6a22834,v2_nested_200x10,1,1,1,success,57,18.120394227327797,23.117261237198704,2.6029702813200015,53,1,30.0,0.45,20.0,1.0,25,1,200,0.002,100,10.0,1.0,0,43,0,0.7543859649122807,0.3276351811421651,-0.27414219909217336,-2.1388626590214885,0.026565728211496994,0.03611026448248618,0.1177656978568743,1.6009693970523338,0.7826464055991071,0.3890068074213651,0.7251072808522093,1.0034083045739663,0.9763934481045476,1.174105220335361,285.1206539991451
1777,41777,40177,900007,6a22834,v2_nested_200x10,1,1,1,success,61,16.415129659126652,17.856031186183273,5.192959150428264,54,1,30.0,0.45,20.0,1.0,25,1,200,0.002,100,10.0,1.0,0,48,0,0.7868852459016393,0.3276351811421651,-0.27414219909217336,-2.1388626590214885,0.026565728211496994,0.03611026448248618,0.1177656978568743,1.6009693970523338,0.7826464055991071,0.3890068074213651,0.7251072808522093,1.0034083045739663,0.9763934481045476,1.174105220335361,288.13587938836736
1778,41778,40177,900008,6a22834,v2_nested_200x10,1,1,1,success,60,14.552526526897086,21.07806317223627,5.886030991153429,54,1,30.0,0.45,20.0,1.0,25,1,200,0.002,100,10.0,1.0,0,40,0,0.6666666666666666,0.3276351811421651,-0.27414219909217336,-2.1388626590214885,0.026565728211496994,0.03611026448248618,0.1177656978568743,1.6009693970523338,0.7826464055991071,0.3890068074213651,0.7251072808522093,1.0034083045739663,0.9763934481045476,1.174105220335361,275.94711176176685
1779,41779,40177,900009,6a22834,v2_nested_200x10,1,1,1,success,59,23.687104014644127,22.99195459839925,5.709973893373388,53,1,30.0,0.45,20.0,1.0,25,1,200,0.002,100,10.0,1.0,0,40,0,0.6779661016949152,0.3276351811421651,-0.27414219909217336,-2.1388626590214885,0.026565728211496994,0.03611026448248618,0.1177656978568743,1.6009693970523338,0.7826464055991071,0.3890068074213651,0.7251072808522093,1.0034083045739663,0.9763934481045476,1.174105220335361,285.5072817812953
1780,41780,40178,900000,6a22834,v2_nested_200x10,1,1,1,success,58,29.44933544076941,31.682375437431652,6.095058028828136,48,1,30.0,0.45,20.0,1.0,25,1,200,0.002,100,10.0,1.0,0,40,0,0.6896551724137931,0.37713381123841283,-0.46573067990134404,-2.951202794631765,0.025864284081039912,0.030840766065397682,0.038069826910227485,1.1009454711219244,1.1351194058662601,0.36351516353093316,0.4307699206645455,1.0797267606819478,0.9741138613467808,0.9971302816765255,287.3701053697911
1781,41781,40178,900001,6a22834,v2_nested_200x10,1,1,1,success,55,13.612818544419216,14.029801725101581,8.084565379312929,51,1,30.0,0.45,20.0,1.0,25,1,200,0.002,100,10.0,1.0,0,39,0,0.7090909090909091,0.37713381123841283,-0.46573067990134404,-2.951202794631765,0.025864284081039912,0.030840766065397682,0.038069826910227485,1.1009454711219244,1.1351194058662601,0.36351516353093316,0.4307699206645455,1.0797267606819478,0.9741138613467808,0.9971302816765255,287.2012445837495
1782,41782,40178,900002,6a22834,v2_nested_200x10,1,1,1,success,56,25.301777412028713,19.733533435956865,9.855859531422421,50,1,30.0,0.45,20.0,1.0,25,1,200,0.002,100,10.0,1.0,0,39,0,0.6964285714285714,0.37713381123841283,-0.46573067990134404,-2.951202794631765,0.025864284081039912,0.030840766065397682,0.038069826910227485,1.1009454711219244,1.1351194058662601,0.36351516353093316,0.4307699206645455,1.0797267606819478,0.9741138613467808,0.9971302816765255,285.3942575203038
1783,41783,40178,900003,6a22834,v2_nested_200x10,1,1,1,success,55,19.13452073820209,25.768202343500015,4.375023999198024,48,1,30.0,0.45,20.0,1.0,25,1,200,0.002,100,10.0,1.0,0,38,0,0.6909090909090909,0.37713381123841283,-0.46573067990134404,-2.951202794631765,0.025864284081039912,0.030840766065397682,0.038069826910227485,1.1009454711219244,1.1351194058662601,0.36351516353093316,0.4307699206645455,1.0797267606819478,0.9741138613467808,0.9971302816765255,287.06120354691905
1784,41784,40178,900004,6a22834,v2_nested_200x10,1,1,1,success,57,29.272156918932865,17.933297704849508,13.272218098205341,50,1,30.0,0.45,20.0,1.0,25,1,200,0.002,100,10.0,1.0,0,39,0,0.6842105263157895,0.37713381123841283,-0.46573067990134404,-2.951202794631765,0.025864284081039912,0.030840766065397682,0.038069826910227485,1.1009454711219244,1.1351194058662601,0.36351516353093316,0.4307699206645455,1.0797267606819478,0.9741138613467808,0.9971302816765255,287.7166300055894
1785,41785,40178,900005,6a22834,v2_nested_200x10,1,1,1,success,57,26.592210427838797,21.340400729542722,0.04912986418119295,53,1,30.0,0.45,20.0,1.0,25,1,200,0.002,100,10.0,1.0,0,42,0,0.7368421052631579,0.37713381123841283,-0.46573067990134404,-2.951202794631765,0.025864284081039912,0.030840766065397682,0.038069826910227485,1.1009454711219244,1.1351194058662601,0.36351516353093316,0.4307699206645455,1.0797267606819478,0.9741138613467808,0.9971302816765255,285.34478982650427
1786,41786,40178,900006,6a22834,v2_nested_200x10,1,1,1,success,54,6.831858388849059,16.760078061181375,0.6110348802434261,49,1,30.0,0.45,20.0,1.0,25,1,200,0.002,100,10.0,1.0,0,38,0,0.7037037037037037,0.37713381123841283,-0.46573067990134404,-2.951202794631765,0.025864284081039912,0.030840766065397682,0.038069826910227485,1.1009454711219244,1.1351194058662601,0.36351516353093316,0.4307699206645455,1.0797267606819478,0.9741138613467808,0.9971302816765255,288.1383339713316
1787,41787,40178,900007,6a22834,v2_nested_200x10,0,0,0,unsafe,23,323.72744821248637,nan,nan,-1,0,30.0,0.45,20.0,1.0,25,1,200,0.002,100,10.0,1.0,0,14,0,0.6086956521739131,0.37713381123841283,-0.46573067990134404,-2.951202794631765,0.025864284081039912,0.030840766065397682,0.038069826910227485,1.1009454711219244,1.1351194058662601,0.36351516353093316,0.4307699206645455,1.0797267606819478,0.9741138613467808,0.9971302816765255,-38.222936134780944
1788,41788,40178,900008,6a22834,v2_nested_200x10,1,1,1,success,55,19.822275718580023,23.061644319318262,5.261987685854268,50,1,30.0,0.45,20.0,1.0,25,1,200,0.002,100,10.0,1.0,0,42,0,0.7636363636363637,0.37713381123841283,-0.46573067990134404,-2.951202794631765,0.025864284081039912,0.030840766065397682,0.038069826910227485,1.1009454711219244,1.1351194058662601,0.36351516353093316,0.4307699206645455,1.0797267606819478,0.9741138613467808,0.9971302816765255,285.4337399824228
1789,41789,40178,900009,6a22834,v2_nested_200x10,1,1,1,success,55,13.169959269527379,15.497440934265125,4.286196428153401,51,1,30.0,0.45,20.0,1.0,25,1,200,0.002,100,10.0,1.0,0,42,0,0.7636363636363637,0.37713381123841283,-0.46573067990134404,-2.951202794631765,0.025864284081039912,0.030840766065397682,0.038069826910227485,1.1009454711219244,1.1351194058662601,0.36351516353093316,0.4307699206645455,1.0797267606819478,0.9741138613467808,0.9971302816765255,286.3104833492413
1790,41790,40179,900000,6a22834,v2_nested_200x10,1,1,1,success,59,17.688493783738355,24.70784784555661,10.840789157161218,53,1,30.0,0.45,20.0,1.0,25,1,200,0.002,100,10.0,1.0,0,45,0,0.7627118644067796,0.350172304225318,-0.6022338868556076,-2.9970298461859346,0.02181039710525759,0.030123107276509718,0.06333600667571414,1.2418686535880252,0.7471221625055391,0.34260401443842503,0.42291002839280467,1.002727742189596,1.0718004747184466,1.151503988867149,289.6248541501849
1791,41791,40179,900001,6a22834,v2_nested_200x10,1,1,1,success,63,13.040591027359891,17.897919502848975,8.329876730352758,54,1,30.0,0.45,20.0,1.0,25,1,200,0.002,100,10.0,1.0,0,49,0,0.7777777777777778,0.350172304225318,-0.6022338868556076,-2.9970298461859346,0.02181039710525759,0.030123107276509718,0.06333600667571414,1.2418686535880252,0.7471221625055391,0.34260401443842503,0.42291002839280467,1.002727742189596,1.0718004747184466,1.151503988867149,289.65462505998505
1792,41792,40179,900002,6a22834,v2_nested_200x10,1,1,1,success,57,19.58981871978846,26.466272103109116,1.6652922906867962,51,1,30.0,0.45,20.0,1.0,25,1,200,0.002,100,10.0,1.0,0,39,0,0.6842105263157895,0.350172304225318,-0.6022338868556076,-2.9970298461859346,0.02181039710525759,0.030123107276509718,0.06333600667571414,1.2418686535880252,0.7471221625055391,0.34260401443842503,0.42291002839280467,1.002727742189596,1.0718004747184466,1.151503988867149,289.34171273279543
1793,41793,40179,900003,6a22834,v2_nested_200x10,1,1,1,success,59,18.54899284974171,29.160168983777037,8.525348272483052,51,1,30.0,0.45,20.0,1.0,25,1,200,0.002,100,10.0,1.0,0,42,0,0.711864406779661,0.350172304225318,-0.6022338868556076,-2.9970298461859346,0.02181039710525759,0.030123107276509718,0.06333600667571414,1.2418686535880252,0.7471221625055391,0.34260401443842503,0.42291002839280467,1.002727742189596,1.0718004747184466,1.151503988867149,289.9918549829831
1794,41794,40179,900004,6a22834,v2_nested_200x10,0,1,1,timeout,200,29.80677189696593,28.33597138795169,9.65873309926427,52,0,30.0,0.45,20.0,1.0,25,1,200,0.002,100,10.0,1.0,0,175,0,0.875,0.350172304225318,-0.6022338868556076,-2.9970298461859346,0.02181039710525759,0.030123107276509718,0.06333600667571414,1.2418686535880252,0.7471221625055391,0.34260401443842503,0.42291002839280467,1.002727742189596,1.0718004747184466,1.151503988867149,66.02313383458016
1795,41795,40179,900005,6a22834,v2_nested_200x10,1,1,1,success,59,22.784591821062573,28.020575773556498,9.749966209270863,51,1,30.0,0.45,20.0,1.0,25,1,200,0.002,100,10.0,1.0,0,43,0,0.7288135593220338,0.350172304225318,-0.6022338868556076,-2.9970298461859346,0.02181039710525759,0.030123107276509718,0.06333600667571414,1.2418686535880252,0.7471221625055391,0.34260401443842503,0.42291002839280467,1.002727742189596,1.0718004747184466,1.151503988867149,288.8960058109684
1796,41796,40179,900006,6a22834,v2_nested_200x10,1,1,1,success,59,16.52601392456746,17.422678026937902,16.66703814129816,53,1,30.0,0.45,20.0,1.0,25,1,200,0.002,100,10.0,1.0,0,39,0,0.6610169491525424,0.350172304225318,-0.6022338868556076,-2.9970298461859346,0.02181039710525759,0.030123107276509718,0.06333600667571414,1.2418686535880252,0.7471221625055391,0.34260401443842503,0.42291002839280467,1.002727742189596,1.0718004747184466,1.151503988867149,290.19742016383293
1797,41797,40179,900007,6a22834,v2_nested_200x10,1,1,1,success,59,12.95712962621779,21.298646130832832,7.210756192400265,52,1,30.0,0.45,20.0,1.0,25,1,200,0.002,100,10.0,1.0,0,47,0,0.7966101694915254,0.350172304225318,-0.6022338868556076,-2.9970298461859346,0.02181039710525759,0.030123107276509718,0.06333600667571414,1.2418686535880252,0.7471221625055391,0.34260401443842503,0.42291002839280467,1.002727742189596,1.0718004747184466,1.151503988867149,290.0954394937959
1798,41798,40179,900008,6a22834,v2_nested_200x10,1,1,1,success,57,19.484871037033685,27.25028781760578,12.034310012847621,51,1,30.0,0.45,20.0,1.0,25,1,200,0.002,100,10.0,1.0,0,41,0,0.7192982456140351,0.350172304225318,-0.6022338868556076,-2.9970298461859346,0.02181039710525759,0.030123107276509718,0.06333600667571414,1.2418686535880252,0.7471221625055391,0.34260401443842503,0.42291002839280467,1.002727742189596,1.0718004747184466,1.151503988867149,290.11857982519257
1799,41799,40179,900009,6a22834,v2_nested_200x10,1,1,1,success,58,20.78412398502767,29.202775846473873,5.095719232996651,50,1,30.0,0.45,20.0,1.0,25,1,200,0.002,100,10.0,1.0,0,44,0,0.7586206896551724,0.350172304225318,-0.6022338868556076,-2.9970298461859346,0.02181039710525759,0.030123107276509718,0.06333600667571414,1.2418686535880252,0.7471221625055391,0.34260401443842503,0.42291002839280467,1.002727742189596,1.0718004747184466,1.151503988867149,288.4663280454203
1800,41800,40180,900000,6a22834,v2_nested_200x10,1,1,1,success,66,11.817563569191195,27.381115742702114,15.442375964667022,57,1,30.0,0.45,20.0,1.0,25,1,200,0.002,100,10.0,1.0,1,42,0,0.6363636363636364,0.38902937301633483,-0.706235564161208,2.20227561305048,0.02677827076765321,0.039551557187351455,0.05962737675068351,1.7933560121838392,1.2818499501693097,0.378122709815144,0.242551422121611,0.9573372211906028,1.0518364714635222,1.1448018233684971,290.584930740107
1801,41801,40180,900001,6a22834,v2_nested_200x10,1,1,1,success,81,22.61883226931561,34.061188764158615,14.413091523841928,72,1,30.0,0.45,20.0,1.0,25,1,200,0.002,100,10.0,1.0,5,50,0,0.6172839506172839,0.38902937301633483,-0.706235564161208,2.20227561305048,0.02677827076765321,0.039551557187351455,0.05962737675068351,1.7933560121838392,1.2818499501693097,0.378122709815144,0.242551422121611,0.9573372211906028,1.0518364714635222,1.1448018233684971,288.7232757453462
1802,41802,40180,900002,6a22834,v2_nested_200x10,0,0,0,timeout,200,390.59076451192516,nan,nan,-1,1,30.0,0.45,20.0,1.0,25,1,200,0.002,100,10.0,1.0,0,185,0,0.925,0.38902937301633483,-0.706235564161208,2.20227561305048,0.02677827076765321,0.039551557187351455,0.05962737675068351,1.7933560121838392,1.2818499501693097,0.378122709815144,0.242551422121611,0.9573372211906028,1.0518364714635222,1.1448018233684971,-4.088811853908691
1803,41803,40180,900003,6a22834,v2_nested_200x10,1,1,1,success,65,11.160824447322995,19.43209734269098,1.7913111599756446,62,1,30.0,0.45,20.0,1.0,25,1,200,0.002,100,10.0,1.0,0,38,0,0.5846153846153846,0.38902937301633483,-0.706235564161208,2.20227561305048,0.02677827076765321,0.039551557187351455,0.05962737675068351,1.7933560121838392,1.2818499501693097,0.378122709815144,0.242551422121611,0.9573372211906028,1.0518364714635222,1.1448018233684971,292.5814800561168
1804,41804,40180,900004,6a22834,v2_nested_200x10,1,1,1,success,71,2.668686320958935,18.17570472456956,15.22126939147793,58,1,30.0,0.45,20.0,1.0,25,1,200,0.002,100,10.0,1.0,0,43,0,0.6056338028169014,0.38902937301633483,-0.706235564161208,2.20227561305048,0.02677827076765321,0.039551557187351455,0.05962737675068351,1.7933560121838392,1.2818499501693097,0.378122709815144,0.242551422121611,0.9573372211906028,1.0518364714635222,1.1448018233684971,292.06985588499975
1805,41805,40180,900005,6a22834,v2_nested_200x10,1,1,1,success,67,6.6796822870232,30.003254112834718,4.212353525166529,57,1,30.0,0.45,20.0,1.0,25,1,200,0.002,100,10.0,1.0,4,40,0,0.5970149253731343,0.38902937301633483,-0.706235564161208,2.20227561305048,0.02677827076765321,0.039551557187351455,0.05962737675068351,1.7933560121838392,1.2818499501693097,0.378122709815144,0.242551422121611,0.9573372211906028,1.0518364714635222,1.1448018233684971,290.08341815073504
1806,41806,40180,900006,6a22834,v2_nested_200x10,1,1,1,success,67,6.623374403126432,36.272076994311504,1.010926197343141,64,1,30.0,0.45,20.0,1.0,25,1,200,0.002,100,10.0,1.0,0,46,0,0.6865671641791045,0.38902937301633483,-0.706235564161208,2.20227561305048,0.02677827076765321,0.039551557187351455,0.05962737675068351,1.7933560121838392,1.2818499501693097,0.378122709815144,0.242551422121611,0.9573372211906028,1.0518364714635222,1.1448018233684971,291.9750836496539
1807,41807,40180,900007,6a22834,v2_nested_200x10,1,1,1,success,66,9.08071576452662,27.037540977501862,5.6594221117190795,62,1,30.0,0.45,20.0,1.0,25,1,200,0.002,100,10.0,1.0,1,44,0,0.6666666666666666,0.38902937301633483,-0.706235564161208,2.20227561305048,0.02677827076765321,0.039551557187351455,0.05962737675068351,1.7933560121838392,1.2818499501693097,0.378122709815144,0.242551422121611,0.9573372211906028,1.0518364714635222,1.1448018233684971,291.2294148941903
1808,41808,40180,900008,6a22834,v2_nested_200x10,1,1,1,success,67,12.578601340981724,17.110762012520855,21.06197505406688,59,1,30.0,0.45,20.0,1.0,25,1,200,0.002,100,10.0,1.0,0,50,0,0.746268656716418,0.38902937301633483,-0.706235564161208,2.20227561305048,0.02677827076765321,0.039551557187351455,0.05962737675068351,1.7933560121838392,1.2818499501693097,0.378122709815144,0.242551422121611,0.9573372211906028,1.0518364714635222,1.1448018233684971,295.21344029412376
1809,41809,40180,900009,6a22834,v2_nested_200x10,1,1,1,success,65,6.246623999441109,26.5009643233838,8.106562782400411,56,1,30.0,0.45,20.0,1.0,25,1,200,0.002,100,10.0,1.0,2,37,0,0.5692307692307692,0.38902937301633483,-0.706235564161208,2.20227561305048,0.02677827076765321,0.039551557187351455,0.05962737675068351,1.7933560121838392,1.2818499501693097,0.378122709815144,0.242551422121611,0.9573372211906028,1.0518364714635222,1.1448018233684971,293.92538755142067
1810,41810,40181,900000,6a22834,v2_nested_200x10,1,1,1,success,70,9.78584062096627,26.24146698639577,4.3879264793063095,63,1,30.0,0.45,20.0,1.0,25,1,200,0.002,100,10.0,1.0,0,46,0,0.6571428571428571,0.37752042984012124,-0.7218901633576278,0.3631552644724034,0.024035126086624368,0.03830922922306421,0.1011861510511485,1.8460654101356604,1.0685220326886358,0.38316543149812765,0.46117399471256243,0.9916803284197597,1.0524413481184645,1.1650038026059848,292.17515103125004
1811,41811,40181,900001,6a22834,v2_nested_200x10,1,1,1,success,71,15.382927615067072,35.321076729992846,12.218139788730978,63,1,30.0,0.45,20.0,1.0,25,1,200,0.002,100,10.0,1.0,0,51,0,0.7183098591549296,0.37752042984012124,-0.7218901633576278,0.3631552644724034,0.024035126086624368,0.03830922922306421,0.1011861510511485,1.8460654101356604,1.0685220326886358,0.38316543149812765,0.46117399471256243,0.9916803284197597,1.0524413481184645,1.1650038026059848,293.7631725734776
1812,41812,40181,900002,6a22834,v2_nested_200x10,1,1,1,success,68,22.793221360540176,34.42838978521726,4.767410889743053,61,1,30.0,0.45,20.0,1.0,25,1,200,0.002,100,10.0,1.0,0,52,0,0.7647058823529411,0.37752042984012124,-0.7218901633576278,0.3631552644724034,0.024035126086624368,0.03830922922306421,0.1011861510511485,1.8460654101356604,1.0685220326886358,0.38316543149812765,0.46117399471256243,0.9916803284197597,1.0524413481184645,1.1650038026059848,292.5759773504909
1813,41813,40181,900003,6a22834,v2_nested_200x10,1,1,1,success,69,26.18727688463428,33.010601403977546,5.698335418034311,63,1,30.0,0.45,20.0,1.0,25,1,200,0.002,100,10.0,1.0,0,55,0,0.7971014492753623,0.37752042984012124,-0.7218901633576278,0.3631552644724034,0.024035126086624368,0.03830922922306421,0.1011861510511485,1.8460654101356604,1.0685220326886358,0.38316543149812765,0.46117399471256243,0.9916803284197597,1.0524413481184645,1.1650038026059848,292.01494120689034
1814,41814,40181,900004,6a22834,v2_nested_200x10,1,1,1,success,71,18.850692882569746,18.681075690821327,9.430622835378047,63,1,30.0,0.45,20.0,1.0,25,1,200,0.002,100,10.0,1.0,0,52,0,0.7323943661971831,0.37752042984012124,-0.7218901633576278,0.3631552644724034,0.024035126086624368,0.03830922922306421,0.1011861510511485,1.8460654101356604,1.0685220326886358,0.38316543149812765,0.46117399471256243,0.9916803284197597,1.0524413481184645,1.1650038026059848,292.9609717408641
1815,41815,40181,900005,6a22834,v2_nested_200x10,1,1,1,success,68,15.603843607047974,23.14798073765954,3.200176442214214,62,1,30.0,0.45,20.0,1.0,25,1,200,0.002,100,10.0,1.0,0,45,0,0.6617647058823529,0.37752042984012124,-0.7218901633576278,0.3631552644724034,0.024035126086624368,0.03830922922306421,0.1011861510511485,1.8460654101356604,1.0685220326886358,0.38316543149812765,0.46117399471256243,0.9916803284197597,1.0524413481184645,1.1650038026059848,292.8732543413389
1816,41816,40181,900006,6a22834,v2_nested_200x10,0,1,0,timeout,200,74.63194750756793,88.58848892583642,28.091121487457368,85,1,30.0,0.45,20.0,1.0,25,1,200,0.002,100,10.0,1.0,0,184,0,0.92,0.37752042984012124,-0.7218901633576278,0.3631552644724034,0.024035126086624368,0.03830922922306421,0.1011861510511485,1.8460654101356604,1.0685220326886358,0.38316543149812765,0.46117399471256243,0.9916803284197597,1.0524413481184645,1.1650038026059848,52.24405741756872
1817,41817,40181,900007,6a22834,v2_nested_200x10,1,1,1,success,68,18.89043260625624,31.003139717077918,2.881730803472399,61,1,30.0,0.45,20.0,1.0,25,1,200,0.002,100,10.0,1.0,0,51,0,0.75,0.37752042984012124,-0.7218901633576278,0.3631552644724034,0.024035126086624368,0.03830922922306421,0.1011861510511485,1.8460654101356604,1.0685220326886358,0.38316543149812765,0.46117399471256243,0.9916803284197597,1.0524413481184645,1.1650038026059848,293.7387095762279
1818,41818,40181,900008,6a22834,v2_nested_200x10,1,1,1,success,70,22.725931455480016,31.861257573405062,3.813306423441412,63,1,30.0,0.45,20.0,1.0,25,1,200,0.002,100,10.0,1.0,0,54,0,0.7714285714285715,0.37752042984012124,-0.7218901633576278,0.3631552644724034,0.024035126086624368,0.03830922922306421,0.1011861510511485,1.8460654101356604,1.0685220326886358,0.38316543149812765,0.46117399471256243,0.9916803284197597,1.0524413481184645,1.1650038026059848,292.22981145363536
1819,41819,40181,900009,6a22834,v2_nested_200x10,1,1,1,success,69,19.065569965858984,29.775870372334428,13.360253921883215,62,1,30.0,0.45,20.0,1.0,25,1,200,0.002,100,10.0,1.0,0,52,0,0.7536231884057971,0.37752042984012124,-0.7218901633576278,0.3631552644724034,0.024035126086624368,0.03830922922306421,0.1011861510511485,1.8460654101356604,1.0685220326886358,0.38316543149812765,0.46117399471256243,0.9916803284197597,1.0524413481184645,1.1650038026059848,293.48808487560405
1820,41820,40182,900000,6a22834,v2_nested_200x10,1,1,1,success,57,20.32331149442555,23.69717579484866,13.08531411766073,48,1,30.0,0.45,20.0,1.0,25,1,200,0.002,100,10.0,1.0,0,44,0,0.7719298245614035,0.3898628555362021,-0.23897536592874036,1.9227360499169421,0.023222289845327097,0.03465692435665275,0.033108116670925836,0.8532424029305611,1.107282296745658,0.32234044149763397,0.4705890484863658,0.9332194076016124,1.0866500943373503,0.8398090784025195,282.8908372755446
1821,41821,40182,900001,6a22834,v2_nested_200x10,1,1,1,success,60,15.145775369343024,14.38273270566424,10.42270085024319,50,1,30.0,0.45,20.0,1.0,25,1,200,0.002,100,10.0,1.0,0,44,0,0.7333333333333333,0.3898628555362021,-0.23897536592874036,1.9227360499169421,0.023222289845327097,0.03465692435665275,0.033108116670925836,0.8532424029305611,1.107282296745658,0.32234044149763397,0.4705890484863658,0.9332194076016124,1.0866500943373503,0.8398090784025195,282.09022471755344
1822,41822,40182,900002,6a22834,v2_nested_200x10,1,1,1,success,54,11.5194983943345,20.14507511768749,4.614977320890778,47,1,30.0,0.45,20.0,1.0,25,1,200,0.002,100,10.0,1.0,0,41,0,0.7592592592592593,0.3898628555362021,-0.23897536592874036,1.9227360499169421,0.023222289845327097,0.03465692435665275,0.033108116670925836,0.8532424029305611,1.107282296745658,0.32234044149763397,0.4705890484863658,0.9332194076016124,1.0866500943373503,0.8398090784025195,282.72069209241965
1823,41823,40182,900003,6a22834,v2_nested_200x10,1,1,1,success,57,16.301111498630746,10.528055491715401,14.999588459401966,50,1,30.0,0.45,20.0,1.0,25,1,200,0.002,100,10.0,1.0,0,44,0,0.7719298245614035,0.3898628555362021,-0.23897536592874036,1.9227360499169421,0.023222289845327097,0.03465692435665275,0.033108116670925836,0.8532424029305611,1.107282296745658,0.32234044149763397,0.4705890484863658,0.9332194076016124,1.0866500943373503,0.8398090784025195,283.29184079236427
1824,41824,40182,900004,6a22834,v2_nested_200x10,1,1,1,success,55,13.033233001320099,14.801051199650955,15.43114001346394,48,1,30.0,0.45,20.0,1.0,25,1,200,0.002,100,10.0,1.0,0,43,0,0.7818181818181819,0.3898628555362021,-0.23897536592874036,1.9227360499169421,0.023222289845327097,0.03465692435665275,0.033108116670925836,0.8532424029305611,1.107282296745658,0.32234044149763397,0.4705890484863658,0.9332194076016124,1.0866500943373503,0.8398090784025195,282.86853891032564
1825,41825,40182,900005,6a22834,v2_nested_200x10,1,1,1,success,55,7.421230028379124,18.261885319424014,11.679224731822968,49,1,30.0,0.45,20.0,1.0,25,1,200,0.002,100,10.0,1.0,0,38,0,0.6909090909090909,0.3898628555362021,-0.23897536592874036,1.9227360499169421,0.023222289845327097,0.03465692435665275,0.033108116670925836,0.8532424029305611,1.107282296745658,0.32234044149763397,0.4705890484863658,0.9332194076016124,1.0866500943373503,0.8398090784025195,283.92384589357215
1826,41826,40182,900006,6a22834,v2_nested_200x10,1,1,1,success,60,6.390517084912153,8.362975009220113,10.65152623278533,50,1,30.0,0.45,20.0,1.0,25,1,200,0.002,100,10.0,1.0,0,48,0,0.8,0.3898628555362021,-0.23897536592874036,1.9227360499169421,0.023222289845327097,0.03465692435665275,0.033108116670925836,0.8532424029305611,1.107282296745658,0.32234044149763397,0.4705890484863658,0.9332194076016124,1.0866500943373503,0.8398090784025195,283.3271974718119
1827,41827,40182,900007,6a22834,v2_nested_200x10,1,1,1,success,54,6.104546741297948,10.522906693850224,12.013319540515369,47,1,30.0,0.45,20.0,1.0,25,1,200,0.002,100,10.0,1.0,0,45,0,0.8333333333333334,0.3898628555362021,-0.23897536592874036,1.9227360499169421,0.023222289845327097,0.03465692435665275,0.033108116670925836,0.8532424029305611,1.107282296745658,0.32234044149763397,0.4705890484863658,0.9332194076016124,1.0866500943373503,0.8398090784025195,283.0996720233733
1828,41828,40182,900008,6a22834,v2_nested_200x10,1,1,1,success,50,17.966479150480797,20.273966313546026,2.473562623184542,47,1,30.0,0.45,20.0,1.0,25,1,200,0.002,100,10.0,1.0,0,38,0,0.76,0.3898628555362021,-0.23897536592874036,1.9227360499169421,0.023222289845327097,0.03465692435665275,0.033108116670925836,0.8532424029305611,1.107282296745658,0.32234044149763397,0.4705890484863658,0.9332194076016124,1.0866500943373503,0.8398090784025195,283.40276044217836
1829,41829,40182,900009,6a22834,v2_nested_200x10,1,1,1,success,53,20.53341139766597,23.30677456078933,7.635596659101516,47,1,30.0,0.45,20.0,1.0,25,1,200,0.002,100,10.0,1.0,0,42,0,0.7924528301886793,0.3898628555362021,-0.23897536592874036,1.9227360499169421,0.023222289845327097,0.03465692435665275,0.033108116670925836,0.8532424029305611,1.107282296745658,0.32234044149763397,0.4705890484863658,0.9332194076016124,1.0866500943373503,0.8398090784025195,281.6617236966466
1830,41830,40183,900000,6a22834,v2_nested_200x10,0,1,0,timeout,200,346.61256066974704,nan,nan,-1,0,30.0,0.45,20.0,1.0,25,1,200,0.002,100,10.0,1.0,0,194,0,0.97,0.37326101231710984,-0.4029155952068133,-1.5106145589529518,0.02221629428014081,0.03182486177827953,0.06741212927759871,1.3395405737955641,1.2265314648074077,0.3085641063861254,0.3791177814042069,1.0204886918928044,1.0006289338893806,1.128908242915009,-22.000922640806298
1831,41831,40183,900001,6a22834,v2_nested_200x10,1,1,1,success,55,12.064554840794914,12.173646173196943,21.349438060349787,49,1,30.0,0.45,20.0,1.0,25,1,200,0.002,100,10.0,1.0,0,38,0,0.6909090909090909,0.37326101231710984,-0.4029155952068133,-1.5106145589529518,0.02221629428014081,0.03182486177827953,0.06741212927759871,1.3395405737955641,1.2265314648074077,0.3085641063861254,0.3791177814042069,1.0204886918928044,1.0006289338893806,1.128908242915009,286.74431495733864
1832,41832,40183,900002,6a22834,v2_nested_200x10,1,1,1,success,53,13.730788834225912,17.264970451106237,18.956679950515625,47,1,30.0,0.45,20.0,1.0,25,1,200,0.002,100,10.0,1.0,0,43,0,0.8113207547169812,0.37326101231710984,-0.4029155952068133,-1.5106145589529518,0.02221629428014081,0.03182486177827953,0.06741212927759871,1.3395405737955641,1.2265314648074077,0.3085641063861254,0.3791177814042069,1.0204886918928044,1.0006289338893806,1.128908242915009,285.4558590567966
1833,41833,40183,900003,6a22834,v2_nested_200x10,0,1,1,timeout,200,30.856060667467915,20.846571693225155,0.12455396627352494,48,0,30.0,0.45,20.0,1.0,25,1,200,0.002,100,10.0,1.0,0,184,0,0.92,0.37326101231710984,-0.4029155952068133,-1.5106145589529518,0.02221629428014081,0.03182486177827953,0.06741212927759871,1.3395405737955641,1.2265314648074077,0.3085641063861254,0.3791177814042069,1.0204886918928044,1.0006289338893806,1.128908242915009,71.70456553246723
1834,41834,40183,900004,6a22834,v2_nested_200x10,1,1,1,success,53,12.678029451532915,9.544854249397016,17.929537850051513,47,1,30.0,0.45,20.0,1.0,25,1,200,0.002,100,10.0,1.0,0,40,0,0.7547169811320755,0.37326101231710984,-0.4029155952068133,-1.5106145589529518,0.02221629428014081,0.03182486177827953,0.06741212927759871,1.3395405737955641,1.2265314648074077,0.3085641063861254,0.3791177814042069,1.0204886918928044,1.0006289338893806,1.128908242915009,283.4913284215138
1835,41835,40183,900005,6a22834,v2_nested_200x10,1,1,1,success,53,9.520676426077674,19.813389215485824,14.066236199967735,45,1,30.0,0.45,20.0,1.0,25,1,200,0.002,100,10.0,1.0,0,44,0,0.8301886792452831,0.37326101231710984,-0.4029155952068133,-1.5106145589529518,0.02221629428014081,0.03182486177827953,0.06741212927759871,1.3395405737955641,1.2265314648074077,0.3085641063861254,0.3791177814042069,1.0204886918928044,1.0006289338893806,1.128908242915009,285.3442695492763
1836,41836,40183,900006,6a22834,v2_nested_200x10,1,1,1,success,56,8.067442738181995,12.995855347544419,18.613464236573087,47,1,30.0,0.45,20.0,1.0,25,1,200,0.002,100,10.0,1.0,0,41,0,0.7321428571428571,0.37326101231710984,-0.4029155952068133,-1.5106145589529518,0.02221629428014081,0.03182486177827953,0.06741212927759871,1.3395405737955641,1.2265314648074077,0.3085641063861254,0.3791177814042069,1.0204886918928044,1.0006289338893806,1.128908242915009,285.66278458086754
1837,41837,40183,900007,6a22834,v2_nested_200x10,1,1,1,success,54,12.810154006701117,17.90401501285717,12.479877567261935,48,1,30.0,0.45,20.0,1.0,25,1,200,0.002,100,10.0,1.0,0,44,0,0.8148148148148148,0.37326101231710984,-0.4029155952068133,-1.5106145589529518,0.02221629428014081,0.03182486177827953,0.06741212927759871,1.3395405737955641,1.2265314648074077,0.3085641063861254,0.3791177814042069,1.0204886918928044,1.0006289338893806,1.128908242915009,284.5942954202107
1838,41838,40183,900008,6a22834,v2_nested_200x10,1,1,1,success,57,5.7708598802972775,12.130595835229142,17.217592221356853,49,1,30.0,0.45,20.0,1.0,25,1,200,0.002,100,10.0,1.0,0,46,0,0.8070175438596491,0.37326101231710984,-0.4029155952068133,-1.5106145589529518,0.02221629428014081,0.03182486177827953,0.06741212927759871,1.3395405737955641,1.2265314648074077,0.3085641063861254,0.3791177814042069,1.0204886918928044,1.0006289338893806,1.128908242915009,284.2879025179033
1839,41839,40183,900009,6a22834,v2_nested_200x10,1,1,1,success,52,3.098677770345777,9.01184150895155,13.728154295623288,46,1,30.0,0.45,20.0,1.0,25,1,200,0.002,100,10.0,1.0,0,43,0,0.8269230769230769,0.37326101231710984,-0.4029155952068133,-1.5106145589529518,0.02221629428014081,0.03182486177827953,0.06741212927759871,1.3395405737955641,1.2265314648074077,0.3085641063861254,0.3791177814042069,1.0204886918928044,1.0006289338893806,1.128908242915009,284.8522463860557
1840,41840,40184,900000,6a22834,v2_nested_200x10,1,1,1,success,71,17.91938713043959,27.87937167584696,15.695811899218103,62,1,30.0,0.45,20.0,1.0,25,1,200,0.002,100,10.0,1.0,0,60,0,0.8450704225352113,0.3881790831334022,-0.5830892487127319,-1.948208924440597,0.027019967150879554,0.03801408629843764,0.07532779003491469,1.505570610601676,1.393593099347456,0.3346450642066221,0.39342095865940263,1.0361928981095603,1.0712897392442964,1.205210771982,287.14040049157387
1841,41841,40184,900001,6a22834,v2_nested_200x10,1,1,1,success,83,11.970539409404715,24.638045586173487,6.8857779505557755,62,1,30.0,0.45,20.0,1.0,25,1,200,0.002,100,10.0,1.0,2,60,0,0.7228915662650602,0.3881790831334022,-0.5830892487127319,-1.948208924440597,0.027019967150879554,0.03801408629843764,0.07532779003491469,1.505570610601676,1.393593099347456,0.3346450642066221,0.39342095865940263,1.0361928981095603,1.0712897392442964,1.205210771982,291.1210675518752
1842,41842,40184,900002,6a22834,v2_nested_200x10,1,1,1,success,61,6.993043502371495,26.169930327400785,12.794458417576186,53,1,30.0,0.45,20.0,1.0,25,1,200,0.002,100,10.0,1.0,3,46,0,0.7540983606557377,0.3881790831334022,-0.5830892487127319,-1.948208924440597,0.027019967150879554,0.03801408629843764,0.07532779003491469,1.505570610601676,1.393593099347456,0.3346450642066221,0.39342095865940263,1.0361928981095603,1.0712897392442964,1.205210771982,287.2578514059222
1843,41843,40184,900003,6a22834,v2_nested_200x10,1,1,1,success,62,8.514318811362479,15.600516479265721,0.7101391492575999,59,1,30.0,0.45,20.0,1.0,25,1,200,0.002,100,10.0,1.0,4,44,0,0.7096774193548387,0.3881790831334022,-0.5830892487127319,-1.948208924440597,0.027019967150879554,0.03801408629843764,0.07532779003491469,1.505570610601676,1.393593099347456,0.3346450642066221,0.39342095865940263,1.0361928981095603,1.0712897392442964,1.205210771982,287.5460995752195
1844,41844,40184,900004,6a22834,v2_nested_200x10,1,1,1,success,62,12.078557173717732,25.081946496579924,19.631990220869646,54,1,30.0,0.45,20.0,1.0,25,1,200,0.002,100,10.0,1.0,3,47,0,0.7580645161290323,0.3881790831334022,-0.5830892487127319,-1.948208924440597,0.027019967150879554,0.03801408629843764,0.07532779003491469,1.505570610601676,1.393593099347456,0.3346450642066221,0.39342095865940263,1.0361928981095603,1.0712897392442964,1.205210771982,288.82103710824606
1845,41845,40184,900005,6a22834,v2_nested_200x10,1,1,1,success,60,17.24620965179389,23.029616540294064,11.974081086448011,53,1,30.0,0.45,20.0,1.0,25,1,200,0.002,100,10.0,1.0,0,40,0,0.6666666666666666,0.3881790831334022,-0.5830892487127319,-1.948208924440597,0.027019967150879554,0.03801408629843764,0.07532779003491469,1.505570610601676,1.393593099347456,0.3346450642066221,0.39342095865940263,1.0361928981095603,1.0712897392442964,1.205210771982,291.7621286470275
1846,41846,40184,900006,6a22834,v2_nested_200x10,1,1,1,success,66,22.477585986396605,27.03399983679428,11.068218940861712,60,1,30.0,0.45,20.0,1.0,25,1,200,0.002,100,10.0,1.0,5,43,0,0.6515151515151515,0.3881790831334022,-0.5830892487127319,-1.948208924440597,0.027019967150879554,0.03801408629843764,0.07532779003491469,1.505570610601676,1.393593099347456,0.3346450642066221,0.39342095865940263,1.0361928981095603,1.0712897392442964,1.205210771982,288.7410234238164
1847,41847,40184,900007,6a22834,v2_nested_200x10,1,1,1,success,64,13.375433614794787,29.17093578664932,7.788305307922494,60,1,30.0,0.45,20.0,1.0,25,1,200,0.002,100,10.0,1.0,3,46,0,0.71875,0.3881790831334022,-0.5830892487127319,-1.948208924440597,0.027019967150879554,0.03801408629843764,0.07532779003491469,1.505570610601676,1.393593099347456,0.3346450642066221,0.39342095865940263,1.0361928981095603,1.0712897392442964,1.205210771982,295.7515105459951
1848,41848,40184,900008,6a22834,v2_nested_200x10,1,1,1,success,62,14.790446456593612,25.806292866388766,24.40853151924108,54,1,30.0,0.45,20.0,1.0,25,1,200,0.002,100,10.0,1.0,0,49,0,0.7903225806451613,0.3881790831334022,-0.5830892487127319,-1.948208924440597,0.027019967150879554,0.03801408629843764,0.07532779003491469,1.505570610601676,1.393593099347456,0.3346450642066221,0.39342095865940263,1.0361928981095603,1.0712897392442964,1.205210771982,292.062769846673
1849,41849,40184,900009,6a22834,v2_nested_200x10,1,1,1,success,60,16.034767432097873,29.114354876727194,16.155859578251956,53,1,30.0,0.45,20.0,1.0,25,1,200,0.002,100,10.0,1.0,2,41,0,0.6833333333333333,0.3881790831334022,-0.5830892487127319,-1.948208924440597,0.027019967150879554,0.03801408629843764,0.07532779003491469,1.505570610601676,1.393593099347456,0.3346450642066221,0.39342095865940263,1.0361928981095603,1.0712897392442964,1.205210771982,290.83149701568715
1850,41850,40185,900000,6a22834,v2_nested_200x10,1,1,1,success,68,8.249474683093874,12.852635664801623,7.325496214089646,60,1,30.0,0.45,20.0,1.0,25,1,200,0.002,100,10.0,1.0,0,57,0,0.8382352941176471,0.3589763894860612,-0.5848992466687868,0.32488826200198506,0.027487413802780476,0.040021021832494494,0.08267203776929527,1.4898274158392402,1.1955675120533693,0.3593470382940622,0.5576679730778785,1.1777330241363013,0.9659972756473658,1.1227897966125604,286.37790383163303
1851,41851,40185,900001,6a22834,v2_nested_200x10,1,1,1,success,67,24.577082419981014,21.445766892737524,11.228050656922758,62,1,30.0,0.45,20.0,1.0,25,1,200,0.002,100,10.0,1.0,0,51,0,0.7611940298507462,0.3589763894860612,-0.5848992466687868,0.32488826200198506,0.027487413802780476,0.040021021832494494,0.08267203776929527,1.4898274158392402,1.1955675120533693,0.3593470382940622,0.5576679730778785,1.1777330241363013,0.9659972756473658,1.1227897966125604,288.7136599457239
1852,41852,40185,900002,6a22834,v2_nested_200x10,0,1,0,unsafe,49,259.6237119008958,290.8115753307622,42.195204005728634,38,0,30.0,0.45,20.0,1.0,25,1,200,0.002,100,10.0,1.0,0,41,0,0.8367346938775511,0.3589763894860612,-0.5848992466687868,0.32488826200198506,0.027487413802780476,0.040021021832494494,0.08267203776929527,1.4898274158392402,1.1955675120533693,0.3593470382940622,0.5576679730778785,1.1777330241363013,0.9659972756473658,1.1227897966125604,-7.352971615057406
1853,41853,40185,900003,6a22834,v2_nested_200x10,1,1,1,success,67,13.347959531318269,13.851984012774194,6.763003514166483,62,1,30.0,0.45,20.0,1.0,25,1,200,0.002,100,10.0,1.0,0,55,0,0.8208955223880597,0.3589763894860612,-0.5848992466687868,0.32488826200198506,0.027487413802780476,0.040021021832494494,0.08267203776929527,1.4898274158392402,1.1955675120533693,0.3593470382940622,0.5576679730778785,1.1777330241363013,0.9659972756473658,1.1227897966125604,288.13752552211184
1854,41854,40185,900004,6a22834,v2_nested_200x10,1,1,1,success,69,16.096501725774072,13.731698391459595,5.888863801885007,62,1,30.0,0.45,20.0,1.0,25,1,200,0.002,100,10.0,1.0,0,54,0,0.782608695652174,0.3589763894860612,-0.5848992466687868,0.32488826200198506,0.027487413802780476,0.040021021832494494,0.08267203776929527,1.4898274158392402,1.1955675120533693,0.3593470382940622,0.5576679730778785,1.1777330241363013,0.9659972756473658,1.1227897966125604,289.06891912786136
1855,41855,40185,900005,6a22834,v2_nested_200x10,1,1,1,success,92,29.378103094797368,38.406073669479106,4.6258676134335515,66,1,30.0,0.45,20.0,1.0,25,1,200,0.002,100,10.0,1.0,0,73,0,0.7934782608695652,0.3589763894860612,-0.5848992466687868,0.32488826200198506,0.027487413802780476,0.040021021832494494,0.08267203776929527,1.4898274158392402,1.1955675120533693,0.3593470382940622,0.5576679730778785,1.1777330241363013,0.9659972756473658,1.1227897966125604,286.9381398883364
1856,41856,40185,900006,6a22834,v2_nested_200x10,1,1,1,success,66,15.757162480209752,14.724033454748758,4.638150847199629,61,1,30.0,0.45,20.0,1.0,25,1,200,0.002,100,10.0,1.0,0,51,0,0.7727272727272727,0.3589763894860612,-0.5848992466687868,0.32488826200198506,0.027487413802780476,0.040021021832494494,0.08267203776929527,1.4898274158392402,1.1955675120533693,0.3593470382940622,0.5576679730778785,1.1777330241363013,0.9659972756473658,1.1227897966125604,287.0085801261678
1857,41857,40185,900007,6a22834,v2_nested_200x10,1,1,1,success,67,15.332928848654689,21.80015930021089,9.17108154879685,59,1,30.0,0.45,20.0,1.0,25,1,200,0.002,100,10.0,1.0,0,49,0,0.7313432835820896,0.3589763894860612,-0.5848992466687868,0.32488826200198506,0.027487413802780476,0.040021021832494494,0.08267203776929527,1.4898274158392402,1.1955675120533693,0.3593470382940622,0.5576679730778785,1.1777330241363013,0.9659972756473658,1.1227897966125604,288.2829811753878
1858,41858,40185,900008,6a22834,v2_nested_200x10,1,1,1,success,68,21.744140343469894,19.525866625258814,11.407670921482339,62,1,30.0,0.45,20.0,1.0,25,1,200,0.002,100,10.0,1.0,0,58,0,0.8529411764705882,0.3589763894860612,-0.5848992466687868,0.32488826200198506,0.027487413802780476,0.040021021832494494,0.08267203776929527,1.4898274158392402,1.1955675120533693,0.3593470382940622,0.5576679730778785,1.1777330241363013,0.9659972756473658,1.1227897966125604,289.1417930088127
1859,41859,40185,900009,6a22834,v2_nested_200x10,1,1,1,success,67,17.099607913680362,20.619859378269233,6.735570311091,61,1,30.0,0.45,20.0,1.0,25,1,200,0.002,100,10.0,1.0,0,48,0,0.7164179104477612,0.3589763894860612,-0.5848992466687868,0.32488826200198506,0.027487413802780476,0.040021021832494494,0.08267203776929527,1.4898274158392402,1.1955675120533693,0.3593470382940622,0.5576679730778785,1.1777330241363013,0.9659972756473658,1.1227897966125604,288.9265688900246
1860,41860,40186,900000,6a22834,v2_nested_200x10,1,1,1,success,67,15.853322479580271,12.26619746937012,1.3989329105640327,62,1,30.0,0.45,20.0,1.0,25,1,200,0.002,100,10.0,1.0,0,51,0,0.7611940298507462,0.3492231656281883,-0.6602309534469784,-2.8978813964246513,0.026615208700326833,0.03846127760337757,0.10196725862101473,1.4331355020666239,1.3458624416947926,0.34366669893553264,0.5441617515592141,1.0952350027172473,1.0388823068794613,1.0683395833760585,290.57461019440575
1861,41861,40186,900001,6a22834,v2_nested_200x10,1,1,1,success,74,29.19027077263207,15.7835426258571,14.888321421035743,61,1,30.0,0.45,20.0,1.0,25,1,200,0.002,100,10.0,1.0,0,52,0,0.7027027027027027,0.3492231656281883,-0.6602309534469784,-2.8978813964246513,0.026615208700326833,0.03846127760337757,0.10196725862101473,1.4331355020666239,1.3458624416947926,0.34366669893553264,0.5441617515592141,1.0952350027172473,1.0388823068794613,1.0683395833760585,291.5573148220299
1862,41862,40186,900002,6a22834,v2_nested_200x10,1,1,1,success,65,8.536476969614114,27.1238248557286,7.570523279649671,58,1,30.0,0.45,20.0,1.0,25,1,200,0.002,100,10.0,1.0,0,52,0,0.8,0.3492231656281883,-0.6602309534469784,-2.8978813964246513,0.026615208700326833,0.03846127760337757,0.10196725862101473,1.4331355020666239,1.3458624416947926,0.34366669893553264,0.5441617515592141,1.0952350027172473,1.0388823068794613,1.0683395833760585,291.7616198387049
1863,41863,40186,900003,6a22834,v2_nested_200x10,1,1,1,success,67,23.57706420841461,15.951608501239098,10.775213867541437,62,1,30.0,0.45,20.0,1.0,25,1,200,0.002,100,10.0,1.0,0,56,0,0.835820895522388,0.3492231656281883,-0.6602309534469784,-2.8978813964246513,0.026615208700326833,0.03846127760337757,0.10196725862101473,1.4331355020666239,1.3458624416947926,0.34366669893553264,0.5441617515592141,1.0952350027172473,1.0388823068794613,1.0683395833760585,290.7609595437956
1864,41864,40186,900004,6a22834,v2_nested_200x10,1,1,1,success,67,16.48119067073755,13.026092282781931,6.394115539708269,60,1,30.0,0.45,20.0,1.0,25,1,200,0.002,100,10.0,1.0,0,54,0,0.8059701492537313,0.3492231656281883,-0.6602309534469784,-2.8978813964246513,0.026615208700326833,0.03846127760337757,0.10196725862101473,1.4331355020666239,1.3458624416947926,0.34366669893553264,0.5441617515592141,1.0952350027172473,1.0388823068794613,1.0683395833760585,290.3129931366776
1865,41865,40186,900005,6a22834,v2_nested_200x10,1,1,1,success,66,6.678822232655312,15.069144880559556,4.406593339857277,60,1,30.0,0.45,20.0,1.0,25,1,200,0.002,100,10.0,1.0,0,53,0,0.803030303030303,0.3492231656281883,-0.6602309534469784,-2.8978813964246513,0.026615208700326833,0.03846127760337757,0.10196725862101473,1.4331355020666239,1.3458624416947926,0.34366669893553264,0.5441617515592141,1.0952350027172473,1.0388823068794613,1.0683395833760585,291.43814873605817
1866,41866,40186,900006,6a22834,v2_nested_200x10,1,1,1,success,67,7.252479529571993,15.436919489943957,5.666269170080088,61,1,30.0,0.45,20.0,1.0,25,1,200,0.002,100,10.0,1.0,0,52,0,0.7761194029850746,0.3492231656281883,-0.6602309534469784,-2.8978813964246513,0.026615208700326833,0.03846127760337757,0.10196725862101473,1.4331355020666239,1.3458624416947926,0.34366669893553264,0.5441617515592141,1.0952350027172473,1.0388823068794613,1.0683395833760585,291.92418982916956
1867,41867,40186,900007,6a22834,v2_nested_200x10,1,1,1,success,65,13.292390729847577,19.92303489286325,6.821147167166857,58,1,30.0,0.45,20.0,1.0,25,1,200,0.002,100,10.0,1.0,0,54,0,0.8307692307692308,0.3492231656281883,-0.6602309534469784,-2.8978813964246513,0.026615208700326833,0.03846127760337757,0.10196725862101473,1.4331355020666239,1.3458624416947926,0.34366669893553264,0.5441617515592141,1.0952350027172473,1.0388823068794613,1.0683395833760585,292.3606182848025
1868,41868,40186,900008,6a22834,v2_nested_200x10,1,1,1,success,70,16.626641583208517,14.875523459294921,11.730698337383815,61,1,30.0,0.45,20.0,1.0,25,1,200,0.002,100,10.0,1.0,0,61,0,0.8714285714285714,0.3492231656281883,-0.6602309534469784,-2.8978813964246513,0.026615208700326833,0.03846127760337757,0.10196725862101473,1.4331355020666239,1.3458624416947926,0.34366669893553264,0.5441617515592141,1.0952350027172473,1.0388823068794613,1.0683395833760585,289.93177284580713
1869,41869,40186,900009,6a22834,v2_nested_200x10,1,1,1,success,67,25.528189155203115,27.248379163833274,10.9325571245585,60,1,30.0,0.45,20.0,1.0,25,1,200,0.002,100,10.0,1.0,0,58,0,0.8656716417910447,0.3492231656281883,-0.6602309534469784,-2.8978813964246513,0.026615208700326833,0.03846127760337757,0.10196725862101473,1.4331355020666239,1.3458624416947926,0.34366669893553264,0.5441617515592141,1.0952350027172473,1.0388823068794613,1.0683395833760585,291.6622194026685
1870,41870,40187,900000,6a22834,v2_nested_200x10,0,1,1,timeout,200,25.682206292663803,4.0375319371037675,9.47026909012153,41,0,30.0,0.45,20.0,1.0,25,1,200,0.002,100,10.0,1.0,0,154,0,0.77,0.305610899567979,-0.5282050362971559,-2.3788941008971456,0.023093338812720618,0.03880814386744799,0.060229062660584934,1.8089658508724369,1.2851837058689555,0.32010782663991083,0.1840790500170517,1.0841259724161474,1.0897862237337432,1.063307648045869,57.61807985028111
1871,41871,40187,900001,6a22834,v2_nested_200x10,1,1,1,success,48,13.248699613462849,4.046509069625501,13.441500381278729,40,1,30.0,0.45,20.0,1.0,25,1,200,0.002,100,10.0,1.0,0,32,0,0.6666666666666666,0.305610899567979,-0.5282050362971559,-2.3788941008971456,0.023093338812720618,0.03880814386744799,0.060229062660584934,1.8089658508724369,1.2851837058689555,0.32010782663991083,0.1840790500170517,1.0841259724161474,1.0897862237337432,1.063307648045869,283.0499050034284
1872,41872,40187,900002,6a22834,v2_nested_200x10,1,1,1,success,48,24.71204816011629,3.33785790728902,23.097537539385968,40,1,30.0,0.45,20.0,1.0,25,1,200,0.002,100,10.0,1.0,0,33,0,0.6875,0.305610899567979,-0.5282050362971559,-2.3788941008971456,0.023093338812720618,0.03880814386744799,0.060229062660584934,1.8089658508724369,1.2851837058689555,0.32010782663991083,0.1840790500170517,1.0841259724161474,1.0897862237337432,1.063307648045869,283.42262716803117
1873,41873,40187,900003,6a22834,v2_nested_200x10,1,1,1,success,48,16.77310137796839,1.7288838989143833,16.152696343384424,40,1,30.0,0.45,20.0,1.0,25,1,200,0.002,100,10.0,1.0,0,38,0,0.7916666666666666,0.305610899567979,-0.5282050362971559,-2.3788941008971456,0.023093338812720618,0.03880814386744799,0.060229062660584934,1.8089658508724369,1.2851837058689555,0.32010782663991083,0.1840790500170517,1.0841259724161474,1.0897862237337432,1.063307648045869,283.3603173873013
1874,41874,40187,900004,6a22834,v2_nested_200x10,1,1,1,success,65,10.647126527021246,16.08857466348063,8.485244048238803,40,1,30.0,0.45,20.0,1.0,25,1,200,0.002,100,10.0,1.0,0,42,0,0.6461538461538462,0.305610899567979,-0.5282050362971559,-2.3788941008971456,0.023093338812720618,0.03880814386744799,0.060229062660584934,1.8089658508724369,1.2851837058689555,0.32010782663991083,0.1840790500170517,1.0841259724161474,1.0897862237337432,1.063307648045869,275.8364259241999
1875,41875,40187,900005,6a22834,v2_nested_200x10,1,1,1,success,48,1.8517978547496035,3.645009690448404,2.2827833808977234,40,1,30.0,0.45,20.0,1.0,25,1,200,0.002,100,10.0,1.0,0,34,0,0.7083333333333334,0.305610899567979,-0.5282050362971559,-2.3788941008971456,0.023093338812720618,0.03880814386744799,0.060229062660584934,1.8089658508724369,1.2851837058689555,0.32010782663991083,0.1840790500170517,1.0841259724161474,1.0897862237337432,1.063307648045869,282.2726168805967
1876,41876,40187,900006,6a22834,v2_nested_200x10,1,1,1,success,46,21.04538973056637,13.584896360441084,5.483287783634941,42,1,30.0,0.45,20.0,1.0,25,1,200,0.002,100,10.0,1.0,0,31,0,0.6739130434782609,0.305610899567979,-0.5282050362971559,-2.3788941008971456,0.023093338812720618,0.03880814386744799,0.060229062660584934,1.8089658508724369,1.2851837058689555,0.32010782663991083,0.1840790500170517,1.0841259724161474,1.0897862237337432,1.063307648045869,281.84191086907634
1877,41877,40187,900007,6a22834,v2_nested_200x10,1,1,1,success,114,21.09709568048702,4.45754735310764,8.201505874796462,42,1,30.0,0.45,20.0,1.0,25,1,200,0.002,100,10.0,1.0,0,76,0,0.6666666666666666,0.305610899567979,-0.5282050362971559,-2.3788941008971456,0.023093338812720618,0.03880814386744799,0.060229062660584934,1.8089658508724369,1.2851837058689555,0.32010782663991083,0.1840790500170517,1.0841259724161474,1.0897862237337432,1.063307648045869,270.8589162314159
1878,41878,40187,900008,6a22834,v2_nested_200x10,1,1,1,success,49,4.817505068002404,2.120907106717862,6.419826239278619,42,1,30.0,0.45,20.0,1.0,25,1,200,0.002,100,10.0,1.0,0,38,0,0.7755102040816326,0.305610899567979,-0.5282050362971559,-2.3788941008971456,0.023093338812720618,0.03880814386744799,0.060229062660584934,1.8089658508724369,1.2851837058689555,0.32010782663991083,0.1840790500170517,1.0841259724161474,1.0897862237337432,1.063307648045869,280.64344042508884
1879,41879,40187,900009,6a22834,v2_nested_200x10,0,1,0,timeout,200,301.68648089561793,13.009849297592568,280.8379388204915,42,1,30.0,0.45,20.0,1.0,25,1,200,0.002,100,10.0,1.0,0,181,0,0.905,0.305610899567979,-0.5282050362971559,-2.3788941008971456,0.023093338812720618,0.03880814386744799,0.060229062660584934,1.8089658508724369,1.2851837058689555,0.32010782663991083,0.1840790500170517,1.0841259724161474,1.0897862237337432,1.063307648045869,25.577810850814316
1880,41880,40188,900000,6a22834,v2_nested_200x10,0,0,0,unsafe,28,341.09375573927804,nan,nan,-1,0,30.0,0.45,20.0,1.0,25,1,200,0.002,100,10.0,1.0,0,21,0,0.75,0.31083703780622046,-0.5067203884079742,-2.5276891005038467,0.02726379649940914,0.03987141624414626,0.04223222170348111,1.5706940968511254,1.1953515300981796,0.3272568932839701,0.6381627492610387,0.9592417864263177,1.0396297556556415,0.7824846727275487,-41.336856881201
1881,41881,40188,900001,6a22834,v2_nested_200x10,1,1,1,success,59,15.398167712858779,18.446855181346276,4.559043067961583,54,1,30.0,0.45,20.0,1.0,25,1,200,0.002,100,10.0,1.0,0,48,0,0.8135593220338984,0.31083703780622046,-0.5067203884079742,-2.5276891005038467,0.02726379649940914,0.03987141624414626,0.04223222170348111,1.5706940968511254,1.1953515300981796,0.3272568932839701,0.6381627492610387,0.9592417864263177,1.0396297556556415,0.7824846727275487,284.98454681759665
1882,41882,40188,900002,6a22834,v2_nested_200x10,1,1,1,success,57,22.933834147481665,23.034352553606446,4.591522487181808,51,1,30.0,0.45,20.0,1.0,25,1,200,0.002,100,10.0,1.0,0,47,0,0.8245614035087719,0.31083703780622046,-0.5067203884079742,-2.5276891005038467,0.02726379649940914,0.03987141624414626,0.04223222170348111,1.5706940968511254,1.1953515300981796,0.3272568932839701,0.6381627492610387,0.9592417864263177,1.0396297556556415,0.7824846727275487,285.37194624229164
1883,41883,40188,900003,6a22834,v2_nested_200x10,1,1,1,success,58,18.4317988468596,22.88949838012999,4.774907669114351,52,1,30.0,0.45,20.0,1.0,25,1,200,0.002,100,10.0,1.0,0,48,0,0.8275862068965517,0.31083703780622046,-0.5067203884079742,-2.5276891005038467,0.02726379649940914,0.03987141624414626,0.04223222170348111,1.5706940968511254,1.1953515300981796,0.3272568932839701,0.6381627492610387,0.9592417864263177,1.0396297556556415,0.7824846727275487,286.3885576471446
1884,41884,40188,900004,6a22834,v2_nested_200x10,1,1,1,success,71,29.01362366659008,17.17051954358098,11.680535312956144,54,1,30.0,0.45,20.0,1.0,25,1,200,0.002,100,10.0,1.0,0,53,0,0.7464788732394366,0.31083703780622046,-0.5067203884079742,-2.5276891005038467,0.02726379649940914,0.03987141624414626,0.04223222170348111,1.5706940968511254,1.1953515300981796,0.3272568932839701,0.6381627492610387,0.9592417864263177,1.0396297556556415,0.7824846727275487,284.0303974178153
1885,41885,40188,900005,6a22834,v2_nested_200x10,0,0,0,unsafe,42,335.95060311358014,nan,nan,-1,0,30.0,0.45,20.0,1.0,25,1,200,0.002,100,10.0,1.0,0,38,0,0.9047619047619048,0.31083703780622046,-0.5067203884079742,-2.5276891005038467,0.02726379649940914,0.03987141624414626,0.04223222170348111,1.5706940968511254,1.1953515300981796,0.3272568932839701,0.6381627492610387,0.9592417864263177,1.0396297556556415,0.7824846727275487,-44.50014488294082
1886,41886,40188,900006,6a22834,v2_nested_200x10,0,1,1,timeout,200,30.099999863813775,27.020525775253642,0.0,200,1,30.0,0.45,20.0,1.0,25,1,200,0.002,100,10.0,1.0,0,187,0,0.935,0.31083703780622046,-0.5067203884079742,-2.5276891005038467,0.02726379649940914,0.03987141624414626,0.04223222170348111,1.5706940968511254,1.1953515300981796,0.3272568932839701,0.6381627492610387,0.9592417864263177,1.0396297556556415,0.7824846727275487,73.13281307307776
1887,41887,40188,900007,6a22834,v2_nested_200x10,1,1,1,success,68,16.65120529421644,10.179552261214333,19.714551798416593,59,1,30.0,0.45,20.0,1.0,25,1,200,0.002,100,10.0,1.0,0,63,0,0.9264705882352942,0.31083703780622046,-0.5067203884079742,-2.5276891005038467,0.02726379649940914,0.03987141624414626,0.04223222170348111,1.5706940968511254,1.1953515300981796,0.3272568932839701,0.6381627492610387,0.9592417864263177,1.0396297556556415,0.7824846727275487,285.0498497270399
1888,41888,40188,900008,6a22834,v2_nested_200x10,1,1,1,success,68,14.626880496053541,15.568708916368747,16.385646706479484,58,1,30.0,0.45,20.0,1.0,25,1,200,0.002,100,10.0,1.0,0,57,0,0.8382352941176471,0.31083703780622046,-0.5067203884079742,-2.5276891005038467,0.02726379649940914,0.03987141624414626,0.04223222170348111,1.5706940968511254,1.1953515300981796,0.3272568932839701,0.6381627492610387,0.9592417864263177,1.0396297556556415,0.7824846727275487,285.00026715378925
1889,41889,40188,900009,6a22834,v2_nested_200x10,0,1,0,object_lost,182,536.4700480875824,nan,nan,-1,0,30.0,0.45,20.0,1.0,25,1,200,0.002,100,10.0,1.0,0,165,0,0.9065934065934066,0.31083703780622046,-0.5067203884079742,-2.5276891005038467,0.02726379649940914,0.03987141624414626,0.04223222170348111,1.5706940968511254,1.1953515300981796,0.3272568932839701,0.6381627492610387,0.9592417864263177,1.0396297556556415,0.7824846727275487,-206.5622422991833
1890,41890,40189,900000,6a22834,v2_nested_200x10,1,1,1,success,69,9.253717230976479,23.58059423295151,16.044423859883384,61,1,30.0,0.45,20.0,1.0,25,1,200,0.002,100,10.0,1.0,0,55,0,0.7971014492753623,0.3759578599187893,-0.6805578592348435,-0.024512244272932193,0.025256760184674612,0.034153829424122796,0.03085028278208331,1.3158643985616512,0.7310143222110081,0.31110884752969303,0.6084135978415367,1.0817977173834599,1.0135825878726101,1.1546771414397354,294.92557576818933
1891,41891,40189,900001,6a22834,v2_nested_200x10,1,1,1,success,77,11.47761066132253,20.187609817356982,26.04034173294129,70,1,30.0,0.45,20.0,1.0,25,1,200,0.002,100,10.0,1.0,0,58,0,0.7532467532467533,0.3759578599187893,-0.6805578592348435,-0.024512244272932193,0.025256760184674612,0.034153829424122796,0.03085028278208331,1.3158643985616512,0.7310143222110081,0.31110884752969303,0.6084135978415367,1.0817977173834599,1.0135825878726101,1.1546771414397354,292.9953245511643
1892,41892,40189,900002,6a22834,v2_nested_200x10,1,1,1,success,71,8.13947992783664,21.88163531151697,21.043661249198166,62,1,30.0,0.45,20.0,1.0,25,1,200,0.002,100,10.0,1.0,0,53,0,0.7464788732394366,0.3759578599187893,-0.6805578592348435,-0.024512244272932193,0.025256760184674612,0.034153829424122796,0.03085028278208331,1.3158643985616512,0.7310143222110081,0.31110884752969303,0.6084135978415367,1.0817977173834599,1.0135825878726101,1.1546771414397354,295.7971972659734
1893,41893,40189,900003,6a22834,v2_nested_200x10,1,1,1,success,74,15.523516603995498,23.420052451601283,4.687236544202142,68,1,30.0,0.45,20.0,1.0,25,1,200,0.002,100,10.0,1.0,0,63,0,0.8513513513513513,0.3759578599187893,-0.6805578592348435,-0.024512244272932193,0.025256760184674612,0.034153829424122796,0.03085028278208331,1.3158643985616512,0.7310143222110081,0.31110884752969303,0.6084135978415367,1.0817977173834599,1.0135825878726101,1.1546771414397354,293.5095744489181
1894,41894,40189,900004,6a22834,v2_nested_200x10,1,1,1,success,69,22.004886955638334,11.112109724647954,16.522995343720638,63,1,30.0,0.45,20.0,1.0,25,1,200,0.002,100,10.0,1.0,0,56,0,0.8115942028985508,0.3759578599187893,-0.6805578592348435,-0.024512244272932193,0.025256760184674612,0.034153829424122796,0.03085028278208331,1.3158643985616512,0.7310143222110081,0.31110884752969303,0.6084135978415367,1.0817977173834599,1.0135825878726101,1.1546771414397354,294.188644514612
1895,41895,40189,900005,6a22834,v2_nested_200x10,1,1,1,success,71,14.15200805995979,15.786036276777365,12.918898408202871,62,1,30.0,0.45,20.0,1.0,25,1,200,0.002,100,10.0,1.0,0,49,0,0.6901408450704225,0.3759578599187893,-0.6805578592348435,-0.024512244272932193,0.025256760184674612,0.034153829424122796,0.03085028278208331,1.3158643985616512,0.7310143222110081,0.31110884752969303,0.6084135978415367,1.0817977173834599,1.0135825878726101,1.1546771414397354,293.8621199714203
1896,41896,40189,900006,6a22834,v2_nested_200x10,1,1,1,success,74,23.52610216942261,24.570334168446376,14.55580584221649,64,1,30.0,0.45,20.0,1.0,25,1,200,0.002,100,10.0,1.0,0,53,0,0.7162162162162162,0.3759578599187893,-0.6805578592348435,-0.024512244272932193,0.025256760184674612,0.034153829424122796,0.03085028278208331,1.3158643985616512,0.7310143222110081,0.31110884752969303,0.6084135978415367,1.0817977173834599,1.0135825878726101,1.1546771414397354,292.53369483243875
1897,41897,40189,900007,6a22834,v2_nested_200x10,1,1,1,success,68,9.283731778592514,17.064779675337835,0.6522130956764076,62,1,30.0,0.45,20.0,1.0,25,1,200,0.002,100,10.0,1.0,2,52,0,0.7647058823529411,0.3759578599187893,-0.6805578592348435,-0.024512244272932193,0.025256760184674612,0.034153829424122796,0.03085028278208331,1.3158643985616512,0.7310143222110081,0.31110884752969303,0.6084135978415367,1.0817977173834599,1.0135825878726101,1.1546771414397354,293.6572652704213
1898,41898,40189,900008,6a22834,v2_nested_200x10,1,1,1,success,70,11.323357406462966,18.087773547854177,10.240625323704506,62,1,30.0,0.45,20.0,1.0,25,1,200,0.002,100,10.0,1.0,0,53,0,0.7571428571428571,0.3759578599187893,-0.6805578592348435,-0.024512244272932193,0.025256760184674612,0.034153829424122796,0.03085028278208331,1.3158643985616512,0.7310143222110081,0.31110884752969303,0.6084135978415367,1.0817977173834599,1.0135825878726101,1.1546771414397354,294.8513836426986
1899,41899,40189,900009,6a22834,v2_nested_200x10,1,1,1,success,69,12.318891768755062,14.26970270640866,7.118421790660174,63,1,30.0,0.45,20.0,1.0,25,1,200,0.002,100,10.0,1.0,0,57,0,0.8260869565217391,0.3759578599187893,-0.6805578592348435,-0.024512244272932193,0.025256760184674612,0.034153829424122796,0.03085028278208331,1.3158643985616512,0.7310143222110081,0.31110884752969303,0.6084135978415367,1.0817977173834599,1.0135825878726101,1.1546771414397354,291.5232702916477
1900,41900,40190,900000,6a22834,v2_nested_200x10,1,1,1,success,50,9.96177770982909,14.955955138652248,3.9868046631996994,45,1,30.0,0.45,20.0,1.0,25,1,200,0.002,100,10.0,1.0,0,40,0,0.8,0.31907924000058063,-0.20793217056711588,0.3204183922062751,0.02616694253650534,0.03920666691606453,0.11045740238869248,1.2173163010192547,0.7766209132889501,0.3828341837826898,0.5743783704582283,0.9250800638718385,0.9893399708933241,1.1983230745653428,268.3509081548289
1901,41901,40190,900001,6a22834,v2_nested_200x10,1,1,1,success,54,7.947585069240067,21.486162981400533,12.370656796745966,44,1,30.0,0.45,20.0,1.0,25,1,200,0.002,100,10.0,1.0,0,45,0,0.8333333333333334,0.31907924000058063,-0.20793217056711588,0.3204183922062751,0.02616694253650534,0.03920666691606453,0.11045740238869248,1.2173163010192547,0.7766209132889501,0.3828341837826898,0.5743783704582283,0.9250800638718385,0.9893399708933241,1.1983230745653428,278.42513481525793
1902,41902,40190,900002,6a22834,v2_nested_200x10,1,1,1,success,49,6.157495148557533,18.680450144080215,10.411398911029966,43,1,30.0,0.45,20.0,1.0,25,1,200,0.002,100,10.0,1.0,0,37,0,0.7551020408163265,0.31907924000058063,-0.20793217056711588,0.3204183922062751,0.02616694253650534,0.03920666691606453,0.11045740238869248,1.2173163010192547,0.7766209132889501,0.3828341837826898,0.5743783704582283,0.9250800638718385,0.9893399708933241,1.1983230745653428,280.1983492594238
1903,41903,40190,900003,6a22834,v2_nested_200x10,1,1,1,success,51,18.554989779724053,24.153259681522457,3.9664081269181786,43,1,30.0,0.45,20.0,1.0,25,1,200,0.002,100,10.0,1.0,0,44,0,0.8627450980392157,0.31907924000058063,-0.20793217056711588,0.3204183922062751,0.02616694253650534,0.03920666691606453,0.11045740238869248,1.2173163010192547,0.7766209132889501,0.3828341837826898,0.5743783704582283,0.9250800638718385,0.9893399708933241,1.1983230745653428,279.46652431866613
1904,41904,40190,900004,6a22834,v2_nested_200x10,1,1,1,success,53,14.628987985577176,12.30762956386225,5.796677811545776,48,1,30.0,0.45,20.0,1.0,25,1,200,0.002,100,10.0,1.0,0,45,0,0.8490566037735849,0.31907924000058063,-0.20793217056711588,0.3204183922062751,0.02616694253650534,0.03920666691606453,0.11045740238869248,1.2173163010192547,0.7766209132889501,0.3828341837826898,0.5743783704582283,0.9250800638718385,0.9893399708933241,1.1983230745653428,282.14710699190874
1905,41905,40190,900005,6a22834,v2_nested_200x10,1,1,1,success,48,18.524350632266426,22.135579000387487,7.414705032775655,42,1,30.0,0.45,20.0,1.0,25,1,200,0.002,100,10.0,1.0,0,37,0,0.7708333333333334,0.31907924000058063,-0.20793217056711588,0.3204183922062751,0.02616694253650534,0.03920666691606453,0.11045740238869248,1.2173163010192547,0.7766209132889501,0.3828341837826898,0.5743783704582283,0.9250800638718385,0.9893399708933241,1.1983230745653428,280.79341849656834
1906,41906,40190,900006,6a22834,v2_nested_200x10,1,1,1,success,55,20.606005928273877,14.228575120703965,6.7651731757478535,51,1,30.0,0.45,20.0,1.0,25,1,200,0.002,100,10.0,1.0,0,44,0,0.8,0.31907924000058063,-0.20793217056711588,0.3204183922062751,0.02616694253650534,0.03920666691606453,0.11045740238869248,1.2173163010192547,0.7766209132889501,0.3828341837826898,0.5743783704582283,0.9250800638718385,0.9893399708933241,1.1983230745653428,281.78549790223747
1907,41907,40190,900007,6a22834,v2_nested_200x10,1,1,1,success,48,0.6970477700196847,10.559803875926272,7.789245713140998,43,1,30.0,0.45,20.0,1.0,25,1,200,0.002,100,10.0,1.0,0,34,0,0.7083333333333334,0.31907924000058063,-0.20793217056711588,0.3204183922062751,0.02616694253650534,0.03920666691606453,0.11045740238869248,1.2173163010192547,0.7766209132889501,0.3828341837826898,0.5743783704582283,0.9250800638718385,0.9893399708933241,1.1983230745653428,280.0929492441553
1908,41908,40190,900008,6a22834,v2_nested_200x10,1,1,1,success,59,20.5365326815518,25.052653856498022,3.491995572690406,42,1,30.0,0.45,20.0,1.0,25,1,200,0.002,100,10.0,1.0,0,53,0,0.8983050847457628,0.31907924000058063,-0.20793217056711588,0.3204183922062751,0.02616694253650534,0.03920666691606453,0.11045740238869248,1.2173163010192547,0.7766209132889501,0.3828341837826898,0.5743783704582283,0.9250800638718385,0.9893399708933241,1.1983230745653428,278.4598270466813
1909,41909,40190,900009,6a22834,v2_nested_200x10,1,1,1,success,48,7.484823729233672,11.316499449881082,2.9632850542152225,43,1,30.0,0.45,20.0,1.0,25,1,200,0.002,100,10.0,1.0,0,37,0,0.7708333333333334,0.31907924000058063,-0.20793217056711588,0.3204183922062751,0.02616694253650534,0.03920666691606453,0.11045740238869248,1.2173163010192547,0.7766209132889501,0.3828341837826898,0.5743783704582283,0.9250800638718385,0.9893399708933241,1.1983230745653428,280.90681199679324
1910,41910,40191,900000,6a22834,v2_nested_200x10,1,1,1,success,62,14.778133501803435,11.274597089927719,7.428183250636281,56,1,30.0,0.45,20.0,1.0,25,1,200,0.002,100,10.0,1.0,0,42,0,0.6774193548387096,0.3243312103075396,-0.726932138625921,1.253770678848249,0.027048866492790122,0.030702686133127266,0.06003238918457479,1.2781575829645535,0.7757679665019012,0.33257810133152105,0.42322971593998493,0.9837830570975531,0.9644267961963238,1.0546980118634788,288.52720510790084
1911,41911,40191,900001,6a22834,v2_nested_200x10,1,1,1,success,63,19.67307990413332,28.573494707786576,6.132283317661543,57,1,30.0,0.45,20.0,1.0,25,1,200,0.002,100,10.0,1.0,0,49,0,0.7777777777777778,0.3243312103075396,-0.726932138625921,1.253770678848249,0.027048866492790122,0.030702686133127266,0.06003238918457479,1.2781575829645535,0.7757679665019012,0.33257810133152105,0.42322971593998493,0.9837830570975531,0.9644267961963238,1.0546980118634788,275.50262251476784
1912,41912,40191,900002,6a22834,v2_nested_200x10,1,1,1,success,63,20.525793175077418,20.065507837980743,0.7440117049073702,60,1,30.0,0.45,20.0,1.0,25,1,200,0.002,100,10.0,1.0,0,44,0,0.6984126984126984,0.3243312103075396,-0.726932138625921,1.253770678848249,0.027048866492790122,0.030702686133127266,0.06003238918457479,1.2781575829645535,0.7757679665019012,0.33257810133152105,0.42322971593998493,0.9837830570975531,0.9644267961963238,1.0546980118634788,288.65545121849715
1913,41913,40191,900003,6a22834,v2_nested_200x10,1,1,1,success,65,37.54921629582806,19.137089379525193,14.813512918394343,57,1,30.0,0.45,20.0,1.0,25,1,200,0.002,100,10.0,1.0,0,46,0,0.7076923076923077,0.3243312103075396,-0.726932138625921,1.253770678848249,0.027048866492790122,0.030702686133127266,0.06003238918457479,1.2781575829645535,0.7757679665019012,0.33257810133152105,0.42322971593998493,0.9837830570975531,0.9644267961963238,1.0546980118634788,288.6769214791702
1914,41914,40191,900004,6a22834,v2_nested_200x10,1,1,1,success,60,25.30163732417992,15.029578356435389,12.931760972619967,55,1,30.0,0.45,20.0,1.0,25,1,200,0.002,100,10.0,1.0,0,45,0,0.75,0.3243312103075396,-0.726932138625921,1.253770678848249,0.027048866492790122,0.030702686133127266,0.06003238918457479,1.2781575829645535,0.7757679665019012,0.33257810133152105,0.42322971593998493,0.9837830570975531,0.9644267961963238,1.0546980118634788,287.17803949089546
1915,41915,40191,900005,6a22834,v2_nested_200x10,1,1,1,success,71,21.55416648796747,24.893893616840593,13.169049803056664,56,1,30.0,0.45,20.0,1.0,25,1,200,0.002,100,10.0,1.0,0,52,0,0.7323943661971831,0.3243312103075396,-0.726932138625921,1.253770678848249,0.027048866492790122,0.030702686133127266,0.06003238918457479,1.2781575829645535,0.7757679665019012,0.33257810133152105,0.42322971593998493,0.9837830570975531,0.9644267961963238,1.0546980118634788,281.73439880344733
1916,41916,40191,900006,6a22834,v2_nested_200x10,1,1,1,success,64,23.706869782041345,16.661679762697915,6.391670469976207,57,1,30.0,0.45,20.0,1.0,25,1,200,0.002,100,10.0,1.0,0,53,0,0.828125,0.3243312103075396,-0.726932138625921,1.253770678848249,0.027048866492790122,0.030702686133127266,0.06003238918457479,1.2781575829645535,0.7757679665019012,0.33257810133152105,0.42322971593998493,0.9837830570975531,0.9644267961963238,1.0546980118634788,288.5272575806218
1917,41917,40191,900007,6a22834,v2_nested_200x10,1,1,1,success,62,18.24097213903809,9.958767491360575,6.9657704923988915,56,1,30.0,0.45,20.0,1.0,25,1,200,0.002,100,10.0,1.0,0,42,0,0.6774193548387096,0.3243312103075396,-0.726932138625921,1.253770678848249,0.027048866492790122,0.030702686133127266,0.06003238918457479,1.2781575829645535,0.7757679665019012,0.33257810133152105,0.42322971593998493,0.9837830570975531,0.9644267961963238,1.0546980118634788,289.4433326273853
1918,41918,40191,900008,6a22834,v2_nested_200x10,1,1,1,success,63,23.983922477948244,14.705287725087612,6.193853544824723,56,1,30.0,0.45,20.0,1.0,25,1,200,0.002,100,10.0,1.0,0,46,0,0.7301587301587301,0.3243312103075396,-0.726932138625921,1.253770678848249,0.027048866492790122,0.030702686133127266,0.06003238918457479,1.2781575829645535,0.7757679665019012,0.33257810133152105,0.42322971593998493,0.9837830570975531,0.9644267961963238,1.0546980118634788,290.0205829905648
1919,41919,40191,900009,6a22834,v2_nested_200x10,1,1,1,success,66,27.8923437993614,27.829614841087473,28.579744688313493,54,1,30.0,0.45,20.0,1.0,25,1,200,0.002,100,10.0,1.0,0,50,0,0.7575757575757576,0.3243312103075396,-0.726932138625921,1.253770678848249,0.027048866492790122,0.030702686133127266,0.06003238918457479,1.2781575829645535,0.7757679665019012,0.33257810133152105,0.42322971593998493,0.9837830570975531,0.9644267961963238,1.0546980118634788,271.6033611585398
1920,41920,40192,900000,6a22834,v2_nested_200x10,1,1,1,success,50,26.92413053170616,9.627380315484427,6.819241492384232,46,1,30.0,0.45,20.0,1.0,25,1,200,0.002,100,10.0,1.0,0,45,0,0.9,0.3277709669423309,-0.49458979687174365,-0.3118525144942259,0.026461211219217632,0.03893395347144527,0.10696885190296374,1.1362967824464056,0.8054079257799681,0.3026197502481155,0.3374769498662773,1.0437497466127872,1.0087992065431381,1.0102336066186974,283.7324827444693
1921,41921,40192,900001,6a22834,v2_nested_200x10,1,1,1,success,53,10.07276376715362,8.453996436137592,9.662112008381397,46,1,30.0,0.45,20.0,1.0,25,1,200,0.002,100,10.0,1.0,0,47,0,0.8867924528301887,0.3277709669423309,-0.49458979687174365,-0.3118525144942259,0.026461211219217632,0.03893395347144527,0.10696885190296374,1.1362967824464056,0.8054079257799681,0.3026197502481155,0.3374769498662773,1.0437497466127872,1.0087992065431381,1.0102336066186974,282.4184204135765
1922,41922,40192,900002,6a22834,v2_nested_200x10,1,1,1,success,54,17.406926097369457,13.178507070531587,4.66046781963522,50,1,30.0,0.45,20.0,1.0,25,1,200,0.002,100,10.0,1.0,0,43,0,0.7962962962962963,0.3277709669423309,-0.49458979687174365,-0.3118525144942259,0.026461211219217632,0.03893395347144527,0.10696885190296374,1.1362967824464056,0.8054079257799681,0.3026197502481155,0.3374769498662773,1.0437497466127872,1.0087992065431381,1.0102336066186974,283.075405300694
1923,41923,40192,900003,6a22834,v2_nested_200x10,1,1,1,success,53,5.035845917704873,10.102300420618644,0.7917897268172278,50,1,30.0,0.45,20.0,1.0,25,1,200,0.002,100,10.0,1.0,0,47,0,0.8867924528301887,0.3277709669423309,-0.49458979687174365,-0.3118525144942259,0.026461211219217632,0.03893395347144527,0.10696885190296374,1.1362967824464056,0.8054079257799681,0.3026197502481155,0.3374769498662773,1.0437497466127872,1.0087992065431381,1.0102336066186974,281.37248155848715
1924,41924,40192,900004,6a22834,v2_nested_200x10,1,1,1,success,58,14.117761656140113,10.258585270504032,8.324921637454509,45,1,30.0,0.45,20.0,1.0,25,1,200,0.002,100,10.0,1.0,0,45,0,0.7758620689655172,0.3277709669423309,-0.49458979687174365,-0.3118525144942259,0.026461211219217632,0.03893395347144527,0.10696885190296374,1.1362967824464056,0.8054079257799681,0.3026197502481155,0.3374769498662773,1.0437497466127872,1.0087992065431381,1.0102336066186974,277.32498456407285
1925,41925,40192,900005,6a22834,v2_nested_200x10,1,1,1,success,51,8.417194927134677,11.31784580289258,6.625550418060967,45,1,30.0,0.45,20.0,1.0,25,1,200,0.002,100,10.0,1.0,0,47,0,0.9215686274509803,0.3277709669423309,-0.49458979687174365,-0.3118525144942259,0.026461211219217632,0.03893395347144527,0.10696885190296374,1.1362967824464056,0.8054079257799681,0.3026197502481155,0.3374769498662773,1.0437497466127872,1.0087992065431381,1.0102336066186974,282.1905211268239
1926,41926,40192,900006,6a22834,v2_nested_200x10,1,1,1,success,54,4.252198257942501,10.84318231720371,0.7781113422452172,51,1,30.0,0.45,20.0,1.0,25,1,200,0.002,100,10.0,1.0,0,41,0,0.7592592592592593,0.3277709669423309,-0.49458979687174365,-0.3118525144942259,0.026461211219217632,0.03893395347144527,0.10696885190296374,1.1362967824464056,0.8054079257799681,0.3026197502481155,0.3374769498662773,1.0437497466127872,1.0087992065431381,1.0102336066186974,288.6955767478719
1927,41927,40192,900007,6a22834,v2_nested_200x10,1,1,1,success,51,3.550320145206331,9.486974478008786,11.361420511560006,44,1,30.0,0.45,20.0,1.0,25,1,200,0.002,100,10.0,1.0,0,43,0,0.8431372549019608,0.3277709669423309,-0.49458979687174365,-0.3118525144942259,0.026461211219217632,0.03893395347144527,0.10696885190296374,1.1362967824464056,0.8054079257799681,0.3026197502481155,0.3374769498662773,1.0437497466127872,1.0087992065431381,1.0102336066186974,282.67527941135836
1928,41928,40192,900008,6a22834,v2_nested_200x10,1,1,1,success,53,2.485816210897596,14.052641858930674,16.186585754292263,47,1,30.0,0.45,20.0,1.0,25,1,200,0.002,100,10.0,1.0,0,49,0,0.9245283018867925,0.3277709669423309,-0.49458979687174365,-0.3118525144942259,0.026461211219217632,0.03893395347144527,0.10696885190296374,1.1362967824464056,0.8054079257799681,0.3026197502481155,0.3374769498662773,1.0437497466127872,1.0087992065431381,1.0102336066186974,284.91520501712296
1929,41929,40192,900009,6a22834,v2_nested_200x10,0,0,0,unsafe,32,252.87325203600653,nan,nan,-1,1,30.0,0.45,20.0,1.0,25,1,200,0.002,100,10.0,1.0,0,29,0,0.90625,0.3277709669423309,-0.49458979687174365,-0.3118525144942259,0.026461211219217632,0.03893395347144527,0.10696885190296374,1.1362967824464056,0.8054079257799681,0.3026197502481155,0.3374769498662773,1.0437497466127872,1.0087992065431381,1.0102336066186974,-42.63312904699989
1930,41930,40193,900000,6a22834,v2_nested_200x10,1,1,1,success,57,14.979017655185684,24.14165924670543,6.000017109683206,49,1,30.0,0.45,20.0,1.0,25,1,200,0.002,100,10.0,1.0,0,45,0,0.7894736842105263,0.35645552301205286,-0.17361701008089514,2.0712892017993063,0.02344728109778061,0.03815983203857621,0.0370344098792839,0.9717718367667412,1.3849553641598145,0.3697407569408347,0.5627912804320878,1.0155883230747844,1.050121000452244,0.9901386628249931,284.25666620477875
1931,41931,40193,900001,6a22834,v2_nested_200x10,1,1,1,success,56,13.886065344614815,8.651085302451119,9.701445909385155,50,1,30.0,0.45,20.0,1.0,25,1,200,0.002,100,10.0,1.0,0,40,0,0.7142857142857143,0.35645552301205286,-0.17361701008089514,2.0712892017993063,0.02344728109778061,0.03815983203857621,0.0370344098792839,0.9717718367667412,1.3849553641598145,0.3697407569408347,0.5627912804320878,1.0155883230747844,1.050121000452244,0.9901386628249931,280.85299870865623
1932,41932,40193,900002,6a22834,v2_nested_200x10,1,1,1,success,57,17.989152636811728,20.50428100869683,13.923226660126533,48,1,30.0,0.45,20.0,1.0,25,1,200,0.002,100,10.0,1.0,0,46,0,0.8070175438596491,0.35645552301205286,-0.17361701008089514,2.0712892017993063,0.02344728109778061,0.03815983203857621,0.0370344098792839,0.9717718367667412,1.3849553641598145,0.3697407569408347,0.5627912804320878,1.0155883230747844,1.050121000452244,0.9901386628249931,283.8931298816932
1933,41933,40193,900003,6a22834,v2_nested_200x10,1,1,1,success,54,9.344149009106367,24.13453665935455,12.590042819853998,46,1,30.0,0.45,20.0,1.0,25,1,200,0.002,100,10.0,1.0,6,36,0,0.6666666666666666,0.35645552301205286,-0.17361701008089514,2.0712892017993063,0.02344728109778061,0.03815983203857621,0.0370344098792839,0.9717718367667412,1.3849553641598145,0.3697407569408347,0.5627912804320878,1.0155883230747844,1.050121000452244,0.9901386628249931,276.8806368795973
1934,41934,40193,900004,6a22834,v2_nested_200x10,1,1,1,success,55,8.820917613965841,10.209564110749417,0.7171924375628838,52,1,30.0,0.45,20.0,1.0,25,1,200,0.002,100,10.0,1.0,0,36,0,0.6545454545454545,0.35645552301205286,-0.17361701008089514,2.0712892017993063,0.02344728109778061,0.03815983203857621,0.0370344098792839,0.9717718367667412,1.3849553641598145,0.3697407569408347,0.5627912804320878,1.0155883230747844,1.050121000452244,0.9901386628249931,269.0589105353663
1935,41935,40193,900005,6a22834,v2_nested_200x10,1,1,1,success,54,14.021498341463285,13.804034902048533,5.081287973206253,48,1,30.0,0.45,20.0,1.0,25,1,200,0.002,100,10.0,1.0,0,40,0,0.7407407407407407,0.35645552301205286,-0.17361701008089514,2.0712892017993063,0.02344728109778061,0.03815983203857621,0.0370344098792839,0.9717718367667412,1.3849553641598145,0.3697407569408347,0.5627912804320878,1.0155883230747844,1.050121000452244,0.9901386628249931,280.76180169047296
1936,41936,40193,900006,6a22834,v2_nested_200x10,1,1,1,success,57,13.079008704028071,12.295439083313225,8.046238738486736,49,1,30.0,0.45,20.0,1.0,25,1,200,0.002,100,10.0,1.0,0,44,0,0.7719298245614035,0.35645552301205286,-0.17361701008089514,2.0712892017993063,0.02344728109778061,0.03815983203857621,0.0370344098792839,0.9717718367667412,1.3849553641598145,0.3697407569408347,0.5627912804320878,1.0155883230747844,1.050121000452244,0.9901386628249931,281.9344404038188
1937,41937,40193,900007,6a22834,v2_nested_200x10,1,1,1,success,63,13.154144352987041,22.55444726754519,8.430857934645513,47,1,30.0,0.45,20.0,1.0,25,1,200,0.002,100,10.0,1.0,0,52,0,0.8253968253968254,0.35645552301205286,-0.17361701008089514,2.0712892017993063,0.02344728109778061,0.03815983203857621,0.0370344098792839,0.9717718367667412,1.3849553641598145,0.3697407569408347,0.5627912804320878,1.0155883230747844,1.050121000452244,0.9901386628249931,280.3637161952103
1938,41938,40193,900008,6a22834,v2_nested_200x10,1,1,1,success,58,14.502723968288834,25.768269233685185,15.80372285968578,48,1,30.0,0.45,20.0,1.0,25,1,200,0.002,100,10.0,1.0,1,46,0,0.7931034482758621,0.35645552301205286,-0.17361701008089514,2.0712892017993063,0.02344728109778061,0.03815983203857621,0.0370344098792839,0.9717718367667412,1.3849553641598145,0.3697407569408347,0.5627912804320878,1.0155883230747844,1.050121000452244,0.9901386628249931,268.25254682170856
1939,41939,40193,900009,6a22834,v2_nested_200x10,1,1,1,success,52,10.161596975102961,20.450429885416252,12.226050692246355,46,1,30.0,0.45,20.0,1.0,25,1,200,0.002,100,10.0,1.0,0,37,0,0.7115384615384616,0.35645552301205286,-0.17361701008089514,2.0712892017993063,0.02344728109778061,0.03815983203857621,0.0370344098792839,0.9717718367667412,1.3849553641598145,0.3697407569408347,0.5627912804320878,1.0155883230747844,1.050121000452244,0.9901386628249931,282.3945155641727
1940,41940,40194,900000,6a22834,v2_nested_200x10,1,1,1,success,51,12.299427212513057,5.735359881791498,4.763235358717116,45,1,30.0,0.45,20.0,1.0,25,1,200,0.002,100,10.0,1.0,1,37,0,0.7254901960784313,0.36275439566814205,-0.4314714957119657,-1.6805757913683683,0.024497349467686762,0.03860376505341651,0.05559479276777522,0.990038614862801,1.144134244275723,0.3215110941917593,0.26699776020356103,1.0298845754619441,1.1682326579939402,1.219992397847526,282.4222538182051
1941,41941,40194,900001,6a22834,v2_nested_200x10,1,1,1,success,55,6.590881827399606,4.4895649793046575,1.721594766332783,48,1,30.0,0.45,20.0,1.0,25,1,200,0.002,100,10.0,1.0,0,41,0,0.7454545454545455,0.36275439566814205,-0.4314714957119657,-1.6805757913683683,0.024497349467686762,0.03860376505341651,0.05559479276777522,0.990038614862801,1.144134244275723,0.3215110941917593,0.26699776020356103,1.0298845754619441,1.1682326579939402,1.219992397847526,282.8507949117655
1942,41942,40194,900002,6a22834,v2_nested_200x10,1,1,1,success,55,36.0601021646289,15.119225480168948,22.653440603537867,49,1,30.0,0.45,20.0,1.0,25,1,200,0.002,100,10.0,1.0,0,49,0,0.8909090909090909,0.36275439566814205,-0.4314714957119657,-1.6805757913683683,0.024497349467686762,0.03860376505341651,0.05559479276777522,0.990038614862801,1.144134244275723,0.3215110941917593,0.26699776020356103,1.0298845754619441,1.1682326579939402,1.219992397847526,283.2836459560946
1943,41943,40194,900003,6a22834,v2_nested_200x10,1,1,1,success,48,8.638958311739797,14.025638892455984,8.008329761183287,42,1,30.0,0.45,20.0,1.0,25,1,200,0.002,100,10.0,1.0,0,40,0,0.8333333333333334,0.36275439566814205,-0.4314714957119657,-1.6805757913683683,0.024497349467686762,0.03860376505341651,0.05559479276777522,0.990038614862801,1.144134244275723,0.3215110941917593,0.26699776020356103,1.0298845754619441,1.1682326579939402,1.219992397847526,283.57538842918495
1944,41944,40194,900004,6a22834,v2_nested_200x10,1,1,1,success,53,19.124410039086392,19.446201981771576,0.7499140265821872,50,1,30.0,0.45,20.0,1.0,25,1,200,0.002,100,10.0,1.0,0,42,0,0.7924528301886793,0.36275439566814205,-0.4314714957119657,-1.6805757913683683,0.024497349467686762,0.03860376505341651,0.05559479276777522,0.990038614862801,1.144134244275723,0.3215110941917593,0.26699776020356103,1.0298845754619441,1.1682326579939402,1.219992397847526,285.48264752685725
1945,41945,40194,900005,6a22834,v2_nested_200x10,1,1,1,success,48,13.607939972392172,14.687915334794699,9.89026386720709,43,1,30.0,0.45,20.0,1.0,25,1,200,0.002,100,10.0,1.0,0,39,0,0.8125,0.36275439566814205,-0.4314714957119657,-1.6805757913683683,0.024497349467686762,0.03860376505341651,0.05559479276777522,0.990038614862801,1.144134244275723,0.3215110941917593,0.26699776020356103,1.0298845754619441,1.1682326579939402,1.219992397847526,283.0487748168077
1946,41946,40194,900006,6a22834,v2_nested_200x10,1,1,1,success,51,12.049835723111313,9.98570655143968,1.6868006603210774,48,1,30.0,0.45,20.0,1.0,25,1,200,0.002,100,10.0,1.0,0,44,0,0.8627450980392157,0.36275439566814205,-0.4314714957119657,-1.6805757913683683,0.024497349467686762,0.03860376505341651,0.05559479276777522,0.990038614862801,1.144134244275723,0.3215110941917593,0.26699776020356103,1.0298845754619441,1.1682326579939402,1.219992397847526,282.8066892979004
1947,41947,40194,900007,6a22834,v2_nested_200x10,1,1,1,success,50,10.495154659472105,10.219315068364452,10.739089082130988,43,1,30.0,0.45,20.0,1.0,25,1,200,0.002,100,10.0,1.0,0,43,0,0.86,0.36275439566814205,-0.4314714957119657,-1.6805757913683683,0.024497349467686762,0.03860376505341651,0.05559479276777522,0.990038614862801,1.144134244275723,0.3215110941917593,0.26699776020356103,1.0298845754619441,1.1682326579939402,1.219992397847526,285.0613947599964
1948,41948,40194,900008,6a22834,v2_nested_200x10,1,1,1,success,50,9.406804825317192,3.016245086652643,2.952099399404666,46,1,30.0,0.45,20.0,1.0,25,1,200,0.002,100,10.0,1.0,0,40,0,0.8,0.36275439566814205,-0.4314714957119657,-1.6805757913683683,0.024497349467686762,0.03860376505341651,0.05559479276777522,0.990038614862801,1.144134244275723,0.3215110941917593,0.26699776020356103,1.0298845754619441,1.1682326579939402,1.219992397847526,283.66272324580905
1949,41949,40194,900009,6a22834,v2_nested_200x10,1,1,1,success,54,6.408317514370935,10.271337093231809,1.0588398268542736,51,1,30.0,0.45,20.0,1.0,25,1,200,0.002,100,10.0,1.0,0,44,0,0.8148148148148148,0.36275439566814205,-0.4314714957119657,-1.6805757913683683,0.024497349467686762,0.03860376505341651,0.05559479276777522,0.990038614862801,1.144134244275723,0.3215110941917593,0.26699776020356103,1.0298845754619441,1.1682326579939402,1.219992397847526,284.35844978881994
1950,41950,40195,900000,6a22834,v2_nested_200x10,1,1,1,success,64,9.495704952545099,13.56332514707024,7.67561979519309,57,1,30.0,0.45,20.0,1.0,25,1,200,0.002,100,10.0,1.0,0,55,0,0.859375,0.3784873562082848,-0.42823647929367287,3.1137186172340883,0.023261258003916527,0.031030230056558392,0.11073091247541672,0.8815075997299684,0.8169573057674204,0.32368316494047056,0.3862690433870915,1.02998181826976,0.9936773609707166,1.0169712062337046,287.80646110428825
1951,41951,40195,900001,6a22834,v2_nested_200x10,1,1,1,success,58,14.013821015787352,12.840213031105797,12.259126014726569,50,1,30.0,0.45,20.0,1.0,25,1,200,0.002,100,10.0,1.0,0,47,0,0.8103448275862069,0.3784873562082848,-0.42823647929367287,3.1137186172340883,0.023261258003916527,0.031030230056558392,0.11073091247541672,0.8815075997299684,0.8169573057674204,0.32368316494047056,0.3862690433870915,1.02998181826976,0.9936773609707166,1.0169712062337046,286.8654427372457
1952,41952,40195,900002,6a22834,v2_nested_200x10,1,1,1,success,57,1.1417063876777627,20.84936524573171,3.6249697655498325,53,1,30.0,0.45,20.0,1.0,25,1,200,0.002,100,10.0,1.0,0,46,0,0.8070175438596491,0.3784873562082848,-0.42823647929367287,3.1137186172340883,0.023261258003916527,0.031030230056558392,0.11073091247541672,0.8815075997299684,0.8169573057674204,0.32368316494047056,0.3862690433870915,1.02998181826976,0.9936773609707166,1.0169712062337046,288.832602509189
1953,41953,40195,900003,6a22834,v2_nested_200x10,1,1,1,success,58,7.406650176213429,6.96038872703189,0.3385713281210209,55,1,30.0,0.45,20.0,1.0,25,1,200,0.002,100,10.0,1.0,0,46,0,0.7931034482758621,0.3784873562082848,-0.42823647929367287,3.1137186172340883,0.023261258003916527,0.031030230056558392,0.11073091247541672,0.8815075997299684,0.8169573057674204,0.32368316494047056,0.3862690433870915,1.02998181826976,0.9936773609707166,1.0169712062337046,288.1711262305972
1954,41954,40195,900004,6a22834,v2_nested_200x10,1,1,1,success,54,13.986741042367202,20.641427543420566,13.6996632800922,47,1,30.0,0.45,20.0,1.0,25,1,200,0.002,100,10.0,1.0,0,45,0,0.8333333333333334,0.3784873562082848,-0.42823647929367287,3.1137186172340883,0.023261258003916527,0.031030230056558392,0.11073091247541672,0.8815075997299684,0.8169573057674204,0.32368316494047056,0.3862690433870915,1.02998181826976,0.9936773609707166,1.0169712062337046,287.4175172250598
1955,41955,40195,900005,6a22834,v2_nested_200x10,1,1,1,success,55,8.856611249026887,14.817029157314785,16.825779426283738,47,1,30.0,0.45,20.0,1.0,25,1,200,0.002,100,10.0,1.0,0,51,0,0.9272727272727272,0.3784873562082848,-0.42823647929367287,3.1137186172340883,0.023261258003916527,0.031030230056558392,0.11073091247541672,0.8815075997299684,0.8169573057674204,0.32368316494047056,0.3862690433870915,1.02998181826976,0.9936773609707166,1.0169712062337046,287.1169827298421
1956,41956,40195,900006,6a22834,v2_nested_200x10,1,1,1,success,57,5.073288367390634,13.603891854508442,8.70008445710461,49,1,30.0,0.45,20.0,1.0,25,1,200,0.002,100,10.0,1.0,0,37,0,0.6491228070175439,0.3784873562082848,-0.42823647929367287,3.1137186172340883,0.023261258003916527,0.031030230056558392,0.11073091247541672,0.8815075997299684,0.8169573057674204,0.32368316494047056,0.3862690433870915,1.02998181826976,0.9936773609707166,1.0169712062337046,287.62671226980444
1957,41957,40195,900007,6a22834,v2_nested_200x10,1,1,1,success,59,2.2504121287452046,19.411641833267673,13.37154577746212,49,1,30.0,0.45,20.0,1.0,25,1,200,0.002,100,10.0,1.0,0,40,0,0.6779661016949152,0.3784873562082848,-0.42823647929367287,3.1137186172340883,0.023261258003916527,0.031030230056558392,0.11073091247541672,0.8815075997299684,0.8169573057674204,0.32368316494047056,0.3862690433870915,1.02998181826976,0.9936773609707166,1.0169712062337046,286.9850323927761
1958,41958,40195,900008,6a22834,v2_nested_200x10,1,1,1,success,54,10.66161741154286,19.21327192404239,9.633360252038658,47,1,30.0,0.45,20.0,1.0,25,1,200,0.002,100,10.0,1.0,0,41,0,0.7592592592592593,0.3784873562082848,-0.42823647929367287,3.1137186172340883,0.023261258003916527,0.031030230056558392,0.11073091247541672,0.8815075997299684,0.8169573057674204,0.32368316494047056,0.3862690433870915,1.02998181826976,0.9936773609707166,1.0169712062337046,287.11261227969305
1959,41959,40195,900009,6a22834,v2_nested_200x10,1,1,1,success,53,13.49457686592556,14.956282613423982,8.847103062123857,47,1,30.0,0.45,20.0,1.0,25,1,200,0.002,100,10.0,1.0,0,40,0,0.7547169811320755,0.3784873562082848,-0.42823647929367287,3.1137186172340883,0.023261258003916527,0.031030230056558392,0.11073091247541672,0.8815075997299684,0.8169573057674204,0.32368316494047056,0.3862690433870915,1.02998181826976,0.9936773609707166,1.0169712062337046,287.22549879152643
1960,41960,40196,900000,6a22834,v2_nested_200x10,1,1,1,success,59,13.941224804958285,16.589332594734596,2.3523105205052124,54,1,30.0,0.45,20.0,1.0,25,1,200,0.002,100,10.0,1.0,0,53,0,0.8983050847457628,0.30089870593688395,-0.5180314190007204,1.7042559581295595,0.02392676964968476,0.03378188227403256,0.0394869536610991,1.214808499658935,0.7680204433278086,0.35801692250107003,0.464670844660364,1.0142068737674774,1.022121945529858,1.0581793024379267,286.2580537509325
1961,41961,40196,900001,6a22834,v2_nested_200x10,1,1,1,success,62,20.25850937749164,12.340331320770598,4.996421686778377,56,1,30.0,0.45,20.0,1.0,25,1,200,0.002,100,10.0,1.0,0,50,0,0.8064516129032258,0.30089870593688395,-0.5180314190007204,1.7042559581295595,0.02392676964968476,0.03378188227403256,0.0394869536610991,1.214808499658935,0.7680204433278086,0.35801692250107003,0.464670844660364,1.0142068737674774,1.022121945529858,1.0581793024379267,286.4122223052572
1962,41962,40196,900002,6a22834,v2_nested_200x10,1,1,1,success,59,8.342253722845774,12.096545663085859,4.302943330996719,54,1,30.0,0.45,20.0,1.0,25,1,200,0.002,100,10.0,1.0,0,54,0,0.9152542372881356,0.30089870593688395,-0.5180314190007204,1.7042559581295595,0.02392676964968476,0.03378188227403256,0.0394869536610991,1.214808499658935,0.7680204433278086,0.35801692250107003,0.464670844660364,1.0142068737674774,1.022121945529858,1.0581793024379267,286.9698357233366
1963,41963,40196,900003,6a22834,v2_nested_200x10,1,1,1,success,60,22.51982058553122,29.547890821496082,0.5465763127049599,56,1,30.0,0.45,20.0,1.0,25,1,200,0.002,100,10.0,1.0,0,51,0,0.85,0.30089870593688395,-0.5180314190007204,1.7042559581295595,0.02392676964968476,0.03378188227403256,0.0394869536610991,1.214808499658935,0.7680204433278086,0.35801692250107003,0.464670844660364,1.0142068737674774,1.022121945529858,1.0581793024379267,283.5430753189211
1964,41964,40196,900004,6a22834,v2_nested_200x10,1,1,1,success,60,19.512947077420193,23.45660296869179,2.7832422339100065,53,1,30.0,0.45,20.0,1.0,25,1,200,0.002,100,10.0,1.0,0,55,0,0.9166666666666666,0.30089870593688395,-0.5180314190007204,1.7042559581295595,0.02392676964968476,0.03378188227403256,0.0394869536610991,1.214808499658935,0.7680204433278086,0.35801692250107003,0.464670844660364,1.0142068737674774,1.022121945529858,1.0581793024379267,284.73203103919906
1965,41965,40196,900005,6a22834,v2_nested_200x10,1,1,1,success,59,13.235148334948082,21.293996222977253,3.3016970376900625,55,1,30.0,0.45,20.0,1.0,25,1,200,0.002,100,10.0,1.0,0,50,0,0.847457627118644,0.30089870593688395,-0.5180314190007204,1.7042559581295595,0.02392676964968476,0.03378188227403256,0.0394869536610991,1.214808499658935,0.7680204433278086,0.35801692250107003,0.464670844660364,1.0142068737674774,1.022121945529858,1.0581793024379267,284.6303841082652
1966,41966,40196,900006,6a22834,v2_nested_200x10,1,1,1,success,62,17.948692343567014,10.779429056803611,0.834294945448165,56,1,30.0,0.45,20.0,1.0,25,1,200,0.002,100,10.0,1.0,0,53,0,0.8548387096774194,0.30089870593688395,-0.5180314190007204,1.7042559581295595,0.02392676964968476,0.03378188227403256,0.0394869536610991,1.214808499658935,0.7680204433278086,0.35801692250107003,0.464670844660364,1.0142068737674774,1.022121945529858,1.0581793024379267,287.7229713467389
1967,41967,40196,900007,6a22834,v2_nested_200x10,1,1,1,success,59,20.640002642357558,13.883248893483572,1.8885716775129855,54,1,30.0,0.45,20.0,1.0,25,1,200,0.002,100,10.0,1.0,0,49,0,0.8305084745762712,0.30089870593688395,-0.5180314190007204,1.7042559581295595,0.02392676964968476,0.03378188227403256,0.0394869536610991,1.214808499658935,0.7680204433278086,0.35801692250107003,0.464670844660364,1.0142068737674774,1.022121945529858,1.0581793024379267,287.4105642333769
1968,41968,40196,900008,6a22834,v2_nested_200x10,1,1,1,success,59,10.235628116070032,10.534017017803375,1.9518180419303137,55,1,30.0,0.45,20.0,1.0,25,1,200,0.002,100,10.0,1.0,0,49,0,0.8305084745762712,0.30089870593688395,-0.5180314190007204,1.7042559581295595,0.02392676964968476,0.03378188227403256,0.0394869536610991,1.214808499658935,0.7680204433278086,0.35801692250107003,0.464670844660364,1.0142068737674774,1.022121945529858,1.0581793024379267,285.8336013280917
1969,41969,40196,900009,6a22834,v2_nested_200x10,1,1,1,success,59,14.971038193427098,15.123856511581263,2.8773839014165303,55,1,30.0,0.45,20.0,1.0,25,1,200,0.002,100,10.0,1.0,0,55,0,0.9322033898305084,0.30089870593688395,-0.5180314190007204,1.7042559581295595,0.02392676964968476,0.03378188227403256,0.0394869536610991,1.214808499658935,0.7680204433278086,0.35801692250107003,0.464670844660364,1.0142068737674774,1.022121945529858,1.0581793024379267,285.11114369114034
1970,41970,40197,900000,6a22834,v2_nested_200x10,1,1,1,success,68,17.40840894003572,25.676225920019473,7.004272309063485,59,1,30.0,0.45,20.0,1.0,25,1,200,0.002,100,10.0,1.0,0,57,0,0.8382352941176471,0.3599439305074995,-0.70106485353939,2.559220008831195,0.026092858716010688,0.031149536529931587,0.05500221725158168,1.1821661501818452,1.3553578172146366,0.36188068165294013,0.528553431776959,1.0065189662347085,0.9902599768921364,1.0066184945719137,294.5312697898165
1971,41971,40197,900001,6a22834,v2_nested_200x10,1,1,1,success,72,19.273903139562606,18.26385544953436,4.229369925093281,63,1,30.0,0.45,20.0,1.0,25,1,200,0.002,100,10.0,1.0,0,56,0,0.7777777777777778,0.3599439305074995,-0.70106485353939,2.559220008831195,0.026092858716010688,0.031149536529931587,0.05500221725158168,1.1821661501818452,1.3553578172146366,0.36188068165294013,0.528553431776959,1.0065189662347085,0.9902599768921364,1.0066184945719137,292.4003217848994
1972,41972,40197,900002,6a22834,v2_nested_200x10,1,1,1,success,68,7.980364702210651,28.831597204577868,8.66375655129782,62,1,30.0,0.45,20.0,1.0,25,1,200,0.002,100,10.0,1.0,0,53,0,0.7794117647058824,0.3599439305074995,-0.70106485353939,2.559220008831195,0.026092858716010688,0.031149536529931587,0.05500221725158168,1.1821661501818452,1.3553578172146366,0.36188068165294013,0.528553431776959,1.0065189662347085,0.9902599768921364,1.0066184945719137,295.3839608929953
1973,41973,40197,900003,6a22834,v2_nested_200x10,1,1,1,success,67,10.673287516233554,14.964225991926694,8.101694227657243,61,1,30.0,0.45,20.0,1.0,25,1,200,0.002,100,10.0,1.0,0,52,0,0.7761194029850746,0.3599439305074995,-0.70106485353939,2.559220008831195,0.026092858716010688,0.031149536529931587,0.05500221725158168,1.1821661501818452,1.3553578172146366,0.36188068165294013,0.528553431776959,1.0065189662347085,0.9902599768921364,1.0066184945719137,293.8225679526401
1974,41974,40197,900004,6a22834,v2_nested_200x10,1,1,1,success,67,10.976168343186094,12.841396240560238,7.171070430399122,61,1,30.0,0.45,20.0,1.0,25,1,200,0.002,100,10.0,1.0,0,50,0,0.746268656716418,0.3599439305074995,-0.70106485353939,2.559220008831195,0.026092858716010688,0.031149536529931587,0.05500221725158168,1.1821661501818452,1.3553578172146366,0.36188068165294013,0.528553431776959,1.0065189662347085,0.9902599768921364,1.0066184945719137,293.83130314752515
1975,41975,40197,900005,6a22834,v2_nested_200x10,1,1,1,success,70,13.942445664692663,27.36748240720828,9.549383407120294,60,1,30.0,0.45,20.0,1.0,25,1,200,0.002,100,10.0,1.0,0,50,0,0.7142857142857143,0.3599439305074995,-0.70106485353939,2.559220008831195,0.026092858716010688,0.031149536529931587,0.05500221725158168,1.1821661501818452,1.3553578172146366,0.36188068165294013,0.528553431776959,1.0065189662347085,0.9902599768921364,1.0066184945719137,294.4842397140898
1976,41976,40197,900006,6a22834,v2_nested_200x10,1,1,1,success,69,13.660784412249624,22.057629511964322,5.277893172875527,63,1,30.0,0.45,20.0,1.0,25,1,200,0.002,100,10.0,1.0,0,53,0,0.7681159420289855,0.3599439305074995,-0.70106485353939,2.559220008831195,0.026092858716010688,0.031149536529931587,0.05500221725158168,1.1821661501818452,1.3553578172146366,0.36188068165294013,0.528553431776959,1.0065189662347085,0.9902599768921364,1.0066184945719137,293.94918803595544
1977,41977,40197,900007,6a22834,v2_nested_200x10,1,1,1,success,68,11.474019785854413,20.266976400700916,9.913024111080064,62,1,30.0,0.45,20.0,1.0,25,1,200,0.002,100,10.0,1.0,0,52,0,0.7647058823529411,0.3599439305074995,-0.70106485353939,2.559220008831195,0.026092858716010688,0.031149536529931587,0.05500221725158168,1.1821661501818452,1.3553578172146366,0.36188068165294013,0.528553431776959,1.0065189662347085,0.9902599768921364,1.0066184945719137,297.39903795204435
1978,41978,40197,900008,6a22834,v2_nested_200x10,1,1,1,success,67,21.39502881102586,19.77462205037672,7.391933200187289,61,1,30.0,0.45,20.0,1.0,25,1,200,0.002,100,10.0,1.0,0,52,0,0.7761194029850746,0.3599439305074995,-0.70106485353939,2.559220008831195,0.026092858716010688,0.031149536529931587,0.05500221725158168,1.1821661501818452,1.3553578172146366,0.36188068165294013,0.528553431776959,1.0065189662347085,0.9902599768921364,1.0066184945719137,293.45539209264297
1979,41979,40197,900009,6a22834,v2_nested_200x10,1,1,1,success,68,11.392244556668906,18.518375474224825,15.783189875432594,61,1,30.0,0.45,20.0,1.0,25,1,200,0.002,100,10.0,1.0,0,45,0,0.6617647058823529,0.3599439305074995,-0.70106485353939,2.559220008831195,0.026092858716010688,0.031149536529931587,0.05500221725158168,1.1821661501818452,1.3553578172146366,0.36188068165294013,0.528553431776959,1.0065189662347085,0.9902599768921364,1.0066184945719137,297.6686667376722
1980,41980,40198,900000,6a22834,v2_nested_200x10,1,1,1,success,46,11.63254957738211,10.280454551434758,0.10326765693873394,43,1,30.0,0.45,20.0,1.0,25,1,200,0.002,100,10.0,1.0,0,39,0,0.8478260869565217,0.33257689751606145,-0.2076645285648957,2.4159259063933893,0.020605785608702642,0.03496054131882166,0.0766335497990964,1.3583610648629443,0.8119217937505185,0.32793029995117295,0.27866902178677644,1.037756971824517,1.0775033418354363,1.0354361345975422,282.224134892434
1981,41981,40198,900001,6a22834,v2_nested_200x10,1,1,1,success,47,12.047827267408017,11.380253055073448,1.9322817770711938,44,1,30.0,0.45,20.0,1.0,25,1,200,0.002,100,10.0,1.0,0,32,0,0.6808510638297872,0.33257689751606145,-0.2076645285648957,2.4159259063933893,0.020605785608702642,0.03496054131882166,0.0766335497990964,1.3583610648629443,0.8119217937505185,0.32793029995117295,0.27866902178677644,1.037756971824517,1.0775033418354363,1.0354361345975422,283.2447560358376
1982,41982,40198,900002,6a22834,v2_nested_200x10,1,1,1,success,48,10.983593146294563,6.3592249516923625,11.297947034405729,39,1,30.0,0.45,20.0,1.0,25,1,200,0.002,100,10.0,1.0,0,36,0,0.75,0.33257689751606145,-0.2076645285648957,2.4159259063933893,0.020605785608702642,0.03496054131882166,0.0766335497990964,1.3583610648629443,0.8119217937505185,0.32793029995117295,0.27866902178677644,1.037756971824517,1.0775033418354363,1.0354361345975422,282.46413338454784
1983,41983,40198,900003,6a22834,v2_nested_200x10,1,1,1,success,46,7.683211194294569,9.29220438256213,12.471933785644756,40,1,30.0,0.45,20.0,1.0,25,1,200,0.002,100,10.0,1.0,0,32,0,0.6956521739130435,0.33257689751606145,-0.2076645285648957,2.4159259063933893,0.020605785608702642,0.03496054131882166,0.0766335497990964,1.3583610648629443,0.8119217937505185,0.32793029995117295,0.27866902178677644,1.037756971824517,1.0775033418354363,1.0354361345975422,281.3917035272118
1984,41984,40198,900004,6a22834,v2_nested_200x10,1,1,1,success,47,16.79650433339574,8.323285265387863,13.84288605727197,39,1,30.0,0.45,20.0,1.0,25,1,200,0.002,100,10.0,1.0,0,31,0,0.6595744680851063,0.33257689751606145,-0.2076645285648957,2.4159259063933893,0.020605785608702642,0.03496054131882166,0.0766335497990964,1.3583610648629443,0.8119217937505185,0.32793029995117295,0.27866902178677644,1.037756971824517,1.0775033418354363,1.0354361345975422,282.0610299953645
1985,41985,40198,900005,6a22834,v2_nested_200x10,1,1,1,success,47,13.29258338511639,7.834258155201575,21.45880449591062,38,1,30.0,0.45,20.0,1.0,25,1,200,0.002,100,10.0,1.0,0,35,0,0.7446808510638298,0.33257689751606145,-0.2076645285648957,2.4159259063933893,0.020605785608702642,0.03496054131882166,0.0766335497990964,1.3583610648629443,0.8119217937505185,0.32793029995117295,0.27866902178677644,1.037756971824517,1.0775033418354363,1.0354361345975422,281.4390098887405
1986,41986,40198,900006,6a22834,v2_nested_200x10,1,1,1,success,48,12.16747277711914,5.517552280450003,6.1876316984909385,43,1,30.0,0.45,20.0,1.0,25,1,200,0.002,100,10.0,1.0,0,32,0,0.6666666666666666,0.33257689751606145,-0.2076645285648957,2.4159259063933893,0.020605785608702642,0.03496054131882166,0.0766335497990964,1.3583610648629443,0.8119217937505185,0.32793029995117295,0.27866902178677644,1.037756971824517,1.0775033418354363,1.0354361345975422,280.92889854814814
1987,41987,40198,900007,6a22834,v2_nested_200x10,1,1,1,success,46,13.0155234000523,9.821349850696242,21.084045117325914,40,1,30.0,0.45,20.0,1.0,25,1,200,0.002,100,10.0,1.0,0,35,0,0.7608695652173914,0.33257689751606145,-0.2076645285648957,2.4159259063933893,0.020605785608702642,0.03496054131882166,0.0766335497990964,1.3583610648629443,0.8119217937505185,0.32793029995117295,0.27866902178677644,1.037756971824517,1.0775033418354363,1.0354361345975422,281.36192623777305
1988,41988,40198,900008,6a22834,v2_nested_200x10,1,1,1,success,46,15.26615042722912,4.682175314651165,13.291809954716527,40,1,30.0,0.45,20.0,1.0,25,1,200,0.002,100,10.0,1.0,0,35,0,0.7608695652173914,0.33257689751606145,-0.2076645285648957,2.4159259063933893,0.020605785608702642,0.03496054131882166,0.0766335497990964,1.3583610648629443,0.8119217937505185,0.32793029995117295,0.27866902178677644,1.037756971824517,1.0775033418354363,1.0354361345975422,282.3357834076512
1989,41989,40198,900009,6a22834,v2_nested_200x10,1,1,1,success,51,21.641551323261524,2.592889983148352,16.78392114373677,39,1,30.0,0.45,20.0,1.0,25,1,200,0.002,100,10.0,1.0,0,35,0,0.6862745098039216,0.33257689751606145,-0.2076645285648957,2.4159259063933893,0.020605785608702642,0.03496054131882166,0.0766335497990964,1.3583610648629443,0.8119217937505185,0.32793029995117295,0.27866902178677644,1.037756971824517,1.0775033418354363,1.0354361345975422,281.64530631341245
1990,41990,40199,900000,6a22834,v2_nested_200x10,1,1,1,success,65,17.851936597045114,6.759086227356292,7.44806515253126,59,1,30.0,0.45,20.0,1.0,25,1,200,0.002,100,10.0,1.0,0,58,0,0.8923076923076924,0.3032234022606434,-0.7223759807753551,0.5719900024658817,0.025954193971594115,0.03957388930705383,0.099287000003961,1.788220452835126,1.2369926508420535,0.34707458656510504,0.5630879476355071,1.0307373132260371,1.0610316701937408,1.208624831503046,289.7501590439792
1991,41991,40199,900001,6a22834,v2_nested_200x10,1,1,1,success,68,17.9107706960638,25.47963252720956,3.313562117555303,61,1,30.0,0.45,20.0,1.0,25,1,200,0.002,100,10.0,1.0,0,60,0,0.8823529411764706,0.3032234022606434,-0.7223759807753551,0.5719900024658817,0.025954193971594115,0.03957388930705383,0.099287000003961,1.788220452835126,1.2369926508420535,0.34707458656510504,0.5630879476355071,1.0307373132260371,1.0610316701937408,1.208624831503046,290.07093363602996
1992,41992,40199,900002,6a22834,v2_nested_200x10,1,1,1,success,63,8.654375679495953,20.244012928646406,12.706315296941481,58,1,30.0,0.45,20.0,1.0,25,1,200,0.002,100,10.0,1.0,0,55,0,0.873015873015873,0.3032234022606434,-0.7223759807753551,0.5719900024658817,0.025954193971594115,0.03957388930705383,0.099287000003961,1.788220452835126,1.2369926508420535,0.34707458656510504,0.5630879476355071,1.0307373132260371,1.0610316701937408,1.208624831503046,290.07306975264305
1993,41993,40199,900003,6a22834,v2_nested_200x10,1,1,1,success,62,19.075273094402164,20.79910595669271,2.7574493128225264,57,1,30.0,0.45,20.0,1.0,25,1,200,0.002,100,10.0,1.0,0,54,0,0.8709677419354839,0.3032234022606434,-0.7223759807753551,0.5719900024658817,0.025954193971594115,0.03957388930705383,0.099287000003961,1.788220452835126,1.2369926508420535,0.34707458656510504,0.5630879476355071,1.0307373132260371,1.0610316701937408,1.208624831503046,287.9924575347595
1994,41994,40199,900004,6a22834,v2_nested_200x10,1,1,1,success,74,10.432307394203715,31.41893652207047,26.985932839853383,65,1,30.0,0.45,20.0,1.0,25,1,200,0.002,100,10.0,1.0,1,66,0,0.8918918918918919,0.3032234022606434,-0.7223759807753551,0.5719900024658817,0.025954193971594115,0.03957388930705383,0.099287000003961,1.788220452835126,1.2369926508420535,0.34707458656510504,0.5630879476355071,1.0307373132260371,1.0610316701937408,1.208624831503046,285.1534994018016
1995,41995,40199,900005,6a22834,v2_nested_200x10,1,1,1,success,83,5.7036411204171396,20.62475182902879,20.069227689193173,68,1,30.0,0.45,20.0,1.0,25,1,200,0.002,100,10.0,1.0,0,74,0,0.891566265060241,0.3032234022606434,-0.7223759807753551,0.5719900024658817,0.025954193971594115,0.03957388930705383,0.099287000003961,1.788220452835126,1.2369926508420535,0.34707458656510504,0.5630879476355071,1.0307373132260371,1.0610316701937408,1.208624831503046,284.3808191367056
1996,41996,40199,900006,6a22834,v2_nested_200x10,1,1,1,success,62,11.944048757547051,14.441127540472976,5.671792235984937,57,1,30.0,0.45,20.0,1.0,25,1,200,0.002,100,10.0,1.0,0,53,0,0.8548387096774194,0.3032234022606434,-0.7223759807753551,0.5719900024658817,0.025954193971594115,0.03957388930705383,0.099287000003961,1.788220452835126,1.2369926508420535,0.34707458656510504,0.5630879476355071,1.0307373132260371,1.0610316701937408,1.208624831503046,289.9822963863974
1997,41997,40199,900007,6a22834,v2_nested_200x10,1,1,1,success,60,9.07707792551781,13.839264366468226,4.696774550183086,56,1,30.0,0.45,20.0,1.0,25,1,200,0.002,100,10.0,1.0,0,54,0,0.9,0.3032234022606434,-0.7223759807753551,0.5719900024658817,0.025954193971594115,0.03957388930705383,0.099287000003961,1.788220452835126,1.2369926508420535,0.34707458656510504,0.5630879476355071,1.0307373132260371,1.0610316701937408,1.208624831503046,288.97208205698985
1998,41998,40199,900008,6a22834,v2_nested_200x10,1,1,1,success,66,3.895030506197108,29.57410861572012,13.553204583160142,59,1,30.0,0.45,20.0,1.0,25,1,200,0.002,100,10.0,1.0,0,60,0,0.9090909090909091,0.3032234022606434,-0.7223759807753551,0.5719900024658817,0.025954193971594115,0.03957388930705383,0.099287000003961,1.788220452835126,1.2369926508420535,0.34707458656510504,0.5630879476355071,1.0307373132260371,1.0610316701937408,1.208624831503046,288.1552388480797
1999,41999,40199,900009,6a22834,v2_nested_200x10,1,1,1,success,74,8.68943381247268,29.17063409130746,16.608911038941162,60,1,30.0,0.45,20.0,1.0,25,1,200,0.002,100,10.0,1.0,0,68,0,0.918918918918919,0.3032234022606434,-0.7223759807753551,0.5719900024658817,0.025954193971594115,0.03957388930705383,0.099287000003961,1.788220452835126,1.2369926508420535,0.34707458656510504,0.5630879476355071,1.0307373132260371,1.0610316701937408,1.208624831503046,287.76276738419716
