episode,seed,git_hash,cell,success_at_default_tol,grasp,lift,termination,steps,place_err_mm,tcp_err_at_release_mm,scatter_mm,release_step,obj_settled,max_step_dist_mm,action_smoothing,control_hz,max_joint_vel,n_substeps,obs_latency_steps,max_episode_steps,solver_timestep,solver_iterations,solver_impratio,solver_solref_scale,collision_steps,safety_clamped,safety_vetoed,clamp_rate,obj_r,obj_th,obj_yaw,obj_half_w,obj_half_h,obj_mass,mu_obj,mu_table,tgt_r,tgt_th,kp_scale_mean,kv_scale_mean,frictionloss_scale_mean,reward
0,20000,35ace65,v2_solver_dt4ms,1,1,1,success,56,9.254125899851845,22.794946859459337,15.629796973857582,48,1,30.0,0.45,20.0,1.0,12,1,200,0.004,100,10.0,1.0,0,41,0,0.7321428571428571,0.34741104842827836,-0.22488081336703158,-2.9929271661528913,0.021531837245299945,0.030294397008563945,0.031170807889755143,1.4790102422867273,0.6505728288848772,0.36177748880722493,0.553221044270187,1.0058264735349158,0.9790347712109021,1.0068289612867283,282.0940413291633
1,20001,35ace65,v2_solver_dt4ms,1,1,1,success,61,11.251738080888577,14.924655688384549,9.170946393312985,43,1,30.0,0.45,20.0,1.0,12,1,200,0.004,100,10.0,1.0,0,50,0,0.819672131147541,0.3062269708028256,-0.2849828383105404,2.8920743874093615,0.022822678545831112,0.035721230882053055,0.11400167739247835,1.6032712890213876,1.2572543610793447,0.337332175301131,0.4884081377622979,0.9544063031971912,1.062735744498996,1.0891749215866655,278.9660685707567
2,20002,35ace65,v2_solver_dt4ms,1,1,1,success,64,4.579747334501212,10.963639700819353,1.467383442060287,61,1,30.0,0.45,20.0,1.0,12,1,200,0.004,100,10.0,1.0,0,49,0,0.765625,0.37057453779134675,-0.717792457216367,1.7865612530983936,0.02385596414455668,0.037045459966174726,0.09782532932239431,1.9430369836375774,0.7238261602467481,0.3079013259330847,0.23441956706618614,0.9852990289367732,0.9917019533245562,1.0859406203171424,291.98526754877355
3,20003,35ace65,v2_solver_dt4ms,1,1,1,success,65,22.904292613751974,25.89730146802855,4.908564982182944,49,1,30.0,0.45,20.0,1.0,12,1,200,0.004,100,10.0,1.0,0,49,0,0.7538461538461538,0.3312793740982412,-0.49865804500837974,2.290420228048643,0.023147305410518394,0.03609241389326142,0.08943566029444554,1.286961032223358,1.1841329524931838,0.35381132867852483,0.25984727723198925,1.0664166669318604,0.9451551336221603,1.0955363878384492,279.67704977767283
4,20004,35ace65,v2_solver_dt4ms,1,1,1,success,61,8.856707204259406,21.535462468343837,2.5540945326024533,54,1,30.0,0.45,20.0,1.0,12,1,200,0.004,100,10.0,1.0,0,38,0,0.6229508196721312,0.3587775185467205,-0.3710411707197539,-3.036194887059885,0.026126714768515018,0.029807332267738816,0.09443037700668214,1.5428162891128028,1.0913316606286534,0.356187830951595,0.6029860859071946,1.0223682466811943,1.0149774282601849,0.9167070033909217,284.6940165788464
5,20005,35ace65,v2_solver_dt4ms,1,1,1,success,148,15.145729882073125,43.895712651988966,0.15619466057920844,145,1,30.0,0.45,20.0,1.0,12,1,200,0.004,100,10.0,1.0,14,114,0,0.7702702702702703,0.33455991156192477,-0.5668271439135467,2.6091757878817043,0.025294713748749507,0.031089997437608347,0.07181639868093634,1.995463083936362,0.9699935812781522,0.36221794635239496,0.561913769760857,0.9470165784887327,0.9294974156072909,1.08710498577009,261.89658840912585
6,20006,35ace65,v2_solver_dt4ms,1,1,1,success,60,27.834574227237862,23.637996553280683,3.219361730642278,55,1,30.0,0.45,20.0,1.0,12,1,200,0.004,100,10.0,1.0,0,47,0,0.7833333333333333,0.3175161176555032,-0.6903909623638597,-2.2630603092208967,0.022953397961132372,0.03117940827015617,0.04928170781271206,1.7196025253132647,0.6436483383559161,0.3806241673747191,0.24108269586674502,1.025890625926406,1.118790110251128,1.0480395486391612,288.10597800738356
7,20007,35ace65,v2_solver_dt4ms,1,1,1,success,63,18.99677061999049,11.394777799991163,12.544649112859622,53,1,30.0,0.45,20.0,1.0,12,1,200,0.004,100,10.0,1.0,0,44,0,0.6984126984126984,0.3735795635689171,-0.6114608083175758,3.0517696782990216,0.025303080583736808,0.03835861541493824,0.04060365293728486,1.3475430593957396,1.319349972191734,0.3745486645762045,0.3464039398949948,0.9700875517096347,0.989293135885638,1.0888997619524863,287.3973908891019
8,20008,35ace65,v2_solver_dt4ms,1,1,1,success,58,12.18122735906993,16.74486315801476,5.368107140629215,48,1,30.0,0.45,20.0,1.0,12,1,200,0.004,100,10.0,1.0,0,45,0,0.7758620689655172,0.3831813414521932,-0.3565248785997729,1.8798234646220564,0.024451414492418645,0.038503375765708836,0.057525689653307024,1.2298579368012788,1.3901898509710024,0.3367886603067758,0.43946340554021873,1.0871621078117117,1.0233386793326573,0.9119927592223422,284.56544166814683
9,20009,35ace65,v2_solver_dt4ms,1,1,1,success,54,6.528321487453692,16.78723538583556,11.75709720858241,47,1,30.0,0.45,20.0,1.0,12,1,200,0.004,100,10.0,1.0,0,41,0,0.7592592592592593,0.33148061109625215,-0.5135002413416396,-0.05430388239628181,0.0212055825380661,0.030647378773755462,0.056360572246190344,1.9109044961726596,1.1811897387935428,0.3177931208026918,0.29740132466489866,1.023330062290422,0.9950413083480856,1.013051245142633,284.15555774020936
10,20010,35ace65,v2_solver_dt4ms,1,1,1,success,65,27.485458932925642,18.64710359704968,11.275216710465399,60,1,30.0,0.45,20.0,1.0,12,1,200,0.004,100,10.0,1.0,0,41,0,0.6307692307692307,0.3616882582573844,-0.681091855852489,2.6377982724309605,0.023402045706407165,0.03474412539390255,0.031024105831801634,1.7224303206061289,0.7862397836859581,0.36838526233679936,0.2472880155129802,1.1265783680735468,0.8856354983088401,1.0269599102208358,290.1343742593207
11,20011,35ace65,v2_solver_dt4ms,1,1,1,success,62,9.230396894747889,18.51732513658872,11.209960540949595,53,1,30.0,0.45,20.0,1.0,12,1,200,0.004,100,10.0,1.0,0,49,0,0.7903225806451613,0.30796072400955443,-0.5735862389221651,-2.942709445781796,0.025018379346772472,0.03265517157738809,0.10900618202478414,0.915339202582443,1.3947198671285446,0.344981350251621,0.3511978777374453,0.8545821558786886,1.068843870805714,1.2555504151890806,287.78455671403094
12,20012,35ace65,v2_solver_dt4ms,1,1,1,success,67,20.21372965069059,14.865399967837014,6.8103619448892,63,1,30.0,0.45,20.0,1.0,12,1,200,0.004,100,10.0,1.0,0,54,0,0.8059701492537313,0.3027787657668338,-0.537469794853997,-0.0994398452672236,0.021468555201148785,0.03330423344797548,0.07134559693518355,1.833483775146874,0.7230168404297517,0.38760771189580984,0.7220612474741727,1.096025635533396,1.0491444152873122,0.9153065268127303,290.1438735061356
13,20013,35ace65,v2_solver_dt4ms,1,1,1,success,53,16.284746711665232,9.246240242769678,10.92383307105553,47,1,30.0,0.45,20.0,1.0,12,1,200,0.004,100,10.0,1.0,0,40,0,0.7547169811320755,0.3724741676704243,-0.28390675448755265,-2.9437136297151567,0.024013338352617007,0.033011728038667976,0.05151661745699327,1.3878070100382844,0.7252994686540178,0.32648787146957015,0.24172218062926829,1.0502836208460624,1.0465087269015014,1.1044841709672275,280.42094760615095
14,20014,35ace65,v2_solver_dt4ms,1,1,1,success,81,4.3048866347358254,12.993373730265338,8.786284410099531,63,1,30.0,0.45,20.0,1.0,12,1,200,0.004,100,10.0,1.0,0,60,0,0.7407407407407407,0.3739767445595336,-0.506804665954125,-1.612806258815425,0.02290031849126011,0.040116136551893916,0.08190770223850366,0.8416330589674149,0.9379061479829542,0.3690619602609497,0.4945940594508427,1.0960995847943413,1.0888491617245524,0.9473029213254751,286.6520676179485
15,20015,35ace65,v2_solver_dt4ms,1,1,1,success,62,14.421276506023645,22.00231853201007,12.780886415593793,53,1,30.0,0.45,20.0,1.0,12,1,200,0.004,100,10.0,1.0,0,46,0,0.7419354838709677,0.35457233324807247,-0.26606406393007304,-2.165457995616669,0.021566604821269042,0.03850776485196188,0.11142912002754117,1.4826699952871643,0.9018239289857655,0.32519713513337223,0.5936680640962836,1.0544106975319631,1.0757236961360304,1.0714789212418834,286.6861347142949
16,20016,35ace65,v2_solver_dt4ms,1,1,1,success,61,18.570213524883183,14.717562550683137,8.639645598622124,53,1,30.0,0.45,20.0,1.0,12,1,200,0.004,100,10.0,1.0,0,44,0,0.7213114754098361,0.33962100999744416,-0.7089092419355476,1.8906246449617505,0.02523906249671622,0.039927171459636875,0.04827552294123779,1.49749863766593,0.825392165188036,0.381576525558742,0.23167514971312245,1.0870964777641696,1.0407829478642674,1.1427860502433935,287.99834932107734
17,20017,35ace65,v2_solver_dt4ms,0,1,0,unsafe,68,98.71381077591326,86.09614068716093,44.200763381614784,59,0,30.0,0.45,20.0,1.0,12,1,200,0.004,100,10.0,1.0,0,61,0,0.8970588235294118,0.34162745587426774,-0.34793237502462454,0.9721865780409393,0.0204048488969985,0.03751605909214376,0.09469843160845634,1.7785698034230877,1.2945995189735893,0.33819200019856166,0.5027446364435085,0.9848852398199667,1.0860327037934498,1.0257780007400685,12.311233704024097
18,20018,35ace65,v2_solver_dt4ms,1,1,1,success,68,20.201042544484586,23.233296885194896,0.3276180381090637,65,1,30.0,0.45,20.0,1.0,12,1,200,0.004,100,10.0,1.0,0,54,0,0.7941176470588235,0.33538763029975066,-0.47909751775429693,0.3763281818382538,0.02265292074350739,0.03231848832186626,0.07495613156471995,1.0461426461010033,1.1477878157738841,0.35087573377487347,0.6048838602813331,1.0206275976295964,1.1223927938677705,0.9655389581926255,285.4899024355196
19,20019,35ace65,v2_solver_dt4ms,1,1,1,success,66,23.162418728557462,18.69126869860766,4.177686628725071,58,1,30.0,0.45,20.0,1.0,12,1,200,0.004,100,10.0,1.0,0,48,0,0.7272727272727273,0.30969652115948404,-0.518681064353861,-2.7039095712061436,0.02598374244162877,0.03541541012605098,0.037735021258659344,1.545383651341784,0.8607161120738906,0.3651617040093613,0.646753145945102,0.9622151328403511,1.0275721647012237,0.9113677659107975,287.10954814459956
20,20020,35ace65,v2_solver_dt4ms,1,1,1,success,60,23.17683561145066,10.260280273962366,10.946813128940393,55,1,30.0,0.45,20.0,1.0,12,1,200,0.004,100,10.0,1.0,0,46,0,0.7666666666666667,0.3334650170096582,-0.419129876785071,-1.1136627522813298,0.027003957323482538,0.03038295022610122,0.08461734712024477,1.3002420691408691,1.1014000799941295,0.36222819427021397,0.7029002154862343,1.077683315041039,1.0014976378164577,1.0508846399854737,286.511605988767
21,20021,35ace65,v2_solver_dt4ms,1,1,1,success,64,12.231208579543077,20.448058235548288,9.281835751367536,58,1,30.0,0.45,20.0,1.0,12,1,200,0.004,100,10.0,1.0,0,49,0,0.765625,0.3191980901252559,-0.5537455236939821,-1.894139358876947,0.021493734781512466,0.03026781021334221,0.09960910422534253,1.909797528957525,0.789832051914408,0.36847669327032306,0.46842653912074805,1.0126000123888297,1.013703011740756,1.0299858437380922,289.1645555010187
22,20022,35ace65,v2_solver_dt4ms,1,1,1,success,59,18.84208605828687,13.265747636418615,14.694274138187772,49,1,30.0,0.45,20.0,1.0,12,1,200,0.004,100,10.0,1.0,0,43,0,0.7288135593220338,0.34173888458451224,-0.3001289062683206,-1.8961883460951259,0.020609231876038817,0.03276232802648361,0.05121239110866416,1.1122495720509886,0.641149711673943,0.36678409065628415,0.5444236853246154,1.0240879310737958,1.0192749413933422,1.0317024858023562,287.3829244459382
23,20023,35ace65,v2_solver_dt4ms,0,1,0,timeout,200,71.10713972138817,33.17153886051069,52.14169869837925,60,1,30.0,0.45,20.0,1.0,12,1,200,0.004,100,10.0,1.0,0,187,0,0.935,0.37117159567493774,-0.281314510069002,0.36401204963063627,0.027304545966242193,0.03165981339384544,0.03725382703191663,1.964499779751014,1.2907623586333825,0.3169185867732559,0.511647608790335,1.054966272019345,1.0235683325673413,1.2221506885633453,42.59074379666514
24,20024,35ace65,v2_solver_dt4ms,1,1,1,success,56,8.016602178777822,10.613902589054636,1.1653350492132255,50,1,30.0,0.45,20.0,1.0,12,1,200,0.004,100,10.0,1.0,0,47,0,0.8392857142857143,0.301735186476134,-0.23154168296027638,-1.5592964217322551,0.02425216152720162,0.03183499198105888,0.08276992693870533,1.821122350584654,1.2264255442628569,0.33974620128960187,0.6971673644283741,1.0446301524614878,1.0681711253976054,1.035197083164583,284.64760377878036
25,20025,35ace65,v2_solver_dt4ms,1,1,1,success,70,26.21302889355928,8.374334560541547,5.421135438515266,65,1,30.0,0.45,20.0,1.0,12,1,200,0.004,100,10.0,1.0,0,53,0,0.7571428571428571,0.34204180028946196,-0.6618531755295733,-0.346124235154305,0.023617897392554085,0.030605097796053117,0.033258464235159345,0.9641818955654102,1.1273409958744334,0.32582243485986634,0.5343821194627115,0.9799327699157667,1.0536354215889607,0.797237221419697,290.2507443975896
26,20026,35ace65,v2_solver_dt4ms,1,1,1,success,74,10.312606178559639,28.979805048453176,10.494147104611756,68,1,30.0,0.45,20.0,1.0,12,1,200,0.004,100,10.0,1.0,0,67,0,0.9054054054054054,0.3296079359954176,-0.39983387537107407,-2.753233765066632,0.027046034219522532,0.035816471761784645,0.06376476657594107,1.3582466227146754,0.6120432518508957,0.3779569108393297,0.6659921896490285,1.0303808532805963,0.9929778703868707,1.211087896090353,280.1688732631404
27,20027,35ace65,v2_solver_dt4ms,1,1,1,success,57,11.655368388679145,14.472945869101448,11.894113948520827,50,1,30.0,0.45,20.0,1.0,12,1,200,0.004,100,10.0,1.0,0,51,0,0.8947368421052632,0.3413486785786675,-0.44221632383983783,-1.6767876830777442,0.02127866168886567,0.03367951167819175,0.049337698034994354,1.1331267853835838,0.8462510298768531,0.31055853374488723,0.3904798592780758,1.028576489693511,1.0349354142123155,0.9983001651072732,283.69535705387614
28,20028,35ace65,v2_solver_dt4ms,1,1,1,success,102,18.53909537474445,21.675814415867055,2.8800078995117833,56,1,30.0,0.45,20.0,1.0,12,1,200,0.004,100,10.0,1.0,0,96,0,0.9411764705882353,0.3162405961778947,-0.36001952038889073,1.3400735905564014,0.02144865462013035,0.03486444832003453,0.07945814554591271,1.9820746560856761,1.2385844329202738,0.3305041246244575,0.19382137643629294,0.9835291345060904,0.9837097338709253,0.8627224318067792,272.04536558660874
29,20029,35ace65,v2_solver_dt4ms,1,1,1,success,65,15.002681127471389,20.990473865497368,5.271879314682784,59,1,30.0,0.45,20.0,1.0,12,1,200,0.004,100,10.0,1.0,0,50,0,0.7692307692307693,0.31293833197577875,-0.6710880166121812,0.9195391928863348,0.02330498641298929,0.031516919687684074,0.04668461002905121,1.5334359978193592,1.1869434626965476,0.3719401751123277,0.39269363718567885,1.0253446369097532,1.0628862907589263,0.9732055755928797,289.0255408632606
30,20030,35ace65,v2_solver_dt4ms,1,1,1,success,50,16.40901622013129,15.026452707626431,3.8244922196095166,39,1,30.0,0.45,20.0,1.0,12,1,200,0.004,100,10.0,1.0,0,41,0,0.82,0.33245364827301105,-0.41816146679441435,1.6907822101623928,0.022812340209973175,0.03953719494370477,0.11780238016692954,0.9241569578618631,1.1749548548349906,0.3627007871070931,0.19379862199745845,1.0324855148106444,0.9542083746730877,0.9473792436663839,280.56218403348225
31,20031,35ace65,v2_solver_dt4ms,1,1,1,success,61,12.408116824543857,8.90603618939856,12.949040256030003,53,1,30.0,0.45,20.0,1.0,12,1,200,0.004,100,10.0,1.0,0,44,0,0.7213114754098361,0.3697571934384323,-0.3474297820681377,1.7967869505964629,0.024943271051875212,0.03459363024226044,0.06483808903420307,1.584168711028378,1.1410367626931754,0.34424685550910095,0.668408901111654,1.062355921033572,1.0767139820302716,1.0891015545423732,288.6771917330534
32,20032,35ace65,v2_solver_dt4ms,1,1,1,success,70,9.395432652692778,18.820826203693812,8.233179124858797,56,1,30.0,0.45,20.0,1.0,12,1,200,0.004,100,10.0,1.0,0,60,0,0.8571428571428571,0.32998716260656547,-0.5991238006357996,-0.05188386498695552,0.020847919520456976,0.03533969884243581,0.11701987053392643,1.8004596956289312,1.387382326195156,0.33128669470256206,0.724531533145819,1.0068378001774498,1.0833114265413533,1.013430393007948,290.00945200360434
33,20033,35ace65,v2_solver_dt4ms,1,1,1,success,55,22.985885408282744,22.005529238203188,7.506795029609616,50,1,30.0,0.45,20.0,1.0,12,1,200,0.004,100,10.0,1.0,0,42,0,0.7636363636363637,0.35625431941959473,-0.5764093414146412,-1.4065947545956743,0.025830324968642314,0.030655655952754823,0.07439245033598277,0.9232249508069169,0.9420297587818982,0.38746790357539307,0.19016346046335414,1.0735704892771794,1.008704321617642,1.104537322238103,287.1295512380393
34,20034,35ace65,v2_solver_dt4ms,1,1,1,success,53,12.049247430456713,12.900259222896384,4.7215334599501535,46,1,30.0,0.45,20.0,1.0,12,1,200,0.004,100,10.0,1.0,0,44,0,0.8301886792452831,0.30003017361498524,-0.4700059350473292,-0.12787029091465651,0.025088671609678807,0.03402158825373002,0.10241963548631594,1.10790712584778,1.0697726267705239,0.31759955615063135,0.43219363340690564,1.0180140092206602,0.9200519626237763,1.1380137039340912,281.47737591972003
35,20035,35ace65,v2_solver_dt4ms,1,1,1,success,71,6.82679973586383,4.540852649775646,6.675393081501971,60,1,30.0,0.45,20.0,1.0,12,1,200,0.004,100,10.0,1.0,0,51,0,0.7183098591549296,0.357426650931662,-0.578451265552722,-2.829907418474223,0.024095196355059852,0.03738130175701559,0.04583460215267843,1.386714667522875,0.8380203760910881,0.310875214495532,0.40497791060155863,1.0446487995436062,1.0073689101491081,1.0496716902654009,287.3660654197954
36,20036,35ace65,v2_solver_dt4ms,1,1,1,success,46,23.755304319584546,10.79971979542597,1.010748592876411,40,1,30.0,0.45,20.0,1.0,12,1,200,0.004,100,10.0,1.0,0,32,0,0.6956521739130435,0.3657252335238418,-0.18981937724780906,-0.08177099118878184,0.025949284527214084,0.035636092503798816,0.11309735311019271,1.3397949953701676,0.604773134946328,0.3326466069558981,0.17543455647884623,1.072335884326793,1.048892902632062,1.2857294933498364,277.0859873846575
37,20037,35ace65,v2_solver_dt4ms,0,0,0,timeout,200,292.07981601152204,nan,nan,-1,1,30.0,0.45,20.0,1.0,12,1,200,0.004,100,10.0,1.0,0,191,0,0.955,0.3895127371377926,-0.5578958320736802,1.7067359158343542,0.026356370066843125,0.03671170688417379,0.03364592691411494,1.450140212704171,1.3056436027466507,0.31220307472885744,0.17862711711305848,1.0585373445424175,1.0546861735293456,0.975394661758707,-17.01529104620847
38,20038,35ace65,v2_solver_dt4ms,1,1,1,success,95,16.413864417852288,27.588673100752825,6.54189124881099,62,1,30.0,0.45,20.0,1.0,12,1,200,0.004,100,10.0,1.0,1,79,0,0.8315789473684211,0.3744468399758505,-0.6645184865263982,0.6118055959300444,0.021166695768693396,0.03796114836917449,0.08067217592893589,0.9674128423520448,0.6903800696031057,0.38875715545891854,0.5310314458275623,1.1290226539597203,0.9529221997230716,1.1168265462462812,292.4772470945872
39,20039,35ace65,v2_solver_dt4ms,1,1,1,success,51,10.747868189730902,18.357263502255456,7.635412824718308,44,1,30.0,0.45,20.0,1.0,12,1,200,0.004,100,10.0,1.0,0,37,0,0.7254901960784313,0.3765295086684626,-0.4361071682733664,0.8074845692611561,0.023799227150208428,0.030211122970982343,0.08523750292313623,1.1008442882199532,1.366842054898276,0.3537928410047578,0.31358251875634907,1.0033014248742418,1.0235499340310983,0.8831305721283177,281.9215841655919
40,20040,35ace65,v2_solver_dt4ms,1,1,1,success,56,13.167481463240419,26.520613340832977,5.843577148123376,48,1,30.0,0.45,20.0,1.0,12,1,200,0.004,100,10.0,1.0,0,49,0,0.875,0.37750231411763313,-0.4604026429173097,-2.8436699709934135,0.02276303339559274,0.036318598669040816,0.03508720463746052,1.0805441551519888,0.9453491977845994,0.36797332041401615,0.31654853927452936,1.0027311796604854,1.0406355895979824,1.0334382372820026,285.2378112276679
41,20041,35ace65,v2_solver_dt4ms,0,0,0,timeout,200,428.33004119036707,nan,nan,-1,0,30.0,0.45,20.0,1.0,12,1,200,0.004,100,10.0,1.0,0,191,0,0.955,0.38090368994033075,-0.24401072896657744,-1.9573619345711624,0.02700319878796693,0.03815143237415758,0.09860562099832604,1.2791333937562703,0.6302489377213076,0.3543642320193032,0.6318771009779807,1.0904495990487764,1.0716721458827771,1.1532178924260195,-13.452738577649404
42,20042,35ace65,v2_solver_dt4ms,1,1,1,success,60,6.920959414283537,18.745012946403733,5.12006331276993,55,1,30.0,0.45,20.0,1.0,12,1,200,0.004,100,10.0,1.0,0,33,0,0.55,0.36890730352164053,-0.5916827160959064,0.3815487617883737,0.025090316191108044,0.03408473933710075,0.03541273694821948,1.151027059474191,0.8443825066856736,0.37394307485100586,0.40299788031092115,0.9889181083008999,1.0425262547756133,1.1769456432883392,290.58939951674733
43,20043,35ace65,v2_solver_dt4ms,1,1,1,success,50,15.051283701502012,16.342372847995165,8.418626579509466,44,1,30.0,0.45,20.0,1.0,12,1,200,0.004,100,10.0,1.0,0,42,0,0.84,0.3519144504619053,-0.48927974388137435,-2.144422050264558,0.024131000740716838,0.036443266908339836,0.07600755762316824,1.7132007262141562,1.3228578297241669,0.3381045782016198,0.30865507585867097,0.949801418989513,1.1104488039316767,0.8663255253996373,284.174288535216
44,20044,35ace65,v2_solver_dt4ms,1,1,1,success,63,17.68412847387843,22.621880315644336,3.423150452188803,56,1,30.0,0.45,20.0,1.0,12,1,200,0.004,100,10.0,1.0,0,49,0,0.7777777777777778,0.3509950838793419,-0.6007987279582432,2.2694539354122165,0.026732227128723703,0.033451922887470675,0.0535852352792827,1.001839827105824,1.2051605066275566,0.3746204257509961,0.37073224787664266,0.9884891061427188,1.0346076250624858,1.0992166251424802,286.951596678313
45,20045,35ace65,v2_solver_dt4ms,1,1,1,success,61,17.2433923382217,18.248379194212994,13.552838428048544,56,1,30.0,0.45,20.0,1.0,12,1,200,0.004,100,10.0,1.0,0,44,0,0.7213114754098361,0.31075737392330993,-0.6162277878792971,2.65121181274547,0.023618405357057178,0.03548293802799441,0.07552179111003769,1.135629429996031,1.3751359737361397,0.32251799461257846,0.5707343219001116,1.040187176079419,0.9147706930444516,1.1172092075204048,287.9670318195283
46,20046,35ace65,v2_solver_dt4ms,0,1,0,timeout,200,103.42023844540489,78.54178310755836,4.7193131822407945,59,1,30.0,0.45,20.0,1.0,12,1,200,0.004,100,10.0,1.0,0,190,0,0.95,0.31987405760303045,-0.6025895064830252,1.4178885421272502,0.02170408161725419,0.032894530183652675,0.03647881357195059,1.5254691141858199,1.3097276765257475,0.3584885324011349,0.468340580510206,0.9972456109458897,0.9911924309812099,0.957899224726231,34.735744204418985
47,20047,35ace65,v2_solver_dt4ms,1,1,1,success,68,19.767335028378845,20.487938338337717,5.411805484571675,61,1,30.0,0.45,20.0,1.0,12,1,200,0.004,100,10.0,1.0,0,50,0,0.7352941176470589,0.3365420146580196,-0.6721277918760001,-1.5001895470929454,0.02333490775297096,0.03174993943516102,0.0796325907883478,0.9627927418361191,0.9639831816244278,0.3586633646836098,0.674573595429091,1.013523032656823,1.0363477105860004,0.9180765416138325,294.178687129722
48,20048,35ace65,v2_solver_dt4ms,1,1,1,success,60,17.2419027255397,6.864777963640367,13.916571655047637,44,1,30.0,0.45,20.0,1.0,12,1,200,0.004,100,10.0,1.0,0,49,0,0.8166666666666667,0.3394601179236369,-0.2447511685322813,2.828748176222918,0.02526236774269189,0.0380646279674167,0.10906653308841141,1.148243629680598,0.7557933294449272,0.32303897119992125,0.36753287069918994,0.925952385114128,1.0233773899407017,1.1091210328817604,281.10839624839144
49,20049,35ace65,v2_solver_dt4ms,1,1,1,success,52,16.863768519233883,4.746925760966958,2.1254764936310933,47,1,30.0,0.45,20.0,1.0,12,1,200,0.004,100,10.0,1.0,0,44,0,0.8461538461538461,0.3100326729310319,-0.4105190684956681,-1.5507260919810633,0.02099149474768761,0.03535249170649118,0.1058474807086301,1.0368465677829146,1.103582919481429,0.377516988507217,0.17930728838237203,1.0170832124444187,1.0443848323285159,0.9822644210847451,279.7278013977558
50,20050,35ace65,v2_solver_dt4ms,1,1,1,success,63,11.56299964092243,11.386154948708167,16.365847514864043,53,1,30.0,0.45,20.0,1.0,12,1,200,0.004,100,10.0,1.0,0,49,0,0.7777777777777778,0.3650508201006661,-0.6550375087739327,-0.752919142349747,0.024239164927024156,0.03505246630492512,0.11234444999842752,1.2563852482703923,0.9684551454279746,0.3416250954105796,0.2788358432904111,0.946577528194643,0.9314013211359887,0.9985535703711166,290.77441111145765
51,20051,35ace65,v2_solver_dt4ms,1,1,1,success,68,14.278553564238479,20.28587313603523,8.502388804096531,63,1,30.0,0.45,20.0,1.0,12,1,200,0.004,100,10.0,1.0,0,50,0,0.7352941176470589,0.30909342936772677,-0.7192128394587071,-0.112109739721308,0.02537875388454335,0.03150559706435234,0.053783078348016634,1.6825777759950533,1.121840306088449,0.38441775946766693,0.5945460862787961,1.0433043383756728,1.0554493196060784,0.8358100140462063,291.86865612742963
52,20052,35ace65,v2_solver_dt4ms,1,1,1,success,62,17.02694791572301,16.56435374120241,15.292404845373797,53,1,30.0,0.45,20.0,1.0,12,1,200,0.004,100,10.0,1.0,0,38,0,0.6129032258064516,0.3751540954182259,-0.2643266663122,1.62606906662148,0.022212420142160547,0.03255238078656033,0.10513360184898302,1.1424182551082218,0.8051367847611001,0.3230058696273643,0.6322799117404482,1.03504211024396,0.8998308823601052,0.9908403594084579,287.0743951302434
53,20053,35ace65,v2_solver_dt4ms,1,1,1,success,70,23.927695497203604,32.037062525429704,1.3195080380132238,61,1,30.0,0.45,20.0,1.0,12,1,200,0.004,100,10.0,1.0,0,53,0,0.7571428571428571,0.37947704834772894,-0.7030261807265388,0.5410817159260017,0.023437260015093154,0.033264681850449423,0.11962584480725305,1.5017002082479924,1.3580369822848324,0.3546587338591987,0.536801634299794,1.0755664022414153,1.097660609427139,1.0705069319798848,294.01131986412287
54,20054,35ace65,v2_solver_dt4ms,1,1,1,success,74,20.3943928228023,16.14801719538234,17.688534669565204,68,1,30.0,0.45,20.0,1.0,12,1,200,0.004,100,10.0,1.0,4,60,0,0.8108108108108109,0.38555762520947906,-0.5236386574199066,1.3146326134553457,0.02328441933686377,0.03630559450921647,0.05765410928544475,0.8624397397853535,1.210192187743218,0.356516793143366,0.674979880742656,1.0491374577752002,1.0430468518989704,1.113495674642329,286.7158082342829
55,20055,35ace65,v2_solver_dt4ms,1,1,1,success,63,9.85750630845035,8.045826622749244,9.647499415163418,52,1,30.0,0.45,20.0,1.0,12,1,200,0.004,100,10.0,1.0,0,50,0,0.7936507936507936,0.3259019120518869,-0.6759994169605895,0.12044566689216518,0.024237855667898583,0.0385565699849774,0.11670533099298179,1.3758971255346113,1.3321503182035834,0.34055349936088986,0.2094923954408796,0.9867508987048845,1.0637062453703505,1.021941747002455,285.0182095544463
56,20056,35ace65,v2_solver_dt4ms,1,1,1,success,64,18.909053446676694,13.331524769208642,6.720663681090193,57,1,30.0,0.45,20.0,1.0,12,1,200,0.004,100,10.0,1.0,0,48,0,0.75,0.33771306357272196,-0.4150849293172625,-1.370376743322871,0.022101640473669925,0.03071066434957879,0.037739207006467886,1.3194799406781552,0.6945571265270343,0.37790807301109824,0.589843214733593,0.9845597074856959,1.0538687861704252,0.9207998639071122,287.4732016266695
57,20057,35ace65,v2_solver_dt4ms,1,1,1,success,60,16.516435445919555,19.108170767837482,5.562124403691334,52,1,30.0,0.45,20.0,1.0,12,1,200,0.004,100,10.0,1.0,0,50,0,0.8333333333333334,0.35381538248073385,-0.40244060125484465,1.7294198326391959,0.026664226902135865,0.03616620376287019,0.11256739586419595,1.1793929292203178,1.125120859043772,0.33350232560428716,0.6030222663099364,1.0268115886206404,1.0152546239265017,1.0164962051641784,286.27358331815014
58,20058,35ace65,v2_solver_dt4ms,1,1,1,success,53,12.258074729068595,23.783109016219534,8.783975703390894,46,1,30.0,0.45,20.0,1.0,12,1,200,0.004,100,10.0,1.0,0,45,0,0.8490566037735849,0.34202246140265424,-0.27448008509775207,-1.3657410081776187,0.026196535323018265,0.0360770345527536,0.07154010564196608,1.0136447662993224,1.1845972675471734,0.38676332849681405,0.494656363688487,1.0409615130841257,1.068503725112128,1.2636432640960873,280.0657262373111
59,20059,35ace65,v2_solver_dt4ms,1,1,1,success,61,10.887242522915937,10.418387192190666,4.667667725258695,56,1,30.0,0.45,20.0,1.0,12,1,200,0.004,100,10.0,1.0,0,48,0,0.7868852459016393,0.3229385761466139,-0.7153981067551177,-0.3261421958779147,0.022823784666587178,0.033960152711307076,0.033117146662453224,1.8225249043878433,1.0254332543310691,0.37924054788158995,0.3124878609882877,1.0313867003096038,0.9584595764910738,1.1811849750004053,290.23811583402806
60,20060,35ace65,v2_solver_dt4ms,1,1,1,success,59,5.502931392598849,3.873089342601872,13.993889540415504,39,1,30.0,0.45,20.0,1.0,12,1,200,0.004,100,10.0,1.0,0,48,0,0.8135593220338984,0.3548368275906099,-0.21758986043092954,-2.03796631293154,0.02115961460607084,0.03859055021500729,0.06344961743440197,1.6538533622585174,0.7080721094441718,0.32650248886974625,0.3758806728906736,0.9472846215162718,0.9823449649984812,1.3219532100442069,279.8293950846106
61,20061,35ace65,v2_solver_dt4ms,1,1,1,success,48,17.18647193071798,16.39918177081648,9.094519219438217,41,1,30.0,0.45,20.0,1.0,12,1,200,0.004,100,10.0,1.0,0,33,0,0.6875,0.3485683020693639,-0.30418698605636457,1.6123540408491959,0.02416457314485642,0.03406902305261446,0.06214493204457888,0.8953400270249892,0.8149184693399109,0.36611800669494254,0.28648367669061436,1.0553905276994189,0.9938789376410694,0.9885816832124295,281.8401895182207
62,20062,35ace65,v2_solver_dt4ms,0,1,0,timeout,200,264.13479635562453,nan,nan,-1,1,30.0,0.45,20.0,1.0,12,1,200,0.004,100,10.0,1.0,0,181,0,0.905,0.3316152993616088,-0.6436833198713715,2.8783321984167296,0.020861597204357332,0.03286202692680918,0.11262339408118276,1.893063855507857,0.6506342029079522,0.3843255220994561,0.19344289760830963,1.0613986274598213,1.0686167751440039,1.0136415268249586,-20.974680129035136
63,20063,35ace65,v2_solver_dt4ms,0,1,0,timeout,200,56.36383282308516,10.909087203067186,39.2043939089921,72,0,30.0,0.45,20.0,1.0,12,1,200,0.004,100,10.0,1.0,2,184,0,0.92,0.3773234905023354,-0.4101242833824575,2.7176992778673545,0.025849240365889252,0.039327112899037585,0.037414650543381084,1.6777262939194397,0.9196969465268044,0.33069403358696375,0.48374950168252884,1.0033504440097685,0.9894944889255946,0.945179069871843,45.332493194866316
64,20064,35ace65,v2_solver_dt4ms,1,1,1,success,118,37.00402191366498,4.330558736242794,12.625930671645062,50,1,30.0,0.45,20.0,1.0,12,1,200,0.004,100,10.0,1.0,0,93,0,0.788135593220339,0.33099688686518897,-0.49846650947595894,1.0444845849605633,0.027061127210778385,0.03021666504892518,0.048738545374640674,1.6741355199136727,0.7938632690029476,0.31495777264319497,0.1863063985419351,1.0913746149464196,1.0489204866213135,1.0431572210108948,268.6184875031662
65,20065,35ace65,v2_solver_dt4ms,0,1,0,timeout,200,40.9462061541847,73.02040205411305,38.93965246655067,58,1,30.0,0.45,20.0,1.0,12,1,200,0.004,100,10.0,1.0,0,190,0,0.95,0.36292451385172686,-0.2506785891124015,-2.838927274781059,0.023371742040701523,0.030296203953017638,0.094451259690404,0.9725167523232463,0.6370268326716461,0.361685172569235,0.7089222999297738,1.0757845065401905,0.9954180522449446,0.9950598352631079,55.73374151010802
66,20066,35ace65,v2_solver_dt4ms,1,1,1,success,59,20.383298238441004,29.70606981343392,10.36030354238871,52,1,30.0,0.45,20.0,1.0,12,1,200,0.004,100,10.0,1.0,0,46,0,0.7796610169491526,0.375862394232104,-0.2947269934365438,1.6156171472292256,0.027209872150472242,0.034982864214689983,0.0547089764381338,1.5448107234215254,0.7798442117974862,0.3762560115137703,0.6201493746060286,1.0539540107346277,1.0492508298909489,1.1086996981615291,271.6571718267289
67,20067,35ace65,v2_solver_dt4ms,1,1,1,success,60,27.36271446032848,11.767729279286497,14.370088120140347,49,1,30.0,0.45,20.0,1.0,12,1,200,0.004,100,10.0,1.0,0,41,0,0.6833333333333333,0.33242152500803207,-0.5749172465017528,-0.46982124065103203,0.024046629404966116,0.031425090291402065,0.08568602405605916,0.9896474032649698,0.7108620347485103,0.3316435182881626,0.35817075844543655,1.0071041346022243,1.0732576248188264,1.0324502469779018,285.64402357163107
68,20068,35ace65,v2_solver_dt4ms,1,1,1,success,103,10.393933481029668,14.68352335275588,9.030501805598853,48,1,30.0,0.45,20.0,1.0,12,1,200,0.004,100,10.0,1.0,0,81,0,0.7864077669902912,0.33723724327575827,-0.6256118851930701,-2.9100874208499126,0.020610619417552108,0.037699161776193216,0.10897914609873569,1.3137977186175944,1.1738765615598954,0.3214516465017296,0.38988453210800905,1.0649712869606514,0.9904058980040447,0.9208851667165638,281.3446288026641
69,20069,35ace65,v2_solver_dt4ms,1,1,1,success,51,16.543017904004493,21.554669004885596,0.8201798344070328,48,1,30.0,0.45,20.0,1.0,12,1,200,0.004,100,10.0,1.0,0,38,0,0.7450980392156863,0.33135288747521957,-0.30896240488795135,-0.24316553998614943,0.022884193016875956,0.02990123898212191,0.11056237559812662,1.4282207226949022,1.0725787594935614,0.35797638254612163,0.32829497884034037,1.0318809837638807,1.0492808452152251,1.0631960565274299,282.7424503757005
70,20070,35ace65,v2_solver_dt4ms,1,1,1,success,50,14.504268328837416,8.60975232308746,30.239249573809435,43,1,30.0,0.45,20.0,1.0,12,1,200,0.004,100,10.0,1.0,0,37,0,0.74,0.3816471249972482,-0.25828466420916396,-0.45124195151832813,0.025289856177016738,0.036782227017996695,0.06103357887393463,1.9049969460175025,0.7591862005603667,0.30452584303332547,0.3933122091806369,1.086277323187441,0.9927659808166397,0.944371587143307,272.9458398266269
71,20071,35ace65,v2_solver_dt4ms,1,1,1,success,68,15.649624419349843,16.14852773813401,11.083995675285186,61,1,30.0,0.45,20.0,1.0,12,1,200,0.004,100,10.0,1.0,0,55,0,0.8088235294117647,0.37937098027762217,-0.24212915642565347,-2.923670639483609,0.020470740316065796,0.037521189550461666,0.1045614625970878,1.9657195890439685,1.3734053959541404,0.36677468563767657,0.6954302910592506,0.9368898704486152,0.9180270695316702,1.1405077373152595,286.50293383579043
72,20072,35ace65,v2_solver_dt4ms,1,1,1,success,63,20.374385515856833,32.922733302198054,14.99495842782576,56,1,30.0,0.45,20.0,1.0,12,1,200,0.004,100,10.0,1.0,0,59,0,0.9365079365079365,0.3744957035343626,-0.4659114952725477,-0.10905760338609527,0.02651624515532134,0.03164703251885533,0.03093954498030586,1.2276618898173497,0.8187026065273706,0.36281198981555834,0.6204953018739853,1.070292654307612,0.9878985876393215,1.1057053617253447,289.20204609232195
73,20073,35ace65,v2_solver_dt4ms,1,1,1,success,84,28.15653656313109,13.945840977508775,15.493156494633475,60,1,30.0,0.45,20.0,1.0,12,1,200,0.004,100,10.0,1.0,0,63,0,0.75,0.31369389345971904,-0.2523309639289963,-2.914334678531297,0.020810572535074748,0.03917754680978724,0.08786876383974332,1.8068050217930758,1.1789047587641484,0.38686492974203257,0.3010387929225755,0.9221765059887633,0.9810982701485627,1.0526972629211346,274.7798357464839
74,20074,35ace65,v2_solver_dt4ms,1,1,1,success,56,12.106212532716945,23.399417745409167,18.132943372601044,48,1,30.0,0.45,20.0,1.0,12,1,200,0.004,100,10.0,1.0,0,41,0,0.7321428571428571,0.3093997723483675,-0.4826969500105713,-3.1039693065899714,0.024789821147376757,0.031702703351132754,0.06682994772673029,1.3428675391627976,1.275191870500672,0.3192776053140305,0.4589838421524161,1.046894617756699,0.9854089969740346,0.9869143581857289,283.01868667717576
75,20075,35ace65,v2_solver_dt4ms,1,1,1,success,57,12.156716596312611,5.690777026721262,0.5620761117425148,54,1,30.0,0.45,20.0,1.0,12,1,200,0.004,100,10.0,1.0,0,45,0,0.7894736842105263,0.3481918524571639,-0.47368777999762174,-2.137986333033239,0.02395258802608841,0.03145138082020392,0.04912791741814741,1.1301393256759393,0.7490665405852406,0.30753924004569866,0.35940802890329526,0.9945020479577444,1.0312335705759814,0.8982150522428497,284.3706527925152
76,20076,35ace65,v2_solver_dt4ms,1,1,1,success,77,21.27038975381253,28.378206795911574,6.8214327968066675,66,1,30.0,0.45,20.0,1.0,12,1,200,0.004,100,10.0,1.0,0,67,0,0.8701298701298701,0.37622231203036927,-0.6669700998733716,-1.1715778524469334,0.02485534115806568,0.038613070156420286,0.11755811226342965,1.3031845412213268,1.2284126268498028,0.37716111961455534,0.5821071850293786,1.0543039179099354,1.020020930624846,1.2710262731286393,291.78535164424545
77,20077,35ace65,v2_solver_dt4ms,1,1,1,success,51,12.403842644224618,23.64594888357896,19.708787594080064,41,1,30.0,0.45,20.0,1.0,12,1,200,0.004,100,10.0,1.0,0,37,0,0.7254901960784313,0.3419213446261564,-0.17214523533976667,0.6849628291795242,0.02236314819566338,0.03335083431660024,0.1168069689542478,1.7640633150226357,0.8716565461899852,0.3468093407525217,0.42790898862245724,1.1398432434902466,0.9774486297053997,1.1292585425378268,282.8863891311424
78,20078,35ace65,v2_solver_dt4ms,1,1,1,success,60,17.111274610791796,25.637855255694877,6.775099393875348,52,1,30.0,0.45,20.0,1.0,12,1,200,0.004,100,10.0,1.0,0,47,0,0.7833333333333333,0.38723558197392743,-0.24537523835822422,0.07284113938185444,0.021057209634135352,0.03098449934941846,0.032884563100804,1.9791460731899466,1.0079147845803784,0.35647870322922187,0.6686977159264029,0.9573156745974706,1.0103562897069946,0.8764788730990425,285.88487583231876
79,20079,35ace65,v2_solver_dt4ms,1,1,1,success,48,21.221117705178813,13.467713213688759,15.253343414949603,41,1,30.0,0.45,20.0,1.0,12,1,200,0.004,100,10.0,1.0,0,30,0,0.625,0.38630611426562933,-0.1934797722623387,-3.027788578850254,0.026289641781807618,0.035952809199170696,0.0707160951005677,1.8709469565049948,1.382474517496408,0.35583672314978965,0.35245711941024055,0.9364883353055019,0.9950728764500297,1.1072312393401456,281.06771280022065
80,20080,35ace65,v2_solver_dt4ms,1,1,1,success,65,14.548675525036321,27.999143682811617,11.841207394683972,57,1,30.0,0.45,20.0,1.0,12,1,200,0.004,100,10.0,1.0,0,48,0,0.7384615384615385,0.3828792025646153,-0.45960420408963587,0.7335592603143892,0.021702455662691068,0.033452665658361365,0.043788817249132014,1.5331349677202972,0.8054489777658995,0.37607957008231957,0.5996052273350615,0.9822626008383489,0.934802952113648,1.1200377808081856,291.26033838438155
81,20081,35ace65,v2_solver_dt4ms,1,1,1,success,75,9.707801154607843,17.276742525651397,19.427558301818024,55,1,30.0,0.45,20.0,1.0,12,1,200,0.004,100,10.0,1.0,0,59,0,0.7866666666666666,0.36821725219439844,-0.18826381349372223,-2.6837471185372532,0.020723330958841157,0.03888526147493513,0.07195262429990337,1.3201185979044132,0.6043739984740601,0.3092905361363252,0.6395940097117274,0.9915732657581671,1.0823015995770968,1.091610835880731,283.27820449152216
82,20082,35ace65,v2_solver_dt4ms,1,1,1,success,56,13.33827865971135,31.133151719468678,1.6677143296707784,53,1,30.0,0.45,20.0,1.0,12,1,200,0.004,100,10.0,1.0,0,51,0,0.9107142857142857,0.36932321079384345,-0.37969688130886353,-1.2430680974888606,0.02720246910065549,0.03096186929958645,0.038129554250148,0.9186840750569873,0.9532988842383503,0.37298833014659627,0.49872111573035605,0.9243113921456606,0.9984596809986331,0.936571643854666,285.7352568843481
83,20083,35ace65,v2_solver_dt4ms,1,1,1,success,63,20.50183044508675,23.4183803604852,2.3681931764572366,60,1,30.0,0.45,20.0,1.0,12,1,200,0.004,100,10.0,1.0,0,43,0,0.6825396825396826,0.32043106410475464,-0.6557906001892713,-1.9384564642916466,0.021922593184820798,0.03347859328979069,0.07241810948577154,0.9544850158102701,1.376841281097626,0.38933426144498984,0.5434794202047619,1.027989986066489,1.0221528513079448,0.9105839783156493,290.3595918441769
84,20084,35ace65,v2_solver_dt4ms,1,1,1,success,68,3.6897620340450206,28.319058405085777,2.7658118781758194,61,1,30.0,0.45,20.0,1.0,12,1,200,0.004,100,10.0,1.0,0,47,0,0.6911764705882353,0.38866638182589675,-0.6624446187272124,-0.06954130724640528,0.024070972421143096,0.0369460059452881,0.1107080246863157,1.918969195175453,1.120430655726849,0.3741514616875584,0.4382981333973276,1.0112091205868452,1.0095213495864859,0.9443282427047845,290.42733490870285
85,20085,35ace65,v2_solver_dt4ms,1,1,1,success,64,18.811918142492036,21.44615940493324,9.19672192685781,56,1,30.0,0.45,20.0,1.0,12,1,200,0.004,100,10.0,1.0,0,49,0,0.765625,0.30499580338129684,-0.6569972925437031,-2.7058525587723556,0.024982953837276896,0.03161830245293242,0.07117586729358359,1.827735157392848,0.849714157292155,0.35844948469139704,0.43550686916863207,1.0093555535263026,1.0128221178870882,0.9989061120894474,287.711172439038
86,20086,35ace65,v2_solver_dt4ms,1,1,0,success,81,44.82605807377773,66.24677896520167,20.23221292770895,48,1,30.0,0.45,20.0,1.0,12,1,200,0.004,100,10.0,1.0,20,65,0,0.8024691358024691,0.3617105400048338,-0.6148394296631021,1.6649143604792735,0.025362361923962993,0.03704524403783428,0.08906305144935855,0.8413283100483296,1.168829410963914,0.3287581178827017,0.43006012282221273,1.1195185892599053,1.0787683942059934,1.164822330818605,230.38210146045859
87,20087,35ace65,v2_solver_dt4ms,0,1,1,timeout,200,19.440178367004695,20.536270204470224,0.0,200,0,30.0,0.45,20.0,1.0,12,1,200,0.004,100,10.0,1.0,12,183,0,0.915,0.35872091636282444,-0.5966177168581372,1.8933968632244689,0.026026019857678183,0.038295924874391866,0.06049493409665223,1.0208394877498568,1.08474923506164,0.3209245442410896,0.3265125586768648,1.0459918066701113,1.0636971594203464,0.9147618858376813,60.45671312927654
88,20088,35ace65,v2_solver_dt4ms,1,1,1,success,61,15.34325851327999,12.124596133070108,5.0965640790682265,53,1,30.0,0.45,20.0,1.0,12,1,200,0.004,100,10.0,1.0,0,52,0,0.8524590163934426,0.3008570386059894,-0.3074180893677184,-0.35354834479837294,0.025063701777481864,0.031470667132085385,0.08130202508217538,1.5113096974203786,0.7924867570389458,0.36168681362704164,0.6861442803599271,1.0310807723022062,0.952406336992673,1.1993750208396046,284.2407283085735
89,20089,35ace65,v2_solver_dt4ms,1,1,1,success,54,18.80429518380672,18.70140298491035,5.44957913728573,45,1,30.0,0.45,20.0,1.0,12,1,200,0.004,100,10.0,1.0,0,34,0,0.6296296296296297,0.3662887971470841,-0.24086543453915837,-2.34489941807196,0.02205174192267281,0.03096397741729073,0.04463633707128796,1.9693565621295104,1.3841437941303636,0.34606337694388856,0.43621097201868,1.0239174353033755,1.0390976933736076,1.115243979489934,280.7614875362598
90,20090,35ace65,v2_solver_dt4ms,1,1,1,success,67,24.424548373964523,19.784353212036198,6.605313033257508,58,1,30.0,0.45,20.0,1.0,12,1,200,0.004,100,10.0,1.0,0,57,0,0.8507462686567164,0.304764750477448,-0.4723489892612,1.7655777292083092,0.024432423805413744,0.03557160303265411,0.059675521294175436,1.676270071256855,1.3762244903499217,0.3437864133518493,0.5462982107982348,1.0912227965489987,1.0073422490153237,1.3223244960304976,284.53107114893805
91,20091,35ace65,v2_solver_dt4ms,1,1,1,success,66,15.572947738896602,6.107767787075506,2.381843206706244,62,1,30.0,0.45,20.0,1.0,12,1,200,0.004,100,10.0,1.0,0,41,0,0.6212121212121212,0.33980138670949117,-0.7297849272867047,2.925828896453009,0.025968882730760246,0.032681096046374515,0.08162589714427054,1.2881758463629516,1.2048099840972624,0.38932086615664613,0.34173795770243476,0.993006431727368,1.0216475774723068,1.1042033918168865,290.0372892021079
92,20092,35ace65,v2_solver_dt4ms,1,1,1,success,44,16.996713499295367,3.5668630098795133,8.612220970022623,39,1,30.0,0.45,20.0,1.0,12,1,200,0.004,100,10.0,1.0,0,26,0,0.5909090909090909,0.35544064837342865,-0.19762163438689528,-2.623888095845465,0.023353573852059172,0.03262864106841896,0.06775528330669793,1.4589381326785866,1.0560956466537659,0.33741453423624324,0.1935144370382737,1.0788921348723979,1.0369444140246238,0.9302245937567224,279.39132114627876
93,20093,35ace65,v2_solver_dt4ms,1,1,1,success,89,20.941313818243724,9.94625558597785,15.264097649208269,67,1,30.0,0.45,20.0,1.0,12,1,200,0.004,100,10.0,1.0,0,61,0,0.6853932584269663,0.30496799049515555,-0.6748311456347527,1.0155520050059277,0.023139328530425322,0.03847978626893652,0.08211086493867548,1.6191692086823777,1.260470622947719,0.38312304273071146,0.2152273870794674,0.965856835965233,1.1218224509844086,1.009908554235926,281.95177083609883
94,20094,35ace65,v2_solver_dt4ms,1,1,1,success,60,14.864329444302397,24.121480531925798,15.799052257389452,53,1,30.0,0.45,20.0,1.0,12,1,200,0.004,100,10.0,1.0,0,53,0,0.8833333333333333,0.3191182869558109,-0.6790591775848381,-2.5444655067135864,0.02266299354625677,0.03592011830042923,0.10054353899188384,1.88659484556604,1.376968896084895,0.32631378765960983,0.49352233696006165,1.0281518218995707,1.0490468174899215,0.8549396034456349,287.8772154477036
95,20095,35ace65,v2_solver_dt4ms,1,1,1,success,70,26.993258754732043,36.0025836579235,0.16981394867373098,67,1,30.0,0.45,20.0,1.0,12,1,200,0.004,100,10.0,1.0,0,56,0,0.8,0.3705385165444563,-0.5853166017960255,0.36209770375403183,0.02683781263720914,0.03183481176754824,0.07849941634556787,0.816806117656517,1.2076829831427123,0.30961823762224944,0.46799495206470426,1.0241038267019493,0.9968919768992233,1.0296781888992461,292.6338467448604
96,20096,35ace65,v2_solver_dt4ms,1,1,1,success,65,8.978601887977012,9.7676551229372,3.473704418497705,59,1,30.0,0.45,20.0,1.0,12,1,200,0.004,100,10.0,1.0,0,53,0,0.8153846153846154,0.33742475156376195,-0.2622567956042023,0.9739633974442574,0.026920148679709023,0.030897779442347468,0.07102619564415874,1.786811364900597,1.301918354898841,0.33858512731477214,0.6474574552556538,0.9601805531969848,1.0120550100741446,1.057580176905517,284.473319371542
97,20097,35ace65,v2_solver_dt4ms,1,1,1,success,56,19.049842540269143,20.743876276001625,0.3708874233731533,52,1,30.0,0.45,20.0,1.0,12,1,200,0.004,100,10.0,1.0,0,46,0,0.8214285714285714,0.3175142877105915,-0.3412403688459647,-2.197924901239038,0.02395132689596021,0.038342038815229636,0.08268597439333178,1.3225289837064234,0.7288299993280796,0.3145259065555899,0.6935623485016709,1.132249579731514,0.9673159905405093,1.1787503731868973,284.6750789845131
98,20098,35ace65,v2_solver_dt4ms,1,1,1,success,64,26.315177415884733,22.50947768909235,26.37156630127308,56,1,30.0,0.45,20.0,1.0,12,1,200,0.004,100,10.0,1.0,0,47,0,0.734375,0.3778127320188716,-0.5677471655007134,2.173317007858535,0.022071971901719757,0.03895228316102537,0.08248646569092322,1.1208808314776457,0.9825239579014267,0.30648535202161775,0.4450103778106395,0.9579691041220624,1.0717007574499842,0.9220131741908545,287.20279072789106
99,20099,35ace65,v2_solver_dt4ms,1,1,1,success,54,24.673168470981548,26.11730200138292,9.352233134263493,44,1,30.0,0.45,20.0,1.0,12,1,200,0.004,100,10.0,1.0,0,42,0,0.7777777777777778,0.3354129514522719,-0.21388597958852984,1.288012718264989,0.022090209232459263,0.033498598618486385,0.05011213234598868,1.738819417882799,1.1213103658874002,0.3481455214887196,0.32362071942876447,0.9847580717393388,1.0731950058645825,1.0257130929961649,281.50024521074056
100,20100,35ace65,v2_solver_dt4ms,1,1,1,success,62,21.73751851729402,15.996793204423737,8.507444849914489,55,1,30.0,0.45,20.0,1.0,12,1,200,0.004,100,10.0,1.0,0,50,0,0.8064516129032258,0.3298449887730992,-0.4066337810425893,0.2299286173458448,0.0231267848762361,0.032745982655709785,0.08588886105305737,1.354519194531586,1.09856951812619,0.32845285155089743,0.5708792363322213,1.0595623167387618,0.8936113820842998,0.888365710206802,285.87899737314086
101,20101,35ace65,v2_solver_dt4ms,1,1,1,success,61,19.92857271311009,19.900277985443932,12.050795422709989,55,1,30.0,0.45,20.0,1.0,12,1,200,0.004,100,10.0,1.0,0,46,0,0.7540983606557377,0.3313760015138871,-0.5646502669348744,0.025161504559702674,0.02200809248796443,0.036049672397642694,0.06767110251641649,1.0679676417268458,1.3698174410935515,0.3611137556902829,0.4787469510690029,1.0435798447563236,0.9923761949838866,1.0214770266170716,288.900911644273
102,20102,35ace65,v2_solver_dt4ms,1,1,1,success,51,5.337255663010446,31.52024935953857,11.092687618165474,46,1,30.0,0.45,20.0,1.0,12,1,200,0.004,100,10.0,1.0,3,42,0,0.8235294117647058,0.3836937783848602,-0.4013318308716758,-2.049172716993328,0.02634967349404911,0.0329599887438,0.03051913049276874,1.0264236150277495,1.177109257328187,0.37099212635625,0.35491044038779945,0.999585366692772,0.9609880968631292,1.0981497871737367,282.5771158551678
103,20103,35ace65,v2_solver_dt4ms,1,1,1,success,66,12.408018243903204,5.85391019819564,4.880831558780121,57,1,30.0,0.45,20.0,1.0,12,1,200,0.004,100,10.0,1.0,0,50,0,0.7575757575757576,0.3386585036951694,-0.6927013079159043,-2.8232296400742958,0.021402557588524933,0.0345932459240783,0.0950249196139275,1.9653771362606356,0.7832773739530658,0.37132997476844054,0.35940132866629576,1.018891850264455,1.065543968941969,0.8739437867827706,288.79578592445324
104,20104,35ace65,v2_solver_dt4ms,1,1,1,success,57,11.681275964808846,17.26857066604075,7.053845073678468,48,1,30.0,0.45,20.0,1.0,12,1,200,0.004,100,10.0,1.0,0,50,0,0.8771929824561403,0.3160189388965147,-0.346445652251714,0.13330265876327996,0.023206398541264987,0.03831398119903197,0.09482428375276172,1.088519055496426,1.367670301410579,0.3048083471816184,0.5673560119624632,1.0268179972681017,1.1070691383125406,0.967472825348883,283.9069288759546
105,20105,35ace65,v2_solver_dt4ms,0,1,0,timeout,200,85.36839882184812,87.59684580540808,34.84630254407091,58,1,30.0,0.45,20.0,1.0,12,1,200,0.004,100,10.0,1.0,0,178,0,0.89,0.36257347493044967,-0.6627533178023072,-2.593622895244017,0.02079471660945201,0.03675369242533987,0.07959038387895354,0.9296063495732504,1.0890156756961678,0.38843594802828063,0.4565195589120932,1.1227988286387791,1.1030961679350653,1.0945928858623182,64.09359486903831
106,20106,35ace65,v2_solver_dt4ms,1,1,1,success,70,5.847369434178318,15.87811548669222,5.697674137646554,54,1,30.0,0.45,20.0,1.0,12,1,200,0.004,100,10.0,1.0,0,43,0,0.6142857142857143,0.34592326109776084,-0.6774451724877582,-0.39098757195952727,0.022387292693246234,0.03921464978418416,0.10228712014207461,1.1011212593839526,0.9902484680894545,0.3539938970315736,0.36135588489749976,0.9507667641299392,1.0956954044367846,1.2195803107326457,288.0143569507961
107,20107,35ace65,v2_solver_dt4ms,1,1,1,success,64,24.206058510440148,12.067918355744238,7.246695738343387,43,1,30.0,0.45,20.0,1.0,12,1,200,0.004,100,10.0,1.0,0,50,0,0.78125,0.3367323583448056,-0.4319666891172375,1.5838562390240902,0.02370637001212597,0.03588851555571948,0.07209508705121197,1.1333430598802314,0.7662179457057385,0.38503507969380824,0.1763775141832574,1.076740665141236,1.0055123274285653,1.0143929011207995,278.84958934236033
108,20108,35ace65,v2_solver_dt4ms,1,1,1,success,77,16.346825915475563,20.180156486356832,0.857087920678547,70,1,30.0,0.45,20.0,1.0,12,1,200,0.004,100,10.0,1.0,0,60,0,0.7792207792207793,0.3716157471598324,-0.7096856794131422,1.3136950907894507,0.02604027265322299,0.03396628822493551,0.1147829493480945,0.9570271227686102,0.8889080340508723,0.31876106522100983,0.5592454471659378,1.019246162349444,1.0723593451868825,0.8624901353776567,295.4982314754144
109,20109,35ace65,v2_solver_dt4ms,0,0,0,timeout,200,319.73589659391797,nan,nan,-1,0,30.0,0.45,20.0,1.0,12,1,200,0.004,100,10.0,1.0,0,189,0,0.945,0.3484843922243255,-0.5413273706186275,-1.0364487795951383,0.025107624787422636,0.034248049579747405,0.060827789303585005,1.7768269703479724,1.2062232571279696,0.3803019052827865,0.4154793643724344,0.9549167298867134,1.0489976545202881,0.9025248391772887,-3.868206194181821
110,20110,35ace65,v2_solver_dt4ms,1,1,1,success,60,13.489815434881661,6.129006200064024,7.887958311828942,54,1,30.0,0.45,20.0,1.0,12,1,200,0.004,100,10.0,1.0,0,41,0,0.6833333333333333,0.3679931868191497,-0.2185438443959089,-2.4219611103962513,0.023148328416273685,0.030308757298008387,0.03561540615719441,1.8605434614875647,0.8311696724986146,0.3695840430729081,0.5283492355356567,1.0862096605341205,1.0117685645506842,0.858275112978295,281.1949195922317
111,20111,35ace65,v2_solver_dt4ms,1,1,1,success,52,37.33120781101018,35.07977820269173,4.993122754314735,42,1,30.0,0.45,20.0,1.0,12,1,200,0.004,100,10.0,1.0,0,40,0,0.7692307692307693,0.30756679848864743,-0.2772739015279835,-1.9541954152150214,0.023748043574959365,0.03978443548742046,0.04834200713168444,1.0053447714341253,1.2087395247555763,0.3510179945250269,0.19944685796781433,1.0291588199648307,1.0659427035406304,0.9118794618289394,275.98698406464337
112,20112,35ace65,v2_solver_dt4ms,1,1,1,success,73,10.224620956754501,34.80261670788317,17.771153432554456,65,1,30.0,0.45,20.0,1.0,12,1,200,0.004,100,10.0,1.0,0,52,0,0.7123287671232876,0.375898898350033,-0.725672693932293,3.082704090049279,0.026455263737036463,0.035090077444471734,0.06892394508144727,1.6431996026865165,1.0817053724824117,0.3546125637833774,0.5222184087334432,0.9517572773875053,1.022554872975817,1.2920940627505362,299.04468168159264
113,20113,35ace65,v2_solver_dt4ms,1,1,1,success,64,25.057060047437577,21.4161241904733,2.9242332576999694,57,1,30.0,0.45,20.0,1.0,12,1,200,0.004,100,10.0,1.0,0,48,0,0.75,0.35987328828146,-0.5375276988286681,-1.9813466811571896,0.025392324031814507,0.03591804460613688,0.05601167288872985,1.3970496986085084,1.2816306660585153,0.33626249280192655,0.4625392158376684,1.0403413349436046,1.0137200697820348,1.1336590606159582,287.16905464525075
114,20114,35ace65,v2_solver_dt4ms,1,1,1,success,56,25.99288839858734,28.927892755978558,8.32659807493593,45,1,30.0,0.45,20.0,1.0,12,1,200,0.004,100,10.0,1.0,0,47,0,0.8392857142857143,0.3213353076633161,-0.3292471950413263,-1.4337666269364788,0.024931560846153,0.032044551785658106,0.10623543546139955,1.7215339913485517,1.3676065604085696,0.3291069967604241,0.5820471330023476,1.021538676046417,1.0872044497441076,0.9819011922440268,281.0108837648438
115,20115,35ace65,v2_solver_dt4ms,1,1,1,success,62,24.552374189197423,21.84910806152835,5.316608883819097,55,1,30.0,0.45,20.0,1.0,12,1,200,0.004,100,10.0,1.0,0,47,0,0.7580645161290323,0.3753111608860736,-0.1961492510407279,-1.3398337401393132,0.024367770216047115,0.037319149503093514,0.08210438053327969,1.7459030474214394,1.2594098779199463,0.32379482565455764,0.62432192543872,0.9267328837059374,1.0426545528265991,0.9845519012756154,283.73348076481705
116,20116,35ace65,v2_solver_dt4ms,1,1,1,success,58,17.632164506317945,19.270126230058132,5.315795668824657,50,1,30.0,0.45,20.0,1.0,12,1,200,0.004,100,10.0,1.0,0,50,0,0.8620689655172413,0.36923241650678956,-0.3547246099313798,2.153923146044269,0.021921130928281386,0.036139012320162964,0.055832868481703955,0.8612703440050435,1.3915886465327176,0.32967266612427876,0.6153632278671414,1.0734038746963601,1.112722028575935,1.049316388475916,287.516971923544
117,20117,35ace65,v2_solver_dt4ms,1,1,1,success,54,10.16012469327652,5.434462432243606,0.81331090601191,51,1,30.0,0.45,20.0,1.0,12,1,200,0.004,100,10.0,1.0,0,44,0,0.8148148148148148,0.35951424298664897,-0.38893618960929666,-0.07442287398068759,0.021694349344042428,0.03141353318000373,0.10690035734346348,1.0392199916114673,0.992218407117264,0.32009980182933634,0.3576594766703912,1.0578382194907896,0.9730859960007283,0.8915127732294873,284.9130004941981
118,20118,35ace65,v2_solver_dt4ms,1,1,1,success,64,11.679764059233872,30.000837590053496,12.794935756729483,54,1,30.0,0.45,20.0,1.0,12,1,200,0.004,100,10.0,1.0,0,53,0,0.828125,0.3757972759396946,-0.5471530337244541,-0.608878230380121,0.021599883527418515,0.0353121528923144,0.06677892202606292,1.970653715957994,0.8779678767471073,0.3036446718388689,0.5619659442462144,0.9676486996769909,1.0504187873772588,0.7947534725615457,290.10278152908006
119,20119,35ace65,v2_solver_dt4ms,1,1,1,success,61,11.603655568748248,19.04870690363782,16.409695610433694,50,1,30.0,0.45,20.0,1.0,12,1,200,0.004,100,10.0,1.0,0,50,0,0.819672131147541,0.35148612884676816,-0.7160916449073784,-0.8256311910103178,0.020917414327497417,0.03186747695792954,0.11059809567864755,0.9289383592377385,1.1683856889530029,0.3007889773938064,0.35861318184620317,0.9462027104680544,0.9740535996299851,1.0820196680049874,291.73973971398334
120,20120,35ace65,v2_solver_dt4ms,1,1,1,success,80,22.487399748986242,16.875087155153466,14.759209971923145,42,1,30.0,0.45,20.0,1.0,12,1,200,0.004,100,10.0,1.0,0,57,0,0.7125,0.32165098647271184,-0.28534287554423005,1.4272181861846125,0.020964384035289434,0.03789944762049457,0.10830824315288143,1.3067047045156652,1.0226374282495503,0.37531307563649213,0.3935810098450439,1.0129106283521265,0.9807529892076025,1.0507686740048374,274.8924883996242
121,20121,35ace65,v2_solver_dt4ms,1,1,1,success,65,16.601963708598745,24.72711813850694,8.786088370008054,56,1,30.0,0.45,20.0,1.0,12,1,200,0.004,100,10.0,1.0,0,45,0,0.6923076923076923,0.3481494753361002,-0.3284203176046945,2.3546049698799845,0.02147892130732944,0.0326143981951873,0.04503851284782179,1.1363574581838602,0.7033974821880178,0.31198757727483317,0.5636379238598109,0.9690648891576796,1.0747828586089783,0.9301584779224802,286.7453757611046
122,20122,35ace65,v2_solver_dt4ms,1,1,1,success,68,24.666509342239827,23.683184641864848,11.419098740548238,53,1,30.0,0.45,20.0,1.0,12,1,200,0.004,100,10.0,1.0,0,50,0,0.7352941176470589,0.35751256085692823,-0.27677956484265076,0.28722668622202496,0.023469608189762216,0.03832760125625512,0.08130265814088043,1.918789041997737,0.9612621420916603,0.3677872640934426,0.668626926403323,1.0571031781223008,1.0578616395848879,0.81945400590935,283.60136212111917
123,20123,35ace65,v2_solver_dt4ms,1,1,1,success,69,15.448054329215667,26.3961243100588,18.752847132478703,44,1,30.0,0.45,20.0,1.0,12,1,200,0.004,100,10.0,1.0,0,59,0,0.855072463768116,0.33060233544789264,-0.28503483388391565,-2.726741931135973,0.02337171641859977,0.037346990530968224,0.03463605610020766,1.77630872469677,0.962268229623402,0.3226565256740504,0.5891317194349069,1.1458948618860993,1.1337889399771002,1.1257086825690044,281.76966249470024
124,20124,35ace65,v2_solver_dt4ms,1,1,1,success,59,24.353360846108934,25.82043645582862,18.78234631197638,50,1,30.0,0.45,20.0,1.0,12,1,200,0.004,100,10.0,1.0,0,49,0,0.8305084745762712,0.3272826431425793,-0.544020836695022,-2.3254221745458254,0.023829825430365752,0.03273589330588844,0.049357468986987146,1.3346078287436631,1.0740359310749508,0.32565407860893403,0.5796717426868396,1.026216242327471,0.9483253034351374,1.0986894401448795,283.7842627629352
125,20125,35ace65,v2_solver_dt4ms,1,1,1,success,68,2.2587266389704745,18.542039578799262,3.5662349686218673,60,1,30.0,0.45,20.0,1.0,12,1,200,0.004,100,10.0,1.0,0,56,0,0.8235294117647058,0.3783408106747611,-0.5370190075072567,-0.7815646877402949,0.02240824777909046,0.03605283926182443,0.046222488540148626,1.5091234798254365,1.0339303961148925,0.33821635960851293,0.6967048994451515,0.9682517115705872,1.0738630134218958,1.084879334639937,292.3835474915009
126,20126,35ace65,v2_solver_dt4ms,1,1,1,success,61,27.88026833317027,20.74159669721834,5.794431401055936,51,1,30.0,0.45,20.0,1.0,12,1,200,0.004,100,10.0,1.0,0,43,0,0.7049180327868853,0.34677108358957154,-0.4905885299823663,2.785912565297891,0.023746880108669217,0.03582737866224773,0.05021323923174191,1.7507605221972034,0.8755491479265076,0.38383433549525325,0.3672529355640397,1.0717089185807687,1.0622643143817316,1.2058504268603456,282.4394184077713
127,20127,35ace65,v2_solver_dt4ms,1,1,1,success,69,16.570085661778304,33.91668262388463,13.95906276405393,63,1,30.0,0.45,20.0,1.0,12,1,200,0.004,100,10.0,1.0,2,54,0,0.782608695652174,0.37947335792746534,-0.7264682835826342,-3.0776786917722356,0.025437973702457248,0.03663712529838286,0.03803472348151213,1.8019492719407644,0.6131787789591374,0.36747331372048336,0.4646465094125793,1.070038539434233,1.0995744651582096,0.8181189350232807,293.3221285398208
128,20128,35ace65,v2_solver_dt4ms,1,1,1,success,68,12.229063938485902,12.429176589006518,4.135106085907644,62,1,30.0,0.45,20.0,1.0,12,1,200,0.004,100,10.0,1.0,0,57,0,0.8382352941176471,0.33991099408800807,-0.4130466311485576,1.297719730440396,0.02175722095602993,0.03967166553619556,0.03899423446857511,0.8954407704296956,1.2273246019109925,0.3883246697616788,0.42648058212583195,0.9962225884628292,1.0119421205389578,1.1352421720884651,282.39986859937045
129,20129,35ace65,v2_solver_dt4ms,1,1,1,success,60,14.864580111294657,14.788829939289146,1.858336495096047,54,1,30.0,0.45,20.0,1.0,12,1,200,0.004,100,10.0,1.0,0,42,0,0.7,0.3476781966186933,-0.3048240224633344,3.1261394372870948,0.02405914308046757,0.03913728779052536,0.09249663852753578,1.463301875164822,1.2003764434890902,0.32059237908199956,0.5227362997079288,0.9912208405557921,1.0650596560350285,1.1730377879422473,285.7475867843368
130,20130,35ace65,v2_solver_dt4ms,1,1,1,success,58,27.551914890694725,39.72874812708655,23.26000201936251,48,1,30.0,0.45,20.0,1.0,12,1,200,0.004,100,10.0,1.0,0,46,0,0.7931034482758621,0.369240799418669,-0.17424454741875084,1.2676243993178815,0.026149368593851238,0.03660458326929135,0.054565228797779156,0.8709023416148148,0.8855643900774922,0.33531000679627293,0.6308875576692646,0.9548966861990626,1.0646477396049234,1.0786972944422737,266.0204366977643
131,20131,35ace65,v2_solver_dt4ms,1,1,1,success,48,17.54488524242377,21.234584035420877,4.0668377062209675,43,1,30.0,0.45,20.0,1.0,12,1,200,0.004,100,10.0,1.0,0,45,0,0.9375,0.3238395642129938,-0.19986209678712086,-0.7447006022984257,0.023781393168355647,0.031415416363890024,0.09876725477083348,1.1596287394866636,1.1503145234325096,0.38055899751289973,0.4125070048444087,1.1096735136793494,1.1129978767633357,1.2293708942096049,280.82554340049916
132,20132,35ace65,v2_solver_dt4ms,1,1,1,success,56,2.7740729955034364,14.86312619875872,0.5234317229028544,52,1,30.0,0.45,20.0,1.0,12,1,200,0.004,100,10.0,1.0,0,45,0,0.8035714285714286,0.34069940910403396,-0.3101407628598809,-0.4718275359718116,0.026009863776461906,0.035352173813258024,0.07097691816272816,1.6219153339996388,0.9265995426415038,0.31310405106299255,0.4632608120486248,1.0324234641454104,1.0717084706197826,1.0039227407777134,284.6572520943707
133,20133,35ace65,v2_solver_dt4ms,1,1,1,success,66,16.445906496965826,10.043856000047608,5.616529835050836,53,1,30.0,0.45,20.0,1.0,12,1,200,0.004,100,10.0,1.0,0,61,0,0.9242424242424242,0.33057044607238406,-0.5517598084695169,0.7746155353590862,0.023587648146674797,0.03856573678367523,0.05816372838778157,1.3218070411855114,1.3716113819152418,0.3520893844057873,0.4835439732417992,1.079847174124513,0.996996275586668,0.8621029971366647,284.9733382817284
134,20134,35ace65,v2_solver_dt4ms,1,1,1,success,46,8.209187775577687,1.700318397666366,9.009037092488285,39,1,30.0,0.45,20.0,1.0,12,1,200,0.004,100,10.0,1.0,0,37,0,0.8043478260869565,0.3864520990775716,-0.20400836132819888,-1.7399649311171312,0.02185991898764813,0.035310121670742295,0.11064746985034404,1.2493155004018917,1.3379600775104288,0.3455864124161645,0.37808256357745346,0.9975204100962606,0.9905040439730094,0.935596426158435,280.00610510104264
135,20135,35ace65,v2_solver_dt4ms,1,1,1,success,145,18.216693245364908,26.159571150111255,33.724525557957236,43,1,30.0,0.45,20.0,1.0,12,1,200,0.004,100,10.0,1.0,0,122,0,0.8413793103448276,0.311258637725254,-0.5472715243082651,-1.1436022151136438,0.02337965139284535,0.033575569693507314,0.07457558123450195,1.2686748319363133,1.02849934565901,0.31702719749777813,0.18966077346806318,0.9768123285867674,1.0562047510242454,1.0303073564967409,267.5332988633652
136,20136,35ace65,v2_solver_dt4ms,1,1,1,success,63,13.484345581450388,14.702255454316528,7.083582615393805,54,1,30.0,0.45,20.0,1.0,12,1,200,0.004,100,10.0,1.0,0,39,0,0.6190476190476191,0.3321427455601656,-0.6778759657348237,0.00906857856515142,0.021075915666562285,0.03353199158122184,0.06009538512951211,1.8415815689120367,0.8577696413631791,0.36105246973274296,0.40234172335664925,0.9319396619967326,1.0320629912548307,1.0632262137624073,288.4315272185558
137,20137,35ace65,v2_solver_dt4ms,1,1,1,success,51,21.224861697772305,35.08262585049555,17.8649929137536,42,1,30.0,0.45,20.0,1.0,12,1,200,0.004,100,10.0,1.0,0,36,0,0.7058823529411765,0.3544223403889438,-0.2176095640016693,-2.404934645675159,0.02192531349630347,0.02975241310381798,0.05020166073605223,1.883066957566416,1.2235216121662145,0.31537193502928484,0.7290971234608492,1.0741039699928865,0.9927137441219901,0.9526734114584454,281.94307586195765
138,20138,35ace65,v2_solver_dt4ms,0,0,0,timeout,200,463.92577133151144,nan,nan,-1,1,30.0,0.45,20.0,1.0,12,1,200,0.004,100,10.0,1.0,0,193,0,0.965,0.36380992308676474,-0.6740921307156683,1.5606983610868825,0.022723930166375875,0.037403602632934255,0.07851133726150311,1.6296622341264442,1.2075246407561828,0.3155161640721758,0.6510941655006014,1.0287291727816197,0.9851540504253735,0.9871245810330421,-8.101928410295702
139,20139,35ace65,v2_solver_dt4ms,1,1,1,success,57,20.684001384446958,23.024058885039974,28.529580708425595,49,1,30.0,0.45,20.0,1.0,12,1,200,0.004,100,10.0,1.0,0,48,0,0.8421052631578947,0.38019969094866624,-0.5431086110211387,2.3881170396592006,0.0237693559672803,0.03257718588661607,0.11502133258562525,1.1240351282398855,0.8505058059666584,0.3027224700652428,0.3492696516268796,1.1209059961879768,1.1301127510197702,0.9653904904371671,288.0317140715366
140,20140,35ace65,v2_solver_dt4ms,0,1,0,timeout,200,262.1335512740701,nan,nan,-1,1,30.0,0.45,20.0,1.0,12,1,200,0.004,100,10.0,1.0,0,186,0,0.93,0.38191775520174104,-0.4158410599617878,-2.949090860590231,0.0268945893888255,0.033153441999012025,0.06508650359242626,1.6128679612734675,0.8948153196425737,0.3425254947645089,0.18783039797026732,1.0260349551943726,1.0771423453289366,1.055669884697611,-19.102415328238042
141,20141,35ace65,v2_solver_dt4ms,1,1,1,success,73,27.418317370933988,26.161095908683205,19.944635796798913,67,1,30.0,0.45,20.0,1.0,12,1,200,0.004,100,10.0,1.0,3,63,0,0.863013698630137,0.3784983681880647,-0.6125832264267945,-2.0148030083144794,0.02456403377232675,0.03864343404835519,0.03233779092198412,1.8748520637548778,1.3001365878450981,0.37090205320827363,0.6627245943054626,1.0611689705095932,1.017487143584034,0.9760088794907129,288.9097410720128
142,20142,35ace65,v2_solver_dt4ms,1,1,1,success,55,8.786857234893937,1.9984326716700305,8.692178970839471,46,1,30.0,0.45,20.0,1.0,12,1,200,0.004,100,10.0,1.0,0,40,0,0.7272727272727273,0.352898129546109,-0.5098259939941593,-0.8216823995269666,0.021343092212628968,0.03413878427511822,0.086394019518239,1.0360440906936623,0.9655256746542449,0.30089581282305045,0.22728764294243334,1.133716047579748,1.0765734132117524,1.0465724141147366,287.0054994522045
143,20143,35ace65,v2_solver_dt4ms,1,1,1,success,63,19.811548007740832,24.42994346698848,4.6340614727422045,47,1,30.0,0.45,20.0,1.0,12,1,200,0.004,100,10.0,1.0,0,49,0,0.7777777777777778,0.3841338917020895,-0.43804293131880395,2.284885684978855,0.02432924857136681,0.03209962764448059,0.0349615573087274,1.9611747471668757,0.884914240034256,0.33073119597923656,0.34039821142523297,0.9280568944834935,0.9329660226359933,1.0339637064628473,284.59937922524955
144,20144,35ace65,v2_solver_dt4ms,1,1,1,success,55,15.391911676278832,26.61120612228753,18.942778255789776,47,1,30.0,0.45,20.0,1.0,12,1,200,0.004,100,10.0,1.0,3,49,0,0.8909090909090909,0.3442323275151794,-0.22478674156052458,-0.8993574610949939,0.020985360021297965,0.03912292769363614,0.091609098041604,1.1912136633471773,1.0378346273097896,0.31027558893801177,0.6804460308170095,1.0517875766538143,1.0688243272872957,0.940810345275713,280.78996720655
145,20145,35ace65,v2_solver_dt4ms,1,1,1,success,65,16.319852298700805,11.76686179004943,14.01484844807156,43,1,30.0,0.45,20.0,1.0,12,1,200,0.004,100,10.0,1.0,0,51,0,0.7846153846153846,0.34738258662228855,-0.2869008549925579,0.35815010790184054,0.020484445984880684,0.030651216110099296,0.03497687319511351,1.388953819098957,1.1827347699752178,0.3157934515206159,0.3855899342479586,1.1340164983859318,1.0375729305928314,0.9368569971490923,280.9317115259831
146,20146,35ace65,v2_solver_dt4ms,1,1,1,success,56,5.298847853559385,19.256306962455458,21.386616523519624,48,1,30.0,0.45,20.0,1.0,12,1,200,0.004,100,10.0,1.0,0,48,0,0.8571428571428571,0.3084398958914284,-0.5501718920855261,1.116555659777708,0.02296584152360186,0.036134798883579095,0.08705896997620559,1.2853270167446298,1.2179346685330426,0.3006174930511908,0.2206091910480332,0.9957715287216551,1.0362637816563893,1.0440827022419508,286.21408004886604
147,20147,35ace65,v2_solver_dt4ms,1,1,1,success,65,13.175521520081348,14.522625911789577,4.317039113861332,54,1,30.0,0.45,20.0,1.0,12,1,200,0.004,100,10.0,1.0,0,41,0,0.6307692307692307,0.34754074851429956,-0.4806999072446595,-2.4825407648748534,0.02319244375918812,0.03517962445763293,0.061075156194723396,1.7426800977638746,1.0380490778235831,0.32624432473056053,0.5964667428864631,1.086988210521751,1.0201464500983024,1.1558328589741258,285.33861264474086
148,20148,35ace65,v2_solver_dt4ms,1,1,1,success,51,3.020274278923487,10.683575040631315,9.476889933299065,44,1,30.0,0.45,20.0,1.0,12,1,200,0.004,100,10.0,1.0,0,42,0,0.8235294117647058,0.3242716173682028,-0.22157639055782652,-1.0380725460359748,0.0218116162695722,0.03269438234173462,0.1127297313293319,1.5437840760602866,0.90290150494523,0.3104339573468348,0.48511214534752545,0.987051128566357,1.0019648757450443,1.0492300173523272,281.8401952263797
149,20149,35ace65,v2_solver_dt4ms,1,1,0,success,56,8.861412405639427,nan,nan,-1,1,30.0,0.45,20.0,1.0,12,1,200,0.004,100,10.0,1.0,0,39,0,0.6964285714285714,0.3525594854659414,-0.21790294323506443,-2.070296157689082,0.027306916435850023,0.039770384122277805,0.08507813847912642,1.524786476218615,0.7821842712827959,0.3767032274211243,0.41727032595969726,1.0444089652243513,0.9734584529203563,1.1581693470302632,246.04584536181562
150,20150,35ace65,v2_solver_dt4ms,1,1,1,success,57,15.461909271623815,5.528977568054673,16.15939840967853,49,1,30.0,0.45,20.0,1.0,12,1,200,0.004,100,10.0,1.0,0,46,0,0.8070175438596491,0.31940252290184146,-0.410478181630609,-1.3440522663185093,0.02369369138330705,0.03269477109044487,0.04417894235313742,1.6393627607859216,0.9832331570330854,0.36882316825447203,0.24284831865984338,1.096654566916534,1.1094095422707975,1.0359958086997219,282.1648610363835
151,20151,35ace65,v2_solver_dt4ms,1,1,1,success,139,18.251447578465566,6.240484626971887,2.381217917014361,81,1,30.0,0.45,20.0,1.0,12,1,200,0.004,100,10.0,1.0,0,123,0,0.8848920863309353,0.3348195896482498,-0.721172415920516,0.5749979136743084,0.024386644027916238,0.038097405383165424,0.0992179724225885,0.9673618224915737,1.3158524574599857,0.33911869906997844,0.5389131575783399,1.1145552198328816,1.0240516627889227,1.0722929823344742,286.03408450156496
152,20152,35ace65,v2_solver_dt4ms,1,1,1,success,57,12.910399358763677,24.090194296625636,1.3479615998149255,48,1,30.0,0.45,20.0,1.0,12,1,200,0.004,100,10.0,1.0,0,40,0,0.7017543859649122,0.3770475345678865,-0.3210357696260671,2.9443782728013854,0.0214150814742848,0.03207487062963458,0.0792281825813037,1.6848701243296662,0.8431758819199893,0.38291390317461066,0.4278869240535467,0.9913713142592293,1.049227420471827,1.1376541851498398,284.167779326649
153,20153,35ace65,v2_solver_dt4ms,1,1,1,success,43,7.797680260765623,17.56524530468457,19.219065719552532,36,1,30.0,0.45,20.0,1.0,12,1,200,0.004,100,10.0,1.0,0,37,0,0.8604651162790697,0.38805676607716316,-0.25917255232651626,-1.383612074190318,0.023052510359521213,0.03285361912077701,0.11262423304529602,0.9730457127812278,1.396417975233816,0.32024501565843483,0.29739363533691354,1.100583434167229,1.0203079649335243,1.1948132867212462,278.7595636466856
154,20154,35ace65,v2_solver_dt4ms,1,1,1,success,64,33.679184011626546,30.286348747802716,43.19530855983531,50,1,30.0,0.45,20.0,1.0,12,1,200,0.004,100,10.0,1.0,0,46,0,0.71875,0.3857460662192026,-0.563066181796008,2.56912390084225,0.025432736499300345,0.02975691497671542,0.03995024691378411,1.3362983858985964,0.7529616733377491,0.3856006245512334,0.2672569988213414,1.0688429724551118,1.0782757075315093,0.9504170024444283,288.28789857889313
155,20155,35ace65,v2_solver_dt4ms,1,1,1,success,47,10.904732176406602,2.8067123368489826,6.706823609661083,43,1,30.0,0.45,20.0,1.0,12,1,200,0.004,100,10.0,1.0,0,40,0,0.851063829787234,0.3169355930557086,-0.3625880715534227,-0.8929151731833112,0.02216568819802461,0.03098306080352622,0.03971670538418012,1.0173476142438995,1.0679609177211593,0.3638490051425837,0.3297689935561483,1.0139242515928613,1.0412412370898487,0.8453478927137943,283.25163187490136
156,20156,35ace65,v2_solver_dt4ms,1,1,1,success,57,16.637112557482443,20.65660106050834,4.724597719566129,51,1,30.0,0.45,20.0,1.0,12,1,200,0.004,100,10.0,1.0,0,39,0,0.6842105263157895,0.37136244573780225,-0.20712035713008914,1.7632377586437755,0.023051983279730872,0.03469984873944077,0.0734746503914771,1.6587018420677313,0.954985918051827,0.34318327417716765,0.6489400489442125,1.018579954854502,1.0463820034266296,1.047855640814324,284.87797989196133
157,20157,35ace65,v2_solver_dt4ms,1,1,1,success,49,9.093780246252495,23.389163003589157,6.66903595576976,44,1,30.0,0.45,20.0,1.0,12,1,200,0.004,100,10.0,1.0,0,31,0,0.6326530612244898,0.35187799041555834,-0.2114151655498755,-2.384488673643475,0.0227378957514724,0.03313083023959933,0.0915479721635229,1.4289952306367246,0.7513693244985039,0.38269833430107736,0.4309202119390891,1.0081262412377716,1.0057809746493702,1.2513032610408175,280.74452392230137
158,20158,35ace65,v2_solver_dt4ms,1,1,1,success,68,19.61857589765202,29.677722470219084,3.700200322427258,57,1,30.0,0.45,20.0,1.0,12,1,200,0.004,100,10.0,1.0,0,49,0,0.7205882352941176,0.3829659297373943,-0.4192821407567415,0.22125781622980067,0.021990402924040905,0.03726488441964113,0.11792583120497757,0.9034547131798999,0.9500985071805652,0.3274667490640995,0.6856721351144993,0.995778718757478,1.0440596160177744,1.1883546108713414,288.3760086819436
159,20159,35ace65,v2_solver_dt4ms,1,1,1,success,64,18.454530159853466,16.956860108148774,10.368630201517659,56,1,30.0,0.45,20.0,1.0,12,1,200,0.004,100,10.0,1.0,0,45,0,0.703125,0.355152334681281,-0.5888836841458398,-1.9839103563292082,0.02343317572352717,0.03557519078999545,0.06716169123164248,0.889700310044634,1.0632667454245541,0.3203612794312517,0.5445294382779988,0.99832823195949,1.1332226725751517,1.043962653817632,291.8632886408069
160,20160,35ace65,v2_solver_dt4ms,1,1,1,success,58,9.413880025701948,30.284147065307113,23.528836281512156,50,1,30.0,0.45,20.0,1.0,12,1,200,0.004,100,10.0,1.0,0,48,0,0.8275862068965517,0.3153929880456752,-0.6182347654581551,-0.7898816933046251,0.024610314722874248,0.038838388804486465,0.06504995047642984,1.0185850746269296,0.9766995717170254,0.3315203714619103,0.3536613087236586,0.9601900015796254,1.0488068793941547,1.084437657482075,285.0676679833585
161,20161,35ace65,v2_solver_dt4ms,1,1,1,success,75,16.681223452529125,28.085731017715315,2.0783724999970525,69,1,30.0,0.45,20.0,1.0,12,1,200,0.004,100,10.0,1.0,0,45,0,0.6,0.36533929403118703,-0.5864347593139978,-0.16150939678910525,0.023287317814733338,0.03627644579661047,0.056856364085861956,1.305187994619423,0.9380678423217543,0.38761225764452745,0.6120121755128692,1.0351855988451786,1.0291018904371738,1.1255125326533792,293.0617872340566
162,20162,35ace65,v2_solver_dt4ms,1,1,1,success,100,32.065041974409134,25.23675748742445,12.115847275316442,52,1,30.0,0.45,20.0,1.0,12,1,200,0.004,100,10.0,1.0,0,83,0,0.83,0.37569036013383494,-0.4531409117939051,2.6756230432535952,0.026009250641094758,0.04021301603831817,0.09406109593324986,0.835850737015308,0.8743444827376458,0.320333806439459,0.5917265480371865,1.138026388099205,0.9532680802338175,1.2292609598585051,280.66674690609716
163,20163,35ace65,v2_solver_dt4ms,1,1,1,success,48,20.669519603086417,9.521759787062942,6.407143890851079,42,1,30.0,0.45,20.0,1.0,12,1,200,0.004,100,10.0,1.0,0,35,0,0.7291666666666666,0.3124793827215021,-0.45535902006399565,-0.701191597259589,0.02543225028677531,0.037594247945257946,0.0589808436247824,1.6368648377763968,0.9418902354942029,0.3364782022840431,0.21736349027025034,0.9616167699354438,0.9608325917371394,1.2383991528530451,282.8505494847646
164,20164,35ace65,v2_solver_dt4ms,1,1,1,success,71,19.151201815626237,9.081661778877484,13.444806587243157,59,1,30.0,0.45,20.0,1.0,12,1,200,0.004,100,10.0,1.0,0,52,0,0.7323943661971831,0.3178380154076528,-0.6406009749914983,-0.7624691490421176,0.022342327908946434,0.03646594234079108,0.03987509393889509,1.2403193670153865,0.8633702780097248,0.3387540398812562,0.4894664238071505,1.0619178164534981,1.1155672977567896,0.8852112482579825,288.8489097476433
165,20165,35ace65,v2_solver_dt4ms,1,1,1,success,56,20.434535857129422,30.249978242352928,10.698434824270874,43,1,30.0,0.45,20.0,1.0,12,1,200,0.004,100,10.0,1.0,0,43,0,0.7678571428571429,0.3274428780642474,-0.22110841929692793,-1.4383558270390777,0.021803615478176108,0.03727943443795801,0.1151929211400618,1.2724239284975467,0.9014736243108369,0.3264009781285034,0.6734674511550479,1.0484579145154178,1.0296439188107356,1.0821155966485523,281.2675426937576
166,20166,35ace65,v2_solver_dt4ms,1,1,1,success,55,1.8788496102501275,15.760838992916366,12.432566477750479,48,1,30.0,0.45,20.0,1.0,12,1,200,0.004,100,10.0,1.0,0,49,0,0.8909090909090909,0.3129756165465986,-0.5397850568022393,-1.3616176816302907,0.0225300530294463,0.033419557865618434,0.08898703366946713,1.0849854340212113,1.3522712460397117,0.3103288684919361,0.4037956949834529,0.9954423661691126,1.0295959845549951,1.1095018102333625,285.9305553697074
167,20167,35ace65,v2_solver_dt4ms,1,1,1,success,53,19.297041817967727,24.01153397888748,0.3723303426563402,47,1,30.0,0.45,20.0,1.0,12,1,200,0.004,100,10.0,1.0,0,43,0,0.8113207547169812,0.31994623449068615,-0.32303178871364635,0.7047335371206493,0.021873683339575904,0.034694182559782294,0.10420850828407231,1.5746804907890841,1.1353707792705736,0.3792676488410066,0.32967298818301427,1.0630618970037125,1.0696706956713764,0.9886221771361973,282.5729197068166
168,20168,35ace65,v2_solver_dt4ms,1,1,1,success,48,1.8665449970953671,2.924071023123394,3.2326319292525225,41,1,30.0,0.45,20.0,1.0,12,1,200,0.004,100,10.0,1.0,0,42,0,0.875,0.3270434687741861,-0.18590579226066506,-2.427571450172885,0.02556617132198689,0.03310284163192224,0.07316143635325817,1.792065937737583,1.042102275247753,0.3297074823608746,0.3999742966524616,1.050886911607302,1.0882592970581386,0.9745621498903871,279.913207884851
169,20169,35ace65,v2_solver_dt4ms,1,1,1,success,65,23.784503052496202,11.993930233971868,5.73703789925322,60,1,30.0,0.45,20.0,1.0,12,1,200,0.004,100,10.0,1.0,0,51,0,0.7846153846153846,0.3481455338574443,-0.7078006797623155,3.032090539589202,0.027308512341254195,0.030499995157933533,0.10980498396658693,1.2867391788216225,0.7371710170966871,0.371836710686943,0.3353467741525758,1.0936747868412753,0.9869709127262396,1.0007379744052405,286.5358314675245
170,20170,35ace65,v2_solver_dt4ms,1,1,1,success,71,12.169995087569752,2.1742128751681395,0.23833504721382187,68,1,30.0,0.45,20.0,1.0,12,1,200,0.004,100,10.0,1.0,0,64,0,0.9014084507042254,0.3356949136448621,-0.7202180138630172,-1.7507707490329123,0.026545616812177302,0.031239540834409475,0.048205594000273244,1.5052888176558432,0.9221190224194457,0.3686669343235386,0.26638548250106703,1.1171324710849593,1.09913405742867,0.9589132822946751,289.1301234574016
171,20171,35ace65,v2_solver_dt4ms,1,1,1,success,50,7.609078067216881,11.054650809673529,0.8877270901221752,47,1,30.0,0.45,20.0,1.0,12,1,200,0.004,100,10.0,1.0,0,38,0,0.76,0.38359504937106714,-0.23644792364187261,-0.06307341949381051,0.02682540073754548,0.03063862237081413,0.10904008782386407,1.1420615106461414,1.3780634783813317,0.3122301185397623,0.27932311836926776,1.0639369649835768,1.0305544733786525,1.012928050953228,278.79885111048145
172,20172,35ace65,v2_solver_dt4ms,1,1,1,success,61,12.16530138052766,39.09299057277995,1.124532295789413,57,1,30.0,0.45,20.0,1.0,12,1,200,0.004,100,10.0,1.0,3,53,0,0.8688524590163934,0.37179663636393867,-0.5550326463079771,-1.593031131013675,0.023243058077815064,0.03589670920412711,0.05530705944204368,0.9616415862457518,1.0046755666960072,0.37846132219040834,0.45726080427341564,0.9418405335151322,1.032934774043723,0.947327287879908,287.6242060125296
173,20173,35ace65,v2_solver_dt4ms,1,1,1,success,68,22.880027743078852,13.588791012596019,15.215969457563633,50,1,30.0,0.45,20.0,1.0,12,1,200,0.004,100,10.0,1.0,0,57,0,0.8382352941176471,0.3584722287903518,-0.406647239928639,-2.40005081234106,0.026870199290433956,0.04015781497513601,0.0706433435447654,1.2263165480130986,0.711922394255776,0.3274655600524988,0.38218424855782807,0.9960939439288569,1.0631699458156354,1.0436670234644432,279.61703899556954
174,20174,35ace65,v2_solver_dt4ms,1,1,1,success,70,15.999162605256194,24.29461894070981,7.243231799132787,62,1,30.0,0.45,20.0,1.0,12,1,200,0.004,100,10.0,1.0,0,50,0,0.7142857142857143,0.3537243469383401,-0.6532297595768063,-1.1342793915398852,0.02281564052647949,0.03304796661867075,0.05906270195163676,1.9978781194529818,0.7750436215548135,0.3710002340582232,0.6415138087055288,0.9801724614024491,0.9486304518057098,1.0175158636163681,291.11780493234136
175,20175,35ace65,v2_solver_dt4ms,0,1,1,timeout,200,11.77935406021848,35.90233661345809,20.922775216314815,51,0,30.0,0.45,20.0,1.0,12,1,200,0.004,100,10.0,1.0,0,181,0,0.905,0.3680499380901533,-0.5342904845059958,-1.4889428122179937,0.021002233815889174,0.03879839099404208,0.053563746361678044,0.9101356851390794,0.8946728959773833,0.3818164288687087,0.42019025985156255,1.055585413747921,1.0186568103878315,1.161446940484827,73.7927276313583
176,20176,35ace65,v2_solver_dt4ms,1,1,1,success,66,8.65648599590624,1.3403096403656225,0.28389172782145833,63,1,30.0,0.45,20.0,1.0,12,1,200,0.004,100,10.0,1.0,0,50,0,0.7575757575757576,0.3444039716889989,-0.672575622585037,-0.7308657994134409,0.025941665732579586,0.034879212693187375,0.11051834013982578,1.177560772367009,0.6312238877359335,0.3841991559884172,0.2383751471424694,0.9414429971054236,0.9808036110165589,1.1167033255693495,292.2312852753823
177,20177,35ace65,v2_solver_dt4ms,1,1,1,success,68,16.37261487264838,17.609390779455218,12.829673578182705,61,1,30.0,0.45,20.0,1.0,12,1,200,0.004,100,10.0,1.0,0,45,0,0.6617647058823529,0.3778565743417709,-0.4093007841427111,0.09268081995288124,0.020959625937401295,0.03261101329001041,0.10265971287117458,1.8320647602172224,0.9621791228405379,0.3631921226060723,0.6473142873115227,1.0146557461763739,0.9026221757730539,1.1604492551435257,289.51024845832103
178,20178,35ace65,v2_solver_dt4ms,1,1,1,success,63,13.069920618413276,7.146562918322881,0.19563049023719717,59,1,30.0,0.45,20.0,1.0,12,1,200,0.004,100,10.0,1.0,0,50,0,0.7936507936507936,0.34464861598920155,-0.5427015919010723,-0.04768292998594914,0.023721396263257467,0.037030977449257374,0.08821104332346175,1.4576366048796403,0.6252122112343993,0.30945212058583504,0.574879226107569,1.0438131724160786,1.0541119273673478,1.0946248535802767,289.1696341149947
179,20179,35ace65,v2_solver_dt4ms,1,1,1,success,53,36.65477541696028,34.018899427280545,6.9975893214627645,47,1,30.0,0.45,20.0,1.0,12,1,200,0.004,100,10.0,1.0,0,46,0,0.8679245283018868,0.3197139147009896,-0.2782178430451665,1.7093898889038694,0.024592910299710277,0.0379623464963472,0.06256154611352369,1.7500280042325767,1.3592736603667563,0.3483586381448678,0.25731280478722524,1.1047706281633758,1.0759954659416837,0.8957693847182425,280.49662455161916
180,20180,35ace65,v2_solver_dt4ms,0,0,0,timeout,200,251.94817993616,nan,nan,-1,1,30.0,0.45,20.0,1.0,12,1,200,0.004,100,10.0,1.0,0,185,0,0.925,0.31259929549028115,-0.6992809685262121,-1.820743054889828,0.02677644137753905,0.03435847586241802,0.06494221158258856,0.9838868327754038,1.357156458692416,0.3893285555302738,0.21162678213855624,1.0525135070333327,1.0909748397119479,1.2900753770350242,-7.948986747704921
181,20181,35ace65,v2_solver_dt4ms,1,1,1,success,63,22.13445926531919,19.58310570494338,9.428949377282402,56,1,30.0,0.45,20.0,1.0,12,1,200,0.004,100,10.0,1.0,0,47,0,0.746031746031746,0.32383941256731386,-0.5528537575361582,3.1082078626288663,0.02257016531242563,0.029999336460622607,0.10015553276199747,1.0981487755593662,1.3723909006678081,0.32009367834968716,0.6755828287479339,1.0070301135764208,1.0224301944030443,0.9799493402157461,288.23538624697017
182,20182,35ace65,v2_solver_dt4ms,1,1,1,success,52,12.734324490178981,15.993994763071548,0.7980416149815233,44,1,30.0,0.45,20.0,1.0,12,1,200,0.004,100,10.0,1.0,0,46,0,0.8846153846153846,0.3367887671549851,-0.22810573338008777,0.7822209979634338,0.02714737574338496,0.031036635287834496,0.04843101988251117,1.2071258479126652,1.1106704424948175,0.35923064721991743,0.48497059130102915,0.99292837895275,1.002094286862954,0.8592907477851466,278.09675576290033
183,20183,35ace65,v2_solver_dt4ms,1,1,1,success,51,7.7631961358648764,19.798651694181643,6.9905276589097065,44,1,30.0,0.45,20.0,1.0,12,1,200,0.004,100,10.0,1.0,0,39,0,0.7647058823529411,0.3661962704227914,-0.44164041381435454,-2.003200279592914,0.02198505233034583,0.03648800705792904,0.0327209149014,1.4678045100862076,1.24429612027117,0.30234221897791064,0.32944882998762653,1.1055634309225417,1.0449564166312597,1.093638076891386,284.69448735637116
184,20184,35ace65,v2_solver_dt4ms,1,1,1,success,54,19.18583837480285,13.517626826430373,11.889686583559467,48,1,30.0,0.45,20.0,1.0,12,1,200,0.004,100,10.0,1.0,0,45,0,0.8333333333333334,0.31255678121586017,-0.5586280556528211,2.2997258462753214,0.02090620257550387,0.034921084211591256,0.07408857946763531,0.9591063178714311,0.9759260766586964,0.3399035619875824,0.39134310745222656,1.0540665819754655,0.9857122715477395,0.891326300092442,286.03894291418567
185,20185,35ace65,v2_solver_dt4ms,1,1,1,success,48,17.75378710552809,7.967693154177117,20.75710655025454,40,1,30.0,0.45,20.0,1.0,12,1,200,0.004,100,10.0,1.0,0,33,0,0.6875,0.30605506480594663,-0.31775277311763866,-2.873590018814431,0.026744764000083972,0.031604909675641384,0.035303115901137945,1.930845758302795,0.6557069531671716,0.30838090649833844,0.29857311260290276,1.1216281061542375,1.0235279468240426,1.134776825408363,282.1604880096933
186,20186,35ace65,v2_solver_dt4ms,1,1,1,success,80,32.52874126632611,23.42537691979043,14.090215394622678,68,1,30.0,0.45,20.0,1.0,12,1,200,0.004,100,10.0,1.0,0,62,0,0.775,0.3333721064650831,-0.20211178692810594,-2.2321939665739214,0.0248120096390143,0.03984017723419618,0.08019257065918386,1.842395387265635,0.8484162309082317,0.36534091224065135,0.6590296582158824,1.0496054740026963,1.0681733457504137,1.0690658723740774,281.79563226021065
187,20187,35ace65,v2_solver_dt4ms,1,1,1,success,56,18.17208340369739,27.77566706839821,4.848875758945732,50,1,30.0,0.45,20.0,1.0,12,1,200,0.004,100,10.0,1.0,0,40,0,0.7142857142857143,0.3066166373805323,-0.4418648760465823,-0.46346448530458595,0.02354108557304804,0.031798218934067,0.10507388691450167,1.1988324449057317,0.7743973942839643,0.31188292891882785,0.5203740913170003,1.032004209494352,1.0956955983614445,1.1365149190467596,283.82084226917397
188,20188,35ace65,v2_solver_dt4ms,1,1,1,success,70,12.992351430805206,28.34288212502174,16.61036286323733,61,1,30.0,0.45,20.0,1.0,12,1,200,0.004,100,10.0,1.0,0,52,0,0.7428571428571429,0.3773351162950954,-0.6817400301019977,1.3930170378533822,0.02315661655370022,0.035813050355301,0.09901189653261776,1.822110530682777,0.7763798427695523,0.33391645290905037,0.5092015498376724,0.9297880745426664,1.002900320472334,1.17737307621474,293.64693522655296
189,20189,35ace65,v2_solver_dt4ms,1,1,1,success,66,22.06214814201926,21.037740457149965,3.356443832667214,60,1,30.0,0.45,20.0,1.0,12,1,200,0.004,100,10.0,1.0,0,51,0,0.7727272727272727,0.31740915919739265,-0.6832737971085847,1.375790686040279,0.02470491007210796,0.036488213520299656,0.06652693406988383,1.9356236832397296,1.3659270415627027,0.32725758500941765,0.6014048142900608,0.9422332445777312,0.9853408434189052,1.103252518882189,290.5572420785985
190,20190,35ace65,v2_solver_dt4ms,1,1,1,success,61,21.740840996639548,18.142663486838416,8.715381183834086,54,1,30.0,0.45,20.0,1.0,12,1,200,0.004,100,10.0,1.0,0,36,0,0.5901639344262295,0.35470017745828775,-0.46935689291563987,-0.3581311727572527,0.022548597207645515,0.038532385312193884,0.10748225275651647,1.794285137644108,0.9074350413893363,0.3878587705528465,0.5170008036316497,0.9655964397629709,1.0348216221749935,1.0347088780735052,287.1603773068932
191,20191,35ace65,v2_solver_dt4ms,1,1,1,success,44,8.411776765310423,7.538794845243836,10.124794315518853,39,1,30.0,0.45,20.0,1.0,12,1,200,0.004,100,10.0,1.0,0,28,0,0.6363636363636364,0.37523592654436577,-0.2152943071313752,-0.5413384103275956,0.02151462880326489,0.03546942713026847,0.03834927567051001,1.4249098205410822,0.7824200447418167,0.33113565243617515,0.24455916378651957,0.9849561096544907,1.0010991859994653,0.9539482306041247,281.0159791610123
192,20192,35ace65,v2_solver_dt4ms,1,1,1,success,61,18.045414495975603,21.981724649718682,5.189445124107874,51,1,30.0,0.45,20.0,1.0,12,1,200,0.004,100,10.0,1.0,0,55,0,0.9016393442622951,0.3204357589791502,-0.4536558592689692,0.23892808757451212,0.02342559845477529,0.03808078725204443,0.10738182195099788,0.8047943653814653,0.9782752160528331,0.3005078898027917,0.5556275471710219,0.9885849224827691,0.9316404608626568,1.0230056074676943,284.97882300203
193,20193,35ace65,v2_solver_dt4ms,1,1,1,success,54,16.62169128443108,16.930762505263697,2.856388580808767,48,1,30.0,0.45,20.0,1.0,12,1,200,0.004,100,10.0,1.0,0,35,0,0.6481481481481481,0.30137608783653924,-0.20314179688054734,0.8514576709759742,0.027069389413449812,0.0325242390271397,0.056205811324982057,0.903907793926159,0.7552998797303285,0.36184597851241296,0.658733363626365,1.0100894840374264,0.9842590095256571,0.9703245346038989,281.5018536951059
194,20194,35ace65,v2_solver_dt4ms,1,1,1,success,78,42.48650851652321,44.3720422226063,9.146117216611206,69,1,30.0,0.45,20.0,1.0,12,1,200,0.004,100,10.0,1.0,0,62,0,0.7948717948717948,0.38544499006937616,-0.4447768845294288,-0.203549091439716,0.024488405648320197,0.03678946555152867,0.04908667724715213,1.4552578345951477,1.1772041244029479,0.38141535284675726,0.7222178583078753,1.0680105748095634,1.0209470572753898,1.025571807719133,292.4677263771498
195,20195,35ace65,v2_solver_dt4ms,1,1,1,success,47,18.71354297802023,20.0458626557814,7.826143496442369,42,1,30.0,0.45,20.0,1.0,12,1,200,0.004,100,10.0,1.0,0,34,0,0.723404255319149,0.3092099344706523,-0.23429955409235342,1.2638461905094935,0.024208598715514017,0.031370270960077704,0.03402770293757167,1.3082904742916635,1.0061775419229462,0.3842553250481099,0.47190008025932106,0.9535762599383878,0.9806722390126382,0.899673591027322,279.9810790868978
196,20196,35ace65,v2_solver_dt4ms,1,1,1,success,56,6.539780335650504,27.0972406268677,19.06924866413176,45,1,30.0,0.45,20.0,1.0,12,1,200,0.004,100,10.0,1.0,0,43,0,0.7678571428571429,0.3613525007959069,-0.4611059353025476,2.6207720023758982,0.023147163059486015,0.029787415156839706,0.07332950843961639,1.174707446020869,0.7252085235440989,0.31413238693576007,0.3283536550922441,0.9962503401068733,1.0654411951146436,0.872683701463209,289.0800951399638
197,20197,35ace65,v2_solver_dt4ms,1,1,1,success,57,15.838541433388944,19.841520050567887,2.0683232305548946,52,1,30.0,0.45,20.0,1.0,12,1,200,0.004,100,10.0,1.0,0,40,0,0.7017543859649122,0.3428180493682183,-0.31730408926058756,1.7706110207308559,0.02490743797309337,0.03658835528275149,0.033692157848217254,1.4271056329817806,0.8838567847229242,0.38102607461584365,0.42248291235735835,1.0668887532361997,0.9840179961341535,1.0821566796977158,282.17870290376993
198,20198,35ace65,v2_solver_dt4ms,1,1,1,success,49,5.2894778026175935,7.96484459986601,0.6098105507639343,39,1,30.0,0.45,20.0,1.0,12,1,200,0.004,100,10.0,1.0,2,39,0,0.7959183673469388,0.31707581366058746,-0.3014043090205541,2.8317562017581945,0.02344419502811817,0.03794692317757871,0.11722638408793074,1.5759695144923627,1.2391481600510748,0.3091755277417217,0.18523087445996947,1.010807657644906,1.0754067206000593,1.1579608752255577,280.13000729515164
199,20199,35ace65,v2_solver_dt4ms,1,1,1,success,52,14.446970839186752,10.049941492224026,4.310860319456883,49,1,30.0,0.45,20.0,1.0,12,1,200,0.004,100,10.0,1.0,0,40,0,0.7692307692307693,0.3287394270867541,-0.3505396714083108,1.8096208601562696,0.026440673025579446,0.03867996854893973,0.09885808106418603,1.378261582544559,1.3802738829865482,0.38502280854684207,0.3941104689543201,1.0932950186476906,1.065130095503563,1.2156331905782942,281.11933521815826
200,20200,35ace65,v2_solver_dt4ms,1,1,1,success,91,17.92269439673389,18.90324621984671,7.888990710794051,47,1,30.0,0.45,20.0,1.0,12,1,200,0.004,100,10.0,1.0,0,79,0,0.8681318681318682,0.32470208694031927,-0.4619051552135784,-0.24213876776747245,0.025684680829242478,0.0327407973716602,0.10940583595370944,1.6862967771424817,0.897708447322767,0.30163258683411076,0.2771734883983319,1.0423089215941912,1.0589554952064595,1.0966403927823465,282.40346241509485
201,20201,35ace65,v2_solver_dt4ms,1,1,1,success,70,18.506683110255523,11.851337367998505,17.31052053569997,61,1,30.0,0.45,20.0,1.0,12,1,200,0.004,100,10.0,1.0,1,51,0,0.7285714285714285,0.35281151155244744,-0.6649919370475512,-2.887872096655685,0.0221626582343697,0.039473003826561624,0.09660579873684319,0.8521893051680864,0.9152689545209092,0.32998381801784826,0.2712668911369988,1.0289118532699286,1.0860893794294906,0.944513966732991,288.8399662439797
202,20202,35ace65,v2_solver_dt4ms,1,1,1,success,55,10.197842079733558,23.78711598676967,14.694150963624244,48,1,30.0,0.45,20.0,1.0,12,1,200,0.004,100,10.0,1.0,0,43,0,0.7818181818181819,0.3323893113479022,-0.3721423164744721,2.423426350530103,0.02222178737425651,0.03640514548158751,0.0810596877326118,1.6419472077438975,0.777107851130105,0.34634763699661375,0.44666929563393826,0.9217312171349318,1.0889884459881345,1.092501870977189,282.6659709136366
203,20203,35ace65,v2_solver_dt4ms,1,1,1,success,57,15.005276187713884,29.728960678501934,2.7900652115770312,52,1,30.0,0.45,20.0,1.0,12,1,200,0.004,100,10.0,1.0,0,45,0,0.7894736842105263,0.3564363223117195,-0.26442422394959314,1.0136815408328124,0.023515566521198433,0.036516503040227986,0.08801076439144294,1.963000731417603,0.7429495166485849,0.3705886458601313,0.6996855974256909,1.047720524203913,0.9859566272664058,1.087455987381545,286.42517613313424
204,20204,35ace65,v2_solver_dt4ms,1,1,1,success,162,34.129168278363494,16.72469392359227,24.045351264063424,62,1,30.0,0.45,20.0,1.0,12,1,200,0.004,100,10.0,1.0,0,125,0,0.7716049382716049,0.3789023529025997,-0.6812911255098522,-0.713776995981779,0.022897054184293806,0.03776694146613586,0.07218200170808312,1.2087602202314969,0.6510442888502677,0.3304891873759422,0.3564478030850605,0.9998774566323728,1.0248709811127847,0.8484181528888538,273.8424305053243
205,20205,35ace65,v2_solver_dt4ms,1,1,1,success,50,12.760780083227706,14.659781659483022,6.677032067664978,43,1,30.0,0.45,20.0,1.0,12,1,200,0.004,100,10.0,1.0,0,29,0,0.58,0.35539084633638174,-0.2031850733945657,-1.546074504254932,0.023597118550790958,0.03514700842258752,0.0876990830722878,1.336531430270611,1.3721174940965533,0.3198000081516986,0.5142411070050298,1.0325095217495492,1.0558522336011202,1.2756465142572884,280.9812677313812
206,20206,35ace65,v2_solver_dt4ms,1,1,1,success,73,18.81074688701881,25.353830981309034,6.455670146326321,66,1,30.0,0.45,20.0,1.0,12,1,200,0.004,100,10.0,1.0,3,58,0,0.7945205479452054,0.3612464099726605,-0.6972505233223764,-1.7757663456605441,0.023608783364228662,0.03821424197355048,0.10621611768202592,1.8872012758006924,1.1579466704568422,0.38260275678922184,0.7139437749200288,0.9976622859475676,0.9447003359720955,1.15469280594073,292.71810383685545
207,20207,35ace65,v2_solver_dt4ms,1,1,1,success,106,33.30021541928015,13.001582194984351,18.029702799434144,68,1,30.0,0.45,20.0,1.0,12,1,200,0.004,100,10.0,1.0,0,86,0,0.8113207547169812,0.3819215840089527,-0.3097314753896112,3.111469943334641,0.026723385729572842,0.03556968850654917,0.0354528636955822,1.1728584525682164,0.6306477310833087,0.36647073557930154,0.6099842933658116,0.9835129511849839,1.0071196748565328,1.1442026928132831,281.9115194054591
208,20208,35ace65,v2_solver_dt4ms,0,1,0,timeout,200,499.01063614796556,nan,nan,-1,1,30.0,0.45,20.0,1.0,12,1,200,0.004,100,10.0,1.0,0,196,0,0.98,0.3880575620337361,-0.323556382783738,2.112274645783348,0.023254342955532945,0.03368197780894869,0.10828675496693152,1.6974557878225056,1.2405501402886414,0.3529519492656594,0.5915413261353977,1.0876203300800522,1.0317100721011898,1.087483363067411,-11.677454493323232
209,20209,35ace65,v2_solver_dt4ms,1,1,1,success,73,35.54693200165196,15.876136203523787,16.222594362978796,59,1,30.0,0.45,20.0,1.0,12,1,200,0.004,100,10.0,1.0,0,57,0,0.7808219178082192,0.3140196375402638,-0.383955286593572,-3.0488696034745058,0.024302589478268802,0.034896223551881385,0.10025963063299344,1.807675482986151,0.772131353166092,0.3470786298542183,0.7101293598625127,1.0509429214521657,0.9560554069465096,1.0111734608384606,280.1151381123492
210,20210,35ace65,v2_solver_dt4ms,1,1,1,success,49,11.370962010093034,12.672577256231026,1.1502134143923874,45,1,30.0,0.45,20.0,1.0,12,1,200,0.004,100,10.0,1.0,0,39,0,0.7959183673469388,0.3384119250646939,-0.49923635044349174,-1.948891862740655,0.023504755070658197,0.03459616508001846,0.04048068412704057,1.3983492592761455,1.0431355465020875,0.30777683490048413,0.31042249406369526,1.167408089064311,0.9645719454405294,0.8977065774279129,282.26045398840745
211,20211,35ace65,v2_solver_dt4ms,1,1,1,success,75,15.739151942172318,10.162103830069325,1.229934538806595,71,1,30.0,0.45,20.0,1.0,12,1,200,0.004,100,10.0,1.0,0,62,0,0.8266666666666667,0.35054925579377666,-0.49061372082847077,1.0595449766712095,0.027350174896074084,0.03761740741146258,0.07792019304736647,1.838064226634385,0.6154307701591398,0.32464264404782894,0.24087772323079146,0.9928506205149924,0.9551202907309074,0.8816063414112654,248.6577840644523
212,20212,35ace65,v2_solver_dt4ms,1,1,1,success,61,14.851367598722804,14.425428852751898,15.82812937668182,47,1,30.0,0.45,20.0,1.0,12,1,200,0.004,100,10.0,1.0,0,41,0,0.6721311475409836,0.37982618919835176,-0.40105586458223025,-1.1153265972748851,0.021445855433768857,0.03901899592841536,0.09013270297492357,0.8641636904144603,1.3131757604692924,0.31657433082397063,0.43690502297629524,1.0960354144411508,1.051680979316165,0.8995112127508,284.6291232291045
213,20213,35ace65,v2_solver_dt4ms,1,1,1,success,72,15.595458417069127,20.447100243997085,4.966901424832684,68,1,30.0,0.45,20.0,1.0,12,1,200,0.004,100,10.0,1.0,0,65,0,0.9027777777777778,0.3095101663131304,-0.6903256557431467,-3.1304562190365943,0.025631816654313796,0.03508287369678579,0.04433763363317286,1.1691836150376016,1.1917722970163331,0.37937738706195095,0.6341643701999173,0.9557015813994999,1.0584510884935985,0.9281340241295399,289.8538632716522
214,20214,35ace65,v2_solver_dt4ms,1,1,1,success,47,42.30361852865371,42.18630914049744,3.0333516094528434,42,1,30.0,0.45,20.0,1.0,12,1,200,0.004,100,10.0,1.0,0,36,0,0.7659574468085106,0.30853395522810484,-0.34579633154625455,2.12222833769012,0.02152975421443807,0.029854707860062873,0.05264862882433634,1.0563020310856286,1.3958944511740894,0.3470406041728916,0.17872757669947686,1.017524920966873,1.0993248532688267,1.171723971380294,279.79060506653514
215,20215,35ace65,v2_solver_dt4ms,1,1,1,success,55,5.449739828129957,16.833262646908924,21.10781011757192,47,1,30.0,0.45,20.0,1.0,12,1,200,0.004,100,10.0,1.0,0,41,0,0.7454545454545455,0.31369393645807847,-0.4827817106436285,-2.861602078166274,0.020490088203164357,0.03484417157640454,0.07966881019674892,1.3935973362563394,0.6232021272222383,0.33034492545952765,0.3223631277309807,1.0277285095451223,1.048091841821424,1.191497563899507,283.26963207403645
216,20216,35ace65,v2_solver_dt4ms,1,1,1,success,49,20.680137101043734,19.67336862999657,2.749276211574735,43,1,30.0,0.45,20.0,1.0,12,1,200,0.004,100,10.0,1.0,0,36,0,0.7346938775510204,0.30256043585569364,-0.25388872552825187,3.1023007888971748,0.02438287443433779,0.03408317726963035,0.10414987166500825,1.1377786921108068,0.8572891640863327,0.34763950176809405,0.19230593792475145,1.0900424793617867,1.0525024751582168,0.9778735964708514,276.8284687274743
217,20217,35ace65,v2_solver_dt4ms,1,1,1,success,57,23.806322929972268,16.645431898069603,4.820181000703709,52,1,30.0,0.45,20.0,1.0,12,1,200,0.004,100,10.0,1.0,0,49,0,0.8596491228070176,0.3037781542575768,-0.421958878099487,1.6020174207688296,0.024486237625650355,0.036346600037944744,0.06746085393066348,1.732808532665917,1.2342664949912425,0.3602914531073927,0.5870700926677314,1.0760574330253445,1.0195621511750024,0.9642609786915528,284.51696653752725
218,20218,35ace65,v2_solver_dt4ms,1,1,1,success,59,9.657300986499944,8.728250714499817,0.9907162777230236,53,1,30.0,0.45,20.0,1.0,12,1,200,0.004,100,10.0,1.0,0,43,0,0.7288135593220338,0.33772939807545005,-0.5184318500697898,2.8018499492377895,0.020685068635104067,0.03495681153243826,0.08399719594642688,1.288483632651202,0.9855839117588416,0.3638714029755843,0.421236106711647,1.069704238212614,1.0561803228769115,0.8405872230942172,286.0657532923982
219,20219,35ace65,v2_solver_dt4ms,1,1,1,success,69,31.47375614659126,27.487931734923475,14.990085398517792,63,1,30.0,0.45,20.0,1.0,12,1,200,0.004,100,10.0,1.0,0,64,0,0.927536231884058,0.36092607048640707,-0.6045989266060254,0.08976222667703526,0.02432458765418133,0.0378533299265233,0.052127513283989006,1.9369658895267592,1.1230822870805248,0.3138549477852565,0.7205927998305048,1.0946574255820893,1.0172454437119018,0.8966669128355577,292.1845074246898
220,20220,35ace65,v2_solver_dt4ms,1,1,1,success,58,18.33812684008507,8.846597182829251,10.810205981364033,48,1,30.0,0.45,20.0,1.0,12,1,200,0.004,100,10.0,1.0,0,49,0,0.8448275862068966,0.3052278563601501,-0.3694261054751618,0.12080858704086683,0.023570389386346872,0.02995096500135028,0.10557505999721828,1.816450734428084,1.1697487423719668,0.32183417547703963,0.5956695392142825,1.0363724280841438,1.0969239852212127,1.326127512898926,286.5986740501491
221,20221,35ace65,v2_solver_dt4ms,1,1,1,success,75,28.1670610457291,25.91847607094638,6.740079626111785,57,1,30.0,0.45,20.0,1.0,12,1,200,0.004,100,10.0,1.0,0,68,0,0.9066666666666666,0.3634111572903809,-0.3940955322126517,-1.739694527840996,0.025509986830245194,0.03716860534598308,0.11037113729718898,1.126104651615728,0.923331631745427,0.3609101817817094,0.7277972983964168,0.996974300946561,0.9004541709673678,1.075280374340449,285.815780964773
222,20222,35ace65,v2_solver_dt4ms,1,1,1,success,57,8.57441999379133,13.039595645730262,1.1899387865927533,48,1,30.0,0.45,20.0,1.0,12,1,200,0.004,100,10.0,1.0,0,48,0,0.8421052631578947,0.3330772238282294,-0.28635552085817617,-0.9885468035248284,0.024343076030656927,0.03659653731468282,0.050040082536367256,1.8016381322716544,1.2159864679341483,0.35840682331535206,0.4521666097020366,0.9930900475744758,1.044006687433542,1.115996960333249,278.89812087927385
223,20223,35ace65,v2_solver_dt4ms,1,1,1,success,84,11.18612717399764,14.055488390883827,7.121992855058427,54,1,30.0,0.45,20.0,1.0,12,1,200,0.004,100,10.0,1.0,0,71,0,0.8452380952380952,0.3678829456871728,-0.7085020486861981,2.7067487918401927,0.02355376250464341,0.031929783748420426,0.061763095411985686,1.2019848014032148,0.9751715225879305,0.330333017812125,0.20991974640303993,1.061813979231834,1.0120097746143162,1.0573689409576668,287.73105219314266
224,20224,35ace65,v2_solver_dt4ms,1,1,1,success,62,12.151020884092757,19.540516790476993,11.73284425428961,55,1,30.0,0.45,20.0,1.0,12,1,200,0.004,100,10.0,1.0,0,46,0,0.7419354838709677,0.33751054623490484,-0.5203498195468823,-0.35068825220594624,0.026109833817048844,0.032270849083796724,0.11270843241106446,1.3019380661465898,0.7837611815617734,0.3378778702834923,0.5730487515432169,1.1046240069549496,1.0077341026367406,0.9480235965248334,293.48106732773573
225,20225,35ace65,v2_solver_dt4ms,1,1,1,success,129,23.03570561729433,28.895527680318384,13.357717510720962,49,1,30.0,0.45,20.0,1.0,12,1,200,0.004,100,10.0,1.0,0,121,0,0.937984496124031,0.36562704408237723,-0.4036899666500715,-0.53462428429861,0.023983916518439594,0.036917070033829574,0.08556941632613713,1.9950149487943287,0.7046672672294251,0.34015693756905396,0.44671009297288267,0.9724577146307107,1.0249651580720056,1.137709807116897,277.9130205503376
226,20226,35ace65,v2_solver_dt4ms,1,1,1,success,61,8.759712269776294,16.446277063439556,1.7162471582619099,54,1,30.0,0.45,20.0,1.0,12,1,200,0.004,100,10.0,1.0,0,44,0,0.7213114754098361,0.34491754691325205,-0.6594253541752624,2.8655488503304127,0.025087619136026893,0.034638427332064264,0.10161442084522006,1.9377368385582399,1.2690415704986708,0.33653542406702935,0.17431797644980948,1.0790578905935104,1.0342598975090602,1.1261871448317229,287.50521028455205
227,20227,35ace65,v2_solver_dt4ms,1,1,1,success,59,16.2897100804392,19.557267338664882,12.45414465034726,50,1,30.0,0.45,20.0,1.0,12,1,200,0.004,100,10.0,1.0,0,46,0,0.7796610169491526,0.36339527824349727,-0.47569937590638206,-1.832025990262765,0.025099231743952177,0.0324338941553649,0.07067574973741877,0.9750487954117024,0.9804481142185637,0.3529378679065642,0.2436399145518527,1.0524682157961867,0.9802369269919115,1.0629187261194042,285.98068714363956
228,20228,35ace65,v2_solver_dt4ms,1,1,1,success,70,19.380947980663358,14.219454797401553,1.816164609866035,64,1,30.0,0.45,20.0,1.0,12,1,200,0.004,100,10.0,1.0,0,58,0,0.8285714285714286,0.3072462633233671,-0.6755972592704852,-0.3996679218386694,0.021531927800158546,0.030559136068493892,0.03528716456001067,1.7340009524142261,1.2792174423349871,0.37404431014536355,0.6604979634055688,1.0292603209019513,1.0622424032049793,1.0770351157394282,291.51826997032896
229,20229,35ace65,v2_solver_dt4ms,1,1,1,success,51,26.436382885699487,26.530180859299726,4.562474660354595,43,1,30.0,0.45,20.0,1.0,12,1,200,0.004,100,10.0,1.0,0,44,0,0.8627450980392157,0.32692198988861815,-0.3251281495951222,0.46568000405490384,0.02688240511032884,0.03974127998537744,0.059367934028998266,1.690912004977352,0.6856708868894896,0.33386777302935755,0.2478593884703239,0.9324850040061078,1.0207717358909265,0.9166409851730839,281.51487879121123
230,20230,35ace65,v2_solver_dt4ms,1,1,1,success,57,2.9185337172030845,11.421490791197401,1.8447169886465875,47,1,30.0,0.45,20.0,1.0,12,1,200,0.004,100,10.0,1.0,0,45,0,0.7894736842105263,0.34857056237301776,-0.6758605126495297,-1.1257093631997828,0.020697256066686324,0.037195620783234726,0.04851642964089192,1.9985511492300119,0.7596507792192759,0.32784877799772055,0.17726292261523538,1.0314243767505864,1.0039077733468493,1.1742408443212373,289.265371887246
231,20231,35ace65,v2_solver_dt4ms,1,1,1,success,57,15.298498593515465,13.51440283611853,0.8840275284735256,54,1,30.0,0.45,20.0,1.0,12,1,200,0.004,100,10.0,1.0,0,40,0,0.7017543859649122,0.3605358981189478,-0.6178424052806171,1.1279448206068334,0.026926104787586603,0.03185457853350116,0.10057100059116057,1.2746880306213306,0.6820869591795132,0.3535726727243111,0.17757563676459762,1.0354219063306915,0.9912756034578044,1.257218884706654,285.35466304825087
232,20232,35ace65,v2_solver_dt4ms,1,1,1,success,70,25.964829863142597,20.366686011465294,14.85058544221335,64,1,30.0,0.45,20.0,1.0,12,1,200,0.004,100,10.0,1.0,0,53,0,0.7571428571428571,0.30200145519670335,-0.5565800918209408,-1.705401203320881,0.02141396420187992,0.031011716090879965,0.10239272042095338,1.0088306311781745,0.794234294407217,0.34341177324730565,0.5577234245824603,0.9659346086815133,1.0638095892279176,0.9707742502896266,285.61140726760465
233,20233,35ace65,v2_solver_dt4ms,1,1,1,success,56,27.354823054169422,32.25257854486012,8.705857267091554,47,1,30.0,0.45,20.0,1.0,12,1,200,0.004,100,10.0,1.0,0,49,0,0.875,0.3810182129898066,-0.38963556200848587,-2.7949944579196373,0.02575287639552132,0.03633901275555947,0.10047102868160726,1.7148902211360777,0.9219087497145638,0.33394351571257475,0.46437338197897626,1.0506331225715524,1.015806559276289,1.013348904371242,284.0109617636092
234,20234,35ace65,v2_solver_dt4ms,1,1,1,success,57,22.54599166916315,19.793312762194706,14.413966010039816,50,1,30.0,0.45,20.0,1.0,12,1,200,0.004,100,10.0,1.0,0,49,0,0.8596491228070176,0.32225390730099956,-0.3196026750319109,2.773113574257284,0.02125032032582685,0.03701259865410613,0.11820097254350659,1.592227590984446,1.2887415842370475,0.3730110133184061,0.6190649699376816,1.1154980258352016,1.019092824978283,0.9575682139332153,284.98918170577235
235,20235,35ace65,v2_solver_dt4ms,1,1,1,success,67,9.551148461163738,19.73447033114244,22.705797361648127,56,1,30.0,0.45,20.0,1.0,12,1,200,0.004,100,10.0,1.0,0,42,0,0.6268656716417911,0.30236476779820154,-0.688729154449481,-0.7244411117505383,0.025701166205950962,0.035400753116749964,0.05319305214331327,1.2501088184472084,1.1645853790933218,0.35926503282840866,0.3096184472822085,0.9255077296737362,1.0379944342538632,1.1712154541366777,289.3849605574203
236,20236,35ace65,v2_solver_dt4ms,1,1,1,success,69,21.36744408901819,27.9593361836402,1.5337196352815399,65,1,30.0,0.45,20.0,1.0,12,1,200,0.004,100,10.0,1.0,0,50,0,0.7246376811594203,0.37584621164614773,-0.6946284259004012,0.4447042275025983,0.02573541427641206,0.03847985365057959,0.11663564134911882,1.3661269055729932,0.8296500273322708,0.382980516971508,0.4944524704409392,1.098602502482018,0.9792233271820926,1.0028578203711054,294.38417293421423
237,20237,35ace65,v2_solver_dt4ms,1,1,1,success,59,21.75464678341649,31.37452589348799,18.903138910510414,51,1,30.0,0.45,20.0,1.0,12,1,200,0.004,100,10.0,1.0,0,47,0,0.7966101694915254,0.32010631725855654,-0.6700228083665021,1.7961816003482047,0.022043410076892873,0.039846382975791045,0.11381192557223352,1.995881916717606,0.818733654646828,0.319568966496651,0.43610079624674236,1.0842708155928416,1.0547255331454712,1.051140695057208,287.581490296293
238,20238,35ace65,v2_solver_dt4ms,1,1,1,success,62,25.746950823223173,23.93550915769027,0.26683179304583327,56,1,30.0,0.45,20.0,1.0,12,1,200,0.004,100,10.0,1.0,0,45,0,0.7258064516129032,0.38365858501138184,-0.22230937174390808,-2.598625091290036,0.023513077948860817,0.032967362644112146,0.09088152916407868,0.8455552154875234,0.8486267995994017,0.3386420240765275,0.6216584325740659,1.0613353405622437,1.0244370932039089,1.156785293846463,284.4211452300222
239,20239,35ace65,v2_solver_dt4ms,1,1,1,success,63,26.214113724845465,18.97283004612207,8.249416969780073,56,1,30.0,0.45,20.0,1.0,12,1,200,0.004,100,10.0,1.0,0,39,0,0.6190476190476191,0.3305383351869702,-0.1918369691386269,2.939025097537133,0.022011607536748974,0.03576668609152656,0.06760838307739869,0.9876778857513566,1.0799856815037028,0.3546891382507468,0.7125105849848331,1.0604792865567243,1.0855726700131314,1.2288803883960733,284.10862357506244
240,20240,35ace65,v2_solver_dt4ms,1,1,1,success,56,19.39338865347555,15.293827449546438,2.6699130839547935,51,1,30.0,0.45,20.0,1.0,12,1,200,0.004,100,10.0,1.0,0,39,0,0.6964285714285714,0.3264098648324993,-0.30228011256770043,0.763736194525936,0.027406456231267768,0.03471027085982154,0.05736163131643654,1.842051339339715,1.399818105462017,0.3862492243888912,0.45003019914583414,1.0579703383292502,1.0215655370730627,0.8539620838960944,282.51279029943504
241,20241,35ace65,v2_solver_dt4ms,1,1,1,success,58,11.287112357954408,23.15948984599736,6.500921708350266,52,1,30.0,0.45,20.0,1.0,12,1,200,0.004,100,10.0,1.0,0,48,0,0.8275862068965517,0.3495192168398153,-0.3795124644689657,-1.250639801298658,0.023403881591622606,0.039016320749518975,0.050823867696434405,1.3640429377306256,1.2021863852493435,0.3679974263255769,0.5478584982127773,0.9674236815809085,1.036806766900412,0.991430078371969,284.2404205044394
242,20242,35ace65,v2_solver_dt4ms,1,1,1,success,54,5.81830306074669,21.350638779440636,5.0294043542957905,49,1,30.0,0.45,20.0,1.0,12,1,200,0.004,100,10.0,1.0,0,39,0,0.7222222222222222,0.36368058083960114,-0.26216624792343346,2.8110022949799687,0.02350213417809133,0.03511938173077702,0.09546887199832135,1.9919616489426346,0.9999026936450224,0.3542467175241355,0.610792336894032,1.0043452293376829,0.9492647813972245,1.1253799514982537,284.6872183694933
243,20243,35ace65,v2_solver_dt4ms,1,1,1,success,67,16.12932401733423,15.364676535535693,15.462355393881918,62,1,30.0,0.45,20.0,1.0,12,1,200,0.004,100,10.0,1.0,0,55,0,0.8208955223880597,0.3232498618620422,-0.5457524259730697,1.5854728240573301,0.02642124068001011,0.02986807911594252,0.11721947190271695,0.8602521999796862,1.3579666014727787,0.38609255501337564,0.5151925753396193,1.0943641581391623,0.9939632929232622,1.028844912642926,285.6998123464974
244,20244,35ace65,v2_solver_dt4ms,1,1,1,success,60,17.809322180177855,26.406808245573696,2.4075430801304885,53,1,30.0,0.45,20.0,1.0,12,1,200,0.004,100,10.0,1.0,3,46,0,0.7666666666666667,0.36812237853334484,-0.6910830009709381,-2.527752535119326,0.022239065941558354,0.037131121766121496,0.03728349552037622,1.4769459607018987,0.8416775570190165,0.3002249663423299,0.26913444655820373,1.0765063500264798,1.0422819646848027,0.9760243879769546,286.82563778333144
245,20245,35ace65,v2_solver_dt4ms,1,1,1,success,65,8.446174138071386,9.256538829120064,4.288133193085366,51,1,30.0,0.45,20.0,1.0,12,1,200,0.004,100,10.0,1.0,1,56,0,0.8615384615384616,0.32415513335854224,-0.6023369928106193,2.3980571114512363,0.022567255138488736,0.03842892985534797,0.11159485796876834,1.972713784248476,0.6767269062981928,0.3607878445091237,0.3941182373974986,1.0379276521764693,1.0207712030454277,1.1250864467774817,284.003865968299
246,20246,35ace65,v2_solver_dt4ms,0,1,0,object_lost,133,201.09482135751563,317.5156254183725,518.3207881984059,41,0,30.0,0.45,20.0,1.0,12,1,200,0.004,100,10.0,1.0,0,116,0,0.8721804511278195,0.3796475441092969,-0.7284387861283954,-1.510387643828997,0.026132425362487645,0.03889157616842182,0.06673691643586083,1.3216373655784355,0.7476946276208982,0.354502708047855,0.4562973024521028,0.9856266469983362,1.0322654773682045,0.7876758672328767,-176.3851938558696
247,20247,35ace65,v2_solver_dt4ms,1,1,1,success,72,12.738506912152548,11.897490992357428,5.24527619783561,68,1,30.0,0.45,20.0,1.0,12,1,200,0.004,100,10.0,1.0,0,49,0,0.6805555555555556,0.3481829664064283,-0.7007439468055457,0.749615705213992,0.02362658187761268,0.032048847625369775,0.0761179677787541,1.2830313622644194,1.1390308041626676,0.3267947104008255,0.4503198194616524,1.0590934304860533,1.042787616096072,0.8759258455991841,292.02038933898064
248,20248,35ace65,v2_solver_dt4ms,1,1,1,success,63,18.264814888910674,16.888983517440685,4.525669510636192,59,1,30.0,0.45,20.0,1.0,12,1,200,0.004,100,10.0,1.0,0,43,0,0.6825396825396826,0.32743409533339685,-0.6475900950550355,-0.4604708560072157,0.025274079662587084,0.031071107969325183,0.11248476498789893,1.054958384071877,0.9356136114307885,0.3034007563401937,0.6263220611837972,0.9843855831523621,1.0680174379709964,1.1236579647298786,289.48532139564475
249,20249,35ace65,v2_solver_dt4ms,1,1,1,success,57,5.192625082550405,7.818286493563637,2.674647398841666,54,1,30.0,0.45,20.0,1.0,12,1,200,0.004,100,10.0,1.0,3,46,0,0.8070175438596491,0.3798732292179795,-0.3943477127092373,-2.3743738573211495,0.024924233414562322,0.040134417333639566,0.06041035432833949,1.82169500405914,0.8505348983346122,0.31308814324589224,0.44533405790487957,1.0344996196568474,0.9744215459751784,1.161331056970349,286.28208960055713
250,20250,35ace65,v2_solver_dt4ms,1,1,1,success,50,10.806239194819232,34.74278161932063,8.60544141845419,44,1,30.0,0.45,20.0,1.0,12,1,200,0.004,100,10.0,1.0,4,39,0,0.78,0.37983399985960226,-0.17657165213021897,1.80027185979813,0.021162678726474787,0.037374479029097143,0.08897099975894929,0.9606625020124334,0.9360597789349328,0.3864609021909707,0.35236211722266014,1.0314106684226092,1.0634460910677448,1.1885613370875343,276.74380371383484
251,20251,35ace65,v2_solver_dt4ms,1,1,1,success,52,6.947024270258937,15.84805439962968,5.087139815515946,46,1,30.0,0.45,20.0,1.0,12,1,200,0.004,100,10.0,1.0,0,36,0,0.6923076923076923,0.36591156333546654,-0.37828945276590376,-1.6389723946710064,0.02650337779993555,0.034547750815825264,0.07833491469624244,1.1440962223688207,1.112603437205527,0.3799116445934006,0.3707093166269458,0.9652363189022645,1.0008020323239968,1.038458670303662,282.51968587522987
252,20252,35ace65,v2_solver_dt4ms,1,1,1,success,63,13.97705363877049,18.654478497995434,11.457471553554926,53,1,30.0,0.45,20.0,1.0,12,1,200,0.004,100,10.0,1.0,0,48,0,0.7619047619047619,0.37303452014753213,-0.7040921484291381,-2.4657478671952617,0.02040384638601838,0.033430171141714336,0.039677961698047076,1.4903577857365908,1.0666904932553165,0.30740674664804907,0.3722662876192457,1.0266348244165822,0.960818528816687,0.8845552656135394,290.67698694586886
253,20253,35ace65,v2_solver_dt4ms,1,1,0,success,87,22.851632970045234,51.79762234261493,70.25099809954882,55,1,30.0,0.45,20.0,1.0,12,1,200,0.004,100,10.0,1.0,0,71,0,0.8160919540229885,0.32500317503701437,-0.4242214128202312,1.828642739119596,0.02433834428363855,0.03651947187482074,0.04543136161650398,1.7010957394787924,0.8643935928840059,0.32176825668498404,0.4259077591009876,1.0342544059641219,0.9388765560442238,1.005518337915912,267.2794413715481
254,20254,35ace65,v2_solver_dt4ms,1,1,1,success,64,15.377961109113125,31.48749433575427,18.4124988676071,52,1,30.0,0.45,20.0,1.0,12,1,200,0.004,100,10.0,1.0,0,51,0,0.796875,0.3297951119388504,-0.5520208364361092,-0.02974461530034178,0.020477803034203972,0.037742149916320585,0.04243423224847666,1.7943726873990495,1.25581497901557,0.3393716969171042,0.4072509535580626,1.0080233234830975,1.0836400590159303,1.0912958254554173,287.4566848288085
255,20255,35ace65,v2_solver_dt4ms,1,1,1,success,51,18.78331175182889,15.259028081815448,1.5909329808314518,47,1,30.0,0.45,20.0,1.0,12,1,200,0.004,100,10.0,1.0,0,38,0,0.7450980392156863,0.3351567736919028,-0.32129987002745647,-0.716758081848845,0.02222256988226073,0.031313888690548075,0.046520964666647416,1.1011721908142282,1.3835508003112955,0.36021096018628146,0.2730014338309699,0.9978576348584213,1.0148138633986554,0.9387563066021087,282.4233242438042
256,20256,35ace65,v2_solver_dt4ms,1,1,1,success,52,14.340689672100227,9.09235193473911,22.398654281037075,45,1,30.0,0.45,20.0,1.0,12,1,200,0.004,100,10.0,1.0,0,38,0,0.7307692307692307,0.33801551833949695,-0.5357482230251874,2.1290589732321736,0.024918964191494496,0.03554526574860665,0.06292631891226622,1.5197532397617495,1.096823604105646,0.3009229571129192,0.21863355219132816,1.0115972573910283,1.0002310453166265,0.9459496091824096,284.31828474181026
257,20257,35ace65,v2_solver_dt4ms,1,1,1,success,49,7.021485870162717,8.73046308564427,6.959995651767662,43,1,30.0,0.45,20.0,1.0,12,1,200,0.004,100,10.0,1.0,0,42,0,0.8571428571428571,0.31397651585261005,-0.3346554444203762,-1.5863605353508707,0.023989845365891098,0.036583548345064186,0.08158387587424415,1.4526951656749012,0.8376474527326039,0.3372054043587173,0.3901374799407184,1.0814379270983459,1.0836925128097477,0.7927468411081187,282.4475919118689
258,20258,35ace65,v2_solver_dt4ms,1,1,1,success,44,14.129544403398855,5.502836763863325,13.709111915082632,37,1,30.0,0.45,20.0,1.0,12,1,200,0.004,100,10.0,1.0,0,35,0,0.7954545454545454,0.3661092623006885,-0.20371069203005487,-2.9861129083784737,0.021142301648584057,0.03483705337844473,0.06782493713310034,1.4353217036988009,0.6466009942497349,0.3192827529294216,0.3324489546216371,1.1137240815589495,0.9490884702590857,1.1925441160269163,277.6031910390654
259,20259,35ace65,v2_solver_dt4ms,1,1,1,success,59,16.24181871038497,13.759870307987704,1.7890737624903403,54,1,30.0,0.45,20.0,1.0,12,1,200,0.004,100,10.0,1.0,0,51,0,0.864406779661017,0.32846682561008195,-0.5453962467443321,0.6281281724669205,0.026860993375971965,0.031732554939889926,0.04146599880004641,1.4416068514635358,0.9785023835152074,0.34199729636036297,0.3663551363710056,1.0631561770768396,1.0053620028462158,1.2058646061302833,285.2108161689364
260,20260,35ace65,v2_solver_dt4ms,1,1,1,success,61,22.554744974704153,20.732560163579667,0.08737524607110732,58,1,30.0,0.45,20.0,1.0,12,1,200,0.004,100,10.0,1.0,0,42,0,0.6885245901639344,0.32300437572919144,-0.5597105534064737,2.0503364023727535,0.025129378385706166,0.030862503347209903,0.055912664737577666,1.3945405719020445,1.283017691782537,0.34025623104863406,0.5933154158739772,0.9839203802517139,0.9844922657221192,1.0990004070651405,290.1396855946813
261,20261,35ace65,v2_solver_dt4ms,1,1,1,success,52,16.25288455272933,16.722568862389306,0.7092383624307881,44,1,30.0,0.45,20.0,1.0,12,1,200,0.004,100,10.0,1.0,0,45,0,0.8653846153846154,0.32030183338947166,-0.31858350637652705,-1.5349709929558777,0.02569690214958443,0.03475432276549734,0.11142842389671409,1.2336290468197204,1.23050104359984,0.34783057816463153,0.48457838754943233,1.0626833832776499,1.0791369340965382,1.1431358138341632,281.2370318853988
262,20262,35ace65,v2_solver_dt4ms,1,1,1,success,60,17.980534676736315,30.02654153193619,8.251222528453356,50,1,30.0,0.45,20.0,1.0,12,1,200,0.004,100,10.0,1.0,0,43,0,0.7166666666666667,0.35641846495465757,-0.19681338213133703,1.8926765583412895,0.02491818151598153,0.03721873330345036,0.11108400840076788,1.4405764947727056,1.3468121494398213,0.37621272869447353,0.6203935041856784,0.9952347461808594,1.0181416507796863,0.8195833907174244,283.94613280447027
263,20263,35ace65,v2_solver_dt4ms,1,1,1,success,58,30.619266836348682,20.202071283597974,8.120756194001997,46,1,30.0,0.45,20.0,1.0,12,1,200,0.004,100,10.0,1.0,0,47,0,0.8103448275862069,0.30999070936032996,-0.40940420465164873,1.329260898243116,0.02471962395123184,0.03699560359086405,0.05557841136698538,1.6756644170815624,0.9538989303383836,0.37892949733932635,0.20063362194880835,0.9969861716718079,0.9533061326033393,1.048931500131789,280.5156802944931
264,20264,35ace65,v2_solver_dt4ms,1,1,1,success,46,4.567885321836581,16.28050566374206,7.574761322290541,41,1,30.0,0.45,20.0,1.0,12,1,200,0.004,100,10.0,1.0,0,37,0,0.8043478260869565,0.38647456682774,-0.2664707547730633,1.2372570641350435,0.027194167497311926,0.03511836629872134,0.11285815494962965,1.8877830220820249,1.0996032099782556,0.35282752231321307,0.20690097791851955,0.9910305261460585,1.028779185572601,1.1303765552285128,279.0445835255524
265,20265,35ace65,v2_solver_dt4ms,1,1,1,success,48,10.002256232240343,17.38362326677472,2.4123513745154828,42,1,30.0,0.45,20.0,1.0,12,1,200,0.004,100,10.0,1.0,0,39,0,0.8125,0.321604075132454,-0.2360878740948401,2.8137513173147077,0.022770966849409057,0.030495709464497096,0.07247657457678552,1.962427453704197,0.7129958773159736,0.3391831595519123,0.5467942885762214,1.0725329861374382,0.9847276777857924,1.1187101251645553,281.86281093768145
266,20266,35ace65,v2_solver_dt4ms,1,1,1,success,71,18.205288691732118,35.998285315563216,8.23190730054277,61,1,30.0,0.45,20.0,1.0,12,1,200,0.004,100,10.0,1.0,0,59,0,0.8309859154929577,0.371224428695593,-0.6880986371630946,-0.9589572589980344,0.021880571989129006,0.035375367583082774,0.06679159486572049,1.522843458804049,1.0030113224121064,0.38901711138119893,0.70468955242112,1.0246721069764286,0.9599947220950612,1.019252509734399,293.18661486694276
267,20267,35ace65,v2_solver_dt4ms,1,1,1,success,81,32.15314577840499,32.95949956027857,1.2076414929581487,77,1,30.0,0.45,20.0,1.0,12,1,200,0.004,100,10.0,1.0,0,72,0,0.8888888888888888,0.32882860382210427,-0.6984224302644021,-2.6635407492075887,0.023740336784900434,0.03444581830041324,0.09909054186903594,1.2166317372014528,1.032884731958436,0.31681114751256506,0.4484637251296666,1.0512435344521058,0.9903713672622112,1.0630585131779635,287.15643826428044
268,20268,35ace65,v2_solver_dt4ms,1,1,1,success,66,15.917274257388994,25.757628758779397,6.970679833506554,60,1,30.0,0.45,20.0,1.0,12,1,200,0.004,100,10.0,1.0,0,40,0,0.6060606060606061,0.3704560037994266,-0.5446369756787388,-0.0955155276152424,0.023960142283024163,0.03233490384130164,0.04964609170615051,0.949306523537206,1.3763908014460773,0.38459511589502726,0.5604585608712265,1.0159251171945274,1.1551032541367472,1.0215621508120012,291.33001969648836
269,20269,35ace65,v2_solver_dt4ms,1,1,1,success,59,9.092400293768648,29.576666214941135,6.070860858588619,52,1,30.0,0.45,20.0,1.0,12,1,200,0.004,100,10.0,1.0,2,44,0,0.7457627118644068,0.37867010245900745,-0.3127792699931758,-1.431868253927892,0.024779640082948504,0.0335053294743334,0.058677184073218355,0.8217998499931156,1.2814019420181681,0.3186707758986725,0.6745636992005252,0.9757095195102142,1.0085013306123587,0.9524058052351954,284.8696494690023
270,20270,35ace65,v2_solver_dt4ms,1,1,1,success,59,14.533392722018869,24.200764751077596,4.930415164606383,51,1,30.0,0.45,20.0,1.0,12,1,200,0.004,100,10.0,1.0,0,53,0,0.8983050847457628,0.3225159069253702,-0.4518005662346327,1.695332789017554,0.02214845541522528,0.030847965296311255,0.08232571333007666,0.9974637373147458,1.0741697966298833,0.3011443688669101,0.5627519842498796,1.0192793548934937,1.1039420779281488,0.9652118193055035,286.1800996507924
271,20271,35ace65,v2_solver_dt4ms,1,1,1,success,61,25.249777075175594,16.295148810576656,37.28435915783784,53,1,30.0,0.45,20.0,1.0,12,1,200,0.004,100,10.0,1.0,0,48,0,0.7868852459016393,0.30391119904170594,-0.2873053077662278,-0.17657799719299527,0.02347053173849266,0.03685466462108113,0.04542299281476132,1.938835731872488,1.335881736858579,0.30538485813195737,0.549169449530372,0.9991733475238481,0.9290845155041493,0.8591404674512612,279.27822549684106
272,20272,35ace65,v2_solver_dt4ms,1,1,1,success,77,24.730162455421354,28.366470455757362,22.872138596386513,63,1,30.0,0.45,20.0,1.0,12,1,200,0.004,100,10.0,1.0,0,64,0,0.8311688311688312,0.3566241576770133,-0.698315585528172,-1.5238555514994891,0.021653752207582446,0.035693617407250376,0.05526544739303252,1.0843444895214194,1.0721831084832631,0.3666641807600056,0.6526062693582144,0.9700680616979186,1.004079351309082,0.9586209442790964,291.4627163016964
273,20273,35ace65,v2_solver_dt4ms,1,1,1,success,65,22.908482770204103,19.988886847615472,9.77483751834386,50,1,30.0,0.45,20.0,1.0,12,1,200,0.004,100,10.0,1.0,0,53,0,0.8153846153846154,0.3379783604855744,-0.3992956095826492,3.0893610223334225,0.02161269891801984,0.0398928369272012,0.08325827423723099,1.0480612752884988,0.9950851229058403,0.38511643251032124,0.5139645892490774,1.0529051089122878,0.9376397039719642,1.159909521645508,283.7984286833336
274,20274,35ace65,v2_solver_dt4ms,1,1,1,success,58,13.91785774333541,15.138719070609381,1.892939998807298,55,1,30.0,0.45,20.0,1.0,12,1,200,0.004,100,10.0,1.0,6,43,0,0.7413793103448276,0.3848808901058003,-0.5105563157822874,2.2687313062059413,0.026962425758401236,0.035882192899250466,0.030756880410132394,1.4756130173780773,0.650974534546641,0.3598285015833768,0.28177583619927904,0.9971491238620117,1.052438121789875,1.0439466927038081,285.32548813370516
275,20275,35ace65,v2_solver_dt4ms,1,1,1,success,68,15.04642574508208,20.92707802034991,8.988137468045789,54,1,30.0,0.45,20.0,1.0,12,1,200,0.004,100,10.0,1.0,0,48,0,0.7058823529411765,0.3806321402319838,-0.4122472496395981,-0.5657309437264271,0.02203388342970621,0.03921799932579327,0.06375855844263441,1.7614051879733554,1.1297064086667437,0.34128930244436956,0.3856528605804535,1.0753234880082516,1.0379260953936227,0.8294882366521084,283.89587012483497
276,20276,35ace65,v2_solver_dt4ms,1,1,1,success,71,15.004609540577368,28.64334536193258,18.00266289812214,57,1,30.0,0.45,20.0,1.0,12,1,200,0.004,100,10.0,1.0,3,63,0,0.8873239436619719,0.3764379287173016,-0.5575916489432308,-0.6317410630550939,0.022845305209489512,0.03299423399952118,0.047970806918027034,1.2077858040298233,1.1210540349419824,0.31983118653475284,0.5054013830458943,1.0093789093773435,1.0105738683984389,0.9845492906238913,287.8184261297455
277,20277,35ace65,v2_solver_dt4ms,1,1,1,success,58,7.2224152882093025,7.515897535034588,8.945014551428399,46,1,30.0,0.45,20.0,1.0,12,1,200,0.004,100,10.0,1.0,0,46,0,0.7931034482758621,0.33873744784598886,-0.4154716404255583,-2.5451784175517287,0.021402131196731917,0.037276302674045345,0.09681849633818256,1.0150408658022647,1.247148070276699,0.3443961040663338,0.30904767841547565,0.9887027880383703,0.9727574003303526,0.9528933775550086,281.3009085822615
278,20278,35ace65,v2_solver_dt4ms,1,1,1,success,84,36.245819267944015,17.763372946998043,9.865968235391358,46,1,30.0,0.45,20.0,1.0,12,1,200,0.004,100,10.0,1.0,0,65,0,0.7738095238095238,0.3274056023437158,-0.2971514319302668,-0.5845343801039382,0.022143858739242406,0.0397008913787244,0.0744297257105303,1.568081104314726,0.9819499160184824,0.35533464841475176,0.2410455307866329,0.9959752013973768,1.0052784939221442,1.001954684510546,274.2609022388681
279,20279,35ace65,v2_solver_dt4ms,1,1,1,success,67,3.5873777405767013,20.01159927059959,3.821363248121217,61,1,30.0,0.45,20.0,1.0,12,1,200,0.004,100,10.0,1.0,0,59,0,0.8805970149253731,0.3417994442222625,-0.49836595792415517,1.9723092987377315,0.022308779841220934,0.03982866968266961,0.11221222097192735,1.1836348489250983,0.6816618518804588,0.3441626098313826,0.5925018011194577,1.0532726549370421,1.0334429248339767,1.0787135984005403,289.34562216530827
280,20280,35ace65,v2_solver_dt4ms,1,1,1,success,55,19.45912206040315,20.99611760829271,10.623259116613541,47,1,30.0,0.45,20.0,1.0,12,1,200,0.004,100,10.0,1.0,0,44,0,0.8,0.37173090171392514,-0.4992933794589929,1.3813593806070212,0.02701541096280938,0.036758536291260746,0.11393237869570202,1.2407040556618165,1.0739696454253933,0.33700028528550946,0.22519055289494463,0.99733385212683,1.0035490608586441,1.096733375932082,284.7507007631744
281,20281,35ace65,v2_solver_dt4ms,1,1,1,success,70,17.119683491428262,17.73676920986971,11.245753583545863,60,1,30.0,0.45,20.0,1.0,12,1,200,0.004,100,10.0,1.0,0,52,0,0.7428571428571429,0.34110105499377785,-0.5731405362917747,2.1035163862239914,0.022482526150105767,0.03143237208464355,0.06850181086647156,1.3833475623985119,0.6600750299777449,0.3381233903636862,0.6916733785198518,1.0642082494388194,0.9984027382752153,1.091296370851694,290.70576487630257
282,20282,35ace65,v2_solver_dt4ms,1,1,1,success,50,20.856760339504433,35.203949310281445,7.195822699267633,47,1,30.0,0.45,20.0,1.0,12,1,200,0.004,100,10.0,1.0,0,44,0,0.88,0.3194920231778891,-0.31653803009431086,-2.9821944350698955,0.02070272862006966,0.03425604659202106,0.07260343098123109,1.0322049192266047,1.0349928193281603,0.3065576855821207,0.5619983071418215,1.0657352000988367,1.0346599580779368,1.001448025751099,266.7523910576351
283,20283,35ace65,v2_solver_dt4ms,1,1,1,success,59,32.269719529975674,19.258162393273178,0.8981000629457361,54,1,30.0,0.45,20.0,1.0,12,1,200,0.004,100,10.0,1.0,0,47,0,0.7966101694915254,0.3160272203625856,-0.6630622898766644,-2.296845610575132,0.021959341530477006,0.033795373308588283,0.058155861849949766,1.3792504413131357,0.6967642682039514,0.3466708781056603,0.18959726836018448,1.047151302524013,1.0875605717361312,1.1621785369370894,285.2036720749933
284,20284,35ace65,v2_solver_dt4ms,1,1,1,success,68,1.3829359272866624,12.344156972303782,12.269031456618473,62,1,30.0,0.45,20.0,1.0,12,1,200,0.004,100,10.0,1.0,0,57,0,0.8382352941176471,0.33087428539960234,-0.6084340148605281,3.073797652058375,0.0268430044319455,0.030784264092471085,0.07631925798395942,1.7782386610679568,1.0722389935789218,0.32855336020788367,0.4528514810430572,0.9958301414958959,1.062582739953115,1.0196004882597545,288.0071464925045
285,20285,35ace65,v2_solver_dt4ms,1,1,1,success,61,25.91871907526233,20.435415043407556,4.327059947613078,53,1,30.0,0.45,20.0,1.0,12,1,200,0.004,100,10.0,1.0,0,51,0,0.8360655737704918,0.3251308186217395,-0.46435838240224836,2.5902801981980286,0.024342150205999055,0.03170360393902987,0.10676036515876339,0.9488725486703005,1.1464664837861327,0.35109807547788435,0.43488031957205975,0.9433588928095787,1.0472096735806464,1.1266571637598508,282.9285138108509
286,20286,35ace65,v2_solver_dt4ms,0,0,0,timeout,200,425.20342295856835,nan,nan,-1,1,30.0,0.45,20.0,1.0,12,1,200,0.004,100,10.0,1.0,0,187,0,0.935,0.37705938690059126,-0.26321547275615065,3.0238893920202417,0.02094833287012531,0.03043304747745691,0.09637121205373465,1.6056868319937874,0.7913328130054901,0.32379367611445875,0.6317974974140212,1.1130697101059357,0.9736989354069918,1.036043009990606,-12.03594766844589
287,20287,35ace65,v2_solver_dt4ms,1,1,1,success,65,8.71789062365655,12.25318199217074,9.609206080822647,49,1,30.0,0.45,20.0,1.0,12,1,200,0.004,100,10.0,1.0,4,54,0,0.8307692307692308,0.3733905204407771,-0.25504887009374816,-2.2598319238379485,0.026870819529341478,0.03953372994431029,0.04596046902956913,1.0970795051153182,0.6161370744595169,0.3254841756549994,0.4305718725213448,1.0895483270046509,0.9777353689488487,1.015471687109371,278.53198078292826
288,20288,35ace65,v2_solver_dt4ms,1,1,1,success,52,25.58210621369597,13.24604799756949,5.613873916785212,47,1,30.0,0.45,20.0,1.0,12,1,200,0.004,100,10.0,1.0,0,44,0,0.8461538461538461,0.3170590942606966,-0.39414415279365683,3.114776991378406,0.027061698976506125,0.036783777490733464,0.11719321246095601,1.1868469172899176,1.2005125590256305,0.31813180453382917,0.45083489686076683,0.9156074670321787,0.9845245111877521,1.03100775185821,280.6469509660069
289,20289,35ace65,v2_solver_dt4ms,1,1,1,success,69,30.200967329508497,25.568963736488655,14.194733415691216,62,1,30.0,0.45,20.0,1.0,12,1,200,0.004,100,10.0,1.0,0,57,0,0.8260869565217391,0.35799631275831933,-0.5031355408272171,0.1425570687948694,0.022417565771658005,0.03684191076668601,0.04589258586350399,0.8476427851753289,0.8359950416322168,0.3819650910201576,0.5674897481222487,1.03744975513377,1.0425753411138214,1.0044387187052064,291.3877320175277
290,20290,35ace65,v2_solver_dt4ms,1,1,1,success,73,23.934085104307243,22.401972187037185,27.32429214237864,63,1,30.0,0.45,20.0,1.0,12,1,200,0.004,100,10.0,1.0,0,58,0,0.7945205479452054,0.30705421489533274,-0.6472132681661011,-2.0046703276855746,0.022932621957945532,0.03549720667933051,0.0751621967409575,1.694148054720535,0.7325479413387086,0.3084793079365528,0.2178896254460921,1.0022496729018118,0.9683852765730933,1.180582206670087,279.1062016356274
291,20291,35ace65,v2_solver_dt4ms,1,1,1,success,74,13.456451027712994,72.48137515497653,60.98514006601383,62,1,30.0,0.45,20.0,1.0,12,1,200,0.004,100,10.0,1.0,5,59,0,0.7972972972972973,0.3865107657429415,-0.6863380526079398,1.6820571573323013,0.026758979425200988,0.03912736324937075,0.04215867349710334,1.600580927361607,0.8595859473654887,0.36953641070595356,0.6722583095451502,0.9949311069805231,1.0364573336239569,0.9457162672761614,277.39827073370145
292,20292,35ace65,v2_solver_dt4ms,1,1,1,success,53,27.178040809071824,13.989987942735711,27.952921819812442,44,1,30.0,0.45,20.0,1.0,12,1,200,0.004,100,10.0,1.0,2,45,0,0.8490566037735849,0.38234133250110613,-0.3932629388381065,-2.0125782677521413,0.020760317496416086,0.03807886223315339,0.11617029201772808,1.4935844124607511,0.6303086412598509,0.32336935280161716,0.25052014962061686,0.973241251532207,0.9795887461106004,1.0012652512085556,279.63905744289843
293,20293,35ace65,v2_solver_dt4ms,1,1,1,success,61,12.15307238276182,22.94876721508075,11.720939271888266,54,1,30.0,0.45,20.0,1.0,12,1,200,0.004,100,10.0,1.0,0,51,0,0.8360655737704918,0.30859674488679334,-0.6032091111316876,2.3588691012604954,0.02646877928733938,0.03312268447713391,0.09362637143340385,0.9319755528939242,0.7039044049515252,0.32699321122054154,0.5687803583704103,1.0058076932060154,1.0129477195257302,1.181963403052531,290.0130356597104
294,20294,35ace65,v2_solver_dt4ms,1,1,1,success,62,31.92212931272965,2.136658390873748,6.827813641169493,49,1,30.0,0.45,20.0,1.0,12,1,200,0.004,100,10.0,1.0,0,44,0,0.7096774193548387,0.3058919240079464,-0.4348422939891593,-2.0393688665892493,0.026383448975546668,0.03686790148668827,0.05170844701095305,1.1448054620577526,0.7008969921034869,0.3671113773259673,0.30699935589703176,1.0206651802290112,1.0947062836624717,1.0138970528758473,281.01683629471404
295,20295,35ace65,v2_solver_dt4ms,1,1,1,success,69,22.531855832635724,22.106879983601058,10.218825840286827,59,1,30.0,0.45,20.0,1.0,12,1,200,0.004,100,10.0,1.0,0,45,0,0.6521739130434783,0.3537304873462466,-0.6658986765187336,-3.0420711280765422,0.02354503284636053,0.03488558207499891,0.07468101006215148,0.929220676497458,1.0753025874124966,0.3703604410870429,0.6226763580566377,1.070223567953058,0.9634006614945972,1.0481039731941904,291.8203543566826
296,20296,35ace65,v2_solver_dt4ms,1,1,1,success,50,10.749586161502695,17.28875040956594,9.947283427747244,43,1,30.0,0.45,20.0,1.0,12,1,200,0.004,100,10.0,1.0,0,35,0,0.7,0.37362270363490796,-0.21109146295653092,2.2371252143276887,0.0218937584062458,0.030892387110602694,0.04712813256628132,1.277332646792666,0.6761902589615505,0.3855107986688917,0.19873201474697152,0.9878718190667227,0.9759531578150059,1.1310907329180777,281.88834913974426
297,20297,35ace65,v2_solver_dt4ms,1,1,1,success,58,15.598759112800996,17.35638322530898,4.28539232131162,51,1,30.0,0.45,20.0,1.0,12,1,200,0.004,100,10.0,1.0,0,42,0,0.7241379310344828,0.32045445587725185,-0.726956093138381,0.0018550849691152393,0.024380430768819614,0.036673362023816554,0.08242492312737168,1.0530633797731856,0.6843718715785381,0.3741780453869383,0.21163306978820648,1.0653716926589822,1.1196833286038477,1.1000525743346823,287.3107684550454
298,20298,35ace65,v2_solver_dt4ms,1,1,1,success,56,22.81986837366009,23.04370803002115,8.378996183822935,45,1,30.0,0.45,20.0,1.0,12,1,200,0.004,100,10.0,1.0,0,44,0,0.7857142857142857,0.3710234591386585,-0.20582699299332896,-1.718260400314491,0.022421920323132213,0.030052727903483956,0.04551350803937258,0.9058018774125702,1.0784301192542096,0.32161070431935973,0.6017576199466236,1.0238190214319214,1.0447148491797245,1.1031385226934243,281.46935830625023
299,20299,35ace65,v2_solver_dt4ms,1,1,1,success,55,27.438845574378398,31.18658417510368,9.603430413268702,44,1,30.0,0.45,20.0,1.0,12,1,200,0.004,100,10.0,1.0,0,48,0,0.8727272727272727,0.3186010510261695,-0.19407805213150586,-0.3726273915742566,0.022451832405759212,0.038532217095363766,0.0662333749568419,1.2284933916539835,1.0723288146830718,0.3871439107363104,0.3585087334237712,1.0031398078643021,1.0719360931815574,1.042339008987364,279.4988860655086
300,20300,35ace65,v2_solver_dt4ms,1,1,1,success,59,16.299895208081946,13.011449884295816,7.865156923763786,52,1,30.0,0.45,20.0,1.0,12,1,200,0.004,100,10.0,1.0,0,46,0,0.7796610169491526,0.32936301441509375,-0.23302715014063907,1.2634979696657274,0.02321178959889544,0.03445546485362615,0.0915272801067556,1.032388519375818,0.7741967124354229,0.36709727814645016,0.568961358439847,0.9345184296036504,0.985011057730741,1.1082381486649644,284.9387849483548
301,20301,35ace65,v2_solver_dt4ms,1,1,1,success,64,12.890330306709727,31.57309260113646,7.059669272679964,56,1,30.0,0.45,20.0,1.0,12,1,200,0.004,100,10.0,1.0,0,50,0,0.78125,0.3719723632270739,-0.7231311734044906,-2.7644147508119254,0.025961692631491878,0.035593541575772214,0.04993518240481405,1.9063473634040373,1.1708795536189152,0.36573643066558176,0.37351097562451896,1.0600466097586383,1.0542593019295776,0.9224729908139538,293.9778442189905
302,20302,35ace65,v2_solver_dt4ms,0,0,0,unsafe,47,358.883218241211,nan,nan,-1,1,30.0,0.45,20.0,1.0,12,1,200,0.004,100,10.0,1.0,0,38,0,0.8085106382978723,0.3061394514504526,-0.6615969529231509,-1.2013167854088547,0.02578971310409723,0.040099737673602455,0.05775106762195212,1.4733204485429527,0.7408569775643431,0.3011936794238901,0.6359653158996714,1.0568310680966635,1.1045025727319078,1.1353325410878807,-41.69759518582949
303,20303,35ace65,v2_solver_dt4ms,1,1,1,success,66,27.886665190117228,25.060850599460153,7.078670164263501,60,1,30.0,0.45,20.0,1.0,12,1,200,0.004,100,10.0,1.0,0,41,0,0.6212121212121212,0.3487192190395592,-0.6418024102710524,-0.10315699309050874,0.0268448301104456,0.036433119346402566,0.03939685705566672,1.2817615305654777,0.6517869438849179,0.36887212505379496,0.474214750303684,1.0041539090503873,1.0270992717191416,1.1808142055490993,289.44607561028755
304,20304,35ace65,v2_solver_dt4ms,1,1,1,success,64,20.932769158553405,25.91764360956669,1.3162932241881546,60,1,30.0,0.45,20.0,1.0,12,1,200,0.004,100,10.0,1.0,0,44,0,0.6875,0.33613292380699705,-0.7128782494958432,-0.5293670845407354,0.02663167773335868,0.0374414042522383,0.0681021313534286,0.8907505757649269,1.1527882549818667,0.31425146188739367,0.49596226969880497,1.0541851407980187,1.0022182510824706,1.0766708998019243,292.3054306423304
305,20305,35ace65,v2_solver_dt4ms,0,0,0,timeout,200,296.19341210069615,nan,nan,-1,1,30.0,0.45,20.0,1.0,12,1,200,0.004,100,10.0,1.0,0,194,0,0.97,0.3313701703246227,-0.41007114052001986,1.8043697784477768,0.025410994054241975,0.030778054605251768,0.0842923904287719,0.8299968286889006,0.75001353182941,0.3185350295376872,0.5420533310590172,1.1062892544885627,1.0344792628734436,1.3632256587324636,-9.418912079895488
306,20306,35ace65,v2_solver_dt4ms,1,1,1,success,59,11.783091714034924,26.71160601748179,18.14257434989008,48,1,30.0,0.45,20.0,1.0,12,1,200,0.004,100,10.0,1.0,1,46,0,0.7796610169491526,0.3308795481523403,-0.34430662436793763,-2.8880291379363245,0.022121776118039675,0.03961145403938832,0.05351555154970963,1.3579944422825796,1.1565931653009107,0.30144667774195266,0.6493249478711759,0.9902164248598267,0.9448714847790692,1.0522824216906335,283.4997003227958
307,20307,35ace65,v2_solver_dt4ms,1,1,1,success,65,17.848094357228415,19.91541459536104,7.508217119695583,51,1,30.0,0.45,20.0,1.0,12,1,200,0.004,100,10.0,1.0,0,41,0,0.6307692307692307,0.3647104348759305,-0.1857728286206135,-1.9041226637972983,0.026243815335980282,0.03740994616665247,0.07806425425870726,0.927407511110181,1.3485114388298116,0.3897060492133504,0.6501149454036053,1.0484223201007363,1.0375578365333518,1.1256674718268318,279.13941839590365
308,20308,35ace65,v2_solver_dt4ms,0,0,0,timeout,200,398.1671334204759,nan,nan,-1,1,30.0,0.45,20.0,1.0,12,1,200,0.004,100,10.0,1.0,0,192,0,0.96,0.3874001299362638,-0.4131318653667399,2.266012517491915,0.02416884371444085,0.032600513639387596,0.11115705630784233,1.2078177907911092,0.9196978068494133,0.3213697004903703,0.2369945528767446,1.0379271422545102,1.128069492358586,1.102267960349427,-19.08585635103581
309,20309,35ace65,v2_solver_dt4ms,1,1,1,success,50,9.683450834656957,9.730914649712176,8.377680260029184,42,1,30.0,0.45,20.0,1.0,12,1,200,0.004,100,10.0,1.0,0,35,0,0.7,0.3359723355756838,-0.21142146670723438,-1.7439692402880131,0.024555704383313184,0.034672386283936346,0.08541902810770219,1.4484560775910853,0.8273078236884168,0.33535379097143003,0.44855826380087105,1.003591401001263,1.0024403225940406,1.00585495920054,280.68045586721087
310,20310,35ace65,v2_solver_dt4ms,1,1,1,success,63,16.877676160455202,11.087029020648597,8.775393333402903,58,1,30.0,0.45,20.0,1.0,12,1,200,0.004,100,10.0,1.0,0,49,0,0.7777777777777778,0.3001061059670017,-0.6174928876998885,2.4674436883596824,0.024336635648930256,0.03090251530469828,0.04402790015886858,1.5093476031697217,0.871230705544871,0.38526034122623004,0.6704126014942445,1.0117459243854294,1.0112170663174493,0.9773379146013546,288.488212397794
311,20311,35ace65,v2_solver_dt4ms,1,1,1,success,69,27.758403391267368,20.8542198985582,13.561106978862469,63,1,30.0,0.45,20.0,1.0,12,1,200,0.004,100,10.0,1.0,0,50,0,0.7246376811594203,0.3309887599079112,-0.6997041851320843,1.4477757619290514,0.023585959345197836,0.0347594911106762,0.040856986818479865,1.0646271028725025,0.9052551412010852,0.36552523616288857,0.7127975907464411,1.0801382687040515,1.0106676015367593,1.1311890860783849,291.2668221540056
312,20312,35ace65,v2_solver_dt4ms,1,1,1,success,50,19.48254058000201,19.350080099175763,0.3666928966409911,47,1,30.0,0.45,20.0,1.0,12,1,200,0.004,100,10.0,1.0,0,42,0,0.84,0.31772018888488585,-0.20682267884194327,-0.7712079686957027,0.02494614968938272,0.030568055394790978,0.06153480409750418,1.6634908033359554,1.37795575878896,0.3681158694392431,0.26219947597647514,1.0059921208918612,0.9678108574546964,0.9771211547933584,280.41387749882165
313,20313,35ace65,v2_solver_dt4ms,1,1,1,success,54,3.029326565791823,3.037013080952626,11.648472766466682,42,1,30.0,0.45,20.0,1.0,12,1,200,0.004,100,10.0,1.0,0,43,0,0.7962962962962963,0.3740390474843549,-0.34090801901859163,2.0895568121017876,0.024950594057359263,0.037045575056189994,0.042044777179985254,1.5120412484321446,1.0794289151089236,0.30861431341105244,0.2227468376665773,1.0505574417775534,0.9984547510694298,1.0395226888022386,281.60484723206093
314,20314,35ace65,v2_solver_dt4ms,1,1,1,success,59,21.46059791845425,12.052312827696813,13.671141239586833,51,1,30.0,0.45,20.0,1.0,12,1,200,0.004,100,10.0,1.0,0,51,0,0.864406779661017,0.34297947236505144,-0.4342646077737311,0.2891027383459006,0.024267616752694735,0.038089638428436386,0.03870018872372412,1.8976161330117807,0.8337390945684423,0.3568764753100079,0.6415508626268916,1.0315945978180652,1.037296016874014,1.150515239859165,288.43449354607714
315,20315,35ace65,v2_solver_dt4ms,0,0,0,object_lost,129,517.1526333450972,nan,nan,-1,0,30.0,0.45,20.0,1.0,12,1,200,0.004,100,10.0,1.0,0,110,0,0.8527131782945736,0.36936195346218903,-0.5090724886300378,-0.5623293230560589,0.021150614630669275,0.030363111466467828,0.04873779231642175,0.828831252036859,1.2824054935380516,0.3111369277268187,0.5311238745371344,1.042993346773825,1.063182451753832,0.9082410492855764,-206.68947822813504
316,20316,35ace65,v2_solver_dt4ms,1,1,1,success,82,19.6565318545437,17.945331919706224,5.335737090377735,74,1,30.0,0.45,20.0,1.0,12,1,200,0.004,100,10.0,1.0,0,67,0,0.8170731707317073,0.31973032951590075,-0.253201131333258,-2.0596072140504447,0.025984480347414123,0.04006137438813306,0.03817036615656523,1.2775326215216896,1.031400924779203,0.37831992363908085,0.24462160899037333,1.0893912708240776,1.001022151456487,1.0169197848635783,276.48357385364386
317,20317,35ace65,v2_solver_dt4ms,1,1,1,success,60,27.097823966769866,5.960438689430283,11.437849388055403,53,1,30.0,0.45,20.0,1.0,12,1,200,0.004,100,10.0,1.0,0,46,0,0.7666666666666667,0.35070636005469824,-0.6601195920421903,-0.2629378912501341,0.023884648712961837,0.03533246520754453,0.05070833705238558,1.8230577437290156,1.39514543115769,0.38695250319079394,0.2118130789951967,1.0292404788779856,0.9458847068796363,1.1600033757293438,287.5782019862521
318,20318,35ace65,v2_solver_dt4ms,0,1,0,timeout,200,90.4027024564705,106.00302719003164,22.892985790959234,55,1,30.0,0.45,20.0,1.0,12,1,200,0.004,100,10.0,1.0,0,191,0,0.955,0.30208985918932235,-0.5800121260427812,2.899127623625785,0.027181899580071892,0.03110225181967566,0.11721585536859548,1.4199613547522425,1.0435843357698977,0.33641018142512563,0.5159282433278631,0.926343949351904,1.0180994092935023,1.3139384956029834,18.311470240276186
319,20319,35ace65,v2_solver_dt4ms,1,1,1,success,55,9.531391579188307,7.9296201042301595,2.6104439013244813,51,1,30.0,0.45,20.0,1.0,12,1,200,0.004,100,10.0,1.0,0,42,0,0.7636363636363637,0.34676658035169083,-0.33597696157627344,0.47660709787059297,0.022374310661795436,0.037283635448507206,0.05839981079664221,0.8723280634487974,1.20605189876215,0.363087534801324,0.42519804200956346,1.0989445639520987,0.9903671911866159,1.1657061430471551,283.4862472476815
320,20320,35ace65,v2_solver_dt4ms,1,1,1,success,69,23.655647691502057,25.542622219101027,0.03740036499852287,66,1,30.0,0.45,20.0,1.0,12,1,200,0.004,100,10.0,1.0,0,65,0,0.9420289855072463,0.3895340144445917,-0.35827308297614935,-1.296517572913786,0.026454610350939534,0.03312434239335939,0.08752878481770518,1.3573925989941285,0.8040738600893071,0.30272772777642204,0.6839797544442783,1.0895417872724216,0.9478001726539601,1.057977349916022,286.325596682385
321,20321,35ace65,v2_solver_dt4ms,1,1,1,success,67,14.962706654445938,12.43543312085316,6.031212858062741,60,1,30.0,0.45,20.0,1.0,12,1,200,0.004,100,10.0,1.0,0,53,0,0.7910447761194029,0.3321515924067393,-0.6068551002287796,0.9073439420479712,0.02408337458260226,0.037644902245634805,0.05912625193388303,1.912606813182823,0.7014234106812348,0.33677224053230237,0.5911922008573328,1.0458008011175777,1.0164770554667204,1.1884132768279174,288.6565921515608
322,20322,35ace65,v2_solver_dt4ms,1,1,1,success,60,16.869750122584584,16.195378876451883,6.189855522019672,48,1,30.0,0.45,20.0,1.0,12,1,200,0.004,100,10.0,1.0,0,49,0,0.8166666666666667,0.36092910928581234,-0.32635466028701426,0.7485308864150837,0.02247749094282169,0.03870153363497748,0.043981857958510784,1.9266344596889526,1.399487934798615,0.35219198547107194,0.21823950228675273,0.8798451756397005,1.024037646724164,1.0608183312929056,280.43760971029377
323,20323,35ace65,v2_solver_dt4ms,1,1,1,success,67,5.670951814952427,22.99667584033718,14.362679254100575,60,1,30.0,0.45,20.0,1.0,12,1,200,0.004,100,10.0,1.0,1,46,0,0.6865671641791045,0.3664639329729822,-0.7259422973741922,2.985141078826941,0.02079347223921598,0.03954215348692561,0.09416526285106322,1.3499636724947495,0.6833318647920703,0.31750327699453645,0.5802984058528683,0.9237550386936472,1.007120505364083,1.0282650866516283,292.4865818541628
324,20324,35ace65,v2_solver_dt4ms,1,1,1,success,58,27.096507987869153,59.44088046511161,64.19591332964433,47,1,30.0,0.45,20.0,1.0,12,1,200,0.004,100,10.0,1.0,0,46,0,0.7931034482758621,0.3378284035933041,-0.6035999747281262,-2.3995265626221007,0.027256561611638884,0.030182724942015546,0.1031263686109039,1.3442766933781505,0.9746728204771842,0.3466572918051123,0.3613570674473386,1.0378579950380575,0.9915855361349849,0.9858500416781881,265.7377079759617
325,20325,35ace65,v2_solver_dt4ms,1,1,1,success,65,11.143997210398878,16.320598187944114,1.5546475726539128,59,1,30.0,0.45,20.0,1.0,12,1,200,0.004,100,10.0,1.0,0,55,0,0.8461538461538461,0.3476795645450084,-0.6419783379423624,-0.4909887596131939,0.02099626979697106,0.037527389075080596,0.11898802799023363,0.8100886052856175,1.2626941471594675,0.3270517983335906,0.4138149643576485,1.1916412581100038,0.9780169882837605,0.8510073282670502,288.8123984613721
326,20326,35ace65,v2_solver_dt4ms,0,1,0,timeout,200,90.99994470657603,44.6497743595444,34.65001044893015,55,1,30.0,0.45,20.0,1.0,12,1,200,0.004,100,10.0,1.0,0,194,0,0.97,0.32614357561640445,-0.27999699124009036,0.4829656063346657,0.026109864885917135,0.03438209887678998,0.06045012800040943,0.9436450584065836,1.1567395192664158,0.34399112295994955,0.4012315537842699,0.9667385138173208,1.029776115649944,1.069224935869884,50.05972424758438
327,20327,35ace65,v2_solver_dt4ms,0,1,0,timeout,200,259.3864299398447,nan,nan,-1,1,30.0,0.45,20.0,1.0,12,1,200,0.004,100,10.0,1.0,0,181,0,0.905,0.3887200468087181,-0.5221753303431713,2.602630802935014,0.024184423871328818,0.033076593573359306,0.06509132531153741,1.5315778244735108,0.6372835190939098,0.3549926895207155,0.4828842394305297,1.0560587126301257,1.069611649269108,1.0551011012578821,-18.154989320016966
328,20328,35ace65,v2_solver_dt4ms,1,1,1,success,52,7.819089434732924,17.68214340342645,8.956399504668388,46,1,30.0,0.45,20.0,1.0,12,1,200,0.004,100,10.0,1.0,0,44,0,0.8461538461538461,0.33932788124261026,-0.40357958163190294,1.6119830792835215,0.025832961161268618,0.03705737086060629,0.04116398897458919,1.6662130728422881,1.0828953247229676,0.32411903457713814,0.4011176173708136,1.003164078586353,0.9727945038782232,1.063532706956225,281.26483007364624
329,20329,35ace65,v2_solver_dt4ms,1,1,0,success,119,27.78891169826864,73.44841605505445,101.89333908678555,58,1,30.0,0.45,20.0,1.0,12,1,200,0.004,100,10.0,1.0,0,97,0,0.8151260504201681,0.337312846569898,-0.6077223609676561,1.6533391845244925,0.025315303423049048,0.03017100146692429,0.10381807039962207,1.2696469971923452,1.1880772137304312,0.338089835217967,0.5482229331696722,1.0813006178980216,1.0273672644004175,1.144421522280953,269.62501594232526
330,20330,35ace65,v2_solver_dt4ms,1,1,1,success,67,13.004786461122828,14.766292614253889,0.2442949376809603,64,1,30.0,0.45,20.0,1.0,12,1,200,0.004,100,10.0,1.0,0,57,0,0.8507462686567164,0.30509820802572,-0.4809879378275429,-0.9940809452938661,0.021864362849174368,0.031177100704983585,0.07845620653636734,1.6329010094117746,0.9430724899780802,0.36066619148029316,0.6470076949398516,1.0239518197441335,0.9833579727300172,1.035104706713543,286.98555695209814
331,20331,35ace65,v2_solver_dt4ms,1,1,1,success,51,3.648282404466631,13.717172396058718,9.395124536138082,44,1,30.0,0.45,20.0,1.0,12,1,200,0.004,100,10.0,1.0,0,47,0,0.9215686274509803,0.3443465407472031,-0.4714446027280557,2.29820572839167,0.02349032485812644,0.033185882223534635,0.06086039557675209,0.934439660856369,1.3790369309749624,0.30928863774301246,0.34954531484900186,0.9538722793041275,1.0274449505036474,1.1148134303921002,284.3439823657309
332,20332,35ace65,v2_solver_dt4ms,1,1,1,success,51,6.973435062697892,14.040406662488422,7.69794480310624,46,1,30.0,0.45,20.0,1.0,12,1,200,0.004,100,10.0,1.0,0,43,0,0.8431372549019608,0.342646676034979,-0.2639513043462386,3.065918627409695,0.025956069467526065,0.030632363208103638,0.04728535332619607,1.4144965488447157,1.1341686711460568,0.35304671899933593,0.6067233495251492,1.084261420787329,0.9862641584493724,1.0879642801236147,286.75773686398264
333,20333,35ace65,v2_solver_dt4ms,1,1,1,success,114,15.502009172386863,17.994468866513333,3.0011693664475283,65,1,30.0,0.45,20.0,1.0,12,1,200,0.004,100,10.0,1.0,0,100,0,0.8771929824561403,0.37212332596118347,-0.6899475797737166,2.491448206885244,0.02530818456599274,0.030055967669765076,0.06319403971931425,1.1168525037783543,1.1913419578785405,0.38152346130228937,0.5013936777612421,0.9738269737474422,0.953533859552694,1.068687128401864,291.14804230828526
334,20334,35ace65,v2_solver_dt4ms,1,1,1,success,60,23.459953466846653,16.04401173188661,1.2791010808148229,52,1,30.0,0.45,20.0,1.0,12,1,200,0.004,100,10.0,1.0,0,45,0,0.75,0.3417374922003514,-0.5327295629734428,2.9566662511296284,0.026250646763346656,0.031638887839293986,0.11835301960882792,1.3480290112898923,0.7559428512073405,0.3784610092159529,0.41378696565982187,0.9724560869881759,0.9888256416671843,0.9430546887428506,283.9649791242156
335,20335,35ace65,v2_solver_dt4ms,1,1,1,success,63,6.422578232771783,33.950520149741976,14.716704380865583,57,1,30.0,0.45,20.0,1.0,12,1,200,0.004,100,10.0,1.0,2,52,0,0.8253968253968254,0.3396615391767954,-0.6744822453312237,1.4296004323660982,0.02160936093270679,0.03800491023738685,0.046338924098496326,1.0948623193436,1.3702149593523736,0.3156518481217197,0.5971162325771541,1.1429854239272506,1.044721362039748,1.029140364187167,288.31907059460895
336,20336,35ace65,v2_solver_dt4ms,1,1,1,success,51,11.329983258263203,16.381021291907846,17.282738635851782,43,1,30.0,0.45,20.0,1.0,12,1,200,0.004,100,10.0,1.0,0,40,0,0.7843137254901961,0.32098140986429397,-0.5262328021611756,-0.29631069968022317,0.02067457555444343,0.03366152215162661,0.07856340598831252,1.2268653211210196,1.2460905179576276,0.3380340713091715,0.3591175468732781,1.005701039252244,1.090971054735103,1.0404472403578038,284.51231919057034
337,20337,35ace65,v2_solver_dt4ms,1,1,1,success,64,28.844453066157136,24.266201154424007,10.80044548661897,57,1,30.0,0.45,20.0,1.0,12,1,200,0.004,100,10.0,1.0,0,49,0,0.765625,0.367327930457079,-0.4353058291613873,-2.8835780827218827,0.02360745426766275,0.031571776903517194,0.0884509600636877,1.5807997310526076,0.6411302546326583,0.3679972646527967,0.6240163466834519,1.0228442633964534,0.946994328048749,0.9718044974216751,289.2412416338214
338,20338,35ace65,v2_solver_dt4ms,1,1,1,success,47,19.077406803122877,26.407257972573912,6.9648272037441386,41,1,30.0,0.45,20.0,1.0,12,1,200,0.004,100,10.0,1.0,0,33,0,0.7021276595744681,0.35267467122684515,-0.21627251815463577,-1.0013137899086852,0.025029670485697306,0.03594731437499832,0.03013018508736358,0.9951576730010376,0.6712843188689325,0.30840637276306904,0.5072312068149054,1.0413372095756732,1.042550393558957,1.3322423219906498,281.65489622470426
339,20339,35ace65,v2_solver_dt4ms,1,1,1,success,56,22.80520871972113,13.653521707831011,23.017815130303266,44,1,30.0,0.45,20.0,1.0,12,1,200,0.004,100,10.0,1.0,0,43,0,0.7678571428571429,0.35531242549575964,-0.46143392763107255,1.7075356764972502,0.021476907721602115,0.033237717695691976,0.10819940735184835,0.9305283053549377,1.3406298560698815,0.37200970073047235,0.24095250567552268,1.0478105425908149,0.9990249428619479,1.0894863604384168,283.4413206842982
340,20340,35ace65,v2_solver_dt4ms,1,1,1,success,55,12.886438343992054,16.96780853327057,3.437159373835926,49,1,30.0,0.45,20.0,1.0,12,1,200,0.004,100,10.0,1.0,0,41,0,0.7454545454545455,0.31374886043070355,-0.4502268183063211,0.3641046061839863,0.02239241489717182,0.03139599616882308,0.0857122563728355,1.4704770429609701,0.8851711536268944,0.3672388011051902,0.44009871724035143,0.9793834984947946,0.9512351757152394,1.059901391560675,285.382655554735
341,20341,35ace65,v2_solver_dt4ms,1,1,1,success,81,5.600928327342651,6.307435515025488,15.030202341615443,56,1,30.0,0.45,20.0,1.0,12,1,200,0.004,100,10.0,1.0,0,65,0,0.8024691358024691,0.3490205640727591,-0.5140511035239388,-1.0057912031525817,0.023107863100733313,0.03982115963684273,0.11648282753960339,1.532059534185691,0.7583173264135558,0.3747188537446644,0.2780172830169375,1.0450410603217293,0.9792657692828021,1.0459889332618793,282.9203592219834
342,20342,35ace65,v2_solver_dt4ms,1,1,1,success,67,16.75185711558734,18.437873458138604,8.307023294569388,59,1,30.0,0.45,20.0,1.0,12,1,200,0.004,100,10.0,1.0,0,50,0,0.746268656716418,0.37427994613402543,-0.33489063618275194,-1.5880963672807167,0.021870966114864283,0.03423355458073366,0.08773685215594174,1.2530346771201422,0.7188678979939809,0.36696676761599156,0.5167949847968312,0.9692298337382915,1.0510972822088547,1.1977734446834138,285.91997980325175
343,20343,35ace65,v2_solver_dt4ms,1,1,1,success,60,13.159042690708988,20.35211464240171,11.061168122379057,50,1,30.0,0.45,20.0,1.0,12,1,200,0.004,100,10.0,1.0,0,53,0,0.8833333333333333,0.3606308508982194,-0.3318479315638612,-0.09835005132810526,0.027338114304299745,0.030177992565301334,0.07760319431513024,1.7390041191144778,1.1187204399813093,0.33548317305096975,0.6858121720676725,0.9879790798910666,0.9168306328936143,0.9061366016437291,285.92234840920685
344,20344,35ace65,v2_solver_dt4ms,1,1,1,success,44,10.176829494731422,11.47388675999883,20.89840139508728,37,1,30.0,0.45,20.0,1.0,12,1,200,0.004,100,10.0,1.0,0,36,0,0.8181818181818182,0.34536063136005113,-0.3176587684727869,0.5783232409185421,0.02743838923706379,0.029952750511084657,0.08611393386767512,0.8041945069756551,1.2607453872590682,0.34128451911151814,0.2638213845850046,1.0116623625153665,1.0065896592503563,0.825988317572182,280.93627975426114
345,20345,35ace65,v2_solver_dt4ms,1,1,1,success,63,9.793401486376398,20.703705399275304,16.363615642180154,54,1,30.0,0.45,20.0,1.0,12,1,200,0.004,100,10.0,1.0,0,44,0,0.6984126984126984,0.35403845505285614,-0.5731442560732747,3.0872949328581676,0.021096040648903604,0.037037684597880406,0.10454608671989388,1.7102402066977258,0.8739279366911927,0.316784399481391,0.599115572459319,1.0502371909999468,1.0096851885515326,0.8844355971489912,290.8127251845543
346,20346,35ace65,v2_solver_dt4ms,1,1,1,success,63,16.09312112042689,10.122305185402176,8.256659827411408,57,1,30.0,0.45,20.0,1.0,12,1,200,0.004,100,10.0,1.0,0,48,0,0.7619047619047619,0.34081773003639526,-0.7127698574547571,2.1694826194336505,0.023829912723813587,0.035245474322133465,0.11425323395106479,1.0575255365091483,0.7386177998526626,0.34713339265436255,0.38646458621808133,0.9622449458404833,0.89547765782558,0.9298573886119622,290.1250904350882
347,20347,35ace65,v2_solver_dt4ms,1,1,1,success,51,19.353481119630427,23.342206524639202,9.480938858196815,44,1,30.0,0.45,20.0,1.0,12,1,200,0.004,100,10.0,1.0,0,35,0,0.6862745098039216,0.32975689079286996,-0.22392943721132874,-2.4539555562655586,0.027266872889552037,0.034828879062507714,0.06321619145805744,0.9831019753506491,0.674964861484697,0.3221627616023946,0.6695112709404605,1.1042062286637633,1.0470884446849096,0.9863655472540919,281.7897532726117
348,20348,35ace65,v2_solver_dt4ms,1,1,1,success,53,10.573872529901191,22.715715597985703,8.543617824854048,47,1,30.0,0.45,20.0,1.0,12,1,200,0.004,100,10.0,1.0,0,40,0,0.7547169811320755,0.3513101221954778,-0.44796383077299207,-1.919426271786967,0.023909886828611466,0.03524965077201809,0.07874962524341486,1.3000697259760028,1.2492775267682164,0.3316130116931384,0.38711905875365465,1.113413664897557,1.0536755811629148,1.122249760642463,285.3188074942741
349,20349,35ace65,v2_solver_dt4ms,1,1,1,success,56,12.751712190276104,9.742778070560496,20.721701210276773,46,1,30.0,0.45,20.0,1.0,12,1,200,0.004,100,10.0,1.0,0,38,0,0.6785714285714286,0.3608389362111761,-0.4674662314469439,1.121591467833487,0.021030540488478484,0.03068807927000838,0.041064633890083135,1.0510777288885476,0.7217188032321512,0.30474203087468615,0.2769269906920826,0.9658037336842812,1.11246464831009,1.045796349659791,287.55398336010273
350,20350,35ace65,v2_solver_dt4ms,1,1,1,success,53,20.571214682235688,15.385681446133153,6.647422200696716,43,1,30.0,0.45,20.0,1.0,12,1,200,0.004,100,10.0,1.0,0,34,0,0.6415094339622641,0.33056933976783204,-0.5012786020364444,1.2874773792711904,0.020888793826962484,0.03488760323414593,0.033383460110430314,1.9897182632220483,1.368389021610911,0.3388130664978971,0.28937622523062423,1.016259727174572,0.9710247410943736,1.0235447075735737,283.43228703358443
351,20351,35ace65,v2_solver_dt4ms,1,1,1,success,60,21.13091239099516,3.1307194260924724,16.466095097608374,48,1,30.0,0.45,20.0,1.0,12,1,200,0.004,100,10.0,1.0,0,46,0,0.7666666666666667,0.31361838088162547,-0.42986663887062265,1.2724000826274384,0.026505791687356322,0.03422117069186797,0.05871112874700353,1.6465915990509643,0.7195806553781557,0.31253009877982835,0.37220043837401473,1.0448606592636775,0.9703569756825132,1.019119976660806,277.8921278519513
352,20352,35ace65,v2_solver_dt4ms,0,0,0,object_lost,120,538.1671205831638,nan,nan,-1,0,30.0,0.45,20.0,1.0,12,1,200,0.004,100,10.0,1.0,0,114,0,0.95,0.379416552699426,-0.37085072854046414,-1.140148994300184,0.027542605674265686,0.03900997455825582,0.03319508826666443,1.5261138604192643,0.6078777604639434,0.3636129101325202,0.5082944996466706,1.10408328442066,0.9449674459757121,0.9350982724066714,-189.10800578365354
353,20353,35ace65,v2_solver_dt4ms,1,1,0,success,83,35.683505796374384,62.94938990743515,26.821163754721915,68,1,30.0,0.45,20.0,1.0,12,1,200,0.004,100,10.0,1.0,0,73,0,0.8795180722891566,0.30876962184883,-0.5184094624346527,-2.4508675063685357,0.02053486095859019,0.029983861562722453,0.11834538487946589,1.6295791055636042,0.7576681492110077,0.34655322580544756,0.5152375606340474,1.0300624052950835,1.0415834278891776,0.9863762617395342,264.0681157829929
354,20354,35ace65,v2_solver_dt4ms,1,1,1,success,83,16.73529713000291,6.1897874206439525,2.9802375341424208,79,1,30.0,0.45,20.0,1.0,12,1,200,0.004,100,10.0,1.0,1,65,0,0.7831325301204819,0.3534705140097666,-0.6655023180359639,-1.9461761277668947,0.026252743595711222,0.03833812313677831,0.11602646814529763,1.922107774079781,0.8611982403878706,0.3333179765543303,0.42781871763460466,0.9743945394112801,0.9386002497701335,0.8205858921169041,289.0780854642204
355,20355,35ace65,v2_solver_dt4ms,1,1,1,success,58,22.20828709324876,14.542007053736949,4.554074420130538,53,1,30.0,0.45,20.0,1.0,12,1,200,0.004,100,10.0,1.0,0,41,0,0.7068965517241379,0.3444213349062671,-0.40604248848116115,-0.9907105397503062,0.02599510750928221,0.029766488994109705,0.0746744720779196,1.9668618669648243,0.618149322351376,0.36437005580179166,0.5480921895885918,1.0563939316266342,1.0455126801281436,1.102948244121206,284.44835385427984
356,20356,35ace65,v2_solver_dt4ms,0,1,0,timeout,200,46.722719384155994,23.703112747314137,15.919999840173956,53,0,30.0,0.45,20.0,1.0,12,1,200,0.004,100,10.0,1.0,0,181,0,0.905,0.3111118188248366,-0.5362230939936238,2.7351102926299884,0.02282993567775633,0.03923667520736072,0.048073878769494496,0.8548506715645118,0.9349236222397821,0.330627908351641,0.4849280325363052,1.071968778414456,1.1145047169942706,1.146070185578377,40.905422078770044
357,20357,35ace65,v2_solver_dt4ms,1,1,1,success,69,18.48959449899081,18.59919247532384,1.6617506850878905,61,1,30.0,0.45,20.0,1.0,12,1,200,0.004,100,10.0,1.0,0,53,0,0.7681159420289855,0.30190681068248376,-0.6707409487334068,2.424065340147486,0.020502172174511633,0.032009728330893335,0.10343760439430447,0.8024580990962736,0.6593412643425651,0.3356169579188375,0.6561063293708498,0.987495013592171,1.0251411069571585,0.9173058016340547,289.0505087255655
358,20358,35ace65,v2_solver_dt4ms,0,1,1,timeout,200,13.460931111293602,46.00436712373412,23.40890139135189,60,0,30.0,0.45,20.0,1.0,12,1,200,0.004,100,10.0,1.0,0,182,0,0.91,0.3898444989560441,-0.5586125827306456,-2.415769390491274,0.024573207851733166,0.03432426666317553,0.030227471103444214,1.7175728470594638,0.6360556410830768,0.358900796838238,0.6515532589236928,1.0082542585679446,1.0069428825483764,1.1523708612896408,81.11111320581837
359,20359,35ace65,v2_solver_dt4ms,1,1,1,success,48,16.876417334380402,15.125305397669612,11.74524283740184,39,1,30.0,0.45,20.0,1.0,12,1,200,0.004,100,10.0,1.0,0,39,0,0.8125,0.3187112150700334,-0.2230016392465497,-0.503351380238902,0.021195963798364373,0.030971182193789547,0.0835568044208969,1.424807156556446,1.3752552985987818,0.34511401604861747,0.36238353417824953,0.9846367776532051,1.0022815444173157,1.2293729707988543,280.50942346912933
360,20360,35ace65,v2_solver_dt4ms,1,1,1,success,59,12.624130749122092,13.879465147981604,4.14406290112007,49,1,30.0,0.45,20.0,1.0,12,1,200,0.004,100,10.0,1.0,0,40,0,0.6779661016949152,0.3295379872652992,-0.23265201450026418,-0.1258578609557106,0.022430992605761976,0.03586233378843717,0.10549763698106608,1.5258891742793876,1.1554319845005092,0.36448213557759374,0.6491189260971744,1.0460615270017488,1.002224679745695,1.082298388213391,282.99578976561986
361,20361,35ace65,v2_solver_dt4ms,1,1,1,success,59,12.74494182031586,11.816764087184424,1.934779851675519,51,1,30.0,0.45,20.0,1.0,12,1,200,0.004,100,10.0,1.0,0,45,0,0.7627118644067796,0.3306567096214913,-0.3264087187706164,2.66353715847558,0.02697380250974655,0.03771099453740837,0.05542301182850017,1.6441157579849048,1.2423254904521799,0.3225352567350338,0.44171540517691843,1.0077148777972942,1.0369789031525152,1.1365294474372825,277.289416661824
362,20362,35ace65,v2_solver_dt4ms,1,1,1,success,63,22.48964359122302,12.02692824109832,11.001032517099848,57,1,30.0,0.45,20.0,1.0,12,1,200,0.004,100,10.0,1.0,3,44,0,0.6984126984126984,0.3122939677759133,-0.4896878472245951,-1.2782265284830572,0.022492855723940358,0.03715473899981785,0.0749904095631137,0.9178037675907831,1.0591649315080565,0.36476625183581035,0.599687915715667,1.1311339131078955,1.0255663547357858,0.9015624109198166,283.77617814243354
363,20363,35ace65,v2_solver_dt4ms,1,1,1,success,66,9.496373760076585,19.768910155311872,2.527986803359251,57,1,30.0,0.45,20.0,1.0,12,1,200,0.004,100,10.0,1.0,0,57,0,0.8636363636363636,0.3188585893938432,-0.689543949705986,1.0324982550140893,0.02082555226459721,0.034779195817001125,0.11424594624949146,1.4273718274358562,0.6916917470973756,0.3147538339886631,0.5546634419407852,1.0452266138396087,1.0222592339565362,1.160677455698232,290.9565591535911
364,20364,35ace65,v2_solver_dt4ms,1,1,1,success,64,4.965673793549899,3.9586734873713674,10.689773637370951,57,1,30.0,0.45,20.0,1.0,12,1,200,0.004,100,10.0,1.0,0,53,0,0.828125,0.36493556326038457,-0.33571850541486836,0.42898763274645857,0.027007813535206922,0.038208307357072785,0.0841427604639805,1.6608534985020098,0.866412081717756,0.36688898446135243,0.24708572532151052,0.9893720537912447,0.9245979249063632,0.8719079289802185,277.72878007371946
365,20365,35ace65,v2_solver_dt4ms,1,1,1,success,53,16.24067102706473,17.965241792214716,0.25869591342246434,49,1,30.0,0.45,20.0,1.0,12,1,200,0.004,100,10.0,1.0,0,51,0,0.9622641509433962,0.30372260171731763,-0.6189519377668738,2.5067390892683843,0.02346973992864075,0.03308368710087865,0.10430737536810823,0.9036528480648062,1.350360941406255,0.30987618698225006,0.20095318692742115,1.0039328369140585,1.06561053502977,1.3939849914511595,284.6681935874513
366,20366,35ace65,v2_solver_dt4ms,1,1,1,success,61,12.728829191035173,15.217233051890267,0.401514741177916,58,1,30.0,0.45,20.0,1.0,12,1,200,0.004,100,10.0,1.0,0,42,0,0.6885245901639344,0.32353973441892236,-0.6737230392845704,-2.7404790657717957,0.02435565546746907,0.039893937875905124,0.05212114599306375,1.903042396192633,0.6825785775191465,0.3140055673952634,0.541987546737835,1.060794314932338,1.095399852452016,0.9636004809644526,290.07224499891424
367,20367,35ace65,v2_solver_dt4ms,1,1,1,success,62,24.627573330419576,23.187822362253655,0.1946843752501722,57,1,30.0,0.45,20.0,1.0,12,1,200,0.004,100,10.0,1.0,0,55,0,0.8870967741935484,0.33570140120645015,-0.4057651041161903,-1.1456225494199048,0.025628790092494795,0.033360968147822606,0.033381486854495386,1.9851014702306533,0.9742959041818782,0.37832666332236947,0.4637287462974706,1.0209387939602388,1.032012750221291,1.1609277360404082,286.46301841725267
368,20368,35ace65,v2_solver_dt4ms,1,1,1,success,68,22.38340102200855,13.925586560098182,10.37800412713913,60,1,30.0,0.45,20.0,1.0,12,1,200,0.004,100,10.0,1.0,0,49,0,0.7205882352941176,0.35488190321913254,-0.6086474361887633,-1.9235658968286697,0.026378042316846657,0.03394782151194594,0.05293366697150134,1.1966710137315313,0.7376896870938312,0.3608420323774597,0.5429618123005147,0.9729847920775414,0.9514365954162578,1.1156596504283445,291.47223727800605
369,20369,35ace65,v2_solver_dt4ms,1,1,1,success,57,17.92592988603814,3.2076004197926262,13.686732720092682,44,1,30.0,0.45,20.0,1.0,12,1,200,0.004,100,10.0,1.0,0,43,0,0.7543859649122807,0.30734162186101815,-0.45991809086963803,1.7524566407836142,0.023790277534399547,0.04007575564426659,0.11056436543768147,1.686630424797931,0.6691097653240164,0.3254691044030537,0.1734621402040248,1.044204195029045,1.0668139475476803,0.7351904314660875,280.90761845889745
370,20370,35ace65,v2_solver_dt4ms,0,1,0,timeout,200,51.91342615687865,24.374168134944224,30.7225579744107,56,1,30.0,0.45,20.0,1.0,12,1,200,0.004,100,10.0,1.0,0,171,0,0.855,0.3364880780238889,-0.351596603117566,1.9363284335720108,0.021209576027781164,0.03999735548624415,0.09991852871261234,0.962850708021038,0.604230167756334,0.3819184904040006,0.667956005967732,1.039454794583101,1.0885566181290025,1.0763134642778838,43.101435964446125
371,20371,35ace65,v2_solver_dt4ms,1,1,1,success,71,10.865874051978505,32.572995854995575,9.946228829688613,53,1,30.0,0.45,20.0,1.0,12,1,200,0.004,100,10.0,1.0,0,53,0,0.7464788732394366,0.36201681094606347,-0.5995973616410963,-0.4973778398296056,0.02357074212189749,0.03717443204305802,0.09000871453397763,1.5658376151389806,1.1938326656219274,0.34923544652365307,0.37530000028736404,0.9517743830883741,1.0477169484066355,1.0600491703466342,289.5492274909782
372,20372,35ace65,v2_solver_dt4ms,1,1,1,success,49,12.139502429601777,13.117918275706732,10.636280377337492,42,1,30.0,0.45,20.0,1.0,12,1,200,0.004,100,10.0,1.0,0,33,0,0.673469387755102,0.3870183055709554,-0.33060396309223383,0.14740851016930145,0.027456398039274205,0.0330957800589177,0.09432224371942997,1.789436649998057,1.0458046119563296,0.3208709894896116,0.17131599874150358,0.9356576951090104,1.0154635629617548,0.9146685759651616,282.38175072925355
373,20373,35ace65,v2_solver_dt4ms,1,1,1,success,46,21.884397380356344,19.155905380288562,2.5028373141971327,43,1,30.0,0.45,20.0,1.0,12,1,200,0.004,100,10.0,1.0,0,41,0,0.8913043478260869,0.3314552440070482,-0.27794546164192085,1.476181423537053,0.024633114260969414,0.033897752611930884,0.09583425169501807,1.0228379511000831,0.7257906989948055,0.38647243161380496,0.3572698403539015,1.0722455426044464,1.0353829818291147,1.0909191629805703,281.02893400210854
374,20374,35ace65,v2_solver_dt4ms,1,1,1,success,59,11.848860739713032,38.895858635488935,10.227586729360155,51,1,30.0,0.45,20.0,1.0,12,1,200,0.004,100,10.0,1.0,4,48,0,0.8135593220338984,0.3862833855311026,-0.42206844310146624,2.6615792154171647,0.02198466033845331,0.03895259168463687,0.03180677458743283,1.8204986963176868,1.1328348021613799,0.3738195031039198,0.4176802515547502,1.0715198128270322,0.9489314742631022,0.9510011345356044,285.51161956099094
375,20375,35ace65,v2_solver_dt4ms,1,1,1,success,62,19.249725731031678,14.762536819000838,15.432640911512951,52,1,30.0,0.45,20.0,1.0,12,1,200,0.004,100,10.0,1.0,0,53,0,0.8548387096774194,0.32814798002910284,-0.5622422413271038,-1.914295271263715,0.023186697668712494,0.03935555497974728,0.08801963638699033,1.122522914666283,1.1700918551476358,0.3735314571136002,0.35593198545923715,1.0018269415653032,0.9443673966346225,0.9210313000324268,287.20287608554645
376,20376,35ace65,v2_solver_dt4ms,1,1,1,success,50,29.703910618748065,26.365425847925007,5.2783418354483995,45,1,30.0,0.45,20.0,1.0,12,1,200,0.004,100,10.0,1.0,0,42,0,0.84,0.32792208561075864,-0.3246769306110479,-0.9856362419808398,0.02125860015585939,0.03456830006850622,0.031620897707088806,0.8942965638821609,0.9387763521356853,0.3897076159491919,0.25610960203013267,0.9693358149308127,0.9646936627161533,0.9959578173461723,282.7336077670099
377,20377,35ace65,v2_solver_dt4ms,1,1,1,success,70,20.6138015765291,25.396671374712177,3.1763855849611713,61,1,30.0,0.45,20.0,1.0,12,1,200,0.004,100,10.0,1.0,0,60,0,0.8571428571428571,0.3016462534439188,-0.6456821742509071,-1.7664777692662441,0.02477338848570345,0.03521766142625245,0.03066140170943173,1.2689656135073677,1.0381069965356242,0.3852227120947823,0.5614306361196506,0.9883483181741594,0.9743671525489089,1.183583624931102,287.1465945149573
378,20378,35ace65,v2_solver_dt4ms,1,1,1,success,128,15.459938454339516,11.769537223483937,24.92602607612794,113,1,30.0,0.45,20.0,1.0,12,1,200,0.004,100,10.0,1.0,0,111,0,0.8671875,0.3676280423221143,-0.7062507095976662,-1.3713837839456882,0.022978124788040802,0.03091601330699711,0.0798943407804236,1.7925134601287307,1.2017819485943082,0.30626072922262687,0.6717245503749949,1.0397897719405538,1.011417313482576,1.237933588828952,274.218054700537
379,20379,35ace65,v2_solver_dt4ms,1,1,1,success,62,2.583808593759032,17.159065868380598,13.834072546627954,53,1,30.0,0.45,20.0,1.0,12,1,200,0.004,100,10.0,1.0,1,50,0,0.8064516129032258,0.30567213293139056,-0.5676409267305749,-2.7638513924303223,0.022947989005134402,0.04015993834606431,0.08620598211560807,1.6259695102976925,0.88231258639055,0.31295211409206347,0.4455388721445226,1.0380496609076875,0.9763854646207639,1.1439257985757538,286.899458930282
380,20380,35ace65,v2_solver_dt4ms,0,1,0,object_lost,174,238.09051423848183,33.47561196654254,251.65809271353217,52,0,30.0,0.45,20.0,1.0,12,1,200,0.004,100,10.0,1.0,0,157,0,0.9022988505747126,0.34870182745804607,-0.6367858874439065,-1.546060438165399,0.020953176641192235,0.029909407952377065,0.11076146806991999,0.9144100328070878,1.3494108635982487,0.3521272751743377,0.38649999695605364,1.0027368570731336,1.0599772003227947,0.9264964291036267,-134.72819428674137
381,20381,35ace65,v2_solver_dt4ms,1,1,1,success,64,17.58075431147178,15.63020482948074,0.405459043106863,61,1,30.0,0.45,20.0,1.0,12,1,200,0.004,100,10.0,1.0,0,53,0,0.828125,0.30625160727555084,-0.7247702743285525,0.9886702839653596,0.024306586908855662,0.0301452006455821,0.11629822174685993,1.1624180487691025,0.919767299663014,0.34940279237899285,0.22689925889770982,0.9483251506880858,1.0758261199529013,0.9583756794229015,287.86192218421814
382,20382,35ace65,v2_solver_dt4ms,1,1,1,success,45,5.722621525232336,13.963677160610104,13.315758419064945,35,1,30.0,0.45,20.0,1.0,12,1,200,0.004,100,10.0,1.0,0,36,0,0.8,0.3049953742351042,-0.1792497978585793,-0.7359676547938032,0.025893677612723678,0.03756737571340517,0.08220241707226707,1.0912841921726477,0.7841682504169513,0.3420185885505513,0.37224494893283255,1.0079754907355434,1.100256874234629,1.1816653644038277,279.23799760727206
383,20383,35ace65,v2_solver_dt4ms,1,1,1,success,64,10.765375691952931,23.6128804956819,21.040938505753797,55,1,30.0,0.45,20.0,1.0,12,1,200,0.004,100,10.0,1.0,0,48,0,0.75,0.3455904483656709,-0.6812151051010451,1.2617543718986655,0.022397267997014296,0.03670234174918066,0.10507168036756433,1.461990281547286,1.0704996731626748,0.33682434514654985,0.36582620345173794,1.0928435890757442,1.0477536677317454,1.2239103106586486,286.582347163571
384,20384,35ace65,v2_solver_dt4ms,1,1,1,success,64,11.933934560409721,13.553200474938373,3.1178052476230347,60,1,30.0,0.45,20.0,1.0,12,1,200,0.004,100,10.0,1.0,0,45,0,0.703125,0.31370448910850307,-0.6677917716347559,3.0499854881525525,0.022512309964329246,0.03532155101182613,0.08517344222518569,0.83246066218618,0.8494874466102402,0.38506869209936373,0.4773674680283775,0.9993313721002546,0.9522226669693693,0.953783831639287,288.63635900801705
385,20385,35ace65,v2_solver_dt4ms,1,1,1,success,54,4.466089662299501,10.646448162735057,5.833265051333197,47,1,30.0,0.45,20.0,1.0,12,1,200,0.004,100,10.0,1.0,0,43,0,0.7962962962962963,0.31408151205888873,-0.37802417057425364,-2.69887558699623,0.02123828606659717,0.037851917643296436,0.045859283607286555,0.906173269157135,0.9555003396067947,0.36597142078512723,0.45797270021054126,1.1428534857518264,0.9966569096272219,1.1240899271988027,282.42659777366896
386,20386,35ace65,v2_solver_dt4ms,1,1,1,success,52,10.920058458405755,16.454347207392708,3.3536143807190375,49,1,30.0,0.45,20.0,1.0,12,1,200,0.004,100,10.0,1.0,5,41,0,0.7884615384615384,0.38635781142096304,-0.3507281803950353,-1.3877236172327398,0.02288748845067251,0.035307844335030966,0.10415161042404039,1.3018535556193447,1.3254889116155744,0.3163510319633908,0.3481584021473123,0.9650439479258436,1.0293941428252185,0.9307772385341706,280.27681858039034
387,20387,35ace65,v2_solver_dt4ms,1,1,1,success,57,33.35469953594114,35.46780804601784,3.88343437478204,50,1,30.0,0.45,20.0,1.0,12,1,200,0.004,100,10.0,1.0,0,47,0,0.8245614035087719,0.3608797243582097,-0.32595626066879263,-0.49605805765807887,0.025886051769419785,0.034924796433841596,0.08098775459927694,1.7349798249294759,1.1294005043723603,0.37970688049870177,0.21968231233272084,1.0067122508598907,1.0735634263990537,1.1308076854469427,279.1837026351336
388,20388,35ace65,v2_solver_dt4ms,1,1,1,success,54,15.66352272782601,5.460742550827438,5.258677262878107,47,1,30.0,0.45,20.0,1.0,12,1,200,0.004,100,10.0,1.0,0,44,0,0.8148148148148148,0.3194076919615606,-0.6860011911279206,1.1223427203240064,0.02485837625265944,0.03148886580213147,0.0343689001997684,1.712830517813258,1.2082593949345444,0.31226765165124776,0.19429181322306663,1.0490253973961192,1.0661713308992369,0.982721935823792,285.85777784481076
389,20389,35ace65,v2_solver_dt4ms,1,1,1,success,69,17.426213974460705,16.055246207248956,3.694402363267373,60,1,30.0,0.45,20.0,1.0,12,1,200,0.004,100,10.0,1.0,0,52,0,0.7536231884057971,0.31567116372927617,-0.7237999484441928,-2.504260553988196,0.023458238210862008,0.030061894373869868,0.08723178304431417,1.7250481395699686,0.6760521814114981,0.3439449115484529,0.5944818560449575,0.9688144572262241,1.0724984737871615,1.073977951329606,290.6184485648663
390,20390,35ace65,v2_solver_dt4ms,1,1,1,success,52,16.349470282186008,22.43755527464033,3.936191709756057,45,1,30.0,0.45,20.0,1.0,12,1,200,0.004,100,10.0,1.0,0,45,0,0.8653846153846154,0.34107071830000746,-0.3336996226601618,0.7540717792872291,0.022600205643296373,0.03517126687042942,0.07464560863812242,0.8687751937586599,1.201556020734175,0.34112366464486316,0.6494066892819972,1.0319250221696208,0.9652951427879212,1.0355489618532034,282.27552858827323
391,20391,35ace65,v2_solver_dt4ms,0,1,0,unsafe,69,50.0508101661609,122.50238883719699,65.91172393512527,56,0,30.0,0.45,20.0,1.0,12,1,200,0.004,100,10.0,1.0,0,50,0,0.7246376811594203,0.35788393177614525,-0.4897949298157859,0.5192818562290413,0.026818413643705654,0.03131391599098682,0.09514474192708622,1.541820168936979,1.0027634345738619,0.36280855882865765,0.6935197167463903,1.0270260429906677,1.0689669283309562,1.232607042448823,23.879789202077795
392,20392,35ace65,v2_solver_dt4ms,1,1,1,success,50,8.732890124844415,3.377747568774209,15.961080374205915,44,1,30.0,0.45,20.0,1.0,12,1,200,0.004,100,10.0,1.0,0,45,0,0.9,0.3843286679395984,-0.2248008384957515,0.9071844907796995,0.026649755174687102,0.03161033500317704,0.07867106331299578,1.958909071331812,1.125559137973215,0.30485312290698247,0.33209482039817717,0.9099100892215797,0.9271622363286355,0.9718663654202724,282.65209878534154
393,20393,35ace65,v2_solver_dt4ms,1,1,1,success,53,7.487568953894218,11.525242980256484,9.73206385127653,44,1,30.0,0.45,20.0,1.0,12,1,200,0.004,100,10.0,1.0,1,44,0,0.8301886792452831,0.35623564891566545,-0.5881059051969734,1.5456910445663672,0.02278266413318772,0.03949637207875771,0.05215935510381652,1.516686756672224,1.2702592533540409,0.30929149802812567,0.18660431522497237,1.0399842809728876,1.0353932823725351,0.7745343182807792,284.30529026271836
394,20394,35ace65,v2_solver_dt4ms,1,1,1,success,60,29.86584004173803,3.2516633785990936,22.586820667293047,55,1,30.0,0.45,20.0,1.0,12,1,200,0.004,100,10.0,1.0,0,49,0,0.8166666666666667,0.30147319334921263,-0.4747606237469692,0.29016515442460733,0.025646520475347694,0.03225274089137147,0.05521639279358844,1.1395771420265464,0.8963201190839835,0.3685682154332445,0.2987566822528902,0.9409647011700404,0.9966263548902482,1.0763320405189567,277.7146525234286
395,20395,35ace65,v2_solver_dt4ms,1,1,1,success,54,14.801210389168693,13.418846901022413,5.0144190047609465,42,1,30.0,0.45,20.0,1.0,12,1,200,0.004,100,10.0,1.0,0,42,0,0.7777777777777778,0.3291952042529039,-0.28859245849468657,-2.1897819161336822,0.020951176694874663,0.03290351673459406,0.09913800981886177,0.9508965413559647,0.886012844147186,0.30164631362176114,0.1766162990924114,0.9862886590355239,1.0180110320644609,1.0711682382568126,280.9561318626569
396,20396,35ace65,v2_solver_dt4ms,1,1,1,success,55,20.083900200380477,14.932016157009057,5.319482868342092,48,1,30.0,0.45,20.0,1.0,12,1,200,0.004,100,10.0,1.0,0,44,0,0.8,0.34672846934986085,-0.46224701311950356,-0.60789130862277,0.022009251095234526,0.03812799915221324,0.07575694092825172,1.4341355990155844,1.195075676024258,0.375719832294927,0.25548552621718157,0.9426291058630129,1.055803632458575,1.1222621384295037,282.94981557400376
397,20397,35ace65,v2_solver_dt4ms,1,1,1,success,55,10.65014403509128,10.421133236525494,0.3475976405168286,51,1,30.0,0.45,20.0,1.0,12,1,200,0.004,100,10.0,1.0,0,35,0,0.6363636363636364,0.3892745042620066,-0.2603979298285882,0.9715855119344354,0.021484088229045146,0.031000657992084946,0.11077149150096705,0.9007143730495966,0.6952177417456258,0.31927848120931757,0.276332316461298,0.963984265109227,1.0462149868682538,1.0598033861353573,284.06713650947387
398,20398,35ace65,v2_solver_dt4ms,0,0,0,unsafe,45,215.9841056415001,nan,nan,-1,0,30.0,0.45,20.0,1.0,12,1,200,0.004,100,10.0,1.0,0,41,0,0.9111111111111111,0.3336387218556166,-0.39439721090828433,1.9085822955145746,0.02635609682484241,0.03948416830035244,0.036923716068067367,1.2523097995820665,0.71242538083017,0.3588974545411724,0.26211471295352984,1.0773016312801036,0.9576797475913451,1.020016539380877,-47.3324535822834
399,20399,35ace65,v2_solver_dt4ms,1,1,1,success,71,7.654924133015721,35.20565142921126,15.775353091884766,63,1,30.0,0.45,20.0,1.0,12,1,200,0.004,100,10.0,1.0,0,50,0,0.704225352112676,0.37396284421563875,-0.6491956581460475,0.45655132707573554,0.02573676728191746,0.030923729401330206,0.1170529141298068,0.8597169183955486,1.2220562395343675,0.33734479985608223,0.6335018641310219,1.0606199762172006,0.9548556175196558,1.1562931908421792,293.47717554703377
400,20400,35ace65,v2_solver_dt4ms,1,1,1,success,66,11.581412874814433,10.950067890028917,12.919731403405452,55,1,30.0,0.45,20.0,1.0,12,1,200,0.004,100,10.0,1.0,5,52,0,0.7878787878787878,0.3498410020627887,-0.3755809558781631,-1.4303773141888432,0.025863240527379466,0.03841898921744739,0.06205504901508907,1.1622257235192828,0.9035741938143742,0.33077570565732733,0.5919488571971204,0.9850023496430189,1.0761403124424016,1.0936071044708604,280.61470831205634
401,20401,35ace65,v2_solver_dt4ms,1,1,1,success,58,17.982411168425205,9.193152949265388,17.006283617158577,45,1,30.0,0.45,20.0,1.0,12,1,200,0.004,100,10.0,1.0,0,44,0,0.7586206896551724,0.32640459471055505,-0.3314340884537158,2.002180002168804,0.02487187398810959,0.03833472897985407,0.06078215830330122,1.896131664559989,0.9743337924878228,0.3539743328290051,0.376843102875648,0.976594544152685,1.0246937251812265,1.2559819305915099,282.43288891894576
402,20402,35ace65,v2_solver_dt4ms,1,1,1,success,62,14.867298145251373,27.885150444533792,10.219366909158213,57,1,30.0,0.45,20.0,1.0,12,1,200,0.004,100,10.0,1.0,0,44,0,0.7096774193548387,0.3174522054962594,-0.4791124735488446,1.3468503721288974,0.026841208031566796,0.03411787900528041,0.03338436772660083,1.898183793205322,1.3673905762887193,0.35736238446778695,0.6510173155494199,1.0488990778313398,1.070365778633337,0.967287157553582,287.41902718533794
403,20403,35ace65,v2_solver_dt4ms,1,1,1,success,72,10.910260639756041,8.312330000519447,15.174682863500937,42,1,30.0,0.45,20.0,1.0,12,1,200,0.004,100,10.0,1.0,1,62,0,0.8611111111111112,0.3589205537778496,-0.2099906692783955,1.658998652990471,0.02200365520888995,0.03828624948611436,0.07458922777555965,1.4974820953818957,1.379590383963857,0.3315946859588965,0.35240050714420085,1.0909478763131022,0.9904752805611167,0.9254841340040731,278.65731177084206
404,20404,35ace65,v2_solver_dt4ms,1,1,1,success,65,26.72339112570898,11.219739274265855,7.839552347670225,52,1,30.0,0.45,20.0,1.0,12,1,200,0.004,100,10.0,1.0,0,53,0,0.8153846153846154,0.3886425933307307,-0.2935809480594548,3.1168356281925034,0.025047220041814536,0.03898909971164624,0.08394808681724142,1.5137469047367444,0.8819972096374916,0.34301942958969,0.6130434321333325,1.1210533459942567,0.96761359876741,0.9533581107855281,281.4903372046079
405,20405,35ace65,v2_solver_dt4ms,1,1,1,success,59,20.09133433311062,22.88726052450445,3.2178665795319437,52,1,30.0,0.45,20.0,1.0,12,1,200,0.004,100,10.0,1.0,0,39,0,0.6610169491525424,0.36751296694664487,-0.3157603554650458,-1.4122608672809087,0.020849531972387998,0.03037534471091705,0.06774412178793579,1.2532891734256966,1.1089246406225706,0.3244193125725774,0.6785275017208021,1.0483164005403445,1.074858807946924,0.85003917825228,285.5479873557908
406,20406,35ace65,v2_solver_dt4ms,1,1,1,success,45,6.491457893660496,10.820102225974837,16.84497213912864,38,1,30.0,0.45,20.0,1.0,12,1,200,0.004,100,10.0,1.0,0,39,0,0.8666666666666667,0.35380633999429156,-0.258872112628183,-2.3062517081238783,0.023597181722812333,0.03381831198133873,0.03890247818560229,0.9047561720588227,0.9602477793241373,0.35873708651055575,0.33490025373635546,1.1059597318230738,1.0279104682249847,1.0226886762045386,281.41741492581093
407,20407,35ace65,v2_solver_dt4ms,1,1,1,success,51,10.792170248526594,15.960714698738201,20.702134493026122,43,1,30.0,0.45,20.0,1.0,12,1,200,0.004,100,10.0,1.0,0,41,0,0.803921568627451,0.37856757786523254,-0.29671119922450173,-2.2365625350674136,0.02117707040231493,0.03277922422280179,0.1068359147430682,1.547620552816063,1.2185962106812502,0.3452571762211281,0.29263423818465534,1.020570420400975,1.082516747653663,1.2296581380269096,283.24480373430816
408,20408,35ace65,v2_solver_dt4ms,1,1,1,success,141,5.440737608184041,3.2530313509452933,4.142506758392983,51,1,30.0,0.45,20.0,1.0,12,1,200,0.004,100,10.0,1.0,1,131,0,0.9290780141843972,0.3324499401789824,-0.4872403062579813,1.480528213235476,0.02060073032174526,0.03989827504379167,0.03525101440778624,1.3225748163751492,1.2534550258437713,0.3484763262227506,0.2781899212137125,1.0485964410030029,1.083294394605041,1.0576731771832928,275.9724499297427
409,20409,35ace65,v2_solver_dt4ms,1,1,1,success,58,9.63635315777641,10.689924001252047,5.456030677208869,50,1,30.0,0.45,20.0,1.0,12,1,200,0.004,100,10.0,1.0,0,51,0,0.8793103448275862,0.3126378077981139,-0.40736569724644145,-1.0668357309162393,0.022688678398806787,0.034441514202506976,0.07318216781883588,1.8813168782181724,1.3755273495354614,0.32893318256498294,0.6032333104167616,1.031910632157816,1.0079601730750394,1.0279303286052703,284.6758549648256
410,20410,35ace65,v2_solver_dt4ms,1,1,1,success,54,16.381244536062404,17.807766540116805,6.884650712664509,47,1,30.0,0.45,20.0,1.0,12,1,200,0.004,100,10.0,1.0,0,38,0,0.7037037037037037,0.3686396263774688,-0.3011005141411488,0.6995146258875318,0.025653410477205353,0.036474847163021865,0.059272531155187186,1.7448929153881862,1.3428419846968997,0.3441734669859347,0.5146407246418292,1.0362227316968846,1.0012187841862075,1.0148033184678067,283.6652325138569
411,20411,35ace65,v2_solver_dt4ms,1,1,1,success,49,25.69301424454232,27.635398665447184,23.081822656380513,38,1,30.0,0.45,20.0,1.0,12,1,200,0.004,100,10.0,1.0,1,37,0,0.7551020408163265,0.3427398942854206,-0.2562868728845308,2.81023782554868,0.020825889765667207,0.03750597531050977,0.04118785928504978,1.468965075144722,1.0512195875024122,0.3524407389124046,0.2168370227462077,1.1060276038201466,1.013035871387548,0.9290803177240708,276.08684233857883
412,20412,35ace65,v2_solver_dt4ms,1,1,1,success,50,28.367911412446457,26.122893030731625,4.92413650318955,42,1,30.0,0.45,20.0,1.0,12,1,200,0.004,100,10.0,1.0,0,37,0,0.74,0.3253201219142346,-0.31267261460408863,3.1085597533718934,0.023247273028678062,0.03765487531154748,0.03449860835886204,1.4642953630377953,1.1309894053322327,0.37404786059661765,0.29966202076359116,0.9902726407080916,1.0049640043959678,1.026058580095318,280.065642575865
413,20413,35ace65,v2_solver_dt4ms,1,1,1,success,64,9.85211079903502,20.98421133693809,18.27134042865932,53,1,30.0,0.45,20.0,1.0,12,1,200,0.004,100,10.0,1.0,0,50,0,0.78125,0.372024592988657,-0.523272117918084,0.6377432076326217,0.021229276521528662,0.03545558204203255,0.07783504006976531,1.5333323794938658,0.8396358162333324,0.30859832091741074,0.42274286454191645,1.1054898332836416,0.9972516467532108,1.2977394563024955,288.6987897372755
414,20414,35ace65,v2_solver_dt4ms,1,1,1,success,65,18.816400521414582,27.241734057420405,3.326770850351779,56,1,30.0,0.45,20.0,1.0,12,1,200,0.004,100,10.0,1.0,0,49,0,0.7538461538461538,0.3577383174871529,-0.532152867506462,-1.3856515284233313,0.026893540218970308,0.030498150922946006,0.06284739925284608,1.5762058836658377,0.8852692566575411,0.32102580270730224,0.7036363983800031,1.0297707404286858,0.9654561581115126,1.009260210414535,289.15358784806267
415,20415,35ace65,v2_solver_dt4ms,1,1,1,success,61,17.85252868473784,22.519446424767107,15.710151816493694,52,1,30.0,0.45,20.0,1.0,12,1,200,0.004,100,10.0,1.0,0,48,0,0.7868852459016393,0.3751936436825802,-0.26072952561715923,-0.3228906114886718,0.022888963091021942,0.03855926184663082,0.04258755562604943,1.788339852387658,0.7289945506444045,0.37931974261229356,0.6491801981671136,1.0676229575849394,1.0861739866373035,1.1072156785555265,286.4589711448559
416,20416,35ace65,v2_solver_dt4ms,1,1,1,success,59,12.29773172022676,21.355142286866002,15.840933525381459,50,1,30.0,0.45,20.0,1.0,12,1,200,0.004,100,10.0,1.0,0,44,0,0.7457627118644068,0.3491975976741811,-0.48762468747009674,2.287103801897982,0.023057043431674046,0.030814090768924454,0.06495841543151162,1.9841487832727938,1.1549552636587541,0.309616035610695,0.4506851410139598,1.0053331404358452,1.019721211762782,0.7507841874545191,286.9234594996775
417,20417,35ace65,v2_solver_dt4ms,1,1,1,success,62,14.356361980592014,15.078131578153371,4.8188890638344954,57,1,30.0,0.45,20.0,1.0,12,1,200,0.004,100,10.0,1.0,0,49,0,0.7903225806451613,0.3376777426991343,-0.613350727311872,-0.4595393414654092,0.026840124063397183,0.035523278550366286,0.052162742775453894,0.9433236399731441,1.188328436099677,0.34632676997009415,0.6328619234375804,1.047422928476412,1.0155090776338562,0.9825591118620073,289.5059901310018
418,20418,35ace65,v2_solver_dt4ms,1,1,1,success,50,20.52926938721104,22.774478895202456,12.195091893483717,43,1,30.0,0.45,20.0,1.0,12,1,200,0.004,100,10.0,1.0,0,33,0,0.66,0.3735823274528228,-0.3148019724832322,-1.9745414200600515,0.02294706778119751,0.03213771004197881,0.10199882097218277,1.4522251377329831,1.2054316697423317,0.33891988030679077,0.3834029102600918,1.031395405578118,0.983997565456008,0.9533177239159307,281.8791529542168
419,20419,35ace65,v2_solver_dt4ms,1,1,1,success,64,7.892269163071949,29.460653957122666,20.40485411707608,54,1,30.0,0.45,20.0,1.0,12,1,200,0.004,100,10.0,1.0,0,49,0,0.765625,0.35963175421797894,-0.607207244036542,0.9715715456535197,0.024755864100945935,0.03377678583566534,0.0956574950099905,1.0030958520404223,1.3687566975959937,0.34220907495747666,0.4256504618765535,1.0530528709051397,1.033015469867583,0.9619633382660671,292.0493839143307
420,20420,35ace65,v2_solver_dt4ms,1,1,1,success,77,9.461035442281066,25.625981963483834,17.019720053158224,69,1,30.0,0.45,20.0,1.0,12,1,200,0.004,100,10.0,1.0,0,58,0,0.7532467532467533,0.3731856565511597,-0.6300139709939008,-0.9045731426723158,0.023870480629913402,0.0397637069370486,0.07131547602846758,1.4445951555403052,0.6271013357982961,0.31365243062245624,0.46950729534415947,0.9955630309293408,0.9864234827507726,1.1311395275607232,288.9476531599024
421,20421,35ace65,v2_solver_dt4ms,1,1,1,success,54,24.389288703114183,36.51335084537595,4.716645948314794,51,1,30.0,0.45,20.0,1.0,12,1,200,0.004,100,10.0,1.0,0,37,0,0.6851851851851852,0.3813562256015476,-0.22197009369526277,-1.5570543988161154,0.023294953714163128,0.033575807950735954,0.032445374973718105,1.6927473086616205,1.3256587301622706,0.3881674487182433,0.17502658105399313,1.0524137329598229,1.031115932660018,0.9468546261952672,279.3182501630941
422,20422,35ace65,v2_solver_dt4ms,1,1,1,success,51,35.732882505814956,13.673227712670128,6.885750865868763,46,1,30.0,0.45,20.0,1.0,12,1,200,0.004,100,10.0,1.0,0,27,0,0.5294117647058824,0.3574637354628789,-0.1715926965743595,-2.582277259441172,0.022498054683841497,0.034831929460841266,0.04825176942288889,1.8339296977207202,0.8520418009933838,0.32247018679982337,0.35546448426122873,1.0409788288874164,1.0000328279556676,1.0078877177735805,276.780557115772
423,20423,35ace65,v2_solver_dt4ms,1,1,0,success,53,44.34516861466909,29.446862356389875,18.45888726494952,41,1,30.0,0.45,20.0,1.0,12,1,200,0.004,100,10.0,1.0,0,42,0,0.7924528301886793,0.32810142160266986,-0.20557350991257506,2.937223340566594,0.022633379054577456,0.03954083901868834,0.04757260958511898,0.9989217290538329,1.2967010425097965,0.35999580196716957,0.3227955777465962,0.9991133060403641,0.9962963535128679,0.9471984324527336,255.7365850546119
424,20424,35ace65,v2_solver_dt4ms,1,1,1,success,72,8.888275771177867,8.253463054328998,14.426129680160008,65,1,30.0,0.45,20.0,1.0,12,1,200,0.004,100,10.0,1.0,0,63,0,0.875,0.3696850249741917,-0.6097544817586722,1.8551554989370747,0.022041008587624526,0.03125957192791385,0.10106472788521384,1.0439792950108682,0.727308741524081,0.3386312747121633,0.5971839254279403,0.9593085169011333,1.0734156639637071,1.008336521679618,291.9899701499197
425,20425,35ace65,v2_solver_dt4ms,1,1,1,success,48,7.732574606007148,11.799095382835244,6.257498994300279,43,1,30.0,0.45,20.0,1.0,12,1,200,0.004,100,10.0,1.0,0,39,0,0.8125,0.34232353475088656,-0.34550843753062416,-0.5673639298230513,0.0258421753000661,0.03104274320628419,0.031755496355319435,1.383795353206847,1.1867909005121189,0.38243460234263815,0.30763045992474236,1.0473936395231251,1.027796501940045,0.8607692137354201,280.7385679002829
426,20426,35ace65,v2_solver_dt4ms,1,1,1,success,70,27.377951354461533,20.312839962838712,10.430811663508,53,1,30.0,0.45,20.0,1.0,12,1,200,0.004,100,10.0,1.0,0,57,0,0.8142857142857143,0.3244315432368985,-0.3277215518191967,-0.8999018239528,0.02067086600252112,0.038944041540497555,0.034097485481507005,0.8280264458947852,0.6104492738651301,0.37306760017435947,0.6443241882699119,1.0295320199400826,0.9747384662815535,0.936729899372718,283.9915593205077
427,20427,35ace65,v2_solver_dt4ms,1,1,1,success,65,14.696172847537223,13.10022324480549,10.789576882943464,56,1,30.0,0.45,20.0,1.0,12,1,200,0.004,100,10.0,1.0,0,38,0,0.5846153846153846,0.3282406533118432,-0.5952969991017211,2.391247102313275,0.02396482506166841,0.029758435638747416,0.09255225882213998,1.8398384940768306,0.7404990986555037,0.3020741250693961,0.6317565693444125,1.107261892758806,1.0091391977549853,0.9497879492419354,287.45815493864393
428,20428,35ace65,v2_solver_dt4ms,1,1,1,success,58,17.359894015426306,15.92201766776892,2.518794826080863,52,1,30.0,0.45,20.0,1.0,12,1,200,0.004,100,10.0,1.0,0,52,0,0.896551724137931,0.32017357235094424,-0.4106422029294396,0.07230421509152452,0.027241977991096136,0.04024194148622921,0.11491970582231244,1.1168985545441528,0.683983315447997,0.35953379126536456,0.5417723850437598,0.9316397479762092,0.9767488330449847,1.336960382332902,282.971259812438
429,20429,35ace65,v2_solver_dt4ms,1,1,1,success,93,11.658033459098634,20.89419659616014,9.595410588744292,45,1,30.0,0.45,20.0,1.0,12,1,200,0.004,100,10.0,1.0,0,77,0,0.8279569892473119,0.31034482152406423,-0.2550922283866334,1.9152388443961952,0.025265156043050685,0.04004705183600813,0.11268958133190018,1.013917620151027,1.3060801158575315,0.3288523502611476,0.4808912235859404,1.040037277995037,1.0892977409255908,1.01992034360928,278.3589106603718
430,20430,35ace65,v2_solver_dt4ms,0,0,0,timeout,200,377.48930089949005,nan,nan,-1,1,30.0,0.45,20.0,1.0,12,1,200,0.004,100,10.0,1.0,0,183,0,0.915,0.38912256118479777,-0.5481486231589479,0.6758832270523922,0.022020756736771535,0.03533855915478921,0.048109286569027854,1.837269200076419,0.7403406991910737,0.3734756233502456,0.3867734673448606,1.0489424092552593,1.034300679002142,1.2149374553265837,-4.628690480634338
431,20431,35ace65,v2_solver_dt4ms,1,1,1,success,46,14.308981300443104,30.230670974303862,11.37006114130634,38,1,30.0,0.45,20.0,1.0,12,1,200,0.004,100,10.0,1.0,0,29,0,0.6304347826086957,0.3259604878423087,-0.2039797280714558,3.086139188373928,0.021625456664311885,0.03488423999408478,0.11739124600450179,0.8657339931591564,1.1684331002921589,0.38442083480108635,0.22558959313861515,1.0605216730459273,1.1422180174696082,0.8341867614457767,280.5074995662733
432,20432,35ace65,v2_solver_dt4ms,1,1,1,success,65,18.428861746034745,19.414377919653123,3.558271684141541,59,1,30.0,0.45,20.0,1.0,12,1,200,0.004,100,10.0,1.0,0,52,0,0.8,0.37875092553327144,-0.43499451335119543,-1.8158913531730374,0.021120680346242537,0.031607355988526695,0.08678147636044602,1.3042404680627389,1.1349920663098287,0.3708720687875906,0.5805700103693117,1.117979637920659,0.9476028553902732,1.1057593223272562,287.8144627389178
433,20433,35ace65,v2_solver_dt4ms,0,1,1,unsafe,116,19.814047195300642,11.601199097341311,26.769907844970852,52,0,30.0,0.45,20.0,1.0,12,1,200,0.004,100,10.0,1.0,0,101,0,0.8706896551724138,0.3058380264375822,-0.5724261005938674,-2.9348868677283506,0.020513454245053516,0.03470046641870741,0.10325504194849448,1.9303882810876736,1.389515863393277,0.37018557086767295,0.3748024475361107,1.1096476292402258,1.0689276765705118,1.08482426878108,25.59271929481129
434,20434,35ace65,v2_solver_dt4ms,1,1,1,success,115,34.419135090544835,24.657734879524153,5.365062054643204,81,1,30.0,0.45,20.0,1.0,12,1,200,0.004,100,10.0,1.0,0,94,0,0.8173913043478261,0.31328360991032217,-0.7243993491214693,0.60008156936347,0.026441457354384402,0.03190618122718515,0.08607581932772995,0.9087403570262416,1.0606970874715724,0.35038059918604636,0.21859105345681637,1.0013131249627885,0.9347496398883967,1.0388993434879166,276.4195577665247
435,20435,35ace65,v2_solver_dt4ms,1,1,1,success,50,16.87260815108717,15.991572136178762,7.097392859180928,46,1,30.0,0.45,20.0,1.0,12,1,200,0.004,100,10.0,1.0,3,34,0,0.68,0.35201267658103663,-0.38382960067221017,-0.8752605275859131,0.02651705982735805,0.037698183042207546,0.08342992526909106,0.8198498021569236,0.8275391777419722,0.3602376366501485,0.32300536696007986,1.0104459151199718,0.9584718117852826,1.0821244397653675,277.7004648871641
436,20436,35ace65,v2_solver_dt4ms,1,1,1,success,56,29.785988275823108,24.306539835804827,6.2357012878983005,48,1,30.0,0.45,20.0,1.0,12,1,200,0.004,100,10.0,1.0,0,41,0,0.7321428571428571,0.3412197102315486,-0.44090644347326563,-1.8327557905388479,0.027318087260463052,0.03302173262804411,0.08084402513014124,1.0417986457154196,0.9860163266859838,0.3498437920314475,0.31249361907154094,1.1689721008410625,1.0620848906155953,1.1716593434818616,280.68685875501023
437,20437,35ace65,v2_solver_dt4ms,1,1,1,success,58,21.577302373255428,28.03287810131607,8.135976442250119,51,1,30.0,0.45,20.0,1.0,12,1,200,0.004,100,10.0,1.0,0,48,0,0.8275862068965517,0.3856855168109374,-0.250758549520649,1.7938787380014896,0.023575166525823844,0.03674708438320004,0.0683296937802498,1.6622662276706701,1.1630777971848052,0.34235205939594376,0.6730591720178765,1.045518916946446,1.0366071603690776,1.1994966651027144,284.7026157395297
438,20438,35ace65,v2_solver_dt4ms,1,1,1,success,59,17.44470054978492,22.20094544330137,4.030603203734024,51,1,30.0,0.45,20.0,1.0,12,1,200,0.004,100,10.0,1.0,0,48,0,0.8135593220338984,0.3503142912362448,-0.23979849705431633,-0.0008937072521577605,0.021669622920233604,0.03374756245097425,0.09956291426804227,1.6902300930767709,1.386274867822213,0.32215737368391656,0.6756101662236904,1.0169824545444306,1.1273107283059751,1.043379309320077,283.6654154700593
439,20439,35ace65,v2_solver_dt4ms,1,1,1,success,48,28.443912455870667,10.671192136050584,25.26965274376863,39,1,30.0,0.45,20.0,1.0,12,1,200,0.004,100,10.0,1.0,0,39,0,0.8125,0.3362898348340139,-0.23488513140335288,0.8802864039941927,0.027171120208635255,0.03352430723897519,0.04739672403652308,1.374111855385361,1.1669735564004977,0.34652463535426803,0.25792298125256213,1.0016788051974046,0.9939958581519802,1.0086032140759809,282.1326037288545
440,20440,35ace65,v2_solver_dt4ms,1,1,1,success,49,16.029708108126297,20.223948376398837,24.20835541689846,42,1,30.0,0.45,20.0,1.0,12,1,200,0.004,100,10.0,1.0,0,33,0,0.673469387755102,0.37438935345582736,-0.17723746144459152,2.0840765070204688,0.021128685342445122,0.03523846354472576,0.04442042165550036,1.1979253720395602,0.7039220930719393,0.3528201351536727,0.32391917968541717,0.9839296721928356,1.1295559830927786,1.0628349481760826,281.525151981256
441,20441,35ace65,v2_solver_dt4ms,1,1,1,success,55,7.41378558863438,7.5168089289541085,12.206200285258623,44,1,30.0,0.45,20.0,1.0,12,1,200,0.004,100,10.0,1.0,0,42,0,0.7636363636363637,0.3122062821853329,-0.2978995803791807,1.1296822378743547,0.023520681935037275,0.03471708666769544,0.099435849230349,1.002466469722006,0.7031666352299143,0.3039436329565267,0.2547386636569905,1.0319134958358323,1.0365345123364587,1.1782309443266903,282.244013534666
442,20442,35ace65,v2_solver_dt4ms,1,1,1,success,64,13.10186063560048,24.908969627330688,2.337576335647453,61,1,30.0,0.45,20.0,1.0,12,1,200,0.004,100,10.0,1.0,0,47,0,0.734375,0.36040385209583453,-0.6606110250696137,-1.6200931955980689,0.024316154558763615,0.03499338924636984,0.08384963911015136,1.6746087723178782,1.2475432934267814,0.3417270482931877,0.36881637306566906,1.0288644184892781,1.0411383534233174,1.1196943954703236,289.1352230436435
443,20443,35ace65,v2_solver_dt4ms,1,1,1,success,58,8.668605277068977,11.178602655779512,8.591002819108686,44,1,30.0,0.45,20.0,1.0,12,1,200,0.004,100,10.0,1.0,0,45,0,0.7758620689655172,0.3547747330522465,-0.19568985366299807,1.3375226722851403,0.026590113452630335,0.031124487434709473,0.08867715952399507,1.3990452329233318,1.3300594626178732,0.3002823750016224,0.5236211588048487,0.9889969095513834,1.0560370857195098,0.9853579282072276,281.6070913417374
444,20444,35ace65,v2_solver_dt4ms,1,1,1,success,47,4.709653176701469,4.134541487779284,1.3079779141290584,44,1,30.0,0.45,20.0,1.0,12,1,200,0.004,100,10.0,1.0,0,43,0,0.9148936170212766,0.3276422375844671,-0.41613172666594295,-1.6015933610588426,0.023697895978209642,0.036053740272985885,0.03722336645439495,1.997187771463627,0.9682187182472188,0.33914108824206723,0.18129643803283363,1.0034144621747134,0.9233793705230119,1.0135765485270072,282.1677079883534
445,20445,35ace65,v2_solver_dt4ms,1,1,1,success,61,2.568225814321447,13.400926300014369,11.924144647987339,51,1,30.0,0.45,20.0,1.0,12,1,200,0.004,100,10.0,1.0,0,51,0,0.8360655737704918,0.37919531815247837,-0.44640150980888127,-0.25480269120838983,0.025875041028541376,0.033281886252039344,0.09249222149912176,1.0961031758041215,1.2726680504640142,0.3332436656002181,0.3771330555315043,1.0621765106815804,1.0732113313785885,0.9446386835147097,291.1425398234381
446,20446,35ace65,v2_solver_dt4ms,1,1,1,success,68,24.130104047214644,20.565819896323347,6.2892102200819755,51,1,30.0,0.45,20.0,1.0,12,1,200,0.004,100,10.0,1.0,0,52,0,0.7647058823529411,0.35255742136157814,-0.39873572845809674,1.9560522641809053,0.022562971644779602,0.036506341238701924,0.06875780798329557,1.9891097217549316,1.0614947879530203,0.3840882486246051,0.4391679485181049,1.0824773540175625,0.977783536383459,1.1091871443557957,281.07771316041544
447,20447,35ace65,v2_solver_dt4ms,1,1,1,success,70,12.225676199631799,12.83848232214718,5.635305238328164,63,1,30.0,0.45,20.0,1.0,12,1,200,0.004,100,10.0,1.0,0,55,0,0.7857142857142857,0.334968157265171,-0.5782017027155018,2.2121083714405705,0.027323143090921764,0.03380828023874971,0.10605104937097533,1.109280938946975,0.809316473776609,0.3578137045406942,0.6538028395639545,1.0105164074534132,0.9440284621378664,1.0583854257398442,289.457120394037
448,20448,35ace65,v2_solver_dt4ms,1,1,1,success,57,13.651701371380254,15.72945903156375,3.5531230156501126,53,1,30.0,0.45,20.0,1.0,12,1,200,0.004,100,10.0,1.0,0,44,0,0.7719298245614035,0.3130115112218894,-0.4484585743557363,-1.0917221996119428,0.024936115361502753,0.03693810816897706,0.09801152877984227,1.8270536116759977,1.204562461845277,0.318964515208873,0.5311693035511798,1.1064241849227103,1.0568558059800144,1.067602501676435,282.9677626610434
449,20449,35ace65,v2_solver_dt4ms,1,1,1,success,76,8.224951444060704,5.199937385799631,2.0281382731637665,69,1,30.0,0.45,20.0,1.0,12,1,200,0.004,100,10.0,1.0,0,57,0,0.75,0.3216373952925035,-0.720818994710619,-1.0057434520624522,0.023866783249758806,0.031179789468599457,0.09930736203103545,1.2843669373582434,1.057640819513968,0.332625939812478,0.7059149061835752,0.979531358628824,0.9603721668596213,1.0004093164830175,289.45628924023987
450,20450,35ace65,v2_solver_dt4ms,1,1,1,success,52,18.236417076112808,12.000963295873886,0.5508565011918211,49,1,30.0,0.45,20.0,1.0,12,1,200,0.004,100,10.0,1.0,0,46,0,0.8846153846153846,0.33575609936399825,-0.2876440942449389,1.8094262258607632,0.026385637920819088,0.03566474720309594,0.03089084297069557,1.8024893406519404,1.075820907409826,0.32935862664431387,0.343901109645973,0.9744275685311148,1.050906391801274,0.9763301137942781,282.0254198816138
451,20451,35ace65,v2_solver_dt4ms,0,1,0,timeout,200,481.3827789242868,nan,nan,-1,1,30.0,0.45,20.0,1.0,12,1,200,0.004,100,10.0,1.0,0,189,0,0.945,0.3812374275139233,-0.6057869036436593,0.7726323856057458,0.022571403261418908,0.03806326409769214,0.05850361376610788,1.6891249866994658,0.7928562299276916,0.30511130584312673,0.6069078667613883,1.0442371737008347,0.9992360737668479,0.9353795479092452,-8.253779857333711
452,20452,35ace65,v2_solver_dt4ms,1,1,1,success,59,22.208955181630895,24.40252639108552,1.2347036625587757,54,1,30.0,0.45,20.0,1.0,12,1,200,0.004,100,10.0,1.0,0,50,0,0.847457627118644,0.34428175738134104,-0.4898910679572883,2.160743463437063,0.02597738754570613,0.03721598435702697,0.07625964277697958,1.60587863436634,1.3380251947326367,0.31701990756127757,0.47589410038826924,0.991369207677118,1.0485399135497186,1.155219240816522,283.3912075139042
453,20453,35ace65,v2_solver_dt4ms,1,1,1,success,48,24.041984819832926,20.196198866024083,0.9276387045403397,44,1,30.0,0.45,20.0,1.0,12,1,200,0.004,100,10.0,1.0,0,43,0,0.8958333333333334,0.3500700646543057,-0.3810774264850054,0.17313588646618694,0.023528821233408853,0.03139647267486699,0.052327460737990536,1.9191581354101284,1.2754547328356804,0.3816705955295419,0.2846332879604961,1.0652438988802726,1.0044106924731955,1.046829573324078,283.6347636758927
454,20454,35ace65,v2_solver_dt4ms,1,1,1,success,75,22.939800449377017,17.391780179766727,17.40386381157556,67,1,30.0,0.45,20.0,1.0,12,1,200,0.004,100,10.0,1.0,0,51,0,0.68,0.36703910174113275,-0.6202400422073431,1.057539695879469,0.02607603807848284,0.03182597827984605,0.04084437439448444,1.0263940424291236,1.209833003504576,0.37872878638866264,0.5819290861674354,1.0183771550979548,1.0191575412658862,0.8826500440577427,298.8889529427296
455,20455,35ace65,v2_solver_dt4ms,0,1,0,timeout,200,462.34685745934036,nan,nan,-1,1,30.0,0.45,20.0,1.0,12,1,200,0.004,100,10.0,1.0,0,193,0,0.965,0.386619659496915,-0.4742876430529226,2.45534262977126,0.02090898742567746,0.030433656223592755,0.06718515441610665,1.479098013674386,0.898316762068305,0.366732943801452,0.7051446067245787,1.0378756632820016,0.947858199090802,0.855433621212665,-1.657274254732344
456,20456,35ace65,v2_solver_dt4ms,1,1,1,success,66,7.5697719649328725,30.056097724440658,13.079073633127477,58,1,30.0,0.45,20.0,1.0,12,1,200,0.004,100,10.0,1.0,2,51,0,0.7727272727272727,0.3819402072655804,-0.6708269807244294,-2.966942492639852,0.02433929309920102,0.03781451709993499,0.06818680842463547,1.8870570800373045,0.8642799816555896,0.32725878666583014,0.5503674592042067,0.9978863824084075,1.132589759343298,1.205096327518651,290.98204983447346
457,20457,35ace65,v2_solver_dt4ms,1,1,1,success,67,27.56023697606545,12.469671633751895,9.632528587018399,53,1,30.0,0.45,20.0,1.0,12,1,200,0.004,100,10.0,1.0,0,57,0,0.8507462686567164,0.35520417534152016,-0.26982439962141114,3.081976194999858,0.020961987933986532,0.03807940110861658,0.08827263380424324,1.9487288431157674,0.9888791339415068,0.32521858642586926,0.6932782756754903,0.9843029510885175,1.0275693408090605,1.2048582332368127,285.6907756442913
458,20458,35ace65,v2_solver_dt4ms,1,1,1,success,98,18.071296833658547,16.494689989173988,6.83782231998901,94,1,30.0,0.45,20.0,1.0,12,1,200,0.004,100,10.0,1.0,0,80,0,0.8163265306122449,0.3015870534389596,-0.633797532146762,1.9341547508076955,0.027301126249010328,0.03186475793355759,0.09296255931034797,1.2719830633429476,0.7575772976145687,0.38691561860572793,0.4220119070938183,1.045033313906341,1.0480212942639393,1.0377421775338231,277.40755781620476
459,20459,35ace65,v2_solver_dt4ms,1,1,1,success,76,6.727579927981147,6.11344057581728,1.5463836190460494,62,1,30.0,0.45,20.0,1.0,12,1,200,0.004,100,10.0,1.0,0,57,0,0.75,0.3490066833750926,-0.3672157502958917,0.5934927181279526,0.023812310588938013,0.03907525028614479,0.0995728169603058,1.7999083334311257,1.156444616863772,0.3861020116976943,0.28312463333599625,0.9698167106469446,1.0276611589938363,1.0880507145111327,279.71047575072004
460,20460,35ace65,v2_solver_dt4ms,1,1,1,success,62,13.294027445570018,33.00860387165897,13.15299465927102,48,1,30.0,0.45,20.0,1.0,12,1,200,0.004,100,10.0,1.0,12,48,0,0.7741935483870968,0.3599234237706652,-0.2305904180704928,1.4767150292292541,0.027255186325176005,0.0383713349891285,0.11879940417839759,1.563527129896657,0.9717940283178713,0.36894985369923244,0.3962611546698556,1.061684354132829,1.0478837497869355,1.0369008445988785,270.8350610850166
461,20461,35ace65,v2_solver_dt4ms,1,1,1,success,61,21.898138412840737,33.23021321599704,19.7254532248604,51,1,30.0,0.45,20.0,1.0,12,1,200,0.004,100,10.0,1.0,0,44,0,0.7213114754098361,0.3564656927358026,-0.45947817320768675,0.6521890638505381,0.021921946961807888,0.03362126917511092,0.07083638759649226,0.8180945154494211,0.8384234542272705,0.34749242737454933,0.46593165706188505,1.0600838890968212,1.049744347024596,0.9119341461928272,286.0334925459103
462,20462,35ace65,v2_solver_dt4ms,0,1,0,timeout,200,105.09766583870197,216.61768016107817,252.52439938236782,34,1,30.0,0.45,20.0,1.0,12,1,200,0.004,100,10.0,1.0,0,183,0,0.915,0.38712833166452854,-0.5194568199657876,1.3339372107669591,0.02076660539260369,0.03999181385758863,0.030473692314491926,1.085272082130416,0.886305509761847,0.31322884803479467,0.24510507926493266,1.136993549174205,1.1111770621844719,0.9824757507168248,50.133963366927155
463,20463,35ace65,v2_solver_dt4ms,1,1,1,success,100,28.530483907730755,20.521169464583142,12.678424358687636,51,1,30.0,0.45,20.0,1.0,12,1,200,0.004,100,10.0,1.0,0,76,0,0.76,0.33829748132237597,-0.5890128727700668,-2.0863603298482225,0.026397241670783052,0.039590982231844075,0.1063961848893881,0.8178462569774317,0.8818546307619171,0.3532254261779513,0.3536911481259082,1.0507766798952536,0.9322172965392416,0.9556692696631133,276.72199412054874
464,20464,35ace65,v2_solver_dt4ms,1,1,1,success,62,21.119898546048333,18.22034287245704,5.845522979793686,54,1,30.0,0.45,20.0,1.0,12,1,200,0.004,100,10.0,1.0,0,51,0,0.8225806451612904,0.33205294247022554,-0.3911095900228527,-0.8358619880279607,0.026045968497624312,0.035865813513532095,0.10963364870466127,1.30353725233618,0.9044290640531676,0.34123980197394316,0.7251265940580932,0.9772346650346009,1.0028636009954803,1.019457783270608,285.3457824989959
465,20465,35ace65,v2_solver_dt4ms,1,1,1,success,50,24.21363654695547,22.157300634788445,33.77710120872547,41,1,30.0,0.45,20.0,1.0,12,1,200,0.004,100,10.0,1.0,2,40,0,0.8,0.372208006639936,-0.42888928670508725,-2.5098993212118788,0.020530009578076623,0.03604654110793436,0.04547199603164108,1.3183042785231909,1.0983996049223916,0.355083138346566,0.2220377683616855,1.0228778022407805,1.04722809111851,0.9379916384985628,283.3995358872624
466,20466,35ace65,v2_solver_dt4ms,1,1,1,success,146,8.42905435484839,12.801460443520185,6.425041932642264,51,1,30.0,0.45,20.0,1.0,12,1,200,0.004,100,10.0,1.0,0,140,0,0.958904109589041,0.3180608594526063,-0.2996912958248976,-0.4325089685931762,0.02730149789362713,0.03929547059158128,0.11134342144594858,1.085260970213857,0.996648499758815,0.3301084750928644,0.4958238004370976,1.0747721352751078,1.0134252548581606,1.1702007067715778,262.6102013639659
467,20467,35ace65,v2_solver_dt4ms,1,1,1,success,53,13.820337916499145,23.093195674966978,11.478932552834022,46,1,30.0,0.45,20.0,1.0,12,1,200,0.004,100,10.0,1.0,0,38,0,0.7169811320754716,0.36071874084695676,-0.4514837214202331,0.7115986537624863,0.026842261189990464,0.03822084496641384,0.09064382762520909,1.0881701111141302,0.7372828287620696,0.3204824446764524,0.300790308897289,1.0566050285977648,0.9612119651161801,1.0075802208533655,280.47286481648564
468,20468,35ace65,v2_solver_dt4ms,1,1,1,success,75,19.839160529386668,11.881626777633512,9.39458400456047,65,1,30.0,0.45,20.0,1.0,12,1,200,0.004,100,10.0,1.0,0,58,0,0.7733333333333333,0.33739347529386887,-0.2688322608744532,1.5320387397142872,0.02569333344014108,0.03563010756029638,0.06267915523294255,1.8142617496877316,0.6182705131351496,0.34979957534967665,0.663838782945871,1.1111761346174214,1.0061225221857828,1.2325878369295793,275.881464796317
469,20469,35ace65,v2_solver_dt4ms,1,1,1,success,58,8.265333105694884,13.456641422365516,0.7752921722167018,51,1,30.0,0.45,20.0,1.0,12,1,200,0.004,100,10.0,1.0,0,48,0,0.8275862068965517,0.34311756419959744,-0.25576791385894293,-2.2056101308981004,0.02516396819315002,0.03543501508494227,0.05534526071516642,0.8154191897210138,1.064839467731315,0.31512371148804935,0.7223766008420874,1.013351270099015,1.007665801588633,1.1336870297996002,285.51192105872565
470,20470,35ace65,v2_solver_dt4ms,1,1,1,success,68,29.209831338965632,14.400236149724572,9.734916295158232,62,1,30.0,0.45,20.0,1.0,12,1,200,0.004,100,10.0,1.0,0,49,0,0.7205882352941176,0.33879288205573027,-0.5923247680188657,0.20215155660488415,0.026646033930988328,0.03564447280272909,0.05883660153938832,1.5980083613225646,0.6468110055182413,0.38519505470564375,0.5662390435335514,0.9977352514002648,1.048089625252103,0.909643959525924,290.0279470670695
471,20471,35ace65,v2_solver_dt4ms,1,1,1,success,51,7.252754072734947,19.709771258577284,9.23065186385288,44,1,30.0,0.45,20.0,1.0,12,1,200,0.004,100,10.0,1.0,0,42,0,0.8235294117647058,0.3810431189492065,-0.46113367696069335,-2.7244580178804854,0.026538443578147733,0.03164253491247972,0.06206027721110711,1.0747074554660974,1.2443408307197081,0.3429110206376473,0.22266565191755627,1.0372056248474435,1.1088734289798228,1.1954867171375125,285.75673321970226
472,20472,35ace65,v2_solver_dt4ms,1,1,1,success,51,9.584201433736133,5.814819123254629,12.621095959822535,43,1,30.0,0.45,20.0,1.0,12,1,200,0.004,100,10.0,1.0,0,35,0,0.6862745098039216,0.30434939521390075,-0.5669463128089858,-0.5644138782068477,0.021428718916529796,0.03091860900987162,0.05584057886931131,1.4405956558200979,1.0345097121804883,0.32136419197067984,0.17112291406448224,0.9493810868120168,1.065727106662809,1.0504537255514976,284.4593113662231
473,20473,35ace65,v2_solver_dt4ms,1,1,1,success,55,19.72048425738529,17.951394292257575,3.309000618295671,48,1,30.0,0.45,20.0,1.0,12,1,200,0.004,100,10.0,1.0,0,42,0,0.7636363636363637,0.30565732930717776,-0.1800040025523867,0.963328792078463,0.025924062551086098,0.030367456193057796,0.05068783246827986,1.9590562565207985,0.9200814386073137,0.3301128635813207,0.6594441658785346,0.9570125301404807,0.9810112171879609,1.1324240671895134,281.8868317372647
474,20474,35ace65,v2_solver_dt4ms,1,1,1,success,55,6.207910053090464,13.322025982619802,6.312435649588136,49,1,30.0,0.45,20.0,1.0,12,1,200,0.004,100,10.0,1.0,0,43,0,0.7818181818181819,0.325461337375362,-0.28819512063532565,-2.426459539113651,0.02431733269590144,0.037614771583406766,0.08742677906130736,0.9105609842143484,1.0653534104980364,0.31474137842729377,0.4896528776773199,1.0703663866309603,0.9997642953581758,1.0348162065138102,280.79655841600453
475,20475,35ace65,v2_solver_dt4ms,1,1,1,success,62,24.547960763656665,16.95259569113694,4.1701215490993375,59,1,30.0,0.45,20.0,1.0,12,1,200,0.004,100,10.0,1.0,0,51,0,0.8225806451612904,0.3525350866851623,-0.40832942551959217,2.848946633856521,0.026742588013021193,0.03173203584814718,0.10055941720409484,1.5410553980931407,1.298829087466879,0.31479991131155655,0.5539944389676926,1.0769848272679554,1.0159838431921178,1.047177141363898,285.65170779823495
476,20476,35ace65,v2_solver_dt4ms,1,1,1,success,71,16.48794794572154,26.829228792796957,12.006790936459026,48,1,30.0,0.45,20.0,1.0,12,1,200,0.004,100,10.0,1.0,0,54,0,0.7605633802816901,0.3146425085645214,-0.39852074624349965,-0.9627626401072837,0.027278154974341877,0.032682631566295334,0.09476879481666922,1.4261536688606462,1.335248170682236,0.3000568357209873,0.4831502785263668,1.0134650696139043,0.9867944017527045,1.094494812116782,280.80498613540146
477,20477,35ace65,v2_solver_dt4ms,1,1,1,success,61,3.9005988321806813,3.736233769629318,1.6967095119174502,56,1,30.0,0.45,20.0,1.0,12,1,200,0.004,100,10.0,1.0,0,53,0,0.8688524590163934,0.3638697508593326,-0.5349854118226666,2.0465926941155654,0.022240965624802322,0.034172173477726005,0.051617795354037696,1.4773411673978565,1.3082045075229953,0.34403674759007186,0.21608565415111966,1.1039352150445967,0.9869665263009868,1.1924349760429782,283.333550237604
478,20478,35ace65,v2_solver_dt4ms,1,1,1,success,59,4.72237878033863,9.061244657401572,2.0219447818208747,53,1,30.0,0.45,20.0,1.0,12,1,200,0.004,100,10.0,1.0,0,44,0,0.7457627118644068,0.3604747593679327,-0.3519689875478876,-0.4656357359009249,0.023941340457617352,0.02975077173857085,0.07042827840579552,1.733763215114411,0.6584328457459979,0.38805909707280883,0.5341651086900687,1.0357233212627728,1.1496027908982778,1.0957546762135548,286.0947797919266
479,20479,35ace65,v2_solver_dt4ms,1,1,1,success,54,24.733442373611847,27.643991102564378,7.349710499937778,44,1,30.0,0.45,20.0,1.0,12,1,200,0.004,100,10.0,1.0,0,37,0,0.6851851851851852,0.33809774554739486,-0.17605245776486755,0.8693198669762623,0.02174752359793086,0.03275677158093806,0.10673926459439324,1.6125176963263095,1.110663447711108,0.3504168820299356,0.5718994176139985,0.9517623584776999,1.0596036333443908,1.0571828843717157,281.8998726244997
480,20480,35ace65,v2_solver_dt4ms,1,1,1,success,60,27.679683424849685,23.982994810716875,15.796883329619073,53,1,30.0,0.45,20.0,1.0,12,1,200,0.004,100,10.0,1.0,0,49,0,0.8166666666666667,0.32067862772552264,-0.5508746702521006,-2.2608057728420254,0.024133245286696817,0.030259229387914772,0.03768840429231831,1.8922194530710936,0.9350810221236125,0.3052330759646663,0.43597097314949224,1.0145551094411787,0.9713682864955759,0.998236611505403,286.2500662009931
481,20481,35ace65,v2_solver_dt4ms,1,1,1,success,88,26.276190766067476,4.0823057569633505,7.579366392232374,45,1,30.0,0.45,20.0,1.0,12,1,200,0.004,100,10.0,1.0,0,61,0,0.6931818181818182,0.31278002899211543,-0.5082294348430144,-2.861159845197002,0.02652856234226175,0.03902652716685873,0.09478403537867396,0.9871091160267967,1.263746479534265,0.3400196449398871,0.20571888332561333,1.0605205407747327,1.0063758334966766,0.7644135777358262,271.313068700163
482,20482,35ace65,v2_solver_dt4ms,1,1,1,success,60,15.492069105921814,24.737916200305307,12.271048985685654,54,1,30.0,0.45,20.0,1.0,12,1,200,0.004,100,10.0,1.0,0,44,0,0.7333333333333333,0.3209399759479626,-0.3683263118681511,1.5905489527704235,0.026755504085823792,0.0349699733996326,0.05565469444030496,1.616084879506447,0.9603830886097207,0.3720109005763734,0.6856511200671916,0.9881710857431897,0.9459089919235122,0.8920347057528435,285.2551921751308
483,20483,35ace65,v2_solver_dt4ms,1,1,1,success,54,11.002868874058855,14.742563549278284,1.1398309523745274,47,1,30.0,0.45,20.0,1.0,12,1,200,0.004,100,10.0,1.0,0,41,0,0.7592592592592593,0.3338529908359336,-0.19511539210577,0.27299426343367283,0.02661116500689993,0.03930868922201501,0.10523674713427321,0.9486207125882968,0.6646265599868224,0.3381603912894455,0.5536550207352531,0.9900145882100467,1.0277370035192752,1.080558697282608,280.94723984891516
484,20484,35ace65,v2_solver_dt4ms,1,1,1,success,46,35.634262347412175,34.217702419361736,3.7044869350261425,40,1,30.0,0.45,20.0,1.0,12,1,200,0.004,100,10.0,1.0,0,36,0,0.782608695652174,0.34336285337819994,-0.19202158777396916,-1.6068864668556486,0.022807773544850394,0.03549029557469952,0.05470722354308184,0.8403134087894191,0.6688079759848777,0.30976134343298606,0.22110717654955794,0.9317738772938579,1.0197147049245292,1.191969985187367,277.4317638523039
485,20485,35ace65,v2_solver_dt4ms,1,1,1,success,58,18.2975164855106,17.62182887481068,13.567523975900484,52,1,30.0,0.45,20.0,1.0,12,1,200,0.004,100,10.0,1.0,0,51,0,0.8793103448275862,0.3011990119240465,-0.5923367027814828,1.4698897404346534,0.02296325788073569,0.030819680114520583,0.09330817531936925,1.8980639886499941,1.051765233749418,0.32203832199619314,0.29244985647110466,1.0159524923374843,1.0345703838707068,1.1721408043646733,284.08232025831876
486,20486,35ace65,v2_solver_dt4ms,0,1,0,timeout,200,56.08262034636959,44.576921321661466,25.50771704482601,64,1,30.0,0.45,20.0,1.0,12,1,200,0.004,100,10.0,1.0,132,176,0,0.88,0.3769763475896053,-0.5867019656598074,-1.4119046284515833,0.023906282751681055,0.038433360491447924,0.11423169494653757,0.8715927411043936,0.751831164127961,0.3116202404888814,0.3720881123998292,1.0034079575780799,1.034064372645562,1.0962020731383633,-44.79772394454805
487,20487,35ace65,v2_solver_dt4ms,1,1,1,success,72,6.205860338944087,27.512497699674196,7.653209905861515,63,1,30.0,0.45,20.0,1.0,12,1,200,0.004,100,10.0,1.0,4,56,0,0.7777777777777778,0.3737305948529901,-0.7161956626830444,0.771048887725112,0.025570534197277325,0.039969374415430164,0.10510813282590568,1.6248833068834074,1.1457732086512358,0.3324822967648645,0.4446229672513286,0.999082657996099,1.103046874234211,1.1382763033420982,288.33566437918057
488,20488,35ace65,v2_solver_dt4ms,1,1,1,success,79,12.124771351382755,21.376772184508198,4.478745508841751,49,1,30.0,0.45,20.0,1.0,12,1,200,0.004,100,10.0,1.0,0,62,0,0.7848101265822784,0.3632214463382124,-0.28257123169358345,-1.617546661516916,0.021681435173050805,0.036840122159561804,0.05582055736961841,1.9397114650766862,0.9729321872658834,0.3565224217820117,0.48706427351737214,1.0963034576931858,1.0253285002647174,0.8413030102854872,280.26894903790696
489,20489,35ace65,v2_solver_dt4ms,1,1,1,success,77,14.120207344252245,32.236985314291275,39.5024386090935,68,1,30.0,0.45,20.0,1.0,12,1,200,0.004,100,10.0,1.0,0,69,0,0.8961038961038961,0.38765321957911236,-0.6412766687433753,-0.7806589073773154,0.020952072693574724,0.035785003024264496,0.03894336653584039,1.4195625415001394,1.3097572599007354,0.3426184517788481,0.7014722684569376,1.0672834958686614,1.1223883595731436,0.9659677246392544,290.35985230659276
490,20490,35ace65,v2_solver_dt4ms,1,1,1,success,52,12.546348397234436,19.145709317752843,0.5810273271856746,46,1,30.0,0.45,20.0,1.0,12,1,200,0.004,100,10.0,1.0,0,41,0,0.7884615384615384,0.34997677263972876,-0.19413722003779177,-0.7036541485196288,0.026382890381289107,0.03209786515740433,0.08736786366913565,1.215345388837822,1.0835362982974301,0.3587331533475377,0.3349328443305316,0.9546541677360699,1.1007363025302939,1.0440452302140966,284.02964562437967
491,20491,35ace65,v2_solver_dt4ms,1,1,1,success,61,12.021324347833966,10.89659242747381,6.543069209494954,53,1,30.0,0.45,20.0,1.0,12,1,200,0.004,100,10.0,1.0,0,49,0,0.8032786885245902,0.33087491557560444,-0.5776159529553707,1.2366779436474573,0.026187391799517293,0.03912027733740953,0.0772464661675725,1.3949127808951172,1.3656514225437615,0.36054353180530946,0.2608727929612918,1.0121685335235584,1.0332653372880827,1.2663230062940012,285.93530244194756
492,20492,35ace65,v2_solver_dt4ms,1,1,1,success,55,3.8369702456569956,2.2237231916506315,4.325355517655607,45,1,30.0,0.45,20.0,1.0,12,1,200,0.004,100,10.0,1.0,0,46,0,0.8363636363636363,0.3349927560569194,-0.3698403574690187,2.611230497349017,0.026030514283722064,0.03993356975742578,0.09671772086438568,1.813268757479054,0.7786559350414493,0.33178399723090113,0.3305932605998819,0.9710151571455093,1.0141037650642402,1.1356574858016342,282.4625612369834
493,20493,35ace65,v2_solver_dt4ms,1,1,1,success,63,16.172490655322342,14.494640808855726,9.10027360029547,53,1,30.0,0.45,20.0,1.0,12,1,200,0.004,100,10.0,1.0,0,45,0,0.7142857142857143,0.3456790868208145,-0.5723646115403644,2.32082395115651,0.025305549173503705,0.04023994092084846,0.04906307502954673,1.6775235532499346,0.992474729693394,0.38158931076740193,0.34808642174157595,1.0291591059154914,0.9436121989613752,0.9807677482601735,285.3866274953574
494,20494,35ace65,v2_solver_dt4ms,1,1,1,success,48,17.987074287208735,14.290024508815977,0.657518745049692,45,1,30.0,0.45,20.0,1.0,12,1,200,0.004,100,10.0,1.0,0,39,0,0.8125,0.3115219633655262,-0.3295559271513102,-0.5097279975050957,0.023850932260379903,0.03013698792646879,0.04063116880162434,1.0330350739792598,1.0111994955895633,0.3520845675386141,0.19562316351479278,1.0264085652011574,0.9680679216612987,0.9565395951309109,281.3008458226035
495,20495,35ace65,v2_solver_dt4ms,1,1,1,success,48,20.103120138914534,4.338071865418233,6.491627041404283,43,1,30.0,0.45,20.0,1.0,12,1,200,0.004,100,10.0,1.0,0,38,0,0.7916666666666666,0.3014142329938222,-0.3673249267341188,0.8114762994516331,0.02604298397029799,0.030428530990253725,0.09578474928944926,1.6962251375310307,0.6286912075561099,0.37413154406049537,0.2905475635777837,1.0397470331607235,1.0172006386913786,1.0086507452552194,281.46678530260255
496,20496,35ace65,v2_solver_dt4ms,1,1,1,success,55,23.69196585736166,17.10528804260488,1.603198103412489,49,1,30.0,0.45,20.0,1.0,12,1,200,0.004,100,10.0,1.0,0,44,0,0.8,0.31544790729788685,-0.4344768212219397,-0.7012569782065539,0.027463577742150313,0.03636695756644214,0.03429370052693235,1.830897435326301,1.3052889960719076,0.38688637272563753,0.2611151172450798,1.0517584157621964,1.0095850084867597,0.9323344982608679,279.5792750884109
497,20497,35ace65,v2_solver_dt4ms,1,1,1,success,68,19.41895932007883,14.190184563145289,2.5190899751416045,47,1,30.0,0.45,20.0,1.0,12,1,200,0.004,100,10.0,1.0,0,58,0,0.8529411764705882,0.30460477797862245,-0.5275800728494489,-0.9723477931136881,0.024306988201287485,0.03605287518693666,0.04801867335419911,1.6279135563981149,0.8896615277046296,0.31277835059747183,0.3826629681997028,1.1237438801721429,1.0673645834996253,1.0765785641673153,280.72123134460855
498,20498,35ace65,v2_solver_dt4ms,1,1,1,success,118,21.70329233331322,24.75748307055853,17.398031473361605,53,1,30.0,0.45,20.0,1.0,12,1,200,0.004,100,10.0,1.0,0,111,0,0.940677966101695,0.30182789220263884,-0.6761312508846727,-0.5595442809579412,0.02734788061387103,0.033017474536030156,0.09685821878583972,1.131673221326074,1.1718170578882834,0.3050647990788322,0.5532299986333162,1.0878089271223694,0.9913573820211098,0.9211977830859751,274.81991771354285
499,20499,35ace65,v2_solver_dt4ms,1,1,1,success,62,15.281300250250005,27.253074844398363,29.105967999679244,51,1,30.0,0.45,20.0,1.0,12,1,200,0.004,100,10.0,1.0,0,46,0,0.7419354838709677,0.38302449421562657,-0.3846161963925439,0.8660540230169174,0.023114776766629187,0.031880912629038624,0.10005497175562912,1.475060675977792,1.0523262030755287,0.33840810905803453,0.3110420650055698,0.9284699278691882,1.1066128777756368,0.9838743008053159,281.81111027128713
500,20500,35ace65,v2_solver_dt4ms,1,1,1,success,53,15.859112560784448,18.64823718193905,9.847656696541884,45,1,30.0,0.45,20.0,1.0,12,1,200,0.004,100,10.0,1.0,0,49,0,0.9245283018867925,0.3474080603909277,-0.422277401289243,2.3931986922164423,0.0242318058345637,0.040120933542261865,0.08090564236665182,0.842844043128062,0.9412453286804789,0.3871523576124501,0.24609134941997546,1.0614745627297186,1.0778577688604594,1.0336915827169981,283.4898055284638
501,20501,35ace65,v2_solver_dt4ms,1,1,1,success,55,10.485377743743372,3.6017780794863214,0.5511042318512835,49,1,30.0,0.45,20.0,1.0,12,1,200,0.004,100,10.0,1.0,0,48,0,0.8727272727272727,0.34825361110512554,-0.4013025974712214,2.448320938775928,0.023410309444366652,0.032739331172130674,0.09633090860874204,1.712040701836691,1.3869439343763443,0.3086954650018146,0.39110988632450405,1.0634497509676557,0.9775791785493244,1.0767107676535335,284.16997570752255
502,20502,35ace65,v2_solver_dt4ms,1,1,1,success,59,20.524807174313608,28.47531843173256,6.735865946542027,50,1,30.0,0.45,20.0,1.0,12,1,200,0.004,100,10.0,1.0,3,42,0,0.711864406779661,0.36531432964303734,-0.6553992881632245,-2.831409116782125,0.024611502422381925,0.03973291659011631,0.03153248946489942,1.0649923059179969,1.201248528221794,0.33314782068475246,0.20015934409870234,0.9365648682823853,1.0172571890993771,0.9966314596203715,284.3401909706523
503,20503,35ace65,v2_solver_dt4ms,1,1,1,success,62,11.785193532066662,36.26323875299321,12.211442416987532,55,1,30.0,0.45,20.0,1.0,12,1,200,0.004,100,10.0,1.0,0,58,0,0.9354838709677419,0.3837915646925798,-0.5028522061115048,2.885033875985007,0.025533495327329098,0.031677723998600214,0.08654030737672841,0.9332125184762052,1.2012116918209554,0.35521468249340715,0.6213771925710451,1.1038977328367856,0.9758912432579676,0.936764388581075,291.71349050020694
504,20504,35ace65,v2_solver_dt4ms,1,1,1,success,61,7.472891508165208,18.70632827554246,17.8936616185625,50,1,30.0,0.45,20.0,1.0,12,1,200,0.004,100,10.0,1.0,0,43,0,0.7049180327868853,0.33242499549651483,-0.5348433697822559,3.0619209911621432,0.02227728240138316,0.031053893852046714,0.06179955790404241,1.6830510275762611,0.6552655358917104,0.31440312198284043,0.30145858042197765,1.0073542654325782,1.0745283940138606,0.9058539872419984,287.99903893847545
505,20505,35ace65,v2_solver_dt4ms,1,1,1,success,53,5.9228250274114105,29.77775607643247,15.931914274250524,47,1,30.0,0.45,20.0,1.0,12,1,200,0.004,100,10.0,1.0,3,45,0,0.8490566037735849,0.34271395974856195,-0.22527692929148446,0.1402592293344127,0.0263580011154775,0.0347517653675011,0.061863297110995634,1.2818873419623145,1.2898942433104383,0.36809726773243323,0.5791656532703842,0.9550170026460714,0.9506168155572562,1.1873766933756507,281.6734622026012
506,20506,35ace65,v2_solver_dt4ms,1,1,1,success,68,8.747276236435873,15.408185124335057,13.25109838542366,61,1,30.0,0.45,20.0,1.0,12,1,200,0.004,100,10.0,1.0,8,51,0,0.75,0.36869609400974557,-0.2837454188234212,2.757305185378823,0.024054459987946343,0.035883761707317406,0.0314972335916731,0.8335582353200004,0.9850584938937078,0.3047411193899529,0.6741619363650425,1.0334005928974421,0.9229218329577941,1.2292158353026763,280.3715528075939
507,20507,35ace65,v2_solver_dt4ms,1,1,1,success,64,17.589350639089236,20.33267413682426,27.831436750298753,52,1,30.0,0.45,20.0,1.0,12,1,200,0.004,100,10.0,1.0,0,52,0,0.8125,0.3825719063651778,-0.4104752494819737,-2.8647728866164415,0.027157669243101874,0.033136813378011686,0.03331713961234532,1.8224266077706441,1.3032631890561208,0.31131479225300496,0.5398741963602425,1.0583620823679507,0.9439293033935898,1.191170681179655,285.65608977807705
508,20508,35ace65,v2_solver_dt4ms,0,0,0,timeout,200,306.2375597271847,nan,nan,-1,0,30.0,0.45,20.0,1.0,12,1,200,0.004,100,10.0,1.0,0,191,0,0.955,0.37114520798534456,-0.5453378326496582,-2.4395324390438278,0.025829083051345285,0.035605204543617465,0.069286200279496,1.547875634886211,1.092507889783961,0.3228357262884938,0.2883109860177136,1.0596231059565582,0.9870608506714064,1.1155207692727878,-19.885714464225426
509,20509,35ace65,v2_solver_dt4ms,1,1,1,success,60,2.5848563140408163,6.033459827012295,5.770588983192376,55,1,30.0,0.45,20.0,1.0,12,1,200,0.004,100,10.0,1.0,0,49,0,0.8166666666666667,0.3012905688968268,-0.427083128806359,0.5970167938718092,0.02525642539674936,0.03171389989208516,0.03203196204308284,1.5937092606707568,0.6824815106888815,0.32217766423037275,0.4991772296346026,1.0030413134780274,1.102503315832003,1.0790981619124862,282.33326984550524
510,20510,35ace65,v2_solver_dt4ms,1,1,1,success,56,3.0495118714932716,12.55906022836102,10.855316445183176,47,1,30.0,0.45,20.0,1.0,12,1,200,0.004,100,10.0,1.0,0,39,0,0.6964285714285714,0.3866648773043738,-0.5178817192422923,1.7327680695445649,0.022268939412085548,0.03387948486629952,0.062977290555821,1.060208069034272,1.3645150072611072,0.32510152047596913,0.20333127924444727,1.0719685492974416,0.9933783528586119,0.8729502216128961,285.0282584350593
511,20511,35ace65,v2_solver_dt4ms,1,1,1,success,61,26.710895574350964,18.944301303049368,9.2547264715124,57,1,30.0,0.45,20.0,1.0,12,1,200,0.004,100,10.0,1.0,0,53,0,0.8688524590163934,0.3343734378433997,-0.4736641912002452,3.0125283897149266,0.0245257509132106,0.03844092510980432,0.0502627377453428,1.5661376526201032,1.0402809809174216,0.35490141674607806,0.6726937699964467,1.0614429301693995,0.975853202586463,0.8604935217285491,271.1538995281162
512,20512,35ace65,v2_solver_dt4ms,1,1,1,success,70,14.918745865975506,14.248811221845825,5.90486030104573,38,1,30.0,0.45,20.0,1.0,12,1,200,0.004,100,10.0,1.0,0,59,0,0.8428571428571429,0.3235966572530098,-0.20901073327218556,-1.683849964954337,0.02723914766996718,0.03834270998627109,0.10436472315262546,1.2233217882136491,0.6044029617080334,0.3375616930653873,0.4960952908875346,1.020148009977704,1.027596865215797,0.8967266363955004,276.6888651359053
513,20513,35ace65,v2_solver_dt4ms,1,1,1,success,68,13.13458123505129,23.215409233170046,7.015889661095515,58,1,30.0,0.45,20.0,1.0,12,1,200,0.004,100,10.0,1.0,0,52,0,0.7647058823529411,0.3604968050804752,-0.5803570000541485,-1.9697377934603426,0.026161691576811207,0.035054290884284044,0.07512601032372983,1.2092402704197862,0.7852234996697577,0.33814812075397527,0.6318812251808195,1.0162246654348432,1.076666062135223,1.0571659941185074,291.51755650825226
514,20514,35ace65,v2_solver_dt4ms,1,1,1,success,60,11.108265979200375,14.059490225787489,4.850928548663261,55,1,30.0,0.45,20.0,1.0,12,1,200,0.004,100,10.0,1.0,0,54,0,0.9,0.3329285682406225,-0.5093339019982587,1.78588534759428,0.02331684627001105,0.036019132533906026,0.0853802825117278,1.5493167413237683,1.2472957932526514,0.37731418225657276,0.4692594379096514,1.0528620275345404,0.9649725760880594,0.9437713636880085,285.4832561227254
515,20515,35ace65,v2_solver_dt4ms,1,1,1,success,72,19.653455192791412,28.20830142345477,5.729379692841094,58,1,30.0,0.45,20.0,1.0,12,1,200,0.004,100,10.0,1.0,0,48,0,0.6666666666666666,0.3746391140990806,-0.478289834923908,2.8533442165036407,0.024444106772502024,0.03716731092894339,0.09380938383130917,1.8538622986559385,1.2796588238848918,0.3742315158387053,0.6528699532195836,1.0350121193171657,1.0497777116082438,1.087970152336454,289.67930566299583
516,20516,35ace65,v2_solver_dt4ms,1,1,1,success,52,18.858543247544954,14.645880369974309,21.3950999231277,43,1,30.0,0.45,20.0,1.0,12,1,200,0.004,100,10.0,1.0,0,40,0,0.7692307692307693,0.38754781809306893,-0.3367391473637443,-0.6708072151122906,0.022189678404421084,0.03731383126182524,0.07028491031803055,1.7056782879225918,0.8011705656791496,0.3552144682719569,0.18416762057762398,1.04887081434896,1.0665766092142344,1.001322199933085,285.0275872080656
517,20517,35ace65,v2_solver_dt4ms,1,1,1,success,50,23.68979835272073,28.303671087874672,5.087084872335246,45,1,30.0,0.45,20.0,1.0,12,1,200,0.004,100,10.0,1.0,0,41,0,0.82,0.3110385786820199,-0.27857999994849797,-1.555597027032128,0.022706315715878854,0.037575061054022134,0.05122506876835467,1.7898488332433216,0.9370803530155472,0.3678941033745907,0.7125086951967948,1.0013076364853455,1.0380782784016154,1.0053300500287359,270.87189067750796
518,20518,35ace65,v2_solver_dt4ms,1,1,1,success,64,10.422799938743445,15.904930623307077,5.734696333913714,59,1,30.0,0.45,20.0,1.0,12,1,200,0.004,100,10.0,1.0,0,56,0,0.875,0.3553941685602141,-0.7202983519726694,2.1147992532720536,0.023363571844808247,0.03894550362022197,0.03115563893452208,1.9962842663308786,1.2664080708457706,0.3312407624610782,0.40910232306994077,0.9350034191655453,1.0296392583344696,0.9346118629726572,292.74843070078197
519,20519,35ace65,v2_solver_dt4ms,1,1,1,success,47,6.371037269066881,17.56404159791455,15.621714327098895,41,1,30.0,0.45,20.0,1.0,12,1,200,0.004,100,10.0,1.0,0,34,0,0.723404255319149,0.352744190776338,-0.5234706124827383,3.1329559816551136,0.02387544999020105,0.030566167984361615,0.04277242274031849,1.0444663004583006,0.7048787220599908,0.317012964753935,0.2042495467188939,0.9625860341137152,1.015815152184172,0.9484270986612504,282.8213425427731
520,20520,35ace65,v2_solver_dt4ms,1,1,1,success,176,10.892911636827856,6.998056906501662,10.55154804461651,44,1,30.0,0.45,20.0,1.0,12,1,200,0.004,100,10.0,1.0,0,160,0,0.9090909090909091,0.3473755942389402,-0.39225517298972346,3.0638927514570655,0.02234980020441243,0.03833250370579099,0.11938794891615576,1.5380591718001686,1.0830307865879625,0.35024346346461377,0.29898185023046225,1.0873239967590131,0.9638742735164867,0.9651502296171662,271.6608416963427
521,20521,35ace65,v2_solver_dt4ms,1,1,1,success,68,9.247847354084252,17.386895976131996,7.407171580382666,61,1,30.0,0.45,20.0,1.0,12,1,200,0.004,100,10.0,1.0,0,50,0,0.7352941176470589,0.34788996085323926,-0.7012923551834519,-0.1382702195183172,0.024376580808097324,0.03453236714845577,0.08549096424180914,1.1967955154951602,0.7050449164085628,0.3553023989734615,0.6052921383633236,1.035332181796354,1.0198727037997608,1.1180998563015616,293.9236334043575
522,20522,35ace65,v2_solver_dt4ms,1,1,1,success,53,7.484631180210776,4.440575928009341,0.12565916420990622,50,1,30.0,0.45,20.0,1.0,12,1,200,0.004,100,10.0,1.0,0,43,0,0.8113207547169812,0.32858126823485967,-0.26988639895900357,-0.7746227122484104,0.027004218189351233,0.033136107103181975,0.035861006132675614,1.0907240255061732,0.8745013258647711,0.3001815083945641,0.308240679079276,1.0641076968304215,1.048399450475557,0.9370370165329436,283.9803990041251
523,20523,35ace65,v2_solver_dt4ms,1,1,1,success,59,16.755744642016314,21.26778657297755,2.714721066265561,52,1,30.0,0.45,20.0,1.0,12,1,200,0.004,100,10.0,1.0,0,46,0,0.7796610169491526,0.3398252405311299,-0.6171058177149257,0.21589061222073314,0.02689980197590471,0.031811326897865165,0.08720912906833636,1.5141051214576131,0.620032875985353,0.3330783778018276,0.3014710677703563,0.9698298390829041,1.0412135093262627,0.8775443967557642,283.6463108528285
524,20524,35ace65,v2_solver_dt4ms,1,1,1,success,82,23.580318488738595,18.39944761285901,14.273479189030448,46,1,30.0,0.45,20.0,1.0,12,1,200,0.004,100,10.0,1.0,0,60,0,0.7317073170731707,0.38037133949523644,-0.39389587313280783,-1.5829368319324437,0.027424483272176205,0.038581664199526446,0.06977735470082913,1.4473261655681045,0.8505404224044619,0.3108003287459645,0.27722209053306063,0.9326207360669961,1.0453043315772343,1.1175765797483779,280.1781109709594
525,20525,35ace65,v2_solver_dt4ms,1,1,1,success,58,19.704210214330942,16.891174235573377,8.252063925614038,49,1,30.0,0.45,20.0,1.0,12,1,200,0.004,100,10.0,1.0,0,49,0,0.8448275862068966,0.3198594649699005,-0.22606187482522055,3.0056060032729777,0.021435678896537663,0.03158022587060088,0.03009346606947757,1.3728314496607719,0.9366728184690666,0.3532527713501917,0.6032143139631144,1.0610599732298733,1.0614509035219253,0.9320442902391772,283.72826641331585
526,20526,35ace65,v2_solver_dt4ms,1,1,1,success,77,18.161913192141025,20.676548767728043,6.396907330170487,70,1,30.0,0.45,20.0,1.0,12,1,200,0.004,100,10.0,1.0,0,60,0,0.7792207792207793,0.3849260274379497,-0.7051171486926806,-2.9450962630418247,0.027522972324174118,0.03801667963156883,0.03747399965590961,1.838454012423508,0.7766347886430786,0.3536346871327271,0.3482011485526754,1.0169306859124494,1.027625237894744,1.1429517055108698,287.8733934183285
527,20527,35ace65,v2_solver_dt4ms,1,1,1,success,69,29.245340732337393,27.988702585386907,39.45166675155443,60,1,30.0,0.45,20.0,1.0,12,1,200,0.004,100,10.0,1.0,0,54,0,0.782608695652174,0.3264195031150198,-0.7125809269724537,-2.553965501157247,0.021936883854962702,0.031077176631349544,0.10090630687441637,1.333647819961943,0.7309049654532986,0.3057883014179547,0.18718542173665084,1.0381074344867518,1.0259015028010825,0.9827287999217208,281.19873811716013
528,20528,35ace65,v2_solver_dt4ms,1,1,1,success,61,6.208044194667255,7.903019480376172,4.331282807323145,53,1,30.0,0.45,20.0,1.0,12,1,200,0.004,100,10.0,1.0,0,48,0,0.7868852459016393,0.3535067309126449,-0.5625950437176865,1.7990946077665226,0.02474157746497444,0.03571459933952784,0.1187181801760937,1.8051065055402036,1.1568375542561373,0.3675369207522988,0.4704779227553074,1.0360021126662429,1.033919357884432,1.2216057300554648,288.84956058662243
529,20529,35ace65,v2_solver_dt4ms,1,1,1,success,43,13.060090463721254,13.294234486377873,24.21239963188068,36,1,30.0,0.45,20.0,1.0,12,1,200,0.004,100,10.0,1.0,0,32,0,0.7441860465116279,0.3126742007924352,-0.23782094812573418,1.7911194783557391,0.025211909034997936,0.033858392562880715,0.043798807999381954,1.5538163102067988,0.9972600289299641,0.33763981938734383,0.3717767770200063,1.0330526707755898,0.9935268128519287,1.2862458162901094,280.9963138992705
530,20530,35ace65,v2_solver_dt4ms,1,1,1,success,56,0.8816438014555008,2.5115103735123747,0.9092291177887835,53,1,30.0,0.45,20.0,1.0,12,1,200,0.004,100,10.0,1.0,0,47,0,0.8392857142857143,0.3593268317920716,-0.3649705261592962,-2.114406781065253,0.02396152344655573,0.038767036615237095,0.09345366137590905,1.030108046377683,1.295000859024786,0.3500596513815717,0.41986262196096447,1.0371367805433205,1.0784908323870648,1.1612497636229477,282.56318574779607
531,20531,35ace65,v2_solver_dt4ms,0,0,0,timeout,200,483.0888238418696,nan,nan,-1,1,30.0,0.45,20.0,1.0,12,1,200,0.004,100,10.0,1.0,0,184,0,0.92,0.3850976179187725,-0.35300408742308637,0.838190423577371,0.025157277610925313,0.039261871936720184,0.03399605046642399,1.5657231798160534,0.8658604953815514,0.35946306923671845,0.523815381251425,0.9234277794530296,1.057572286335395,0.9865676445739651,-6.472637518563831
532,20532,35ace65,v2_solver_dt4ms,1,1,1,success,65,12.906283247613317,19.81601402689103,3.993349242463776,58,1,30.0,0.45,20.0,1.0,12,1,200,0.004,100,10.0,1.0,0,53,0,0.8153846153846154,0.30673384935124554,-0.5997324719910623,-2.071946947196279,0.02674878732171963,0.031556171925617466,0.0591025554035018,1.7657469382266335,1.0229188481530938,0.3356016061008531,0.6821891597264854,1.0875485910334326,1.040188136250961,1.070812230601245,290.13325416243384
533,20533,35ace65,v2_solver_dt4ms,1,1,1,success,51,15.006173805415981,10.536853753064417,3.3066025109184984,47,1,30.0,0.45,20.0,1.0,12,1,200,0.004,100,10.0,1.0,0,39,0,0.7647058823529411,0.30782391254371766,-0.26621096669643984,-2.0955135763875194,0.024977407185280714,0.0337782559381396,0.07634617840275473,1.563973042921912,0.8724509864969113,0.30072931593431695,0.26241879360572246,0.9746137814932784,1.0637034539417194,1.0742464599978137,277.7383945631117
534,20534,35ace65,v2_solver_dt4ms,1,1,1,success,70,8.99545460329667,24.72008331020749,10.151524178398697,66,1,30.0,0.45,20.0,1.0,12,1,200,0.004,100,10.0,1.0,0,54,0,0.7714285714285715,0.3526608155335311,-0.38957024447636646,-0.10769444671204376,0.025747224522277973,0.03060084404390283,0.03734781707184817,1.8914796478787796,0.7025238091643382,0.31421621630742064,0.6993815542105443,1.0493394955837758,1.0279703047953321,0.7529234917268298,288.51070440436695
535,20535,35ace65,v2_solver_dt4ms,1,1,1,success,53,12.186856186559192,20.356648504109376,2.124379155079393,46,1,30.0,0.45,20.0,1.0,12,1,200,0.004,100,10.0,1.0,0,38,0,0.7169811320754716,0.3345132212661322,-0.21316168551759784,-2.0544717980097262,0.021776267906110033,0.030823188589643218,0.06341045659969678,0.835526809247618,1.2220198747383888,0.38737608592056905,0.413571954556244,1.1014022995428736,1.102604400151331,1.0092757111473507,280.88332702128946
536,20536,35ace65,v2_solver_dt4ms,1,1,1,success,50,8.655834231566056,19.07333559918647,3.620403128188959,43,1,30.0,0.45,20.0,1.0,12,1,200,0.004,100,10.0,1.0,0,42,0,0.84,0.3613359923218144,-0.2859989306643098,-2.634793091372135,0.02205921054651268,0.03619303668194193,0.0602453731078233,1.0900595458023492,0.8408550254385747,0.3725206615456922,0.42631818639156427,1.0210860181633774,1.0011466855512126,1.0056591769500378,282.889025356811
537,20537,35ace65,v2_solver_dt4ms,1,1,1,success,65,23.136041579944855,26.84489323028488,7.53646902820696,48,1,30.0,0.45,20.0,1.0,12,1,200,0.004,100,10.0,1.0,0,41,0,0.6307692307692307,0.3841986364351849,-0.3164247575180995,-2.363317725337794,0.02092932634628151,0.037433677158976525,0.05593789636319991,0.870515842428821,1.3593261451065222,0.38266525164505205,0.3525542132441942,1.083575416841987,1.055608758135714,1.3536049730590665,284.00532672995246
538,20538,35ace65,v2_solver_dt4ms,1,1,1,success,69,11.197174328333967,24.957008895808528,19.352676922845454,60,1,30.0,0.45,20.0,1.0,12,1,200,0.004,100,10.0,1.0,0,59,0,0.855072463768116,0.3770416733454355,-0.5600754916164513,-1.330411116309122,0.02105969923725828,0.029931671990926764,0.04547895625977097,1.787662379047243,0.8000044121589401,0.30935174128894394,0.5532987170988225,1.1234489887295052,1.0017711873920472,1.1595376787615013,291.21115822356745
539,20539,35ace65,v2_solver_dt4ms,1,1,1,success,66,19.013961873820953,14.184485174495196,0.3923154936189317,63,1,30.0,0.45,20.0,1.0,12,1,200,0.004,100,10.0,1.0,0,52,0,0.7878787878787878,0.34921247275118394,-0.37269554417183776,2.405289146113142,0.02077982029385567,0.03107179449863571,0.06391850993711734,0.8705256737922056,0.7455612139317509,0.3634889701762144,0.5606511204230038,1.0482183793021231,1.0577645250136138,1.0968272992546475,287.8541769307195
540,20540,35ace65,v2_solver_dt4ms,1,1,1,success,53,12.828503566377535,30.675583319155823,21.229562242430468,44,1,30.0,0.45,20.0,1.0,12,1,200,0.004,100,10.0,1.0,0,43,0,0.8113207547169812,0.33215142936639996,-0.22427933641124465,2.274084742936858,0.021761490051677324,0.036274148116462956,0.05157172544098667,1.7986133956287884,1.1436738091278573,0.3391809132465934,0.5887115522106701,1.0879890598177813,1.0374668063717067,1.1057424581542876,282.8959104422893
541,20541,35ace65,v2_solver_dt4ms,1,1,1,success,68,12.402107780324679,1.5645387126905024,10.041179208474492,44,1,30.0,0.45,20.0,1.0,12,1,200,0.004,100,10.0,1.0,0,57,0,0.8382352941176471,0.33009095633755836,-0.28554598604748865,-1.8274505312777214,0.020642775691309366,0.03927797504801653,0.1014276671490215,1.8941049570098678,0.8452540106814097,0.3371048986342928,0.296110734316593,1.0483341575136293,1.0528362525816921,1.0670718254144034,276.5727629292495
542,20542,35ace65,v2_solver_dt4ms,1,1,1,success,56,15.234754290246226,19.3785606518906,2.7713022526075446,48,1,30.0,0.45,20.0,1.0,12,1,200,0.004,100,10.0,1.0,0,40,0,0.7142857142857143,0.3376086134667151,-0.2220026886495886,2.79847335954545,0.026919199206693587,0.03250488834765239,0.03248899816615367,1.4221439144020516,1.1422672680821075,0.3855741104825952,0.5624156843899092,1.05455229115814,1.0559538758110245,0.9738900656982812,282.7472672525522
543,20543,35ace65,v2_solver_dt4ms,1,1,1,success,65,7.358330561440528,13.141201096057985,8.16132588294141,43,1,30.0,0.45,20.0,1.0,12,1,200,0.004,100,10.0,1.0,0,54,0,0.8307692307692308,0.30722287728188963,-0.3152985249495054,2.590799389839428,0.026850263418764106,0.03924533535601224,0.037815168600844565,1.656344425956262,0.948380853678531,0.32095627399979443,0.47373334107153897,0.98239813671374,1.0309582727448199,0.9820178600915024,277.56568763131673
544,20544,35ace65,v2_solver_dt4ms,1,1,1,success,56,8.054490056072249,7.641790436528856,16.61907169763606,38,1,30.0,0.45,20.0,1.0,12,1,200,0.004,100,10.0,1.0,0,42,0,0.75,0.345080277844353,-0.19320947240473263,-0.1062421196951453,0.02491844674794434,0.03724686392197289,0.09775009953176725,0.8052580565347225,1.3617377863187679,0.3131470662536993,0.299548915410708,1.1037851972550523,1.0706482663199381,1.1205223646691593,279.7381160636616
545,20545,35ace65,v2_solver_dt4ms,1,1,1,success,49,14.704528438941173,15.908380980273643,2.5456521870578896,41,1,30.0,0.45,20.0,1.0,12,1,200,0.004,100,10.0,1.0,0,38,0,0.7755102040816326,0.318557223428883,-0.3187037162504944,2.5032577760318473,0.020579071530519903,0.039254534126034316,0.10846771378524624,1.2133970852373057,0.8740683291897516,0.33083510795133664,0.28680486885971584,0.8966102606033447,1.060562000901696,1.094961832048841,281.1532944890786
546,20546,35ace65,v2_solver_dt4ms,1,1,1,success,61,18.928501404935062,21.668873910102835,3.4291285266148783,53,1,30.0,0.45,20.0,1.0,12,1,200,0.004,100,10.0,1.0,0,49,0,0.8032786885245902,0.3350880715958148,-0.39956026895265206,2.4932442416677967,0.025615402100383877,0.03248868127367528,0.06939718853955673,1.779691130174498,1.0567019048181514,0.3065275537080653,0.6046153400743828,1.073097739655586,1.0378191218945318,1.0382171431212366,286.2802110436784
547,20547,35ace65,v2_solver_dt4ms,1,1,1,success,47,42.97941448209391,26.255965098223335,3.798917794590312,42,1,30.0,0.45,20.0,1.0,12,1,200,0.004,100,10.0,1.0,0,40,0,0.851063829787234,0.30642426669930395,-0.37671388563897623,1.8713247797236123,0.025020069910589082,0.03386172731637862,0.05630991753093547,1.1164718158945548,1.10068726048658,0.3798288661423817,0.1742395809315065,0.9557523174775177,0.9450042049907948,1.2212024237498844,279.9369388851819
548,20548,35ace65,v2_solver_dt4ms,1,1,1,success,67,18.51211768789405,12.39767472592414,7.252911939423452,62,1,30.0,0.45,20.0,1.0,12,1,200,0.004,100,10.0,1.0,0,50,0,0.746268656716418,0.31710040014765584,-0.7262736768902156,0.7420083481729138,0.0248357770944267,0.0317974475657166,0.06166243550248288,1.9413724194790125,0.7882821674280948,0.34826209484402687,0.5975509140110807,0.9541437607678278,0.9917607231708345,0.9485914790287067,290.82526849920237
549,20549,35ace65,v2_solver_dt4ms,1,1,1,success,60,18.082214595814932,24.711896558039825,16.476966020432243,54,1,30.0,0.45,20.0,1.0,12,1,200,0.004,100,10.0,1.0,0,50,0,0.8333333333333334,0.3688008406015476,-0.3085031084813446,-0.46563169612624344,0.023138408949943828,0.03213078569030518,0.0670279517273364,0.816877066216518,0.6650217688831362,0.3686082050705264,0.48217691481685676,1.0063723393684652,1.0301232684932786,0.9801606829296062,283.8933830874682
550,20550,35ace65,v2_solver_dt4ms,0,1,0,timeout,200,63.729051665766676,nan,nan,-1,1,30.0,0.45,20.0,1.0,12,1,200,0.004,100,10.0,1.0,8,187,0,0.935,0.3163922805971667,-0.1901992376448719,2.8944537108579995,0.026791564141677646,0.03808286442120525,0.11874261821437848,1.4753733416134267,1.2566563052846043,0.34412521438812665,0.566649136756165,0.9442807730712856,1.1278727525399448,0.9752435965275222,20.822350305507797
551,20551,35ace65,v2_solver_dt4ms,1,1,1,success,63,11.639124728194698,14.077773546825883,6.1599961067868225,55,1,30.0,0.45,20.0,1.0,12,1,200,0.004,100,10.0,1.0,0,53,0,0.8412698412698413,0.32022385441903306,-0.4839419830655534,-1.6137318697521033,0.022982497511728033,0.03634036145812146,0.043017857412110554,1.3663304726548215,0.9609565983328406,0.3338625489169149,0.666075542546821,1.072061934991386,0.9997350724946233,1.0352588322876448,286.79065598533293
552,20552,35ace65,v2_solver_dt4ms,1,1,1,success,69,17.26682642918368,11.705831029096244,1.4355984271856668,65,1,30.0,0.45,20.0,1.0,12,1,200,0.004,100,10.0,1.0,0,58,0,0.8405797101449275,0.3130793048129162,-0.41645832937907395,-1.5338743958499053,0.027321819697696266,0.038281318721010954,0.059715334715953985,0.9065085629654818,1.1989681670348125,0.3080868555952128,0.6625481990902311,0.978172378959285,1.0819513981535616,1.0986060260281287,272.17247231848194
553,20553,35ace65,v2_solver_dt4ms,1,1,1,success,50,4.890382087505822,10.831154095150541,17.055811753774677,43,1,30.0,0.45,20.0,1.0,12,1,200,0.004,100,10.0,1.0,0,43,0,0.86,0.38906363373286135,-0.3908913336597952,2.178933466536015,0.02478082741871964,0.03098754205359711,0.05862491029819632,0.9881063711483036,0.8167059994392989,0.3429932064545502,0.3212584511608722,1.1104961151826036,0.9656190515607087,1.0272515739600805,283.3669479918426
554,20554,35ace65,v2_solver_dt4ms,1,1,1,success,86,16.886437280383184,11.053386907364475,2.7406816529269684,58,1,30.0,0.45,20.0,1.0,12,1,200,0.004,100,10.0,1.0,0,77,0,0.8953488372093024,0.3456322893225653,-0.5117309248657773,0.6675904293147106,0.0241051312933439,0.03765301642248312,0.11999018240141049,1.9034153153037887,0.8452359424527437,0.38157052513554274,0.35821912432246245,1.0092331884805736,1.0344368897774046,0.9470653158351601,285.2763355382435
555,20555,35ace65,v2_solver_dt4ms,1,1,1,success,56,13.536097916053391,29.51504618739264,10.543748177214102,48,1,30.0,0.45,20.0,1.0,12,1,200,0.004,100,10.0,1.0,0,44,0,0.7857142857142857,0.35792691708337077,-0.2710909656247167,-0.04628039003400852,0.023437566915644373,0.03248612649947943,0.048347961701436085,1.6147160047270068,1.1950635517736707,0.3841611713622039,0.6125883419139766,1.0854683959677134,1.0433025235461244,1.0150575136761977,281.2590677564938
556,20556,35ace65,v2_solver_dt4ms,1,1,1,success,48,2.7157064563870628,15.709796134980358,9.942040923219414,43,1,30.0,0.45,20.0,1.0,12,1,200,0.004,100,10.0,1.0,0,39,0,0.8125,0.3702009747899289,-0.33792231722753746,1.5291415098536074,0.024700290845637057,0.030100113620063696,0.03999100198602895,1.9703519912858392,0.8370225508582392,0.3476637087236733,0.3364681755803413,0.9994584427263975,1.0716761563420165,1.225803139268838,284.1970483993616
557,20557,35ace65,v2_solver_dt4ms,1,1,1,success,82,28.67327014388227,5.582728919016269,13.30062083824511,74,1,30.0,0.45,20.0,1.0,12,1,200,0.004,100,10.0,1.0,0,64,0,0.7804878048780488,0.30458668173658643,-0.4993174408476925,1.7174008080320835,0.027261838190852178,0.030305440300876084,0.04442309313921976,1.2875377338676641,1.386331093511812,0.300299951187035,0.3017605705804455,0.9788842270724937,1.0176017914841589,1.031664969767299,270.90202174004486
558,20558,35ace65,v2_solver_dt4ms,1,1,1,success,127,34.51131176098281,15.777213307221874,20.300213515458907,42,1,30.0,0.45,20.0,1.0,12,1,200,0.004,100,10.0,1.0,0,85,0,0.6692913385826772,0.34203710836206697,-0.34027795923150944,2.8668222162993926,0.022706048918343637,0.03388484283328331,0.07886911252900164,0.8359839432741982,0.9540370495033323,0.3425857962367913,0.23653804795797959,1.0672408316744513,1.010615752314999,1.2413716456284256,268.1812042536264
559,20559,35ace65,v2_solver_dt4ms,1,1,1,success,54,14.474234802376014,11.980697301127588,6.7402223744030945,49,1,30.0,0.45,20.0,1.0,12,1,200,0.004,100,10.0,1.0,0,41,0,0.7592592592592593,0.3243714572543089,-0.6712160183545837,3.0070604107099532,0.026029393554249425,0.040104474379780014,0.09159655741760442,1.6279309875448362,1.391560938671062,0.33572981949322994,0.21426758023213954,0.9952411357562244,1.0085380707339833,1.1865740221695342,283.6804593481094
560,20560,35ace65,v2_solver_dt4ms,1,1,1,success,53,13.84085790354919,22.67926704590244,6.440803116140067,40,1,30.0,0.45,20.0,1.0,12,1,200,0.004,100,10.0,1.0,0,44,0,0.8301886792452831,0.38035055232758774,-0.3435006093694756,2.9851502715548754,0.023134813702082757,0.03453017557737388,0.052368355978221814,1.9206052086225294,1.1786374886506046,0.3757100173274612,0.3136882812347606,0.9968835792819953,0.9488527377109172,0.8242842359190121,281.3046157804814
561,20561,35ace65,v2_solver_dt4ms,1,1,1,success,43,13.33522309981128,5.062608616274947,13.72980779908745,37,1,30.0,0.45,20.0,1.0,12,1,200,0.004,100,10.0,1.0,0,31,0,0.7209302325581395,0.37752547868347913,-0.18646121567820617,3.0930418931511197,0.02254737696555229,0.034674834283574554,0.07557010953298902,1.1054528592198416,1.3671658184051372,0.32907370826803584,0.41305163423867675,1.016520523490177,0.9905395849012358,1.1382182157132683,279.16691288040175
562,20562,35ace65,v2_solver_dt4ms,1,1,1,success,54,18.89021046729632,42.62677618622017,32.332114878198155,43,1,30.0,0.45,20.0,1.0,12,1,200,0.004,100,10.0,1.0,0,42,0,0.7777777777777778,0.35977971106463214,-0.40206959297997386,1.0020985915429304,0.02700422158640589,0.03277079670731448,0.05757143286713627,1.5760559189842918,0.961042666971717,0.31081309191465367,0.45159106332160515,0.977119493819602,1.0807762936530938,1.2955100688271135,285.0605238423685
563,20563,35ace65,v2_solver_dt4ms,1,1,1,success,56,31.93566487505485,23.766653303539787,11.337610045853765,47,1,30.0,0.45,20.0,1.0,12,1,200,0.004,100,10.0,1.0,0,47,0,0.8392857142857143,0.36208739672252555,-0.2280040099302515,0.33237749902983627,0.023919968136096453,0.034474670413699456,0.08166660069152998,1.1900783199063887,0.6174490240243724,0.30028851139044777,0.6514736687735312,1.0197103708806459,0.9629459855008337,1.0316641393946353,285.63370244404183
564,20564,35ace65,v2_solver_dt4ms,1,1,1,success,67,13.49390668380361,12.10497364043445,6.302881756917556,59,1,30.0,0.45,20.0,1.0,12,1,200,0.004,100,10.0,1.0,0,49,0,0.7313432835820896,0.31990670163260226,-0.6089517004337273,1.3830469735426076,0.020856262182537527,0.03226108629337396,0.1092893567199957,0.8671246205982596,1.319841385943906,0.3304513866501719,0.6275155577634758,1.0816208473079407,1.0237838726747024,1.0470469433341174,290.82583594594195
565,20565,35ace65,v2_solver_dt4ms,1,1,1,success,49,19.71995880536134,14.718204243206172,6.537113427953401,42,1,30.0,0.45,20.0,1.0,12,1,200,0.004,100,10.0,1.0,0,43,0,0.8775510204081632,0.32782803725408405,-0.33505936954904714,-0.9192677105021065,0.026574780506722614,0.03264828305422886,0.055405129994815956,0.9851832751813103,0.828038626058302,0.3150034553829779,0.49529868940972416,1.1126879778914358,0.982925339214274,0.914194317948377,282.67840710892347
566,20566,35ace65,v2_solver_dt4ms,1,1,1,success,79,30.633433939709036,19.861169921774174,4.550878194335622,49,1,30.0,0.45,20.0,1.0,12,1,200,0.004,100,10.0,1.0,0,68,0,0.8607594936708861,0.35697086878071627,-0.35407975039968737,-2.289520929775874,0.02656275259973467,0.03520556305602467,0.10679215863832078,1.3102389182979528,1.1779462993668848,0.31748334873820994,0.5335663408413239,1.051093609086457,1.0263706521223537,1.0804384230577737,281.07157581637125
567,20567,35ace65,v2_solver_dt4ms,1,1,1,success,57,13.13329774833951,15.786981547954511,3.8307304761295824,51,1,30.0,0.45,20.0,1.0,12,1,200,0.004,100,10.0,1.0,0,43,0,0.7543859649122807,0.3739865368150912,-0.19836688614287235,0.09818878696966493,0.027038597673284457,0.03777134337119125,0.10701348004627417,1.937728241148652,0.6078714034117764,0.3775180851375751,0.3397175868071275,1.063624567475196,0.9708965153120498,1.0877088099944028,277.29688363316404
568,20568,35ace65,v2_solver_dt4ms,1,1,1,success,63,13.675089949286754,19.641376950502213,23.48170751532231,57,1,30.0,0.45,20.0,1.0,12,1,200,0.004,100,10.0,1.0,0,51,0,0.8095238095238095,0.3756094264649395,-0.19325994433136773,-0.23057506784018145,0.02631503937439875,0.0313668862113062,0.04066428649596961,0.8201345111847098,1.2645657753597752,0.3222873273915643,0.696948191764375,1.0154435687915202,0.998930065817339,0.9752245050207983,267.8078871726615
569,20569,35ace65,v2_solver_dt4ms,1,1,1,success,58,15.143705871100057,20.305665363240223,13.575085561194964,50,1,30.0,0.45,20.0,1.0,12,1,200,0.004,100,10.0,1.0,0,44,0,0.7586206896551724,0.3205728988469032,-0.5259942724296699,0.022469914076055808,0.02276845126248533,0.030773401086915127,0.11828291823161045,0.9114493836436867,0.7525012961654458,0.3548339915360912,0.33586959151533774,1.0271519304468806,1.033061815128758,1.1353595586615117,284.94186553852137
570,20570,35ace65,v2_solver_dt4ms,1,1,1,success,50,13.26507024937515,9.543384549072924,2.2290357201488145,45,1,30.0,0.45,20.0,1.0,12,1,200,0.004,100,10.0,1.0,0,35,0,0.7,0.349677389164623,-0.1784587673973418,-3.087814837063747,0.023194467724727306,0.03848898121479616,0.07600094636558322,1.2071886845053612,0.6941444842657138,0.3304296311957386,0.5758162928597157,0.9433755324751275,0.9878550658234168,1.1047067386665808,281.1175087807799
571,20571,35ace65,v2_solver_dt4ms,1,1,1,success,60,20.182372928170093,28.364127301151562,7.064664267829471,52,1,30.0,0.45,20.0,1.0,12,1,200,0.004,100,10.0,1.0,2,40,0,0.6666666666666666,0.354422166790614,-0.4170804670756401,0.3096676311186659,0.02189466795148056,0.03965172377056862,0.08361652202147193,1.40810068251671,0.6665619356460007,0.3255627598530396,0.6367877710224253,1.0079578423558195,1.0577676167916654,1.0668554344679415,284.5231879273472
572,20572,35ace65,v2_solver_dt4ms,1,1,1,success,65,15.184028928199126,30.166152441194267,7.1318045839473845,57,1,30.0,0.45,20.0,1.0,12,1,200,0.004,100,10.0,1.0,0,53,0,0.8153846153846154,0.37732330102393286,-0.5076054142812154,0.9105899996401394,0.027313784453830522,0.030852014134001408,0.10033319296413831,0.884762155326864,1.3958892405524097,0.3899949098249439,0.27894359581381034,0.9930547891251508,1.0009651646918198,0.9593582062079982,285.8754815359952
573,20573,35ace65,v2_solver_dt4ms,1,1,1,success,68,13.446409096739384,13.938024772390055,0.7731385216291874,62,1,30.0,0.45,20.0,1.0,12,1,200,0.004,100,10.0,1.0,0,55,0,0.8088235294117647,0.35179563243092093,-0.5349884878285672,2.9666650435797592,0.02175851957957594,0.032762783469284566,0.03733687566580848,1.4768036097131119,0.7886293131150675,0.3798719864144093,0.6353609542028122,0.9737366329545504,1.0460581136046652,1.0596342320965357,291.4944625975038
574,20574,35ace65,v2_solver_dt4ms,1,1,1,success,59,16.137703060907693,32.368722915471395,13.193141318070987,47,1,30.0,0.45,20.0,1.0,12,1,200,0.004,100,10.0,1.0,0,47,0,0.7966101694915254,0.365767038330004,-0.38940066347683167,1.6623426322702954,0.02143370936594741,0.036044985862925934,0.04207874412065171,1.0938049603523683,1.2530940052313357,0.36272796549276426,0.3651032563712215,1.0545585395146864,0.927090648740938,1.0970542482027676,285.0955039687048
575,20575,35ace65,v2_solver_dt4ms,1,1,1,success,71,26.247153605714647,26.43226390699211,4.952210484704854,62,1,30.0,0.45,20.0,1.0,12,1,200,0.004,100,10.0,1.0,0,52,0,0.7323943661971831,0.33831374266243963,-0.6839986180621404,-2.3340085180589476,0.02073954547423633,0.034273240165571976,0.0479814773541835,1.5487027134784128,0.7494484077189019,0.36814637615426876,0.5933613320994143,1.0148719346272828,1.1057340603944268,1.2397398850118804,290.82305122862
576,20576,35ace65,v2_solver_dt4ms,1,1,1,success,58,21.12252804301686,9.461938554320483,17.370763428767084,52,1,30.0,0.45,20.0,1.0,12,1,200,0.004,100,10.0,1.0,0,45,0,0.7758620689655172,0.35101442961409124,-0.3967799645342367,0.8847165728337298,0.024057784870252546,0.03434834472401081,0.10136996398996435,1.599213324971758,1.140532084396588,0.3010427317261852,0.503708672138868,1.114678354532212,1.0283865969276147,1.072731664706358,286.10908110168384
577,20577,35ace65,v2_solver_dt4ms,1,1,1,success,57,4.27479145574184,14.457088975416434,10.74106825688571,50,1,30.0,0.45,20.0,1.0,12,1,200,0.004,100,10.0,1.0,0,47,0,0.8245614035087719,0.33985790426632667,-0.4357939787644145,1.3120800324709894,0.025576546993131607,0.030362996700046524,0.054722029522269476,0.8058878680009827,1.2883579980141753,0.30053847612745355,0.38487702905112775,0.990543305634939,1.029240465700877,1.1281073205562298,284.63402164410104
578,20578,35ace65,v2_solver_dt4ms,1,1,1,success,50,12.287293598835173,21.66325590550189,5.656063402114645,43,1,30.0,0.45,20.0,1.0,12,1,200,0.004,100,10.0,1.0,3,37,0,0.74,0.375451645187288,-0.3508288695268056,1.5035683620570897,0.02350670399893723,0.03947910276993463,0.07726098582335966,1.3174425946412054,0.9782976203677713,0.3392741546428869,0.3078608073542353,0.9696169712850219,1.013876857171395,0.9741800365845794,280.4293710308985
579,20579,35ace65,v2_solver_dt4ms,1,1,1,success,94,27.280029022224817,23.89580382020701,9.833566072294314,60,1,30.0,0.45,20.0,1.0,12,1,200,0.004,100,10.0,1.0,0,80,0,0.851063829787234,0.32166668472294596,-0.7063554622435385,1.8645563845459332,0.020466072177877437,0.03858183704385441,0.11907307545249812,1.8428085203677358,0.709243746397215,0.3303354537190047,0.7085854643428096,1.0177345568317924,0.9625832020461184,1.0784696943260421,289.08513191335106
580,20580,35ace65,v2_solver_dt4ms,1,1,1,success,77,17.485121976383166,12.384173651363836,7.353064607673957,54,1,30.0,0.45,20.0,1.0,12,1,200,0.004,100,10.0,1.0,0,70,0,0.9090909090909091,0.3042623723478569,-0.2965305971729473,-1.4683466169434753,0.025503633856733036,0.03906933974260518,0.11852274990361888,0.9908842109887515,1.0311616519555804,0.3112510846961488,0.6908002837690831,1.0568941882309566,0.9505397938542208,0.905652936369103,282.4884711460461
581,20581,35ace65,v2_solver_dt4ms,1,1,1,success,52,15.859474297844141,12.154639255577765,8.913079856399209,44,1,30.0,0.45,20.0,1.0,12,1,200,0.004,100,10.0,1.0,0,40,0,0.7692307692307693,0.3306094001865142,-0.41024993611862504,-2.3385906640940304,0.02469311104731925,0.032513147558494465,0.0585984472393858,1.4826026528456282,0.6974049431543611,0.31893649004012226,0.2328428204761459,1.0882391735725832,1.0737827863917437,0.7943328117000139,282.8115987761663
582,20582,35ace65,v2_solver_dt4ms,1,1,1,success,50,18.99264161610725,14.24504632945672,0.519421737722017,45,1,30.0,0.45,20.0,1.0,12,1,200,0.004,100,10.0,1.0,0,42,0,0.84,0.3014476211863174,-0.2707347258442325,-0.17066463313790514,0.026413069068470796,0.035234042227732104,0.06975070211241288,1.247653677770959,1.0857137077050787,0.35566494868114235,0.3801835516975587,0.9877687149460197,1.053084761712132,1.0392766181457143,280.4661674755693
583,20583,35ace65,v2_solver_dt4ms,1,1,1,success,159,11.41031734434558,15.381044606613855,8.524385433480852,43,1,30.0,0.45,20.0,1.0,12,1,200,0.004,100,10.0,1.0,0,148,0,0.9308176100628931,0.33148653960424246,-0.34022305199859926,-2.1661289684103915,0.020412162317141692,0.03826678297852558,0.10733071960378823,1.3246481233632252,0.7824130324175802,0.3549437369228499,0.3730049820285259,1.0491000903523464,0.9961134505636846,1.0508673786162572,274.9152724333369
584,20584,35ace65,v2_solver_dt4ms,1,1,1,success,59,14.321126794318896,16.038591461658495,2.4408177283340105,46,1,30.0,0.45,20.0,1.0,12,1,200,0.004,100,10.0,1.0,0,40,0,0.6779661016949152,0.32644133172372325,-0.18771433661298054,-1.5671755562028593,0.02371548404910404,0.03937577603496984,0.08328556480298985,1.1615197969695659,0.6121704310834859,0.3463690334701849,0.6532528751571918,1.0384927671508366,0.9510946321259409,0.933368881642236,278.350406285447
585,20585,35ace65,v2_solver_dt4ms,1,1,1,success,87,19.93611577483882,17.538389827874347,11.875677768732844,61,1,30.0,0.45,20.0,1.0,12,1,200,0.004,100,10.0,1.0,0,72,0,0.8275862068965517,0.36883741857231966,-0.3421277517814954,0.7949795170258995,0.025447521442376535,0.03800199169505431,0.030212364040522945,1.587926342830435,0.7622649604620049,0.3740562734544757,0.7004700437615476,0.9627440533450154,1.0476581879658384,1.1013961533147825,287.6499043478524
586,20586,35ace65,v2_solver_dt4ms,1,1,1,success,44,17.749371978690217,28.91260273984096,0.02520217978924669,41,1,30.0,0.45,20.0,1.0,12,1,200,0.004,100,10.0,1.0,0,35,0,0.7954545454545454,0.33397487955668254,-0.18469630165458184,1.728378886313318,0.02361161674879403,0.03253908126676094,0.06137811757294113,0.9523506338484681,1.006456834391467,0.3863173024093454,0.2794202190883588,1.025206650993445,1.0554392519924776,1.1920874296732311,280.0020982209666
587,20587,35ace65,v2_solver_dt4ms,1,1,1,success,63,4.618412400878186,26.198589998886952,21.680161026267246,54,1,30.0,0.45,20.0,1.0,12,1,200,0.004,100,10.0,1.0,0,55,0,0.873015873015873,0.3723202346892096,-0.5434203536205258,2.811926614357641,0.026767900231766638,0.037133101702227334,0.09669139129329321,1.568218827015026,1.052385610714707,0.32233993265544486,0.517000506498982,0.9736415619468524,0.9702013836599791,1.1855276112157183,287.18457845186776
588,20588,35ace65,v2_solver_dt4ms,1,1,1,success,56,16.85680344741497,17.09605265207781,2.501464130392507,52,1,30.0,0.45,20.0,1.0,12,1,200,0.004,100,10.0,1.0,0,33,0,0.5892857142857143,0.3489374900180547,-0.3810544083425118,-1.8050828821704967,0.02657396157922483,0.03003000214858542,0.06649461610291757,1.4113838169098356,0.9776891254304694,0.3421255092353902,0.39698682256149703,1.017425396406325,0.9425743081265369,1.1516584971453332,281.33733875460945
589,20589,35ace65,v2_solver_dt4ms,1,1,1,success,77,17.303634513133456,9.57845883681096,9.036144112370758,72,1,30.0,0.45,20.0,1.0,12,1,200,0.004,100,10.0,1.0,0,63,0,0.8181818181818182,0.3053232131769291,-0.5654677690912739,3.0655614245768996,0.025336748532899803,0.03327395461151608,0.046727744783474856,1.3014521502171377,1.2458327953227317,0.30192909765124437,0.21993584077309797,1.0362767210454604,1.0841215553479848,0.8876322397526901,276.25436196704754
590,20590,35ace65,v2_solver_dt4ms,1,1,1,success,78,3.5114832851082607,25.094506173193512,19.547492122257594,52,1,30.0,0.45,20.0,1.0,12,1,200,0.004,100,10.0,1.0,0,58,0,0.7435897435897436,0.338985444193858,-0.6847295482567258,2.071768574768261,0.022410513789885875,0.032598397484354474,0.10318006850152983,0.8143777594456278,0.6853975270311119,0.3105386614093343,0.373986960932689,1.0475953468796022,0.9702602588287607,1.0698607034345153,286.3667849410373
591,20591,35ace65,v2_solver_dt4ms,1,1,1,success,56,10.418871979318288,21.090210382576327,6.138921795167081,50,1,30.0,0.45,20.0,1.0,12,1,200,0.004,100,10.0,1.0,0,46,0,0.8214285714285714,0.3772363507798302,-0.17750726635799252,1.0052104041078262,0.02629887171559084,0.034461248751539685,0.0868294062925423,1.5597781772191581,1.072091624940173,0.3571817861023886,0.6087131544125876,1.0476687467321655,1.0447781663712408,1.179916559854727,282.172214614211
592,20592,35ace65,v2_solver_dt4ms,1,1,1,success,133,22.585092044431875,17.013121755739732,20.197945995269315,45,1,30.0,0.45,20.0,1.0,12,1,200,0.004,100,10.0,1.0,0,120,0,0.9022556390977443,0.34982991081954107,-0.35573440902410775,-0.11123839792716206,0.025608890466738424,0.032688268855508726,0.05423741328993327,1.4836577875161696,1.072640224548587,0.3790624237155902,0.2883690566032214,0.9268427356813671,0.9910130910531384,1.0068333377675374,279.68512115419185
593,20593,35ace65,v2_solver_dt4ms,1,1,1,success,71,39.103104430999,18.47256874188578,23.913794069228594,54,1,30.0,0.45,20.0,1.0,12,1,200,0.004,100,10.0,1.0,6,62,0,0.8732394366197183,0.3559582164138394,-0.516194158934724,0.5178013003429682,0.021965915251404032,0.0398218849800866,0.1141330136724423,0.9589975920140987,1.3491352107365464,0.30552890983976677,0.6905030587257317,1.0609384458130189,0.984988122297225,1.2245437837929112,284.6886361941887
594,20594,35ace65,v2_solver_dt4ms,1,1,1,success,74,19.393252567392295,25.80172193125043,9.902895054379913,56,1,30.0,0.45,20.0,1.0,12,1,200,0.004,100,10.0,1.0,0,64,0,0.8648648648648649,0.3100013374911176,-0.568226065767375,0.9164723320607049,0.022762856718941363,0.03830577753441775,0.04542798484800308,0.9696430401845719,1.1211446302030517,0.3457733721771812,0.4932811970900205,0.9794730076422917,0.9030720253860087,1.0682937019469032,286.04476798095664
595,20595,35ace65,v2_solver_dt4ms,1,1,1,success,69,20.71775951743731,23.644630511366543,1.5583609095726323,66,1,30.0,0.45,20.0,1.0,12,1,200,0.004,100,10.0,1.0,0,49,0,0.7101449275362319,0.33894901737913197,-0.7013161216485984,1.2492046932453267,0.027311810349281648,0.039519545285469936,0.05492701179456931,1.0553547944588149,0.8755904880621705,0.364645374908847,0.6630465415757539,1.0913950939245705,0.9539566154230856,0.8131915402086761,291.8582271559843
596,20596,35ace65,v2_solver_dt4ms,1,1,1,success,90,38.47024940407362,10.896068029227722,21.651459291768113,52,1,30.0,0.45,20.0,1.0,12,1,200,0.004,100,10.0,1.0,0,69,0,0.7666666666666667,0.32810266110732406,-0.5488508480266472,-1.5154306391847918,0.021375133017401033,0.03495761674913857,0.04509868972981193,1.676947984537141,1.0504767201359575,0.34026085782287757,0.4736410040971559,1.0817434809308824,1.0303802770387647,0.9690176366990035,277.2547995033132
597,20597,35ace65,v2_solver_dt4ms,1,1,1,success,86,25.75157416560289,34.385998846120856,11.96248787722532,56,1,30.0,0.45,20.0,1.0,12,1,200,0.004,100,10.0,1.0,0,68,0,0.7906976744186046,0.3859731543798491,-0.3621771100750782,2.471776347007693,0.021434894935781584,0.0357708379674875,0.035827805308177904,1.9656637866727804,0.7450894292122859,0.38394735419634357,0.5707915608633753,0.8969429356017278,1.0302691512204403,1.1054134408978598,285.6651493125487
598,20598,35ace65,v2_solver_dt4ms,1,1,1,success,64,21.95788090117187,14.171277418277354,7.235813638793493,57,1,30.0,0.45,20.0,1.0,12,1,200,0.004,100,10.0,1.0,0,53,0,0.828125,0.31527115983759585,-0.46811055045002,-0.8641097510148192,0.026817161643007893,0.03520098916544977,0.08142185748271233,1.759277957609405,0.8273722747224032,0.3041187601145132,0.5493145007715957,1.0218703307932402,1.0901616957746225,0.998602375729626,284.5114264629692
599,20599,35ace65,v2_solver_dt4ms,1,1,1,success,50,6.442377909313076,3.2432493323954517,0.703644227279089,46,1,30.0,0.45,20.0,1.0,12,1,200,0.004,100,10.0,1.0,0,39,0,0.78,0.3443800229858756,-0.3151288657348544,2.120600065305662,0.02353368649070457,0.037478705081840084,0.03944059096581899,0.9219564748213513,0.6714512472365572,0.3279645392540854,0.32035918409920816,0.9981355929631545,1.0636186711160087,1.0732933319863647,282.9687881333009
600,20600,35ace65,v2_solver_dt4ms,1,1,1,success,58,17.75704789241388,23.556870310836043,15.714173591212706,37,1,30.0,0.45,20.0,1.0,12,1,200,0.004,100,10.0,1.0,0,45,0,0.7758620689655172,0.37266317894799467,-0.17155613687086635,-1.8819885535232983,0.02741254435820719,0.04020764166419881,0.04483565931268826,1.750135571559839,1.3608293701612226,0.3596263635318215,0.1916541328961268,1.0680445857904435,0.9832207609866718,1.0963493925120444,275.47826948189686
601,20601,35ace65,v2_solver_dt4ms,1,1,1,success,65,27.334380529147346,28.25635346567121,4.241536594539489,58,1,30.0,0.45,20.0,1.0,12,1,200,0.004,100,10.0,1.0,0,46,0,0.7076923076923077,0.3597614364470085,-0.46848159278704266,3.039765941314254,0.026378553565043098,0.03158173704975147,0.03717007390567561,1.7193483927416604,0.9148266124290266,0.3860196170252788,0.7232459414747259,1.0331230534419773,0.9949615225685032,1.2205149005614937,289.72102405337375
602,20602,35ace65,v2_solver_dt4ms,1,1,1,success,58,24.053822611544483,21.185640362146422,7.148193693470332,50,1,30.0,0.45,20.0,1.0,12,1,200,0.004,100,10.0,1.0,0,48,0,0.8275862068965517,0.377771821045689,-0.29414277177181847,0.3566016988142975,0.02312916968881891,0.029758376509473248,0.11182959837614082,1.9985208711705644,1.3948607900175636,0.33284508416268666,0.5864267728181757,1.1336672490212096,1.0587382570709463,1.2224048614470973,284.53238053377066
603,20603,35ace65,v2_solver_dt4ms,1,1,1,success,70,6.069396129585023,13.266974122811767,5.586599430511545,63,1,30.0,0.45,20.0,1.0,12,1,200,0.004,100,10.0,1.0,0,53,0,0.7571428571428571,0.3773165868554623,-0.5977177002239533,3.0193420072897235,0.021525947290089716,0.03653115899530362,0.039952284813757996,1.328234674234273,1.18491628696004,0.34376576708446976,0.5356120637092199,0.9638693483064183,1.0679197006206578,0.9015031214774323,292.4252112117014
604,20604,35ace65,v2_solver_dt4ms,1,1,1,success,52,25.6583461450434,28.900947092308826,12.083275353839188,41,1,30.0,0.45,20.0,1.0,12,1,200,0.004,100,10.0,1.0,0,42,0,0.8076923076923077,0.343157208908457,-0.3275020513978407,-0.9386896231903057,0.022452975949763837,0.035112205564491294,0.05349333930263142,1.6867801840331424,1.0403016693635074,0.38553257301001576,0.1767017182637613,1.0425353505907666,0.969402011117636,1.0538717992821942,282.4011731840294
605,20605,35ace65,v2_solver_dt4ms,1,1,1,success,73,25.79857486782338,29.727063062317217,4.919666904295502,55,1,30.0,0.45,20.0,1.0,12,1,200,0.004,100,10.0,1.0,0,57,0,0.7808219178082192,0.38154273316767784,-0.5499716409417259,-2.9332459568592237,0.020490708861513565,0.039102653256527654,0.07929074884300615,0.9282717156640099,0.6013174076362123,0.3885098765144682,0.4363538328788737,1.1177930000924388,1.0160205379157767,0.7612459411145547,287.93137837089375
606,20606,35ace65,v2_solver_dt4ms,1,1,1,success,57,16.191984913123072,20.753275489970562,2.9692525252872257,54,1,30.0,0.45,20.0,1.0,12,1,200,0.004,100,10.0,1.0,0,45,0,0.7894736842105263,0.31252613659398903,-0.5684558113419123,-0.2562656347969563,0.025351005649519608,0.029951667376318266,0.03111462531841301,1.1638413961488387,1.0006169686793442,0.33328095605728014,0.4722330691638188,1.0664483353314207,1.0276221974972373,1.1295760352972346,285.7755593133586
607,20607,35ace65,v2_solver_dt4ms,1,1,1,success,89,12.228405527035289,25.602921796404104,4.755715213627384,46,1,30.0,0.45,20.0,1.0,12,1,200,0.004,100,10.0,1.0,0,73,0,0.8202247191011236,0.3597897865917821,-0.39531612335279587,-0.23589055450507246,0.022615107701331082,0.039160830981974294,0.11209593931606499,0.9333066917359981,0.9296391571429954,0.38133687650435755,0.3223859943760965,1.0280268893415285,1.0348454247846928,0.9931695569435848,281.81549500599033
608,20608,35ace65,v2_solver_dt4ms,1,1,1,success,66,9.976053421290592,13.334143599240669,24.363405990940425,58,1,30.0,0.45,20.0,1.0,12,1,200,0.004,100,10.0,1.0,0,60,0,0.9090909090909091,0.31437169902431206,-0.4811468653927998,2.7629779461359387,0.022946394621023155,0.038049044168522735,0.07503290338167462,0.9539443383811976,1.1013634048450096,0.33415033646131576,0.5511416012786139,1.0981339824508969,1.0506394908306989,1.1308211071255385,284.9925832159576
609,20609,35ace65,v2_solver_dt4ms,1,1,1,success,57,12.281975514411862,11.25688281533344,5.437790869201938,51,1,30.0,0.45,20.0,1.0,12,1,200,0.004,100,10.0,1.0,0,41,0,0.7192982456140351,0.31389864531706263,-0.6150775207689936,-1.241224546768229,0.021833531335103074,0.03602463813539735,0.07753465915180408,1.29184876956377,0.6157265209038353,0.3193675050217938,0.4983562679248879,1.0472067886675778,1.0523823278129438,1.0490206397103874,288.77589059809713
610,20610,35ace65,v2_solver_dt4ms,0,1,0,timeout,200,474.540283651774,nan,nan,-1,1,30.0,0.45,20.0,1.0,12,1,200,0.004,100,10.0,1.0,0,190,0,0.95,0.3863328774303404,-0.3627017368298004,-1.7520742200092576,0.02537955621676116,0.03982235484527346,0.049762955114561525,1.1655812051073373,1.2555874984738333,0.37402751996871286,0.6833705715265366,0.9727171972940438,0.9957172285611824,1.2162128814685,-7.261167135274695
611,20611,35ace65,v2_solver_dt4ms,1,1,1,success,77,15.018915284875572,0.13062168355742385,18.29319573132907,44,1,30.0,0.45,20.0,1.0,12,1,200,0.004,100,10.0,1.0,0,69,0,0.8961038961038961,0.3439251239859973,-0.512952749180004,0.2807658325869844,0.02469526644124102,0.036081934472019295,0.10214198146117182,0.9145064174617523,0.9140315886891552,0.34943367485075955,0.18983861094910107,1.0644009212395502,1.0091020840263074,1.1143824452024842,281.95630795759564
612,20612,35ace65,v2_solver_dt4ms,1,1,1,success,51,10.567425572297324,10.702837341507198,14.958555600616146,42,1,30.0,0.45,20.0,1.0,12,1,200,0.004,100,10.0,1.0,0,43,0,0.8431372549019608,0.30333123838420867,-0.2772758504357486,1.417462197650491,0.02531654786701003,0.03267384446765523,0.11895333295805678,1.717837581391392,1.084228137165269,0.3157667056859702,0.4337848047267752,1.0428439246993901,1.0232274896511417,1.4458232511412912,280.4046472136895
613,20613,35ace65,v2_solver_dt4ms,1,1,0,success,60,36.4156828236107,40.90872985798167,9.601549916546189,41,1,30.0,0.45,20.0,1.0,12,1,200,0.004,100,10.0,1.0,0,41,0,0.6833333333333333,0.31248848100645676,-0.21695126865202463,-0.27746520806194264,0.021160504108945374,0.029874892889075296,0.0499424863881545,1.980942550140659,1.0611270878072665,0.3858172708032023,0.17746855135593864,0.9456925868846425,1.0301466247680284,0.8960376003736501,276.3956648501042
614,20614,35ace65,v2_solver_dt4ms,1,1,1,success,49,8.529491989904418,10.654812036240267,10.012565299225733,43,1,30.0,0.45,20.0,1.0,12,1,200,0.004,100,10.0,1.0,0,35,0,0.7142857142857143,0.3634420889915244,-0.19706232429197867,1.3309083678554936,0.023199102648909734,0.03645034148177776,0.08155811937203122,1.215413933771728,1.1956085873217754,0.30951453694553344,0.4826098131495278,1.0131801236967712,1.0850315851349808,1.1186811412543198,281.61618040890784
615,20615,35ace65,v2_solver_dt4ms,0,1,0,timeout,200,49.73100452658819,44.828337180599696,15.545509557450325,45,1,30.0,0.45,20.0,1.0,12,1,200,0.004,100,10.0,1.0,0,195,0,0.975,0.3521311687674594,-0.2559091655767779,-1.0004694228132038,0.024104173993250228,0.03199098341872482,0.11276175825064447,1.9036605326196114,1.1113946314351963,0.3242087860009981,0.4100285634976698,1.0089727263326695,1.0492650236234975,1.2229861113195635,23.869795998767298
616,20616,35ace65,v2_solver_dt4ms,1,1,1,success,60,19.08955562646888,13.200770332595559,11.227524941983543,53,1,30.0,0.45,20.0,1.0,12,1,200,0.004,100,10.0,1.0,0,44,0,0.7333333333333333,0.33943793428156144,-0.7254426178377874,2.59400248308304,0.02540933584347727,0.0356593901173644,0.07148732791365678,1.8580557753225577,1.0976950532930314,0.35499186751706174,0.22241882764406637,1.0981507661557874,1.0216687552331862,1.0949431005689938,288.93138061677143
617,20617,35ace65,v2_solver_dt4ms,1,1,1,success,56,18.193663042859182,9.371357524625292,5.712771916586948,50,1,30.0,0.45,20.0,1.0,12,1,200,0.004,100,10.0,1.0,0,51,0,0.9107142857142857,0.31334957301708427,-0.5802188122227452,-0.11104058585371801,0.026923989599727,0.0308591306007529,0.03206053506820319,1.7631233206632173,1.237339819666194,0.3626333230322263,0.20561225700039196,1.112677476062976,1.0391092540139009,0.8221560103547643,285.2073922861815
618,20618,35ace65,v2_solver_dt4ms,1,1,1,success,53,7.5388275151760675,27.478161020015317,2.0310609017801595,50,1,30.0,0.45,20.0,1.0,12,1,200,0.004,100,10.0,1.0,0,45,0,0.8490566037735849,0.315808877299525,-0.311622196958196,-2.089998136884531,0.025678101329594735,0.030262329939410994,0.09909265138455307,1.9002709519984788,1.2159358168507914,0.32764077821977766,0.2744370708577357,1.0005108269369833,1.091118323464292,1.0727339823962763,281.9622392981236
619,20619,35ace65,v2_solver_dt4ms,1,1,1,success,71,20.715152531026597,28.587349519142343,12.421437645595292,60,1,30.0,0.45,20.0,1.0,12,1,200,0.004,100,10.0,1.0,0,61,0,0.8591549295774648,0.38635679403101575,-0.45982389442207133,2.9476759832172013,0.02348525421475589,0.030608860201901313,0.11534762418252958,0.8307392609719461,0.9270820705116163,0.32080430448633596,0.6917236866801575,0.9525590306839629,1.1008971860442534,1.0376178054171072,289.892761581077
620,20620,35ace65,v2_solver_dt4ms,1,1,1,success,61,26.898663371172404,17.464127629350976,10.338061815894891,53,1,30.0,0.45,20.0,1.0,12,1,200,0.004,100,10.0,1.0,0,52,0,0.8524590163934426,0.31644670079994835,-0.4046791263392637,2.269838875695366,0.02182920264748225,0.03236448519919557,0.06299533260557863,1.0893827163269645,0.7388516670379707,0.3526231762709676,0.7129140033203486,1.0445281997761446,1.1057587796197401,1.1070160035014553,287.0784446622404
621,20621,35ace65,v2_solver_dt4ms,1,1,1,success,50,13.666007039896183,12.56994676118821,0.2832194503928229,47,1,30.0,0.45,20.0,1.0,12,1,200,0.004,100,10.0,1.0,0,42,0,0.84,0.32602896302806894,-0.21883025923901434,-0.10004078193425059,0.026434651977856664,0.03359107694462223,0.05706565738865675,1.8143327286501791,1.0136086743456123,0.3879793509512929,0.32561817404510707,1.008785725562881,1.0361311061719578,0.8570534580805076,277.9310169170104
622,20622,35ace65,v2_solver_dt4ms,1,1,1,success,54,6.973161133227591,4.24811545609398,4.434158269766349,47,1,30.0,0.45,20.0,1.0,12,1,200,0.004,100,10.0,1.0,0,45,0,0.8333333333333334,0.3239212476023381,-0.37545765214772187,1.4274839540950408,0.02718230946798032,0.03562179800344593,0.06803247380911197,1.0546838233805842,0.998220322761371,0.3409843690248485,0.43829797334416437,0.9987644235188302,0.954344689869849,0.8979578574562737,281.06803049514735
623,20623,35ace65,v2_solver_dt4ms,1,1,1,success,52,3.706502793438533,10.828624532986073,9.480631154975788,46,1,30.0,0.45,20.0,1.0,12,1,200,0.004,100,10.0,1.0,0,38,0,0.7307692307692307,0.3335240573470567,-0.2666684171846611,-1.514095607512746,0.020803230501153437,0.032617473746306615,0.0880563969697441,1.8313095841748013,0.9892730905795306,0.310924058428781,0.44366089691743227,0.9473004177164919,1.0287002863029342,0.8741393978029363,282.9395894447672
624,20624,35ace65,v2_solver_dt4ms,1,1,1,success,45,4.165263874358025,10.877613651399304,13.111763371023926,38,1,30.0,0.45,20.0,1.0,12,1,200,0.004,100,10.0,1.0,0,27,0,0.6,0.30288380804344567,-0.2788572394250005,2.617152987179682,0.022130700855433904,0.03508921652690019,0.04601320162606792,1.1724525110654946,0.6434430957809675,0.3032626358858152,0.3335208181444206,1.01401323888197,1.0750498128485884,1.0350912226526958,280.87344137935963
625,20625,35ace65,v2_solver_dt4ms,1,1,1,success,55,15.079734167361535,21.982671961210343,2.357420155188595,52,1,30.0,0.45,20.0,1.0,12,1,200,0.004,100,10.0,1.0,0,45,0,0.8181818181818182,0.37307326868301316,-0.46690092031140035,1.234116663606084,0.027105895389325278,0.04014026090220773,0.04238248768892907,1.7226912012998727,0.9526015998545929,0.3334931921908084,0.264762283640505,0.9676296882914152,1.0242761257952433,0.951909543380079,283.7252670546211
626,20626,35ace65,v2_solver_dt4ms,1,1,1,success,56,10.267258381809484,21.58508922641104,14.085818425317068,49,1,30.0,0.45,20.0,1.0,12,1,200,0.004,100,10.0,1.0,0,46,0,0.8214285714285714,0.316532828484296,-0.5480375046371341,2.1810404652816064,0.021518597498048003,0.031005725373749377,0.05523696148670258,1.6771919305242944,1.0266888513942498,0.3122512899606717,0.4750923520939624,1.1006684562757785,1.0148853449656055,0.7449642676666905,287.82739248786606
627,20627,35ace65,v2_solver_dt4ms,0,1,0,timeout,200,147.97815287204514,19.67582701545827,139.73602287826708,60,0,30.0,0.45,20.0,1.0,12,1,200,0.004,100,10.0,1.0,0,183,0,0.915,0.37451549730596756,-0.3653125139129771,1.577281516305348,0.026641437119570947,0.04014734602867863,0.10089187123929723,1.7359412396224967,1.3988851103994202,0.3346740664563237,0.6989816130181759,1.035937503864503,1.135085319691766,0.9648939038155104,45.17426633117907
628,20628,35ace65,v2_solver_dt4ms,1,1,1,success,77,13.541020495638698,22.203848122925333,11.617105218474089,70,1,30.0,0.45,20.0,1.0,12,1,200,0.004,100,10.0,1.0,0,51,0,0.6623376623376623,0.3850961040307693,-0.7015752355751371,2.8044155247964015,0.027182125176855493,0.03490359787390458,0.10317936884327111,1.9590481245048328,0.6675346195601822,0.33929320629506754,0.6890724089172741,1.0209644526447976,0.9681198761048222,1.2685373480736866,294.1388729828899
629,20629,35ace65,v2_solver_dt4ms,1,1,1,success,61,14.53757752721546,36.0953871249743,29.298663184639373,50,1,30.0,0.45,20.0,1.0,12,1,200,0.004,100,10.0,1.0,0,54,0,0.8852459016393442,0.3582057829546393,-0.3361603028802679,1.7988744185700352,0.02650427270024468,0.03488719703911603,0.048038426808884066,1.1177937167104361,0.9213262238779193,0.31107211756329484,0.7059539586979535,0.9331748585040291,0.9167628322530239,0.9258421433499378,285.5494234095059
630,20630,35ace65,v2_solver_dt4ms,1,1,1,success,63,16.65280352068733,20.97570615406178,7.499120396101569,54,1,30.0,0.45,20.0,1.0,12,1,200,0.004,100,10.0,1.0,0,52,0,0.8253968253968254,0.32326349145713756,-0.6405903322172972,-1.751028918995691,0.021583609096645792,0.039888274387692914,0.04648082162480628,1.5085562099805454,1.0618782678081817,0.30323612751157397,0.40115810375543504,1.0067577607221345,0.9996290852687383,1.0790700869802932,286.4866819652024
631,20631,35ace65,v2_solver_dt4ms,1,1,1,success,71,38.72850478380556,35.735928181586274,15.640675999032034,65,1,30.0,0.45,20.0,1.0,12,1,200,0.004,100,10.0,1.0,0,61,0,0.8591549295774648,0.3613350351562796,-0.4202498754774582,-2.2100978093191195,0.027457536290174115,0.03488903523449561,0.10522068670451935,1.0166377222022243,1.0108511536757445,0.3321354203725105,0.4149411323405958,1.0450726748130772,1.035780857512392,1.0618440354476575,279.8902031457259
632,20632,35ace65,v2_solver_dt4ms,1,1,1,success,67,6.812442101500831,14.116944194666258,5.477986282379591,63,1,30.0,0.45,20.0,1.0,12,1,200,0.004,100,10.0,1.0,0,57,0,0.8507462686567164,0.30048601071967723,-0.5087500561616282,1.9785277156653356,0.023268284932773546,0.03182396809618264,0.106796662206056,1.5283092175000625,0.8697829620933422,0.3600325702790177,0.46333297379935645,1.0355314781105676,1.054098682085896,0.9973276369239465,278.14705240882165
633,20633,35ace65,v2_solver_dt4ms,1,1,1,success,61,23.40270290507199,29.664584340447945,8.307544002045306,56,1,30.0,0.45,20.0,1.0,12,1,200,0.004,100,10.0,1.0,0,41,0,0.6721311475409836,0.319654856813218,-0.32461904741844155,1.755816823933424,0.02559857805771186,0.03350785311848848,0.04189029624604156,1.2208374107813482,0.8798642213977647,0.3883800978183524,0.718148176255685,0.9558801096016284,0.9617022074959362,1.1880920668699337,285.50913396910886
634,20634,35ace65,v2_solver_dt4ms,1,1,1,success,82,2.369536524674234,26.31487017316474,6.821248869612788,70,1,30.0,0.45,20.0,1.0,12,1,200,0.004,100,10.0,1.0,6,61,0,0.7439024390243902,0.3810798102661198,-0.6686215909652727,2.602218607931478,0.023995673791392287,0.03920381876406526,0.09906235766815952,1.7981478530524264,0.8166841033334001,0.36147230970333244,0.45881212922490566,1.0579139313098944,1.0006844448386418,0.7978437560931624,288.19771708673755
635,20635,35ace65,v2_solver_dt4ms,1,1,1,success,58,22.66054760347444,19.969498020603474,5.578130019974432,52,1,30.0,0.45,20.0,1.0,12,1,200,0.004,100,10.0,1.0,0,44,0,0.7586206896551724,0.3229692131091394,-0.3755919655626212,2.247192296577266,0.025441979673410168,0.032949562390530235,0.05278989381378492,1.2535700216373036,1.1917297254767463,0.38435934666828137,0.6391763239068224,0.9737630720565607,1.0007071161759946,0.9965624543566396,283.24088622968634
636,20636,35ace65,v2_solver_dt4ms,1,1,1,success,74,30.960977491026615,29.666706840918934,5.16845038446074,69,1,30.0,0.45,20.0,1.0,12,1,200,0.004,100,10.0,1.0,0,58,0,0.7837837837837838,0.3799644675321214,-0.6069798739757524,-1.684459154937327,0.02295386760358476,0.03704778418543274,0.09067304150987356,1.2550658539754527,1.3169775132107768,0.3897882506287668,0.6832360930650744,0.992289223234282,1.0045750956491732,1.206908804747762,291.77662142537037
637,20637,35ace65,v2_solver_dt4ms,1,1,1,success,57,9.467314418940788,17.771597690993513,16.126584952280677,43,1,30.0,0.45,20.0,1.0,12,1,200,0.004,100,10.0,1.0,0,46,0,0.8070175438596491,0.387345224427648,-0.2468267688368781,1.9040462092743562,0.02344427973374288,0.03217748794452399,0.10471192319414507,1.9924574948610503,0.6779594442717523,0.370915715831633,0.2443106413287617,1.0470870000136978,0.9739435353485221,1.181464534738026,280.90971102458167
638,20638,35ace65,v2_solver_dt4ms,1,1,1,success,45,30.378700511605626,24.030846891336036,3.225452238586603,41,1,30.0,0.45,20.0,1.0,12,1,200,0.004,100,10.0,1.0,0,41,0,0.9111111111111111,0.3179793494318675,-0.360300878272521,-1.3000414315333,0.02449703796466933,0.03544602738099412,0.05576667377631439,1.4834905346016378,0.7435407463657973,0.30232730457530893,0.18130975431298776,1.0654832093280107,1.1054931174309406,1.0244062520240773,282.0643204320433
639,20639,35ace65,v2_solver_dt4ms,1,1,1,success,58,13.094188884762119,15.513133537736994,0.9554133875070147,55,1,30.0,0.45,20.0,1.0,12,1,200,0.004,100,10.0,1.0,0,49,0,0.8448275862068966,0.3352800047019998,-0.46934432127966746,0.1912849246796644,0.024639216315149832,0.03115656625442271,0.05667750456734309,1.5073696628466362,0.6667195153050448,0.355455239469415,0.3948222361707169,1.002320582584944,1.0480169356305267,0.9832230387004428,286.49562243657
640,20640,35ace65,v2_solver_dt4ms,1,1,1,success,47,18.04779007712771,21.563587981915695,9.62635274293579,39,1,30.0,0.45,20.0,1.0,12,1,200,0.004,100,10.0,1.0,0,36,0,0.7659574468085106,0.3555765690742951,-0.21315640065194674,0.7912885697625542,0.026108550699954516,0.031227580953212705,0.06466296789680068,1.8345951913729093,1.1758064963393342,0.3649471707335918,0.38251268924622855,1.0116789776604498,0.9922601785868651,0.9943124733018156,281.45404665843785
641,20641,35ace65,v2_solver_dt4ms,1,1,1,success,70,44.035567937575195,30.357902816197335,48.89753876372109,52,1,30.0,0.45,20.0,1.0,12,1,200,0.004,100,10.0,1.0,0,59,0,0.8428571428571429,0.37959029975582337,-0.5890919416838436,2.1129851437023905,0.021572209381084742,0.03197276314108219,0.11113662785128581,1.6379485902088757,1.3469907738845646,0.3548088928988906,0.18032292155090895,1.0724481286194465,1.0003402859873756,1.0805925171537147,283.966225057348
642,20642,35ace65,v2_solver_dt4ms,1,1,1,success,60,30.003803686976593,36.65353956970854,11.270849131988978,49,1,30.0,0.45,20.0,1.0,12,1,200,0.004,100,10.0,1.0,0,51,0,0.85,0.37315370864154546,-0.27578430075657046,1.3250740491229838,0.025502333323866123,0.03808881448323906,0.09047914878296524,1.607855913724155,0.7421218889499898,0.3289878720226689,0.5683197619764945,1.0528359329731685,1.121548029249477,1.1045984927064159,269.87733327529907
643,20643,35ace65,v2_solver_dt4ms,1,1,1,success,54,4.694729800176599,15.057012494225193,18.97353555662657,43,1,30.0,0.45,20.0,1.0,12,1,200,0.004,100,10.0,1.0,0,37,0,0.6851851851851852,0.30681756673310906,-0.20549959826781117,-2.1032170363181812,0.022902139546808777,0.03626592608441208,0.1097042404745611,0.9795277152166452,0.7051363642907428,0.33191366830433117,0.31547522153712426,0.9977245826649112,1.0701178026785703,1.0516373213611527,280.1968046585579
644,20644,35ace65,v2_solver_dt4ms,1,1,1,success,72,11.159269397722591,19.083725305276108,19.194554569336326,59,1,30.0,0.45,20.0,1.0,12,1,200,0.004,100,10.0,1.0,0,61,0,0.8472222222222222,0.33602712992891715,-0.530975533465609,2.6974571605775157,0.021672743444945276,0.03923495780031173,0.1141842272378185,0.8587408608196498,1.0295542194121632,0.3238361246014197,0.6759937519199597,1.0546817954552707,1.0239999131105326,0.9660998929348541,289.13987355261304
645,20645,35ace65,v2_solver_dt4ms,1,1,1,success,59,5.926454830381797,11.708340708436886,6.132132735407867,48,1,30.0,0.45,20.0,1.0,12,1,200,0.004,100,10.0,1.0,0,49,0,0.8305084745762712,0.35049264148161596,-0.2367022810628312,-0.9156385343576039,0.023852681165551153,0.03988477535455556,0.03982812855093054,1.5849678428075618,0.6145159648025267,0.3640894592845763,0.6100474628317027,0.9854144814025736,1.0801765049664411,1.09935021698249,283.4580760516959
646,20646,35ace65,v2_solver_dt4ms,1,1,1,success,54,10.03057138261306,8.512927513969236,4.398730917440717,47,1,30.0,0.45,20.0,1.0,12,1,200,0.004,100,10.0,1.0,0,42,0,0.7777777777777778,0.3210721503164474,-0.3754865670788214,-2.515853378365966,0.020678552004124245,0.03628174197915467,0.11521989587804997,1.6978375833950645,1.2070366530461865,0.3390222866238191,0.3966190223812471,1.1026861144173852,1.0339514757250219,1.1393102454256607,283.4750301528655
647,20647,35ace65,v2_solver_dt4ms,1,1,1,success,85,17.20701213192383,18.432725190850388,5.71546342855748,50,1,30.0,0.45,20.0,1.0,12,1,200,0.004,100,10.0,1.0,0,75,0,0.8823529411764706,0.3251185560390259,-0.24830480261271426,0.486156798933413,0.027109394889061788,0.04022715846553353,0.055090238807835416,1.4244471356936472,1.3557785628846142,0.37644991334292904,0.5155189585612593,1.0440476103057663,1.0401905111986578,0.9754877157483917,278.0317296643793
648,20648,35ace65,v2_solver_dt4ms,0,1,0,timeout,200,45.85104517430151,102.31490458617584,62.86546562485086,50,1,30.0,0.45,20.0,1.0,12,1,200,0.004,100,10.0,1.0,0,180,0,0.9,0.3544977399095512,-0.2608533665304903,-1.757632059597539,0.026881375615350762,0.030861448065135494,0.11250224932918779,1.9887754407245555,0.9755302520913953,0.38205220365398407,0.6841218530061917,1.0136320081072823,1.0900320686932097,0.9086355618777595,57.16063350841341
649,20649,35ace65,v2_solver_dt4ms,1,1,1,success,51,6.624923784436541,14.02545218667392,15.489301410616633,44,1,30.0,0.45,20.0,1.0,12,1,200,0.004,100,10.0,1.0,0,37,0,0.7254901960784313,0.3005612934901769,-0.2172384005453155,0.6476372257095502,0.021472736310494837,0.03564990640232626,0.06226313457520718,1.6921706645855554,1.0185201643897888,0.35808892978590384,0.43988682849448374,0.967400258514706,1.0489323286962438,1.036405229500241,282.51242255139346
650,20650,35ace65,v2_solver_dt4ms,1,1,1,success,58,6.857823813111399,19.498543347772827,9.777234834038605,49,1,30.0,0.45,20.0,1.0,12,1,200,0.004,100,10.0,1.0,0,45,0,0.7758620689655172,0.34691841698042103,-0.5882516105349904,2.283387953220207,0.023001093715786437,0.03961696539981786,0.08200424069011344,1.291140456547282,0.9361680921087305,0.3703043818301261,0.21261920530254536,1.0325515635381075,1.072235199235344,1.0166705918358394,287.6848479976578
651,20651,35ace65,v2_solver_dt4ms,0,1,0,timeout,200,494.2449345462037,nan,nan,-1,0,30.0,0.45,20.0,1.0,12,1,200,0.004,100,10.0,1.0,0,191,0,0.955,0.37700009991725314,-0.2678458852592796,-2.805815476368083,0.02319154779268326,0.037404276797357756,0.03286960819018627,1.2017788815340182,0.7586368295728676,0.3019544459540068,0.48025029370555333,1.0406203485742005,0.9741696461611271,1.0485168869497543,-60.351948798182654
652,20652,35ace65,v2_solver_dt4ms,1,1,1,success,60,11.582225036829024,13.67547503629385,3.1027400442273603,55,1,30.0,0.45,20.0,1.0,12,1,200,0.004,100,10.0,1.0,0,40,0,0.6666666666666666,0.36260658962147546,-0.38303580104539986,-2.454506467573331,0.02468684171805315,0.03443483185693563,0.11682933258077642,1.1064340196592672,1.3244482236562285,0.31533864874628137,0.3053645173374485,1.0271729954851667,0.9589338879458472,0.9916994215259265,281.43787902005806
653,20653,35ace65,v2_solver_dt4ms,1,1,1,success,62,16.72356649784908,32.667429995973976,16.84068593550836,55,1,30.0,0.45,20.0,1.0,12,1,200,0.004,100,10.0,1.0,0,51,0,0.8225806451612904,0.33084314058903885,-0.5584081953853142,1.0592188172974568,0.025875497793461717,0.0312520466472369,0.0941845002273345,1.9236873819969664,0.8189020231498343,0.3322388627971889,0.5731184157597229,0.9994948104016391,1.0442910869107718,1.1181739520452878,286.16912445012474
654,20654,35ace65,v2_solver_dt4ms,1,1,1,success,64,10.37645338353384,11.44628096806846,0.6733949887210252,57,1,30.0,0.45,20.0,1.0,12,1,200,0.004,100,10.0,1.0,0,57,0,0.890625,0.31677124069018064,-0.7024159336566418,0.06457721717687459,0.022472888250497255,0.03423179910169,0.07198437772332153,0.8054851740235969,1.158190114351469,0.32478367001908753,0.5552268602169086,1.044742423834377,0.9547480456835309,1.1669283045124157,291.74059145057663
655,20655,35ace65,v2_solver_dt4ms,0,1,0,unsafe,63,369.4828219529645,nan,nan,-1,1,30.0,0.45,20.0,1.0,12,1,200,0.004,100,10.0,1.0,0,55,0,0.873015873015873,0.3063219598121175,-0.44421638150578396,-0.5336990094517073,0.02756584728220582,0.039647986093011144,0.10720400723958955,1.8129221090949061,1.177734644378576,0.3835990710220513,0.7124573764606633,1.11300033462887,1.1166481097438423,1.1545510041609168,-45.208268072068975
656,20656,35ace65,v2_solver_dt4ms,1,1,1,success,51,20.642457977469757,9.83123031103125,25.681773383523563,41,1,30.0,0.45,20.0,1.0,12,1,200,0.004,100,10.0,1.0,0,43,0,0.8431372549019608,0.35375152376717456,-0.29726327306671424,1.46160044949226,0.022801333772248654,0.03310578648589092,0.049454189781700506,1.991666844179398,0.920478886783206,0.322926376211661,0.25884837703278496,1.000986739392043,0.9733709639459637,0.9090558068999632,283.7047958158863
657,20657,35ace65,v2_solver_dt4ms,1,1,1,success,116,22.690938424015837,26.052308176906667,7.455060395430736,43,1,30.0,0.45,20.0,1.0,12,1,200,0.004,100,10.0,1.0,0,108,0,0.9310344827586207,0.36252157240371996,-0.22730463447609583,3.0395645027895064,0.026709456355980512,0.035150773745062876,0.0829809325592939,0.8805429734902872,0.7972390768550439,0.3080772731843937,0.5381223940499852,1.046058571375937,1.0436988609858253,0.930484857206757,277.10397563788786
658,20658,35ace65,v2_solver_dt4ms,0,1,1,timeout,200,12.82021616970813,28.706325574030593,8.735387803325523,60,0,30.0,0.45,20.0,1.0,12,1,200,0.004,100,10.0,1.0,0,188,0,0.94,0.35906641326615685,-0.6637651025133715,-1.1328644016053042,0.020567835230408806,0.03630683290715738,0.097763289596798,1.5956859208140526,1.0340951033729384,0.3065008628524318,0.6795331578573294,1.0502191581886862,1.0368946657230234,1.0232721234485296,84.9117485182317
659,20659,35ace65,v2_solver_dt4ms,1,1,1,success,69,5.328491452580757,23.713188549857218,6.117892668724692,64,1,30.0,0.45,20.0,1.0,12,1,200,0.004,100,10.0,1.0,0,53,0,0.7681159420289855,0.37856970345064833,-0.674334148938459,-0.366427240718993,0.025616531744681283,0.03201455127577361,0.09247259935955893,1.435650180616125,1.03439741364986,0.3423389635870851,0.6449062429821338,1.074675764567316,1.0255423769604635,1.1449376096257544,295.99586018156504
660,20660,35ace65,v2_solver_dt4ms,1,1,1,success,66,22.74904927699818,21.635383960659844,12.582969704088379,61,1,30.0,0.45,20.0,1.0,12,1,200,0.004,100,10.0,1.0,0,59,0,0.8939393939393939,0.3734583172769601,-0.3127102959486388,1.9414897981342962,0.020716001102958726,0.03555330877991891,0.05324685625966568,1.897074129355074,0.6235115445111293,0.3780480736912681,0.6966285576239027,1.1308484609471896,0.9733505200927135,1.1386503307815503,288.6054741677779
661,20661,35ace65,v2_solver_dt4ms,1,1,1,success,64,17.659617576354762,15.067845762792002,14.091244980279324,59,1,30.0,0.45,20.0,1.0,12,1,200,0.004,100,10.0,1.0,0,51,0,0.796875,0.32044850170561145,-0.6175060137920323,-1.334789849956529,0.022356777992797342,0.03027161210761281,0.09170372304083427,1.4314371248110231,0.6300585115174557,0.3720719926670134,0.6777608674227814,1.1135396586796755,1.0171614534138949,1.2518102565315088,291.64788982696103
662,20662,35ace65,v2_solver_dt4ms,1,1,1,success,70,18.834689488109053,24.690261261854957,0.2126049206841292,65,1,30.0,0.45,20.0,1.0,12,1,200,0.004,100,10.0,1.0,0,54,0,0.7714285714285715,0.32453821238094444,-0.7194382045878722,-1.8686833007572117,0.02619040864154875,0.03078854352494752,0.057734432172573104,1.0193982314102532,1.0603972109559638,0.317517385458826,0.7234483869327156,0.9911353619225977,1.0121531305115101,1.2291048403654616,293.5742185856069
663,20663,35ace65,v2_solver_dt4ms,1,1,1,success,46,9.895107546978437,11.859368357591839,8.8526355209093,39,1,30.0,0.45,20.0,1.0,12,1,200,0.004,100,10.0,1.0,0,36,0,0.782608695652174,0.38238768139069684,-0.2248453238371696,-1.2049479275116854,0.025039901085898368,0.03203375084983742,0.11905037785139981,1.0225021356944062,1.3996576510906853,0.30839051428450015,0.24952223310754446,1.0624877997700077,0.9904511413198368,0.7290370515182385,278.25990677677254
664,20664,35ace65,v2_solver_dt4ms,1,1,1,success,61,24.090326438577087,18.84784929964762,3.284100459040451,57,1,30.0,0.45,20.0,1.0,12,1,200,0.004,100,10.0,1.0,0,45,0,0.7377049180327869,0.3129839658776192,-0.49448372454485084,-0.22845053497714085,0.025661459041278124,0.03181298768374998,0.0575345962626921,1.556363991418947,1.3736795878382753,0.389896326764779,0.4681071756248907,0.9948296058657373,1.0907104803128664,0.9536881529156961,285.8955115222211
665,20665,35ace65,v2_solver_dt4ms,0,1,1,timeout,200,24.837685448629866,20.381102370993936,4.330712395553724,53,0,30.0,0.45,20.0,1.0,12,1,200,0.004,100,10.0,1.0,0,186,0,0.93,0.3137810044316127,-0.5948876908153149,-0.5151807276678158,0.022108355409400097,0.039355529319222635,0.06717600199149643,1.6612262742428618,0.8167128527849155,0.3363047169844435,0.48907024300389534,1.0077444206013373,0.9455608439656269,1.2024684204803373,68.62523207057696
666,20666,35ace65,v2_solver_dt4ms,1,1,1,success,94,26.5943492516482,12.61191440993028,15.787278180731892,64,1,30.0,0.45,20.0,1.0,12,1,200,0.004,100,10.0,1.0,0,70,0,0.7446808510638298,0.30425434554163927,-0.4807687598298539,-0.21307689214164593,0.022849571581081814,0.039342597903798064,0.07332373606726302,1.4185882172266637,0.7992635717293443,0.36741563805488847,0.6493420530302617,1.0504500030381692,1.0755351926175967,0.9928219532709412,285.96199976767997
667,20667,35ace65,v2_solver_dt4ms,1,1,1,success,67,18.740357186461974,20.90428762353139,8.310752050340888,52,1,30.0,0.45,20.0,1.0,12,1,200,0.004,100,10.0,1.0,4,53,0,0.7910447761194029,0.35995163275970865,-0.7092599522774619,-2.6522598693802726,0.024706661804910608,0.039070187081803404,0.08626393307939087,1.0564353443980332,0.9651417058405081,0.31207350179431026,0.3819642871250384,1.0684960986598158,1.0194764271285053,1.1373250543248874,284.6715133809265
668,20668,35ace65,v2_solver_dt4ms,1,1,1,success,67,30.495817651685098,19.90080482273273,12.99387154756412,56,1,30.0,0.45,20.0,1.0,12,1,200,0.004,100,10.0,1.0,0,50,0,0.746268656716418,0.32486307251458424,-0.45937953746122256,-2.42856953629108,0.02278225000791482,0.039381440072548374,0.043994191466221896,1.880111084412745,1.035907273120879,0.38741447738875623,0.7050379763526202,0.9925610506061852,1.0584253382954738,0.9270414034142364,284.64749695481015
669,20669,35ace65,v2_solver_dt4ms,1,1,1,success,46,11.521861206414057,8.360369354386668,7.735509875442081,39,1,30.0,0.45,20.0,1.0,12,1,200,0.004,100,10.0,1.0,0,39,0,0.8478260869565217,0.3084530674603692,-0.20520556379187416,1.1510667946895463,0.02324860941174048,0.03976869667809041,0.03509246455091515,1.9461479344624997,1.3271979641876144,0.31730054189709245,0.4619897889235287,1.0581012352641357,0.9981271629425862,0.9848162465008938,279.94744937764693
670,20670,35ace65,v2_solver_dt4ms,1,1,1,success,74,11.146089683159477,29.924629083875292,18.299166972426136,63,1,30.0,0.45,20.0,1.0,12,1,200,0.004,100,10.0,1.0,0,55,0,0.7432432432432432,0.3797309701087001,-0.533392889704504,0.5696054801941672,0.024230975723818646,0.03360711977409305,0.053089249856596604,0.8128049269917839,1.2204442169433096,0.34444465035981736,0.628988500117128,1.0783413008392329,0.9568068274426276,1.1620069688822117,291.6461963786453
671,20671,35ace65,v2_solver_dt4ms,1,1,1,success,66,19.90305428755771,22.47693266789897,0.3982016283784605,62,1,30.0,0.45,20.0,1.0,12,1,200,0.004,100,10.0,1.0,0,50,0,0.7575757575757576,0.34639299069613727,-0.5868802252637935,-0.31659123192128646,0.025193826489077635,0.035996755447243976,0.05917103247683522,1.723926433932927,0.8523678298887497,0.3436353861972454,0.6477540664058601,1.0033842126936159,1.0421949081288833,0.9006288254882951,291.9654511081053
672,20672,35ace65,v2_solver_dt4ms,1,1,1,success,69,4.7501851235525585,10.515821629056195,4.7056967132124665,60,1,30.0,0.45,20.0,1.0,12,1,200,0.004,100,10.0,1.0,0,51,0,0.7391304347826086,0.3382951750200876,-0.5043679797035205,-0.9723409521607906,0.0230591269514777,0.03255000749212331,0.0942662912343737,1.1931475409304886,0.7872299826686534,0.3459170480724926,0.7206733357165865,0.9413600386427833,0.976150321898308,0.9298515025377303,290.6057667923569
673,20673,35ace65,v2_solver_dt4ms,1,1,1,success,44,10.28577356103728,12.522664229271733,9.121923411427716,38,1,30.0,0.45,20.0,1.0,12,1,200,0.004,100,10.0,1.0,0,35,0,0.7954545454545454,0.38444493634398136,-0.23505951276040976,-2.5026284000576107,0.02609568111446659,0.03480511666790929,0.08165175403224671,1.35774007935458,1.2046058770264323,0.3580268010553121,0.1815393832668398,1.019774739299756,0.9936028668617606,0.9332455559525512,277.4455273527278
674,20674,35ace65,v2_solver_dt4ms,1,1,1,success,52,14.39328866217846,13.862027702394283,0.04280512966336812,47,1,30.0,0.45,20.0,1.0,12,1,200,0.004,100,10.0,1.0,0,39,0,0.75,0.3406422102453778,-0.2506948518685058,1.5677692269853303,0.027407538681444375,0.03468637593374335,0.08787439687564884,1.8597226552895036,1.2827028456257177,0.312690373261249,0.21414759554494373,0.973359399174889,1.0675268870753407,1.1362221714684357,280.4793216431699
675,20675,35ace65,v2_solver_dt4ms,1,1,1,success,48,12.645054690750484,7.284702605993866,6.020160824397081,42,1,30.0,0.45,20.0,1.0,12,1,200,0.004,100,10.0,1.0,0,43,0,0.8958333333333334,0.3053146445251112,-0.2808382873601586,2.9545632325449036,0.025075014608169813,0.03396417513691474,0.05195345739890888,1.5052631486330619,1.2877460665920029,0.32329113534341075,0.38096583315659527,1.0203964596071242,1.1131446330433283,0.9498427080230178,280.8180937398788
676,20676,35ace65,v2_solver_dt4ms,1,1,1,success,58,17.153075186397054,4.77584403697953,9.84310271556067,43,1,30.0,0.45,20.0,1.0,12,1,200,0.004,100,10.0,1.0,0,54,0,0.9310344827586207,0.31918943248128373,-0.29317666631174577,-1.0041530214712644,0.02755716148210745,0.03886810418579639,0.0995761086887351,1.3839080367554204,0.6581891885712854,0.3130469241119526,0.3004212625038697,1.0760925388240914,0.9967668060337868,1.027963199407321,278.64768754645286
677,20677,35ace65,v2_solver_dt4ms,1,1,1,success,57,16.173013777184543,19.59419893308825,7.076171598249451,49,1,30.0,0.45,20.0,1.0,12,1,200,0.004,100,10.0,1.0,0,49,0,0.8596491228070176,0.36284817585714135,-0.41937721200638217,1.2260079708097438,0.022454220698852636,0.03300079169067915,0.10275934135683322,1.1932290640678134,1.2140224790715806,0.3474580658640756,0.3062991588268688,1.1219628289907937,1.0566439217970978,0.9848558810098976,284.66369876685974
678,20678,35ace65,v2_solver_dt4ms,1,1,1,success,71,24.943186178205945,19.704755021395158,28.334860425087673,57,1,30.0,0.45,20.0,1.0,12,1,200,0.004,100,10.0,1.0,6,59,0,0.8309859154929577,0.388274434155122,-0.7259882516842536,1.038697413358035,0.024476996481598668,0.03903093917361384,0.10433095977317416,1.7967274599253726,0.8850584893518539,0.34842416166327317,0.18944281280113404,1.0882013012469642,1.0153084570533335,0.8770774546249314,288.16828006407513
679,20679,35ace65,v2_solver_dt4ms,1,1,1,success,53,6.283933068852257,3.516182592501462,7.697276735597422,43,1,30.0,0.45,20.0,1.0,12,1,200,0.004,100,10.0,1.0,0,37,0,0.6981132075471698,0.3324932636451726,-0.21095896346529608,-0.3971151081743889,0.02660045961131025,0.033557845692946876,0.11909285855181409,1.3847498244033138,1.377948723064147,0.34495271210581185,0.35151477838227546,0.9999032896775271,1.030883990134366,1.0926639746084987,282.3321738476071
680,20680,35ace65,v2_solver_dt4ms,1,1,1,success,65,25.215591385983995,10.717331354039999,11.843187756857048,59,1,30.0,0.45,20.0,1.0,12,1,200,0.004,100,10.0,1.0,0,54,0,0.8307692307692308,0.3082334739029834,-0.6054041909137906,2.5159438777160847,0.022151674892814985,0.034257616107168334,0.07924235111049543,1.4995991626118363,1.3891620036769181,0.3120780341037252,0.6846824825980753,1.0782279977635472,1.0857828106265037,0.9890787759448323,288.33397878099663
681,20681,35ace65,v2_solver_dt4ms,1,1,1,success,64,27.034641239850504,29.167339618421142,2.1558541922090266,55,1,30.0,0.45,20.0,1.0,12,1,200,0.004,100,10.0,1.0,0,51,0,0.796875,0.33684417435524056,-0.6741895049908045,0.3990476564261143,0.02109355924324702,0.035248041179596984,0.07999821447185437,1.1935776204421313,0.8739802601468682,0.32685084471745446,0.5148560832304021,1.096264141406422,0.9710614228604707,1.148473628822042,289.823095383216
682,20682,35ace65,v2_solver_dt4ms,1,1,1,success,67,24.21477742175488,19.42527505757309,4.174388415091401,45,1,30.0,0.45,20.0,1.0,12,1,200,0.004,100,10.0,1.0,0,57,0,0.8507462686567164,0.320335398258516,-0.2605473060612301,1.2158606720065253,0.020773742032133478,0.0392343352897944,0.11509358530073223,1.5339195531838161,0.8875422371472794,0.3432904083661693,0.6501884153280018,1.0325936893194654,1.0223708071663895,0.8672410932522809,279.31100979803796
683,20683,35ace65,v2_solver_dt4ms,1,1,1,success,79,27.242278052913278,28.10572491763665,1.4191263079630785,71,1,30.0,0.45,20.0,1.0,12,1,200,0.004,100,10.0,1.0,0,64,0,0.810126582278481,0.34705525407250504,-0.25643027668747265,-0.8139185926402153,0.02611354420853133,0.040105089646118,0.11645418918576557,1.06600445786209,1.2659434813195483,0.3155233635187266,0.5814801391192883,1.0593105005887653,1.0854284373411414,0.8569065995101183,282.64487459499844
684,20684,35ace65,v2_solver_dt4ms,1,1,1,success,72,17.568201990956297,19.646376201436276,5.508643006105136,60,1,30.0,0.45,20.0,1.0,12,1,200,0.004,100,10.0,1.0,0,48,0,0.6666666666666666,0.34441414007857346,-0.6536658032637694,1.2860392726837082,0.026864929732075396,0.04020634504609409,0.0890490872444434,1.928762419698524,0.8236325235189288,0.3404781868695196,0.6228540457632702,1.0245649557616943,1.1267877297135398,0.918370781540286,291.13935679033966
685,20685,35ace65,v2_solver_dt4ms,1,1,1,success,67,5.611173921582142,12.132710453573521,3.7205368509847636,60,1,30.0,0.45,20.0,1.0,12,1,200,0.004,100,10.0,1.0,0,58,0,0.8656716417910447,0.3704565456336719,-0.382187575769239,1.1736520916518076,0.025139938300927676,0.03839148328252229,0.051512310105340464,1.970079588815649,0.9946144545943203,0.3754440598501146,0.34047349527789106,1.0099431668890217,1.041618722480574,0.8718933526560033,280.4086281907187
686,20686,35ace65,v2_solver_dt4ms,1,1,1,success,60,3.2786021130392276,10.124080492420523,3.2321406565948965,53,1,30.0,0.45,20.0,1.0,12,1,200,0.004,100,10.0,1.0,0,44,0,0.7333333333333333,0.3490249260458989,-0.5585461650537749,1.2787907653333743,0.023629431730087302,0.03731742167242912,0.06991845083957277,1.0671155771163452,1.370242075429736,0.3343258770998318,0.35405979537363574,1.090770474726769,1.016370723977579,1.062764332554394,283.69343942408636
687,20687,35ace65,v2_solver_dt4ms,1,1,1,success,66,9.822253584227166,23.985883525210703,23.633104377675167,57,1,30.0,0.45,20.0,1.0,12,1,200,0.004,100,10.0,1.0,0,55,0,0.8333333333333334,0.3734303917289657,-0.39049457363496665,-1.579533688431455,0.02625877020688435,0.03960043088309612,0.10715252735995512,1.2714734129042935,1.097386368912182,0.3643498311054661,0.4458297117158427,1.0135856457173948,0.9953295659695041,1.1934273210663098,286.2265638783332
688,20688,35ace65,v2_solver_dt4ms,1,1,1,success,47,15.159505388414205,11.701798298511008,26.69632235869193,40,1,30.0,0.45,20.0,1.0,12,1,200,0.004,100,10.0,1.0,3,38,0,0.8085106382978723,0.37778145055637263,-0.3755801207273279,-0.3499225503955876,0.02442006127459225,0.03805103398798955,0.05907199859208924,0.9494350825430178,1.31148581909341,0.3369159607062968,0.20110350327403914,1.0095620067435782,0.9365037819882741,1.0288205635501608,280.35879045392824
689,20689,35ace65,v2_solver_dt4ms,1,1,1,success,61,4.582740961634288,21.961829066104727,16.149133384492426,52,1,30.0,0.45,20.0,1.0,12,1,200,0.004,100,10.0,1.0,0,48,0,0.7868852459016393,0.3478933773721231,-0.5099012795435728,-0.5525691915330664,0.02109612608410177,0.032390333331906024,0.05425348143766241,1.1065616015723858,1.1808175535145686,0.31631801064308207,0.5265643160032965,0.9982931708571486,0.9669754049091012,1.1305877620559697,287.25681987495875
690,20690,35ace65,v2_solver_dt4ms,1,1,1,success,60,2.879872984928327,28.285784937214856,13.68941208729086,50,1,30.0,0.45,20.0,1.0,12,1,200,0.004,100,10.0,1.0,0,48,0,0.8,0.38266663102290255,-0.5274547521139019,-3.0457345184311095,0.021103405946634946,0.03137288718393656,0.09951572296062249,0.8631940584732812,0.9903267301379688,0.33156375675102456,0.3514512872104413,1.0641150532742085,1.1071386611317708,0.9939705912392429,289.6638991119939
691,20691,35ace65,v2_solver_dt4ms,1,1,1,success,56,13.768902746132794,18.715192714281464,6.330351510177506,51,1,30.0,0.45,20.0,1.0,12,1,200,0.004,100,10.0,1.0,0,48,0,0.8571428571428571,0.35304010525354557,-0.42563580153941627,0.8708238661133745,0.02586163258736934,0.036452231664988885,0.07828423115905725,1.8350747629141446,0.8613992755132448,0.34246268495570986,0.39637546685349323,1.07626633362719,1.0509599402655618,0.9966741527810986,288.36769551024304
692,20692,35ace65,v2_solver_dt4ms,1,1,1,success,77,22.16410913449063,23.5099295674996,5.68119136264133,53,1,30.0,0.45,20.0,1.0,12,1,200,0.004,100,10.0,1.0,0,72,0,0.935064935064935,0.3264085911110199,-0.3445565142861617,0.6898417220192452,0.026152160620380577,0.03957836316356513,0.08572107470626036,1.3429937677089065,1.0648417258383849,0.3483623116396205,0.6440589710589135,1.076439407207206,1.1096163761517797,1.217994831624607,282.0705403935067
693,20693,35ace65,v2_solver_dt4ms,0,1,0,timeout,200,182.64190346918738,nan,nan,-1,1,30.0,0.45,20.0,1.0,12,1,200,0.004,100,10.0,1.0,0,185,0,0.925,0.3114211442991068,-0.5285735250383594,0.18538064437402468,0.022170358509601605,0.03005522011221124,0.04391679843104365,1.4443646306274829,0.7937536726227172,0.3314449866342161,0.26642911678588366,0.9606465111258865,0.9882788755398747,0.9340142978549996,9.395461455027903
694,20694,35ace65,v2_solver_dt4ms,1,1,1,success,69,23.678249059601526,11.279996764627507,12.29866331245145,61,1,30.0,0.45,20.0,1.0,12,1,200,0.004,100,10.0,1.0,0,53,0,0.7681159420289855,0.350509801953871,-0.5996202503183344,-1.2061148394654335,0.026287544100301243,0.03958783626083611,0.08856626649705435,1.2780005863544934,1.379407442024554,0.341412441393493,0.46497797464860247,1.0487354952956156,0.9729206076091146,0.8849431521260287,287.30731649569725
695,20695,35ace65,v2_solver_dt4ms,1,1,1,success,98,17.38640478626769,14.041940571417596,6.853176917149947,62,1,30.0,0.45,20.0,1.0,12,1,200,0.004,100,10.0,1.0,0,89,0,0.9081632653061225,0.3527587787350236,-0.34169829302954796,1.8645145788012023,0.023614127461193634,0.03861856006505492,0.05025030310181354,0.8376184195896035,0.7663765238661763,0.30256468585262264,0.5515525105596555,0.996416842620566,1.0544496645221109,0.894031029095401,279.17053779023274
696,20696,35ace65,v2_solver_dt4ms,1,1,1,success,159,11.241981516467627,43.49254963194795,19.121344064067525,65,1,30.0,0.45,20.0,1.0,12,1,200,0.004,100,10.0,1.0,0,138,0,0.8679245283018868,0.38787847345906556,-0.5854848241916228,1.5086424188244063,0.02171631397544178,0.033170327506668484,0.06536882788462624,1.98082223552609,0.7680252792087654,0.3614446127374332,0.6706535376983432,0.9869972789551261,1.1381772925759523,1.0553217248913815,285.5606842158295
697,20697,35ace65,v2_solver_dt4ms,1,1,1,success,64,24.380589492036655,21.477164741417166,7.620649740645936,57,1,30.0,0.45,20.0,1.0,12,1,200,0.004,100,10.0,1.0,0,50,0,0.78125,0.3726566363031433,-0.4028838580368363,0.5078444929954014,0.02274727205310309,0.03506826840640747,0.04549474594878623,1.0180393558623733,0.9675528795116812,0.3297783145070758,0.6189772685787035,0.9698635437650912,1.0794600954017946,1.0036720354117883,289.51309507114405
698,20698,35ace65,v2_solver_dt4ms,1,1,1,success,102,9.699421965403605,8.63853552788776,10.834551616579262,46,1,30.0,0.45,20.0,1.0,12,1,200,0.004,100,10.0,1.0,0,87,0,0.8529411764705882,0.3567929171038939,-0.4133917376801672,2.328711467780617,0.02245214223004188,0.0335847735887263,0.0996296001478836,1.1334065412110514,1.2306431823495423,0.31320357948976174,0.20514252291630994,1.0598648966672553,0.9957028253603294,1.1360139757917183,280.094211145924
699,20699,35ace65,v2_solver_dt4ms,1,1,1,success,58,5.404758140330187,4.632527257692929,4.796245877115941,53,1,30.0,0.45,20.0,1.0,12,1,200,0.004,100,10.0,1.0,0,34,0,0.5862068965517241,0.32420835895728123,-0.6160470420311448,-1.4158809196156434,0.021069197095321138,0.03317817028573644,0.0873093532694224,1.4137032657353847,1.178096575309303,0.3713128811901436,0.395549383780446,1.083546327431575,1.0262143049386396,0.9390511247754743,286.69163659861056
700,20700,35ace65,v2_solver_dt4ms,1,1,1,success,62,7.511258889101452,25.12488769025781,21.272225122730806,52,1,30.0,0.45,20.0,1.0,12,1,200,0.004,100,10.0,1.0,0,52,0,0.8387096774193549,0.3446486843569116,-0.5332321748347314,2.599724949321942,0.02351138397172478,0.0332041001435708,0.09732380010133558,1.7379099067833255,0.8328873166808061,0.30016466846611384,0.47340013386878765,0.9882478735082921,1.1201903035861622,0.9856761734486474,288.03741831393273
701,20701,35ace65,v2_solver_dt4ms,0,1,0,timeout,200,384.8737873097483,nan,nan,-1,1,30.0,0.45,20.0,1.0,12,1,200,0.004,100,10.0,1.0,0,195,0,0.975,0.307904890966111,-0.7047738713368363,0.9590563775181584,0.027236217634847185,0.03989345728603391,0.07448243607082579,1.5874253163287149,0.9163222486177269,0.3821735629208244,0.45897742002928776,1.0604032966126964,0.9558169308238808,1.0092703648638746,-6.222631801910415
702,20702,35ace65,v2_solver_dt4ms,1,1,1,success,68,15.491513472697786,12.589407990052058,18.837312046017693,53,1,30.0,0.45,20.0,1.0,12,1,200,0.004,100,10.0,1.0,0,57,0,0.8382352941176471,0.3766677128497521,-0.23908263952529257,2.1026706751054807,0.025005061715036875,0.039420630579991504,0.06291870056662653,1.9461209868896303,0.8692715878827585,0.3767478380487718,0.4237867157986328,0.9606984810048519,1.0535792329775697,1.0168707053112316,280.90270741631565
703,20703,35ace65,v2_solver_dt4ms,1,1,1,success,61,14.225867555599718,10.633043544889032,3.5228299280267663,56,1,30.0,0.45,20.0,1.0,12,1,200,0.004,100,10.0,1.0,0,42,0,0.6885245901639344,0.31639560488211743,-0.6587794485008334,-1.6012744627115498,0.026128146601968626,0.033971320398168144,0.07497919140263759,1.9857559253966697,0.6839921552726462,0.33389932314659015,0.5558450215295704,1.0675213259304566,1.056530310908195,1.0328748754018924,288.92442424089506
704,20704,35ace65,v2_solver_dt4ms,1,1,1,success,66,25.78270632766366,28.072169724773623,19.933922053290267,57,1,30.0,0.45,20.0,1.0,12,1,200,0.004,100,10.0,1.0,0,39,0,0.5909090909090909,0.3750028343943344,-0.6908938094454401,2.2490902173416405,0.025443476968429243,0.03825863613252095,0.10306768776518305,1.0779210525321352,0.6574000799308674,0.37082142086437286,0.2366018425116456,1.0648392769489867,1.005752214086334,1.200501068479571,293.2380988503651
705,20705,35ace65,v2_solver_dt4ms,1,1,1,success,68,10.39363379144172,20.731824414911603,0.848210388920359,61,1,30.0,0.45,20.0,1.0,12,1,200,0.004,100,10.0,1.0,0,51,0,0.75,0.3823825954749656,-0.4876096169816393,2.612638665213937,0.02287595113273758,0.03670361451255944,0.11197861272308174,1.8075824928252187,0.9116403295779325,0.3818193221470364,0.615036670348996,1.0698421348470744,1.1097286941782267,0.9716720391632047,293.75194409969976
706,20706,35ace65,v2_solver_dt4ms,1,1,1,success,62,19.20162533927631,17.31234011848221,11.79439661483357,52,1,30.0,0.45,20.0,1.0,12,1,200,0.004,100,10.0,1.0,0,48,0,0.7741935483870968,0.38422101105175255,-0.20903121555765447,1.747768004598206,0.02619474997996514,0.02978511247354043,0.09721424812896307,1.6428663938937815,0.7115121661499888,0.3812572687943067,0.5921174726217017,0.976831481925874,1.0366783087367168,1.009058093751401,287.55503291084847
707,20707,35ace65,v2_solver_dt4ms,1,1,1,success,70,17.755070497747152,27.22208570648028,15.705091079152748,59,1,30.0,0.45,20.0,1.0,12,1,200,0.004,100,10.0,1.0,0,59,0,0.8428571428571429,0.3746029511855161,-0.49857281014960253,-2.8398380152245704,0.02261847084597572,0.03905063049125589,0.05626207655161779,1.0057443710840586,0.6079658423006189,0.3062994101326878,0.6948053221593083,0.9312868724535578,1.0142458297362305,1.1494667978454047,288.96337429783375
708,20708,35ace65,v2_solver_dt4ms,1,1,1,success,61,12.9215851859258,7.168921264869948,9.106476254831488,56,1,30.0,0.45,20.0,1.0,12,1,200,0.004,100,10.0,1.0,0,52,0,0.8524590163934426,0.31587136912124625,-0.6776438760446922,-1.275368443328246,0.022945569488436204,0.029975948746258006,0.05329992577504804,1.5825968593578388,1.3742773360778457,0.3540192619881549,0.4920432859711811,1.0945420843540412,1.0858014459535688,0.8566683740132006,289.20556713821344
709,20709,35ace65,v2_solver_dt4ms,0,0,0,object_lost,116,634.2201389263523,nan,nan,-1,0,30.0,0.45,20.0,1.0,12,1,200,0.004,100,10.0,1.0,0,100,0,0.8620689655172413,0.3293734382931003,-0.21413578547420475,0.3937675520035895,0.02126223013396549,0.03661175067809764,0.08657706817916083,1.223263246311383,0.9656193619543751,0.3252618614046409,0.6988205528368885,1.0108736233092688,1.0521002782204318,1.06201711610431,-221.62794097501126
710,20710,35ace65,v2_solver_dt4ms,1,1,1,success,56,6.401603695081959,9.03800899176744,4.532211900647525,51,1,30.0,0.45,20.0,1.0,12,1,200,0.004,100,10.0,1.0,0,45,0,0.8035714285714286,0.3131164311243068,-0.5997689413297825,1.7520446390555886,0.0224085746355733,0.029839233208927018,0.04289744967930407,1.4438480590946292,1.1889501222643388,0.3014303499939356,0.3455573184557715,1.01677005948052,0.8903284920602198,1.1898694270943282,271.21427349110934
711,20711,35ace65,v2_solver_dt4ms,1,1,1,success,49,30.98503546871525,27.679241383782237,9.47437362952772,42,1,30.0,0.45,20.0,1.0,12,1,200,0.004,100,10.0,1.0,0,44,0,0.8979591836734694,0.31593211546592936,-0.25964135406831124,0.4900307367996648,0.023837223365329976,0.03563352946617645,0.0958744714752423,1.6895592080402113,0.8541297622799189,0.3686247417477223,0.3511275068308223,1.0221851086488223,1.149126659556431,1.2211406944239136,280.12247601625995
712,20712,35ace65,v2_solver_dt4ms,1,1,1,success,60,10.5234892327239,5.739504987497663,2.202823723990156,55,1,30.0,0.45,20.0,1.0,12,1,200,0.004,100,10.0,1.0,0,39,0,0.65,0.33431369492336105,-0.6189373286346356,-0.7577085451875534,0.02389132195370889,0.037326789836929476,0.09317424046649128,1.475489816785207,1.0189965590340289,0.3555364897263213,0.3292753788500234,1.0038329594354434,1.0705539042431735,0.896737840021336,287.1623050393149
713,20713,35ace65,v2_solver_dt4ms,1,1,1,success,53,15.865545323073476,11.346136442209335,5.799697929624648,45,1,30.0,0.45,20.0,1.0,12,1,200,0.004,100,10.0,1.0,0,44,0,0.8301886792452831,0.335450684010408,-0.4917355936707263,-2.9376063724523664,0.027487712944707577,0.03431259913905639,0.03518049969709207,1.965045000567514,1.1338868928119057,0.3250780434970637,0.2969391839040864,0.9352905266175507,0.9904291670443036,0.9708441545249566,282.7852126941134
714,20714,35ace65,v2_solver_dt4ms,1,1,1,success,63,20.77304381415476,18.28666293893956,4.731285007548254,50,1,30.0,0.45,20.0,1.0,12,1,200,0.004,100,10.0,1.0,0,49,0,0.7777777777777778,0.3613438751784183,-0.5177231996719918,2.447359332374046,0.020489349600788704,0.03565651550706503,0.10728908357102672,1.5836086048244233,1.0350955837672835,0.381614182537112,0.2508437659339233,1.0194044596063896,0.9586258929103876,1.046727284038182,280.9349431089584
715,20715,35ace65,v2_solver_dt4ms,1,1,1,success,56,23.883724838626456,8.637812225422685,3.8778714698195644,51,1,30.0,0.45,20.0,1.0,12,1,200,0.004,100,10.0,1.0,0,42,0,0.75,0.3032213532415129,-0.6440819486740136,-0.6769005001882356,0.023521986122882668,0.0310391048719978,0.0691805849703939,1.2077457131991578,1.1258934574664967,0.34434370465530556,0.3685191601637836,1.0307823207468385,1.0021115010424548,0.9668403664101735,284.7320484123219
716,20716,35ace65,v2_solver_dt4ms,1,1,1,success,55,4.507655610178077,6.2983317681749345,0.519175382780468,50,1,30.0,0.45,20.0,1.0,12,1,200,0.004,100,10.0,1.0,0,48,0,0.8727272727272727,0.323276781365399,-0.5498610132611642,-2.379665697139149,0.023815175290714172,0.03178455229198382,0.06188026094268051,1.0759624902559843,0.9622379533039227,0.3534836147687988,0.23165207350777917,1.0111481736966748,1.0428440443894722,0.9832876058406909,284.30009616410496
717,20717,35ace65,v2_solver_dt4ms,1,1,1,success,59,17.05206034241849,12.2866549828304,6.997595786445689,52,1,30.0,0.45,20.0,1.0,12,1,200,0.004,100,10.0,1.0,0,38,0,0.6440677966101694,0.3084810888124238,-0.419073494906006,2.4114680747817623,0.024830813188321723,0.03264359226328849,0.039850473226564785,1.4294223476760424,0.9991556349615867,0.3577115131251119,0.3535751414489552,1.0589922622161256,0.9680516678003267,1.0523918016190676,285.73803274598987
718,20718,35ace65,v2_solver_dt4ms,1,1,1,success,67,20.104951170970715,9.997767749987819,25.999240208231573,55,1,30.0,0.45,20.0,1.0,12,1,200,0.004,100,10.0,1.0,0,51,0,0.7611940298507462,0.3485518550430967,-0.6893809088424565,-2.4063443965398257,0.024098155450947983,0.03736975952796408,0.030241077070498373,1.0006166065112905,1.0712950273759902,0.31005067349949095,0.26501375773254043,1.004407529795666,0.9713632424041473,0.9921672286779084,287.78874987369363
719,20719,35ace65,v2_solver_dt4ms,1,1,1,success,61,19.689140316792727,12.180964964654715,0.1616485290283786,58,1,30.0,0.45,20.0,1.0,12,1,200,0.004,100,10.0,1.0,0,44,0,0.7213114754098361,0.32039541770088464,-0.4837586921649768,1.2721326377632423,0.026732158923106757,0.03281947586659673,0.11120666928723254,1.0343352325263637,0.6907573300686676,0.3300583549271684,0.422272551311138,1.0429533722742699,0.9852041076898328,1.1625000555594238,283.45962470141285
720,20720,35ace65,v2_solver_dt4ms,1,1,1,success,57,16.597567961138907,18.058936292243402,0.18109055963078333,52,1,30.0,0.45,20.0,1.0,12,1,200,0.004,100,10.0,1.0,0,39,0,0.6842105263157895,0.32778061926049534,-0.21131279304513972,-1.2907961195208744,0.023911740016334847,0.03618215024617835,0.08903823613875245,1.0976585684639084,1.32777365983007,0.3223543755023431,0.6715716857570214,1.0333290202945296,1.0763243466993366,1.012817447087845,283.67620069202417
721,20721,35ace65,v2_solver_dt4ms,1,1,1,success,79,4.456033201366157,5.3098616590382495,2.560631514728324,66,1,30.0,0.45,20.0,1.0,12,1,200,0.004,100,10.0,1.0,0,68,0,0.8607594936708861,0.31631177522609893,-0.6679243484089985,-2.806243622870011,0.02557159652397932,0.03637405126746918,0.083410512783653,0.8193527458117171,0.9169289742727819,0.33247327189871445,0.5384569330625247,1.0083375623578346,0.9974979416469304,1.1539827019070636,285.5585016159355
722,20722,35ace65,v2_solver_dt4ms,1,1,1,success,59,21.2557706657652,6.730109598733679,15.092509598574884,48,1,30.0,0.45,20.0,1.0,12,1,200,0.004,100,10.0,1.0,0,52,0,0.8813559322033898,0.3092542757967702,-0.27658669004737857,-0.8488442309347137,0.022721254151940384,0.03827957444341246,0.03173828956514891,0.9203886035378452,1.2225043131378448,0.3441020272705768,0.6447801066510546,1.0578943883885947,1.0314732237842597,1.0317521515599173,282.251673903329
723,20723,35ace65,v2_solver_dt4ms,1,1,1,success,70,12.32794189443456,12.50401802805465,0.5069994499930317,67,1,30.0,0.45,20.0,1.0,12,1,200,0.004,100,10.0,1.0,0,51,0,0.7285714285714285,0.3422338454852426,-0.6674959642681884,0.884541231441843,0.023710987341326976,0.03887061088614825,0.07371491272799578,1.1199473000578044,0.840888510002991,0.32636797277726526,0.6080488229109103,0.9879890875594061,1.1144136544555427,1.1761707112972115,291.6356937030454
724,20724,35ace65,v2_solver_dt4ms,0,1,1,timeout,200,30.80109858592428,13.245971939763159,20.381744647093072,48,0,30.0,0.45,20.0,1.0,12,1,200,0.004,100,10.0,1.0,0,151,0,0.755,0.3575831519029819,-0.5336387186094664,-1.5483127534885794,0.020904896375262508,0.03695811095150751,0.08397555216507716,1.994649148564681,0.8017611372307818,0.33174480514818155,0.24775605497886335,1.0493629554703425,1.0204595071873914,1.0361568910767223,60.09325477674391
725,20725,35ace65,v2_solver_dt4ms,1,1,1,success,61,21.52722889605463,18.948922607908038,12.056507458883996,53,1,30.0,0.45,20.0,1.0,12,1,200,0.004,100,10.0,1.0,0,53,0,0.8688524590163934,0.3425418871721581,-0.6870314375920813,0.037864563978506016,0.025734020469907977,0.03136532176637876,0.034471844310103784,1.3287668155965346,1.2706410635202765,0.3095769185852683,0.39262375987756865,0.9805850999673087,0.9161919008581771,0.9807943107693146,289.75448213256067
726,20726,35ace65,v2_solver_dt4ms,1,1,1,success,57,39.24473936546375,39.513409688805986,46.42335167651834,50,1,30.0,0.45,20.0,1.0,12,1,200,0.004,100,10.0,1.0,0,43,0,0.7543859649122807,0.3822076913538519,-0.511023720476329,-0.9281238201791555,0.02206079921683338,0.03398855949620232,0.07632228680195147,1.2753552982950311,1.395750427253592,0.3591784551091553,0.21075333375544078,0.9482086927879531,1.0127863038050804,1.0854416595508227,283.3873717279027
727,20727,35ace65,v2_solver_dt4ms,1,1,1,success,61,14.007020533218192,23.45677887355665,8.089135476198287,55,1,30.0,0.45,20.0,1.0,12,1,200,0.004,100,10.0,1.0,0,43,0,0.7049180327868853,0.32754711777990864,-0.46906726586198355,2.7620903551737124,0.021347537663295564,0.03278332445257058,0.058490834948504725,1.5449136598336841,1.0631743716735846,0.34310121135113136,0.6543518313042433,0.9258364717585833,0.9942400008001624,1.108987851723831,289.26125639590293
728,20728,35ace65,v2_solver_dt4ms,1,1,1,success,60,17.442691740702138,21.327557418869542,6.823706003515038,53,1,30.0,0.45,20.0,1.0,12,1,200,0.004,100,10.0,1.0,0,41,0,0.6833333333333333,0.31828267278178035,-0.6595913509521325,-1.0438458929762078,0.021658718513425716,0.03057436518695782,0.03348510339398838,1.922336241063065,1.066372721777321,0.35978963098046535,0.42762706718122134,1.1280987126126256,1.0195537808744524,1.169400013075466,288.8013792823665
729,20729,35ace65,v2_solver_dt4ms,1,1,1,success,64,31.918152859088085,16.63157454046319,19.298041039193848,56,1,30.0,0.45,20.0,1.0,12,1,200,0.004,100,10.0,1.0,0,42,0,0.65625,0.3398792886636458,-0.6953376641451836,3.140248930881768,0.02471197007914719,0.03031434227524922,0.054040893517917216,1.1864068619308357,0.6651646748181117,0.36765032969360845,0.5025112504040449,1.054839194086038,1.0082653763904488,0.7599463073238217,293.1317244755793
730,20730,35ace65,v2_solver_dt4ms,1,1,1,success,53,6.426165052399117,14.593615229906353,8.900737795857195,45,1,30.0,0.45,20.0,1.0,12,1,200,0.004,100,10.0,1.0,0,41,0,0.7735849056603774,0.30878558064553957,-0.32944424537156974,-1.2616899713426155,0.022304698409157622,0.02980236925562968,0.062383963189595534,1.5081706470950285,1.086033046937964,0.38677826978474245,0.4046001623952456,0.9973399292217626,0.967600966708108,1.1155080230497163,284.4271647176305
731,20731,35ace65,v2_solver_dt4ms,1,1,1,success,60,27.059580135588195,13.257558567221796,1.8247791802485192,57,1,30.0,0.45,20.0,1.0,12,1,200,0.004,100,10.0,1.0,0,50,0,0.8333333333333334,0.35140196204521756,-0.6743342159599894,1.5046486955715412,0.02749964614099183,0.03522288527670486,0.04018538248952544,1.9613392312019655,0.612538572657532,0.3865970898436544,0.21910081870752007,1.091761024417725,0.94356541294902,1.047961055689475,286.1594587777283
732,20732,35ace65,v2_solver_dt4ms,0,0,0,unsafe,42,365.0635458160261,nan,nan,-1,1,30.0,0.45,20.0,1.0,12,1,200,0.004,100,10.0,1.0,0,39,0,0.9285714285714286,0.33678396949659145,-0.6700400341028471,1.3575682734553371,0.026648796065194314,0.03700014464804045,0.08849429817765139,1.9409348259999666,0.8475100757237065,0.36832358944532334,0.4303456849480184,1.0845373759974433,1.0324879250037415,1.2169977236892833,-42.44139290844999
733,20733,35ace65,v2_solver_dt4ms,0,0,0,unsafe,50,305.6123605570442,nan,nan,-1,0,30.0,0.45,20.0,1.0,12,1,200,0.004,100,10.0,1.0,0,47,0,0.94,0.3297360031891922,-0.5602836161891724,0.09258660258532991,0.024666296516561086,0.038191709480030804,0.11180062616408325,1.8731413442201819,1.2162601938073525,0.34459272925220785,0.4036457831980955,1.0585487199860635,1.0657573788644419,1.2057781801675727,-44.82857269537657
734,20734,35ace65,v2_solver_dt4ms,1,1,1,success,60,10.237748018303332,6.7561776586674895,13.089590767770027,48,1,30.0,0.45,20.0,1.0,12,1,200,0.004,100,10.0,1.0,0,55,0,0.9166666666666666,0.30052218623744437,-0.5865288498229335,1.012991797403295,0.0228918342002855,0.038284765296431475,0.06993656093377709,1.7631458307824581,1.3169505455165045,0.34901750404533394,0.20581173204702446,1.008926203297298,0.9867823920945306,1.1648374276485356,285.46856017656563
735,20735,35ace65,v2_solver_dt4ms,1,1,1,success,54,10.40478413402068,25.138178868855604,16.992675467230463,45,1,30.0,0.45,20.0,1.0,12,1,200,0.004,100,10.0,1.0,0,49,0,0.9074074074074074,0.34846157135782874,-0.2573314785870181,-0.7351171307273447,0.0252090282846613,0.030431151887175305,0.04650988757822883,1.6564666517280386,0.9027763428960509,0.30406861146351855,0.6689518907923633,1.0226981596266944,1.0476590427140344,0.9998143924144283,286.21959812507345
736,20736,35ace65,v2_solver_dt4ms,1,1,1,success,66,4.730648846210774,30.568813592909635,11.544571330307726,59,1,30.0,0.45,20.0,1.0,12,1,200,0.004,100,10.0,1.0,4,45,0,0.6818181818181818,0.35785386613455317,-0.6603658038955573,-1.188277271293696,0.02163264494667262,0.036516560362700894,0.05068057438329475,1.3361652934990753,0.9222386397284759,0.3508542680224551,0.5104728221164108,1.0613630516928845,1.0369807484814861,1.0900604221036834,288.9390644474892
737,20737,35ace65,v2_solver_dt4ms,1,1,1,success,58,11.322461846661037,10.403491987005593,4.385109160879133,53,1,30.0,0.45,20.0,1.0,12,1,200,0.004,100,10.0,1.0,0,47,0,0.8103448275862069,0.31050153566179617,-0.35497612954650654,-0.23377193625347115,0.025701078307192652,0.03294014759599454,0.07092974095606053,1.6990431997736417,1.0039029016047636,0.3892647384966388,0.45244743817584365,1.0468509131710737,1.016440638834425,1.0235949714935042,283.31647414168344
738,20738,35ace65,v2_solver_dt4ms,1,1,1,success,71,17.2960113130751,28.66915530441539,3.8204271944163897,63,1,30.0,0.45,20.0,1.0,12,1,200,0.004,100,10.0,1.0,0,47,0,0.6619718309859155,0.3874509324254735,-0.413746215725065,1.3261072025237706,0.024765129956071247,0.03267189909958079,0.0825191236443582,1.3698812894841101,0.6788299656193744,0.3719255086147189,0.698121111231765,1.0004571765224508,0.9920229808695352,0.9199567815831098,290.41656210441124
739,20739,35ace65,v2_solver_dt4ms,1,1,1,success,62,18.694699662122883,24.114976824247364,9.519241482819202,56,1,30.0,0.45,20.0,1.0,12,1,200,0.004,100,10.0,1.0,0,50,0,0.8064516129032258,0.31670662022556434,-0.5265431260143145,-2.177105156765507,0.022701122230476215,0.030933849653611477,0.030807261684092844,1.4210371019305428,1.3459646506193457,0.3651114391069908,0.5483620591795497,0.9861369684795911,0.915986075266256,1.1462808629598822,289.0272562499158
740,20740,35ace65,v2_solver_dt4ms,1,1,1,success,56,13.28966491261171,3.9768967951096723,4.472543602616965,51,1,30.0,0.45,20.0,1.0,12,1,200,0.004,100,10.0,1.0,0,46,0,0.8214285714285714,0.3482706806875088,-0.29245091202318796,0.40473738341579013,0.025142186365714525,0.03726930150026058,0.11919404118675209,0.9523597605246468,0.7527167779408379,0.34517439956750007,0.6010222368172586,1.0956021215863403,1.086321882342045,0.9506104018886462,282.9719527098505
741,20741,35ace65,v2_solver_dt4ms,1,1,1,success,71,13.48539453931212,16.218362616150465,0.6288614453491309,66,1,30.0,0.45,20.0,1.0,12,1,200,0.004,100,10.0,1.0,0,53,0,0.7464788732394366,0.3186797274769286,-0.6439931579654485,1.346818262915951,0.02125455533888966,0.034416735329731295,0.08564478782043783,1.3974686114338826,0.608051309425042,0.3660933341858826,0.6485585751820213,1.06177451455931,0.9956092261795628,1.0376530121014318,290.8303849636419
742,20742,35ace65,v2_solver_dt4ms,1,1,1,success,87,25.953285363612146,19.152672697870912,12.38598775951058,61,1,30.0,0.45,20.0,1.0,12,1,200,0.004,100,10.0,1.0,0,76,0,0.8735632183908046,0.3564849637577497,-0.5674410341003485,0.8248524022104031,0.024843366736873353,0.0381671310798403,0.11336706873809393,1.2202374661562823,1.0884780125070674,0.37156985786554475,0.6110539740769438,1.0588383511315003,1.0085235651653897,1.0783818472756193,289.8512224857634
743,20743,35ace65,v2_solver_dt4ms,1,1,1,success,54,10.337181818493802,13.314728303153759,3.2956766164223104,51,1,30.0,0.45,20.0,1.0,12,1,200,0.004,100,10.0,1.0,0,45,0,0.8333333333333334,0.36305339983391927,-0.45774119758682785,2.968734135347871,0.023788303646575602,0.030577431110856645,0.06200730657755979,1.6198374422077326,0.6818199124761923,0.3442631089979214,0.34256865137945525,1.0543867863932412,1.0053012503184686,0.9595556483968424,286.5350653558381
744,20744,35ace65,v2_solver_dt4ms,1,1,1,success,61,23.835353033661388,14.027730237630049,10.634042522025634,52,1,30.0,0.45,20.0,1.0,12,1,200,0.004,100,10.0,1.0,0,42,0,0.6885245901639344,0.33243016590539654,-0.67176198282859,-2.3756065548696617,0.02682260925452936,0.035584765739273945,0.06584127940725279,1.6948545414322997,1.263253297051948,0.3839085632566088,0.24674922305958663,1.0468630668365206,1.1166466331067506,1.3382553330434752,290.94092465548727
745,20745,35ace65,v2_solver_dt4ms,1,1,1,success,61,5.398400965934304,25.701811588340174,9.357950949312366,51,1,30.0,0.45,20.0,1.0,12,1,200,0.004,100,10.0,1.0,3,46,0,0.7540983606557377,0.361529404746453,-0.5679488932009409,0.7661585323032414,0.022974199602147867,0.03599703915599857,0.08360070993941782,1.8756083934080092,0.9229555087062806,0.3106159382132306,0.5320049288823971,0.9945975719471116,1.0228827734822123,1.2039432043697738,286.02430017072527
746,20746,35ace65,v2_solver_dt4ms,1,1,1,success,68,23.624216926452647,28.610437667242017,12.09120325637217,57,1,30.0,0.45,20.0,1.0,12,1,200,0.004,100,10.0,1.0,0,49,0,0.7205882352941176,0.37923870932722337,-0.3976433077873917,1.0994900262435374,0.027065365812435134,0.03334933632681986,0.09848169196833316,0.8426815188484411,0.936606648428971,0.3842964998973981,0.6948531405412859,1.0659706558388824,0.9832149117194559,1.0633182163500288,280.8257376607036
747,20747,35ace65,v2_solver_dt4ms,1,1,1,success,67,28.579558211181208,23.162312244977763,6.011704345578314,54,1,30.0,0.45,20.0,1.0,12,1,200,0.004,100,10.0,1.0,0,55,0,0.8208955223880597,0.3583162472864415,-0.5148632048635833,-0.12640784374017544,0.026203494306672882,0.03143614492601923,0.08705739871824647,1.7976960664547272,1.1520398220100379,0.3652392638378431,0.4040492142103831,1.092220242255915,0.9783347465478622,0.8675938023427228,281.4237647753583
748,20748,35ace65,v2_solver_dt4ms,1,1,1,success,66,21.810931383780773,15.571168553713944,5.356883779828326,59,1,30.0,0.45,20.0,1.0,12,1,200,0.004,100,10.0,1.0,0,48,0,0.7272727272727273,0.34692052738129986,-0.46908081480619257,-0.6457695188481614,0.022102205638122912,0.038616563662709345,0.06637013516511175,1.5150124094997226,0.9833280603972965,0.3797738824206566,0.6733215613609995,1.0434578786090907,0.9799264344622358,0.9195211301015552,287.46066954497826
749,20749,35ace65,v2_solver_dt4ms,1,1,1,success,95,20.373643085512825,20.842150417093677,18.957559695304404,47,1,30.0,0.45,20.0,1.0,12,1,200,0.004,100,10.0,1.0,0,84,0,0.8842105263157894,0.3576614237235693,-0.4378077854948259,-2.0970295076553094,0.02350541079167246,0.03589893571376436,0.06264094267697605,1.3657475315841816,0.958326151889342,0.34862364012568553,0.4212359257714698,1.06315718039264,1.0284341921711178,0.9441793378297343,283.1831063127594
750,20750,35ace65,v2_solver_dt4ms,1,1,1,success,57,5.403570797966364,7.67961319890583,0.563386674744774,51,1,30.0,0.45,20.0,1.0,12,1,200,0.004,100,10.0,1.0,0,42,0,0.7368421052631579,0.316214504374066,-0.533883528713645,0.266080136872787,0.02731225090819135,0.03584384165157063,0.03065110778205141,1.0559214049022074,0.880995149568355,0.3176992816505275,0.24265921114769187,1.0551606722648696,1.0337421439292769,1.108647422556285,284.05079975047045
751,20751,35ace65,v2_solver_dt4ms,1,1,1,success,45,19.679712837123684,17.542777374623945,6.74404359483765,38,1,30.0,0.45,20.0,1.0,12,1,200,0.004,100,10.0,1.0,0,33,0,0.7333333333333333,0.3164263930069255,-0.2685399324087588,2.952468503535738,0.02746344768494246,0.03477002847875361,0.0490608659863246,0.8037244226476553,0.8847497373750922,0.3376987234892037,0.4854221828103583,1.0066060559744767,1.02826407646694,1.1479582678047024,277.15901931230763
752,20752,35ace65,v2_solver_dt4ms,1,1,1,success,100,26.067568501193755,14.859609763939936,4.587704856972248,53,1,30.0,0.45,20.0,1.0,12,1,200,0.004,100,10.0,1.0,0,74,0,0.74,0.30921598394327965,-0.661787048489859,-2.579318343418043,0.02394702446527991,0.0377818731134631,0.09964924505967322,1.04895261258021,1.394108768004618,0.33006540580276394,0.36725953598898003,0.9848811294930485,1.0780280698479714,0.9131117359531726,279.14904812597456
753,20753,35ace65,v2_solver_dt4ms,1,1,1,success,60,10.495972233766079,23.193573059549127,24.902019363454837,52,1,30.0,0.45,20.0,1.0,12,1,200,0.004,100,10.0,1.0,0,50,0,0.8333333333333334,0.3865642911338486,-0.4846849404648894,-6.673361132358835e-05,0.027203132428448545,0.038539932806427146,0.07800929026311647,0.8874059441219636,0.6125425042576511,0.31392651425544676,0.454783098043338,0.9961513605397175,1.025681146649974,0.9846724625727714,285.7921573918535
754,20754,35ace65,v2_solver_dt4ms,1,1,1,success,65,13.053416047277922,19.140337652450867,6.233084854005922,58,1,30.0,0.45,20.0,1.0,12,1,200,0.004,100,10.0,1.0,0,50,0,0.7692307692307693,0.3626704639811275,-0.19434902113998753,2.8900059224364743,0.025450833936452318,0.03743055892808581,0.05331126998641316,0.9379746398836,0.6577294839005915,0.35416859125858524,0.4305453939389864,1.0346215697155488,0.9904959768986974,1.1579711020473273,283.9344046369323
755,20755,35ace65,v2_solver_dt4ms,1,1,1,success,64,24.098367270978855,32.26045326631148,2.4337308197303607,59,1,30.0,0.45,20.0,1.0,12,1,200,0.004,100,10.0,1.0,0,52,0,0.8125,0.3798934687033844,-0.43071896966155176,1.2608606954916661,0.02102241535068304,0.031859821775461844,0.08404928728631236,1.7177116507316785,0.7051769215518703,0.3845497216924571,0.6687041305657067,0.9491374077633395,1.0557416064424834,1.215088495103835,289.1767769605922
756,20756,35ace65,v2_solver_dt4ms,1,1,1,success,81,30.19237672521177,17.68258832648395,7.290874367243322,63,1,30.0,0.45,20.0,1.0,12,1,200,0.004,100,10.0,1.0,0,56,0,0.691358024691358,0.3208614232393439,-0.6284520669328845,-1.6541481467260353,0.02581673464407021,0.03341484884160241,0.06164980244713442,1.331370636615322,1.0938576383671768,0.36514039143722427,0.4372033617429063,1.0425231990014205,0.9480295853256236,1.1961276837174382,286.2580078378063
757,20757,35ace65,v2_solver_dt4ms,1,1,1,success,51,7.200443965523026,4.884416064599755,3.0649964596200956,45,1,30.0,0.45,20.0,1.0,12,1,200,0.004,100,10.0,1.0,0,43,0,0.8431372549019608,0.3131835693516406,-0.3056912686877778,-1.4141067979773683,0.02125779107174952,0.03045964351249805,0.10480559994041061,1.1892303414556327,1.3894453753944411,0.32286179913615615,0.39498805029720707,1.0853981645875925,0.9966137099582874,1.089892103826103,279.669504605897
758,20758,35ace65,v2_solver_dt4ms,1,1,1,success,45,13.709054482477784,15.954818331604107,1.935420796936918,42,1,30.0,0.45,20.0,1.0,12,1,200,0.004,100,10.0,1.0,0,39,0,0.8666666666666667,0.3439018960576107,-0.4160347007703073,3.0052859014625204,0.021066372509906554,0.03087896363454122,0.053650819902601204,1.4117705023328946,1.013887455784509,0.34634419808867056,0.17415232276277054,1.0655077918530078,1.0350820437642891,0.9721580368992258,283.70092132349873
759,20759,35ace65,v2_solver_dt4ms,1,1,1,success,53,21.18101743864162,26.910502473395322,4.765357032440653,44,1,30.0,0.45,20.0,1.0,12,1,200,0.004,100,10.0,1.0,0,38,0,0.7169811320754716,0.36054647221646524,-0.1763025893321517,3.050560743945553,0.02125668392969765,0.03388939069922229,0.11927460937269496,1.964723274077149,0.8776338927735536,0.3242419099320418,0.6078224805906998,1.0260272426970012,0.991586778091931,1.0679930366613646,280.54372290556375
760,20760,35ace65,v2_solver_dt4ms,1,1,1,success,63,22.423023077578794,13.066117273156316,17.994641645100266,50,1,30.0,0.45,20.0,1.0,12,1,200,0.004,100,10.0,1.0,0,50,0,0.7936507936507936,0.38854623540216354,-0.291079321112459,0.45488439062538744,0.02334150169570057,0.03752365233959149,0.06500055479588503,1.7045890717789702,0.8882038999440183,0.31265756978755677,0.5893771877700993,1.0847138320291003,1.0638822130045311,0.7645750296722134,283.985113762537
761,20761,35ace65,v2_solver_dt4ms,1,1,1,success,89,15.122817601667691,5.995489386932412,9.99614532989206,80,1,30.0,0.45,20.0,1.0,12,1,200,0.004,100,10.0,1.0,0,81,0,0.9101123595505618,0.32792020062388594,-0.6417042170468925,3.031172778642312,0.026932549759499342,0.038477258789997956,0.06537181028175544,1.6112108997203283,1.0316270972392325,0.323554021504467,0.3268384841786196,1.0057982867951991,0.9877081935812031,0.9488364347766477,284.95883048968426
762,20762,35ace65,v2_solver_dt4ms,1,1,1,success,61,7.9680528225657445,5.15016342730618,4.8557023286515575,40,1,30.0,0.45,20.0,1.0,12,1,200,0.004,100,10.0,1.0,0,51,0,0.8360655737704918,0.3224645320108447,-0.2832431137529325,1.0832702824267182,0.023215079957354518,0.038385964009029085,0.07623123349828123,1.1052798992625879,1.0563968416340694,0.3145279012244133,0.3240264498088533,1.0057087915649658,1.0873438336800954,0.9711768324570323,280.15962218405446
763,20763,35ace65,v2_solver_dt4ms,1,1,1,success,62,10.807401911186759,16.21349569617455,5.7103385156408635,53,1,30.0,0.45,20.0,1.0,12,1,200,0.004,100,10.0,1.0,0,44,0,0.7096774193548387,0.37067949871106687,-0.4643039420529796,3.135038391903227,0.02115207439148929,0.031228197828156595,0.10949530130322098,0.9314991234875052,0.8411873817856603,0.32693514991381467,0.42235152264729703,1.0297789414153073,1.0151463003871204,1.1688954860542682,287.82280789908197
764,20764,35ace65,v2_solver_dt4ms,1,1,1,success,57,20.47199229319866,35.952016081605024,17.442123650686757,47,1,30.0,0.45,20.0,1.0,12,1,200,0.004,100,10.0,1.0,0,41,0,0.7192982456140351,0.3233696642249381,-0.5416624315563495,2.3854118561910154,0.02140483880123675,0.039148611408998245,0.07948739537852051,1.2810447323756797,1.3918953066590511,0.30940943595633347,0.5944932982121989,1.0292223456355056,0.9687174179261335,1.1011880808074923,286.6595261022024
765,20765,35ace65,v2_solver_dt4ms,1,1,1,success,58,20.858426785077068,23.519853241409738,5.36226310194854,45,1,30.0,0.45,20.0,1.0,12,1,200,0.004,100,10.0,1.0,0,44,0,0.7586206896551724,0.34541940535655324,-0.4407906228302747,-1.4537410553447867,0.027350549825815907,0.03585635672419541,0.11200566481833833,1.0551995900861053,0.797843337724839,0.36986973264673007,0.29150787612649476,0.999892492997222,0.9885095229969337,0.8613683171049722,280.0592334006362
766,20766,35ace65,v2_solver_dt4ms,1,1,1,success,43,6.819562863416994,17.204815103497452,5.7552562477430875,36,1,30.0,0.45,20.0,1.0,12,1,200,0.004,100,10.0,1.0,0,28,0,0.6511627906976745,0.34404129691838947,-0.20486978458480765,2.14414122547986,0.020417124397475884,0.037395272261691745,0.07278640290279328,1.0046703309611094,0.7163403533832711,0.31886211874949366,0.1848737132831391,1.0169450009328134,0.9542845124424321,1.2882106302810703,279.2675793241003
767,20767,35ace65,v2_solver_dt4ms,1,1,1,success,49,3.4725811517974328,7.083503984335887,9.891052437438972,41,1,30.0,0.45,20.0,1.0,12,1,200,0.004,100,10.0,1.0,0,35,0,0.7142857142857143,0.3430526060175112,-0.2767799017365483,2.0015741895318984,0.023528636651255503,0.03370842408619491,0.09732940466110941,0.9914111732840201,1.3002877963060644,0.3157663409852208,0.24267176220234193,1.030669280023258,0.9549418634390896,1.092840952327061,281.32444966755486
768,20768,35ace65,v2_solver_dt4ms,1,1,1,success,57,18.15415041475448,24.644518889545125,3.1508146162661137,51,1,30.0,0.45,20.0,1.0,12,1,200,0.004,100,10.0,1.0,0,43,0,0.7543859649122807,0.3823656619015701,-0.34863307015923917,-0.38361843303053567,0.024561504287269786,0.03665959959942617,0.05859873599561058,1.1416840685325793,1.0400823157182089,0.38999014194585657,0.5358436293357924,0.927982880178022,1.0896552535842476,0.9612017518892138,285.7645845948582
769,20769,35ace65,v2_solver_dt4ms,1,1,1,success,55,18.7127530909097,17.12539981865738,2.855629954248167,49,1,30.0,0.45,20.0,1.0,12,1,200,0.004,100,10.0,1.0,0,38,0,0.6909090909090909,0.3134139502160939,-0.6984811214334771,1.6264930637135464,0.021498470345696574,0.03265227420184836,0.058292058830866814,1.5990612750509978,1.2881800107616392,0.35003904331630853,0.22788282294876963,1.0087523546827437,0.9690133758261876,1.347507033691016,287.8330370247236
770,20770,35ace65,v2_solver_dt4ms,1,1,1,success,64,10.601794064092045,24.068984584287644,3.174610555384494,58,1,30.0,0.45,20.0,1.0,12,1,200,0.004,100,10.0,1.0,0,42,0,0.65625,0.38116547062138606,-0.6105219700544825,-2.4026184051616397,0.023161277436799736,0.0335262733016727,0.04809923973299146,1.1533570926387189,1.0477023048225629,0.3790818554127152,0.43591842579987977,0.9778040965528738,1.0181800683431015,1.0376676136364793,292.00502922130903
771,20771,35ace65,v2_solver_dt4ms,0,1,0,object_lost,119,235.38737001794033,44.57001043104145,246.6910617848573,56,0,30.0,0.45,20.0,1.0,12,1,200,0.004,100,10.0,1.0,0,93,0,0.7815126050420168,0.3624529087487888,-0.20134463772296407,-0.10863545500538674,0.02159443158263404,0.0354989595167917,0.05121582312898419,1.4739568140057826,0.8856845135888723,0.33756929656246837,0.3666036924762823,1.0529340957321085,1.1245949618924598,1.1025504376601862,-140.769500310695
772,20772,35ace65,v2_solver_dt4ms,1,1,1,success,50,9.232397597448326,16.125725756463915,7.608515747740688,44,1,30.0,0.45,20.0,1.0,12,1,200,0.004,100,10.0,1.0,0,34,0,0.68,0.33338720181106,-0.2379039295076934,1.2677042132330403,0.023958852890364278,0.03640558682491078,0.060141586537934236,0.8123596484118196,0.8043751120517415,0.3411392929242267,0.5143661126030323,1.052916275550911,1.0468988267225356,1.1351582177659376,281.35574204943214
773,20773,35ace65,v2_solver_dt4ms,1,1,1,success,54,10.072201603018945,7.233042527590578,8.207148812633807,41,1,30.0,0.45,20.0,1.0,12,1,200,0.004,100,10.0,1.0,0,43,0,0.7962962962962963,0.30630538655540096,-0.31551564151715267,0.252469886255839,0.02633124489291046,0.039239170785811364,0.06689486063938332,0.8815635940227728,1.0453037917480947,0.3028976780804863,0.4782479932666027,0.9770272519970696,0.9873271922919139,1.0073515641221584,280.18278069433353
774,20774,35ace65,v2_solver_dt4ms,1,1,1,success,66,10.165257056189317,29.133953395206778,5.44929881749602,55,1,30.0,0.45,20.0,1.0,12,1,200,0.004,100,10.0,1.0,0,50,0,0.7575757575757576,0.3705680689076213,-0.6714939213180796,0.49513594220818336,0.02187755625083532,0.03114850662843827,0.05886301747398638,1.0408450540194398,1.1015480084250946,0.35277850507571795,0.18120504715298835,0.9582981658158284,1.1381723909182668,1.2128900180252478,292.9419364204116
775,20775,35ace65,v2_solver_dt4ms,1,1,1,success,64,13.372945041376285,28.150432373217427,19.984524827123877,58,1,30.0,0.45,20.0,1.0,12,1,200,0.004,100,10.0,1.0,0,46,0,0.71875,0.37783908239650066,-0.6185579029292946,-2.197436325724302,0.021328845978897143,0.03297298921055712,0.08721148128412909,1.6086776990993603,1.0234224805761687,0.33002503088826357,0.6320818856607602,1.0385564787139658,1.0281984349587714,0.9403803265464852,292.01199550179024
776,20776,35ace65,v2_solver_dt4ms,1,1,1,success,59,0.7726728829135008,21.13719930943085,19.69243888611699,41,1,30.0,0.45,20.0,1.0,12,1,200,0.004,100,10.0,1.0,0,50,0,0.847457627118644,0.3428296997217142,-0.23566081811021306,2.7862616953499018,0.023563151734728012,0.037444997169044716,0.1157241354741976,1.4468820553220911,0.9208317360651626,0.34599993161249065,0.40562218229644975,0.9252777418010361,1.0549272178036626,0.9465534704663292,280.35249714692617
777,20777,35ace65,v2_solver_dt4ms,1,1,1,success,64,16.201895397848862,32.27846840675416,18.258460040956074,53,1,30.0,0.45,20.0,1.0,12,1,200,0.004,100,10.0,1.0,0,46,0,0.71875,0.34450776756675805,-0.5817276448768302,-0.25620932047152856,0.020613887371785274,0.03457886462325181,0.04220567815612598,0.8345728518361697,1.0539744239281124,0.3416201795124785,0.45975221851231335,1.0659253046628667,0.9859572419019698,1.1085423690825613,289.8025249048633
778,20778,35ace65,v2_solver_dt4ms,1,1,1,success,59,21.363517004225272,31.99525130549232,21.03880013326346,51,1,30.0,0.45,20.0,1.0,12,1,200,0.004,100,10.0,1.0,3,50,0,0.847457627118644,0.328135165400398,-0.6997784096181782,-1.685687144520931,0.023175243176176086,0.037821749724303744,0.07630643077109542,1.2147714107388181,0.6838740613869757,0.31889523262766967,0.5537458230359138,1.0228611666667733,0.9646773912678425,0.9503527902039711,286.1755065988798
779,20779,35ace65,v2_solver_dt4ms,1,1,1,success,69,16.44399489281167,19.93043092727452,11.6600076665195,63,1,30.0,0.45,20.0,1.0,12,1,200,0.004,100,10.0,1.0,0,47,0,0.6811594202898551,0.38404473882346934,-0.5795083623408115,0.18382305382342157,0.023483701380541684,0.03376723866813727,0.041725380140724064,1.1537913728820441,1.363442779726984,0.36725779122751084,0.5083306638609557,1.0672770115074275,0.9173554749750777,0.9683918370914133,291.1716124930017
780,20780,35ace65,v2_solver_dt4ms,1,1,1,success,60,6.434645896273121,36.26119373679585,24.205810553073086,54,1,30.0,0.45,20.0,1.0,12,1,200,0.004,100,10.0,1.0,0,43,0,0.7166666666666667,0.3864156428348589,-0.4967198872613249,3.1156722749989596,0.02450105018600171,0.036926194436690624,0.11438823372337181,1.7903183933432811,0.8682319671676878,0.35262006804870366,0.4129518215013778,1.0762955251329487,1.0020813211913024,1.155964341813903,290.04196947642754
781,20781,35ace65,v2_solver_dt4ms,1,1,1,success,57,18.96129146790044,18.82900763989585,7.837332433164613,50,1,30.0,0.45,20.0,1.0,12,1,200,0.004,100,10.0,1.0,0,50,0,0.8771929824561403,0.32357524333736765,-0.2704136009793219,-2.0781068143834838,0.023331930765642196,0.029820711943500708,0.07837346855864677,1.9024898363067473,1.3455281324909996,0.382871001386678,0.6108268665069742,1.0653569754277148,1.0123708090682861,1.2544011798900148,285.36112964753625
782,20782,35ace65,v2_solver_dt4ms,1,1,1,success,59,14.205436679800389,10.851575739609014,5.421284774751799,54,1,30.0,0.45,20.0,1.0,12,1,200,0.004,100,10.0,1.0,13,50,0,0.847457627118644,0.3100065721227688,-0.3697688333388535,0.6525412519103324,0.027050360041181276,0.033200504266244435,0.06061286344347859,1.0979488512546858,0.7924959122127586,0.37738532337290975,0.4375033703158288,1.0800608106546752,1.059538285170929,1.1528769313824432,269.34141646224543
783,20783,35ace65,v2_solver_dt4ms,0,1,0,timeout,200,136.76961316467109,79.09684988920455,71.74940141314404,46,1,30.0,0.45,20.0,1.0,12,1,200,0.004,100,10.0,1.0,0,184,0,0.92,0.3636879515814497,-0.4575442123875429,-1.3586264023246957,0.027391697043797545,0.03567522287951047,0.03735505725217556,1.9455783637187942,1.0669245211495237,0.3129136175337883,0.5609844529913298,0.9621412108415495,1.0377846280969643,0.9447933251407918,33.9059230389047
784,20784,35ace65,v2_solver_dt4ms,0,1,1,timeout,200,42.40730383295786,34.55046734078096,0.0,200,1,30.0,0.45,20.0,1.0,12,1,200,0.004,100,10.0,1.0,0,183,0,0.915,0.36092337746293646,-0.32479733415843476,-1.2831321572822767,0.024494161734416466,0.03647074126541719,0.06695227944299391,1.6486647488876875,0.6100667880324381,0.3116523852614452,0.6334388161138937,1.0445782808622346,1.0181324502033189,1.065247450255745,62.6887051177694
785,20785,35ace65,v2_solver_dt4ms,1,1,1,success,62,17.336364069546907,10.678758257566713,2.06677228406321,54,1,30.0,0.45,20.0,1.0,12,1,200,0.004,100,10.0,1.0,0,50,0,0.8064516129032258,0.32092095334925785,-0.641981486597252,1.571830974172614,0.02270934384514574,0.03269532631146266,0.10935560559241327,1.9116905962247854,1.313238946697486,0.3662955078163336,0.22987353508740344,1.0617431797653574,1.0701041574213723,1.1162022927571764,288.1687322327612
786,20786,35ace65,v2_solver_dt4ms,1,1,1,success,63,15.58142380836881,12.604709284735417,11.916868905093688,53,1,30.0,0.45,20.0,1.0,12,1,200,0.004,100,10.0,1.0,0,53,0,0.8412698412698413,0.35220912088109985,-0.705458105155841,-0.20526239265032764,0.02288318665385031,0.03454876357746377,0.09468647433040177,1.650564714280349,0.8668204721495774,0.3109763851415037,0.1956971628431895,0.9703241405706512,0.9110035593545156,0.9164914124226886,288.7247377421403
787,20787,35ace65,v2_solver_dt4ms,1,1,1,success,51,17.953722812827156,17.978991860920328,10.197916467853744,44,1,30.0,0.45,20.0,1.0,12,1,200,0.004,100,10.0,1.0,0,39,0,0.7647058823529411,0.3132652862132359,-0.25110154451892475,0.24342389059918945,0.023000512079287678,0.032075676823238274,0.05647858182997394,1.7822797776942658,0.6162455619416861,0.37884057874155597,0.33453743146611664,1.0229621634784622,1.1057963952420005,1.0206060176813496,280.9268017939044
788,20788,35ace65,v2_solver_dt4ms,1,1,1,success,63,11.475422658441767,18.906626726998216,8.376130798152435,52,1,30.0,0.45,20.0,1.0,12,1,200,0.004,100,10.0,1.0,0,47,0,0.746031746031746,0.30429126625966646,-0.6393613074198179,-0.6753171872798105,0.02394322307801066,0.0360705841800911,0.09782143347677459,0.9008818401619688,0.9673315766611341,0.3154223866621969,0.44908209399395554,1.05770540809236,1.0476850511097426,0.9440565815358953,287.2609879324731
789,20789,35ace65,v2_solver_dt4ms,1,1,1,success,61,12.8257665205033,18.58372122181641,12.789758757577962,54,1,30.0,0.45,20.0,1.0,12,1,200,0.004,100,10.0,1.0,0,42,0,0.6885245901639344,0.3211445918961829,-0.7143740384862166,1.2955672641173832,0.022258147606408693,0.031878326267189123,0.07789550843912443,1.178695638971284,0.8632939469419738,0.32390762098080883,0.4541657072178944,1.081849913016766,1.018045174235968,1.0448539255672913,291.24908000492195
790,20790,35ace65,v2_solver_dt4ms,1,1,1,success,58,6.102569060314006,21.527837636299694,12.227657759393713,49,1,30.0,0.45,20.0,1.0,12,1,200,0.004,100,10.0,1.0,0,43,0,0.7413793103448276,0.3631256039880403,-0.17745071471299212,2.548175342517654,0.021468790162191043,0.03726570409553488,0.07395763152941236,1.9232761337282014,0.6361472009034275,0.3323448314624575,0.685786232422053,1.0288433955308396,1.0368119576507566,0.986090393404409,285.7943681168699
791,20791,35ace65,v2_solver_dt4ms,0,0,0,timeout,200,481.8711278527541,nan,nan,-1,1,30.0,0.45,20.0,1.0,12,1,200,0.004,100,10.0,1.0,0,183,0,0.915,0.3743207027986795,-0.6155190562637063,2.607316693528923,0.026108654339672088,0.04021218928387031,0.11448228059886725,1.1112214701044505,1.1343068045865095,0.3069926005819767,0.6976149908678503,0.9977703071718717,1.0676028930634411,1.0383190914771019,-6.761796604561864
792,20792,35ace65,v2_solver_dt4ms,1,1,1,success,62,17.701096600668404,31.95725141447172,14.66234469666376,53,1,30.0,0.45,20.0,1.0,12,1,200,0.004,100,10.0,1.0,0,49,0,0.7903225806451613,0.3498585334542381,-0.5415500736766111,-0.5643271299807027,0.023140244346632387,0.03803345101600765,0.04100042586894564,1.5190648197715777,1.2449302733529446,0.3343244352617884,0.455530369454314,1.059042751466661,0.9928849244547847,1.2999965212767872,285.1473915447966
793,20793,35ace65,v2_solver_dt4ms,1,1,1,success,57,17.586237692326392,20.50983967197406,3.6512109908882437,48,1,30.0,0.45,20.0,1.0,12,1,200,0.004,100,10.0,1.0,0,41,0,0.7192982456140351,0.30299831865593424,-0.3266440410057679,-0.06045116006882978,0.02238794876350549,0.03152805738969647,0.09229716416325501,1.5315796170418117,0.9903777732078274,0.31758988587642395,0.5648587887247195,1.021326821759058,0.9481062150692493,0.7943613836434954,281.1086818002311
794,20794,35ace65,v2_solver_dt4ms,0,1,0,timeout,200,427.8691075668857,nan,nan,-1,0,30.0,0.45,20.0,1.0,12,1,200,0.004,100,10.0,1.0,0,191,0,0.955,0.3132106033463866,-0.5762982250131382,-0.5638606278953104,0.027485736995491384,0.030647124409396154,0.10067236867000942,1.9306106376670888,1.063446661441568,0.30951393800614213,0.5195908802932446,1.1049073578223803,0.986379049471153,1.1583469382472649,-9.80899083635797
795,20795,35ace65,v2_solver_dt4ms,1,1,1,success,63,20.29289887099483,30.667622815895065,9.856789655124352,58,1,30.0,0.45,20.0,1.0,12,1,200,0.004,100,10.0,1.0,0,47,0,0.746031746031746,0.3051492632222785,-0.6885437775587059,-2.340548987679864,0.02392660320347102,0.03699352717352511,0.04329633985516014,1.984537694068851,0.6383208419466003,0.3243567508295028,0.6111361391398937,1.0179634024863995,0.9521101510299036,1.0597878038847717,289.3695612040528
796,20796,35ace65,v2_solver_dt4ms,0,0,0,unsafe,24,296.18290584961875,nan,nan,-1,0,30.0,0.45,20.0,1.0,12,1,200,0.004,100,10.0,1.0,0,13,0,0.5416666666666666,0.3611815580533228,-0.6968846735122282,2.980672556845094,0.025051176267693633,0.03991341008721677,0.10822991171791276,1.974794619535561,0.6342937758237058,0.3055484504365668,0.210173019413417,1.008480460292583,1.1145584386346292,1.2019007324101392,-37.249950369460365
797,20797,35ace65,v2_solver_dt4ms,1,1,1,success,67,26.310567045375578,31.984153303220854,14.084073023095801,58,1,30.0,0.45,20.0,1.0,12,1,200,0.004,100,10.0,1.0,0,44,0,0.6567164179104478,0.38231220331489985,-0.5845516344335084,2.83759173021884,0.02568689368850897,0.031373850340345094,0.03691904953064421,1.8270366407487157,0.6417125400008064,0.3832377959924439,0.615057658594653,1.031451900685716,1.0341897446946156,1.0386520844931055,294.8769046521817
798,20798,35ace65,v2_solver_dt4ms,1,1,1,success,46,14.96984140260681,8.542395240637246,23.272495858905984,38,1,30.0,0.45,20.0,1.0,12,1,200,0.004,100,10.0,1.0,0,38,0,0.8260869565217391,0.3347516881984735,-0.36885285568425513,-3.1385241865731306,0.02478057253960696,0.030718958384967313,0.0778509354216056,1.3322797842100573,0.9721106562816815,0.3011873875420627,0.22999275003468203,0.9999284979415346,1.0224982807953371,1.0112224474861657,281.8802008693795
799,20799,35ace65,v2_solver_dt4ms,1,1,1,success,70,9.610063457955444,34.21777337149578,17.47388615906695,59,1,30.0,0.45,20.0,1.0,12,1,200,0.004,100,10.0,1.0,3,47,0,0.6714285714285714,0.36921750910090445,-0.6120532030860352,0.8097325173960908,0.026102102541176515,0.03649968574674728,0.08324911049661698,1.2651621326617002,0.9218347135698491,0.329918299226412,0.593893012463271,1.0180928944374041,0.9855246231462026,0.931515528412807,287.7958965017398
800,20800,35ace65,v2_solver_dt4ms,1,1,1,success,80,12.331900334890436,29.826551690747387,4.040125832963087,62,1,30.0,0.45,20.0,1.0,12,1,200,0.004,100,10.0,1.0,0,63,0,0.7875,0.37537393249998785,-0.5525436279915403,2.3905962835790247,0.024772503156339436,0.03241002552834269,0.1178355038875961,1.5796722685009943,0.6433415516046173,0.3375798048832599,0.7067221114809548,0.9566646555679582,1.0273585870405977,1.0457112055226672,288.7711508752683
801,20801,35ace65,v2_solver_dt4ms,1,1,1,success,55,11.612753714482515,26.74503576694628,13.011314384810793,47,1,30.0,0.45,20.0,1.0,12,1,200,0.004,100,10.0,1.0,0,43,0,0.7818181818181819,0.3458568820062366,-0.4273387648673815,2.9434321429558867,0.021726508577945378,0.03198555168244809,0.07527240533963006,1.6589622314903107,0.678415099318207,0.3363955715223901,0.43289900751436544,0.9876473222357157,0.9654432465976645,1.036104445300686,285.2656733131472
802,20802,35ace65,v2_solver_dt4ms,1,1,1,success,79,26.240633036475625,7.212482856134363,28.66294627964405,71,1,30.0,0.45,20.0,1.0,12,1,200,0.004,100,10.0,1.0,0,68,0,0.8607594936708861,0.38392725697718866,-0.5982071879551112,1.1073412289405882,0.021673581226519058,0.030358664002971658,0.09479660388767137,0.8870591112557751,1.348509514189204,0.3490672898428812,0.18390445100701117,1.0074490414404191,1.0561868105682268,1.0563679679527027,286.76330585848325
803,20803,35ace65,v2_solver_dt4ms,1,1,1,success,57,24.17517439512684,15.268879174185006,10.96856917287076,47,1,30.0,0.45,20.0,1.0,12,1,200,0.004,100,10.0,1.0,0,37,0,0.6491228070175439,0.32719983842220707,-0.6192374583840528,2.8400746963588137,0.020825991536473288,0.03696428823863709,0.048910487072582096,1.9836284048680128,0.602472313237091,0.3750380425503544,0.19084514143163425,1.0501171958333335,1.0011931385065078,1.0753633753186715,288.540687596607
804,20804,35ace65,v2_solver_dt4ms,0,1,0,timeout,200,49.40377666715274,54.52702910575026,17.44137260518723,68,1,30.0,0.45,20.0,1.0,12,1,200,0.004,100,10.0,1.0,0,192,0,0.96,0.31625951734192204,-0.45555117834374304,0.8706664630103624,0.021819096962910574,0.03772259537797665,0.06798572214127022,1.0070461713914485,1.3476495543808071,0.34471245304650733,0.5578219266073691,1.0538786668184243,1.0189957186482392,1.0749324086619376,58.84274555890787
805,20805,35ace65,v2_solver_dt4ms,1,1,1,success,50,7.967642085613242,17.349949241482356,1.6408179934132334,47,1,30.0,0.45,20.0,1.0,12,1,200,0.004,100,10.0,1.0,0,40,0,0.8,0.33584594076628693,-0.26264962660779073,0.551377044685259,0.023457947372420535,0.029822636556744844,0.0494094606990611,1.5224556740110704,1.0094231894574066,0.3366767483746873,0.2775860549018492,1.0336913489828645,1.0097843890284917,1.1272193639218888,282.2574874285107
806,20806,35ace65,v2_solver_dt4ms,1,1,1,success,57,4.397045962818416,2.4123462298182305,2.249343959778851,50,1,30.0,0.45,20.0,1.0,12,1,200,0.004,100,10.0,1.0,0,47,0,0.8245614035087719,0.3279259709836208,-0.2719063798971119,0.5840499735580233,0.026813698244543546,0.03856208436392801,0.08385058952743632,1.7345990698573508,1.1234838615372857,0.36880800613023107,0.41715650528110304,1.0023042928430546,1.0242939798380817,1.0117154920821767,279.6330029895541
807,20807,35ace65,v2_solver_dt4ms,1,1,1,success,49,12.468297709664206,20.81375749994702,4.913517159671287,43,1,30.0,0.45,20.0,1.0,12,1,200,0.004,100,10.0,1.0,0,35,0,0.7142857142857143,0.35932962627083553,-0.18996104708366224,0.46194824390776157,0.024556179082363443,0.03239811894127784,0.11447021863283434,1.6285816593643654,0.7657107472751218,0.37050390677430683,0.4543309739177928,1.093857014074288,0.9693817732639515,1.260805145344412,279.72955704090015
808,20808,35ace65,v2_solver_dt4ms,1,1,1,success,66,18.302239901245898,17.84601905153945,3.1839852417636414,59,1,30.0,0.45,20.0,1.0,12,1,200,0.004,100,10.0,1.0,0,49,0,0.7424242424242424,0.3160571678193753,-0.4710640803831263,-0.04893150967430193,0.026926668191834174,0.03775984199293719,0.07502065886378015,1.472692687711545,0.6730159423886792,0.38178366249580914,0.7224999729553248,0.9589299054332401,0.9663697136959593,1.1937383061763287,286.9953215580531
809,20809,35ace65,v2_solver_dt4ms,1,1,0,success,80,44.31088753124274,6.86831667592969,12.67416698422789,61,1,30.0,0.45,20.0,1.0,12,1,200,0.004,100,10.0,1.0,0,54,0,0.675,0.3046374799673613,-0.6898517498495993,0.31149477650127677,0.023941692300963328,0.0354051934856141,0.05926708593071604,0.9891890986579368,0.675016873618471,0.3738941482594883,0.31376624778498613,1.0164889281999583,1.0327194957626111,1.06661111536609,258.25940676284756
810,20810,35ace65,v2_solver_dt4ms,1,1,1,success,91,40.02173973710274,39.85076953858302,0.6300255460078193,88,1,30.0,0.45,20.0,1.0,12,1,200,0.004,100,10.0,1.0,0,75,0,0.8241758241758241,0.3149550576859629,-0.6167107228619099,1.545797503741916,0.023444099338810184,0.03944774916674378,0.05840365305771167,1.541992312645124,1.0933219439982782,0.30001618426081633,0.6244467213591669,1.0246456913264563,1.0871941514743997,0.9940625793345903,291.68961462333135
811,20811,35ace65,v2_solver_dt4ms,1,1,1,success,134,20.055318950654417,8.45025384779859,2.731143433464948,55,1,30.0,0.45,20.0,1.0,12,1,200,0.004,100,10.0,1.0,0,102,0,0.7611940298507462,0.33834819268633454,-0.6598580324212678,-2.997801745939339,0.02210880873944526,0.040138600345887995,0.06096260250318031,1.2087209843599318,1.3781275533805257,0.35868451489066433,0.267668730586361,1.0186270730636002,0.9929144871476888,1.0991063001971701,274.1973026240982
812,20812,35ace65,v2_solver_dt4ms,1,1,1,success,77,21.96679216266319,18.44730038543759,31.163828513756762,69,1,30.0,0.45,20.0,1.0,12,1,200,0.004,100,10.0,1.0,0,62,0,0.8051948051948052,0.3437166862657746,-0.6479049432501647,2.7027178150357667,0.0275881528759337,0.03332448429332014,0.03863555606500854,1.2548642723373367,1.3230975245818475,0.3339339430470437,0.5376246013918711,1.1047024398842267,1.1016188484597689,0.9068458520221166,291.62162377726787
813,20813,35ace65,v2_solver_dt4ms,1,1,1,success,83,12.011772334070807,10.203744898804759,2.585898249972933,56,1,30.0,0.45,20.0,1.0,12,1,200,0.004,100,10.0,1.0,0,74,0,0.891566265060241,0.355684089959778,-0.5568234242497583,-1.1475284379003463,0.025596525157709292,0.039187828110402154,0.046687430018066786,1.203104821533361,1.0878608490281285,0.320900323985273,0.19368514324454303,1.0038087952584853,1.0773918852980457,1.075044933828116,285.7415716026938
814,20814,35ace65,v2_solver_dt4ms,1,1,1,success,45,32.01719148420918,33.81230629717897,0.9833754104792529,42,1,30.0,0.45,20.0,1.0,12,1,200,0.004,100,10.0,1.0,0,41,0,0.9111111111111111,0.3455087344173008,-0.18777170710785496,-1.5448111873436143,0.024573455838631398,0.03806414724961174,0.06565010647868563,1.6355790539697463,1.3227595404718868,0.3813971053802115,0.3193298101298871,1.064634079551813,1.0760377143152775,1.0472492218871503,280.69359146709445
815,20815,35ace65,v2_solver_dt4ms,1,1,1,success,60,27.240063295858437,22.420568377466314,15.338657351219155,50,1,30.0,0.45,20.0,1.0,12,1,200,0.004,100,10.0,1.0,0,44,0,0.7333333333333333,0.37603119468319546,-0.5904434765573939,-2.0261871115045698,0.02214551361346322,0.037151471235800496,0.0931459443286176,1.5336839878309254,1.1124205057976808,0.3879822716972644,0.19553435430115879,1.0166196692345133,0.9080625024729386,0.9926977523560843,286.74286297675064
816,20816,35ace65,v2_solver_dt4ms,1,1,1,success,89,1.6125209523419533,13.199506016590554,14.7596429765773,80,1,30.0,0.45,20.0,1.0,12,1,200,0.004,100,10.0,1.0,0,78,0,0.8764044943820225,0.3013655648802645,-0.6407737363767982,0.8047943508341726,0.02280692753376159,0.03171768947982377,0.08604356173930461,1.979381330311764,1.1961452780672115,0.34602693073169766,0.21892399477145075,0.9986555781111335,1.012775684370411,1.017743696300263,281.83138592259337
817,20817,35ace65,v2_solver_dt4ms,1,1,1,success,67,28.574459951046304,16.233614074637902,9.862025623315974,58,1,30.0,0.45,20.0,1.0,12,1,200,0.004,100,10.0,1.0,0,52,0,0.7761194029850746,0.3206386289755687,-0.6414580545268445,-2.1176448134895756,0.023055160411142188,0.03340684173690098,0.11565677522534679,1.5368840315835284,0.8703643475895344,0.31792058604426143,0.7135874782845679,1.0050725649440977,1.0914264153806192,1.1412411378934277,284.1229497259751
818,20818,35ace65,v2_solver_dt4ms,1,1,1,success,66,17.5224088399228,25.612515848562307,6.634096946845681,59,1,30.0,0.45,20.0,1.0,12,1,200,0.004,100,10.0,1.0,0,55,0,0.8333333333333334,0.3786094626455801,-0.4577065082842816,-0.4976047402271617,0.02055674759740786,0.03677576931668596,0.10716371961488352,1.256983156050664,0.8493263352520191,0.365424119847584,0.7031276312144306,1.0232324289547667,1.0539957358407146,1.0664944956973466,290.26877859291614
819,20819,35ace65,v2_solver_dt4ms,1,1,1,success,51,21.147174157183834,23.793301258507707,10.7118423783764,46,1,30.0,0.45,20.0,1.0,12,1,200,0.004,100,10.0,1.0,0,34,0,0.6666666666666666,0.3180681745347674,-0.19197043377559986,-1.9647840962121808,0.02061497958983439,0.03370587657516125,0.052475541915954306,1.5865280616483113,1.3551753794145855,0.38111186056728225,0.5471265138960766,0.9934326716883974,1.0411106955337759,1.2678055765675427,280.7311304529485
820,20820,35ace65,v2_solver_dt4ms,1,1,1,success,58,28.98079900913554,34.177504809115874,9.45571000660849,48,1,30.0,0.45,20.0,1.0,12,1,200,0.004,100,10.0,1.0,0,47,0,0.8103448275862069,0.3893446245340817,-0.22118963662334146,-0.2022813898312883,0.026597644853148084,0.03147781264055749,0.07483561927325784,1.9646731892282234,0.7740250398077317,0.3304993609128073,0.5846391183134738,1.1161987350089615,1.040875034196065,1.3381513764362445,269.6117045008634
821,20821,35ace65,v2_solver_dt4ms,1,1,1,success,58,20.210887734890772,17.938168853294904,0.4196260668393738,55,1,30.0,0.45,20.0,1.0,12,1,200,0.004,100,10.0,1.0,0,44,0,0.7586206896551724,0.3001517838082862,-0.26817176637034007,2.2249523236686404,0.024645808739427517,0.03137485837691526,0.08581324825230896,1.8276226327459848,1.1516017538637828,0.3785475510794706,0.5976297548428642,0.9397557817285234,1.0288781254631927,1.1919958239856387,284.7247735686817
822,20822,35ace65,v2_solver_dt4ms,1,1,1,success,59,16.542331744894522,22.19367568472631,0.7135013400939971,56,1,30.0,0.45,20.0,1.0,12,1,200,0.004,100,10.0,1.0,0,48,0,0.8135593220338984,0.31349814479078697,-0.46279227135351547,-0.078042390005161,0.02529845936550224,0.034109968722337514,0.09200023438992788,1.716223913513892,1.0768850587110563,0.37375106641966155,0.6295835931818476,1.019955236519961,1.1185287902953858,1.0349178259018614,285.72899045222624
823,20823,35ace65,v2_solver_dt4ms,1,1,1,success,49,14.060847505785953,10.175026087927266,3.841679365333725,42,1,30.0,0.45,20.0,1.0,12,1,200,0.004,100,10.0,1.0,3,36,0,0.7346938775510204,0.3854395707876566,-0.2809122501946542,0.8634444605581635,0.02164145377380167,0.03462468379952044,0.10350998761621373,0.8371184847545038,0.8516570316783625,0.34433505725742874,0.2869761594533302,0.9991353812811697,0.9480645459156619,0.9778911922772886,279.0149663415108
824,20824,35ace65,v2_solver_dt4ms,0,1,0,unsafe,43,260.83541791607064,nan,nan,-1,1,30.0,0.45,20.0,1.0,12,1,200,0.004,100,10.0,1.0,0,35,0,0.813953488372093,0.313898821374599,-0.3607228612933143,2.076441261900511,0.02705490697041691,0.03008709353077727,0.08379141188686962,1.7694342935647203,1.1083468954845856,0.3472921531912693,0.4450613683558665,1.0210856108764956,1.0681531073690809,1.0682796192021655,-17.386498278731572
825,20825,35ace65,v2_solver_dt4ms,0,1,1,timeout,200,23.224385357482618,14.749305092800547,8.948515929829481,65,0,30.0,0.45,20.0,1.0,12,1,200,0.004,100,10.0,1.0,1,185,0,0.925,0.3782142950912695,-0.6305338642878462,3.062160647755525,0.020737227671865584,0.039328024162773714,0.05293908145805163,1.8098713087824043,0.8407917881832029,0.3240909308381837,0.6809210862899433,0.9808026251703507,0.976131425227119,0.9230029720143978,81.30806632100733
826,20826,35ace65,v2_solver_dt4ms,1,1,1,success,46,20.26629924710029,18.471442805681416,1.3884423476064474,43,1,30.0,0.45,20.0,1.0,12,1,200,0.004,100,10.0,1.0,0,38,0,0.8260869565217391,0.3033313207383187,-0.1791706075578583,1.236242326477221,0.021230256637273254,0.030232124372097435,0.04590581630040264,1.2337653967551652,1.1925891188661795,0.308819903738707,0.22399624198928444,1.0075562998722811,0.9581247708292101,0.9607550487202838,278.5767822934133
827,20827,35ace65,v2_solver_dt4ms,0,0,0,unsafe,70,203.7310987410777,nan,nan,-1,0,30.0,0.45,20.0,1.0,12,1,200,0.004,100,10.0,1.0,0,65,0,0.9285714285714286,0.328329941041457,-0.4814044207285255,1.0823142283455356,0.02184191080798277,0.03915819372905462,0.06119543064439249,1.5680267509648353,0.8285259391765787,0.30950343037951433,0.19577268775595472,0.9986188288894632,0.9936323021034374,0.8129045500245317,-49.685062268840404
828,20828,35ace65,v2_solver_dt4ms,1,1,1,success,57,14.75348967364656,30.95139384161296,15.244186365742395,52,1,30.0,0.45,20.0,1.0,12,1,200,0.004,100,10.0,1.0,0,44,0,0.7719298245614035,0.34766715044290397,-0.6899200046725888,1.8420265255327655,0.02514738632242887,0.03704895824504583,0.0335933354217315,1.6857080449090338,0.7141431454530794,0.34758873998555107,0.3429025162211645,1.0739639518599142,0.9654441052974986,1.0888858404069746,288.93776376323126
829,20829,35ace65,v2_solver_dt4ms,1,1,1,success,69,10.326822358653814,19.000762949827827,24.675962056135617,60,1,30.0,0.45,20.0,1.0,12,1,200,0.004,100,10.0,1.0,0,49,0,0.7101449275362319,0.3751814055391549,-0.7010607503394747,-1.42331749130471,0.022608831295430013,0.03183293074196997,0.04793886198978925,1.8690852581392268,0.9610039530202994,0.3877753544998911,0.44784922645334363,0.9881023639516864,1.0378216944724834,0.9108689339642994,294.4479374107242
830,20830,35ace65,v2_solver_dt4ms,1,1,1,success,51,9.713573819420722,30.41521383234644,19.918301586031497,44,1,30.0,0.45,20.0,1.0,12,1,200,0.004,100,10.0,1.0,0,45,0,0.8823529411764706,0.32909486849125513,-0.3233507769762857,1.0898020443017433,0.020563739144127985,0.034991813846745996,0.060064155096439975,1.690889045137808,1.3845421863640746,0.35415069853086795,0.5212380446509853,1.0525904522608855,1.082715717713851,1.1383610072032226,283.031786763959
831,20831,35ace65,v2_solver_dt4ms,0,1,1,timeout,200,8.772700228787667,39.64369742999688,14.586937422143345,57,0,30.0,0.45,20.0,1.0,12,1,200,0.004,100,10.0,1.0,0,180,0,0.9,0.3738765058749634,-0.6795989844517872,-2.7476570954637864,0.021967749721109476,0.03249055616770339,0.07365819612629829,1.660629589542022,0.9490799711245921,0.3702798451753793,0.45518976284736096,1.0273131822616584,1.0157586937316727,1.0539020283812852,78.05687519158722
832,20832,35ace65,v2_solver_dt4ms,1,1,1,success,50,7.800949104535034,12.719856947302505,3.5413360836675887,43,1,30.0,0.45,20.0,1.0,12,1,200,0.004,100,10.0,1.0,0,45,0,0.9,0.32530885569635626,-0.3424599221229831,1.7139578657997987,0.020825233197185097,0.03005699199668228,0.08910996792899177,1.5648703374771902,0.8004883888531259,0.30602348798566265,0.45654461483602105,1.0667265052527812,0.9956900346530182,1.0801489527801944,277.2561122395682
833,20833,35ace65,v2_solver_dt4ms,1,1,1,success,62,7.416322851042764,23.35646914769595,15.380761094153245,55,1,30.0,0.45,20.0,1.0,12,1,200,0.004,100,10.0,1.0,0,54,0,0.8709677419354839,0.3131052588041899,-0.6233739949083889,1.450727592560419,0.023482507482992528,0.035717959582579395,0.10187201652409371,1.5278480261878546,0.7614727184553982,0.3258891463530359,0.47933770635082784,0.9929374881600258,0.9725768292810236,0.9625935646420677,289.3562247979198
834,20834,35ace65,v2_solver_dt4ms,1,1,1,success,62,25.264131196980117,13.003984297427873,13.670925347663871,54,1,30.0,0.45,20.0,1.0,12,1,200,0.004,100,10.0,1.0,0,48,0,0.7741935483870968,0.3481548990947822,-0.5639913872079335,-2.221792040327946,0.0264501104863899,0.03874674332907457,0.03312486994317417,1.1462750438465683,1.344737909931667,0.343187826774153,0.5673990956691938,1.1022952138595123,1.009360970536772,0.9720327255392309,287.1821752966092
835,20835,35ace65,v2_solver_dt4ms,1,1,1,success,59,22.80831580009182,28.76917340114478,6.708235149089761,52,1,30.0,0.45,20.0,1.0,12,1,200,0.004,100,10.0,1.0,0,37,0,0.6271186440677966,0.35161222239563866,-0.5804403203027879,1.5791491858672657,0.026252778001435013,0.035929296706720106,0.09026614242276629,1.6643576319963644,0.7141528165250265,0.32409463921374987,0.43975559995763225,0.9521342433809282,1.0346959937649813,1.1520003582274039,287.54110045279265
836,20836,35ace65,v2_solver_dt4ms,1,1,1,success,63,21.641401816041284,19.640216147682317,7.070127849560599,58,1,30.0,0.45,20.0,1.0,12,1,200,0.004,100,10.0,1.0,0,53,0,0.8412698412698413,0.3019010959463862,-0.5142488975582866,-1.537007213282675,0.02148664519406419,0.03807152807553469,0.11092326451145787,1.7487008224715912,0.8635520016290503,0.38526798129549233,0.6721032699139119,1.033320915772166,0.9477249719212367,0.9308626988969756,285.1027096806314
837,20837,35ace65,v2_solver_dt4ms,1,1,1,success,73,26.650088358013186,32.30381170299445,20.753188264041462,66,1,30.0,0.45,20.0,1.0,12,1,200,0.004,100,10.0,1.0,0,52,0,0.7123287671232876,0.38049107118754727,-0.6664957764671608,2.310591717033855,0.020544350649163975,0.02988437625642354,0.04444457724864358,1.4191850880829995,1.1199582101828893,0.38715908894198836,0.69069685594766,0.9640990141696589,1.07766066235385,0.9715032637380588,296.14237775109837
838,20838,35ace65,v2_solver_dt4ms,1,1,1,success,62,26.360791589131104,17.476264986463118,5.208224501600036,53,1,30.0,0.45,20.0,1.0,12,1,200,0.004,100,10.0,1.0,0,39,0,0.6290322580645161,0.3509689065499193,-0.671220439824875,-0.046873250381579634,0.02723992637880342,0.036683384990180604,0.05136038921455098,1.1328485419193866,0.7301824602973952,0.3547312150499986,0.28228705973309476,0.9941066557910175,1.0243537348968714,1.0682080734730737,288.29193993402725
839,20839,35ace65,v2_solver_dt4ms,1,1,1,success,55,14.577043182331936,13.988572223274016,5.305355463164852,50,1,30.0,0.45,20.0,1.0,12,1,200,0.004,100,10.0,1.0,0,38,0,0.6909090909090909,0.34916360255709095,-0.37725925516680686,-0.3720778753125815,0.02232715429120519,0.034931915366111024,0.04859920291349238,1.783660533092893,1.2045422943169064,0.3706461614809801,0.4682580756322188,0.9918001699662422,1.0470672975972306,1.006782193098898,284.18088453731394
840,20840,35ace65,v2_solver_dt4ms,1,1,1,success,64,14.152995127497796,20.39176920003796,12.596759443642096,57,1,30.0,0.45,20.0,1.0,12,1,200,0.004,100,10.0,1.0,0,40,0,0.625,0.3787952228119255,-0.5981115772766068,2.7065319895403848,0.021018458870904252,0.03460897132827706,0.03634854596671206,1.4060746987551282,0.7745761553402429,0.3778128301159196,0.4490540661963897,0.9675157180240138,1.112559594645196,0.930360681314559,290.8985299652162
841,20841,35ace65,v2_solver_dt4ms,1,1,1,success,66,2.9451375016651404,11.43483658111687,7.22690490281884,54,1,30.0,0.45,20.0,1.0,12,1,200,0.004,100,10.0,1.0,0,58,0,0.8787878787878788,0.3220642666114178,-0.6246342704395278,-2.7039232713804973,0.026309875631082093,0.03958824607964977,0.0847845542243464,1.7908462336291207,1.216898600805091,0.3743556916313815,0.4133964610739562,0.982286815557896,1.077207706791078,1.0145320321018199,285.1968609274358
842,20842,35ace65,v2_solver_dt4ms,1,1,1,success,65,9.677845542566153,11.151544009410088,8.54776794731966,37,1,30.0,0.45,20.0,1.0,12,1,200,0.004,100,10.0,1.0,0,60,0,0.9230769230769231,0.3110485451529789,-0.29363593175075664,2.3839153711990697,0.020476159783488705,0.038768695718381874,0.06747299858323152,0.9435445533165457,0.6063386873965253,0.3182087286617538,0.4169191766603792,1.0893951770465355,1.0462082032649873,0.9216128680805651,277.33920430020976
843,20843,35ace65,v2_solver_dt4ms,1,1,1,success,74,16.418483046711117,11.85351750651644,2.791741490437421,61,1,30.0,0.45,20.0,1.0,12,1,200,0.004,100,10.0,1.0,0,57,0,0.7702702702702703,0.3568478544416499,-0.5865384432942724,-0.8253322940728669,0.02158820358590233,0.04019862796558347,0.04042703162067884,1.8510661193657574,1.2098494825017787,0.3749932314573895,0.447552744131759,0.9853829256522525,1.005959910254869,0.9842196670229424,289.27043426026466
844,20844,35ace65,v2_solver_dt4ms,1,1,1,success,59,13.062517951567328,13.889415951654277,3.544056416660375,47,1,30.0,0.45,20.0,1.0,12,1,200,0.004,100,10.0,1.0,0,39,0,0.6610169491525424,0.3567662980691099,-0.25509104563572454,-1.945469594931309,0.022449777542011957,0.03907266353679402,0.08085593359939716,1.0975022055096997,1.32437874327031,0.30529316196237727,0.5719211278815693,1.0695163624870876,1.012192512798586,1.025353095911437,281.0400554959781
845,20845,35ace65,v2_solver_dt4ms,1,1,1,success,54,17.24297567134222,22.88959562369231,15.859531142799439,45,1,30.0,0.45,20.0,1.0,12,1,200,0.004,100,10.0,1.0,0,48,0,0.8888888888888888,0.36337830412710476,-0.340711208553058,0.675025901514636,0.02255050580540119,0.030927821014665877,0.08358820058695722,1.1621418649976403,1.0622966547395396,0.3132595812484944,0.39219167876060673,0.9237267561157793,1.1000257507618454,1.0378190205644597,281.569385602768
846,20846,35ace65,v2_solver_dt4ms,1,1,1,success,50,23.795498340519135,24.852920754770185,2.5496022247153625,44,1,30.0,0.45,20.0,1.0,12,1,200,0.004,100,10.0,1.0,0,44,0,0.88,0.3369736879851344,-0.32453095279600597,2.376077350128946,0.02688911163967791,0.03298940546463049,0.07960057702510549,1.7844659653355905,0.7700114983911412,0.3782059598893887,0.2746507716235898,1.0382605317009321,0.9877573926772149,1.193030075963848,278.9228233503934
847,20847,35ace65,v2_solver_dt4ms,1,1,1,success,56,35.976085328520526,34.63286741892678,7.5427246473100995,43,1,30.0,0.45,20.0,1.0,12,1,200,0.004,100,10.0,1.0,0,47,0,0.8392857142857143,0.3296177115708494,-0.3961976297933368,-0.4970603812351646,0.02718556174498733,0.03670215316155999,0.10600375586697308,1.447883104815649,0.7373933335726277,0.38813562559570625,0.2763816333680895,1.0975037179059055,1.055333729589608,1.0541281443815143,280.25747620970867
848,20848,35ace65,v2_solver_dt4ms,1,1,1,success,74,13.747525369533362,19.110339189244527,13.356791279920094,68,1,30.0,0.45,20.0,1.0,12,1,200,0.004,100,10.0,1.0,0,66,0,0.8918918918918919,0.3106078564729561,-0.6562440856375522,-0.5882014006714797,0.022279950498432146,0.03625362645675416,0.1187338388048909,0.8491531959415008,0.9988331804039468,0.3893551346712383,0.5380580882093016,1.0084478985633103,1.036236153672988,0.9156466028112624,284.72082056936495
849,20849,35ace65,v2_solver_dt4ms,1,1,1,success,56,18.486190829696252,23.33853506327947,6.999994990413194,48,1,30.0,0.45,20.0,1.0,12,1,200,0.004,100,10.0,1.0,0,47,0,0.8392857142857143,0.3248091958515193,-0.3596212280289211,-2.7506313706557597,0.022133075682349006,0.039464530313728194,0.11239211561092335,1.4563896916274137,0.6607320999529812,0.325615102340603,0.5044275117097815,1.0194892958441921,1.0124312982594061,1.0569272125510134,281.95640599301646
850,20850,35ace65,v2_solver_dt4ms,1,1,1,success,54,10.286711976384515,18.65602693742529,7.277146884897111,48,1,30.0,0.45,20.0,1.0,12,1,200,0.004,100,10.0,1.0,0,45,0,0.8333333333333334,0.3314191752355539,-0.269475206510593,-2.4982516362229643,0.023082488677167105,0.02984173939077924,0.0718121276869381,1.000642960682298,0.6046933644299247,0.30870950354301596,0.6306498258532045,1.0253611100933453,0.9407299365295262,1.0765681395523705,286.2251664446779
851,20851,35ace65,v2_solver_dt4ms,1,1,1,success,65,23.998186075340712,26.389926052724523,4.945733634860464,61,1,30.0,0.45,20.0,1.0,12,1,200,0.004,100,10.0,1.0,0,48,0,0.7384615384615385,0.3049824411347467,-0.5678100625950556,-2.3524392691544826,0.025688024316230088,0.033551546753005576,0.08203931241468362,1.1351496795137042,1.1135385831306706,0.36463341871210686,0.6718871301976085,1.0077827547867821,1.0168085636719095,1.1708875220366068,289.47912564274145
852,20852,35ace65,v2_solver_dt4ms,1,1,1,success,62,17.790766442273913,10.504800765277235,25.445226273286366,49,1,30.0,0.45,20.0,1.0,12,1,200,0.004,100,10.0,1.0,0,44,0,0.7096774193548387,0.3883276848588416,-0.5555192612627566,2.167795972554255,0.022345756256774527,0.030144664961712198,0.10745989963020129,0.9744834593374752,1.1519506322943367,0.3201422904540593,0.2058253104660698,0.9891804860891631,1.1214992359395146,1.1237736425851916,288.149914213501
853,20853,35ace65,v2_solver_dt4ms,1,1,1,success,81,33.606392280977424,18.472882604885296,16.437259320558226,72,1,30.0,0.45,20.0,1.0,12,1,200,0.004,100,10.0,1.0,0,57,0,0.7037037037037037,0.37027613686355926,-0.7057827948685685,-2.1690260265569057,0.02596534709806618,0.0370554891642174,0.07898145450407787,1.5500616572970667,0.9746675501381388,0.34953586567576994,0.65151872436204,1.0040893762445986,1.07014271438632,0.9418741144598525,290.2122336952626
854,20854,35ace65,v2_solver_dt4ms,1,1,1,success,68,37.48096707503239,3.8398955334973897,19.392249130033182,42,1,30.0,0.45,20.0,1.0,12,1,200,0.004,100,10.0,1.0,0,57,0,0.8382352941176471,0.3389262080665801,-0.2822455207414995,-3.1079457789565352,0.02310980150776505,0.03716642836980753,0.11709732860520476,0.9054727047607184,0.6392628189743373,0.325226438858878,0.25910553526386093,1.0220614869982099,0.9199349875899114,1.0165608970588362,275.78513417753305
855,20855,35ace65,v2_solver_dt4ms,1,1,1,success,70,10.409211143437577,27.779236165813177,5.7983475662142645,62,1,30.0,0.45,20.0,1.0,12,1,200,0.004,100,10.0,1.0,3,63,0,0.9,0.3648841888699378,-0.6590609163532654,0.36769299519775034,0.025292685299875963,0.03833738083434242,0.04271224150392717,0.9476484674901956,0.917240010301481,0.3557983181505566,0.6916520444559717,0.9942322794987211,1.063550028953561,1.3016940097288368,290.69998601259164
856,20856,35ace65,v2_solver_dt4ms,1,1,1,success,53,28.57474178904515,21.264444269567925,7.517839539175231,46,1,30.0,0.45,20.0,1.0,12,1,200,0.004,100,10.0,1.0,0,39,0,0.7358490566037735,0.37203580821128635,-0.2479338340749917,3.1188799747081637,0.02483590200343974,0.0321253782946672,0.0774987960768389,1.114361967130808,0.7590215297882632,0.3641038307964152,0.1980291579238015,1.039724487754692,0.9559427652531767,0.9887930918966856,280.41400365186894
857,20857,35ace65,v2_solver_dt4ms,1,1,1,success,68,17.674360030945916,17.373507388831705,7.963392760773577,58,1,30.0,0.45,20.0,1.0,12,1,200,0.004,100,10.0,1.0,0,51,0,0.75,0.3400180944720461,-0.5222777898369081,0.7392391748845224,0.02255093738498056,0.03955258065672475,0.1078554966058828,0.9274892283114846,1.0348406326210415,0.3780538340341691,0.6193702532965931,1.1378070279592143,1.016824256765496,1.1657234662195335,289.23539984920666
858,20858,35ace65,v2_solver_dt4ms,1,1,1,success,69,18.265606522283065,12.638022774066746,18.716654563416135,64,1,30.0,0.45,20.0,1.0,12,1,200,0.004,100,10.0,1.0,0,54,0,0.782608695652174,0.3243764568341684,-0.5969830635462035,-3.124699689389658,0.02630401957385934,0.03500820497275535,0.04037177104821601,1.3303503927744775,0.7519260371881427,0.32486616450376754,0.64398876134116,1.0765254960536592,0.9825729024206363,1.135315824476076,288.6376630019258
859,20859,35ace65,v2_solver_dt4ms,1,1,1,success,65,27.95387607949858,32.70746878985522,0.2502120286681317,59,1,30.0,0.45,20.0,1.0,12,1,200,0.004,100,10.0,1.0,0,49,0,0.7538461538461538,0.349683596032934,-0.4704095562992601,1.9455905886130225,0.026433035043580935,0.03272379863153206,0.07828265048642383,1.349315092168906,1.3082027351622485,0.30410266046102524,0.5948645349182702,1.069649306064939,1.0421515298187949,1.0745847969570512,290.1277119842585
860,20860,35ace65,v2_solver_dt4ms,1,1,1,success,55,4.63271591260203,20.71165286866791,16.958799392472734,46,1,30.0,0.45,20.0,1.0,12,1,200,0.004,100,10.0,1.0,4,49,0,0.8909090909090909,0.3642332892475437,-0.3322432145688827,1.5273854206132427,0.021095966678255054,0.03782066943221229,0.07753089476861838,1.1772049043655408,0.6564391711745954,0.3014959420201022,0.6073140539373987,1.0536405469208492,0.9806049529016247,1.098521943450143,282.48556722303243
861,20861,35ace65,v2_solver_dt4ms,1,1,1,success,53,7.770391751413889,13.110231854185406,12.781929831623478,47,1,30.0,0.45,20.0,1.0,12,1,200,0.004,100,10.0,1.0,0,39,0,0.7358490566037735,0.38703255321402075,-0.1896291312983147,-0.7398305601967063,0.022311038603345313,0.03056886101339502,0.06539508346248288,1.7916023145372502,1.0637445207876175,0.31798757057020854,0.4179332042265751,1.0107976600687743,1.0563497683335477,0.9282610163615969,282.15375162492955
862,20862,35ace65,v2_solver_dt4ms,1,1,1,success,56,14.175914854672865,19.05736532590533,3.915471208519157,50,1,30.0,0.45,20.0,1.0,12,1,200,0.004,100,10.0,1.0,0,41,0,0.7321428571428571,0.3356314080389501,-0.44959751378815804,-1.5613554360846822,0.023359208525653173,0.0332369741030299,0.11151161729234266,1.839037194084946,1.0769478341092906,0.37943827404905955,0.4104788317279875,1.0172148855157916,1.061260051368124,0.9773240702912924,283.49530763768723
863,20863,35ace65,v2_solver_dt4ms,1,1,1,success,74,21.963517263432323,36.08042775182794,17.805843829791705,61,1,30.0,0.45,20.0,1.0,12,1,200,0.004,100,10.0,1.0,0,65,0,0.8783783783783784,0.3830865965512994,-0.6460944484816844,-0.5080008327493952,0.025013293111033383,0.030095221906480975,0.07669370218035687,1.9719396572182228,0.7061698656417056,0.3448810385434266,0.6010488628944153,0.9913736923873441,1.0385099333076364,1.1802770838446466,293.89011016140375
864,20864,35ace65,v2_solver_dt4ms,1,1,1,success,120,9.836080857641717,9.647237387147394,9.906713011409058,57,1,30.0,0.45,20.0,1.0,12,1,200,0.004,100,10.0,1.0,0,97,0,0.8083333333333333,0.3347014567915932,-0.5757146325663349,-2.081909025132819,0.026498553294994637,0.03855214120919945,0.09896551556365707,1.4999100621091355,1.2675157413736713,0.3333816006092249,0.20404485859288107,0.8686148471282417,1.0106695617948989,1.1638701218983045,271.4808355153439
865,20865,35ace65,v2_solver_dt4ms,1,1,1,success,59,37.50607131100819,21.09761381991172,20.470062435680887,37,1,30.0,0.45,20.0,1.0,12,1,200,0.004,100,10.0,1.0,0,45,0,0.7627118644067796,0.31748585799489804,-0.23402457127986337,-1.8123665685915487,0.021263755468650378,0.03648502437033569,0.09465630499261657,1.5780498713412843,1.3227585123111718,0.3754196867460836,0.1908973583637931,1.0651029943261163,0.9598709699478692,1.1790555570194454,277.7042074680416
866,20866,35ace65,v2_solver_dt4ms,1,1,1,success,59,17.529796791539283,12.197145821097745,6.406940839008413,52,1,30.0,0.45,20.0,1.0,12,1,200,0.004,100,10.0,1.0,0,46,0,0.7796610169491526,0.34633400056399866,-0.46740134964204766,0.6018717701018028,0.027212046380270933,0.03811521172480905,0.11798765858676964,1.938430662613445,0.8919240706643244,0.35546264181138004,0.428691668855759,0.9951754398245019,1.0094163962151061,1.01146899730863,285.3703012991996
867,20867,35ace65,v2_solver_dt4ms,1,1,1,success,59,7.374182950037175,15.137655660710463,14.146572155488348,51,1,30.0,0.45,20.0,1.0,12,1,200,0.004,100,10.0,1.0,0,43,0,0.7288135593220338,0.35566099203184737,-0.49613918656046707,-0.405115210014952,0.023028249984179253,0.039044158387236114,0.047649782542833356,1.4678482033182747,1.1299031622901832,0.3583616749433532,0.3073065125698508,0.9660251541228604,1.0221770789273805,1.23626073916824,286.7776538668521
868,20868,35ace65,v2_solver_dt4ms,1,1,1,success,58,26.066464280971363,28.88139843695492,15.412993951030993,49,1,30.0,0.45,20.0,1.0,12,1,200,0.004,100,10.0,1.0,0,44,0,0.7586206896551724,0.3089772402586141,-0.45215198288061637,-1.1929468777657997,0.021023733193277796,0.034651403747824584,0.10170240792447288,0.8626684311160754,0.6231931909382282,0.32635410509030516,0.5691342948804714,1.0077532315198252,0.9651083979485283,1.0961236177542548,283.3199770324212
869,20869,35ace65,v2_solver_dt4ms,1,1,1,success,67,14.805793151820977,11.78330714297177,3.9078131275354124,57,1,30.0,0.45,20.0,1.0,12,1,200,0.004,100,10.0,1.0,0,50,0,0.746268656716418,0.3067126429596189,-0.5464728135468085,0.33079466737732544,0.025400102910581392,0.03773979420019727,0.05229831553557703,1.672355888960401,0.9184969274500876,0.3364238949123358,0.5739154507998756,1.0431644060833971,1.0391248118842877,1.1268505107687996,287.3387333168855
870,20870,35ace65,v2_solver_dt4ms,1,1,1,success,63,9.414286235961637,28.48566664298248,18.475290112907597,50,1,30.0,0.45,20.0,1.0,12,1,200,0.004,100,10.0,1.0,0,53,0,0.8412698412698413,0.32531659859578693,-0.5204415899736751,2.245647371983858,0.025596131299122152,0.04024031474732332,0.04089193441505806,1.8945967689702967,1.1636805951567153,0.31018654237278886,0.5457979857411243,1.0219283363011273,1.0744701324226222,0.8228764917580607,284.29756474286745
871,20871,35ace65,v2_solver_dt4ms,1,1,1,success,51,5.438315581442222,6.930395160758581,6.375289622223569,45,1,30.0,0.45,20.0,1.0,12,1,200,0.004,100,10.0,1.0,0,37,0,0.7254901960784313,0.3342047107206135,-0.23668874982108162,-1.825667719999512,0.023959840747020972,0.03293539428308807,0.10261453840779411,1.9065643465012527,0.859575651466939,0.33584520425336484,0.39495886538898173,1.02457844385841,1.070832597082694,0.824829064112946,281.68795968745764
872,20872,35ace65,v2_solver_dt4ms,0,0,0,timeout,200,306.73883380024427,nan,nan,-1,1,30.0,0.45,20.0,1.0,12,1,200,0.004,100,10.0,1.0,0,193,0,0.965,0.32249264617384743,-0.47298966817071614,2.732359997498084,0.02729154362000831,0.039791586137317966,0.07824965106894065,1.3249591707641368,0.6909289089581235,0.32094198685917613,0.6187943956016859,1.0467651133035158,1.0815468559979275,0.9689917274783513,-6.432111666894021
873,20873,35ace65,v2_solver_dt4ms,1,1,1,success,54,22.627189147163538,32.706913539482414,15.92290069039485,45,1,30.0,0.45,20.0,1.0,12,1,200,0.004,100,10.0,1.0,3,41,0,0.7592592592592593,0.34501022257901437,-0.3812877335630227,-1.7502933967139107,0.020603816653668585,0.03949887802941361,0.08690383056095696,0.9475313588287191,1.0809643596282221,0.30585024320532317,0.49588873984627385,1.0363737024037536,0.9966607825785853,0.971550667809851,282.8241404121743
874,20874,35ace65,v2_solver_dt4ms,1,1,1,success,67,4.054243801054252,30.890097658692714,14.373463091097207,61,1,30.0,0.45,20.0,1.0,12,1,200,0.004,100,10.0,1.0,0,54,0,0.8059701492537313,0.383787945285939,-0.7051831857941842,2.15810282504576,0.023867568057867168,0.031483345474168783,0.047807939138097916,1.2350850551540096,1.2207658804954202,0.36601476762786356,0.5493994295905894,1.009227500863817,1.0153001587877162,1.1509016406222385,291.9056194890299
875,20875,35ace65,v2_solver_dt4ms,1,1,1,success,63,5.085554446168772,15.911835391837347,10.39563447189343,57,1,30.0,0.45,20.0,1.0,12,1,200,0.004,100,10.0,1.0,0,51,0,0.8095238095238095,0.3316486342139482,-0.6960540621435335,1.5724811130941472,0.022472949024922684,0.03549900967190112,0.06267404872693261,1.8314274384440352,0.7730572070517371,0.3668987251558911,0.36835497659500444,0.996848093867779,1.007686357146762,1.0915539057734107,290.013219160724
876,20876,35ace65,v2_solver_dt4ms,1,1,1,success,63,6.316936551081028,27.84009874213176,8.14170547292124,57,1,30.0,0.45,20.0,1.0,12,1,200,0.004,100,10.0,1.0,0,39,0,0.6190476190476191,0.35543651907803936,-0.6277031006568821,2.147058378825319,0.025263549432933033,0.030521228185463323,0.08148499241314619,1.8064626302266213,1.154853128794701,0.33793964249994796,0.4996116736601553,0.9500144212640101,1.087890488105119,1.123335068009291,290.1617204144197
877,20877,35ace65,v2_solver_dt4ms,1,1,1,success,100,21.940205487295994,17.625937406156947,6.150216186564108,96,1,30.0,0.45,20.0,1.0,12,1,200,0.004,100,10.0,1.0,0,86,0,0.86,0.37550327350942264,-0.5396096615562422,1.6259217063915177,0.02615156367923653,0.03203805369701243,0.11839879087884271,1.8622110724978396,0.6975411378270113,0.3158999221765245,0.19028482339693206,1.0457879592584332,0.9745084789731903,1.1244214028798152,275.8332678799424
878,20878,35ace65,v2_solver_dt4ms,1,1,1,success,62,23.387321074864712,26.653840316893255,22.936026506228885,54,1,30.0,0.45,20.0,1.0,12,1,200,0.004,100,10.0,1.0,3,53,0,0.8548387096774194,0.38636650930681116,-0.6533496791647528,1.2290361562863534,0.02635895318664961,0.03532938235672485,0.03828025765728093,1.0381287897290512,0.9676900018850538,0.3439513700759489,0.3278029057867223,0.9444634359422727,1.0854589310418066,0.973037956414827,287.7995290541579
879,20879,35ace65,v2_solver_dt4ms,1,1,1,success,42,13.24958178423346,7.4950059576204335,21.38512831319484,34,1,30.0,0.45,20.0,1.0,12,1,200,0.004,100,10.0,1.0,1,36,0,0.8571428571428571,0.3526588924463681,-0.26374618063919253,1.249870436739168,0.021900592827213714,0.038124358615666994,0.11371199635389333,1.9322615304065651,1.3664440680823695,0.3091004952618729,0.3436695992746258,1.0604948962997305,0.9717408669773057,1.0223867347723727,278.98477821412524
880,20880,35ace65,v2_solver_dt4ms,1,1,1,success,60,11.014431727043531,22.92639859942535,13.44610971252396,50,1,30.0,0.45,20.0,1.0,12,1,200,0.004,100,10.0,1.0,4,49,0,0.8166666666666667,0.38717598419455523,-0.560125155580745,1.003924314866782,0.026502119093532134,0.03848389134431423,0.04913497593481975,1.684614093050292,1.3721955015001388,0.3209644435726872,0.3603041859106776,0.9957184640775691,1.06602256797566,0.9135308915196194,285.1878113521955
881,20881,35ace65,v2_solver_dt4ms,1,1,1,success,54,16.298581267441584,13.806015067738937,20.215044394507682,46,1,30.0,0.45,20.0,1.0,12,1,200,0.004,100,10.0,1.0,0,49,0,0.9074074074074074,0.3533966991802157,-0.5508153118492631,-1.8602926918433433,0.026439170828558015,0.03058152105667893,0.048666890516379194,1.5172519091509238,1.2495566860975151,0.3096089531624213,0.18738543266680133,1.0585678827461014,1.0304192520109299,1.1061666289146506,284.12367783293354
882,20882,35ace65,v2_solver_dt4ms,1,1,1,success,53,18.38902336566502,19.549010687766984,16.725129321777697,49,1,30.0,0.45,20.0,1.0,12,1,200,0.004,100,10.0,1.0,0,40,0,0.7547169811320755,0.33082842833767845,-0.1827537325250933,3.0089125552999088,0.025853260257025324,0.030618767216375624,0.06517563957894247,0.9402514424962696,1.3493578622492035,0.3345900991951941,0.34104262285694764,0.9887858514582535,1.01492208541971,0.9522412123154398,265.8270630939803
883,20883,35ace65,v2_solver_dt4ms,1,1,1,success,59,11.880780873644108,7.887497841923656,4.09272297462312,51,1,30.0,0.45,20.0,1.0,12,1,200,0.004,100,10.0,1.0,0,48,0,0.8135593220338984,0.3154684203049799,-0.386397661202905,-2.223277774151588,0.023243320406387147,0.030270548004504738,0.05395732777083256,1.0485766561410954,0.8156205726224135,0.302237795005062,0.1700953297934109,1.0923522705730853,0.9763699138243948,0.9653432786227574,284.09437481766184
884,20884,35ace65,v2_solver_dt4ms,0,1,0,timeout,200,51.75330976676372,48.94074183709212,6.151828289095751,88,1,30.0,0.45,20.0,1.0,12,1,200,0.004,100,10.0,1.0,0,184,0,0.92,0.38599543619776966,-0.7066905754297339,0.3689410523786236,0.02718540227263821,0.038844177322194494,0.0573653587063008,1.7644481338015199,0.8907312399037028,0.34737410725711554,0.684747138096155,0.946050683987081,1.0783626215674158,1.1145571387369873,85.11455381201777
885,20885,35ace65,v2_solver_dt4ms,1,1,1,success,59,9.334360802558235,14.965448842212018,0.2959900768596106,56,1,30.0,0.45,20.0,1.0,12,1,200,0.004,100,10.0,1.0,0,45,0,0.7627118644067796,0.3722810135188142,-0.26706082511909834,0.307564058803238,0.025651557143141525,0.034654726155562234,0.0509057622536145,1.7193479965134313,1.029837404332518,0.34816194986661836,0.6562486156122578,1.0669537299286944,1.0344520379791653,1.0367167852448547,282.47610865685505
886,20886,35ace65,v2_solver_dt4ms,1,1,1,success,62,27.77443865889098,18.99125755688756,10.198870204666969,51,1,30.0,0.45,20.0,1.0,12,1,200,0.004,100,10.0,1.0,0,56,0,0.9032258064516129,0.32883635578932274,-0.24097912792293352,1.0596526424329236,0.025390125005457887,0.03775574692561279,0.09927911436379759,1.0788901978311236,0.8149022504007604,0.3631948457461182,0.7082187672655486,0.979768884730505,1.1017939073500305,1.1178208638564786,283.642598897709
887,20887,35ace65,v2_solver_dt4ms,1,1,1,success,66,20.961641272339904,26.360764116999874,19.146420931443622,58,1,30.0,0.45,20.0,1.0,12,1,200,0.004,100,10.0,1.0,0,51,0,0.7727272727272727,0.33886126753482526,-0.7140450479308349,-3.012854767825121,0.021741361393682858,0.03231502739009235,0.057259164606607,0.8774590440861544,0.734050867618806,0.35059826766377344,0.5161554925227814,1.013043566132351,0.9753091848220767,1.036361713036043,290.54190683980084
888,20888,35ace65,v2_solver_dt4ms,1,1,1,success,72,17.526363446632377,15.433569984385096,7.241537078895446,60,1,30.0,0.45,20.0,1.0,12,1,200,0.004,100,10.0,1.0,0,46,0,0.6388888888888888,0.34062159528970354,-0.728606074797226,-2.922640978983499,0.025630743038631044,0.03931071450681108,0.04534667235001162,1.7661241938538543,0.638343198826382,0.3682762622074048,0.32038675860595983,1.0415674115182971,1.0403957746435224,1.1316040792326327,289.07942539714736
889,20889,35ace65,v2_solver_dt4ms,1,1,1,success,63,19.346205555777146,20.434750116609354,11.472119198917518,56,1,30.0,0.45,20.0,1.0,12,1,200,0.004,100,10.0,1.0,3,50,0,0.7936507936507936,0.3315996339700917,-0.37195489994771413,1.806684675516708,0.021364691965417286,0.03788635627957061,0.04848249502580304,1.988038108991414,1.2098169698410461,0.3416779062600117,0.6658003760757011,1.0535387052703247,0.9550225471134403,0.9962562571294782,284.44572108794233
890,20890,35ace65,v2_solver_dt4ms,1,1,1,success,52,11.697016738072804,17.666611303549917,4.279691990785999,45,1,30.0,0.45,20.0,1.0,12,1,200,0.004,100,10.0,1.0,0,38,0,0.7307692307692307,0.3410077032813787,-0.4532364227708702,-2.507796565261499,0.02512537053181319,0.033662000049163844,0.10507364344179217,0.8702089220660474,0.7218308372892761,0.331964031363235,0.43312175465909586,0.988534172773098,1.065513574703082,1.2135386237589945,284.8248690587776
891,20891,35ace65,v2_solver_dt4ms,1,1,1,success,67,13.640025925156223,14.238035956985138,2.957075362093191,61,1,30.0,0.45,20.0,1.0,12,1,200,0.004,100,10.0,1.0,0,56,0,0.835820895522388,0.3171143065178663,-0.5253662041008224,1.1487653000004174,0.02370984405914911,0.036626259375415256,0.04803037766918918,1.4574759276794058,0.7359841217169647,0.3072687100312193,0.7138249338416531,1.0639654617233696,0.9724846635914893,0.8140303609682515,288.4832634153462
892,20892,35ace65,v2_solver_dt4ms,0,1,0,timeout,200,61.17183949162513,46.196375156646916,22.507606536009504,74,1,30.0,0.45,20.0,1.0,12,1,200,0.004,100,10.0,1.0,0,181,0,0.905,0.32610212016964435,-0.3672108875213725,-2.865196902873061,0.027216280730533123,0.034056580848437865,0.081306878290414,1.7108493911410494,1.3423639229068984,0.3739866581037556,0.5240583240003861,1.0640010958856447,1.1064501851100814,0.9591089356178242,53.327427692679045
893,20893,35ace65,v2_solver_dt4ms,0,1,0,timeout,200,279.19932361734493,nan,nan,-1,1,30.0,0.45,20.0,1.0,12,1,200,0.004,100,10.0,1.0,0,168,0,0.84,0.3150554447381099,-0.3051783927263341,-0.8732562137808881,0.027293817112371475,0.035643503904447364,0.09000335907416956,0.990790204065578,1.272331511835688,0.35707245437515633,0.6402779499451697,1.0570999967265269,1.0200476838844008,1.1506051883652237,3.2847129658476937
894,20894,35ace65,v2_solver_dt4ms,1,1,1,success,54,13.10651921244306,23.048951070498454,6.275684582155524,48,1,30.0,0.45,20.0,1.0,12,1,200,0.004,100,10.0,1.0,0,39,0,0.7222222222222222,0.3481556623934491,-0.40493234049244065,-1.7584369306860144,0.021170569418775945,0.03739599253253967,0.11691475769326509,1.4171136068742398,1.1379814176828795,0.37422339715005254,0.454681001671564,0.9442782412307177,1.0157470761515188,1.2668892371660854,285.5417911452246
895,20895,35ace65,v2_solver_dt4ms,1,1,1,success,56,12.535580618260042,23.317334135050874,1.3677097720654379,50,1,30.0,0.45,20.0,1.0,12,1,200,0.004,100,10.0,1.0,0,42,0,0.75,0.37365095130772497,-0.32515152580180645,-0.7883180139329444,0.02466755184270448,0.030312926867156333,0.11910948623531536,1.1542496080477869,1.0248982580618216,0.35093204057912664,0.5123671089320715,0.9813563347585832,1.0418301948025044,1.0921469867359073,287.3115951326504
896,20896,35ace65,v2_solver_dt4ms,1,1,1,success,67,19.26251750935546,25.37490981551846,10.102515966231588,58,1,30.0,0.45,20.0,1.0,12,1,200,0.004,100,10.0,1.0,0,44,0,0.6567164179104478,0.35276262341735387,-0.5758916090996948,-0.4286919488787655,0.021012291990622236,0.03254048852276197,0.09067869049503277,1.9339755754859234,1.0234248153177843,0.3453114352160433,0.42116776287421587,0.9708174296545639,1.0381237704977726,0.8048577572290351,289.03724337709707
897,20897,35ace65,v2_solver_dt4ms,1,1,1,success,64,16.65075138600162,16.914458309466514,1.7837470041509385,60,1,30.0,0.45,20.0,1.0,12,1,200,0.004,100,10.0,1.0,0,48,0,0.75,0.3044759638657638,-0.586542391698641,-1.4107616902148143,0.022417380154047435,0.03510434026949566,0.053674035604765,1.9524505614311332,0.6414841426378944,0.3809269766548216,0.6524058290316533,1.1057639709709313,1.1047938825313395,1.0974634508680658,287.7683890686519
898,20898,35ace65,v2_solver_dt4ms,1,1,1,success,60,13.446579082582982,21.320759689057283,6.115594824702974,51,1,30.0,0.45,20.0,1.0,12,1,200,0.004,100,10.0,1.0,0,48,0,0.8,0.337105091298126,-0.448659052307326,-2.4923136765005,0.02667431847151159,0.030709702909933106,0.05006135193853051,1.1380959623667983,1.3672489680152353,0.3222051579745813,0.6113780587479104,1.0133879321358934,1.0283815411210795,1.0945443154275063,285.846804021757
899,20899,35ace65,v2_solver_dt4ms,1,1,1,success,48,12.006603941222489,10.09469546734049,18.21423012154698,41,1,30.0,0.45,20.0,1.0,12,1,200,0.004,100,10.0,1.0,0,35,0,0.7291666666666666,0.38620782834954737,-0.1708910100880242,-0.4564486117994697,0.02309545372439078,0.03689828500519472,0.09084758482314165,1.66786648783,1.394251954796892,0.3100365614428333,0.5516510379180359,1.012830835388745,0.9580789643951448,1.1879602507805123,281.8768460222758
900,20900,35ace65,v2_solver_dt4ms,1,1,1,success,49,7.899778900016117,8.734505938714802,3.173429805184236,41,1,30.0,0.45,20.0,1.0,12,1,200,0.004,100,10.0,1.0,0,36,0,0.7346938775510204,0.3229031721958526,-0.17494464329368764,2.0724344173419444,0.0252729357486431,0.039077598308704026,0.07442239177988696,1.1234700567060563,0.9960410948764247,0.3265715353447961,0.34142656855259734,1.1297665625149882,0.9188469257351747,1.0769338037997207,278.78580147185966
901,20901,35ace65,v2_solver_dt4ms,1,1,1,success,67,14.82242671025259,26.31887036231388,6.404910059306991,60,1,30.0,0.45,20.0,1.0,12,1,200,0.004,100,10.0,1.0,0,52,0,0.7761194029850746,0.3471363510178838,-0.6319437962364054,-1.8880955427718347,0.02305118497480112,0.03655722119901321,0.10711862756746954,1.7192985574665738,0.7489742505446729,0.3638299632902946,0.6403768855500116,1.052525608672457,1.0088502065847873,0.9565308384152822,290.28148183401026
902,20902,35ace65,v2_solver_dt4ms,1,1,1,success,70,5.795235649094414,14.9738664142153,5.432637069312553,44,1,30.0,0.45,20.0,1.0,12,1,200,0.004,100,10.0,1.0,0,60,0,0.8571428571428571,0.34280878627862754,-0.23641150060743465,2.965018695545753,0.021589925760622377,0.029810165346359052,0.07830133675348888,1.167514321464732,1.3721659238067587,0.31818009130448444,0.1713836600433689,0.9928617294622539,1.0170950145078241,1.0431999430792596,278.2075994848886
903,20903,35ace65,v2_solver_dt4ms,1,1,1,success,62,9.47266373105981,22.391689652233826,10.757149130622018,55,1,30.0,0.45,20.0,1.0,12,1,200,0.004,100,10.0,1.0,0,53,0,0.8548387096774194,0.37063303648147705,-0.6755680696965685,-2.3623335688875873,0.02652108421525077,0.03566251099146466,0.05105276792127214,0.8734312353120196,0.8778966293672984,0.32838044977874525,0.3231212428195355,1.0098329475307433,1.0399552883439003,1.0673305120886512,295.03152248403734
904,20904,35ace65,v2_solver_dt4ms,1,1,1,success,57,4.106957823667729,16.02374609133526,12.831480891777074,52,1,30.0,0.45,20.0,1.0,12,1,200,0.004,100,10.0,1.0,0,47,0,0.8245614035087719,0.32289951207309875,-0.37210157370058444,-2.968766009741314,0.025244941565786414,0.03010863894612193,0.030699352383209852,1.0320543711893522,1.0817902612338142,0.37249313506790915,0.48596196543015985,1.018144394994113,0.9905533076402409,0.9414200564333322,283.7219281707197
905,20905,35ace65,v2_solver_dt4ms,1,1,1,success,60,8.452833647637952,7.550613529265204,2.750411475458879,52,1,30.0,0.45,20.0,1.0,12,1,200,0.004,100,10.0,1.0,0,40,0,0.6666666666666666,0.34736909706732816,-0.6954757418530108,-0.4599608235241326,0.020901507945357247,0.03592043738230144,0.030968386231489765,1.555181299367888,0.681668650749833,0.36787475592794433,0.2642521495007833,0.9610586679315466,0.9884115471233953,0.8412234071311354,289.370503621793
906,20906,35ace65,v2_solver_dt4ms,1,1,1,success,74,24.48608200671084,56.25888968620181,31.24935814023482,64,1,30.0,0.45,20.0,1.0,12,1,200,0.004,100,10.0,1.0,0,65,0,0.8783783783783784,0.3022213286112389,-0.4742006547533281,1.140761210113336,0.02743099372721867,0.035423812552253506,0.11822722089938922,0.9881988704935853,1.329175641795267,0.3859389750705713,0.5766700087934115,1.0925277274518805,1.0393280648942353,1.2468859405478487,266.8480860492058
907,20907,35ace65,v2_solver_dt4ms,1,1,1,success,60,13.31076786107261,19.473674839197997,8.583889628705387,53,1,30.0,0.45,20.0,1.0,12,1,200,0.004,100,10.0,1.0,0,42,0,0.7,0.3645851676336178,-0.6326465240189177,-1.3158399435361827,0.02248595514566482,0.03072954460806069,0.042816568932071586,1.5371611264862826,0.8800484977557169,0.3342918613128777,0.3930746640822096,0.9493963992588551,0.9502506708844075,1.0463277090568766,290.42417030659846
908,20908,35ace65,v2_solver_dt4ms,1,1,1,success,67,17.048656868423695,29.18497675145652,5.211126564486014,59,1,30.0,0.45,20.0,1.0,12,1,200,0.004,100,10.0,1.0,0,51,0,0.7611940298507462,0.37764102850684056,-0.5829398331180055,1.600914678585946,0.02390553310800446,0.03316312793959875,0.112444397079629,0.8613921458479714,0.685231854180368,0.36159643009424725,0.4218849267828614,0.9943316994458955,0.9828982925387855,1.0396242092998564,290.08144694468467
909,20909,35ace65,v2_solver_dt4ms,1,1,1,success,55,11.097819207407525,29.43584690459788,19.77345987226712,49,1,30.0,0.45,20.0,1.0,12,1,200,0.004,100,10.0,1.0,0,41,0,0.7454545454545455,0.32754500660596153,-0.4093530155940487,1.4369600641197184,0.022234205321868993,0.031238645217233227,0.08847237986496052,1.7272572852284298,1.336675568153865,0.3832446092049671,0.4061529310309151,0.9270767675761615,1.0102098956513315,0.9224415580655988,284.73061329731735
910,20910,35ace65,v2_solver_dt4ms,1,1,1,success,48,9.46226457705563,12.835933947294274,8.962320008771712,40,1,30.0,0.45,20.0,1.0,12,1,200,0.004,100,10.0,1.0,0,34,0,0.7083333333333334,0.36313631529624524,-0.1841215766351454,-2.1630316109470726,0.024225914641505763,0.029952498709218192,0.055325056573274384,1.550021904536817,1.0443954261453905,0.3203948504394139,0.1987306331607967,0.9839551438003812,1.0191599461082463,0.8698023875202018,278.1236448479784
911,20911,35ace65,v2_solver_dt4ms,1,1,1,success,65,16.474825102414247,7.681381296302029,13.983897063916528,48,1,30.0,0.45,20.0,1.0,12,1,200,0.004,100,10.0,1.0,0,47,0,0.7230769230769231,0.3540391459533105,-0.5902400056541854,-1.8563788561696764,0.02172765008118086,0.03922158299030753,0.11210026081091687,1.133018657612918,1.0352559716418608,0.3250765394106506,0.18189427129873229,1.0233636114346722,1.0128186993038066,0.95590884895946,285.3587735640226
912,20912,35ace65,v2_solver_dt4ms,1,1,1,success,63,12.084479885243319,24.358664735896962,10.964881287623456,54,1,30.0,0.45,20.0,1.0,12,1,200,0.004,100,10.0,1.0,0,47,0,0.746031746031746,0.3391191717127377,-0.6849233614202098,0.6975713777087575,0.027273367313594483,0.03440953612989133,0.10709737337267973,1.5917961162383767,0.8973752283026335,0.3013105200494361,0.5686950956634609,0.9981174769000228,1.1380833088107918,0.9207003477721568,291.00147828855404
913,20913,35ace65,v2_solver_dt4ms,1,1,1,success,70,12.778968947994251,5.92923301324629,2.7362830033939907,60,1,30.0,0.45,20.0,1.0,12,1,200,0.004,100,10.0,1.0,0,56,0,0.8,0.34171968034652256,-0.7194024070314894,2.6025357443884634,0.023361733691763708,0.03623873025908412,0.05500529549445064,0.9165281375507118,1.0875133916941302,0.3392198702475952,0.5481630504965241,1.0183247441075554,0.987127785135855,1.1266574485754361,292.32949233097554
914,20914,35ace65,v2_solver_dt4ms,1,1,1,success,67,25.773512398122747,18.324778975483373,10.355107738545351,61,1,30.0,0.45,20.0,1.0,12,1,200,0.004,100,10.0,1.0,0,48,0,0.7164179104477612,0.32705084852588084,-0.549474076916241,-0.6580125292921308,0.022839656011537448,0.039152502888364665,0.11528796333612173,1.0670567275356968,0.7176770392878524,0.3715615526184847,0.7248800502891996,1.036849626077883,0.9722702875643391,1.036275375960367,288.8824701239421
915,20915,35ace65,v2_solver_dt4ms,1,1,1,success,67,11.411132337932287,14.436220019528367,5.605419270185733,56,1,30.0,0.45,20.0,1.0,12,1,200,0.004,100,10.0,1.0,0,54,0,0.8059701492537313,0.35786858647115566,-0.5653756901883995,-2.5090523331559282,0.023959021014451035,0.03238126630772164,0.08837966854137884,0.9813906805939187,1.337930247810052,0.3866365534465015,0.4732160592395239,0.9605644249510522,1.0160921581531444,1.1083959237312584,288.3257576327285
916,20916,35ace65,v2_solver_dt4ms,1,1,1,success,57,12.457620189981709,20.89193252071912,7.029704590246372,50,1,30.0,0.45,20.0,1.0,12,1,200,0.004,100,10.0,1.0,0,42,0,0.7368421052631579,0.300192547828884,-0.32563845813414755,-2.264866846250945,0.02445026444817274,0.0400642527238513,0.03939057793028124,1.7847809918587187,0.6565188856131025,0.3680068992504706,0.729144865886936,0.9667229046423212,1.0400111951474291,1.0907891165540975,282.5036139879651
917,20917,35ace65,v2_solver_dt4ms,1,1,1,success,64,18.00380309304876,26.071460793432593,7.779722679981791,56,1,30.0,0.45,20.0,1.0,12,1,200,0.004,100,10.0,1.0,0,54,0,0.84375,0.3540365432932995,-0.19244171311630942,1.5307295352139407,0.02372701868345082,0.03524525307438071,0.10948171068960226,0.8025342006685902,1.276597691956741,0.380666154552367,0.6272382868125828,1.021566774580192,0.960086433012103,1.1210599371813492,282.1441822977343
918,20918,35ace65,v2_solver_dt4ms,1,1,1,success,61,37.940837051451346,22.304336942062864,9.935888719178195,56,1,30.0,0.45,20.0,1.0,12,1,200,0.004,100,10.0,1.0,0,46,0,0.7540983606557377,0.32280411426211286,-0.34412138489129596,2.0849385467337465,0.02627164829590391,0.03481394732213372,0.06259541872261402,1.3001210904880818,0.9821447116257526,0.3888789924436787,0.6711657962413683,1.0689481721095042,1.082845514879317,1.0579542917974298,285.2137719819488
919,20919,35ace65,v2_solver_dt4ms,1,1,1,success,58,14.482772134175377,8.535969630249792,0.6347418445917671,54,1,30.0,0.45,20.0,1.0,12,1,200,0.004,100,10.0,1.0,0,37,0,0.6379310344827587,0.32394616013571853,-0.5634854823329206,2.4320236905207455,0.022482434647367353,0.03370740771439704,0.06272584682164556,1.953197028072423,0.8996892386020285,0.37453282844802654,0.313146584040918,1.034749086675695,1.0507583786444648,1.186770127857233,287.4420552516217
920,20920,35ace65,v2_solver_dt4ms,0,0,0,unsafe,31,368.34031350827127,nan,nan,-1,0,30.0,0.45,20.0,1.0,12,1,200,0.004,100,10.0,1.0,0,27,0,0.8709677419354839,0.31833481460083163,-0.5552340013102832,3.042589700451857,0.023813221112519448,0.03404094510384999,0.07357531872454674,1.9842997554028918,1.0166825717155084,0.326404678022455,0.661959194042662,0.965069716862547,1.0522223170259455,1.0951601225524352,-40.765570196425756
921,20921,35ace65,v2_solver_dt4ms,1,1,1,success,81,14.209216955503235,16.971247079971015,13.19651708046827,45,1,30.0,0.45,20.0,1.0,12,1,200,0.004,100,10.0,1.0,0,72,0,0.8888888888888888,0.34727511991909793,-0.35718942289201777,3.1241652265942683,0.02425370485628845,0.03873252399394336,0.10878118681421567,1.6046635417913415,1.0242869133039418,0.3165302611834924,0.5008016679816828,1.0083741911589226,1.0382256820284481,1.097093713617783,283.25731235429714
922,20922,35ace65,v2_solver_dt4ms,1,1,1,success,53,26.653982957163514,24.821888856259417,10.94162464934822,45,1,30.0,0.45,20.0,1.0,12,1,200,0.004,100,10.0,1.0,0,44,0,0.8301886792452831,0.3245525164429503,-0.36041686048169846,0.5505402437928151,0.0211132264471929,0.03478292640247565,0.07731086559607556,1.4607626767803772,1.1996138675253811,0.3401745912232238,0.5042666070843843,1.00213935222487,0.9682146936253373,0.9871643220255144,269.8036797957131
923,20923,35ace65,v2_solver_dt4ms,1,1,1,success,70,19.931355975173666,18.244741437048827,2.4647923923790094,67,1,30.0,0.45,20.0,1.0,12,1,200,0.004,100,10.0,1.0,0,50,0,0.7142857142857143,0.3380193378542787,-0.6440593488218187,2.9205668207737556,0.025935774158827033,0.036125402190150785,0.11999051314192724,1.2753909921493218,0.8915966351871556,0.3882364349681099,0.6599413595034594,0.954007501859999,1.0197885077883002,1.0386373853296345,291.0670237307413
924,20924,35ace65,v2_solver_dt4ms,1,1,1,success,84,5.490403960759468,23.076518408119824,4.454559188909133,79,1,30.0,0.45,20.0,1.0,12,1,200,0.004,100,10.0,1.0,0,71,0,0.8452380952380952,0.30614758679367843,-0.6545610991462798,2.464539143214296,0.022081638687101883,0.03588075286793607,0.09262281832533446,1.7470519704619432,1.2282495275975103,0.3796554738518485,0.4279146821116428,0.9921774816549674,0.9105867643869389,1.1692330977410985,286.2133121272711
925,20925,35ace65,v2_solver_dt4ms,1,1,1,success,65,27.40125254300287,22.970078523253218,8.923919085505663,59,1,30.0,0.45,20.0,1.0,12,1,200,0.004,100,10.0,1.0,0,45,0,0.6923076923076923,0.3452143177556809,-0.6205473359200648,-1.0502065806376542,0.026052285109817365,0.029999222913233908,0.038945363997962196,0.9500141266139619,0.860024870192651,0.3511497499910519,0.6612505331322877,1.0206999277316997,0.9826391794226196,1.1834663847464182,291.24051858039286
926,20926,35ace65,v2_solver_dt4ms,1,1,1,success,50,18.732032883296338,18.660105759534037,6.3391702396788006,42,1,30.0,0.45,20.0,1.0,12,1,200,0.004,100,10.0,1.0,5,39,0,0.78,0.3689680545524372,-0.18317658782644497,0.7682236806352587,0.026109393607905682,0.03898618876448837,0.06782931262903394,1.0251372959874994,1.300990027157401,0.34046879672556013,0.44913711936100315,0.9749055125953967,0.9145625202560641,1.035966875179354,278.2539777734406
927,20927,35ace65,v2_solver_dt4ms,1,1,1,success,62,9.720906602353352,26.103259018445435,27.086679973913796,49,1,30.0,0.45,20.0,1.0,12,1,200,0.004,100,10.0,1.0,0,54,0,0.8709677419354839,0.3511695481194611,-0.528849254878889,-2.5841261744887216,0.025857692472124976,0.03524316103139437,0.054156814691892444,1.7387807685502037,1.1392001780607934,0.3230407608082398,0.35684745141308805,1.006058314579446,1.0276026618106364,0.9876379083169214,283.94848467504835
928,20928,35ace65,v2_solver_dt4ms,1,1,1,success,58,17.31720031363629,16.335817026351176,9.954755606273253,50,1,30.0,0.45,20.0,1.0,12,1,200,0.004,100,10.0,1.0,5,47,0,0.8103448275862069,0.3495666628157642,-0.5181728426593195,-2.635359288878053,0.027337913885863138,0.03694326691058792,0.0868426758781139,1.100225462917039,0.8398925410680786,0.31169483611875587,0.38118806310525566,1.0305394834367827,1.078208060475197,0.9033201937842039,285.02240217808423
929,20929,35ace65,v2_solver_dt4ms,1,1,1,success,69,31.365985748352735,18.48516720967688,14.249804800476308,47,1,30.0,0.45,20.0,1.0,12,1,200,0.004,100,10.0,1.0,0,49,0,0.7101449275362319,0.30618967758789817,-0.6039229142755085,1.3751144673138986,0.024864378482336785,0.0381891020498184,0.04355999903567784,1.0680342940936174,0.8447138669909141,0.31665729854210417,0.27961134162145246,1.0424213741848558,1.0765026415025172,0.8899939607675781,279.36222417140567
930,20930,35ace65,v2_solver_dt4ms,1,1,1,success,52,19.331417543541466,18.123046345786214,5.035292666186906,45,1,30.0,0.45,20.0,1.0,12,1,200,0.004,100,10.0,1.0,0,40,0,0.7692307692307693,0.35776593309431187,-0.3723251787978908,0.3299987520027159,0.024758484480195103,0.03950987812774164,0.10951779835272207,1.2422878460837774,1.1759072522391536,0.32544090605774856,0.41034135715327674,1.0491345462503376,0.9701686886108389,1.1109293893592553,282.76736123619855
931,20931,35ace65,v2_solver_dt4ms,0,1,0,timeout,200,524.3398893725603,nan,nan,-1,1,30.0,0.45,20.0,1.0,12,1,200,0.004,100,10.0,1.0,0,190,0,0.95,0.3016584459897459,-0.5492454717901787,2.459133475983209,0.021806841853701863,0.03880654531251243,0.09460149273422945,1.3315324258200891,1.2080150428856902,0.3851534994266672,0.28965674109820955,1.0243823164286645,1.0208446654128898,1.069966424128496,-30.556986338903645
932,20932,35ace65,v2_solver_dt4ms,0,1,0,timeout,200,309.37273654903277,nan,nan,-1,1,30.0,0.45,20.0,1.0,12,1,200,0.004,100,10.0,1.0,0,182,0,0.91,0.3508212419636887,-0.6945500291111699,1.9896872089788609,0.025901507416349397,0.031740351649065864,0.08767802990337314,1.3431771586737384,0.8583594699598187,0.3163614029515144,0.5685915832076467,1.0556909387750297,1.0048579802929196,1.2100467845343406,5.116964277922119
933,20933,35ace65,v2_solver_dt4ms,1,1,1,success,48,16.27572488717914,15.396748972102042,17.31664990125043,39,1,30.0,0.45,20.0,1.0,12,1,200,0.004,100,10.0,1.0,0,39,0,0.8125,0.3717301320655577,-0.2603751320993899,-2.5631106469771416,0.02198159480059891,0.031404053428899785,0.10427206021623374,1.9741937733863055,1.0360111838859676,0.3368662725062056,0.29226711792771265,1.0707218168578316,1.0082368032515643,0.8687583228487233,282.0765946538754
934,20934,35ace65,v2_solver_dt4ms,1,1,1,success,56,22.18588181031454,14.020782896539682,12.528883539520516,51,1,30.0,0.45,20.0,1.0,12,1,200,0.004,100,10.0,1.0,0,46,0,0.8214285714285714,0.3712178269029517,-0.4474804333618006,2.4255350313024975,0.02633618274368283,0.030946621058810183,0.06037021262743793,1.6584435034404184,0.7341357201337827,0.34791405074555165,0.3842861765730019,0.9980695975848706,1.0061800876944833,0.8259879569049781,272.0849985871315
935,20935,35ace65,v2_solver_dt4ms,1,1,1,success,76,23.647411763289007,21.036357117719948,14.140902693413812,67,1,30.0,0.45,20.0,1.0,12,1,200,0.004,100,10.0,1.0,0,53,0,0.6973684210526315,0.37196299079880313,-0.6273993666795386,-1.2372243694495062,0.02581437401636042,0.037074174933313365,0.10465753303915723,1.7309667146786818,0.7751254045166156,0.33274920095224964,0.6358422680612658,1.1202740410092689,1.0246537046788602,1.0694326947629589,293.07291113697937
936,20936,35ace65,v2_solver_dt4ms,1,1,1,success,54,8.735576906769293,2.946124134686488,3.3178883760471756,48,1,30.0,0.45,20.0,1.0,12,1,200,0.004,100,10.0,1.0,0,42,0,0.7777777777777778,0.3437070025435802,-0.46790851747782086,-2.828991481272027,0.02558843141385392,0.03340094768134392,0.10095443515643901,1.590948463871674,0.9279663928714745,0.3345802664738852,0.21920176670253322,1.0652931171590976,1.0119559928199569,1.1188897392904007,282.4591908794246
937,20937,35ace65,v2_solver_dt4ms,1,1,1,success,52,21.414975504574457,11.10747082479533,7.055843647023359,46,1,30.0,0.45,20.0,1.0,12,1,200,0.004,100,10.0,1.0,0,39,0,0.75,0.32473516335249397,-0.5039998555254388,1.0296433882800642,0.024636168158001518,0.03522361909484516,0.034835132629820256,1.7365196615723497,0.7312286298738009,0.3251495298036665,0.3940915952668384,1.0138111574889332,1.105766571284484,1.0112140799251021,284.5475324248862
938,20938,35ace65,v2_solver_dt4ms,1,1,1,success,62,4.636258306514572,10.139505828652128,1.9175227575759264,43,1,30.0,0.45,20.0,1.0,12,1,200,0.004,100,10.0,1.0,0,55,0,0.8870967741935484,0.32076464660308723,-0.3275007996972315,1.8135860546443157,0.024448040549746974,0.03833262810844767,0.038822273226123034,1.4181926729141856,1.1114580739562352,0.348485755348453,0.45911821029666927,0.9311450985598918,1.0680476989844832,0.9659418817251644,279.96113838000275
939,20939,35ace65,v2_solver_dt4ms,1,1,1,success,58,17.483753034601083,16.60812801296083,5.794226011000661,51,1,30.0,0.45,20.0,1.0,12,1,200,0.004,100,10.0,1.0,0,46,0,0.7931034482758621,0.33582252001173746,-0.3571450066008785,-1.4492626666328277,0.026686736064425988,0.030350841629074053,0.042268312853907135,0.8734142390731792,1.0669752440228228,0.3551076097328132,0.5407461045047233,0.9764937180735169,0.9368125413179896,1.106667687957545,282.59095312511874
940,20940,35ace65,v2_solver_dt4ms,1,1,1,success,56,12.11247888638152,36.3781875079098,12.742865822944438,48,1,30.0,0.45,20.0,1.0,12,1,200,0.004,100,10.0,1.0,0,46,0,0.8214285714285714,0.3871830093315729,-0.31145661942027186,-1.98185694173844,0.020806848635518224,0.03331451524180953,0.06567900772650874,0.8566112245602785,1.0892039344979532,0.3767689708066322,0.4550432732157281,1.0626598016809334,1.065113176893074,0.9587129086491228,285.98228038572586
941,20941,35ace65,v2_solver_dt4ms,1,1,1,success,92,31.0780081970823,18.30962061718001,9.71332057473635,57,1,30.0,0.45,20.0,1.0,12,1,200,0.004,100,10.0,1.0,0,65,0,0.7065217391304348,0.3327302717106335,-0.6298440761145787,2.6351334458367104,0.02411194746659622,0.031455430862749045,0.040371924880905255,1.6255992638041588,1.1935001129605043,0.34323527401497633,0.5147836225177108,1.0394609116595712,0.9528695843778977,1.1172509338956034,284.4499372284322
942,20942,35ace65,v2_solver_dt4ms,1,1,1,success,64,5.748991495387412,26.130367767794205,24.14779847082706,56,1,30.0,0.45,20.0,1.0,12,1,200,0.004,100,10.0,1.0,0,47,0,0.734375,0.37696847932535693,-0.51355848732196,0.7983480417831434,0.02445152692320126,0.03286197588264564,0.0353950616416063,1.011246651660675,0.7034464190098195,0.32600023358185776,0.6839832241444305,1.094437449619253,1.037733999790308,1.0483751125023457,289.3225731831103
943,20943,35ace65,v2_solver_dt4ms,1,1,1,success,56,20.12329059009548,20.697561424494637,6.156471349183496,48,1,30.0,0.45,20.0,1.0,12,1,200,0.004,100,10.0,1.0,0,39,0,0.6964285714285714,0.31681686054369085,-0.18661782406961647,-0.7147487504741674,0.022896270526189075,0.03406611152572834,0.07810687015751352,1.3238995426997926,0.7601882590556691,0.3754275519864216,0.40116815391154453,1.022177172948153,1.0688474249719337,0.9485778785880589,281.1438900551248
944,20944,35ace65,v2_solver_dt4ms,1,1,1,success,100,37.65308038840628,6.524279119075064,18.93153976790402,86,1,30.0,0.45,20.0,1.0,12,1,200,0.004,100,10.0,1.0,0,79,0,0.79,0.30416162679503145,-0.713912548679836,1.5503858661580932,0.021181029083257846,0.0346261209373655,0.03474248124421787,1.8482176798040335,1.0969348185257501,0.3654791227845897,0.1838067132227433,1.038398849775346,0.9674565624534697,1.2082163347580006,277.4123027312447
945,20945,35ace65,v2_solver_dt4ms,1,1,1,success,86,12.475747230167785,12.482811675628774,0.13999612718529977,76,1,30.0,0.45,20.0,1.0,12,1,200,0.004,100,10.0,1.0,0,69,0,0.8023255813953488,0.31352176774169116,-0.5685912386141381,1.8442707008972414,0.02449569843765106,0.033258563858258754,0.03866927835013652,1.2163876165813798,1.2514439536967665,0.3034126589500963,0.6724981994043066,1.039266478947514,1.0431785557334754,1.0195199543419962,286.0466531226605
946,20946,35ace65,v2_solver_dt4ms,1,1,1,success,63,15.743831558907711,21.216819837450767,14.956217462068054,56,1,30.0,0.45,20.0,1.0,12,1,200,0.004,100,10.0,1.0,0,55,0,0.873015873015873,0.3809270538544278,-0.4212741744245186,2.2018434114461414,0.023413654294876313,0.03241308379081866,0.0972743903452818,1.1231877180182201,1.3187533145576784,0.36058708715430654,0.31559333754823177,1.0645476221943955,1.0465583820505961,0.869157552234704,286.4625491878911
947,20947,35ace65,v2_solver_dt4ms,1,1,1,success,54,8.47524430730493,15.922168124594842,3.94943092506795,50,1,30.0,0.45,20.0,1.0,12,1,200,0.004,100,10.0,1.0,0,45,0,0.8333333333333334,0.3323410702865001,-0.5327344703158206,0.7491188850847044,0.027243287966762807,0.029891208957051357,0.0701713509716346,1.1816170201861786,1.0009871032455346,0.3446710307962377,0.37161454051033216,0.9794101433697788,1.0539405462899862,1.0604301053011689,288.5075923333204
948,20948,35ace65,v2_solver_dt4ms,1,1,1,success,55,24.75283529628848,34.06905960887393,14.657409545961462,50,1,30.0,0.45,20.0,1.0,12,1,200,0.004,100,10.0,1.0,0,43,0,0.7818181818181819,0.36334624056080267,-0.4942114660860162,-2.4775936334316513,0.022362758792841327,0.032127389751179375,0.06793086619796668,1.75304595842084,1.305700659120654,0.3669792589262264,0.32561853311174505,0.9269751950480841,1.1132846644543766,1.0532859320196053,287.43334850266
949,20949,35ace65,v2_solver_dt4ms,1,1,1,success,58,24.646463123040462,18.993646603278783,10.773677031942073,43,1,30.0,0.45,20.0,1.0,12,1,200,0.004,100,10.0,1.0,0,49,0,0.8448275862068966,0.35100119908522937,-0.18700441468200546,-0.7294377678805519,0.02713342303373862,0.03948321584281772,0.09670046612050402,1.3360323287779756,1.0098653932607071,0.3398467030166841,0.2555674580952957,1.1327105478906607,1.0033985528562355,1.106345475687311,275.42934206380863
950,20950,35ace65,v2_solver_dt4ms,1,1,1,success,59,12.991783333807318,16.875383906831832,6.03972307722146,45,1,30.0,0.45,20.0,1.0,12,1,200,0.004,100,10.0,1.0,0,46,0,0.7796610169491526,0.35274273568123754,-0.26816112614593707,2.8227595980222144,0.02508772278568817,0.0373271768234458,0.10658261116750262,1.4661569441993065,1.2957525659825224,0.3598435989337801,0.42627650355338814,1.0679526861155326,1.0335364705238441,1.0610648101185565,279.680582277473
951,20951,35ace65,v2_solver_dt4ms,0,1,0,timeout,200,211.01265846460754,nan,nan,-1,0,30.0,0.45,20.0,1.0,12,1,200,0.004,100,10.0,1.0,0,192,0,0.96,0.3795799865580116,-0.2508980973045531,1.6814245646491939,0.02104657954772069,0.03206293204049397,0.08512645836923735,1.7524069920767302,0.886623296258688,0.3764331925139112,0.20897686035255666,0.9608609879320047,0.9283360435773488,0.9575892834251596,3.811040932637285
952,20952,35ace65,v2_solver_dt4ms,1,1,1,success,43,38.97195094004957,37.51747124799003,4.869271883360268,38,1,30.0,0.45,20.0,1.0,12,1,200,0.004,100,10.0,1.0,0,35,0,0.813953488372093,0.30572703375276156,-0.22017522972298675,1.521310156407707,0.024564246001762137,0.03428299659789276,0.07973613951539843,1.387066420064687,1.1064982857419117,0.3881656214998889,0.3032092525714822,1.101087492545265,0.9151712557740509,1.096068075149184,276.7870411237579
953,20953,35ace65,v2_solver_dt4ms,1,1,1,success,78,21.211447615476285,13.869754432978276,20.649935267142727,41,1,30.0,0.45,20.0,1.0,12,1,200,0.004,100,10.0,1.0,0,64,0,0.8205128205128205,0.38476765017946996,-0.32007879803010686,0.2027389951923615,0.02699418682177376,0.03898044765111134,0.10954932766887027,0.8688059089030525,0.7471939802676406,0.3435035974265378,0.27724221796389914,1.0712404592364069,1.0035409397793893,0.9351264109911576,279.7620258590208
954,20954,35ace65,v2_solver_dt4ms,0,1,0,timeout,200,57.441564283088304,12.74004646605153,47.955531962207345,58,1,30.0,0.45,20.0,1.0,12,1,200,0.004,100,10.0,1.0,0,184,0,0.92,0.37154830407994854,-0.7258406107660138,0.9040566441064772,0.021581514748468478,0.0391384022581669,0.07907776935405775,1.659223632915765,1.3224202011617667,0.3161273246054746,0.2494748845192492,1.0110403800015382,0.9742057843677829,0.8387365840559194,50.989785108877825
955,20955,35ace65,v2_solver_dt4ms,1,1,1,success,63,28.686678730351233,26.424704742940268,8.645336438082014,57,1,30.0,0.45,20.0,1.0,12,1,200,0.004,100,10.0,1.0,0,47,0,0.746031746031746,0.3482182701210915,-0.34768761482573723,-2.496299209171802,0.02421185008659195,0.030101033045520847,0.058919888712748246,1.9768120342970352,1.099329916542663,0.3888038150824777,0.5549724666171952,1.107172123695401,0.9792118785083411,0.9803814160569482,286.10817591266107
956,20956,35ace65,v2_solver_dt4ms,1,1,1,success,57,10.283469140666906,8.714761862375763,1.9570767763358063,50,1,30.0,0.45,20.0,1.0,12,1,200,0.004,100,10.0,1.0,0,46,0,0.8070175438596491,0.31725590490602135,-0.5300964494591209,1.1391390038125664,0.027445661300142227,0.035852898521852306,0.05026298324112721,1.0603849926772486,0.7817398868613241,0.32844354740260256,0.3319944178011317,0.9926992410452246,1.0122740090681954,1.0201340781551829,283.64908498000494
957,20957,35ace65,v2_solver_dt4ms,1,1,1,success,78,4.629461450030241,23.48289653559516,7.6151207902539575,67,1,30.0,0.45,20.0,1.0,12,1,200,0.004,100,10.0,1.0,0,60,0,0.7692307692307693,0.3797530335177587,-0.6554691747892922,-2.0604620352989658,0.02143868381100831,0.0308819577080966,0.10152342189722185,1.3830827223982203,0.9327217000880706,0.3125480484449775,0.6587042494625279,1.120735796483472,1.0512397406120337,0.9971698491151284,293.56978264738393
958,20958,35ace65,v2_solver_dt4ms,1,1,1,success,58,14.65265924146652,39.39973048838648,26.989960705134063,41,1,30.0,0.45,20.0,1.0,12,1,200,0.004,100,10.0,1.0,0,48,0,0.8275862068965517,0.37549133148166147,-0.3242403742145386,-2.7550963913636837,0.020820245875348732,0.032144539134169994,0.05516563580278924,1.83843626418737,0.9095335063388386,0.38342112429272146,0.18481312372676637,0.9781219094287733,1.0364005737011013,1.2000589938266266,281.01624368229125
959,20959,35ace65,v2_solver_dt4ms,1,1,1,success,69,3.4680710967692012,34.427715521827025,13.154456515854752,61,1,30.0,0.45,20.0,1.0,12,1,200,0.004,100,10.0,1.0,0,51,0,0.7391304347826086,0.3599809840210039,-0.7200871141760354,-2.9126481789077476,0.023595731641005226,0.0393555192487306,0.043717185391387345,1.4455517613917346,0.8361220002151899,0.3473367642471325,0.5861756913232345,1.0256295137929445,1.0954098491400235,1.1365398095001344,293.5024899500063
960,20960,35ace65,v2_solver_dt4ms,1,1,1,success,69,13.040223141196373,11.619080958569256,2.1388546975661304,65,1,30.0,0.45,20.0,1.0,12,1,200,0.004,100,10.0,1.0,0,59,0,0.855072463768116,0.3451381251872213,-0.6794928486095222,-0.938116311857291,0.02461039631803615,0.03748456855032716,0.09897202040695614,1.7187851717571299,1.1425883781677322,0.3834841139683191,0.5662787818208005,1.0276812187115216,1.0373954209149094,1.0387233227394406,292.71891098780014
961,20961,35ace65,v2_solver_dt4ms,1,1,1,success,66,30.76142229777305,15.263962287074797,27.622097920335207,55,1,30.0,0.45,20.0,1.0,12,1,200,0.004,100,10.0,1.0,4,51,0,0.7727272727272727,0.3846909116778867,-0.3953836595304457,-2.2244420988271267,0.02176560500392477,0.03819592382955084,0.08916494542340724,1.894892586820119,1.2095541553917675,0.3594341504063331,0.637355956129983,1.0452451701755012,0.9424460325031674,0.8001617611864752,285.72590135586614
962,20962,35ace65,v2_solver_dt4ms,1,1,1,success,70,14.114421968848074,23.914890707100337,27.509443899797443,65,1,30.0,0.45,20.0,1.0,12,1,200,0.004,100,10.0,1.0,0,61,0,0.8714285714285714,0.3645960617883274,-0.694420502372163,2.254108340305736,0.02144175112622921,0.032013900592627924,0.06081146807069154,1.9731378185079067,1.1301756897684787,0.35222460195627714,0.44315269081853664,0.9953780563868896,0.9940576933166894,1.2846150856798837,289.3068121120302
963,20963,35ace65,v2_solver_dt4ms,0,1,1,timeout,200,23.205440645008995,26.584706261228764,13.524510048263638,47,0,30.0,0.45,20.0,1.0,12,1,200,0.004,100,10.0,1.0,0,188,0,0.94,0.3781566432658353,-0.17410260390020327,0.14748717245509235,0.024437192638634288,0.03320640413691026,0.040169748277725154,0.916200449016636,1.0449157622271508,0.35848247099548525,0.70548614666536,1.0342847464006393,0.9907146973619062,1.1502309747041513,68.66377549268316
964,20964,35ace65,v2_solver_dt4ms,1,1,1,success,64,24.68503089874403,13.651533593503322,12.47860514310222,55,1,30.0,0.45,20.0,1.0,12,1,200,0.004,100,10.0,1.0,0,58,0,0.90625,0.3540070264096533,-0.6372459338385951,0.1950101764554817,0.022873411797927217,0.031931099749541524,0.07248340068602459,1.0732770890341667,1.2543206915239091,0.32244154209451953,0.3443253108744355,1.039134747422979,1.0574528307413174,1.0995112690909439,290.1151495863951
965,20965,35ace65,v2_solver_dt4ms,1,1,1,success,55,22.614911579699225,25.96743554255527,6.881460500864803,46,1,30.0,0.45,20.0,1.0,12,1,200,0.004,100,10.0,1.0,0,42,0,0.7636363636363637,0.3324251408736907,-0.2079211328372178,1.399431610478377,0.022696174487112714,0.03671561268633947,0.03653377936974785,1.6994934042765766,0.6330329196794546,0.30687124158241447,0.6519351090463141,1.0694614449722464,1.0233567721024832,0.8803437635381234,282.4719074414671
966,20966,35ace65,v2_solver_dt4ms,1,1,1,success,61,13.957398265991817,24.280682002849044,2.634823212564584,54,1,30.0,0.45,20.0,1.0,12,1,200,0.004,100,10.0,1.0,0,52,0,0.8524590163934426,0.3763396807320694,-0.35133479102969495,-2.835198080442527,0.02539877347496581,0.03747252967773712,0.11946231807704667,0.9167326744048343,0.7329604992225186,0.3033901279310648,0.5685331143231751,1.042929650509965,1.106968463260521,1.1731933403163282,287.8864936303414
967,20967,35ace65,v2_solver_dt4ms,1,1,1,success,60,14.776978017141111,17.625615490964126,5.516280079129213,51,1,30.0,0.45,20.0,1.0,12,1,200,0.004,100,10.0,1.0,0,45,0,0.75,0.31343784661054597,-0.19359630680667794,-0.5253721662333488,0.02261146938062511,0.036764469551280356,0.045246436231518805,1.5945892672110098,0.8245208011979149,0.38333513459573715,0.5552859768593498,1.0018330793060433,1.024219202288972,0.9246932676538562,268.3020960961078
968,20968,35ace65,v2_solver_dt4ms,1,1,1,success,53,9.18614433235044,14.112281280355395,0.47811517113717505,50,1,30.0,0.45,20.0,1.0,12,1,200,0.004,100,10.0,1.0,0,44,0,0.8301886792452831,0.33664550512211233,-0.4229999980471407,-2.0800236608532776,0.021394411743680525,0.031693283189519035,0.04338224911300223,1.7088613725323532,1.224605681618184,0.3020469797501826,0.4405964908226294,1.1036660436790628,1.1010696819430763,1.2865309051086982,283.40515316909705
969,20969,35ace65,v2_solver_dt4ms,1,1,1,success,58,23.43416462816554,21.735970071359343,8.959253316853543,46,1,30.0,0.45,20.0,1.0,12,1,200,0.004,100,10.0,1.0,0,40,0,0.6896551724137931,0.35432282737951654,-0.38199122722730755,-2.658662319362278,0.021991070321095662,0.03373354292660582,0.10508281445034828,1.7741412467431341,1.1578114265041168,0.3672309280246225,0.2570345832275622,0.9572376100585428,1.0317184559489436,1.1074427605502974,281.77493784091945
970,20970,35ace65,v2_solver_dt4ms,0,1,0,timeout,200,287.0212584958091,nan,nan,-1,1,30.0,0.45,20.0,1.0,12,1,200,0.004,100,10.0,1.0,0,180,0,0.9,0.31185356834750705,-0.5983184482599259,1.33841218522673,0.02583267827112839,0.036323500829997815,0.04691131186222487,1.0458575019533756,0.7051828552138089,0.3707323432789495,0.41932301680407547,0.9448065342937143,1.011677428684429,0.9580171155844655,-11.597198952518639
971,20971,35ace65,v2_solver_dt4ms,1,1,1,success,59,17.549197156780274,20.002438951719817,0.7831896383468182,56,1,30.0,0.45,20.0,1.0,12,1,200,0.004,100,10.0,1.0,0,42,0,0.711864406779661,0.38750109727343895,-0.5402960309231222,1.5638811254407523,0.023521577018742194,0.034043441174135866,0.07870882235446439,0.8601681708482786,1.189151404786063,0.33378847392854283,0.2578796476568752,0.9665122950461477,1.039848642770146,1.1751034691636493,288.1299510037535
972,20972,35ace65,v2_solver_dt4ms,1,1,1,success,63,24.72136155816421,23.237759517529724,8.810415125449865,55,1,30.0,0.45,20.0,1.0,12,1,200,0.004,100,10.0,1.0,0,51,0,0.8095238095238095,0.3350722091380188,-0.6186693818602458,-0.7521745168533593,0.022104862624839277,0.03506210468389813,0.04323241471471023,1.013968210356317,1.382576842522778,0.3738333047834211,0.21264673537317108,1.017999282711271,1.096450262393185,1.1508779277940986,288.7537109836761
973,20973,35ace65,v2_solver_dt4ms,1,1,1,success,65,28.67056564408555,29.613931363017127,3.8853250704174918,58,1,30.0,0.45,20.0,1.0,12,1,200,0.004,100,10.0,1.0,0,51,0,0.7846153846153846,0.33943467246403053,-0.5378208251301608,-1.6058877279315256,0.02535171761856721,0.03255607847010175,0.05528729225957432,1.535531805375348,1.0248069067639503,0.3660524096102588,0.6458194844224477,1.0415083417213278,0.9801224534532754,1.2923002914506116,287.9689093332513
974,20974,35ace65,v2_solver_dt4ms,1,1,1,success,66,14.03850010535584,19.66353597521785,4.280273806629681,59,1,30.0,0.45,20.0,1.0,12,1,200,0.004,100,10.0,1.0,2,55,0,0.8333333333333334,0.3830389220208747,-0.5045210235821419,-2.983805227977646,0.02261834953434586,0.03905423566581657,0.04747017540854109,1.9161189049327862,1.2586260000327327,0.31667691501208944,0.6955235183775547,1.0186327247702092,1.0867133476619455,1.0827318764233764,288.2511960620456
975,20975,35ace65,v2_solver_dt4ms,1,1,1,success,86,19.59493035668686,10.555739306694319,2.7562713577397826,50,1,30.0,0.45,20.0,1.0,12,1,200,0.004,100,10.0,1.0,0,61,0,0.7093023255813954,0.31977336997987466,-0.5003835737223279,-1.7767209234579666,0.024758537533959523,0.03441820009912761,0.054186389978771246,1.3450167359690393,1.08791707715516,0.3646346315292285,0.5643006845694285,1.037069909439073,0.9811978860269811,1.0382348156939347,278.69964042112116
976,20976,35ace65,v2_solver_dt4ms,1,1,1,success,54,6.324035588918233,3.1478787287445575,0.5016055361490859,49,1,30.0,0.45,20.0,1.0,12,1,200,0.004,100,10.0,1.0,0,50,0,0.9259259259259259,0.3384027302744989,-0.5071604342176224,0.8630032510297552,0.026081165746176718,0.034021583102163834,0.09226713780399357,1.9120293955229113,1.1233046015395178,0.30530391782832933,0.21027613814760285,0.9832234531804082,1.0444096409183883,0.9525916750140212,284.80995033457634
977,20977,35ace65,v2_solver_dt4ms,1,1,1,success,50,10.041524720627935,14.418489092532175,10.392070669925916,45,1,30.0,0.45,20.0,1.0,12,1,200,0.004,100,10.0,1.0,3,45,0,0.9,0.3621163264586388,-0.3273760491058087,-1.3364867587167344,0.02078594548708381,0.03619413110779024,0.047434538730451545,1.3055055440510483,0.9519105292024601,0.33146204456981054,0.45225759281238126,0.9580490238325441,1.0532983223881502,1.025826739198421,279.4450153446344
978,20978,35ace65,v2_solver_dt4ms,1,1,1,success,61,8.478861324447639,13.71236126209761,10.712685021141585,51,1,30.0,0.45,20.0,1.0,12,1,200,0.004,100,10.0,1.0,0,54,0,0.8852459016393442,0.3672669283983548,-0.6225088639649827,2.908856849572083,0.027411381653133497,0.03441920840370522,0.059496302898221165,1.760110416085732,1.1171096525927906,0.3120230102182831,0.18591529386840963,1.0314592735299186,0.9639716418610395,1.2436271456521273,285.0674854703341
979,20979,35ace65,v2_solver_dt4ms,1,1,1,success,50,15.883507585791701,19.13277128511108,0.09604538404517157,45,1,30.0,0.45,20.0,1.0,12,1,200,0.004,100,10.0,1.0,0,40,0,0.8,0.35251103295337827,-0.4385516961087216,3.001673982439769,0.0256551529495445,0.034118891313922206,0.10444742492888487,1.1371788790022925,1.1624009930800572,0.37507772413168944,0.24907447006586497,1.0474336209718416,0.9940944409882062,1.1029365808006384,283.62075333943744
980,20980,35ace65,v2_solver_dt4ms,1,1,1,success,68,12.254864627871681,14.113929374444048,8.851753999131205,60,1,30.0,0.45,20.0,1.0,12,1,200,0.004,100,10.0,1.0,0,54,0,0.7941176470588235,0.3324513074824388,-0.7262992371144718,-1.153754915174825,0.024625141849093694,0.033746372813240715,0.07034724880197618,1.8040725556649546,0.8200715115171179,0.32737209255363736,0.4880549685537887,0.999441995851756,0.9950724104913446,1.095140780672314,290.4921182491695
981,20981,35ace65,v2_solver_dt4ms,1,1,1,success,61,12.50653622512248,13.53516435080452,5.116294673385589,56,1,30.0,0.45,20.0,1.0,12,1,200,0.004,100,10.0,1.0,0,53,0,0.8688524590163934,0.3516969319006513,-0.266040252627345,0.9254375273398825,0.022941432990424206,0.03135913183364377,0.060795543928713155,1.5983594979364364,1.1468843024668276,0.34346555511132154,0.6847753484977356,0.9975717577977624,1.0453964453194013,1.078232150839877,285.8641402745045
982,20982,35ace65,v2_solver_dt4ms,0,0,0,timeout,200,291.8438022081285,nan,nan,-1,0,30.0,0.45,20.0,1.0,12,1,200,0.004,100,10.0,1.0,9,184,0,0.92,0.3771653142030318,-0.652671683436922,-0.6842771584765797,0.021194437301956873,0.03765593425507226,0.08918012959509483,0.9246906384647519,1.11265386694713,0.3154745411379162,0.32205532054133235,0.9937855553903125,0.9585767170775669,1.207391633585007,-27.792600575697108
983,20983,35ace65,v2_solver_dt4ms,1,1,1,success,145,4.054534373749863,24.85079728052601,3.208121546616419,64,1,30.0,0.45,20.0,1.0,12,1,200,0.004,100,10.0,1.0,6,127,0,0.8758620689655172,0.37457095055987877,-0.6949446696639412,-1.9782350768057404,0.025895289494478745,0.03972515137143426,0.10051227954117205,1.1683688271972235,0.6658016525724745,0.3454889773912482,0.5923300866495922,0.9687754358564314,1.1007142404449097,1.2160409452742957,284.76710762195114
984,20984,35ace65,v2_solver_dt4ms,1,1,1,success,84,30.274085834858123,19.356498412743008,18.167414256583765,64,1,30.0,0.45,20.0,1.0,12,1,200,0.004,100,10.0,1.0,0,63,0,0.75,0.3626241000015684,-0.7057396485858519,-1.2180270335028252,0.02725834943933636,0.03882507265817298,0.10436726364352113,1.3105712846032178,1.2953988905637397,0.36681577924777853,0.6207042527789611,0.944653029509296,0.9943342916355304,1.0649122938505693,293.5598417122042
985,20985,35ace65,v2_solver_dt4ms,1,1,1,success,63,21.82543846078525,20.71620439696521,3.9756846990666626,52,1,30.0,0.45,20.0,1.0,12,1,200,0.004,100,10.0,1.0,0,44,0,0.6984126984126984,0.31987049128636574,-0.5302923671221723,0.6422950308124573,0.025841132134678646,0.040218952111488314,0.09925425613848357,1.8558105311245807,1.1231911742244383,0.33927864630812693,0.5258624384422186,1.0299289037723887,1.0507330006841482,0.828740206258435,287.82245179078706
986,20986,35ace65,v2_solver_dt4ms,1,1,1,success,50,26.865099369295155,23.933418237315333,3.191521094929139,36,1,30.0,0.45,20.0,1.0,12,1,200,0.004,100,10.0,1.0,2,44,0,0.88,0.3882128139532518,-0.18553753550332452,0.8165776654081212,0.024983931816599147,0.039607507285314286,0.09668538253972662,1.7085250730821784,1.107717222947689,0.301329637286888,0.18827216573084415,1.0070657352077033,1.0094996696846212,1.025163907006656,275.21399623883906
987,20987,35ace65,v2_solver_dt4ms,1,1,1,success,60,2.2321548607869315,3.5556918022570243,2.2074516032357563,55,1,30.0,0.45,20.0,1.0,12,1,200,0.004,100,10.0,1.0,0,48,0,0.8,0.32514359815690097,-0.4442663756777434,2.664305939392296,0.022025164330523428,0.035772775528142585,0.10248741641355405,1.5332624894807847,0.987669538448261,0.36527523912541215,0.41352379331107336,1.0859530393752954,1.0644927959338308,0.9876446542924682,285.59045269947234
988,20988,35ace65,v2_solver_dt4ms,1,1,1,success,80,4.616135349621278,33.171291591573805,15.955547555595498,65,1,30.0,0.45,20.0,1.0,12,1,200,0.004,100,10.0,1.0,0,60,0,0.75,0.37313028496926604,-0.7224161180288051,-0.8697592350762391,0.027004928726204063,0.03430723587305999,0.07805365628548548,1.2351138215397033,1.3072289176983516,0.3630523434282635,0.612430190529283,0.9486221792891852,0.949111055471957,1.1440203043863164,298.2257954254519
989,20989,35ace65,v2_solver_dt4ms,1,1,1,success,60,10.93050732041569,9.354702469868162,18.941111950851337,55,1,30.0,0.45,20.0,1.0,12,1,200,0.004,100,10.0,1.0,0,47,0,0.7833333333333333,0.32266372185872877,-0.3765096258179265,1.1974378765622093,0.024785051859290336,0.036293484450752256,0.05084601503678997,1.4654250084800375,1.1505949885440914,0.3244894819150331,0.47477276299351523,1.1125587410078588,1.0096254863273006,0.9760713562413669,282.8451359135043
990,20990,35ace65,v2_solver_dt4ms,1,1,1,success,76,2.747428462205532,28.53509391198964,24.803824628155017,66,1,30.0,0.45,20.0,1.0,12,1,200,0.004,100,10.0,1.0,3,60,0,0.7894736842105263,0.34684114898893903,-0.6917741613712343,-1.7339281918539815,0.02374135094453058,0.03805038424460297,0.10863832629091852,1.7087450784072167,0.8747997677108865,0.34898118677854395,0.6851369759038795,1.094575269078543,0.9611711424036308,1.2164724410085743,289.8370657300855
991,20991,35ace65,v2_solver_dt4ms,1,1,1,success,50,31.784297680123363,29.798658970354037,12.930461533608925,43,1,30.0,0.45,20.0,1.0,12,1,200,0.004,100,10.0,1.0,0,44,0,0.88,0.31755290382977724,-0.3098235740825998,-0.4781929360694206,0.02170056986906917,0.03010632437340093,0.0455802823815642,1.8966737722126923,1.361303516503811,0.37668559261243256,0.5854856791330701,1.0883703834900837,0.9018040607766845,1.0741861245717361,284.400433386323
992,20992,35ace65,v2_solver_dt4ms,1,1,1,success,66,37.681392412387716,18.60433334674267,35.789461768942544,50,1,30.0,0.45,20.0,1.0,12,1,200,0.004,100,10.0,1.0,0,54,0,0.8181818181818182,0.38228420542703295,-0.39255891172175944,3.0980866434578873,0.021297435381887206,0.03126493547937339,0.10434424762904997,1.7101806229858505,0.9784356688840662,0.32759671350690056,0.4815478345149494,1.078584736685,0.9947081235486088,1.0246303264637933,283.65935202563975
993,20993,35ace65,v2_solver_dt4ms,1,1,1,success,59,14.424270950408731,28.857642990747262,1.8377910335629064,54,1,30.0,0.45,20.0,1.0,12,1,200,0.004,100,10.0,1.0,0,52,0,0.8813559322033898,0.37911750151538043,-0.4809411369582549,-1.0008035449837545,0.027558395972170018,0.031990254033319586,0.034600681906798124,1.9379216026515522,1.2923738262680913,0.3764936650038137,0.37559879734741247,1.0119088895932864,1.092015494847796,1.0671654425502082,285.2379378605252
994,20994,35ace65,v2_solver_dt4ms,0,1,0,object_lost,154,575.0257236135958,nan,nan,-1,0,30.0,0.45,20.0,1.0,12,1,200,0.004,100,10.0,1.0,0,138,0,0.8961038961038961,0.33596494133652294,-0.7161564649912284,-0.5629547817749079,0.020849473956138186,0.03741757865743201,0.08177225115854396,1.6812278025983298,0.6794577959572803,0.3742197226759008,0.48716484781979047,1.0518895222284737,1.0121375411804985,0.8885153278678102,-175.28951811053142
995,20995,35ace65,v2_solver_dt4ms,0,1,0,timeout,200,39.314654660954034,15.789495603405664,6.9636338184874775,41,0,30.0,0.45,20.0,1.0,12,1,200,0.004,100,10.0,1.0,0,144,0,0.72,0.3073173165684735,-0.279273118457708,-0.8946655496722054,0.026050585597610382,0.03958886375663166,0.05420471853506689,1.9240688443310605,0.940812972182414,0.362680728120233,0.24972962471583232,1.0626655892735677,1.0241769904131963,1.181769139588591,26.148059544178448
996,20996,35ace65,v2_solver_dt4ms,1,1,1,success,53,11.549184791952595,19.134667533103038,17.54098614044791,45,1,30.0,0.45,20.0,1.0,12,1,200,0.004,100,10.0,1.0,3,36,0,0.6792452830188679,0.36799188558263,-0.4643599357193988,-0.5977789738194121,0.022757333279534116,0.03631035089376049,0.06584272843824107,0.9571682644892262,0.936256893442267,0.30329270914485096,0.3715254634925492,1.1000598261075438,0.9837093394297927,0.9005461829847536,282.59966076988076
997,20997,35ace65,v2_solver_dt4ms,1,1,1,success,53,18.800256184993252,31.279141110959674,16.701191979384355,44,1,30.0,0.45,20.0,1.0,12,1,200,0.004,100,10.0,1.0,0,44,0,0.8301886792452831,0.3532026902000477,-0.1819002626798507,-2.7246036719688878,0.02700526353049464,0.0401384396625612,0.11390472142176769,1.150535694792103,0.9684291024887306,0.3148169907929574,0.6256071550775726,0.9648395371269615,0.9695237456766532,1.012782061432503,266.83373660489684
998,20998,35ace65,v2_solver_dt4ms,1,1,1,success,49,6.7029457542224264,4.6482745421265514,1.8342243959069648,42,1,30.0,0.45,20.0,1.0,12,1,200,0.004,100,10.0,1.0,0,42,0,0.8571428571428571,0.3045485204792727,-0.3168710818906359,-2.0011899246204434,0.02518843000812458,0.03568953843140377,0.08543370946222059,1.7669719415961849,0.7775097799592958,0.32760801045230575,0.40537503618077964,1.1181527251466792,0.9375856408348432,0.9610247544186447,280.249294659953
999,20999,35ace65,v2_solver_dt4ms,1,1,1,success,59,14.908948111492112,6.53243858802163,5.471563785842783,46,1,30.0,0.45,20.0,1.0,12,1,200,0.004,100,10.0,1.0,0,44,0,0.7457627118644068,0.3155218507822386,-0.3579573960106639,1.358268860132811,0.022932777147532158,0.03719277499497815,0.030286068754640155,1.889401538581915,0.7341426848362995,0.3156061809663698,0.20818653425204445,1.0236283932670494,1.003767783700119,1.0384081076277476,281.3721931882686
