COMMAND: D:\Games\piper_sim\.venv\Scripts\python.exe -B -m piper_rl.scripts.train --task human-aware --human-preset curriculum --human-difficulty 0.0 --algo sac --timesteps 2000000 --n-envs 4 --seed 2 --run-name human_aware_curriculum_s2 --out runs --eval-freq 20000 --n-eval-episodes 15 --checkpoint-freq 50000 --action-mode cartesian --device auto
Using cpu device

======================================================================
SAC  |  2,000,000 steps  |  4 env(s)  |  obs (64,)  |  act (5,)
run dir: runs\human_aware_curriculum_s2
======================================================================

Logging to runs\human_aware_curriculum_s2\tb\SAC_1
D:\Games\piper_sim\.venv\Lib\site-packages\stable_baselines3\common\callbacks.py:419: UserWarning: Training and eval env are not of the same type<stable_baselines3.common.vec_env.subproc_vec_env.SubprocVecEnv object at 0x000001E948CF0050> != <stable_baselines3.common.vec_env.dummy_vec_env.DummyVecEnv object at 0x000001E948E1F790>
  warnings.warn("Training and eval env are not of the same type" f"{self.training_env} != {self.eval_env}")
---------------------------------------------
| rollout/                       |          |
|    collision_free_success_rate | 0.111    |
|    collision_steps             | 0        |
|    completion_time             | 6.51     |
|    ep_len                      | 130      |
|    ep_len_mean                 | 118      |
|    ep_rew_mean                 | -5.06    |
|    episodes                    | 9        |
|    grasp_rate                  | 0.222    |
|    human_collision_rate        | 0        |
|    human_difficulty            | 2e-06    |
|    human_safety_cost           | 0        |
|    lift_rate                   | 0        |
|    minimum_human_distance      | 0.414    |
|    near_misses                 | 0        |
|    place_err_mm                | 298      |
|    proximity_steps             | 0        |
|    safety_clamped              | 114      |
|    success_rate                | 0.2      |
|    waiting_steps               | 0        |
| time/                          |          |
|    episodes                    | 10       |
|    fps                         | 237      |
|    time_elapsed                | 5        |
|    total_timesteps             | 1332     |
---------------------------------------------
---------------------------------------------
| rollout/                       |          |
|    collision_free_success_rate | 0.143    |
|    collision_steps             | 0        |
|    completion_time             | 6.05     |
|    ep_len                      | 121      |
|    episodes                    | 14       |
|    grasp_rate                  | 0.357    |
|    human_collision_rate        | 0        |
|    human_difficulty            | 2e-06    |
|    human_safety_cost           | 0        |
|    lift_rate                   | 0        |
|    minimum_human_distance      | 0.415    |
|    near_misses                 | 0        |
|    place_err_mm                | 260      |
|    proximity_steps             | 0        |
|    safety_clamped              | 104      |
|    success_rate                | 0.143    |
|    waiting_steps               | 0        |
---------------------------------------------
---------------------------------------------
| rollout/                       |          |
|    collision_free_success_rate | 0.105    |
|    collision_steps             | 0        |
|    completion_time             | 6.57     |
|    ep_len                      | 131      |
|    ep_len_mean                 | 126      |
|    ep_rew_mean                 | -2.52    |
|    episodes                    | 19       |
|    grasp_rate                  | 0.368    |
|    human_collision_rate        | 0        |
|    human_difficulty            | 2e-06    |
|    human_safety_cost           | 0        |
|    lift_rate                   | 0        |
|    minimum_human_distance      | 0.433    |
|    near_misses                 | 0        |
|    place_err_mm                | 252      |
|    proximity_steps             | 0        |
|    safety_clamped              | 113      |
|    success_rate                | 0.15     |
|    waiting_steps               | 0        |
| time/                          |          |
|    episodes                    | 20       |
|    fps                         | 227      |
|    time_elapsed                | 12       |
|    total_timesteps             | 2756     |
---------------------------------------------
---------------------------------------------
| rollout/                       |          |
|    collision_free_success_rate | 0.111    |
|    collision_steps             | 0        |
|    completion_time             | 6.8      |
|    ep_len                      | 136      |
|    episodes                    | 27       |
|    grasp_rate                  | 0.333    |
|    human_collision_rate        | 0        |
|    human_difficulty            | 2e-06    |
|    human_safety_cost           | 0        |
|    lift_rate                   | 0.037    |
|    minimum_human_distance      | 0.442    |
|    near_misses                 | 0        |
|    place_err_mm                | 260      |
|    proximity_steps             | 0        |
|    safety_clamped              | 118      |
|    success_rate                | 0.111    |
|    waiting_steps               | 0        |
---------------------------------------------
---------------------------------------------
| rollout/                       |          |
|    collision_free_success_rate | 0.103    |
|    collision_steps             | 0        |
|    completion_time             | 6.85     |
|    ep_len                      | 137      |
|    ep_len_mean                 | 136      |
|    ep_rew_mean                 | -17.8    |
|    episodes                    | 29       |
|    grasp_rate                  | 0.345    |
|    human_collision_rate        | 0        |
|    human_difficulty            | 2e-06    |
|    human_safety_cost           | 0        |
|    lift_rate                   | 0.0345   |
|    minimum_human_distance      | 0.423    |
|    near_misses                 | 0        |
|    place_err_mm                | 264      |
|    proximity_steps             | 0        |
|    safety_clamped              | 118      |
|    success_rate                | 0.1      |
|    waiting_steps               | 0        |
| time/                          |          |
|    episodes                    | 30       |
|    fps                         | 230      |
|    time_elapsed                | 18       |
|    total_timesteps             | 4356     |
---------------------------------------------
---------------------------------------------
| rollout/                       |          |
|    collision_free_success_rate | 0.103    |
|    collision_steps             | 0        |
|    completion_time             | 6.97     |
|    ep_len                      | 139      |
|    ep_len_mean                 | 139      |
|    ep_rew_mean                 | -23.2    |
|    episodes                    | 39       |
|    grasp_rate                  | 0.308    |
|    human_collision_rate        | 0.0256   |
|    human_difficulty            | 0.000323 |
|    human_safety_cost           | 3.52     |
|    lift_rate                   | 0.0256   |
|    minimum_human_distance      | 0.38     |
|    near_misses                 | 0.0769   |
|    place_err_mm                | 264      |
|    proximity_steps             | 2.15     |
|    safety_clamped              | 122      |
|    success_rate                | 0.1      |
|    waiting_steps               | 0.308    |
| time/                          |          |
|    episodes                    | 40       |
|    fps                         | 143      |
|    time_elapsed                | 39       |
|    total_timesteps             | 5712     |
| train/                         |          |
|    actor_loss                  | -3.24    |
|    critic_loss                 | 25.1     |
|    ent_coef                    | 0.0839   |
|    ent_coef_loss               | -9.63    |
|    learning_rate               | 0.0003   |
|    n_updates                   | 708      |
---------------------------------------------
---------------------------------------------
| rollout/                       |          |
|    collision_free_success_rate | 0.0976   |
|    collision_steps             | 0        |
|    completion_time             | 6.92     |
|    ep_len                      | 138      |
|    episodes                    | 41       |
|    grasp_rate                  | 0.293    |
|    human_collision_rate        | 0.0244   |
|    human_difficulty            | 0.000429 |
|    human_safety_cost           | 3.35     |
|    lift_rate                   | 0.0244   |
|    minimum_human_distance      | 0.384    |
|    near_misses                 | 0.0732   |
|    place_err_mm                | 267      |
|    proximity_steps             | 2.05     |
|    safety_clamped              | 122      |
|    success_rate                | 0.0976   |
|    waiting_steps               | 0.293    |
| train/                         |          |
|    actor_loss                  | -6.16    |
|    critic_loss                 | 21.2     |
|    ent_coef                    | 0.0793   |
|    ent_coef_loss               | -8.52    |
|    learning_rate               | 0.0003   |
|    n_updates                   | 996      |
---------------------------------------------
---------------------------------------------
| rollout/                       |          |
|    collision_free_success_rate | 0.0816   |
|    collision_steps             | 0        |
|    completion_time             | 6.96     |
|    ep_len                      | 139      |
|    ep_len_mean                 | 140      |
|    ep_rew_mean                 | -23.5    |
|    episodes                    | 49       |
|    grasp_rate                  | 0.306    |
|    human_collision_rate        | 0.0408   |
|    human_difficulty            | 0.000767 |
|    human_safety_cost           | 5.21     |
|    lift_rate                   | 0.0816   |
|    minimum_human_distance      | 0.376    |
|    near_misses                 | 0.0816   |
|    place_err_mm                | 262      |
|    proximity_steps             | 2.14     |
|    safety_clamped              | 124      |
|    success_rate                | 0.08     |
|    waiting_steps               | 0.673    |
| time/                          |          |
|    episodes                    | 50       |
|    fps                         | 94       |
|    time_elapsed                | 76       |
|    total_timesteps             | 7236     |
| train/                         |          |
|    actor_loss                  | -12.7    |
|    critic_loss                 | 19.2     |
|    ent_coef                    | 0.0595   |
|    ent_coef_loss               | -8.75    |
|    learning_rate               | 0.0003   |
|    n_updates                   | 2232     |
---------------------------------------------
---------------------------------------------
| rollout/                       |          |
|    collision_free_success_rate | 0.08     |
|    collision_steps             | 2.3      |
|    completion_time             | 6.9      |
|    ep_len                      | 138      |
|    episodes                    | 54       |
|    grasp_rate                  | 0.3      |
|    human_collision_rate        | 0.06     |
|    human_difficulty            | 0.001    |
|    human_safety_cost           | 9.94     |
|    lift_rate                   | 0.1      |
|    minimum_human_distance      | 0.366    |
|    near_misses                 | 0.1      |
|    place_err_mm                | 253      |
|    proximity_steps             | 3.24     |
|    safety_clamped              | 124      |
|    success_rate                | 0.08     |
|    waiting_steps               | 1.8      |
| train/                         |          |
|    actor_loss                  | -17.3    |
|    critic_loss                 | 18.1     |
|    ent_coef                    | 0.0511   |
|    ent_coef_loss               | -5.67    |
|    learning_rate               | 0.0003   |
|    n_updates                   | 2996     |
---------------------------------------------
---------------------------------------------
| rollout/                       |          |
|    collision_free_success_rate | 0.06     |
|    collision_steps             | 2.3      |
|    completion_time             | 7.11     |
|    ep_len                      | 142      |
|    ep_len_mean                 | 139      |
|    ep_rew_mean                 | -27.6    |
|    episodes                    | 59       |
|    grasp_rate                  | 0.36     |
|    human_collision_rate        | 0.06     |
|    human_difficulty            | 0.00125  |
|    human_safety_cost           | 9.94     |
|    lift_rate                   | 0.1      |
|    minimum_human_distance      | 0.361    |
|    near_misses                 | 0.1      |
|    place_err_mm                | 266      |
|    proximity_steps             | 3.24     |
|    safety_clamped              | 129      |
|    success_rate                | 0.0667   |
|    waiting_steps               | 1.8      |
| time/                          |          |
|    episodes                    | 60       |
|    fps                         | 78       |
|    time_elapsed                | 107      |
|    total_timesteps             | 8508     |
| train/                         |          |
|    actor_loss                  | -23.1    |
|    critic_loss                 | 15       |
|    ent_coef                    | 0.0474   |
|    ent_coef_loss               | -1.72    |
|    learning_rate               | 0.0003   |
|    n_updates                   | 3504     |
---------------------------------------------
---------------------------------------------
| rollout/                       |          |
|    collision_free_success_rate | 0.04     |
|    collision_steps             | 2.3      |
|    completion_time             | 6.98     |
|    ep_len                      | 140      |
|    ep_len_mean                 | 138      |
|    ep_rew_mean                 | -24.5    |
|    episodes                    | 69       |
|    grasp_rate                  | 0.32     |
|    human_collision_rate        | 0.06     |
|    human_difficulty            | 0.00175  |
|    human_safety_cost           | 9.94     |
|    lift_rate                   | 0.12     |
|    minimum_human_distance      | 0.34     |
|    near_misses                 | 0.1      |
|    place_err_mm                | 277      |
|    proximity_steps             | 3.24     |
|    safety_clamped              | 127      |
|    success_rate                | 0.0571   |
|    waiting_steps               | 1.8      |
| time/                          |          |
|    episodes                    | 70       |
|    fps                         | 69       |
|    time_elapsed                | 142      |
|    total_timesteps             | 9916     |
| train/                         |          |
|    actor_loss                  | -32      |
|    critic_loss                 | 12.1     |
|    ent_coef                    | 0.0531   |
|    ent_coef_loss               | 3.32     |
|    learning_rate               | 0.0003   |
|    n_updates                   | 4912     |
---------------------------------------------
---------------------------------------------
| rollout/                       |          |
|    collision_free_success_rate | 0.02     |
|    collision_steps             | 2.3      |
|    completion_time             | 7.04     |
|    ep_len                      | 141      |
|    episodes                    | 71       |
|    grasp_rate                  | 0.32     |
|    human_collision_rate        | 0.06     |
|    human_difficulty            | 0.00185  |
|    human_safety_cost           | 9.94     |
|    lift_rate                   | 0.1      |
|    minimum_human_distance      | 0.335    |
|    near_misses                 | 0.1      |
|    place_err_mm                | 279      |
|    proximity_steps             | 3.24     |
|    safety_clamped              | 128      |
|    success_rate                | 0.02     |
|    waiting_steps               | 1.8      |
| train/                         |          |
|    actor_loss                  | -34.3    |
|    critic_loss                 | 11.8     |
|    ent_coef                    | 0.0539   |
|    ent_coef_loss               | 2.13     |
|    learning_rate               | 0.0003   |
|    n_updates                   | 4996     |
---------------------------------------------
---------------------------------------------
| rollout/                       |          |
|    collision_free_success_rate | 0.02     |
|    collision_steps             | 2.3      |
|    completion_time             | 7.06     |
|    ep_len                      | 141      |
|    ep_len_mean                 | 140      |
|    ep_rew_mean                 | -22.9    |
|    episodes                    | 79       |
|    grasp_rate                  | 0.32     |
|    human_collision_rate        | 0.06     |
|    human_difficulty            | 0.00265  |
|    human_safety_cost           | 10.7     |
|    lift_rate                   | 0.12     |
|    minimum_human_distance      | 0.324    |
|    near_misses                 | 0.14     |
|    place_err_mm                | 271      |
|    proximity_steps             | 5.26     |
|    safety_clamped              | 129      |
|    success_rate                | 0.05     |
|    waiting_steps               | 3.82     |
| time/                          |          |
|    episodes                    | 80       |
|    fps                         | 62       |
|    time_elapsed                | 183      |
|    total_timesteps             | 11516    |
| train/                         |          |
|    actor_loss                  | -39.3    |
|    critic_loss                 | 10.7     |
|    ent_coef                    | 0.0683   |
|    ent_coef_loss               | 1.55     |
|    learning_rate               | 0.0003   |
|    n_updates                   | 6512     |
---------------------------------------------
---------------------------------------------
| rollout/                       |          |
|    collision_free_success_rate | 0        |
|    collision_steps             | 2.3      |
|    completion_time             | 7.11     |
|    ep_len                      | 142      |
|    episodes                    | 84       |
|    grasp_rate                  | 0.36     |
|    human_collision_rate        | 0.06     |
|    human_difficulty            | 0.00315  |
|    human_safety_cost           | 10.6     |
|    lift_rate                   | 0.14     |
|    minimum_human_distance      | 0.327    |
|    near_misses                 | 0.12     |
|    place_err_mm                | 271      |
|    proximity_steps             | 4.9      |
|    safety_clamped              | 131      |
|    success_rate                | 0        |
|    waiting_steps               | 3.78     |
| train/                         |          |
|    actor_loss                  | -38.8    |
|    critic_loss                 | 10.9     |
|    ent_coef                    | 0.0667   |
|    ent_coef_loss               | 1.07     |
|    learning_rate               | 0.0003   |
|    n_updates                   | 6996     |
---------------------------------------------
---------------------------------------------
| rollout/                       |          |
|    collision_free_success_rate | 0        |
|    collision_steps             | 2.3      |
|    completion_time             | 7.11     |
|    ep_len                      | 142      |
|    ep_len_mean                 | 140      |
|    ep_rew_mean                 | -19.6    |
|    episodes                    | 89       |
|    grasp_rate                  | 0.36     |
|    human_collision_rate        | 0.04     |
|    human_difficulty            | 0.0034   |
|    human_safety_cost           | 7.99     |
|    lift_rate                   | 0.16     |
|    minimum_human_distance      | 0.352    |
|    near_misses                 | 0.08     |
|    place_err_mm                | 275      |
|    proximity_steps             | 3.58     |
|    safety_clamped              | 131      |
|    success_rate                | 0.0444   |
|    waiting_steps               | 3.58     |
| time/                          |          |
|    episodes                    | 90       |
|    fps                         | 59       |
|    time_elapsed                | 217      |
|    total_timesteps             | 12900    |
| train/                         |          |
|    actor_loss                  | -38.6    |
|    critic_loss                 | 16.6     |
|    ent_coef                    | 0.0662   |
|    ent_coef_loss               | -0.769   |
|    learning_rate               | 0.0003   |
|    n_updates                   | 7896     |
---------------------------------------------
---------------------------------------------
| rollout/                       |          |
|    collision_free_success_rate | 0        |
|    collision_steps             | 2.3      |
|    completion_time             | 7.32     |
|    ep_len                      | 146      |
|    episodes                    | 96       |
|    grasp_rate                  | 0.36     |
|    human_collision_rate        | 0.04     |
|    human_difficulty            | 0.00375  |
|    human_safety_cost           | 7.99     |
|    lift_rate                   | 0.12     |
|    minimum_human_distance      | 0.353    |
|    near_misses                 | 0.08     |
|    place_err_mm                | 272      |
|    proximity_steps             | 3.58     |
|    safety_clamped              | 135      |
|    success_rate                | 0        |
|    waiting_steps               | 3.58     |
| train/                         |          |
|    actor_loss                  | -42      |
|    critic_loss                 | 14.2     |
|    ent_coef                    | 0.0697   |
|    ent_coef_loss               | -0.659   |
|    learning_rate               | 0.0003   |
|    n_updates                   | 8996     |
---------------------------------------------
---------------------------------------------
| rollout/                       |          |
|    collision_free_success_rate | 0        |
|    collision_steps             | 2.3      |
|    completion_time             | 7.34     |
|    ep_len                      | 147      |
|    ep_len_mean                 | 144      |
|    ep_rew_mean                 | -19.1    |
|    episodes                    | 99       |
|    grasp_rate                  | 0.38     |
|    human_collision_rate        | 0.02     |
|    human_difficulty            | 0.0039   |
|    human_safety_cost           | 5.63     |
|    lift_rate                   | 0.12     |
|    minimum_human_distance      | 0.359    |
|    near_misses                 | 0.06     |
|    place_err_mm                | 272      |
|    proximity_steps             | 3.24     |
|    safety_clamped              | 134      |
|    success_rate                | 0.04     |
|    waiting_steps               | 3.24     |
| time/                          |          |
|    episodes                    | 100      |
|    fps                         | 56       |
|    time_elapsed                | 256      |
|    total_timesteps             | 14500    |
| train/                         |          |
|    actor_loss                  | -39.2    |
|    critic_loss                 | 9.94     |
|    ent_coef                    | 0.0687   |
|    ent_coef_loss               | 0.312    |
|    learning_rate               | 0.0003   |
|    n_updates                   | 9496     |
---------------------------------------------
---------------------------------------------
| rollout/                       |          |
|    collision_free_success_rate | 0.02     |
|    collision_steps             | 0        |
|    completion_time             | 7.36     |
|    ep_len                      | 147      |
|    ep_len_mean                 | 146      |
|    ep_rew_mean                 | -17.2    |
|    episodes                    | 109      |
|    grasp_rate                  | 0.34     |
|    human_collision_rate        | 0        |
|    human_difficulty            | 0.00475  |
|    human_safety_cost           | 0.79     |
|    lift_rate                   | 0.12     |
|    minimum_human_distance      | 0.386    |
|    near_misses                 | 0.04     |
|    place_err_mm                | 255      |
|    proximity_steps             | 2.1      |
|    safety_clamped              | 134      |
|    success_rate                | 0.03     |
|    waiting_steps               | 2.1      |
| time/                          |          |
|    episodes                    | 110      |
|    fps                         | 54       |
|    time_elapsed                | 293      |
|    total_timesteps             | 15992    |
| train/                         |          |
|    actor_loss                  | -37.6    |
|    critic_loss                 | 10.6     |
|    ent_coef                    | 0.0629   |
|    ent_coef_loss               | 0.821    |
|    learning_rate               | 0.0003   |
|    n_updates                   | 10988    |
---------------------------------------------
---------------------------------------------
| rollout/                       |          |
|    collision_free_success_rate | 0.02     |
|    collision_steps             | 0        |
|    completion_time             | 7.39     |
|    ep_len                      | 148      |
|    episodes                    | 111      |
|    grasp_rate                  | 0.34     |
|    human_collision_rate        | 0        |
|    human_difficulty            | 0.00495  |
|    human_safety_cost           | 0.79     |
|    lift_rate                   | 0.14     |
|    minimum_human_distance      | 0.382    |
|    near_misses                 | 0.04     |
|    place_err_mm                | 258      |
|    proximity_steps             | 2.1      |
|    safety_clamped              | 134      |
|    success_rate                | 0.02     |
|    waiting_steps               | 2.1      |
| train/                         |          |
|    actor_loss                  | -39.3    |
|    critic_loss                 | 10.7     |
|    ent_coef                    | 0.0629   |
|    ent_coef_loss               | -0.268   |
|    learning_rate               | 0.0003   |
|    n_updates                   | 10996    |
---------------------------------------------
---------------------------------------------
| rollout/                       |          |
|    collision_free_success_rate | 0.02     |
|    collision_steps             | 0        |
|    completion_time             | 7.89     |
|    ep_len                      | 158      |
|    ep_len_mean                 | 150      |
|    ep_rew_mean                 | -18.6    |
|    episodes                    | 119      |
|    grasp_rate                  | 0.34     |
|    human_collision_rate        | 0        |
|    human_difficulty            | 0.00575  |
|    human_safety_cost           | 0.8      |
|    lift_rate                   | 0.12     |
|    minimum_human_distance      | 0.379    |
|    near_misses                 | 0.04     |
|    place_err_mm                | 259      |
|    proximity_steps             | 3.08     |
|    safety_clamped              | 145      |
|    success_rate                | 0.02     |
|    waiting_steps               | 3.08     |
| time/                          |          |
|    episodes                    | 120      |
|    fps                         | 52       |
|    time_elapsed                | 337      |
|    total_timesteps             | 17780    |
| train/                         |          |
|    actor_loss                  | -35.4    |
|    critic_loss                 | 10.1     |
|    ent_coef                    | 0.0608   |
|    ent_coef_loss               | 0.344    |
|    learning_rate               | 0.0003   |
|    n_updates                   | 12776    |
---------------------------------------------
---------------------------------------------
| rollout/                       |          |
|    collision_free_success_rate | 0.02     |
|    collision_steps             | 0        |
|    completion_time             | 7.92     |
|    ep_len                      | 158      |
|    episodes                    | 121      |
|    grasp_rate                  | 0.34     |
|    human_collision_rate        | 0        |
|    human_difficulty            | 0.00595  |
|    human_safety_cost           | 0.8      |
|    lift_rate                   | 0.12     |
|    minimum_human_distance      | 0.382    |
|    near_misses                 | 0.04     |
|    place_err_mm                | 262      |
|    proximity_steps             | 3.08     |
|    safety_clamped              | 146      |
|    success_rate                | 0.02     |
|    waiting_steps               | 3.08     |
| train/                         |          |
|    actor_loss                  | -34.3    |
|    critic_loss                 | 22.7     |
|    ent_coef                    | 0.0616   |
|    ent_coef_loss               | -0.288   |
|    learning_rate               | 0.0003   |
|    n_updates                   | 12996    |
---------------------------------------------
---------------------------------------------
| rollout/                       |          |
|    collision_free_success_rate | 0.04     |
|    collision_steps             | 0        |
|    completion_time             | 7.74     |
|    ep_len                      | 155      |
|    ep_len_mean                 | 149      |
|    ep_rew_mean                 | -16.7    |
|    episodes                    | 129      |
|    grasp_rate                  | 0.34     |
|    human_collision_rate        | 0        |
|    human_difficulty            | 0.00635  |
|    human_safety_cost           | 0.36     |
|    lift_rate                   | 0.14     |
|    minimum_human_distance      | 0.394    |
|    near_misses                 | 0.02     |
|    place_err_mm                | 263      |
|    proximity_steps             | 1.5      |
|    safety_clamped              | 142      |
|    success_rate                | 0.03     |
|    waiting_steps               | 1.5      |
| time/                          |          |
|    episodes                    | 130      |
|    fps                         | 51       |
|    time_elapsed                | 369      |
|    total_timesteps             | 19072    |
| train/                         |          |
|    actor_loss                  | -33.6    |
|    critic_loss                 | 13.6     |
|    ent_coef                    | 0.0635   |
|    ent_coef_loss               | 0.378    |
|    learning_rate               | 0.0003   |
|    n_updates                   | 14068    |
---------------------------------------------
---------------------------------------------
| rollout/                       |          |
|    collision_free_success_rate | 0.04     |
|    collision_steps             | 0        |
|    completion_time             | 8.04     |
|    ep_len                      | 161      |
|    episodes                    | 134      |
|    grasp_rate                  | 0.28     |
|    human_collision_rate        | 0        |
|    human_difficulty            | 0.0066   |
|    human_safety_cost           | 2.37     |
|    lift_rate                   | 0.12     |
|    minimum_human_distance      | 0.393    |
|    near_misses                 | 0.04     |
|    place_err_mm                | 268      |
|    proximity_steps             | 3.42     |
|    safety_clamped              | 146      |
|    success_rate                | 0.04     |
|    waiting_steps               | 2.46     |
| train/                         |          |
|    actor_loss                  | -30.9    |
|    critic_loss                 | 15.2     |
|    ent_coef                    | 0.0646   |
|    ent_coef_loss               | 0.0241   |
|    learning_rate               | 0.0003   |
|    n_updates                   | 14996    |
---------------------------------------------
Eval num_timesteps=20000, episode_reward=-30.99 +/- 25.56
Episode length: 199.60 +/- 1.50
Success rate: 0.00%
---------------------------------
| eval/              |          |
|    mean_ep_length  | 200      |
|    mean_reward     | -31      |
|    success_rate    | 0        |
| time/              |          |
|    total_timesteps | 20000    |
---------------------------------
New best mean reward!
---------------------------------------------
| rollout/                       |          |
|    collision_free_success_rate | 0.04     |
|    collision_steps             | 0        |
|    completion_time             | 7.96     |
|    ep_len                      | 159      |
|    ep_len_mean                 | 150      |
|    ep_rew_mean                 | -11.4    |
|    episodes                    | 139      |
|    grasp_rate                  | 0.28     |
|    human_collision_rate        | 0        |
|    human_difficulty            | 0.0071   |
|    human_safety_cost           | 2.51     |
|    lift_rate                   | 0.1      |
|    minimum_human_distance      | 0.377    |
|    near_misses                 | 0.06     |
|    place_err_mm                | 271      |
|    proximity_steps             | 3.82     |
|    safety_clamped              | 144      |
|    success_rate                | 0.03     |
|    waiting_steps               | 2.86     |
| time/                          |          |
|    episodes                    | 140      |
|    fps                         | 45       |
|    time_elapsed                | 459      |
|    total_timesteps             | 20796    |
| train/                         |          |
|    actor_loss                  | -31.2    |
|    critic_loss                 | 15.4     |
|    ent_coef                    | 0.0605   |
|    ent_coef_loss               | 0.146    |
|    learning_rate               | 0.0003   |
|    n_updates                   | 15792    |
---------------------------------------------
---------------------------------------------
| rollout/                       |          |
|    collision_free_success_rate | 0.06     |
|    collision_steps             | 0        |
|    completion_time             | 7.77     |
|    ep_len                      | 155      |
|    episodes                    | 148      |
|    grasp_rate                  | 0.24     |
|    human_collision_rate        | 0.02     |
|    human_difficulty            | 0.008    |
|    human_safety_cost           | 5.03     |
|    lift_rate                   | 0.1      |
|    minimum_human_distance      | 0.363    |
|    near_misses                 | 0.08     |
|    place_err_mm                | 273      |
|    proximity_steps             | 4.34     |
|    safety_clamped              | 141      |
|    success_rate                | 0.06     |
|    waiting_steps               | 3.38     |
| train/                         |          |
|    actor_loss                  | -29      |
|    critic_loss                 | 41.3     |
|    ent_coef                    | 0.0581   |
|    ent_coef_loss               | -0.183   |
|    learning_rate               | 0.0003   |
|    n_updates                   | 16996    |
---------------------------------------------
---------------------------------------------
| rollout/                       |          |
|    collision_free_success_rate | 0.06     |
|    collision_steps             | 0        |
|    completion_time             | 7.77     |
|    ep_len                      | 155      |
|    ep_len_mean                 | 150      |
|    ep_rew_mean                 | -11      |
|    episodes                    | 149      |
|    grasp_rate                  | 0.24     |
|    human_collision_rate        | 0.02     |
|    human_difficulty            | 0.0081   |
|    human_safety_cost           | 5.03     |
|    lift_rate                   | 0.1      |
|    minimum_human_distance      | 0.362    |
|    near_misses                 | 0.08     |
|    place_err_mm                | 273      |
|    proximity_steps             | 4.34     |
|    safety_clamped              | 140      |
|    success_rate                | 0.03     |
|    waiting_steps               | 3.38     |
| time/                          |          |
|    episodes                    | 150      |
|    fps                         | 44       |
|    time_elapsed                | 495      |
|    total_timesteps             | 22200    |
| train/                         |          |
|    actor_loss                  | -30.7    |
|    critic_loss                 | 14       |
|    ent_coef                    | 0.0581   |
|    ent_coef_loss               | 0.721    |
|    learning_rate               | 0.0003   |
|    n_updates                   | 17196    |
---------------------------------------------
---------------------------------------------
| rollout/                       |          |
|    collision_free_success_rate | 0.04     |
|    collision_steps             | 0        |
|    completion_time             | 7.54     |
|    ep_len                      | 151      |
|    ep_len_mean                 | 149      |
|    ep_rew_mean                 | -5.32    |
|    episodes                    | 159      |
|    grasp_rate                  | 0.3      |
|    human_collision_rate        | 0.02     |
|    human_difficulty            | 0.00875  |
|    human_safety_cost           | 5.03     |
|    lift_rate                   | 0.08     |
|    minimum_human_distance      | 0.35     |
|    near_misses                 | 0.08     |
|    place_err_mm                | 274      |
|    proximity_steps             | 4.34     |
|    safety_clamped              | 134      |
|    success_rate                | 0.03     |
|    waiting_steps               | 3.38     |
| time/                          |          |
|    episodes                    | 160      |
|    fps                         | 44       |
|    time_elapsed                | 527      |
|    total_timesteps             | 23480    |
| train/                         |          |
|    actor_loss                  | -28.5    |
|    critic_loss                 | 15.3     |
|    ent_coef                    | 0.0598   |
|    ent_coef_loss               | 1.02     |
|    learning_rate               | 0.0003   |
|    n_updates                   | 18476    |
---------------------------------------------
---------------------------------------------
| rollout/                       |          |
|    collision_free_success_rate | 0.04     |
|    collision_steps             | 0        |
|    completion_time             | 7.61     |
|    ep_len                      | 152      |
|    episodes                    | 162      |
|    grasp_rate                  | 0.3      |
|    human_collision_rate        | 0.02     |
|    human_difficulty            | 0.0089   |
|    human_safety_cost           | 5.03     |
|    lift_rate                   | 0.06     |
|    minimum_human_distance      | 0.361    |
|    near_misses                 | 0.08     |
|    place_err_mm                | 272      |
|    proximity_steps             | 4.26     |
|    safety_clamped              | 136      |
|    success_rate                | 0.04     |
|    waiting_steps               | 3.3      |
| train/                         |          |
|    actor_loss                  | -27.8    |
|    critic_loss                 | 25.1     |
|    ent_coef                    | 0.0595   |
|    ent_coef_loss               | -0.44    |
|    learning_rate               | 0.0003   |
|    n_updates                   | 18996    |
---------------------------------------------
---------------------------------------------
| rollout/                       |          |
|    collision_free_success_rate | 0.04     |
|    collision_steps             | 0        |
|    completion_time             | 7.38     |
|    ep_len                      | 148      |
|    ep_len_mean                 | 151      |
|    ep_rew_mean                 | -7.26    |
|    episodes                    | 169      |
|    grasp_rate                  | 0.32     |
|    human_collision_rate        | 0.04     |
|    human_difficulty            | 0.00925  |
|    human_safety_cost           | 7.56     |
|    lift_rate                   | 0.06     |
|    minimum_human_distance      | 0.362    |
|    near_misses                 | 0.1      |
|    place_err_mm                | 266      |
|    proximity_steps             | 3.92     |
|    safety_clamped              | 130      |
|    success_rate                | 0.03     |
|    waiting_steps               | 2.96     |
| time/                          |          |
|    episodes                    | 170      |
|    fps                         | 44       |
|    time_elapsed                | 568      |
|    total_timesteps             | 25164    |
| train/                         |          |
|    actor_loss                  | -27.7    |
|    critic_loss                 | 17.7     |
|    ent_coef                    | 0.0598   |
|    ent_coef_loss               | -0.247   |
|    learning_rate               | 0.0003   |
|    n_updates                   | 20160    |
---------------------------------------------
---------------------------------------------
| rollout/                       |          |
|    collision_free_success_rate | 0.04     |
|    collision_steps             | 0        |
|    completion_time             | 7.24     |
|    ep_len                      | 145      |
|    episodes                    | 177      |
|    grasp_rate                  | 0.38     |
|    human_collision_rate        | 0.04     |
|    human_difficulty            | 0.0101   |
|    human_safety_cost           | 7.21     |
|    lift_rate                   | 0.04     |
|    minimum_human_distance      | 0.366    |
|    near_misses                 | 0.08     |
|    place_err_mm                | 266      |
|    proximity_steps             | 3.48     |
|    safety_clamped              | 128      |
|    success_rate                | 0.04     |
|    waiting_steps               | 2.52     |
| train/                         |          |
|    actor_loss                  | -25      |
|    critic_loss                 | 17.5     |
|    ent_coef                    | 0.058    |
|    ent_coef_loss               | -1.06    |
|    learning_rate               | 0.0003   |
|    n_updates                   | 20996    |
---------------------------------------------
---------------------------------------------
| rollout/                       |          |
|    collision_free_success_rate | 0.02     |
|    collision_steps             | 0        |
|    completion_time             | 7.26     |
|    ep_len                      | 145      |
|    ep_len_mean                 | 150      |
|    ep_rew_mean                 | -8.2     |
|    episodes                    | 179      |
|    grasp_rate                  | 0.38     |
|    human_collision_rate        | 0.04     |
|    human_difficulty            | 0.0103   |
|    human_safety_cost           | 7.21     |
|    lift_rate                   | 0.02     |
|    minimum_human_distance      | 0.352    |
|    near_misses                 | 0.08     |
|    place_err_mm                | 267      |
|    proximity_steps             | 3.48     |
|    safety_clamped              | 128      |
|    success_rate                | 0.03     |
|    waiting_steps               | 2.52     |
| time/                          |          |
|    episodes                    | 180      |
|    fps                         | 44       |
|    time_elapsed                | 605      |
|    total_timesteps             | 26640    |
| train/                         |          |
|    actor_loss                  | -25.8    |
|    critic_loss                 | 15.4     |
|    ent_coef                    | 0.0549   |
|    ent_coef_loss               | 1.38     |
|    learning_rate               | 0.0003   |
|    n_updates                   | 21636    |
---------------------------------------------
---------------------------------------------
| rollout/                       |          |
|    collision_free_success_rate | 0.06     |
|    collision_steps             | 0        |
|    completion_time             | 6.64     |
|    ep_len                      | 133      |
|    ep_len_mean                 | 147      |
|    ep_rew_mean                 | -4.18    |
|    episodes                    | 189      |
|    grasp_rate                  | 0.48     |
|    human_collision_rate        | 0.04     |
|    human_difficulty            | 0.011    |
|    human_safety_cost           | 5.32     |
|    lift_rate                   | 0.04     |
|    minimum_human_distance      | 0.369    |
|    near_misses                 | 0.06     |
|    place_err_mm                | 247      |
|    proximity_steps             | 2        |
|    safety_clamped              | 118      |
|    success_rate                | 0.05     |
|    waiting_steps               | 1.7      |
| time/                          |          |
|    episodes                    | 190      |
|    fps                         | 43       |
|    time_elapsed                | 627      |
|    total_timesteps             | 27532    |
| train/                         |          |
|    actor_loss                  | -23.1    |
|    critic_loss                 | 16.3     |
|    ent_coef                    | 0.0545   |
|    ent_coef_loss               | 0.404    |
|    learning_rate               | 0.0003   |
|    n_updates                   | 22528    |
---------------------------------------------
---------------------------------------------
| rollout/                       |          |
|    collision_free_success_rate | 0.04     |
|    collision_steps             | 0        |
|    completion_time             | 6.63     |
|    ep_len                      | 133      |
|    episodes                    | 193      |
|    grasp_rate                  | 0.5      |
|    human_collision_rate        | 0.02     |
|    human_difficulty            | 0.0112   |
|    human_safety_cost           | 2.8      |
|    lift_rate                   | 0.02     |
|    minimum_human_distance      | 0.378    |
|    near_misses                 | 0.04     |
|    place_err_mm                | 244      |
|    proximity_steps             | 1.4      |
|    safety_clamped              | 117      |
|    success_rate                | 0.04     |
|    waiting_steps               | 1.1      |
| train/                         |          |
|    actor_loss                  | -22.9    |
|    critic_loss                 | 11.1     |
|    ent_coef                    | 0.0542   |
|    ent_coef_loss               | -0.205   |
|    learning_rate               | 0.0003   |
|    n_updates                   | 22996    |
---------------------------------------------
---------------------------------------------
| rollout/                       |          |
|    collision_free_success_rate | 0.04     |
|    collision_steps             | 0        |
|    completion_time             | 6.26     |
|    ep_len                      | 125      |
|    ep_len_mean                 | 139      |
|    ep_rew_mean                 | 0.488    |
|    episodes                    | 199      |
|    grasp_rate                  | 0.52     |
|    human_collision_rate        | 0.02     |
|    human_difficulty            | 0.0115   |
|    human_safety_cost           | 2.82     |
|    lift_rate                   | 0.02     |
|    minimum_human_distance      | 0.373    |
|    near_misses                 | 0.04     |
|    place_err_mm                | 244      |
|    proximity_steps             | 1.58     |
|    safety_clamped              | 110      |
|    success_rate                | 0.06     |
|    waiting_steps               | 1.24     |
| time/                          |          |
|    episodes                    | 200      |
|    fps                         | 43       |
|    time_elapsed                | 654      |
|    total_timesteps             | 28584    |
| train/                         |          |
|    actor_loss                  | -20.2    |
|    critic_loss                 | 14.4     |
|    ent_coef                    | 0.0533   |
|    ent_coef_loss               | -1.03    |
|    learning_rate               | 0.0003   |
|    n_updates                   | 23580    |
---------------------------------------------
---------------------------------------------
| rollout/                       |          |
|    collision_free_success_rate | 0.06     |
|    collision_steps             | 0        |
|    completion_time             | 6.17     |
|    ep_len                      | 123      |
|    ep_len_mean                 | 137      |
|    ep_rew_mean                 | -0.941   |
|    episodes                    | 209      |
|    grasp_rate                  | 0.54     |
|    human_collision_rate        | 0.02     |
|    human_difficulty            | 0.012    |
|    human_safety_cost           | 2.82     |
|    lift_rate                   | 0.02     |
|    minimum_human_distance      | 0.366    |
|    near_misses                 | 0.04     |
|    place_err_mm                | 234      |
|    proximity_steps             | 1.58     |
|    safety_clamped              | 109      |
|    success_rate                | 0.05     |
|    waiting_steps               | 1.24     |
| time/                          |          |
|    episodes                    | 210      |
|    fps                         | 43       |
|    time_elapsed                | 683      |
|    total_timesteps             | 29740    |
| train/                         |          |
|    actor_loss                  | -21.6    |
|    critic_loss                 | 11.1     |
|    ent_coef                    | 0.0482   |
|    ent_coef_loss               | -0.308   |
|    learning_rate               | 0.0003   |
|    n_updates                   | 24736    |
---------------------------------------------
---------------------------------------------
| rollout/                       |          |
|    collision_free_success_rate | 0.06     |
|    collision_steps             | 0        |
|    completion_time             | 6.27     |
|    ep_len                      | 125      |
|    episodes                    | 211      |
|    grasp_rate                  | 0.52     |
|    human_collision_rate        | 0.02     |
|    human_difficulty            | 0.0121   |
|    human_safety_cost           | 3.78     |
|    lift_rate                   | 0.02     |
|    minimum_human_distance      | 0.355    |
|    near_misses                 | 0.06     |
|    place_err_mm                | 236      |
|    proximity_steps             | 3.34     |
|    safety_clamped              | 111      |
|    success_rate                | 0.06     |
|    waiting_steps               | 3        |
| train/                         |          |
|    actor_loss                  | -18.5    |
|    critic_loss                 | 27.9     |
|    ent_coef                    | 0.0471   |
|    ent_coef_loss               | -1.52    |
|    learning_rate               | 0.0003   |
|    n_updates                   | 24996    |
---------------------------------------------
---------------------------------------------
| rollout/                       |          |
|    collision_free_success_rate | 0.06     |
|    collision_steps             | 0        |
|    completion_time             | 6.3      |
|    ep_len                      | 126      |
|    ep_len_mean                 | 138      |
|    ep_rew_mean                 | -5.18    |
|    episodes                    | 219      |
|    grasp_rate                  | 0.52     |
|    human_collision_rate        | 0        |
|    human_difficulty            | 0.0129   |
|    human_safety_cost           | 2.18     |
|    lift_rate                   | 0.02     |
|    minimum_human_distance      | 0.348    |
|    near_misses                 | 0.06     |
|    place_err_mm                | 251      |
|    proximity_steps             | 3.74     |
|    safety_clamped              | 113      |
|    success_rate                | 0.05     |
|    waiting_steps               | 3.16     |
| time/                          |          |
|    episodes                    | 220      |
|    fps                         | 43       |
|    time_elapsed                | 727      |
|    total_timesteps             | 31492    |
| train/                         |          |
|    actor_loss                  | -16.1    |
|    critic_loss                 | 9.25     |
|    ent_coef                    | 0.0416   |
|    ent_coef_loss               | -0.99    |
|    learning_rate               | 0.0003   |
|    n_updates                   | 26488    |
---------------------------------------------
---------------------------------------------
| rollout/                       |          |
|    collision_free_success_rate | 0.06     |
|    collision_steps             | 1.2      |
|    completion_time             | 6.25     |
|    ep_len                      | 125      |
|    episodes                    | 224      |
|    grasp_rate                  | 0.48     |
|    human_collision_rate        | 0.04     |
|    human_difficulty            | 0.0132   |
|    human_safety_cost           | 7.72     |
|    lift_rate                   | 0.02     |
|    minimum_human_distance      | 0.327    |
|    near_misses                 | 0.1      |
|    place_err_mm                | 263      |
|    proximity_steps             | 4.98     |
|    safety_clamped              | 112      |
|    success_rate                | 0.06     |
|    waiting_steps               | 4.4      |
| train/                         |          |
|    actor_loss                  | -16.7    |
|    critic_loss                 | 12.2     |
|    ent_coef                    | 0.0398   |
|    ent_coef_loss               | -0.293   |
|    learning_rate               | 0.0003   |
|    n_updates                   | 26996    |
---------------------------------------------
---------------------------------------------
| rollout/                       |          |
|    collision_free_success_rate | 0.08     |
|    collision_steps             | 1.22     |
|    completion_time             | 6.07     |
|    ep_len                      | 121      |
|    ep_len_mean                 | 133      |
|    ep_rew_mean                 | -3.49    |
|    episodes                    | 229      |
|    grasp_rate                  | 0.46     |
|    human_collision_rate        | 0.04     |
|    human_difficulty            | 0.0134   |
|    human_safety_cost           | 7.72     |
|    lift_rate                   | 0.04     |
|    minimum_human_distance      | 0.335    |
|    near_misses                 | 0.1      |
|    place_err_mm                | 250      |
|    proximity_steps             | 4.98     |
|    safety_clamped              | 109      |
|    success_rate                | 0.05     |
|    waiting_steps               | 4.4      |
| time/                          |          |
|    episodes                    | 230      |
|    fps                         | 43       |
|    time_elapsed                | 754      |
|    total_timesteps             | 32620    |
| train/                         |          |
|    actor_loss                  | -16.3    |
|    critic_loss                 | 11.6     |
|    ent_coef                    | 0.0374   |
|    ent_coef_loss               | 0.051    |
|    learning_rate               | 0.0003   |
|    n_updates                   | 27616    |
---------------------------------------------
---------------------------------------------
| rollout/                       |          |
|    collision_free_success_rate | 0.04     |
|    collision_steps             | 1.22     |
|    completion_time             | 6.39     |
|    ep_len                      | 128      |
|    episodes                    | 239      |
|    grasp_rate                  | 0.4      |
|    human_collision_rate        | 0.04     |
|    human_difficulty            | 0.0139   |
|    human_safety_cost           | 7.46     |
|    lift_rate                   | 0.02     |
|    minimum_human_distance      | 0.335    |
|    near_misses                 | 0.08     |
|    place_err_mm                | 262      |
|    proximity_steps             | 4.14     |
|    safety_clamped              | 114      |
|    success_rate                | 0.04     |
|    waiting_steps               | 3.86     |
| train/                         |          |
|    actor_loss                  | -15.4    |
|    critic_loss                 | 14.5     |
|    ent_coef                    | 0.0372   |
|    ent_coef_loss               | 0.472    |
|    learning_rate               | 0.0003   |
|    n_updates                   | 28996    |
---------------------------------------------
---------------------------------------------
| rollout/                       |          |
|    collision_free_success_rate | 0.04     |
|    collision_steps             | 1.22     |
|    completion_time             | 6.39     |
|    ep_len                      | 128      |
|    ep_len_mean                 | 131      |
|    ep_rew_mean                 | -5.1     |
|    episodes                    | 239      |
|    grasp_rate                  | 0.4      |
|    human_collision_rate        | 0.04     |
|    human_difficulty            | 0.0139   |
|    human_safety_cost           | 7.46     |
|    lift_rate                   | 0.02     |
|    minimum_human_distance      | 0.335    |
|    near_misses                 | 0.08     |
|    place_err_mm                | 262      |
|    proximity_steps             | 4.14     |
|    safety_clamped              | 114      |
|    success_rate                | 0.04     |
|    waiting_steps               | 3.86     |
| time/                          |          |
|    episodes                    | 240      |
|    fps                         | 43       |
|    time_elapsed                | 790      |
|    total_timesteps             | 34052    |
| train/                         |          |
|    actor_loss                  | -15.2    |
|    critic_loss                 | 11.5     |
|    ent_coef                    | 0.0373   |
|    ent_coef_loss               | 0.683    |
|    learning_rate               | 0.0003   |
|    n_updates                   | 29048    |
---------------------------------------------
---------------------------------------------
| rollout/                       |          |
|    collision_free_success_rate | 0.06     |
|    collision_steps             | 2.88     |
|    completion_time             | 6.9      |
|    ep_len                      | 138      |
|    ep_len_mean                 | 133      |
|    ep_rew_mean                 | -5.74    |
|    episodes                    | 249      |
|    grasp_rate                  | 0.36     |
|    human_collision_rate        | 0.08     |
|    human_difficulty            | 0.0145   |
|    human_safety_cost           | 12.3     |
|    lift_rate                   | 0.02     |
|    minimum_human_distance      | 0.32     |
|    near_misses                 | 0.14     |
|    place_err_mm                | 267      |
|    proximity_steps             | 6.16     |
|    safety_clamped              | 125      |
|    success_rate                | 0.05     |
|    waiting_steps               | 5.44     |
| time/                          |          |
|    episodes                    | 250      |
|    fps                         | 42       |
|    time_elapsed                | 829      |
|    total_timesteps             | 35624    |
| train/                         |          |
|    actor_loss                  | -14      |
|    critic_loss                 | 24.9     |
|    ent_coef                    | 0.0379   |
|    ent_coef_loss               | -0.0195  |
|    learning_rate               | 0.0003   |
|    n_updates                   | 30620    |
---------------------------------------------
---------------------------------------------
| rollout/                       |          |
|    collision_free_success_rate | 0.04     |
|    collision_steps             | 2.88     |
|    completion_time             | 7.02     |
|    ep_len                      | 140      |
|    episodes                    | 253      |
|    grasp_rate                  | 0.34     |
|    human_collision_rate        | 0.08     |
|    human_difficulty            | 0.0149   |
|    human_safety_cost           | 12.3     |
|    lift_rate                   | 0.02     |
|    minimum_human_distance      | 0.317    |
|    near_misses                 | 0.14     |
|    place_err_mm                | 278      |
|    proximity_steps             | 6.16     |
|    safety_clamped              | 127      |
|    success_rate                | 0.04     |
|    waiting_steps               | 5.44     |
| train/                         |          |
|    actor_loss                  | -13.1    |
|    critic_loss                 | 17.6     |
|    ent_coef                    | 0.0391   |
|    ent_coef_loss               | -0.309   |
|    learning_rate               | 0.0003   |
|    n_updates                   | 30996    |
---------------------------------------------
---------------------------------------------
| rollout/                       |          |
|    collision_free_success_rate | 0.04     |
|    collision_steps             | 2.88     |
|    completion_time             | 7.08     |
|    ep_len                      | 142      |
|    ep_len_mean                 | 133      |
|    ep_rew_mean                 | -9.88    |
|    episodes                    | 259      |
|    grasp_rate                  | 0.26     |
|    human_collision_rate        | 0.12     |
|    human_difficulty            | 0.0155   |
|    human_safety_cost           | 16.8     |
|    lift_rate                   | 0.02     |
|    minimum_human_distance      | 0.299    |
|    near_misses                 | 0.18     |
|    place_err_mm                | 296      |
|    proximity_steps             | 7.08     |
|    safety_clamped              | 129      |
|    success_rate                | 0.05     |
|    waiting_steps               | 5.88     |
| time/                          |          |
|    episodes                    | 260      |
|    fps                         | 42       |
|    time_elapsed                | 854      |
|    total_timesteps             | 36620    |
| train/                         |          |
|    actor_loss                  | -14.7    |
|    critic_loss                 | 21.2     |
|    ent_coef                    | 0.0389   |
|    ent_coef_loss               | 0.272    |
|    learning_rate               | 0.0003   |
|    n_updates                   | 31616    |
---------------------------------------------
---------------------------------------------
| rollout/                       |          |
|    collision_free_success_rate | 0.04     |
|    collision_steps             | 2.88     |
|    completion_time             | 7.03     |
|    ep_len                      | 141      |
|    episodes                    | 265      |
|    grasp_rate                  | 0.26     |
|    human_collision_rate        | 0.12     |
|    human_difficulty            | 0.0159   |
|    human_safety_cost           | 15.8     |
|    lift_rate                   | 0.02     |
|    minimum_human_distance      | 0.311    |
|    near_misses                 | 0.16     |
|    place_err_mm                | 281      |
|    proximity_steps             | 5.32     |
|    safety_clamped              | 126      |
|    success_rate                | 0.04     |
|    waiting_steps               | 4.12     |
| train/                         |          |
|    actor_loss                  | -12.6    |
|    critic_loss                 | 11       |
|    ent_coef                    | 0.0397   |
|    ent_coef_loss               | 1.25     |
|    learning_rate               | 0.0003   |
|    n_updates                   | 32996    |
---------------------------------------------
---------------------------------------------
| rollout/                       |          |
|    collision_free_success_rate | 0.04     |
|    collision_steps             | 2.88     |
|    completion_time             | 7.11     |
|    ep_len                      | 142      |
|    ep_len_mean                 | 134      |
|    ep_rew_mean                 | -10.4    |
|    episodes                    | 269      |
|    grasp_rate                  | 0.24     |
|    human_collision_rate        | 0.12     |
|    human_difficulty            | 0.0161   |
|    human_safety_cost           | 17.3     |
|    lift_rate                   | 0.02     |
|    minimum_human_distance      | 0.309    |
|    near_misses                 | 0.16     |
|    place_err_mm                | 288      |
|    proximity_steps             | 5.88     |
|    safety_clamped              | 127      |
|    success_rate                | 0.05     |
|    waiting_steps               | 4.92     |
| time/                          |          |
|    episodes                    | 270      |
|    fps                         | 42       |
|    time_elapsed                | 900      |
|    total_timesteps             | 38492    |
| train/                         |          |
|    actor_loss                  | -13.3    |
|    critic_loss                 | 11.9     |
|    ent_coef                    | 0.0404   |
|    ent_coef_loss               | 0.81     |
|    learning_rate               | 0.0003   |
|    n_updates                   | 33488    |
---------------------------------------------
---------------------------------------------
| rollout/                       |          |
|    collision_free_success_rate | 0.04     |
|    collision_steps             | 1.66     |
|    completion_time             | 7.37     |
|    ep_len                      | 147      |
|    ep_len_mean                 | 134      |
|    ep_rew_mean                 | -7.42    |
|    episodes                    | 279      |
|    grasp_rate                  | 0.28     |
|    human_collision_rate        | 0.08     |
|    human_difficulty            | 0.0166   |
|    human_safety_cost           | 11.8     |
|    lift_rate                   | 0.02     |
|    minimum_human_distance      | 0.331    |
|    near_misses                 | 0.12     |
|    place_err_mm                | 274      |
|    proximity_steps             | 4.64     |
|    safety_clamped              | 131      |
|    success_rate                | 0.06     |
|    waiting_steps               | 3.68     |
| time/                          |          |
|    episodes                    | 280      |
|    fps                         | 42       |
|    time_elapsed                | 931      |
|    total_timesteps             | 39744    |
| train/                         |          |
|    actor_loss                  | -12.2    |
|    critic_loss                 | 8.59     |
|    ent_coef                    | 0.039    |
|    ent_coef_loss               | -0.498   |
|    learning_rate               | 0.0003   |
|    n_updates                   | 34740    |
---------------------------------------------
---------------------------------------------
| rollout/                       |          |
|    collision_free_success_rate | 0.06     |
|    collision_steps             | 1.66     |
|    completion_time             | 7.07     |
|    ep_len                      | 141      |
|    episodes                    | 282      |
|    grasp_rate                  | 0.3      |
|    human_collision_rate        | 0.1      |
|    human_difficulty            | 0.0168   |
|    human_safety_cost           | 14.3     |
|    lift_rate                   | 0.02     |
|    minimum_human_distance      | 0.319    |
|    near_misses                 | 0.14     |
|    place_err_mm                | 262      |
|    proximity_steps             | 5.08     |
|    safety_clamped              | 124      |
|    success_rate                | 0.06     |
|    waiting_steps               | 4.08     |
| train/                         |          |
|    actor_loss                  | -12.2    |
|    critic_loss                 | 13.3     |
|    ent_coef                    | 0.0388   |
|    ent_coef_loss               | -0.122   |
|    learning_rate               | 0.0003   |
|    n_updates                   | 34996    |
---------------------------------------------
Eval num_timesteps=40000, episode_reward=-55.20 +/- 70.42
Episode length: 191.40 +/- 19.07
Success rate: 0.00%
---------------------------------
| eval/              |          |
|    mean_ep_length  | 191      |
|    mean_reward     | -55.2    |
|    success_rate    | 0        |
| time/              |          |
|    total_timesteps | 40000    |
---------------------------------
---------------------------------------------
| rollout/                       |          |
|    collision_free_success_rate | 0.06     |
|    collision_steps             | 1.66     |
|    completion_time             | 7.39     |
|    ep_len                      | 148      |
|    ep_len_mean                 | 139      |
|    ep_rew_mean                 | -10.7    |
|    episodes                    | 289      |
|    grasp_rate                  | 0.28     |
|    human_collision_rate        | 0.1      |
|    human_difficulty            | 0.0175   |
|    human_safety_cost           | 14.7     |
|    lift_rate                   | 0.02     |
|    minimum_human_distance      | 0.306    |
|    near_misses                 | 0.14     |
|    place_err_mm                | 272      |
|    proximity_steps             | 6.78     |
|    safety_clamped              | 130      |
|    success_rate                | 0.05     |
|    waiting_steps               | 5.78     |
| time/                          |          |
|    episodes                    | 290      |
|    fps                         | 40       |
|    time_elapsed                | 1017     |
|    total_timesteps             | 41448    |
| train/                         |          |
|    actor_loss                  | -12.4    |
|    critic_loss                 | 19.5     |
|    ent_coef                    | 0.0364   |
|    ent_coef_loss               | -0.901   |
|    learning_rate               | 0.0003   |
|    n_updates                   | 36444    |
---------------------------------------------
---------------------------------------------
| rollout/                       |          |
|    collision_free_success_rate | 0.06     |
|    collision_steps             | 1.86     |
|    completion_time             | 7.28     |
|    ep_len                      | 146      |
|    episodes                    | 296      |
|    grasp_rate                  | 0.28     |
|    human_collision_rate        | 0.08     |
|    human_difficulty            | 0.0182   |
|    human_safety_cost           | 12       |
|    lift_rate                   | 0.04     |
|    minimum_human_distance      | 0.314    |
|    near_misses                 | 0.1      |
|    place_err_mm                | 274      |
|    proximity_steps             | 4.96     |
|    safety_clamped              | 127      |
|    success_rate                | 0.06     |
|    waiting_steps               | 4.22     |
| train/                         |          |
|    actor_loss                  | -13.9    |
|    critic_loss                 | 16.2     |
|    ent_coef                    | 0.0346   |
|    ent_coef_loss               | -0.44    |
|    learning_rate               | 0.0003   |
|    n_updates                   | 36996    |
---------------------------------------------
---------------------------------------------
| rollout/                       |          |
|    collision_free_success_rate | 0.06     |
|    collision_steps             | 1.86     |
|    completion_time             | 7.09     |
|    ep_len                      | 142      |
|    ep_len_mean                 | 141      |
|    ep_rew_mean                 | -12      |
|    episodes                    | 299      |
|    grasp_rate                  | 0.32     |
|    human_collision_rate        | 0.06     |
|    human_difficulty            | 0.0184   |
|    human_safety_cost           | 9.82     |
|    lift_rate                   | 0.08     |
|    minimum_human_distance      | 0.315    |
|    near_misses                 | 0.08     |
|    place_err_mm                | 280      |
|    proximity_steps             | 4.72     |
|    safety_clamped              | 123      |
|    success_rate                | 0.05     |
|    waiting_steps               | 4.2      |
| time/                          |          |
|    episodes                    | 300      |
|    fps                         | 40       |
|    time_elapsed                | 1049     |
|    total_timesteps             | 42728    |
| train/                         |          |
|    actor_loss                  | -10.7    |
|    critic_loss                 | 10.5     |
|    ent_coef                    | 0.0343   |
|    ent_coef_loss               | 0.0412   |
|    learning_rate               | 0.0003   |
|    n_updates                   | 37724    |
---------------------------------------------
---------------------------------------------
| rollout/                       |          |
|    collision_free_success_rate | 0.08     |
|    collision_steps             | 2.86     |
|    completion_time             | 7.21     |
|    ep_len                      | 144      |
|    episodes                    | 309      |
|    grasp_rate                  | 0.34     |
|    human_collision_rate        | 0.04     |
|    human_difficulty            | 0.0189   |
|    human_safety_cost           | 7.96     |
|    lift_rate                   | 0.1      |
|    minimum_human_distance      | 0.328    |
|    near_misses                 | 0.06     |
|    place_err_mm                | 276      |
|    proximity_steps             | 4.28     |
|    safety_clamped              | 125      |
|    success_rate                | 0.08     |
|    waiting_steps               | 4.24     |
| train/                         |          |
|    actor_loss                  | -10.9    |
|    critic_loss                 | 27       |
|    ent_coef                    | 0.0346   |
|    ent_coef_loss               | 0.546    |
|    learning_rate               | 0.0003   |
|    n_updates                   | 38996    |
---------------------------------------------
---------------------------------------------
| rollout/                       |          |
|    collision_free_success_rate | 0.08     |
|    collision_steps             | 2.86     |
|    completion_time             | 7.21     |
|    ep_len                      | 144      |
|    ep_len_mean                 | 142      |
|    ep_rew_mean                 | -13.1    |
|    episodes                    | 309      |
|    grasp_rate                  | 0.34     |
|    human_collision_rate        | 0.04     |
|    human_difficulty            | 0.0189   |
|    human_safety_cost           | 7.96     |
|    lift_rate                   | 0.1      |
|    minimum_human_distance      | 0.328    |
|    near_misses                 | 0.06     |
|    place_err_mm                | 276      |
|    proximity_steps             | 4.28     |
|    safety_clamped              | 125      |
|    success_rate                | 0.06     |
|    waiting_steps               | 4.24     |
| time/                          |          |
|    episodes                    | 310      |
|    fps                         | 40       |
|    time_elapsed                | 1084     |
|    total_timesteps             | 44144    |
| train/                         |          |
|    actor_loss                  | -10.6    |
|    critic_loss                 | 20.2     |
|    ent_coef                    | 0.0346   |
|    ent_coef_loss               | 0.543    |
|    learning_rate               | 0.0003   |
|    n_updates                   | 39140    |
---------------------------------------------
---------------------------------------------
| rollout/                       |          |
|    collision_free_success_rate | 0.08     |
|    collision_steps             | 2.86     |
|    completion_time             | 7.11     |
|    ep_len                      | 142      |
|    ep_len_mean                 | 141      |
|    ep_rew_mean                 | -7.9     |
|    episodes                    | 319      |
|    grasp_rate                  | 0.38     |
|    human_collision_rate        | 0.04     |
|    human_difficulty            | 0.0196   |
|    human_safety_cost           | 5.5      |
|    lift_rate                   | 0.1      |
|    minimum_human_distance      | 0.323    |
|    near_misses                 | 0.04     |
|    place_err_mm                | 272      |
|    proximity_steps             | 2.76     |
|    safety_clamped              | 122      |
|    success_rate                | 0.06     |
|    waiting_steps               | 2.72     |
| time/                          |          |
|    episodes                    | 320      |
|    fps                         | 40       |
|    time_elapsed                | 1118     |
|    total_timesteps             | 45512    |
| train/                         |          |
|    actor_loss                  | -11.6    |
|    critic_loss                 | 11.3     |
|    ent_coef                    | 0.0339   |
|    ent_coef_loss               | -0.233   |
|    learning_rate               | 0.0003   |
|    n_updates                   | 40508    |
---------------------------------------------
---------------------------------------------
| rollout/                       |          |
|    collision_free_success_rate | 0.08     |
|    collision_steps             | 3.52     |
|    completion_time             | 7.11     |
|    ep_len                      | 142      |
|    episodes                    | 321      |
|    grasp_rate                  | 0.38     |
|    human_collision_rate        | 0.04     |
|    human_difficulty            | 0.0198   |
|    human_safety_cost           | 5.5      |
|    lift_rate                   | 0.08     |
|    minimum_human_distance      | 0.321    |
|    near_misses                 | 0.04     |
|    place_err_mm                | 273      |
|    proximity_steps             | 2.76     |
|    safety_clamped              | 122      |
|    success_rate                | 0.08     |
|    waiting_steps               | 2.72     |
| train/                         |          |
|    actor_loss                  | -8.95    |
|    critic_loss                 | 8.54     |
|    ent_coef                    | 0.0336   |
|    ent_coef_loss               | 0.675    |
|    learning_rate               | 0.0003   |
|    n_updates                   | 40996    |
---------------------------------------------
---------------------------------------------
| rollout/                       |          |
|    collision_free_success_rate | 0.06     |
|    collision_steps             | 4.84     |
|    completion_time             | 7.37     |
|    ep_len                      | 147      |
|    ep_len_mean                 | 147      |
|    ep_rew_mean                 | -9.95    |
|    episodes                    | 329      |
|    grasp_rate                  | 0.32     |
|    human_collision_rate        | 0.04     |
|    human_difficulty            | 0.0206   |
|    human_safety_cost           | 5.5      |
|    lift_rate                   | 0.1      |
|    minimum_human_distance      | 0.322    |
|    near_misses                 | 0.04     |
|    place_err_mm                | 286      |
|    proximity_steps             | 2.76     |
|    safety_clamped              | 127      |
|    success_rate                | 0.05     |
|    waiting_steps               | 2.72     |
| time/                          |          |
|    episodes                    | 330      |
|    fps                         | 40       |
|    time_elapsed                | 1159     |
|    total_timesteps             | 47172    |
| train/                         |          |
|    actor_loss                  | -10.8    |
|    critic_loss                 | 24       |
|    ent_coef                    | 0.0328   |
|    ent_coef_loss               | 0.302    |
|    learning_rate               | 0.0003   |
|    n_updates                   | 42168    |
---------------------------------------------
---------------------------------------------
| rollout/                       |          |
|    collision_free_success_rate | 0.04     |
|    collision_steps             | 5        |
|    completion_time             | 7.31     |
|    ep_len                      | 146      |
|    episodes                    | 336      |
|    grasp_rate                  | 0.36     |
|    human_collision_rate        | 0.02     |
|    human_difficulty            | 0.0211   |
|    human_safety_cost           | 2.59     |
|    lift_rate                   | 0.12     |
|    minimum_human_distance      | 0.352    |
|    near_misses                 | 0.02     |
|    place_err_mm                | 285      |
|    proximity_steps             | 0.62     |
|    safety_clamped              | 127      |
|    success_rate                | 0.04     |
|    waiting_steps               | 0.62     |
| train/                         |          |
|    actor_loss                  | -9.05    |
|    critic_loss                 | 13.7     |
|    ent_coef                    | 0.0324   |
|    ent_coef_loss               | 0.379    |
|    learning_rate               | 0.0003   |
|    n_updates                   | 42996    |
---------------------------------------------
---------------------------------------------
| rollout/                       |          |
|    collision_free_success_rate | 0.04     |
|    collision_steps             | 5        |
|    completion_time             | 7.21     |
|    ep_len                      | 144      |
|    ep_len_mean                 | 145      |
|    ep_rew_mean                 | -8.9     |
|    episodes                    | 339      |
|    grasp_rate                  | 0.38     |
|    human_collision_rate        | 0.02     |
|    human_difficulty            | 0.0212   |
|    human_safety_cost           | 2.59     |
|    lift_rate                   | 0.12     |
|    minimum_human_distance      | 0.353    |
|    near_misses                 | 0.02     |
|    place_err_mm                | 283      |
|    proximity_steps             | 0.62     |
|    safety_clamped              | 125      |
|    success_rate                | 0.05     |
|    waiting_steps               | 0.62     |
| time/                          |          |
|    episodes                    | 340      |
|    fps                         | 40       |
|    time_elapsed                | 1190     |
|    total_timesteps             | 48428    |
| train/                         |          |
|    actor_loss                  | -9.58    |
|    critic_loss                 | 11.4     |
|    ent_coef                    | 0.0324   |
|    ent_coef_loss               | 0.745    |
|    learning_rate               | 0.0003   |
|    n_updates                   | 43424    |
---------------------------------------------
---------------------------------------------
| rollout/                       |          |
|    collision_free_success_rate | 0.04     |
|    collision_steps             | 5.22     |
|    completion_time             | 6.99     |
|    ep_len                      | 140      |
|    ep_len_mean                 | 139      |
|    ep_rew_mean                 | -2.27    |
|    episodes                    | 349      |
|    grasp_rate                  | 0.38     |
|    human_collision_rate        | 0.02     |
|    human_difficulty            | 0.0217   |
|    human_safety_cost           | 2.72     |
|    lift_rate                   | 0.08     |
|    minimum_human_distance      | 0.356    |
|    near_misses                 | 0.04     |
|    place_err_mm                | 281      |
|    proximity_steps             | 1.1      |
|    safety_clamped              | 121      |
|    success_rate                | 0.06     |
|    waiting_steps               | 0.5      |
| time/                          |          |
|    episodes                    | 350      |
|    fps                         | 40       |
|    time_elapsed                | 1218     |
|    total_timesteps             | 49552    |
| train/                         |          |
|    actor_loss                  | -8.83    |
|    critic_loss                 | 12.2     |
|    ent_coef                    | 0.0313   |
|    ent_coef_loss               | 0.257    |
|    learning_rate               | 0.0003   |
|    n_updates                   | 44548    |
---------------------------------------------
---------------------------------------------
| rollout/                       |          |
|    collision_free_success_rate | 0.08     |
|    collision_steps             | 5.22     |
|    completion_time             | 6.76     |
|    ep_len                      | 135      |
|    episodes                    | 354      |
|    grasp_rate                  | 0.42     |
|    human_collision_rate        | 0        |
|    human_difficulty            | 0.022    |
|    human_safety_cost           | 0.14     |
|    lift_rate                   | 0.06     |
|    minimum_human_distance      | 0.363    |
|    near_misses                 | 0.02     |
|    place_err_mm                | 264      |
|    proximity_steps             | 0.74     |
|    safety_clamped              | 116      |
|    success_rate                | 0.08     |
|    waiting_steps               | 0.14     |
| train/                         |          |
|    actor_loss                  | -7.13    |
|    critic_loss                 | 15.1     |
|    ent_coef                    | 0.0321   |
|    ent_coef_loss               | 0.373    |
|    learning_rate               | 0.0003   |
|    n_updates                   | 44996    |
---------------------------------------------
---------------------------------------------
| rollout/                       |          |
|    collision_free_success_rate | 0.06     |
|    collision_steps             | 4.22     |
|    completion_time             | 6.88     |
|    ep_len                      | 138      |
|    ep_len_mean                 | 142      |
|    ep_rew_mean                 | 2.03     |
|    episodes                    | 359      |
|    grasp_rate                  | 0.42     |
|    human_collision_rate        | 0        |
|    human_difficulty            | 0.0225   |
|    human_safety_cost           | 0.389    |
|    lift_rate                   | 0.06     |
|    minimum_human_distance      | 0.36     |
|    near_misses                 | 0.02     |
|    place_err_mm                | 255      |
|    proximity_steps             | 2.12     |
|    safety_clamped              | 119      |
|    success_rate                | 0.07     |
|    waiting_steps               | 1.52     |
| time/                          |          |
|    episodes                    | 360      |
|    fps                         | 40       |
|    time_elapsed                | 1257     |
|    total_timesteps             | 51164    |
| train/                         |          |
|    actor_loss                  | -7.94    |
|    critic_loss                 | 10.2     |
|    ent_coef                    | 0.0309   |
|    ent_coef_loss               | 0.698    |
|    learning_rate               | 0.0003   |
|    n_updates                   | 46160    |
---------------------------------------------
---------------------------------------------
| rollout/                       |          |
|    collision_free_success_rate | 0.08     |
|    collision_steps             | 4.22     |
|    completion_time             | 6.96     |
|    ep_len                      | 139      |
|    episodes                    | 366      |
|    grasp_rate                  | 0.44     |
|    human_collision_rate        | 0        |
|    human_difficulty            | 0.0231   |
|    human_safety_cost           | 0.389    |
|    lift_rate                   | 0.08     |
|    minimum_human_distance      | 0.372    |
|    near_misses                 | 0.02     |
|    place_err_mm                | 256      |
|    proximity_steps             | 2.12     |
|    safety_clamped              | 123      |
|    success_rate                | 0.08     |
|    waiting_steps               | 1.52     |
| train/                         |          |
|    actor_loss                  | -9.2     |
|    critic_loss                 | 11.3     |
|    ent_coef                    | 0.0314   |
|    ent_coef_loss               | 0.0972   |
|    learning_rate               | 0.0003   |
|    n_updates                   | 46996    |
---------------------------------------------
---------------------------------------------
| rollout/                       |          |
|    collision_free_success_rate | 0.08     |
|    collision_steps             | 4.22     |
|    completion_time             | 6.88     |
|    ep_len                      | 138      |
|    ep_len_mean                 | 140      |
|    ep_rew_mean                 | 7.86     |
|    episodes                    | 369      |
|    grasp_rate                  | 0.42     |
|    human_collision_rate        | 0        |
|    human_difficulty            | 0.0233   |
|    human_safety_cost           | 0.389    |
|    lift_rate                   | 0.08     |
|    minimum_human_distance      | 0.368    |
|    near_misses                 | 0.02     |
|    place_err_mm                | 262      |
|    proximity_steps             | 2.12     |
|    safety_clamped              | 122      |
|    success_rate                | 0.08     |
|    waiting_steps               | 1.52     |
| time/                          |          |
|    episodes                    | 370      |
|    fps                         | 40       |
|    time_elapsed                | 1290     |
|    total_timesteps             | 52488    |
| train/                         |          |
|    actor_loss                  | -8.32    |
|    critic_loss                 | 16.8     |
|    ent_coef                    | 0.0313   |
|    ent_coef_loss               | 1.06     |
|    learning_rate               | 0.0003   |
|    n_updates                   | 47484    |
---------------------------------------------
---------------------------------------------
| rollout/                       |          |
|    collision_free_success_rate | 0.1      |
|    collision_steps             | 2.24     |
|    completion_time             | 6.61     |
|    ep_len                      | 132      |
|    episodes                    | 379      |
|    grasp_rate                  | 0.5      |
|    human_collision_rate        | 0.02     |
|    human_difficulty            | 0.0238   |
|    human_safety_cost           | 2.88     |
|    lift_rate                   | 0.1      |
|    minimum_human_distance      | 0.365    |
|    near_misses                 | 0.04     |
|    place_err_mm                | 253      |
|    proximity_steps             | 2.6      |
|    safety_clamped              | 116      |
|    success_rate                | 0.1      |
|    waiting_steps               | 1.74     |
| train/                         |          |
|    actor_loss                  | -7.9     |
|    critic_loss                 | 17.3     |
|    ent_coef                    | 0.0309   |
|    ent_coef_loss               | 0.704    |
|    learning_rate               | 0.0003   |
|    n_updates                   | 48996    |
---------------------------------------------
---------------------------------------------
| rollout/                       |          |
|    collision_free_success_rate | 0.1      |
|    collision_steps             | 2.24     |
|    completion_time             | 6.61     |
|    ep_len                      | 132      |
|    ep_len_mean                 | 141      |
|    ep_rew_mean                 | 7.12     |
|    episodes                    | 379      |
|    grasp_rate                  | 0.5      |
|    human_collision_rate        | 0.02     |
|    human_difficulty            | 0.0238   |
|    human_safety_cost           | 2.88     |
|    lift_rate                   | 0.1      |
|    minimum_human_distance      | 0.365    |
|    near_misses                 | 0.04     |
|    place_err_mm                | 253      |
|    proximity_steps             | 2.6      |
|    safety_clamped              | 116      |
|    success_rate                | 0.08     |
|    waiting_steps               | 1.74     |
| time/                          |          |
|    episodes                    | 380      |
|    fps                         | 40       |
|    time_elapsed                | 1329     |
|    total_timesteps             | 54032    |
| train/                         |          |
|    actor_loss                  | -9.63    |
|    critic_loss                 | 14.1     |
|    ent_coef                    | 0.0309   |
|    ent_coef_loss               | -0.604   |
|    learning_rate               | 0.0003   |
|    n_updates                   | 49028    |
---------------------------------------------
---------------------------------------------
| rollout/                       |          |
|    collision_free_success_rate | 0.12     |
|    collision_steps             | 2.08     |
|    completion_time             | 7.02     |
|    ep_len                      | 140      |
|    ep_len_mean                 | 140      |
|    ep_rew_mean                 | 7.48     |
|    episodes                    | 389      |
|    grasp_rate                  | 0.42     |
|    human_collision_rate        | 0.04     |
|    human_difficulty            | 0.0244   |
|    human_safety_cost           | 6.15     |
|    lift_rate                   | 0.08     |
|    minimum_human_distance      | 0.347    |
|    near_misses                 | 0.06     |
|    place_err_mm                | 247      |
|    proximity_steps             | 3.8      |
|    safety_clamped              | 126      |
|    success_rate                | 0.09     |
|    waiting_steps               | 2.8      |
| time/                          |          |
|    episodes                    | 390      |
|    fps                         | 40       |
|    time_elapsed                | 1363     |
|    total_timesteps             | 55412    |
| train/                         |          |
|    actor_loss                  | -10.2    |
|    critic_loss                 | 12.3     |
|    ent_coef                    | 0.0307   |
|    ent_coef_loss               | 0.409    |
|    learning_rate               | 0.0003   |
|    n_updates                   | 50408    |
---------------------------------------------
---------------------------------------------
| rollout/                       |          |
|    collision_free_success_rate | 0.12     |
|    collision_steps             | 2.08     |
|    completion_time             | 7.16     |
|    ep_len                      | 143      |
|    episodes                    | 393      |
|    grasp_rate                  | 0.44     |
|    human_collision_rate        | 0.04     |
|    human_difficulty            | 0.0248   |
|    human_safety_cost           | 6.01     |
|    lift_rate                   | 0.06     |
|    minimum_human_distance      | 0.346    |
|    near_misses                 | 0.04     |
|    place_err_mm                | 246      |
|    proximity_steps             | 3.18     |
|    safety_clamped              | 128      |
|    success_rate                | 0.12     |
|    waiting_steps               | 2.78     |
| train/                         |          |
|    actor_loss                  | -8.58    |
|    critic_loss                 | 25.3     |
|    ent_coef                    | 0.0314   |
|    ent_coef_loss               | -0.698   |
|    learning_rate               | 0.0003   |
|    n_updates                   | 50996    |
---------------------------------------------
---------------------------------------------
| rollout/                       |          |
|    collision_free_success_rate | 0.12     |
|    collision_steps             | 0        |
|    completion_time             | 7.5      |
|    ep_len                      | 150      |
|    ep_len_mean                 | 144      |
|    ep_rew_mean                 | 3.74     |
|    episodes                    | 399      |
|    grasp_rate                  | 0.4      |
|    human_collision_rate        | 0.04     |
|    human_difficulty            | 0.0254   |
|    human_safety_cost           | 6.03     |
|    lift_rate                   | 0.06     |
|    minimum_human_distance      | 0.347    |
|    near_misses                 | 0.04     |
|    place_err_mm                | 246      |
|    proximity_steps             | 3.96     |
|    safety_clamped              | 136      |
|    success_rate                | 0.08     |
|    waiting_steps               | 3.52     |
| time/                          |          |
|    episodes                    | 400      |
|    fps                         | 40       |
|    time_elapsed                | 1404     |
|    total_timesteps             | 57008    |
| train/                         |          |
|    actor_loss                  | -8.24    |
|    critic_loss                 | 11.4     |
|    ent_coef                    | 0.032    |
|    ent_coef_loss               | 0.384    |
|    learning_rate               | 0.0003   |
|    n_updates                   | 52004    |
---------------------------------------------
---------------------------------------------
| rollout/                       |          |
|    collision_free_success_rate | 0.08     |
|    collision_steps             | 0        |
|    completion_time             | 7.89     |
|    ep_len                      | 158      |
|    episodes                    | 404      |
|    grasp_rate                  | 0.36     |
|    human_collision_rate        | 0.04     |
|    human_difficulty            | 0.0259   |
|    human_safety_cost           | 6.22     |
|    lift_rate                   | 0.06     |
|    minimum_human_distance      | 0.339    |
|    near_misses                 | 0.06     |
|    place_err_mm                | 258      |
|    proximity_steps             | 4.2      |
|    safety_clamped              | 143      |
|    success_rate                | 0.08     |
|    waiting_steps               | 3.76     |
| train/                         |          |
|    actor_loss                  | -10.2    |
|    critic_loss                 | 39.1     |
|    ent_coef                    | 0.0322   |
|    ent_coef_loss               | 0.71     |
|    learning_rate               | 0.0003   |
|    n_updates                   | 52996    |
---------------------------------------------
---------------------------------------------
| rollout/                       |          |
|    collision_free_success_rate | 0.08     |
|    collision_steps             | 0        |
|    completion_time             | 7.74     |
|    ep_len                      | 155      |
|    ep_len_mean                 | 145      |
|    ep_rew_mean                 | 6.75     |
|    episodes                    | 409      |
|    grasp_rate                  | 0.38     |
|    human_collision_rate        | 0.04     |
|    human_difficulty            | 0.0262   |
|    human_safety_cost           | 5.97     |
|    lift_rate                   | 0.1      |
|    minimum_human_distance      | 0.346    |
|    near_misses                 | 0.06     |
|    place_err_mm                | 262      |
|    proximity_steps             | 2.82     |
|    safety_clamped              | 138      |
|    success_rate                | 0.08     |
|    waiting_steps               | 2.38     |
| time/                          |          |
|    episodes                    | 410      |
|    fps                         | 40       |
|    time_elapsed                | 1439     |
|    total_timesteps             | 58416    |
| train/                         |          |
|    actor_loss                  | -10.7    |
|    critic_loss                 | 13.7     |
|    ent_coef                    | 0.0325   |
|    ent_coef_loss               | 1.68     |
|    learning_rate               | 0.0003   |
|    n_updates                   | 53412    |
---------------------------------------------
---------------------------------------------
| rollout/                       |          |
|    collision_free_success_rate | 0.1      |
|    collision_steps             | 0        |
|    completion_time             | 7.23     |
|    ep_len                      | 145      |
|    ep_len_mean                 | 141      |
|    ep_rew_mean                 | 11.1     |
|    episodes                    | 419      |
|    grasp_rate                  | 0.44     |
|    human_collision_rate        | 0.04     |
|    human_difficulty            | 0.0267   |
|    human_safety_cost           | 5.97     |
|    lift_rate                   | 0.12     |
|    minimum_human_distance      | 0.349    |
|    near_misses                 | 0.06     |
|    place_err_mm                | 242      |
|    proximity_steps             | 2.82     |
|    safety_clamped              | 128      |
|    success_rate                | 0.09     |
|    waiting_steps               | 2.38     |
| time/                          |          |
|    episodes                    | 420      |
|    fps                         | 40       |
|    time_elapsed                | 1468     |
|    total_timesteps             | 59576    |
| train/                         |          |
|    actor_loss                  | -8.85    |
|    critic_loss                 | 17       |
|    ent_coef                    | 0.033    |
|    ent_coef_loss               | -0.0243  |
|    learning_rate               | 0.0003   |
|    n_updates                   | 54572    |
---------------------------------------------
---------------------------------------------
| rollout/                       |          |
|    collision_free_success_rate | 0.1      |
|    collision_steps             | 0        |
|    completion_time             | 7.18     |
|    ep_len                      | 144      |
|    episodes                    | 422      |
|    grasp_rate                  | 0.44     |
|    human_collision_rate        | 0.04     |
|    human_difficulty            | 0.0268   |
|    human_safety_cost           | 5.97     |
|    lift_rate                   | 0.1      |
|    minimum_human_distance      | 0.351    |
|    near_misses                 | 0.06     |
|    place_err_mm                | 241      |
|    proximity_steps             | 2.82     |
|    safety_clamped              | 127      |
|    success_rate                | 0.1      |
|    waiting_steps               | 2.38     |
| train/                         |          |
|    actor_loss                  | -10.5    |
|    critic_loss                 | 14.9     |
|    ent_coef                    | 0.0323   |
|    ent_coef_loss               | -0.84    |
|    learning_rate               | 0.0003   |
|    n_updates                   | 54996    |
---------------------------------------------
Eval num_timesteps=60000, episode_reward=-20.26 +/- 16.41
Episode length: 197.00 +/- 11.22
Success rate: 0.00%
---------------------------------
| eval/              |          |
|    mean_ep_length  | 197      |
|    mean_reward     | -20.3    |
|    success_rate    | 0        |
| time/              |          |
|    total_timesteps | 60000    |
---------------------------------
New best mean reward!
---------------------------------------------
| rollout/                       |          |
|    collision_free_success_rate | 0.08     |
|    collision_steps             | 0        |
|    completion_time             | 7.45     |
|    ep_len                      | 149      |
|    ep_len_mean                 | 141      |
|    ep_rew_mean                 | 14.6     |
|    episodes                    | 429      |
|    grasp_rate                  | 0.4      |
|    human_collision_rate        | 0.02     |
|    human_difficulty            | 0.0275   |
|    human_safety_cost           | 3.57     |
|    lift_rate                   | 0.12     |
|    minimum_human_distance      | 0.345    |
|    near_misses                 | 0.04     |
|    place_err_mm                | 252      |
|    proximity_steps             | 3.46     |
|    safety_clamped              | 131      |
|    success_rate                | 0.09     |
|    waiting_steps               | 3.28     |
| time/                          |          |
|    episodes                    | 430      |
|    fps                         | 39       |
|    time_elapsed                | 1555     |
|    total_timesteps             | 61256    |
| train/                         |          |
|    actor_loss                  | -9.61    |
|    critic_loss                 | 12.4     |
|    ent_coef                    | 0.03     |
|    ent_coef_loss               | -0.112   |
|    learning_rate               | 0.0003   |
|    n_updates                   | 56252    |
---------------------------------------------
---------------------------------------------
| rollout/                       |          |
|    collision_free_success_rate | 0.08     |
|    collision_steps             | 1.22     |
|    completion_time             | 7.25     |
|    ep_len                      | 145      |
|    episodes                    | 434      |
|    grasp_rate                  | 0.4      |
|    human_collision_rate        | 0        |
|    human_difficulty            | 0.028    |
|    human_safety_cost           | 0.296    |
|    lift_rate                   | 0.14     |
|    minimum_human_distance      | 0.352    |
|    near_misses                 | 0.02     |
|    place_err_mm                | 251      |
|    proximity_steps             | 2.26     |
|    safety_clamped              | 128      |
|    success_rate                | 0.08     |
|    waiting_steps               | 2.22     |
| train/                         |          |
|    actor_loss                  | -10.4    |
|    critic_loss                 | 17.3     |
|    ent_coef                    | 0.0307   |
|    ent_coef_loss               | 1.82     |
|    learning_rate               | 0.0003   |
|    n_updates                   | 56996    |
---------------------------------------------
---------------------------------------------
| rollout/                       |          |
|    collision_free_success_rate | 0.08     |
|    collision_steps             | 2        |
|    completion_time             | 7.16     |
|    ep_len                      | 143      |
|    ep_len_mean                 | 143      |
|    ep_rew_mean                 | 15.6     |
|    episodes                    | 439      |
|    grasp_rate                  | 0.44     |
|    human_collision_rate        | 0        |
|    human_difficulty            | 0.0284   |
|    human_safety_cost           | 0.296    |
|    lift_rate                   | 0.14     |
|    minimum_human_distance      | 0.363    |
|    near_misses                 | 0.02     |
|    place_err_mm                | 253      |
|    proximity_steps             | 2.26     |
|    safety_clamped              | 125      |
|    success_rate                | 0.1      |
|    waiting_steps               | 2.22     |
| time/                          |          |
|    episodes                    | 440      |
|    fps                         | 39       |
|    time_elapsed                | 1590     |
|    total_timesteps             | 62680    |
| train/                         |          |
|    actor_loss                  | -7.63    |
|    critic_loss                 | 17.6     |
|    ent_coef                    | 0.0302   |
|    ent_coef_loss               | -1.66    |
|    learning_rate               | 0.0003   |
|    n_updates                   | 57676    |
---------------------------------------------
---------------------------------------------
| rollout/                       |          |
|    collision_free_success_rate | 0.06     |
|    collision_steps             | 2.1      |
|    completion_time             | 7        |
|    ep_len                      | 140      |
|    episodes                    | 449      |
|    grasp_rate                  | 0.46     |
|    human_collision_rate        | 0.02     |
|    human_difficulty            | 0.0289   |
|    human_safety_cost           | 2.67     |
|    lift_rate                   | 0.16     |
|    minimum_human_distance      | 0.356    |
|    near_misses                 | 0.04     |
|    place_err_mm                | 260      |
|    proximity_steps             | 1.98     |
|    safety_clamped              | 121      |
|    success_rate                | 0.06     |
|    waiting_steps               | 1.66     |
| train/                         |          |
|    actor_loss                  | -7.49    |
|    critic_loss                 | 46.6     |
|    ent_coef                    | 0.0294   |
|    ent_coef_loss               | 0.471    |
|    learning_rate               | 0.0003   |
|    n_updates                   | 58996    |
---------------------------------------------
---------------------------------------------
| rollout/                       |          |
|    collision_free_success_rate | 0.06     |
|    collision_steps             | 2.1      |
|    completion_time             | 7        |
|    ep_len                      | 140      |
|    ep_len_mean                 | 145      |
|    ep_rew_mean                 | 9.94     |
|    episodes                    | 449      |
|    grasp_rate                  | 0.46     |
|    human_collision_rate        | 0.02     |
|    human_difficulty            | 0.0289   |
|    human_safety_cost           | 2.67     |
|    lift_rate                   | 0.16     |
|    minimum_human_distance      | 0.356    |
|    near_misses                 | 0.04     |
|    place_err_mm                | 260      |
|    proximity_steps             | 1.98     |
|    safety_clamped              | 121      |
|    success_rate                | 0.08     |
|    waiting_steps               | 1.66     |
| time/                          |          |
|    episodes                    | 450      |
|    fps                         | 39       |
|    time_elapsed                | 1624     |
|    total_timesteps             | 64008    |
| train/                         |          |
|    actor_loss                  | -10.2    |
|    critic_loss                 | 19.3     |
|    ent_coef                    | 0.0294   |
|    ent_coef_loss               | 0.2      |
|    learning_rate               | 0.0003   |
|    n_updates                   | 59004    |
---------------------------------------------
---------------------------------------------
| rollout/                       |          |
|    collision_free_success_rate | 0.08     |
|    collision_steps             | 2.1      |
|    completion_time             | 6.95     |
|    ep_len                      | 139      |
|    ep_len_mean                 | 147      |
|    ep_rew_mean                 | 10       |
|    episodes                    | 459      |
|    grasp_rate                  | 0.46     |
|    human_collision_rate        | 0.02     |
|    human_difficulty            | 0.0295   |
|    human_safety_cost           | 4.06     |
|    lift_rate                   | 0.18     |
|    minimum_human_distance      | 0.342    |
|    near_misses                 | 0.06     |
|    place_err_mm                | 261      |
|    proximity_steps             | 5.82     |
|    safety_clamped              | 120      |
|    success_rate                | 0.08     |
|    waiting_steps               | 5.48     |
| time/                          |          |
|    episodes                    | 460      |
|    fps                         | 39       |
|    time_elapsed                | 1664     |
|    total_timesteps             | 65588    |
| train/                         |          |
|    actor_loss                  | -9.66    |
|    critic_loss                 | 13       |
|    ent_coef                    | 0.0303   |
|    ent_coef_loss               | -0.347   |
|    learning_rate               | 0.0003   |
|    n_updates                   | 60584    |
---------------------------------------------
---------------------------------------------
| rollout/                       |          |
|    collision_free_success_rate | 0.06     |
|    collision_steps             | 2.86     |
|    completion_time             | 7.24     |
|    ep_len                      | 145      |
|    episodes                    | 463      |
|    grasp_rate                  | 0.42     |
|    human_collision_rate        | 0.02     |
|    human_difficulty            | 0.0299   |
|    human_safety_cost           | 4.2      |
|    lift_rate                   | 0.2      |
|    minimum_human_distance      | 0.332    |
|    near_misses                 | 0.08     |
|    place_err_mm                | 274      |
|    proximity_steps             | 6.16     |
|    safety_clamped              | 126      |
|    success_rate                | 0.06     |
|    waiting_steps               | 5.82     |
| train/                         |          |
|    actor_loss                  | -8.87    |
|    critic_loss                 | 19.3     |
|    ent_coef                    | 0.0304   |
|    ent_coef_loss               | -0.25    |
|    learning_rate               | 0.0003   |
|    n_updates                   | 60996    |
---------------------------------------------
---------------------------------------------
| rollout/                       |          |
|    collision_free_success_rate | 0.04     |
|    collision_steps             | 2.86     |
|    completion_time             | 7.28     |
|    ep_len                      | 146      |
|    ep_len_mean                 | 145      |
|    ep_rew_mean                 | 7.76     |
|    episodes                    | 469      |
|    grasp_rate                  | 0.42     |
|    human_collision_rate        | 0.02     |
|    human_difficulty            | 0.0305   |
|    human_safety_cost           | 4.2      |
|    lift_rate                   | 0.2      |
|    minimum_human_distance      | 0.336    |
|    near_misses                 | 0.08     |
|    place_err_mm                | 284      |
|    proximity_steps             | 6.16     |
|    safety_clamped              | 125      |
|    success_rate                | 0.07     |
|    waiting_steps               | 5.82     |
| time/                          |          |
|    episodes                    | 470      |
|    fps                         | 39       |
|    time_elapsed                | 1699     |
|    total_timesteps             | 66968    |
| train/                         |          |
|    actor_loss                  | -7.91    |
|    critic_loss                 | 9.25     |
|    ent_coef                    | 0.0299   |
|    ent_coef_loss               | -0.879   |
|    learning_rate               | 0.0003   |
|    n_updates                   | 61964    |
---------------------------------------------
---------------------------------------------
| rollout/                       |          |
|    collision_free_success_rate | 0.08     |
|    collision_steps             | 2.86     |
|    completion_time             | 7        |
|    ep_len                      | 140      |
|    episodes                    | 477      |
|    grasp_rate                  | 0.44     |
|    human_collision_rate        | 0.02     |
|    human_difficulty            | 0.0311   |
|    human_safety_cost           | 4.12     |
|    lift_rate                   | 0.2      |
|    minimum_human_distance      | 0.356    |
|    near_misses                 | 0.08     |
|    place_err_mm                | 276      |
|    proximity_steps             | 5.04     |
|    safety_clamped              | 121      |
|    success_rate                | 0.08     |
|    waiting_steps               | 4.7      |
| train/                         |          |
|    actor_loss                  | -9.11    |
|    critic_loss                 | 13.7     |
|    ent_coef                    | 0.029    |
|    ent_coef_loss               | 1.23     |
|    learning_rate               | 0.0003   |
|    n_updates                   | 62996    |
---------------------------------------------
---------------------------------------------
| rollout/                       |          |
|    collision_free_success_rate | 0.08     |
|    collision_steps             | 2.86     |
|    completion_time             | 7.1      |
|    ep_len                      | 142      |
|    ep_len_mean                 | 145      |
|    ep_rew_mean                 | 12       |
|    episodes                    | 479      |
|    grasp_rate                  | 0.44     |
|    human_collision_rate        | 0.02     |
|    human_difficulty            | 0.0312   |
|    human_safety_cost           | 4.12     |
|    lift_rate                   | 0.2      |
|    minimum_human_distance      | 0.357    |
|    near_misses                 | 0.08     |
|    place_err_mm                | 274      |
|    proximity_steps             | 5.04     |
|    safety_clamped              | 124      |
|    success_rate                | 0.08     |
|    waiting_steps               | 4.7      |
| time/                          |          |
|    episodes                    | 480      |
|    fps                         | 39       |
|    time_elapsed                | 1735     |
|    total_timesteps             | 68392    |
| train/                         |          |
|    actor_loss                  | -9.66    |
|    critic_loss                 | 9.88     |
|    ent_coef                    | 0.0287   |
|    ent_coef_loss               | -0.0464  |
|    learning_rate               | 0.0003   |
|    n_updates                   | 63388    |
---------------------------------------------
---------------------------------------------
| rollout/                       |          |
|    collision_free_success_rate | 0.12     |
|    collision_steps             | 0.86     |
|    completion_time             | 6.91     |
|    ep_len                      | 138      |
|    ep_len_mean                 | 142      |
|    ep_rew_mean                 | 15.4     |
|    episodes                    | 489      |
|    grasp_rate                  | 0.44     |
|    human_collision_rate        | 0.04     |
|    human_difficulty            | 0.0317   |
|    human_safety_cost           | 7.25     |
|    lift_rate                   | 0.18     |
|    minimum_human_distance      | 0.345    |
|    near_misses                 | 0.12     |
|    place_err_mm                | 269      |
|    proximity_steps             | 7.24     |
|    safety_clamped              | 121      |
|    success_rate                | 0.09     |
|    waiting_steps               | 6.9      |
| time/                          |          |
|    episodes                    | 490      |
|    fps                         | 39       |
|    time_elapsed                | 1766     |
|    total_timesteps             | 69652    |
| train/                         |          |
|    actor_loss                  | -10      |
|    critic_loss                 | 11.7     |
|    ent_coef                    | 0.0269   |
|    ent_coef_loss               | -0.372   |
|    learning_rate               | 0.0003   |
|    n_updates                   | 64648    |
---------------------------------------------
---------------------------------------------
| rollout/                       |          |
|    collision_free_success_rate | 0.12     |
|    collision_steps             | 0.86     |
|    completion_time             | 6.91     |
|    ep_len                      | 138      |
|    episodes                    | 491      |
|    grasp_rate                  | 0.46     |
|    human_collision_rate        | 0.04     |
|    human_difficulty            | 0.0318   |
|    human_safety_cost           | 7.25     |
|    lift_rate                   | 0.18     |
|    minimum_human_distance      | 0.34     |
|    near_misses                 | 0.12     |
|    place_err_mm                | 264      |
|    proximity_steps             | 7.24     |
|    safety_clamped              | 121      |
|    success_rate                | 0.12     |
|    waiting_steps               | 6.9      |
| train/                         |          |
|    actor_loss                  | -8.35    |
|    critic_loss                 | 24.9     |
|    ent_coef                    | 0.027    |
|    ent_coef_loss               | 0.81     |
|    learning_rate               | 0.0003   |
|    n_updates                   | 64996    |
---------------------------------------------
---------------------------------------------
| rollout/                       |          |
|    collision_free_success_rate | 0.14     |
|    collision_steps             | 0.76     |
|    completion_time             | 7.15     |
|    ep_len                      | 143      |
|    ep_len_mean                 | 142      |
|    ep_rew_mean                 | 18.4     |
|    episodes                    | 499      |
|    grasp_rate                  | 0.42     |
|    human_collision_rate        | 0.02     |
|    human_difficulty            | 0.0326   |
|    human_safety_cost           | 4.91     |
|    lift_rate                   | 0.16     |
|    minimum_human_distance      | 0.355    |
|    near_misses                 | 0.1      |
|    place_err_mm                | 259      |
|    proximity_steps             | 7.42     |
|    safety_clamped              | 127      |
|    success_rate                | 0.1      |
|    waiting_steps               | 7.4      |
| time/                          |          |
|    episodes                    | 500      |
|    fps                         | 39       |
|    time_elapsed                | 1799     |
|    total_timesteps             | 70968    |
| train/                         |          |
|    actor_loss                  | -7.63    |
|    critic_loss                 | 15.4     |
|    ent_coef                    | 0.0277   |
|    ent_coef_loss               | -0.381   |
|    learning_rate               | 0.0003   |
|    n_updates                   | 65964    |
---------------------------------------------
---------------------------------------------
| rollout/                       |          |
|    collision_free_success_rate | 0.14     |
|    collision_steps             | 0.76     |
|    completion_time             | 7.09     |
|    ep_len                      | 142      |
|    episodes                    | 505      |
|    grasp_rate                  | 0.42     |
|    human_collision_rate        | 0.02     |
|    human_difficulty            | 0.0332   |
|    human_safety_cost           | 5.46     |
|    lift_rate                   | 0.18     |
|    minimum_human_distance      | 0.348    |
|    near_misses                 | 0.1      |
|    place_err_mm                | 265      |
|    proximity_steps             | 7.48     |
|    safety_clamped              | 126      |
|    success_rate                | 0.14     |
|    waiting_steps               | 7.46     |
| train/                         |          |
|    actor_loss                  | -10.1    |
|    critic_loss                 | 15.6     |
|    ent_coef                    | 0.0291   |
|    ent_coef_loss               | -0.974   |
|    learning_rate               | 0.0003   |
|    n_updates                   | 66996    |
---------------------------------------------
---------------------------------------------
| rollout/                       |          |
|    collision_free_success_rate | 0.14     |
|    collision_steps             | 0.76     |
|    completion_time             | 7.09     |
|    ep_len                      | 142      |
|    ep_len_mean                 | 141      |
|    ep_rew_mean                 | 17.2     |
|    episodes                    | 509      |
|    grasp_rate                  | 0.4      |
|    human_collision_rate        | 0.02     |
|    human_difficulty            | 0.0334   |
|    human_safety_cost           | 5.91     |
|    lift_rate                   | 0.16     |
|    minimum_human_distance      | 0.348    |
|    near_misses                 | 0.12     |
|    place_err_mm                | 268      |
|    proximity_steps             | 6.74     |
|    safety_clamped              | 127      |
|    success_rate                | 0.1      |
|    waiting_steps               | 6.66     |
| time/                          |          |
|    episodes                    | 510      |
|    fps                         | 39       |
|    time_elapsed                | 1839     |
|    total_timesteps             | 72572    |
| train/                         |          |
|    actor_loss                  | -8.31    |
|    critic_loss                 | 10.8     |
|    ent_coef                    | 0.0287   |
|    ent_coef_loss               | -0.192   |
|    learning_rate               | 0.0003   |
|    n_updates                   | 67568    |
---------------------------------------------
---------------------------------------------
| rollout/                       |          |
|    collision_free_success_rate | 0.16     |
|    collision_steps             | 0        |
|    completion_time             | 6.93     |
|    ep_len                      | 139      |
|    ep_len_mean                 | 142      |
|    ep_rew_mean                 | 14.8     |
|    episodes                    | 519      |
|    grasp_rate                  | 0.4      |
|    human_collision_rate        | 0.04     |
|    human_difficulty            | 0.0339   |
|    human_safety_cost           | 8.83     |
|    lift_rate                   | 0.12     |
|    minimum_human_distance      | 0.353    |
|    near_misses                 | 0.14     |
|    place_err_mm                | 247      |
|    proximity_steps             | 7.68     |
|    safety_clamped              | 127      |
|    success_rate                | 0.1      |
|    waiting_steps               | 7.48     |
| time/                          |          |
|    episodes                    | 520      |
|    fps                         | 39       |
|    time_elapsed                | 1872     |
|    total_timesteps             | 73904    |
| train/                         |          |
|    actor_loss                  | -10.1    |
|    critic_loss                 | 14.8     |
|    ent_coef                    | 0.0298   |
|    ent_coef_loss               | -0.0191  |
|    learning_rate               | 0.0003   |
|    n_updates                   | 68900    |
---------------------------------------------
---------------------------------------------
| rollout/                       |          |
|    collision_free_success_rate | 0.16     |
|    collision_steps             | 0        |
|    completion_time             | 6.93     |
|    ep_len                      | 139      |
|    episodes                    | 520      |
|    grasp_rate                  | 0.42     |
|    human_collision_rate        | 0.04     |
|    human_difficulty            | 0.034    |
|    human_safety_cost           | 8.83     |
|    lift_rate                   | 0.12     |
|    minimum_human_distance      | 0.353    |
|    near_misses                 | 0.14     |
|    place_err_mm                | 246      |
|    proximity_steps             | 7.68     |
|    safety_clamped              | 127      |
|    success_rate                | 0.16     |
|    waiting_steps               | 7.48     |
| train/                         |          |
|    actor_loss                  | -8.49    |
|    critic_loss                 | 11.5     |
|    ent_coef                    | 0.0298   |
|    ent_coef_loss               | 0.781    |
|    learning_rate               | 0.0003   |
|    n_updates                   | 68996    |
---------------------------------------------
---------------------------------------------
| rollout/                       |          |
|    collision_free_success_rate | 0.12     |
|    collision_steps             | 0        |
|    completion_time             | 6.96     |
|    ep_len                      | 139      |
|    ep_len_mean                 | 141      |
|    ep_rew_mean                 | 13       |
|    episodes                    | 529      |
|    grasp_rate                  | 0.4      |
|    human_collision_rate        | 0.04     |
|    human_difficulty            | 0.0345   |
|    human_safety_cost           | 9.85     |
|    lift_rate                   | 0.12     |
|    minimum_human_distance      | 0.322    |
|    near_misses                 | 0.16     |
|    place_err_mm                | 254      |
|    proximity_steps             | 9.02     |
|    safety_clamped              | 126      |
|    success_rate                | 0.1      |
|    waiting_steps               | 8.82     |
| time/                          |          |
|    episodes                    | 530      |
|    fps                         | 39       |
|    time_elapsed                | 1910     |
|    total_timesteps             | 75392    |
| train/                         |          |
|    actor_loss                  | -7.88    |
|    critic_loss                 | 17.9     |
|    ent_coef                    | 0.0308   |
|    ent_coef_loss               | -0.124   |
|    learning_rate               | 0.0003   |
|    n_updates                   | 70388    |
---------------------------------------------
---------------------------------------------
| rollout/                       |          |
|    collision_free_success_rate | 0.12     |
|    collision_steps             | 0        |
|    completion_time             | 6.82     |
|    ep_len                      | 136      |
|    episodes                    | 535      |
|    grasp_rate                  | 0.42     |
|    human_collision_rate        | 0.02     |
|    human_difficulty            | 0.0351   |
|    human_safety_cost           | 6.72     |
|    lift_rate                   | 0.14     |
|    minimum_human_distance      | 0.327    |
|    near_misses                 | 0.12     |
|    place_err_mm                | 249      |
|    proximity_steps             | 6.82     |
|    safety_clamped              | 123      |
|    success_rate                | 0.12     |
|    waiting_steps               | 6.62     |
| train/                         |          |
|    actor_loss                  | -9.82    |
|    critic_loss                 | 13.1     |
|    ent_coef                    | 0.0308   |
|    ent_coef_loss               | 0.166    |
|    learning_rate               | 0.0003   |
|    n_updates                   | 70996    |
---------------------------------------------
---------------------------------------------
| rollout/                       |          |
|    collision_free_success_rate | 0.08     |
|    collision_steps             | 0        |
|    completion_time             | 7.02     |
|    ep_len                      | 140      |
|    ep_len_mean                 | 139      |
|    ep_rew_mean                 | 14.4     |
|    episodes                    | 539      |
|    grasp_rate                  | 0.42     |
|    human_collision_rate        | 0.02     |
|    human_difficulty            | 0.0355   |
|    human_safety_cost           | 6.72     |
|    lift_rate                   | 0.16     |
|    minimum_human_distance      | 0.318    |
|    near_misses                 | 0.12     |
|    place_err_mm                | 260      |
|    proximity_steps             | 6.82     |
|    safety_clamped              | 126      |
|    success_rate                | 0.1      |
|    waiting_steps               | 6.62     |
| time/                          |          |
|    episodes                    | 540      |
|    fps                         | 39       |
|    time_elapsed                | 1937     |
|    total_timesteps             | 76476    |
| train/                         |          |
|    actor_loss                  | -10.4    |
|    critic_loss                 | 14.3     |
|    ent_coef                    | 0.0313   |
|    ent_coef_loss               | -1.03    |
|    learning_rate               | 0.0003   |
|    n_updates                   | 71472    |
---------------------------------------------
---------------------------------------------
| rollout/                       |          |
|    collision_free_success_rate | 0.08     |
|    collision_steps             | 0        |
|    completion_time             | 6.9      |
|    ep_len                      | 138      |
|    episodes                    | 548      |
|    grasp_rate                  | 0.46     |
|    human_collision_rate        | 0.04     |
|    human_difficulty            | 0.036    |
|    human_safety_cost           | 8.91     |
|    lift_rate                   | 0.18     |
|    minimum_human_distance      | 0.315    |
|    near_misses                 | 0.14     |
|    place_err_mm                | 260      |
|    proximity_steps             | 6.52     |
|    safety_clamped              | 123      |
|    success_rate                | 0.08     |
|    waiting_steps               | 6.32     |
| train/                         |          |
|    actor_loss                  | -10      |
|    critic_loss                 | 12.7     |
|    ent_coef                    | 0.0309   |
|    ent_coef_loss               | -0.56    |
|    learning_rate               | 0.0003   |
|    n_updates                   | 72996    |
---------------------------------------------
---------------------------------------------
| rollout/                       |          |
|    collision_free_success_rate | 0.08     |
|    collision_steps             | 0        |
|    completion_time             | 6.98     |
|    ep_len                      | 140      |
|    ep_len_mean                 | 142      |
|    ep_rew_mean                 | 15.6     |
|    episodes                    | 549      |
|    grasp_rate                  | 0.44     |
|    human_collision_rate        | 0.04     |
|    human_difficulty            | 0.0361   |
|    human_safety_cost           | 9.19     |
|    lift_rate                   | 0.18     |
|    minimum_human_distance      | 0.311    |
|    near_misses                 | 0.14     |
|    place_err_mm                | 256      |
|    proximity_steps             | 7.5      |
|    safety_clamped              | 124      |
|    success_rate                | 0.11     |
|    waiting_steps               | 7.2      |
| time/                          |          |
|    episodes                    | 550      |
|    fps                         | 39       |
|    time_elapsed                | 1984     |
|    total_timesteps             | 78352    |
| train/                         |          |
|    actor_loss                  | -10.9    |
|    critic_loss                 | 12.4     |
|    ent_coef                    | 0.0298   |
|    ent_coef_loss               | 0.517    |
|    learning_rate               | 0.0003   |
|    n_updates                   | 73348    |
---------------------------------------------
---------------------------------------------
| rollout/                       |          |
|    collision_free_success_rate | 0.06     |
|    collision_steps             | 0.02     |
|    completion_time             | 7.15     |
|    ep_len                      | 143      |
|    ep_len_mean                 | 140      |
|    ep_rew_mean                 | 13.8     |
|    episodes                    | 559      |
|    grasp_rate                  | 0.42     |
|    human_collision_rate        | 0.08     |
|    human_difficulty            | 0.0366   |
|    human_safety_cost           | 12       |
|    lift_rate                   | 0.12     |
|    minimum_human_distance      | 0.328    |
|    near_misses                 | 0.12     |
|    place_err_mm                | 246      |
|    proximity_steps             | 5.22     |
|    safety_clamped              | 130      |
|    success_rate                | 0.11     |
|    waiting_steps               | 4.52     |
| time/                          |          |
|    episodes                    | 560      |
|    fps                         | 39       |
|    time_elapsed                | 2020     |
|    total_timesteps             | 79776    |
| train/                         |          |
|    actor_loss                  | -10.4    |
|    critic_loss                 | 38.9     |
|    ent_coef                    | 0.0299   |
|    ent_coef_loss               | 0.966    |
|    learning_rate               | 0.0003   |
|    n_updates                   | 74772    |
---------------------------------------------
---------------------------------------------
| rollout/                       |          |
|    collision_free_success_rate | 0.06     |
|    collision_steps             | 0.02     |
|    completion_time             | 7.27     |
|    ep_len                      | 145      |
|    episodes                    | 561      |
|    grasp_rate                  | 0.4      |
|    human_collision_rate        | 0.08     |
|    human_difficulty            | 0.0367   |
|    human_safety_cost           | 12       |
|    lift_rate                   | 0.1      |
|    minimum_human_distance      | 0.32     |
|    near_misses                 | 0.12     |
|    place_err_mm                | 248      |
|    proximity_steps             | 5.22     |
|    safety_clamped              | 132      |
|    success_rate                | 0.06     |
|    waiting_steps               | 4.52     |
| train/                         |          |
|    actor_loss                  | -11.1    |
|    critic_loss                 | 15.6     |
|    ent_coef                    | 0.03     |
|    ent_coef_loss               | -1.04    |
|    learning_rate               | 0.0003   |
|    n_updates                   | 74996    |
---------------------------------------------
Eval num_timesteps=80000, episode_reward=-21.28 +/- 51.05
Episode length: 199.40 +/- 2.24
Success rate: 0.00%
---------------------------------
| eval/              |          |
|    mean_ep_length  | 199      |
|    mean_reward     | -21.3    |
|    success_rate    | 0        |
| time/              |          |
|    total_timesteps | 80000    |
---------------------------------
---------------------------------------------
| rollout/                       |          |
|    collision_free_success_rate | 0.08     |
|    collision_steps             | 0.02     |
|    completion_time             | 7.06     |
|    ep_len                      | 141      |
|    ep_len_mean                 | 140      |
|    ep_rew_mean                 | 16.9     |
|    episodes                    | 569      |
|    grasp_rate                  | 0.46     |
|    human_collision_rate        | 0.08     |
|    human_difficulty            | 0.0375   |
|    human_safety_cost           | 11.6     |
|    lift_rate                   | 0.12     |
|    minimum_human_distance      | 0.312    |
|    near_misses                 | 0.12     |
|    place_err_mm                | 235      |
|    proximity_steps             | 4.86     |
|    safety_clamped              | 126      |
|    success_rate                | 0.12     |
|    waiting_steps               | 4.14     |
| time/                          |          |
|    episodes                    | 570      |
|    fps                         | 38       |
|    time_elapsed                | 2097     |
|    total_timesteps             | 81020    |
| train/                         |          |
|    actor_loss                  | -9.82    |
|    critic_loss                 | 13.8     |
|    ent_coef                    | 0.0282   |
|    ent_coef_loss               | 0.182    |
|    learning_rate               | 0.0003   |
|    n_updates                   | 76016    |
---------------------------------------------
---------------------------------------------
| rollout/                       |          |
|    collision_free_success_rate | 0.08     |
|    collision_steps             | 0.02     |
|    completion_time             | 7.25     |
|    ep_len                      | 145      |
|    episodes                    | 575      |
|    grasp_rate                  | 0.44     |
|    human_collision_rate        | 0.08     |
|    human_difficulty            | 0.0381   |
|    human_safety_cost           | 10.5     |
|    lift_rate                   | 0.1      |
|    minimum_human_distance      | 0.32     |
|    near_misses                 | 0.1      |
|    place_err_mm                | 235      |
|    proximity_steps             | 3.52     |
|    safety_clamped              | 131      |
|    success_rate                | 0.08     |
|    waiting_steps               | 2.8      |
| train/                         |          |
|    actor_loss                  | -9.72    |
|    critic_loss                 | 37.8     |
|    ent_coef                    | 0.0291   |
|    ent_coef_loss               | -0.166   |
|    learning_rate               | 0.0003   |
|    n_updates                   | 76996    |
---------------------------------------------
---------------------------------------------
| rollout/                       |          |
|    collision_free_success_rate | 0.1      |
|    collision_steps             | 0.02     |
|    completion_time             | 7.18     |
|    ep_len                      | 144      |
|    ep_len_mean                 | 141      |
|    ep_rew_mean                 | 14.6     |
|    episodes                    | 579      |
|    grasp_rate                  | 0.44     |
|    human_collision_rate        | 0.08     |
|    human_difficulty            | 0.0384   |
|    human_safety_cost           | 10.5     |
|    lift_rate                   | 0.08     |
|    minimum_human_distance      | 0.328    |
|    near_misses                 | 0.1      |
|    place_err_mm                | 226      |
|    proximity_steps             | 3.52     |
|    safety_clamped              | 130      |
|    success_rate                | 0.11     |
|    waiting_steps               | 2.8      |
| time/                          |          |
|    episodes                    | 580      |
|    fps                         | 38       |
|    time_elapsed                | 2134     |
|    total_timesteps             | 82524    |
| train/                         |          |
|    actor_loss                  | -11.8    |
|    critic_loss                 | 11.2     |
|    ent_coef                    | 0.0286   |
|    ent_coef_loss               | 0.344    |
|    learning_rate               | 0.0003   |
|    n_updates                   | 77520    |
---------------------------------------------
---------------------------------------------
| rollout/                       |          |
|    collision_free_success_rate | 0.16     |
|    collision_steps             | 0.14     |
|    completion_time             | 6.82     |
|    ep_len                      | 136      |
|    ep_len_mean                 | 137      |
|    ep_rew_mean                 | 17.3     |
|    episodes                    | 589      |
|    grasp_rate                  | 0.44     |
|    human_collision_rate        | 0.08     |
|    human_difficulty            | 0.0389   |
|    human_safety_cost           | 10.5     |
|    lift_rate                   | 0.08     |
|    minimum_human_distance      | 0.349    |
|    near_misses                 | 0.1      |
|    place_err_mm                | 214      |
|    proximity_steps             | 3.52     |
|    safety_clamped              | 124      |
|    success_rate                | 0.12     |
|    waiting_steps               | 2.8      |
| time/                          |          |
|    episodes                    | 590      |
|    fps                         | 38       |
|    time_elapsed                | 2156     |
|    total_timesteps             | 83404    |
| train/                         |          |
|    actor_loss                  | -9.78    |
|    critic_loss                 | 14.6     |
|    ent_coef                    | 0.0286   |
|    ent_coef_loss               | 1.07     |
|    learning_rate               | 0.0003   |
|    n_updates                   | 78400    |
---------------------------------------------
---------------------------------------------
| rollout/                       |          |
|    collision_free_success_rate | 0.18     |
|    collision_steps             | 0.3      |
|    completion_time             | 6.71     |
|    ep_len                      | 134      |
|    episodes                    | 593      |
|    grasp_rate                  | 0.44     |
|    human_collision_rate        | 0.08     |
|    human_difficulty            | 0.0391   |
|    human_safety_cost           | 10.5     |
|    lift_rate                   | 0.08     |
|    minimum_human_distance      | 0.345    |
|    near_misses                 | 0.1      |
|    place_err_mm                | 207      |
|    proximity_steps             | 3.52     |
|    safety_clamped              | 122      |
|    success_rate                | 0.18     |
|    waiting_steps               | 2.8      |
| train/                         |          |
|    actor_loss                  | -11.6    |
|    critic_loss                 | 13       |
|    ent_coef                    | 0.0289   |
|    ent_coef_loss               | 0.221    |
|    learning_rate               | 0.0003   |
|    n_updates                   | 78996    |
---------------------------------------------
---------------------------------------------
| rollout/                       |          |
|    collision_free_success_rate | 0.18     |
|    collision_steps             | 0.3      |
|    completion_time             | 6.47     |
|    ep_len                      | 129      |
|    ep_len_mean                 | 136      |
|    ep_rew_mean                 | 20.4     |
|    episodes                    | 599      |
|    grasp_rate                  | 0.48     |
|    human_collision_rate        | 0.06     |
|    human_difficulty            | 0.0394   |
|    human_safety_cost           | 8.01     |
|    lift_rate                   | 0.08     |
|    minimum_human_distance      | 0.363    |
|    near_misses                 | 0.08     |
|    place_err_mm                | 204      |
|    proximity_steps             | 3.1      |
|    safety_clamped              | 118      |
|    success_rate                | 0.13     |
|    waiting_steps               | 2.48     |
| time/                          |          |
|    episodes                    | 600      |
|    fps                         | 38       |
|    time_elapsed                | 2189     |
|    total_timesteps             | 84664    |
| train/                         |          |
|    actor_loss                  | -9.06    |
|    critic_loss                 | 11.7     |
|    ent_coef                    | 0.0283   |
|    ent_coef_loss               | -1.37    |
|    learning_rate               | 0.0003   |
|    n_updates                   | 79660    |
---------------------------------------------
---------------------------------------------
| rollout/                       |          |
|    collision_free_success_rate | 0.2      |
|    collision_steps             | 0.28     |
|    completion_time             | 6.2      |
|    ep_len                      | 124      |
|    episodes                    | 609      |
|    grasp_rate                  | 0.52     |
|    human_collision_rate        | 0.02     |
|    human_difficulty            | 0.0403   |
|    human_safety_cost           | 2.64     |
|    lift_rate                   | 0.1      |
|    minimum_human_distance      | 0.367    |
|    near_misses                 | 0.04     |
|    place_err_mm                | 194      |
|    proximity_steps             | 1.86     |
|    safety_clamped              | 111      |
|    success_rate                | 0.2      |
|    waiting_steps               | 1.72     |
| train/                         |          |
|    actor_loss                  | -10.7    |
|    critic_loss                 | 17.4     |
|    ent_coef                    | 0.0272   |
|    ent_coef_loss               | 1.31     |
|    learning_rate               | 0.0003   |
|    n_updates                   | 80996    |
---------------------------------------------
---------------------------------------------
| rollout/                       |          |
|    collision_free_success_rate | 0.2      |
|    collision_steps             | 0.28     |
|    completion_time             | 6.2      |
|    ep_len                      | 124      |
|    ep_len_mean                 | 135      |
|    ep_rew_mean                 | 22.8     |
|    episodes                    | 609      |
|    grasp_rate                  | 0.52     |
|    human_collision_rate        | 0.02     |
|    human_difficulty            | 0.0403   |
|    human_safety_cost           | 2.64     |
|    lift_rate                   | 0.1      |
|    minimum_human_distance      | 0.367    |
|    near_misses                 | 0.04     |
|    place_err_mm                | 194      |
|    proximity_steps             | 1.86     |
|    safety_clamped              | 111      |
|    success_rate                | 0.13     |
|    waiting_steps               | 1.72     |
| time/                          |          |
|    episodes                    | 610      |
|    fps                         | 38       |
|    time_elapsed                | 2226     |
|    total_timesteps             | 86100    |
| train/                         |          |
|    actor_loss                  | -9.04    |
|    critic_loss                 | 11.3     |
|    ent_coef                    | 0.0279   |
|    ent_coef_loss               | -0.85    |
|    learning_rate               | 0.0003   |
|    n_updates                   | 81096    |
---------------------------------------------
---------------------------------------------
| rollout/                       |          |
|    collision_free_success_rate | 0.2      |
|    collision_steps             | 0.28     |
|    completion_time             | 6.15     |
|    ep_len                      | 123      |
|    ep_len_mean                 | 131      |
|    ep_rew_mean                 | 26.2     |
|    episodes                    | 619      |
|    grasp_rate                  | 0.46     |
|    human_collision_rate        | 0        |
|    human_difficulty            | 0.0409   |
|    human_safety_cost           | 0.00869  |
|    lift_rate                   | 0.12     |
|    minimum_human_distance      | 0.389    |
|    near_misses                 | 0        |
|    place_err_mm                | 204      |
|    proximity_steps             | 1.16     |
|    safety_clamped              | 112      |
|    success_rate                | 0.15     |
|    waiting_steps               | 1.16     |
| time/                          |          |
|    episodes                    | 620      |
|    fps                         | 38       |
|    time_elapsed                | 2248     |
|    total_timesteps             | 87004    |
| train/                         |          |
|    actor_loss                  | -11.3    |
|    critic_loss                 | 13.7     |
|    ent_coef                    | 0.0274   |
|    ent_coef_loss               | -0.937   |
|    learning_rate               | 0.0003   |
|    n_updates                   | 82000    |
---------------------------------------------
---------------------------------------------
| rollout/                       |          |
|    collision_free_success_rate | 0.22     |
|    collision_steps             | 0.28     |
|    completion_time             | 5.85     |
|    ep_len                      | 117      |
|    episodes                    | 626      |
|    grasp_rate                  | 0.5      |
|    human_collision_rate        | 0        |
|    human_difficulty            | 0.0412   |
|    human_safety_cost           | 0.0824   |
|    lift_rate                   | 0.16     |
|    minimum_human_distance      | 0.382    |
|    near_misses                 | 0.02     |
|    place_err_mm                | 192      |
|    proximity_steps             | 1.46     |
|    safety_clamped              | 105      |
|    success_rate                | 0.22     |
|    waiting_steps               | 1.46     |
| train/                         |          |
|    actor_loss                  | -10.3    |
|    critic_loss                 | 13.6     |
|    ent_coef                    | 0.0269   |
|    ent_coef_loss               | -0.394   |
|    learning_rate               | 0.0003   |
|    n_updates                   | 82996    |
---------------------------------------------
---------------------------------------------
| rollout/                       |          |
|    collision_free_success_rate | 0.2      |
|    collision_steps             | 0.28     |
|    completion_time             | 5.99     |
|    ep_len                      | 120      |
|    ep_len_mean                 | 132      |
|    ep_rew_mean                 | 29.1     |
|    episodes                    | 629      |
|    grasp_rate                  | 0.5      |
|    human_collision_rate        | 0        |
|    human_difficulty            | 0.0414   |
|    human_safety_cost           | 0.555    |
|    lift_rate                   | 0.16     |
|    minimum_human_distance      | 0.377    |
|    near_misses                 | 0.04     |
|    place_err_mm                | 197      |
|    proximity_steps             | 2.86     |
|    safety_clamped              | 108      |
|    success_rate                | 0.15     |
|    waiting_steps               | 2.54     |
| time/                          |          |
|    episodes                    | 630      |
|    fps                         | 38       |
|    time_elapsed                | 2286     |
|    total_timesteps             | 88500    |
| train/                         |          |
|    actor_loss                  | -8.72    |
|    critic_loss                 | 19.2     |
|    ent_coef                    | 0.0284   |
|    ent_coef_loss               | 0.515    |
|    learning_rate               | 0.0003   |
|    n_updates                   | 83496    |
---------------------------------------------
---------------------------------------------
| rollout/                       |          |
|    collision_free_success_rate | 0.16     |
|    collision_steps             | 0.2      |
|    completion_time             | 6.36     |
|    ep_len                      | 127      |
|    ep_len_mean                 | 133      |
|    ep_rew_mean                 | 30.9     |
|    episodes                    | 639      |
|    grasp_rate                  | 0.54     |
|    human_collision_rate        | 0        |
|    human_difficulty            | 0.0419   |
|    human_safety_cost           | 0.663    |
|    lift_rate                   | 0.12     |
|    minimum_human_distance      | 0.358    |
|    near_misses                 | 0.06     |
|    place_err_mm                | 197      |
|    proximity_steps             | 3.3      |
|    safety_clamped              | 115      |
|    success_rate                | 0.16     |
|    waiting_steps               | 2.98     |
| time/                          |          |
|    episodes                    | 640      |
|    fps                         | 38       |
|    time_elapsed                | 2323     |
|    total_timesteps             | 89956    |
| train/                         |          |
|    actor_loss                  | -9.4     |
|    critic_loss                 | 9.92     |
|    ent_coef                    | 0.028    |
|    ent_coef_loss               | 0.685    |
|    learning_rate               | 0.0003   |
|    n_updates                   | 84952    |
---------------------------------------------
---------------------------------------------
| rollout/                       |          |
|    collision_free_success_rate | 0.16     |
|    collision_steps             | 0.2      |
|    completion_time             | 6.46     |
|    ep_len                      | 129      |
|    episodes                    | 640      |
|    grasp_rate                  | 0.52     |
|    human_collision_rate        | 0        |
|    human_difficulty            | 0.0419   |
|    human_safety_cost           | 0.663    |
|    lift_rate                   | 0.12     |
|    minimum_human_distance      | 0.364    |
|    near_misses                 | 0.06     |
|    place_err_mm                | 201      |
|    proximity_steps             | 3.3      |
|    safety_clamped              | 117      |
|    success_rate                | 0.16     |
|    waiting_steps               | 2.98     |
| train/                         |          |
|    actor_loss                  | -8.45    |
|    critic_loss                 | 25.5     |
|    ent_coef                    | 0.028    |
|    ent_coef_loss               | 0.0782   |
|    learning_rate               | 0.0003   |
|    n_updates                   | 84996    |
---------------------------------------------
---------------------------------------------
| rollout/                       |          |
|    collision_free_success_rate | 0.14     |
|    collision_steps             | 0.04     |
|    completion_time             | 6.62     |
|    ep_len                      | 132      |
|    ep_len_mean                 | 132      |
|    ep_rew_mean                 | 34.4     |
|    episodes                    | 649      |
|    grasp_rate                  | 0.5      |
|    human_collision_rate        | 0        |
|    human_difficulty            | 0.0428   |
|    human_safety_cost           | 0.654    |
|    lift_rate                   | 0.12     |
|    minimum_human_distance      | 0.359    |
|    near_misses                 | 0.06     |
|    place_err_mm                | 203      |
|    proximity_steps             | 2.36     |
|    safety_clamped              | 120      |
|    success_rate                | 0.16     |
|    waiting_steps               | 2.04     |
| time/                          |          |
|    episodes                    | 650      |
|    fps                         | 38       |
|    time_elapsed                | 2356     |
|    total_timesteps             | 91236    |
| train/                         |          |
|    actor_loss                  | -11.3    |
|    critic_loss                 | 19.4     |
|    ent_coef                    | 0.0288   |
|    ent_coef_loss               | -1.09    |
|    learning_rate               | 0.0003   |
|    n_updates                   | 86232    |
---------------------------------------------
---------------------------------------------
| rollout/                       |          |
|    collision_free_success_rate | 0.12     |
|    collision_steps             | 0.04     |
|    completion_time             | 6.59     |
|    ep_len                      | 132      |
|    episodes                    | 655      |
|    grasp_rate                  | 0.48     |
|    human_collision_rate        | 0        |
|    human_difficulty            | 0.0433   |
|    human_safety_cost           | 0.654    |
|    lift_rate                   | 0.12     |
|    minimum_human_distance      | 0.366    |
|    near_misses                 | 0.06     |
|    place_err_mm                | 213      |
|    proximity_steps             | 2.36     |
|    safety_clamped              | 119      |
|    success_rate                | 0.12     |
|    waiting_steps               | 2.04     |
| train/                         |          |
|    actor_loss                  | -9.25    |
|    critic_loss                 | 15.8     |
|    ent_coef                    | 0.0277   |
|    ent_coef_loss               | -0.881   |
|    learning_rate               | 0.0003   |
|    n_updates                   | 86996    |
---------------------------------------------
---------------------------------------------
| rollout/                       |          |
|    collision_free_success_rate | 0.14     |
|    collision_steps             | 0.94     |
|    completion_time             | 6.48     |
|    ep_len                      | 130      |
|    ep_len_mean                 | 128      |
|    ep_rew_mean                 | 37.9     |
|    episodes                    | 659      |
|    grasp_rate                  | 0.54     |
|    human_collision_rate        | 0        |
|    human_difficulty            | 0.0435   |
|    human_safety_cost           | 0.654    |
|    lift_rate                   | 0.1      |
|    minimum_human_distance      | 0.367    |
|    near_misses                 | 0.06     |
|    place_err_mm                | 209      |
|    proximity_steps             | 2.36     |
|    safety_clamped              | 119      |
|    success_rate                | 0.16     |
|    waiting_steps               | 2.04     |
| time/                          |          |
|    episodes                    | 660      |
|    fps                         | 38       |
|    time_elapsed                | 2387     |
|    total_timesteps             | 92472    |
| train/                         |          |
|    actor_loss                  | -10.2    |
|    critic_loss                 | 14.2     |
|    ent_coef                    | 0.0284   |
|    ent_coef_loss               | 1.98     |
|    learning_rate               | 0.0003   |
|    n_updates                   | 87468    |
---------------------------------------------
---------------------------------------------
| rollout/                       |          |
|    collision_free_success_rate | 0.1      |
|    collision_steps             | 0.94     |
|    completion_time             | 6.85     |
|    ep_len                      | 137      |
|    episodes                    | 669      |
|    grasp_rate                  | 0.56     |
|    human_collision_rate        | 0.04     |
|    human_difficulty            | 0.044    |
|    human_safety_cost           | 6.19     |
|    lift_rate                   | 0.08     |
|    minimum_human_distance      | 0.337    |
|    near_misses                 | 0.12     |
|    place_err_mm                | 218      |
|    proximity_steps             | 4.72     |
|    safety_clamped              | 124      |
|    success_rate                | 0.1      |
|    waiting_steps               | 3.56     |
| train/                         |          |
|    actor_loss                  | -9.07    |
|    critic_loss                 | 17.2     |
|    ent_coef                    | 0.028    |
|    ent_coef_loss               | -0.342   |
|    learning_rate               | 0.0003   |
|    n_updates                   | 88996    |
---------------------------------------------
---------------------------------------------
| rollout/                       |          |
|    collision_free_success_rate | 0.1      |
|    collision_steps             | 0.94     |
|    completion_time             | 6.85     |
|    ep_len                      | 137      |
|    ep_len_mean                 | 130      |
|    ep_rew_mean                 | 30.8     |
|    episodes                    | 669      |
|    grasp_rate                  | 0.56     |
|    human_collision_rate        | 0.04     |
|    human_difficulty            | 0.044    |
|    human_safety_cost           | 6.19     |
|    lift_rate                   | 0.08     |
|    minimum_human_distance      | 0.337    |
|    near_misses                 | 0.12     |
|    place_err_mm                | 218      |
|    proximity_steps             | 4.72     |
|    safety_clamped              | 124      |
|    success_rate                | 0.15     |
|    waiting_steps               | 3.56     |
| time/                          |          |
|    episodes                    | 670      |
|    fps                         | 38       |
|    time_elapsed                | 2427     |
|    total_timesteps             | 94056    |
| train/                         |          |
|    actor_loss                  | -10.8    |
|    critic_loss                 | 37.1     |
|    ent_coef                    | 0.0282   |
|    ent_coef_loss               | 0.298    |
|    learning_rate               | 0.0003   |
|    n_updates                   | 89052    |
---------------------------------------------
---------------------------------------------
| rollout/                       |          |
|    collision_free_success_rate | 0.14     |
|    collision_steps             | 0.94     |
|    completion_time             | 6.74     |
|    ep_len                      | 135      |
|    ep_len_mean                 | 127      |
|    ep_rew_mean                 | 33.9     |
|    episodes                    | 679      |
|    grasp_rate                  | 0.56     |
|    human_collision_rate        | 0.06     |
|    human_difficulty            | 0.0445   |
|    human_safety_cost           | 8.77     |
|    lift_rate                   | 0.06     |
|    minimum_human_distance      | 0.343    |
|    near_misses                 | 0.1      |
|    place_err_mm                | 220      |
|    proximity_steps             | 3.58     |
|    safety_clamped              | 123      |
|    success_rate                | 0.17     |
|    waiting_steps               | 2.74     |
| time/                          |          |
|    episodes                    | 680      |
|    fps                         | 38       |
|    time_elapsed                | 2458     |
|    total_timesteps             | 95300    |
| train/                         |          |
|    actor_loss                  | -9.94    |
|    critic_loss                 | 31.9     |
|    ent_coef                    | 0.0265   |
|    ent_coef_loss               | -0.165   |
|    learning_rate               | 0.0003   |
|    n_updates                   | 90296    |
---------------------------------------------
---------------------------------------------
| rollout/                       |          |
|    collision_free_success_rate | 0.12     |
|    collision_steps             | 0.9      |
|    completion_time             | 6.87     |
|    ep_len                      | 137      |
|    episodes                    | 683      |
|    grasp_rate                  | 0.52     |
|    human_collision_rate        | 0.08     |
|    human_difficulty            | 0.0449   |
|    human_safety_cost           | 11.6     |
|    lift_rate                   | 0.06     |
|    minimum_human_distance      | 0.326    |
|    near_misses                 | 0.12     |
|    place_err_mm                | 229      |
|    proximity_steps             | 4.4      |
|    safety_clamped              | 126      |
|    success_rate                | 0.12     |
|    waiting_steps               | 3.52     |
| train/                         |          |
|    actor_loss                  | -9.26    |
|    critic_loss                 | 17       |
|    ent_coef                    | 0.0271   |
|    ent_coef_loss               | -0.383   |
|    learning_rate               | 0.0003   |
|    n_updates                   | 90996    |
---------------------------------------------
---------------------------------------------
| rollout/                       |          |
|    collision_free_success_rate | 0.1      |
|    collision_steps             | 0.9      |
|    completion_time             | 7.22     |
|    ep_len                      | 144      |
|    ep_len_mean                 | 137      |
|    ep_rew_mean                 | 25       |
|    episodes                    | 689      |
|    grasp_rate                  | 0.48     |
|    human_collision_rate        | 0.08     |
|    human_difficulty            | 0.0455   |
|    human_safety_cost           | 11.5     |
|    lift_rate                   | 0.06     |
|    minimum_human_distance      | 0.34     |
|    near_misses                 | 0.1      |
|    place_err_mm                | 246      |
|    proximity_steps             | 3.96     |
|    safety_clamped              | 131      |
|    success_rate                | 0.13     |
|    waiting_steps               | 3.08     |
| time/                          |          |
|    episodes                    | 690      |
|    fps                         | 38       |
|    time_elapsed                | 2501     |
|    total_timesteps             | 97032    |
| train/                         |          |
|    actor_loss                  | -10      |
|    critic_loss                 | 14.8     |
|    ent_coef                    | 0.0266   |
|    ent_coef_loss               | 0.907    |
|    learning_rate               | 0.0003   |
|    n_updates                   | 92028    |
---------------------------------------------
---------------------------------------------
| rollout/                       |          |
|    collision_free_success_rate | 0.1      |
|    collision_steps             | 0.9      |
|    completion_time             | 6.82     |
|    ep_len                      | 136      |
|    episodes                    | 699      |
|    grasp_rate                  | 0.52     |
|    human_collision_rate        | 0.1      |
|    human_difficulty            | 0.0461   |
|    human_safety_cost           | 14       |
|    lift_rate                   | 0.12     |
|    minimum_human_distance      | 0.335    |
|    near_misses                 | 0.12     |
|    place_err_mm                | 260      |
|    proximity_steps             | 5.12     |
|    safety_clamped              | 122      |
|    success_rate                | 0.1      |
|    waiting_steps               | 4.24     |
| train/                         |          |
|    actor_loss                  | -8.69    |
|    critic_loss                 | 15.1     |
|    ent_coef                    | 0.0266   |
|    ent_coef_loss               | -1.34    |
|    learning_rate               | 0.0003   |
|    n_updates                   | 92996    |
---------------------------------------------
---------------------------------------------
| rollout/                       |          |
|    collision_free_success_rate | 0.1      |
|    collision_steps             | 0.9      |
|    completion_time             | 6.82     |
|    ep_len                      | 136      |
|    ep_len_mean                 | 134      |
|    ep_rew_mean                 | 23.3     |
|    episodes                    | 699      |
|    grasp_rate                  | 0.52     |
|    human_collision_rate        | 0.1      |
|    human_difficulty            | 0.0461   |
|    human_safety_cost           | 14       |
|    lift_rate                   | 0.12     |
|    minimum_human_distance      | 0.335    |
|    near_misses                 | 0.12     |
|    place_err_mm                | 260      |
|    proximity_steps             | 5.12     |
|    safety_clamped              | 122      |
|    success_rate                | 0.12     |
|    waiting_steps               | 4.24     |
| time/                          |          |
|    episodes                    | 700      |
|    fps                         | 38       |
|    time_elapsed                | 2526     |
|    total_timesteps             | 98028    |
| train/                         |          |
|    actor_loss                  | -12.3    |
|    critic_loss                 | 40.7     |
|    ent_coef                    | 0.0264   |
|    ent_coef_loss               | 0.157    |
|    learning_rate               | 0.0003   |
|    n_updates                   | 93024    |
---------------------------------------------
---------------------------------------------
| rollout/                       |          |
|    collision_free_success_rate | 0.08     |
|    collision_steps             | 0.04     |
|    completion_time             | 7.08     |
|    ep_len                      | 142      |
|    ep_len_mean                 | 135      |
|    ep_rew_mean                 | 19.5     |
|    episodes                    | 709      |
|    grasp_rate                  | 0.52     |
|    human_collision_rate        | 0.12     |
|    human_difficulty            | 0.0466   |
|    human_safety_cost           | 18.9     |
|    lift_rate                   | 0.16     |
|    minimum_human_distance      | 0.288    |
|    near_misses                 | 0.2      |
|    place_err_mm                | 263      |
|    proximity_steps             | 9.22     |
|    safety_clamped              | 128      |
|    success_rate                | 0.11     |
|    waiting_steps               | 8.26     |
| time/                          |          |
|    episodes                    | 710      |
|    fps                         | 38       |
|    time_elapsed                | 2565     |
|    total_timesteps             | 99508    |
| train/                         |          |
|    actor_loss                  | -10.7    |
|    critic_loss                 | 43.3     |
|    ent_coef                    | 0.0268   |
|    ent_coef_loss               | 1        |
|    learning_rate               | 0.0003   |
|    n_updates                   | 94504    |
---------------------------------------------
---------------------------------------------
| rollout/                       |          |
|    collision_free_success_rate | 0.08     |
|    collision_steps             | 0.04     |
|    completion_time             | 7.06     |
|    ep_len                      | 141      |
|    episodes                    | 712      |
|    grasp_rate                  | 0.52     |
|    human_collision_rate        | 0.12     |
|    human_difficulty            | 0.0467   |
|    human_safety_cost           | 18.9     |
|    lift_rate                   | 0.16     |
|    minimum_human_distance      | 0.3      |
|    near_misses                 | 0.2      |
|    place_err_mm                | 257      |
|    proximity_steps             | 9.22     |
|    safety_clamped              | 127      |
|    success_rate                | 0.08     |
|    waiting_steps               | 8.26     |
| train/                         |          |
|    actor_loss                  | -11.9    |
|    critic_loss                 | 14.8     |
|    ent_coef                    | 0.0269   |
|    ent_coef_loss               | 0.613    |
|    learning_rate               | 0.0003   |
|    n_updates                   | 94996    |
---------------------------------------------
Eval num_timesteps=100000, episode_reward=-20.90 +/- 38.72
Episode length: 182.40 +/- 48.04
Success rate: 0.00%
---------------------------------
| eval/              |          |
|    mean_ep_length  | 182      |
|    mean_reward     | -20.9    |
|    success_rate    | 0        |
| time/              |          |
|    total_timesteps | 100000   |
---------------------------------
---------------------------------------------
| rollout/                       |          |
|    collision_free_success_rate | 0.1      |
|    collision_steps             | 0.04     |
|    completion_time             | 6.87     |
|    ep_len                      | 137      |
|    ep_len_mean                 | 138      |
|    ep_rew_mean                 | 17.3     |
|    episodes                    | 719      |
|    grasp_rate                  | 0.54     |
|    human_collision_rate        | 0.1      |
|    human_difficulty            | 0.0474   |
|    human_safety_cost           | 16.4     |
|    lift_rate                   | 0.18     |
|    minimum_human_distance      | 0.305    |
|    near_misses                 | 0.16     |
|    place_err_mm                | 251      |
|    proximity_steps             | 7.84     |
|    safety_clamped              | 122      |
|    success_rate                | 0.09     |
|    waiting_steps               | 7.62     |
| time/                          |          |
|    episodes                    | 720      |
|    fps                         | 38       |
|    time_elapsed                | 2640     |
|    total_timesteps             | 100748   |
| train/                         |          |
|    actor_loss                  | -8.96    |
|    critic_loss                 | 17.5     |
|    ent_coef                    | 0.027    |
|    ent_coef_loss               | -0.162   |
|    learning_rate               | 0.0003   |
|    n_updates                   | 95744    |
---------------------------------------------
---------------------------------------------
| rollout/                       |          |
|    collision_free_success_rate | 0.08     |
|    collision_steps             | 0.56     |
|    completion_time             | 6.81     |
|    ep_len                      | 136      |
|    episodes                    | 729      |
|    grasp_rate                  | 0.52     |
|    human_collision_rate        | 0.08     |
|    human_difficulty            | 0.0484   |
|    human_safety_cost           | 13.3     |
|    lift_rate                   | 0.18     |
|    minimum_human_distance      | 0.311    |
|    near_misses                 | 0.14     |
|    place_err_mm                | 254      |
|    proximity_steps             | 7.28     |
|    safety_clamped              | 121      |
|    success_rate                | 0.08     |
|    waiting_steps               | 7.06     |
| train/                         |          |
|    actor_loss                  | -10.7    |
|    critic_loss                 | 11.6     |
|    ent_coef                    | 0.0264   |
|    ent_coef_loss               | -0.00682 |
|    learning_rate               | 0.0003   |
|    n_updates                   | 96996    |
---------------------------------------------
---------------------------------------------
| rollout/                       |          |
|    collision_free_success_rate | 0.08     |
|    collision_steps             | 0.56     |
|    completion_time             | 6.81     |
|    ep_len                      | 136      |
|    ep_len_mean                 | 134      |
|    ep_rew_mean                 | 20.6     |
|    episodes                    | 729      |
|    grasp_rate                  | 0.52     |
|    human_collision_rate        | 0.08     |
|    human_difficulty            | 0.0484   |
|    human_safety_cost           | 13.3     |
|    lift_rate                   | 0.18     |
|    minimum_human_distance      | 0.311    |
|    near_misses                 | 0.14     |
|    place_err_mm                | 254      |
|    proximity_steps             | 7.28     |
|    safety_clamped              | 121      |
|    success_rate                | 0.11     |
|    waiting_steps               | 7.06     |
| time/                          |          |
|    episodes                    | 730      |
|    fps                         | 38       |
|    time_elapsed                | 2676     |
|    total_timesteps             | 102196   |
| train/                         |          |
|    actor_loss                  | -11.1    |
|    critic_loss                 | 11.9     |
|    ent_coef                    | 0.0264   |
|    ent_coef_loss               | -0.347   |
|    learning_rate               | 0.0003   |
|    n_updates                   | 97192    |
---------------------------------------------
---------------------------------------------
| rollout/                       |          |
|    collision_free_success_rate | 0.1      |
|    collision_steps             | 0.56     |
|    completion_time             | 6.57     |
|    ep_len                      | 131      |
|    ep_len_mean                 | 137      |
|    ep_rew_mean                 | 19.5     |
|    episodes                    | 739      |
|    grasp_rate                  | 0.52     |
|    human_collision_rate        | 0.06     |
|    human_difficulty            | 0.0489   |
|    human_safety_cost           | 10.5     |
|    lift_rate                   | 0.18     |
|    minimum_human_distance      | 0.317    |
|    near_misses                 | 0.12     |
|    place_err_mm                | 244      |
|    proximity_steps             | 6.46     |
|    safety_clamped              | 117      |
|    success_rate                | 0.11     |
|    waiting_steps               | 6.28     |
| time/                          |          |
|    episodes                    | 740      |
|    fps                         | 38       |
|    time_elapsed                | 2709     |
|    total_timesteps             | 103488   |
| train/                         |          |
|    actor_loss                  | -11.7    |
|    critic_loss                 | 13.1     |
|    ent_coef                    | 0.0269   |
|    ent_coef_loss               | -1.04    |
|    learning_rate               | 0.0003   |
|    n_updates                   | 98484    |
---------------------------------------------
---------------------------------------------
| rollout/                       |          |
|    collision_free_success_rate | 0.12     |
|    collision_steps             | 0.56     |
|    completion_time             | 6.62     |
|    ep_len                      | 132      |
|    episodes                    | 743      |
|    grasp_rate                  | 0.54     |
|    human_collision_rate        | 0.06     |
|    human_difficulty            | 0.0491   |
|    human_safety_cost           | 10.5     |
|    lift_rate                   | 0.16     |
|    minimum_human_distance      | 0.322    |
|    near_misses                 | 0.12     |
|    place_err_mm                | 237      |
|    proximity_steps             | 6.12     |
|    safety_clamped              | 119      |
|    success_rate                | 0.12     |
|    waiting_steps               | 5.94     |
| train/                         |          |
|    actor_loss                  | -8.16    |
|    critic_loss                 | 11.3     |
|    ent_coef                    | 0.0274   |
|    ent_coef_loss               | -1.87    |
|    learning_rate               | 0.0003   |
|    n_updates                   | 98996    |
---------------------------------------------
---------------------------------------------
| rollout/                       |          |
|    collision_free_success_rate | 0.16     |
|    collision_steps             | 0.56     |
|    completion_time             | 6.57     |
|    ep_len                      | 131      |
|    ep_len_mean                 | 134      |
|    ep_rew_mean                 | 24       |
|    episodes                    | 749      |
|    grasp_rate                  | 0.56     |
|    human_collision_rate        | 0.04     |
|    human_difficulty            | 0.0494   |
|    human_safety_cost           | 7.92     |
|    lift_rate                   | 0.14     |
|    minimum_human_distance      | 0.315    |
|    near_misses                 | 0.1      |
|    place_err_mm                | 226      |
|    proximity_steps             | 5.3      |
|    safety_clamped              | 118      |
|    success_rate                | 0.13     |
|    waiting_steps               | 5.12     |
| time/                          |          |
|    episodes                    | 750      |
|    fps                         | 38       |
|    time_elapsed                | 2743     |
|    total_timesteps             | 104828   |
| train/                         |          |
|    actor_loss                  | -11      |
|    critic_loss                 | 15.6     |
|    ent_coef                    | 0.0274   |
|    ent_coef_loss               | -0.444   |
|    learning_rate               | 0.0003   |
|    n_updates                   | 99824    |
---------------------------------------------
---------------------------------------------
| rollout/                       |          |
|    collision_free_success_rate | 0.16     |
|    collision_steps             | 0.52     |
|    completion_time             | 6.59     |
|    ep_len                      | 132      |
|    episodes                    | 759      |
|    grasp_rate                  | 0.52     |
|    human_collision_rate        | 0.02     |
|    human_difficulty            | 0.0503   |
|    human_safety_cost           | 3.61     |
|    lift_rate                   | 0.1      |
|    minimum_human_distance      | 0.354    |
|    near_misses                 | 0.04     |
|    place_err_mm                | 215      |
|    proximity_steps             | 2.82     |
|    safety_clamped              | 115      |
|    success_rate                | 0.16     |
|    waiting_steps               | 2.5      |
| train/                         |          |
|    actor_loss                  | -12.3    |
|    critic_loss                 | 14.8     |
|    ent_coef                    | 0.0262   |
|    ent_coef_loss               | 0.723    |
|    learning_rate               | 0.0003   |
|    n_updates                   | 100996   |
---------------------------------------------
---------------------------------------------
| rollout/                       |          |
|    collision_free_success_rate | 0.16     |
|    collision_steps             | 0.52     |
|    completion_time             | 6.59     |
|    ep_len                      | 132      |
|    ep_len_mean                 | 137      |
|    ep_rew_mean                 | 20.9     |
|    episodes                    | 759      |
|    grasp_rate                  | 0.52     |
|    human_collision_rate        | 0.02     |
|    human_difficulty            | 0.0503   |
|    human_safety_cost           | 3.61     |
|    lift_rate                   | 0.1      |
|    minimum_human_distance      | 0.354    |
|    near_misses                 | 0.04     |
|    place_err_mm                | 215      |
|    proximity_steps             | 2.82     |
|    safety_clamped              | 115      |
|    success_rate                | 0.12     |
|    waiting_steps               | 2.5      |
| time/                          |          |
|    episodes                    | 760      |
|    fps                         | 38       |
|    time_elapsed                | 2774     |
|    total_timesteps             | 106092   |
| train/                         |          |
|    actor_loss                  | -11.6    |
|    critic_loss                 | 16.2     |
|    ent_coef                    | 0.0263   |
|    ent_coef_loss               | -0.289   |
|    learning_rate               | 0.0003   |
|    n_updates                   | 101088   |
---------------------------------------------
---------------------------------------------
| rollout/                       |          |
|    collision_free_success_rate | 0.14     |
|    collision_steps             | 0.52     |
|    completion_time             | 6.58     |
|    ep_len                      | 132      |
|    ep_len_mean                 | 134      |
|    ep_rew_mean                 | 25.1     |
|    episodes                    | 769      |
|    grasp_rate                  | 0.54     |
|    human_collision_rate        | 0        |
|    human_difficulty            | 0.051    |
|    human_safety_cost           | 0.617    |
|    lift_rate                   | 0.06     |
|    minimum_human_distance      | 0.357    |
|    near_misses                 | 0.02     |
|    place_err_mm                | 222      |
|    proximity_steps             | 1.62     |
|    safety_clamped              | 116      |
|    success_rate                | 0.12     |
|    waiting_steps               | 1.4      |
| time/                          |          |
|    episodes                    | 770      |
|    fps                         | 38       |
|    time_elapsed                | 2806     |
|    total_timesteps             | 107356   |
| train/                         |          |
|    actor_loss                  | -10.6    |
|    critic_loss                 | 33       |
|    ent_coef                    | 0.0267   |
|    ent_coef_loss               | -0.00953 |
|    learning_rate               | 0.0003   |
|    n_updates                   | 102352   |
---------------------------------------------
---------------------------------------------
| rollout/                       |          |
|    collision_free_success_rate | 0.14     |
|    collision_steps             | 0.52     |
|    completion_time             | 6.57     |
|    ep_len                      | 131      |
|    episodes                    | 772      |
|    grasp_rate                  | 0.56     |
|    human_collision_rate        | 0        |
|    human_difficulty            | 0.0511   |
|    human_safety_cost           | 0.617    |
|    lift_rate                   | 0.06     |
|    minimum_human_distance      | 0.359    |
|    near_misses                 | 0.02     |
|    place_err_mm                | 222      |
|    proximity_steps             | 1.62     |
|    safety_clamped              | 113      |
|    success_rate                | 0.14     |
|    waiting_steps               | 1.4      |
| train/                         |          |
|    actor_loss                  | -10.5    |
|    critic_loss                 | 24       |
|    ent_coef                    | 0.0268   |
|    ent_coef_loss               | -0.25    |
|    learning_rate               | 0.0003   |
|    n_updates                   | 102996   |
---------------------------------------------
---------------------------------------------
| rollout/                       |          |
|    collision_free_success_rate | 0.1      |
|    collision_steps             | 0        |
|    completion_time             | 6.99     |
|    ep_len                      | 140      |
|    ep_len_mean                 | 137      |
|    ep_rew_mean                 | 19.6     |
|    episodes                    | 779      |
|    grasp_rate                  | 0.56     |
|    human_collision_rate        | 0        |
|    human_difficulty            | 0.0515   |
|    human_safety_cost           | 1        |
|    lift_rate                   | 0.06     |
|    minimum_human_distance      | 0.342    |
|    near_misses                 | 0.06     |
|    place_err_mm                | 222      |
|    proximity_steps             | 2.56     |
|    safety_clamped              | 121      |
|    success_rate                | 0.09     |
|    waiting_steps               | 1.76     |
| time/                          |          |
|    episodes                    | 780      |
|    fps                         | 38       |
|    time_elapsed                | 2849     |
|    total_timesteps             | 109076   |
| train/                         |          |
|    actor_loss                  | -12.1    |
|    critic_loss                 | 19.5     |
|    ent_coef                    | 0.0271   |
|    ent_coef_loss               | -0.696   |
|    learning_rate               | 0.0003   |
|    n_updates                   | 104072   |
---------------------------------------------
---------------------------------------------
| rollout/                       |          |
|    collision_free_success_rate | 0.1      |
|    collision_steps             | 0        |
|    completion_time             | 6.99     |
|    ep_len                      | 140      |
|    episodes                    | 785      |
|    grasp_rate                  | 0.62     |
|    human_collision_rate        | 0        |
|    human_difficulty            | 0.0518   |
|    human_safety_cost           | 1        |
|    lift_rate                   | 0.06     |
|    minimum_human_distance      | 0.334    |
|    near_misses                 | 0.06     |
|    place_err_mm                | 223      |
|    proximity_steps             | 3.06     |
|    safety_clamped              | 120      |
|    success_rate                | 0.1      |
|    waiting_steps               | 2.26     |
| train/                         |          |
|    actor_loss                  | -11.4    |
|    critic_loss                 | 13.4     |
|    ent_coef                    | 0.0287   |
|    ent_coef_loss               | 0.135    |
|    learning_rate               | 0.0003   |
|    n_updates                   | 104996   |
---------------------------------------------
---------------------------------------------
| rollout/                       |          |
|    collision_free_success_rate | 0.08     |
|    collision_steps             | 0        |
|    completion_time             | 7.08     |
|    ep_len                      | 142      |
|    ep_len_mean                 | 136      |
|    ep_rew_mean                 | 19.4     |
|    episodes                    | 788      |
|    grasp_rate                  | 0.64     |
|    human_collision_rate        | 0        |
|    human_difficulty            | 0.0521   |
|    human_safety_cost           | 1        |
|    lift_rate                   | 0.06     |
|    minimum_human_distance      | 0.327    |
|    near_misses                 | 0.06     |
|    place_err_mm                | 232      |
|    proximity_steps             | 3.06     |
|    safety_clamped              | 123      |
|    success_rate                | 0.09     |
|    waiting_steps               | 2.26     |
| time/                          |          |
|    episodes                    | 790      |
|    fps                         | 38       |
|    time_elapsed                | 2885     |
|    total_timesteps             | 110496   |
| train/                         |          |
|    actor_loss                  | -11.3    |
|    critic_loss                 | 10.6     |
|    ent_coef                    | 0.0276   |
|    ent_coef_loss               | 0.444    |
|    learning_rate               | 0.0003   |
|    n_updates                   | 105492   |
---------------------------------------------
---------------------------------------------
| rollout/                       |          |
|    collision_free_success_rate | 0.02     |
|    collision_steps             | 0.34     |
|    completion_time             | 7.34     |
|    ep_len                      | 147      |
|    ep_len_mean                 | 140      |
|    ep_rew_mean                 | 16       |
|    episodes                    | 799      |
|    grasp_rate                  | 0.6      |
|    human_collision_rate        | 0.02     |
|    human_difficulty            | 0.0532   |
|    human_safety_cost           | 3.65     |
|    lift_rate                   | 0.02     |
|    minimum_human_distance      | 0.321    |
|    near_misses                 | 0.1      |
|    place_err_mm                | 248      |
|    proximity_steps             | 3.76     |
|    safety_clamped              | 125      |
|    success_rate                | 0.09     |
|    waiting_steps               | 2.94     |
| time/                          |          |
|    episodes                    | 800      |
|    fps                         | 38       |
|    time_elapsed                | 2922     |
|    total_timesteps             | 111988   |
| train/                         |          |
|    actor_loss                  | -14.4    |
|    critic_loss                 | 15.8     |
|    ent_coef                    | 0.0279   |
|    ent_coef_loss               | 0.468    |
|    learning_rate               | 0.0003   |
|    n_updates                   | 106984   |
---------------------------------------------
---------------------------------------------
| rollout/                       |          |
|    collision_free_success_rate | 0.02     |
|    collision_steps             | 0.34     |
|    completion_time             | 7.34     |
|    ep_len                      | 147      |
|    episodes                    | 800      |
|    grasp_rate                  | 0.62     |
|    human_collision_rate        | 0.04     |
|    human_difficulty            | 0.0533   |
|    human_safety_cost           | 6.24     |
|    lift_rate                   | 0.02     |
|    minimum_human_distance      | 0.311    |
|    near_misses                 | 0.12     |
|    place_err_mm                | 252      |
|    proximity_steps             | 4.88     |
|    safety_clamped              | 125      |
|    success_rate                | 0.02     |
|    waiting_steps               | 3.82     |
| train/                         |          |
|    actor_loss                  | -10      |
|    critic_loss                 | 10.9     |
|    ent_coef                    | 0.0279   |
|    ent_coef_loss               | -1.53    |
|    learning_rate               | 0.0003   |
|    n_updates                   | 106996   |
---------------------------------------------
---------------------------------------------
| rollout/                       |          |
|    collision_free_success_rate | 0.08     |
|    collision_steps             | 0.34     |
|    completion_time             | 7.21     |
|    ep_len                      | 144      |
|    ep_len_mean                 | 139      |
|    ep_rew_mean                 | 21.6     |
|    episodes                    | 809      |
|    grasp_rate                  | 0.62     |
|    human_collision_rate        | 0.04     |
|    human_difficulty            | 0.0537   |
|    human_safety_cost           | 5.99     |
|    lift_rate                   | 0.04     |
|    minimum_human_distance      | 0.319    |
|    near_misses                 | 0.12     |
|    place_err_mm                | 249      |
|    proximity_steps             | 4.3      |
|    safety_clamped              | 126      |
|    success_rate                | 0.12     |
|    waiting_steps               | 3.46     |
| time/                          |          |
|    episodes                    | 810      |
|    fps                         | 38       |
|    time_elapsed                | 2957     |
|    total_timesteps             | 113376   |
| train/                         |          |
|    actor_loss                  | -13      |
|    critic_loss                 | 15       |
|    ent_coef                    | 0.0272   |
|    ent_coef_loss               | 0.401    |
|    learning_rate               | 0.0003   |
|    n_updates                   | 108372   |
---------------------------------------------
---------------------------------------------
| rollout/                       |          |
|    collision_free_success_rate | 0.08     |
|    collision_steps             | 0.34     |
|    completion_time             | 7.33     |
|    ep_len                      | 147      |
|    episodes                    | 815      |
|    grasp_rate                  | 0.62     |
|    human_collision_rate        | 0.06     |
|    human_difficulty            | 0.054    |
|    human_safety_cost           | 8.85     |
|    lift_rate                   | 0.06     |
|    minimum_human_distance      | 0.317    |
|    near_misses                 | 0.14     |
|    place_err_mm                | 252      |
|    proximity_steps             | 4.9      |
|    safety_clamped              | 128      |
|    success_rate                | 0.08     |
|    waiting_steps               | 3.88     |
| train/                         |          |
|    actor_loss                  | -13.2    |
|    critic_loss                 | 11.4     |
|    ent_coef                    | 0.0262   |
|    ent_coef_loss               | 0.0822   |
|    learning_rate               | 0.0003   |
|    n_updates                   | 108996   |
---------------------------------------------
---------------------------------------------
| rollout/                       |          |
|    collision_free_success_rate | 0.08     |
|    collision_steps             | 0.34     |
|    completion_time             | 7.35     |
|    ep_len                      | 147      |
|    ep_len_mean                 | 139      |
|    ep_rew_mean                 | 19.5     |
|    episodes                    | 819      |
|    grasp_rate                  | 0.62     |
|    human_collision_rate        | 0.06     |
|    human_difficulty            | 0.0542   |
|    human_safety_cost           | 8.85     |
|    lift_rate                   | 0.06     |
|    minimum_human_distance      | 0.316    |
|    near_misses                 | 0.14     |
|    place_err_mm                | 253      |
|    proximity_steps             | 4.9      |
|    safety_clamped              | 128      |
|    success_rate                | 0.11     |
|    waiting_steps               | 3.88     |
| time/                          |          |
|    episodes                    | 820      |
|    fps                         | 38       |
|    time_elapsed                | 2991     |
|    total_timesteps             | 114744   |
| train/                         |          |
|    actor_loss                  | -11.8    |
|    critic_loss                 | 26.1     |
|    ent_coef                    | 0.0266   |
|    ent_coef_loss               | 1.83     |
|    learning_rate               | 0.0003   |
|    n_updates                   | 109740   |
---------------------------------------------
---------------------------------------------
| rollout/                       |          |
|    collision_free_success_rate | 0.08     |
|    collision_steps             | 0.34     |
|    completion_time             | 7.18     |
|    ep_len                      | 144      |
|    episodes                    | 828      |
|    grasp_rate                  | 0.62     |
|    human_collision_rate        | 0.08     |
|    human_difficulty            | 0.055    |
|    human_safety_cost           | 11.2     |
|    lift_rate                   | 0.04     |
|    minimum_human_distance      | 0.329    |
|    near_misses                 | 0.12     |
|    place_err_mm                | 263      |
|    proximity_steps             | 4.78     |
|    safety_clamped              | 127      |
|    success_rate                | 0.08     |
|    waiting_steps               | 4.34     |
| train/                         |          |
|    actor_loss                  | -11.7    |
|    critic_loss                 | 47.4     |
|    ent_coef                    | 0.0256   |
|    ent_coef_loss               | -0.552   |
|    learning_rate               | 0.0003   |
|    n_updates                   | 110996   |
---------------------------------------------
---------------------------------------------
| rollout/                       |          |
|    collision_free_success_rate | 0.08     |
|    collision_steps             | 0.34     |
|    completion_time             | 7.18     |
|    ep_len                      | 144      |
|    ep_len_mean                 | 143      |
|    ep_rew_mean                 | 12.8     |
|    episodes                    | 829      |
|    grasp_rate                  | 0.62     |
|    human_collision_rate        | 0.08     |
|    human_difficulty            | 0.0551   |
|    human_safety_cost           | 11.2     |
|    lift_rate                   | 0.04     |
|    minimum_human_distance      | 0.329    |
|    near_misses                 | 0.12     |
|    place_err_mm                | 266      |
|    proximity_steps             | 4.78     |
|    safety_clamped              | 127      |
|    success_rate                | 0.09     |
|    waiting_steps               | 4.34     |
| time/                          |          |
|    episodes                    | 830      |
|    fps                         | 38       |
|    time_elapsed                | 3031     |
|    total_timesteps             | 116312   |
| train/                         |          |
|    actor_loss                  | -10.9    |
|    critic_loss                 | 17.2     |
|    ent_coef                    | 0.0256   |
|    ent_coef_loss               | -0.227   |
|    learning_rate               | 0.0003   |
|    n_updates                   | 111308   |
---------------------------------------------
---------------------------------------------
| rollout/                       |          |
|    collision_free_success_rate | 0.12     |
|    collision_steps             | 0        |
|    completion_time             | 6.81     |
|    ep_len                      | 136      |
|    ep_len_mean                 | 139      |
|    ep_rew_mean                 | 14.2     |
|    episodes                    | 839      |
|    grasp_rate                  | 0.58     |
|    human_collision_rate        | 0.08     |
|    human_difficulty            | 0.0559   |
|    human_safety_cost           | 11.6     |
|    lift_rate                   | 0.1      |
|    minimum_human_distance      | 0.333    |
|    near_misses                 | 0.14     |
|    place_err_mm                | 245      |
|    proximity_steps             | 5.54     |
|    safety_clamped              | 118      |
|    success_rate                | 0.09     |
|    waiting_steps               | 5.1      |
| time/                          |          |
|    episodes                    | 840      |
|    fps                         | 38       |
|    time_elapsed                | 3056     |
|    total_timesteps             | 117304   |
| train/                         |          |
|    actor_loss                  | -11.6    |
|    critic_loss                 | 16.6     |
|    ent_coef                    | 0.0266   |
|    ent_coef_loss               | -0.409   |
|    learning_rate               | 0.0003   |
|    n_updates                   | 112300   |
---------------------------------------------
---------------------------------------------
| rollout/                       |          |
|    collision_free_success_rate | 0.1      |
|    collision_steps             | 0        |
|    completion_time             | 7        |
|    ep_len                      | 140      |
|    episodes                    | 842      |
|    grasp_rate                  | 0.52     |
|    human_collision_rate        | 0.1      |
|    human_difficulty            | 0.0561   |
|    human_safety_cost           | 13.8     |
|    lift_rate                   | 0.1      |
|    minimum_human_distance      | 0.327    |
|    near_misses                 | 0.14     |
|    place_err_mm                | 255      |
|    proximity_steps             | 5.7      |
|    safety_clamped              | 122      |
|    success_rate                | 0.1      |
|    waiting_steps               | 5.28     |
| train/                         |          |
|    actor_loss                  | -10.8    |
|    critic_loss                 | 13.7     |
|    ent_coef                    | 0.0266   |
|    ent_coef_loss               | -1.04    |
|    learning_rate               | 0.0003   |
|    n_updates                   | 112996   |
---------------------------------------------
---------------------------------------------
| rollout/                       |          |
|    collision_free_success_rate | 0.12     |
|    collision_steps             | 0        |
|    completion_time             | 6.98     |
|    ep_len                      | 140      |
|    ep_len_mean                 | 142      |
|    ep_rew_mean                 | 5.77     |
|    episodes                    | 849      |
|    grasp_rate                  | 0.54     |
|    human_collision_rate        | 0.08     |
|    human_difficulty            | 0.0564   |
|    human_safety_cost           | 12.3     |
|    lift_rate                   | 0.12     |
|    minimum_human_distance      | 0.338    |
|    near_misses                 | 0.14     |
|    place_err_mm                | 249      |
|    proximity_steps             | 6.6      |
|    safety_clamped              | 124      |
|    success_rate                | 0.07     |
|    waiting_steps               | 6.18     |
| time/                          |          |
|    episodes                    | 850      |
|    fps                         | 38       |
|    time_elapsed                | 3098     |
|    total_timesteps             | 118992   |
| train/                         |          |
|    actor_loss                  | -11.1    |
|    critic_loss                 | 11.1     |
|    ent_coef                    | 0.0257   |
|    ent_coef_loss               | -1.17    |
|    learning_rate               | 0.0003   |
|    n_updates                   | 113988   |
---------------------------------------------
---------------------------------------------
| rollout/                       |          |
|    collision_free_success_rate | 0.08     |
|    collision_steps             | 0        |
|    completion_time             | 7.12     |
|    ep_len                      | 142      |
|    episodes                    | 857      |
|    grasp_rate                  | 0.48     |
|    human_collision_rate        | 0.08     |
|    human_difficulty            | 0.0568   |
|    human_safety_cost           | 11.7     |
|    lift_rate                   | 0.1      |
|    minimum_human_distance      | 0.348    |
|    near_misses                 | 0.12     |
|    place_err_mm                | 249      |
|    proximity_steps             | 5.68     |
|    safety_clamped              | 127      |
|    success_rate                | 0.08     |
|    waiting_steps               | 5.5      |
| train/                         |          |
|    actor_loss                  | -10.7    |
|    critic_loss                 | 13.4     |
|    ent_coef                    | 0.0264   |
|    ent_coef_loss               | 1.66     |
|    learning_rate               | 0.0003   |
|    n_updates                   | 114996   |
---------------------------------------------
Eval num_timesteps=120000, episode_reward=-10.91 +/- 18.71
Episode length: 177.00 +/- 58.65
Success rate: 0.00%
---------------------------------
| eval/              |          |
|    mean_ep_length  | 177      |
|    mean_reward     | -10.9    |
|    success_rate    | 0        |
| time/              |          |
|    total_timesteps | 120000   |
---------------------------------
New best mean reward!
---------------------------------------------
| rollout/                       |          |
|    collision_free_success_rate | 0.08     |
|    collision_steps             | 0        |
|    completion_time             | 6.97     |
|    ep_len                      | 140      |
|    ep_len_mean                 | 142      |
|    ep_rew_mean                 | 8.82     |
|    episodes                    | 859      |
|    grasp_rate                  | 0.52     |
|    human_collision_rate        | 0.08     |
|    human_difficulty            | 0.057    |
|    human_safety_cost           | 11.7     |
|    lift_rate                   | 0.1      |
|    minimum_human_distance      | 0.345    |
|    near_misses                 | 0.12     |
|    place_err_mm                | 243      |
|    proximity_steps             | 5.68     |
|    safety_clamped              | 124      |
|    success_rate                | 0.08     |
|    waiting_steps               | 5.5      |
| time/                          |          |
|    episodes                    | 860      |
|    fps                         | 37       |
|    time_elapsed                | 3173     |
|    total_timesteps             | 120268   |
| train/                         |          |
|    actor_loss                  | -11.1    |
|    critic_loss                 | 15       |
|    ent_coef                    | 0.0262   |
|    ent_coef_loss               | -0.217   |
|    learning_rate               | 0.0003   |
|    n_updates                   | 115264   |
---------------------------------------------
----------------------------------------------
| rollout/                       |           |
|    collision_free_success_rate | 0.1       |
|    collision_steps             | 1.5       |
|    completion_time             | 6.92      |
|    ep_len                      | 138       |
|    ep_len_mean                 | 144       |
|    ep_rew_mean                 | 7.62      |
|    episodes                    | 869       |
|    grasp_rate                  | 0.48      |
|    human_collision_rate        | 0.1       |
|    human_difficulty            | 0.058     |
|    human_safety_cost           | 14        |
|    lift_rate                   | 0.12      |
|    minimum_human_distance      | 0.322     |
|    near_misses                 | 0.16      |
|    place_err_mm                | 241       |
|    proximity_steps             | 6.74      |
|    safety_clamped              | 123       |
|    success_rate                | 0.09      |
|    waiting_steps               | 6.44      |
| time/                          |           |
|    episodes                    | 870       |
|    fps                         | 37        |
|    time_elapsed                | 3213      |
|    total_timesteps             | 121840    |
| train/                         |           |
|    actor_loss                  | -9.62     |
|    critic_loss                 | 12.6      |
|    ent_coef                    | 0.0251    |
|    ent_coef_loss               | -0.000319 |
|    learning_rate               | 0.0003    |
|    n_updates                   | 116836    |
----------------------------------------------
---------------------------------------------
| rollout/                       |          |
|    collision_free_success_rate | 0.1      |
|    collision_steps             | 1.5      |
|    completion_time             | 7.03     |
|    ep_len                      | 141      |
|    episodes                    | 871      |
|    grasp_rate                  | 0.46     |
|    human_collision_rate        | 0.1      |
|    human_difficulty            | 0.0582   |
|    human_safety_cost           | 14       |
|    lift_rate                   | 0.12     |
|    minimum_human_distance      | 0.322    |
|    near_misses                 | 0.16     |
|    place_err_mm                | 242      |
|    proximity_steps             | 6.74     |
|    safety_clamped              | 126      |
|    success_rate                | 0.1      |
|    waiting_steps               | 6.44     |
| train/                         |          |
|    actor_loss                  | -8.96    |
|    critic_loss                 | 15.5     |
|    ent_coef                    | 0.025    |
|    ent_coef_loss               | 0.879    |
|    learning_rate               | 0.0003   |
|    n_updates                   | 116996   |
---------------------------------------------
---------------------------------------------
| rollout/                       |          |
|    collision_free_success_rate | 0.14     |
|    collision_steps             | 1.5      |
|    completion_time             | 6.97     |
|    ep_len                      | 139      |
|    ep_len_mean                 | 142      |
|    ep_rew_mean                 | 10.9     |
|    episodes                    | 879      |
|    grasp_rate                  | 0.46     |
|    human_collision_rate        | 0.08     |
|    human_difficulty            | 0.0586   |
|    human_safety_cost           | 16       |
|    lift_rate                   | 0.14     |
|    minimum_human_distance      | 0.303    |
|    near_misses                 | 0.18     |
|    place_err_mm                | 229      |
|    proximity_steps             | 9.76     |
|    safety_clamped              | 125      |
|    success_rate                | 0.11     |
|    waiting_steps               | 9.26     |
| time/                          |          |
|    episodes                    | 880      |
|    fps                         | 37       |
|    time_elapsed                | 3245     |
|    total_timesteps             | 123120   |
| train/                         |          |
|    actor_loss                  | -10.6    |
|    critic_loss                 | 13.4     |
|    ent_coef                    | 0.0241   |
|    ent_coef_loss               | 1.03     |
|    learning_rate               | 0.0003   |
|    n_updates                   | 118116   |
---------------------------------------------
---------------------------------------------
| rollout/                       |          |
|    collision_free_success_rate | 0.14     |
|    collision_steps             | 1.5      |
|    completion_time             | 6.88     |
|    ep_len                      | 138      |
|    episodes                    | 886      |
|    grasp_rate                  | 0.46     |
|    human_collision_rate        | 0.1      |
|    human_difficulty            | 0.0589   |
|    human_safety_cost           | 17.8     |
|    lift_rate                   | 0.12     |
|    minimum_human_distance      | 0.305    |
|    near_misses                 | 0.18     |
|    place_err_mm                | 231      |
|    proximity_steps             | 9.04     |
|    safety_clamped              | 126      |
|    success_rate                | 0.14     |
|    waiting_steps               | 8.54     |
| train/                         |          |
|    actor_loss                  | -10.6    |
|    critic_loss                 | 22.2     |
|    ent_coef                    | 0.0251   |
|    ent_coef_loss               | -0.317   |
|    learning_rate               | 0.0003   |
|    n_updates                   | 118996   |
---------------------------------------------
---------------------------------------------
| rollout/                       |          |
|    collision_free_success_rate | 0.14     |
|    collision_steps             | 1.5      |
|    completion_time             | 6.88     |
|    ep_len                      | 138      |
|    ep_len_mean                 | 137      |
|    ep_rew_mean                 | 16.6     |
|    episodes                    | 889      |
|    grasp_rate                  | 0.48     |
|    human_collision_rate        | 0.1      |
|    human_difficulty            | 0.0591   |
|    human_safety_cost           | 17.8     |
|    lift_rate                   | 0.1      |
|    minimum_human_distance      | 0.303    |
|    near_misses                 | 0.18     |
|    place_err_mm                | 227      |
|    proximity_steps             | 9.04     |
|    safety_clamped              | 126      |
|    success_rate                | 0.13     |
|    waiting_steps               | 8.54     |
| time/                          |          |
|    episodes                    | 890      |
|    fps                         | 37       |
|    time_elapsed                | 3276     |
|    total_timesteps             | 124296   |
| train/                         |          |
|    actor_loss                  | -8.35    |
|    critic_loss                 | 19.8     |
|    ent_coef                    | 0.0248   |
|    ent_coef_loss               | -0.119   |
|    learning_rate               | 0.0003   |
|    n_updates                   | 119292   |
---------------------------------------------
---------------------------------------------
| rollout/                       |          |
|    collision_free_success_rate | 0.16     |
|    collision_steps             | 1.52     |
|    completion_time             | 6.71     |
|    ep_len                      | 134      |
|    ep_len_mean                 | 137      |
|    ep_rew_mean                 | 20.1     |
|    episodes                    | 899      |
|    grasp_rate                  | 0.5      |
|    human_collision_rate        | 0.08     |
|    human_difficulty            | 0.0599   |
|    human_safety_cost           | 14.4     |
|    lift_rate                   | 0.08     |
|    minimum_human_distance      | 0.301    |
|    near_misses                 | 0.14     |
|    place_err_mm                | 217      |
|    proximity_steps             | 7.32     |
|    safety_clamped              | 123      |
|    success_rate                | 0.14     |
|    waiting_steps               | 6.82     |
| time/                          |          |
|    episodes                    | 900      |
|    fps                         | 37       |
|    time_elapsed                | 3312     |
|    total_timesteps             | 125724   |
| train/                         |          |
|    actor_loss                  | -8       |
|    critic_loss                 | 34.7     |
|    ent_coef                    | 0.0246   |
|    ent_coef_loss               | -1.18    |
|    learning_rate               | 0.0003   |
|    n_updates                   | 120720   |
---------------------------------------------
---------------------------------------------
| rollout/                       |          |
|    collision_free_success_rate | 0.18     |
|    collision_steps             | 1.52     |
|    completion_time             | 6.77     |
|    ep_len                      | 135      |
|    episodes                    | 902      |
|    grasp_rate                  | 0.52     |
|    human_collision_rate        | 0.08     |
|    human_difficulty            | 0.0602   |
|    human_safety_cost           | 14.6     |
|    lift_rate                   | 0.08     |
|    minimum_human_distance      | 0.292    |
|    near_misses                 | 0.14     |
|    place_err_mm                | 220      |
|    proximity_steps             | 8.04     |
|    safety_clamped              | 124      |
|    success_rate                | 0.18     |
|    waiting_steps               | 7.54     |
| train/                         |          |
|    actor_loss                  | -7.47    |
|    critic_loss                 | 14.2     |
|    ent_coef                    | 0.0243   |
|    ent_coef_loss               | 0.125    |
|    learning_rate               | 0.0003   |
|    n_updates                   | 120996   |
---------------------------------------------
---------------------------------------------
| rollout/                       |          |
|    collision_free_success_rate | 0.18     |
|    collision_steps             | 1.52     |
|    completion_time             | 6.85     |
|    ep_len                      | 137      |
|    ep_len_mean                 | 138      |
|    ep_rew_mean                 | 20.5     |
|    episodes                    | 909      |
|    grasp_rate                  | 0.52     |
|    human_collision_rate        | 0.06     |
|    human_difficulty            | 0.0608   |
|    human_safety_cost           | 12.8     |
|    lift_rate                   | 0.1      |
|    minimum_human_distance      | 0.282    |
|    near_misses                 | 0.18     |
|    place_err_mm                | 226      |
|    proximity_steps             | 8.78     |
|    safety_clamped              | 124      |
|    success_rate                | 0.13     |
|    waiting_steps               | 6.58     |
| time/                          |          |
|    episodes                    | 910      |
|    fps                         | 37       |
|    time_elapsed                | 3354     |
|    total_timesteps             | 127388   |
| train/                         |          |
|    actor_loss                  | -9.05    |
|    critic_loss                 | 13.9     |
|    ent_coef                    | 0.0243   |
|    ent_coef_loss               | -1.69    |
|    learning_rate               | 0.0003   |
|    n_updates                   | 122384   |
---------------------------------------------
---------------------------------------------
| rollout/                       |          |
|    collision_free_success_rate | 0.18     |
|    collision_steps             | 1.24     |
|    completion_time             | 6.95     |
|    ep_len                      | 139      |
|    episodes                    | 916      |
|    grasp_rate                  | 0.5      |
|    human_collision_rate        | 0.04     |
|    human_difficulty            | 0.0612   |
|    human_safety_cost           | 10.3     |
|    lift_rate                   | 0.08     |
|    minimum_human_distance      | 0.302    |
|    near_misses                 | 0.14     |
|    place_err_mm                | 236      |
|    proximity_steps             | 8.36     |
|    safety_clamped              | 126      |
|    success_rate                | 0.18     |
|    waiting_steps               | 6.14     |
| train/                         |          |
|    actor_loss                  | -8.84    |
|    critic_loss                 | 21.2     |
|    ent_coef                    | 0.0247   |
|    ent_coef_loss               | -0.702   |
|    learning_rate               | 0.0003   |
|    n_updates                   | 122996   |
---------------------------------------------
---------------------------------------------
| rollout/                       |          |
|    collision_free_success_rate | 0.2      |
|    collision_steps             | 0.04     |
|    completion_time             | 6.75     |
|    ep_len                      | 135      |
|    ep_len_mean                 | 138      |
|    ep_rew_mean                 | 21.4     |
|    episodes                    | 919      |
|    grasp_rate                  | 0.54     |
|    human_collision_rate        | 0.02     |
|    human_difficulty            | 0.0613   |
|    human_safety_cost           | 9.17     |
|    lift_rate                   | 0.08     |
|    minimum_human_distance      | 0.307    |
|    near_misses                 | 0.14     |
|    place_err_mm                | 223      |
|    proximity_steps             | 9.04     |
|    safety_clamped              | 123      |
|    success_rate                | 0.15     |
|    waiting_steps               | 7.12     |
| time/                          |          |
|    episodes                    | 920      |
|    fps                         | 37       |
|    time_elapsed                | 3382     |
|    total_timesteps             | 128524   |
| train/                         |          |
|    actor_loss                  | -9.33    |
|    critic_loss                 | 26.4     |
|    ent_coef                    | 0.0239   |
|    ent_coef_loss               | -0.436   |
|    learning_rate               | 0.0003   |
|    n_updates                   | 123520   |
---------------------------------------------
---------------------------------------------
| rollout/                       |          |
|    collision_free_success_rate | 0.18     |
|    collision_steps             | 2.9      |
|    completion_time             | 6.72     |
|    ep_len                      | 134      |
|    ep_len_mean                 | 136      |
|    ep_rew_mean                 | 24.6     |
|    episodes                    | 929      |
|    grasp_rate                  | 0.52     |
|    human_collision_rate        | 0.04     |
|    human_difficulty            | 0.0618   |
|    human_safety_cost           | 7.26     |
|    lift_rate                   | 0.08     |
|    minimum_human_distance      | 0.323    |
|    near_misses                 | 0.14     |
|    place_err_mm                | 230      |
|    proximity_steps             | 6.24     |
|    safety_clamped              | 121      |
|    success_rate                | 0.16     |
|    waiting_steps               | 4.52     |
| time/                          |          |
|    episodes                    | 930      |
|    fps                         | 38       |
|    time_elapsed                | 3414     |
|    total_timesteps             | 129804   |
| train/                         |          |
|    actor_loss                  | -8.23    |
|    critic_loss                 | 42.3     |
|    ent_coef                    | 0.0237   |
|    ent_coef_loss               | -0.584   |
|    learning_rate               | 0.0003   |
|    n_updates                   | 124800   |
---------------------------------------------
---------------------------------------------
| rollout/                       |          |
|    collision_free_success_rate | 0.18     |
|    collision_steps             | 2.9      |
|    completion_time             | 6.69     |
|    ep_len                      | 134      |
|    episodes                    | 932      |
|    grasp_rate                  | 0.54     |
|    human_collision_rate        | 0.04     |
|    human_difficulty            | 0.062    |
|    human_safety_cost           | 7.25     |
|    lift_rate                   | 0.08     |
|    minimum_human_distance      | 0.338    |
|    near_misses                 | 0.14     |
|    place_err_mm                | 231      |
|    proximity_steps             | 6.06     |
|    safety_clamped              | 121      |
|    success_rate                | 0.18     |
|    waiting_steps               | 4.34     |
| train/                         |          |
|    actor_loss                  | -7.19    |
|    critic_loss                 | 14.9     |
|    ent_coef                    | 0.0234   |
|    ent_coef_loss               | -1.75    |
|    learning_rate               | 0.0003   |
|    n_updates                   | 124996   |
---------------------------------------------
---------------------------------------------
| rollout/                       |          |
|    collision_free_success_rate | 0.16     |
|    collision_steps             | 4        |
|    completion_time             | 6.31     |
|    ep_len                      | 126      |
|    ep_len_mean                 | 133      |
|    ep_rew_mean                 | 21.6     |
|    episodes                    | 939      |
|    grasp_rate                  | 0.56     |
|    human_collision_rate        | 0.02     |
|    human_difficulty            | 0.0627   |
|    human_safety_cost           | 5.02     |
|    lift_rate                   | 0.06     |
|    minimum_human_distance      | 0.346    |
|    near_misses                 | 0.12     |
|    place_err_mm                | 230      |
|    proximity_steps             | 5.7      |
|    safety_clamped              | 114      |
|    success_rate                | 0.15     |
|    waiting_steps               | 3.98     |
| time/                          |          |
|    episodes                    | 940      |
|    fps                         | 38       |
|    time_elapsed                | 3436     |
|    total_timesteps             | 130652   |
| train/                         |          |
|    actor_loss                  | -7.19    |
|    critic_loss                 | 15.4     |
|    ent_coef                    | 0.0231   |
|    ent_coef_loss               | -0.147   |
|    learning_rate               | 0.0003   |
|    n_updates                   | 125648   |
---------------------------------------------
---------------------------------------------
| rollout/                       |          |
|    collision_free_success_rate | 0.12     |
|    collision_steps             | 3.98     |
|    completion_time             | 6.4      |
|    ep_len                      | 128      |
|    episodes                    | 948      |
|    grasp_rate                  | 0.54     |
|    human_collision_rate        | 0.02     |
|    human_difficulty            | 0.0633   |
|    human_safety_cost           | 5.63     |
|    lift_rate                   | 0.06     |
|    minimum_human_distance      | 0.336    |
|    near_misses                 | 0.14     |
|    place_err_mm                | 240      |
|    proximity_steps             | 6.92     |
|    safety_clamped              | 116      |
|    success_rate                | 0.12     |
|    waiting_steps               | 4.62     |
| train/                         |          |
|    actor_loss                  | -8.16    |
|    critic_loss                 | 20.4     |
|    ent_coef                    | 0.0243   |
|    ent_coef_loss               | -0.482   |
|    learning_rate               | 0.0003   |
|    n_updates                   | 126996   |
---------------------------------------------
---------------------------------------------
| rollout/                       |          |
|    collision_free_success_rate | 0.12     |
|    collision_steps             | 3.98     |
|    completion_time             | 6.5      |
|    ep_len                      | 130      |
|    ep_len_mean                 | 133      |
|    ep_rew_mean                 | 22.1     |
|    episodes                    | 949      |
|    grasp_rate                  | 0.52     |
|    human_collision_rate        | 0.02     |
|    human_difficulty            | 0.0634   |
|    human_safety_cost           | 5.63     |
|    lift_rate                   | 0.06     |
|    minimum_human_distance      | 0.339    |
|    near_misses                 | 0.14     |
|    place_err_mm                | 241      |
|    proximity_steps             | 6.92     |
|    safety_clamped              | 118      |
|    success_rate                | 0.14     |
|    waiting_steps               | 4.62     |
| time/                          |          |
|    episodes                    | 950      |
|    fps                         | 38       |
|    time_elapsed                | 3477     |
|    total_timesteps             | 132336   |
| train/                         |          |
|    actor_loss                  | -8.4     |
|    critic_loss                 | 11.5     |
|    ent_coef                    | 0.0237   |
|    ent_coef_loss               | 0.524    |
|    learning_rate               | 0.0003   |
|    n_updates                   | 127332   |
---------------------------------------------
---------------------------------------------
| rollout/                       |          |
|    collision_free_success_rate | 0.1      |
|    collision_steps             | 3.98     |
|    completion_time             | 6.43     |
|    ep_len                      | 129      |
|    ep_len_mean                 | 133      |
|    ep_rew_mean                 | 23.4     |
|    episodes                    | 959      |
|    grasp_rate                  | 0.52     |
|    human_collision_rate        | 0.02     |
|    human_difficulty            | 0.0639   |
|    human_safety_cost           | 4.96     |
|    lift_rate                   | 0.1      |
|    minimum_human_distance      | 0.352    |
|    near_misses                 | 0.08     |
|    place_err_mm                | 241      |
|    proximity_steps             | 4.22     |
|    safety_clamped              | 117      |
|    success_rate                | 0.14     |
|    waiting_steps               | 3.62     |
| time/                          |          |
|    episodes                    | 960      |
|    fps                         | 38       |
|    time_elapsed                | 3511     |
|    total_timesteps             | 133616   |
| train/                         |          |
|    actor_loss                  | -7.81    |
|    critic_loss                 | 11.6     |
|    ent_coef                    | 0.0243   |
|    ent_coef_loss               | -1.2     |
|    learning_rate               | 0.0003   |
|    n_updates                   | 128612   |
---------------------------------------------
---------------------------------------------
| rollout/                       |          |
|    collision_free_success_rate | 0.08     |
|    collision_steps             | 3.98     |
|    completion_time             | 6.34     |
|    ep_len                      | 127      |
|    episodes                    | 963      |
|    grasp_rate                  | 0.54     |
|    human_collision_rate        | 0.02     |
|    human_difficulty            | 0.0641   |
|    human_safety_cost           | 4.86     |
|    lift_rate                   | 0.12     |
|    minimum_human_distance      | 0.349    |
|    near_misses                 | 0.08     |
|    place_err_mm                | 237      |
|    proximity_steps             | 3.4      |
|    safety_clamped              | 116      |
|    success_rate                | 0.08     |
|    waiting_steps               | 2.82     |
| train/                         |          |
|    actor_loss                  | -9.32    |
|    critic_loss                 | 15.2     |
|    ent_coef                    | 0.0246   |
|    ent_coef_loss               | 0.252    |
|    learning_rate               | 0.0003   |
|    n_updates                   | 128996   |
---------------------------------------------
---------------------------------------------
| rollout/                       |          |
|    collision_free_success_rate | 0.08     |
|    collision_steps             | 3.96     |
|    completion_time             | 6.47     |
|    ep_len                      | 129      |
|    ep_len_mean                 | 131      |
|    ep_rew_mean                 | 26.1     |
|    episodes                    | 969      |
|    grasp_rate                  | 0.52     |
|    human_collision_rate        | 0.02     |
|    human_difficulty            | 0.0644   |
|    human_safety_cost           | 3.46     |
|    lift_rate                   | 0.12     |
|    minimum_human_distance      | 0.358    |
|    near_misses                 | 0.06     |
|    place_err_mm                | 231      |
|    proximity_steps             | 2.3      |
|    safety_clamped              | 118      |
|    success_rate                | 0.14     |
|    waiting_steps               | 1.72     |
| time/                          |          |
|    episodes                    | 970      |
|    fps                         | 38       |
|    time_elapsed                | 3543     |
|    total_timesteps             | 134880   |
| train/                         |          |
|    actor_loss                  | -8.25    |
|    critic_loss                 | 21.4     |
|    ent_coef                    | 0.025    |
|    ent_coef_loss               | 2.08     |
|    learning_rate               | 0.0003   |
|    n_updates                   | 129876   |
---------------------------------------------
---------------------------------------------
| rollout/                       |          |
|    collision_free_success_rate | 0.08     |
|    collision_steps             | 1.1      |
|    completion_time             | 6.34     |
|    ep_len                      | 127      |
|    ep_len_mean                 | 130      |
|    ep_rew_mean                 | 28.6     |
|    episodes                    | 979      |
|    grasp_rate                  | 0.54     |
|    human_collision_rate        | 0        |
|    human_difficulty            | 0.0653   |
|    human_safety_cost           | 0.612    |
|    lift_rate                   | 0.14     |
|    minimum_human_distance      | 0.375    |
|    near_misses                 | 0.02     |
|    place_err_mm                | 217      |
|    proximity_steps             | 1.26     |
|    safety_clamped              | 115      |
|    success_rate                | 0.14     |
|    waiting_steps               | 0.68     |
| time/                          |          |
|    episodes                    | 980      |
|    fps                         | 38       |
|    time_elapsed                | 3571     |
|    total_timesteps             | 135988   |
| train/                         |          |
|    actor_loss                  | -8.95    |
|    critic_loss                 | 17.9     |
|    ent_coef                    | 0.0251   |
|    ent_coef_loss               | 1.34     |
|    learning_rate               | 0.0003   |
|    n_updates                   | 130984   |
---------------------------------------------
---------------------------------------------
| rollout/                       |          |
|    collision_free_success_rate | 0.1      |
|    collision_steps             | 1.1      |
|    completion_time             | 6.24     |
|    ep_len                      | 125      |
|    episodes                    | 980      |
|    grasp_rate                  | 0.54     |
|    human_collision_rate        | 0        |
|    human_difficulty            | 0.0654   |
|    human_safety_cost           | 0.612    |
|    lift_rate                   | 0.14     |
|    minimum_human_distance      | 0.367    |
|    near_misses                 | 0.02     |
|    place_err_mm                | 212      |
|    proximity_steps             | 1.26     |
|    safety_clamped              | 113      |
|    success_rate                | 0.1      |
|    waiting_steps               | 0.68     |
| train/                         |          |
|    actor_loss                  | -7.94    |
|    critic_loss                 | 11.5     |
|    ent_coef                    | 0.0252   |
|    ent_coef_loss               | -0.325   |
|    learning_rate               | 0.0003   |
|    n_updates                   | 130996   |
---------------------------------------------
---------------------------------------------
| rollout/                       |          |
|    collision_free_success_rate | 0.08     |
|    collision_steps             | 0        |
|    completion_time             | 6.67     |
|    ep_len                      | 133      |
|    ep_len_mean                 | 131      |
|    ep_rew_mean                 | 22       |
|    episodes                    | 989      |
|    grasp_rate                  | 0.46     |
|    human_collision_rate        | 0.02     |
|    human_difficulty            | 0.0659   |
|    human_safety_cost           | 3.19     |
|    lift_rate                   | 0.14     |
|    minimum_human_distance      | 0.352    |
|    near_misses                 | 0.04     |
|    place_err_mm                | 229      |
|    proximity_steps             | 1.94     |
|    safety_clamped              | 120      |
|    success_rate                | 0.12     |
|    waiting_steps               | 1.36     |
| time/                          |          |
|    episodes                    | 990      |
|    fps                         | 38       |
|    time_elapsed                | 3603     |
|    total_timesteps             | 137268   |
| train/                         |          |
|    actor_loss                  | -10.4    |
|    critic_loss                 | 16.4     |
|    ent_coef                    | 0.0247   |
|    ent_coef_loss               | 0.114    |
|    learning_rate               | 0.0003   |
|    n_updates                   | 132264   |
---------------------------------------------
---------------------------------------------
| rollout/                       |          |
|    collision_free_success_rate | 0.1      |
|    collision_steps             | 0        |
|    completion_time             | 6.76     |
|    ep_len                      | 135      |
|    episodes                    | 992      |
|    grasp_rate                  | 0.44     |
|    human_collision_rate        | 0.02     |
|    human_difficulty            | 0.0661   |
|    human_safety_cost           | 3.19     |
|    lift_rate                   | 0.16     |
|    minimum_human_distance      | 0.359    |
|    near_misses                 | 0.04     |
|    place_err_mm                | 222      |
|    proximity_steps             | 1.94     |
|    safety_clamped              | 122      |
|    success_rate                | 0.1      |
|    waiting_steps               | 1.36     |
| train/                         |          |
|    actor_loss                  | -9.47    |
|    critic_loss                 | 12.9     |
|    ent_coef                    | 0.0257   |
|    ent_coef_loss               | 0.744    |
|    learning_rate               | 0.0003   |
|    n_updates                   | 132996   |
---------------------------------------------
---------------------------------------------
| rollout/                       |          |
|    collision_free_success_rate | 0.1      |
|    collision_steps             | 0        |
|    completion_time             | 6.72     |
|    ep_len                      | 134      |
|    ep_len_mean                 | 132      |
|    ep_rew_mean                 | 20.9     |
|    episodes                    | 999      |
|    grasp_rate                  | 0.46     |
|    human_collision_rate        | 0.02     |
|    human_difficulty            | 0.0664   |
|    human_safety_cost           | 2.77     |
|    lift_rate                   | 0.16     |
|    minimum_human_distance      | 0.366    |
|    near_misses                 | 0.04     |
|    place_err_mm                | 220      |
|    proximity_steps             | 1.28     |
|    safety_clamped              | 121      |
|    success_rate                | 0.11     |
|    waiting_steps               | 1.28     |
| time/                          |          |
|    episodes                    | 1000     |
|    fps                         | 38       |
|    time_elapsed                | 3643     |
|    total_timesteps             | 138852   |
| train/                         |          |
|    actor_loss                  | -13.5    |
|    critic_loss                 | 25.8     |
|    ent_coef                    | 0.0255   |
|    ent_coef_loss               | 1.57     |
|    learning_rate               | 0.0003   |
|    n_updates                   | 133848   |
---------------------------------------------
---------------------------------------------
| rollout/                       |          |
|    collision_free_success_rate | 0.12     |
|    collision_steps             | 0        |
|    completion_time             | 6.34     |
|    ep_len                      | 127      |
|    episodes                    | 1007     |
|    grasp_rate                  | 0.5      |
|    human_collision_rate        | 0.02     |
|    human_difficulty            | 0.0668   |
|    human_safety_cost           | 4.64     |
|    lift_rate                   | 0.14     |
|    minimum_human_distance      | 0.361    |
|    near_misses                 | 0.06     |
|    place_err_mm                | 212      |
|    proximity_steps             | 3.2      |
|    safety_clamped              | 114      |
|    success_rate                | 0.12     |
|    waiting_steps               | 3.14     |
| train/                         |          |
|    actor_loss                  | -10      |
|    critic_loss                 | 10.5     |
|    ent_coef                    | 0.0251   |
|    ent_coef_loss               | -0.14    |
|    learning_rate               | 0.0003   |
|    n_updates                   | 134996   |
---------------------------------------------
Eval num_timesteps=140000, episode_reward=-17.85 +/- 75.41
Episode length: 173.00 +/- 52.29
Success rate: 6.67%
---------------------------------
| eval/              |          |
|    mean_ep_length  | 173      |
|    mean_reward     | -17.8    |
|    success_rate    | 0.0667   |
| time/              |          |
|    total_timesteps | 140000   |
---------------------------------
---------------------------------------------
| rollout/                       |          |
|    collision_free_success_rate | 0.1      |
|    collision_steps             | 0        |
|    completion_time             | 6.63     |
|    ep_len                      | 133      |
|    ep_len_mean                 | 131      |
|    ep_rew_mean                 | 17.1     |
|    episodes                    | 1009     |
|    grasp_rate                  | 0.48     |
|    human_collision_rate        | 0.02     |
|    human_difficulty            | 0.067    |
|    human_safety_cost           | 4.64     |
|    lift_rate                   | 0.12     |
|    minimum_human_distance      | 0.364    |
|    near_misses                 | 0.06     |
|    place_err_mm                | 214      |
|    proximity_steps             | 3.2      |
|    safety_clamped              | 120      |
|    success_rate                | 0.1      |
|    waiting_steps               | 3.14     |
| time/                          |          |
|    episodes                    | 1010     |
|    fps                         | 37       |
|    time_elapsed                | 3724     |
|    total_timesteps             | 140452   |
| train/                         |          |
|    actor_loss                  | -8.16    |
|    critic_loss                 | 15.9     |
|    ent_coef                    | 0.025    |
|    ent_coef_loss               | -0.366   |
|    learning_rate               | 0.0003   |
|    n_updates                   | 135448   |
---------------------------------------------
---------------------------------------------
| rollout/                       |          |
|    collision_free_success_rate | 0.1      |
|    collision_steps             | 0        |
|    completion_time             | 6.87     |
|    ep_len                      | 137      |
|    ep_len_mean                 | 133      |
|    ep_rew_mean                 | 16.9     |
|    episodes                    | 1019     |
|    grasp_rate                  | 0.42     |
|    human_collision_rate        | 0.04     |
|    human_difficulty            | 0.068    |
|    human_safety_cost           | 8.3      |
|    lift_rate                   | 0.12     |
|    minimum_human_distance      | 0.345    |
|    near_misses                 | 0.1      |
|    place_err_mm                | 228      |
|    proximity_steps             | 5.48     |
|    safety_clamped              | 125      |
|    success_rate                | 0.09     |
|    waiting_steps               | 4.74     |
| time/                          |          |
|    episodes                    | 1020     |
|    fps                         | 37       |
|    time_elapsed                | 3758     |
|    total_timesteps             | 141768   |
| train/                         |          |
|    actor_loss                  | -11.2    |
|    critic_loss                 | 14.5     |
|    ent_coef                    | 0.0244   |
|    ent_coef_loss               | 0.962    |
|    learning_rate               | 0.0003   |
|    n_updates                   | 136764   |
---------------------------------------------
---------------------------------------------
| rollout/                       |          |
|    collision_free_success_rate | 0.1      |
|    collision_steps             | 0        |
|    completion_time             | 6.97     |
|    ep_len                      | 139      |
|    episodes                    | 1021     |
|    grasp_rate                  | 0.42     |
|    human_collision_rate        | 0.04     |
|    human_difficulty            | 0.0682   |
|    human_safety_cost           | 8.3      |
|    lift_rate                   | 0.1      |
|    minimum_human_distance      | 0.337    |
|    near_misses                 | 0.1      |
|    place_err_mm                | 227      |
|    proximity_steps             | 5.48     |
|    safety_clamped              | 128      |
|    success_rate                | 0.1      |
|    waiting_steps               | 4.74     |
| train/                         |          |
|    actor_loss                  | -11      |
|    critic_loss                 | 26.4     |
|    ent_coef                    | 0.0245   |
|    ent_coef_loss               | 0.899    |
|    learning_rate               | 0.0003   |
|    n_updates                   | 136996   |
---------------------------------------------
---------------------------------------------
| rollout/                       |          |
|    collision_free_success_rate | 0.1      |
|    collision_steps             | 0        |
|    completion_time             | 6.86     |
|    ep_len                      | 137      |
|    ep_len_mean                 | 131      |
|    ep_rew_mean                 | 16.6     |
|    episodes                    | 1029     |
|    grasp_rate                  | 0.44     |
|    human_collision_rate        | 0.04     |
|    human_difficulty            | 0.0686   |
|    human_safety_cost           | 8.3      |
|    lift_rate                   | 0.1      |
|    minimum_human_distance      | 0.343    |
|    near_misses                 | 0.1      |
|    place_err_mm                | 249      |
|    proximity_steps             | 5.48     |
|    safety_clamped              | 126      |
|    success_rate                | 0.09     |
|    waiting_steps               | 4.74     |
| time/                          |          |
|    episodes                    | 1030     |
|    fps                         | 37       |
|    time_elapsed                | 3791     |
|    total_timesteps             | 143036   |
| train/                         |          |
|    actor_loss                  | -9.1     |
|    critic_loss                 | 16.4     |
|    ent_coef                    | 0.0255   |
|    ent_coef_loss               | 1.01     |
|    learning_rate               | 0.0003   |
|    n_updates                   | 138032   |
---------------------------------------------
---------------------------------------------
| rollout/                       |          |
|    collision_free_success_rate | 0.1      |
|    collision_steps             | 0        |
|    completion_time             | 7.17     |
|    ep_len                      | 143      |
|    episodes                    | 1036     |
|    grasp_rate                  | 0.46     |
|    human_collision_rate        | 0.04     |
|    human_difficulty            | 0.069    |
|    human_safety_cost           | 11.3     |
|    lift_rate                   | 0.12     |
|    minimum_human_distance      | 0.333    |
|    near_misses                 | 0.12     |
|    place_err_mm                | 250      |
|    proximity_steps             | 7.3      |
|    safety_clamped              | 131      |
|    success_rate                | 0.1      |
|    waiting_steps               | 6.32     |
| train/                         |          |
|    actor_loss                  | -8.98    |
|    critic_loss                 | 15.4     |
|    ent_coef                    | 0.0243   |
|    ent_coef_loss               | 0.178    |
|    learning_rate               | 0.0003   |
|    n_updates                   | 138996   |
---------------------------------------------
---------------------------------------------
| rollout/                       |          |
|    collision_free_success_rate | 0.12     |
|    collision_steps             | 0        |
|    completion_time             | 7.23     |
|    ep_len                      | 145      |
|    ep_len_mean                 | 139      |
|    ep_rew_mean                 | 16.4     |
|    episodes                    | 1039     |
|    grasp_rate                  | 0.48     |
|    human_collision_rate        | 0.04     |
|    human_difficulty            | 0.0691   |
|    human_safety_cost           | 11.3     |
|    lift_rate                   | 0.12     |
|    minimum_human_distance      | 0.335    |
|    near_misses                 | 0.12     |
|    place_err_mm                | 243      |
|    proximity_steps             | 7.64     |
|    safety_clamped              | 133      |
|    success_rate                | 0.1      |
|    waiting_steps               | 6.44     |
| time/                          |          |
|    episodes                    | 1040     |
|    fps                         | 37       |
|    time_elapsed                | 3834     |
|    total_timesteps             | 144692   |
| train/                         |          |
|    actor_loss                  | -11.5    |
|    critic_loss                 | 31.4     |
|    ent_coef                    | 0.0245   |
|    ent_coef_loss               | 1.13     |
|    learning_rate               | 0.0003   |
|    n_updates                   | 139688   |
---------------------------------------------
---------------------------------------------
| rollout/                       |          |
|    collision_free_success_rate | 0.12     |
|    collision_steps             | 0        |
|    completion_time             | 7.09     |
|    ep_len                      | 142      |
|    episodes                    | 1049     |
|    grasp_rate                  | 0.56     |
|    human_collision_rate        | 0.04     |
|    human_difficulty            | 0.07     |
|    human_safety_cost           | 11.1     |
|    lift_rate                   | 0.12     |
|    minimum_human_distance      | 0.343    |
|    near_misses                 | 0.1      |
|    place_err_mm                | 249      |
|    proximity_steps             | 7.04     |
|    safety_clamped              | 130      |
|    success_rate                | 0.12     |
|    waiting_steps               | 5.84     |
| train/                         |          |
|    actor_loss                  | -8.64    |
|    critic_loss                 | 17.9     |
|    ent_coef                    | 0.0248   |
|    ent_coef_loss               | -1.26    |
|    learning_rate               | 0.0003   |
|    n_updates                   | 140996   |
---------------------------------------------
---------------------------------------------
| rollout/                       |          |
|    collision_free_success_rate | 0.12     |
|    collision_steps             | 0        |
|    completion_time             | 7.09     |
|    ep_len                      | 142      |
|    ep_len_mean                 | 138      |
|    ep_rew_mean                 | 19.6     |
|    episodes                    | 1049     |
|    grasp_rate                  | 0.56     |
|    human_collision_rate        | 0.04     |
|    human_difficulty            | 0.07     |
|    human_safety_cost           | 11.1     |
|    lift_rate                   | 0.12     |
|    minimum_human_distance      | 0.343    |
|    near_misses                 | 0.1      |
|    place_err_mm                | 249      |
|    proximity_steps             | 7.04     |
|    safety_clamped              | 130      |
|    success_rate                | 0.11     |
|    waiting_steps               | 5.84     |
| time/                          |          |
|    episodes                    | 1050     |
|    fps                         | 37       |
|    time_elapsed                | 3869     |
|    total_timesteps             | 146040   |
| train/                         |          |
|    actor_loss                  | -7.75    |
|    critic_loss                 | 9.41     |
|    ent_coef                    | 0.0247   |
|    ent_coef_loss               | 0.432    |
|    learning_rate               | 0.0003   |
|    n_updates                   | 141036   |
---------------------------------------------
---------------------------------------------
| rollout/                       |          |
|    collision_free_success_rate | 0.14     |
|    collision_steps             | 0        |
|    completion_time             | 7.14     |
|    ep_len                      | 143      |
|    ep_len_mean                 | 137      |
|    ep_rew_mean                 | 19.4     |
|    episodes                    | 1059     |
|    grasp_rate                  | 0.54     |
|    human_collision_rate        | 0.04     |
|    human_difficulty            | 0.0709   |
|    human_safety_cost           | 10.6     |
|    lift_rate                   | 0.12     |
|    minimum_human_distance      | 0.326    |
|    near_misses                 | 0.1      |
|    place_err_mm                | 257      |
|    proximity_steps             | 8.3      |
|    safety_clamped              | 131      |
|    success_rate                | 0.12     |
|    waiting_steps               | 7.1      |
| time/                          |          |
|    episodes                    | 1060     |
|    fps                         | 37       |
|    time_elapsed                | 3903     |
|    total_timesteps             | 147316   |
| train/                         |          |
|    actor_loss                  | -10.1    |
|    critic_loss                 | 16.5     |
|    ent_coef                    | 0.0247   |
|    ent_coef_loss               | 0.547    |
|    learning_rate               | 0.0003   |
|    n_updates                   | 142312   |
---------------------------------------------
---------------------------------------------
| rollout/                       |          |
|    collision_free_success_rate | 0.18     |
|    collision_steps             | 0.02     |
|    completion_time             | 6.53     |
|    ep_len                      | 131      |
|    episodes                    | 1066     |
|    grasp_rate                  | 0.58     |
|    human_collision_rate        | 0.04     |
|    human_difficulty            | 0.0712   |
|    human_safety_cost           | 9.45     |
|    lift_rate                   | 0.14     |
|    minimum_human_distance      | 0.344    |
|    near_misses                 | 0.08     |
|    place_err_mm                | 252      |
|    proximity_steps             | 6.7      |
|    safety_clamped              | 118      |
|    success_rate                | 0.18     |
|    waiting_steps               | 5.5      |
| train/                         |          |
|    actor_loss                  | -8.44    |
|    critic_loss                 | 31.6     |
|    ent_coef                    | 0.0249   |
|    ent_coef_loss               | 0.141    |
|    learning_rate               | 0.0003   |
|    n_updates                   | 142996   |
---------------------------------------------
---------------------------------------------
| rollout/                       |          |
|    collision_free_success_rate | 0.18     |
|    collision_steps             | 0.02     |
|    completion_time             | 6.6      |
|    ep_len                      | 132      |
|    ep_len_mean                 | 136      |
|    ep_rew_mean                 | 25       |
|    episodes                    | 1069     |
|    grasp_rate                  | 0.62     |
|    human_collision_rate        | 0.04     |
|    human_difficulty            | 0.0714   |
|    human_safety_cost           | 9.31     |
|    lift_rate                   | 0.12     |
|    minimum_human_distance      | 0.349    |
|    near_misses                 | 0.08     |
|    place_err_mm                | 236      |
|    proximity_steps             | 7.48     |
|    safety_clamped              | 120      |
|    success_rate                | 0.14     |
|    waiting_steps               | 6.84     |
| time/                          |          |
|    episodes                    | 1070     |
|    fps                         | 37       |
|    time_elapsed                | 3934     |
|    total_timesteps             | 148500   |
| train/                         |          |
|    actor_loss                  | -9.64    |
|    critic_loss                 | 15.2     |
|    ent_coef                    | 0.0245   |
|    ent_coef_loss               | -0.822   |
|    learning_rate               | 0.0003   |
|    n_updates                   | 143496   |
---------------------------------------------
---------------------------------------------
| rollout/                       |          |
|    collision_free_success_rate | 0.18     |
|    collision_steps             | 0.02     |
|    completion_time             | 6.64     |
|    ep_len                      | 133      |
|    ep_len_mean                 | 136      |
|    ep_rew_mean                 | 24       |
|    episodes                    | 1079     |
|    grasp_rate                  | 0.64     |
|    human_collision_rate        | 0.04     |
|    human_difficulty            | 0.0719   |
|    human_safety_cost           | 9.31     |
|    lift_rate                   | 0.1      |
|    minimum_human_distance      | 0.347    |
|    near_misses                 | 0.08     |
|    place_err_mm                | 214      |
|    proximity_steps             | 7.48     |
|    safety_clamped              | 122      |
|    success_rate                | 0.13     |
|    waiting_steps               | 6.84     |
| time/                          |          |
|    episodes                    | 1080     |
|    fps                         | 37       |
|    time_elapsed                | 3966     |
|    total_timesteps             | 149716   |
| train/                         |          |
|    actor_loss                  | -8.09    |
|    critic_loss                 | 18.6     |
|    ent_coef                    | 0.0235   |
|    ent_coef_loss               | -0.379   |
|    learning_rate               | 0.0003   |
|    n_updates                   | 144712   |
---------------------------------------------
---------------------------------------------
| rollout/                       |          |
|    collision_free_success_rate | 0.2      |
|    collision_steps             | 0.02     |
|    completion_time             | 6.5      |
|    ep_len                      | 130      |
|    episodes                    | 1084     |
|    grasp_rate                  | 0.66     |
|    human_collision_rate        | 0.04     |
|    human_difficulty            | 0.0721   |
|    human_safety_cost           | 6.19     |
|    lift_rate                   | 0.12     |
|    minimum_human_distance      | 0.354    |
|    near_misses                 | 0.06     |
|    place_err_mm                | 203      |
|    proximity_steps             | 5.6      |
|    safety_clamped              | 119      |
|    success_rate                | 0.2      |
|    waiting_steps               | 5.2      |
| train/                         |          |
|    actor_loss                  | -9.64    |
|    critic_loss                 | 19.8     |
|    ent_coef                    | 0.023    |
|    ent_coef_loss               | 1.42     |
|    learning_rate               | 0.0003   |
|    n_updates                   | 144996   |
---------------------------------------------
---------------------------------------------
| rollout/                       |          |
|    collision_free_success_rate | 0.22     |
|    collision_steps             | 0.02     |
|    completion_time             | 6.1      |
|    ep_len                      | 122      |
|    ep_len_mean                 | 132      |
|    ep_rew_mean                 | 32.4     |
|    episodes                    | 1089     |
|    grasp_rate                  | 0.68     |
|    human_collision_rate        | 0.06     |
|    human_difficulty            | 0.0726   |
|    human_safety_cost           | 8.5      |
|    lift_rate                   | 0.16     |
|    minimum_human_distance      | 0.346    |
|    near_misses                 | 0.08     |
|    place_err_mm                | 203      |
|    proximity_steps             | 5.58     |
|    safety_clamped              | 111      |
|    success_rate                | 0.17     |
|    waiting_steps               | 5.12     |
| time/                          |          |
|    episodes                    | 1090     |
|    fps                         | 37       |
|    time_elapsed                | 3992     |
|    total_timesteps             | 150704   |
| train/                         |          |
|    actor_loss                  | -11      |
|    critic_loss                 | 22       |
|    ent_coef                    | 0.023    |
|    ent_coef_loss               | -0.36    |
|    learning_rate               | 0.0003   |
|    n_updates                   | 145700   |
---------------------------------------------
---------------------------------------------
| rollout/                       |          |
|    collision_free_success_rate | 0.22     |
|    collision_steps             | 3.2      |
|    completion_time             | 6.15     |
|    ep_len                      | 123      |
|    episodes                    | 1098     |
|    grasp_rate                  | 0.62     |
|    human_collision_rate        | 0.06     |
|    human_difficulty            | 0.0732   |
|    human_safety_cost           | 8.5      |
|    lift_rate                   | 0.16     |
|    minimum_human_distance      | 0.346    |
|    near_misses                 | 0.08     |
|    place_err_mm                | 187      |
|    proximity_steps             | 5.58     |
|    safety_clamped              | 109      |
|    success_rate                | 0.22     |
|    waiting_steps               | 5.12     |
| train/                         |          |
|    actor_loss                  | -8.91    |
|    critic_loss                 | 19.1     |
|    ent_coef                    | 0.0222   |
|    ent_coef_loss               | -0.621   |
|    learning_rate               | 0.0003   |
|    n_updates                   | 146996   |
---------------------------------------------
---------------------------------------------
| rollout/                       |          |
|    collision_free_success_rate | 0.22     |
|    collision_steps             | 3.2      |
|    completion_time             | 6.21     |
|    ep_len                      | 124      |
|    ep_len_mean                 | 132      |
|    ep_rew_mean                 | 30.5     |
|    episodes                    | 1099     |
|    grasp_rate                  | 0.6      |
|    human_collision_rate        | 0.08     |
|    human_difficulty            | 0.0733   |
|    human_safety_cost           | 11       |
|    lift_rate                   | 0.16     |
|    minimum_human_distance      | 0.339    |
|    near_misses                 | 0.1      |
|    place_err_mm                | 190      |
|    proximity_steps             | 6.18     |
|    safety_clamped              | 110      |
|    success_rate                | 0.17     |
|    waiting_steps               | 5.5      |
| time/                          |          |
|    episodes                    | 1100     |
|    fps                         | 37       |
|    time_elapsed                | 4032     |
|    total_timesteps             | 152240   |
| train/                         |          |
|    actor_loss                  | -8.95    |
|    critic_loss                 | 20.9     |
|    ent_coef                    | 0.0221   |
|    ent_coef_loss               | 0.0311   |
|    learning_rate               | 0.0003   |
|    n_updates                   | 147236   |
---------------------------------------------
---------------------------------------------
| rollout/                       |          |
|    collision_free_success_rate | 0.2      |
|    collision_steps             | 3.24     |
|    completion_time             | 6.26     |
|    ep_len                      | 125      |
|    ep_len_mean                 | 132      |
|    ep_rew_mean                 | 34.4     |
|    episodes                    | 1109     |
|    grasp_rate                  | 0.6      |
|    human_collision_rate        | 0.08     |
|    human_difficulty            | 0.0738   |
|    human_safety_cost           | 10       |
|    lift_rate                   | 0.16     |
|    minimum_human_distance      | 0.354    |
|    near_misses                 | 0.1      |
|    place_err_mm                | 186      |
|    proximity_steps             | 5.24     |
|    safety_clamped              | 111      |
|    success_rate                | 0.18     |
|    waiting_steps               | 3.58     |
| time/                          |          |
|    episodes                    | 1110     |
|    fps                         | 37       |
|    time_elapsed                | 4067     |
|    total_timesteps             | 153532   |
| train/                         |          |
|    actor_loss                  | -6.9     |
|    critic_loss                 | 11.4     |
|    ent_coef                    | 0.0223   |
|    ent_coef_loss               | -0.387   |
|    learning_rate               | 0.0003   |
|    n_updates                   | 148528   |
---------------------------------------------
---------------------------------------------
| rollout/                       |          |
|    collision_free_success_rate | 0.24     |
|    collision_steps             | 3.22     |
|    completion_time             | 6.17     |
|    ep_len                      | 123      |
|    episodes                    | 1113     |
|    grasp_rate                  | 0.66     |
|    human_collision_rate        | 0.08     |
|    human_difficulty            | 0.074    |
|    human_safety_cost           | 10       |
|    lift_rate                   | 0.18     |
|    minimum_human_distance      | 0.343    |
|    near_misses                 | 0.1      |
|    place_err_mm                | 177      |
|    proximity_steps             | 5.24     |
|    safety_clamped              | 109      |
|    success_rate                | 0.24     |
|    waiting_steps               | 3.58     |
| train/                         |          |
|    actor_loss                  | -7.4     |
|    critic_loss                 | 42       |
|    ent_coef                    | 0.022    |
|    ent_coef_loss               | 1.08     |
|    learning_rate               | 0.0003   |
|    n_updates                   | 148996   |
---------------------------------------------
---------------------------------------------
| rollout/                       |          |
|    collision_free_success_rate | 0.18     |
|    collision_steps             | 3.22     |
|    completion_time             | 6.7      |
|    ep_len                      | 134      |
|    ep_len_mean                 | 133      |
|    ep_rew_mean                 | 35.8     |
|    episodes                    | 1119     |
|    grasp_rate                  | 0.58     |
|    human_collision_rate        | 0.06     |
|    human_difficulty            | 0.0743   |
|    human_safety_cost           | 8.44     |
|    lift_rate                   | 0.14     |
|    minimum_human_distance      | 0.332    |
|    near_misses                 | 0.1      |
|    place_err_mm                | 195      |
|    proximity_steps             | 5.06     |
|    safety_clamped              | 119      |
|    success_rate                | 0.18     |
|    waiting_steps               | 3.52     |
| time/                          |          |
|    episodes                    | 1120     |
|    fps                         | 37       |
|    time_elapsed                | 4109     |
|    total_timesteps             | 155148   |
| train/                         |          |
|    actor_loss                  | -10.3    |
|    critic_loss                 | 20.4     |
|    ent_coef                    | 0.0226   |
|    ent_coef_loss               | 0.747    |
|    learning_rate               | 0.0003   |
|    n_updates                   | 150144   |
---------------------------------------------
---------------------------------------------
| rollout/                       |          |
|    collision_free_success_rate | 0.18     |
|    collision_steps             | 3.22     |
|    completion_time             | 6.65     |
|    ep_len                      | 133      |
|    episodes                    | 1127     |
|    grasp_rate                  | 0.58     |
|    human_collision_rate        | 0.08     |
|    human_difficulty            | 0.0751   |
|    human_safety_cost           | 11       |
|    lift_rate                   | 0.16     |
|    minimum_human_distance      | 0.319    |
|    near_misses                 | 0.12     |
|    place_err_mm                | 212      |
|    proximity_steps             | 5.86     |
|    safety_clamped              | 117      |
|    success_rate                | 0.18     |
|    waiting_steps               | 4.26     |
| train/                         |          |
|    actor_loss                  | -8.38    |
|    critic_loss                 | 16.6     |
|    ent_coef                    | 0.0226   |
|    ent_coef_loss               | -0.757   |
|    learning_rate               | 0.0003   |
|    n_updates                   | 150996   |
---------------------------------------------
---------------------------------------------
| rollout/                       |          |
|    collision_free_success_rate | 0.2      |
|    collision_steps             | 3.22     |
|    completion_time             | 6.54     |
|    ep_len                      | 131      |
|    ep_len_mean                 | 133      |
|    ep_rew_mean                 | 38.1     |
|    episodes                    | 1129     |
|    grasp_rate                  | 0.58     |
|    human_collision_rate        | 0.08     |
|    human_difficulty            | 0.0753   |
|    human_safety_cost           | 11       |
|    lift_rate                   | 0.16     |
|    minimum_human_distance      | 0.319    |
|    near_misses                 | 0.12     |
|    place_err_mm                | 210      |
|    proximity_steps             | 5.86     |
|    safety_clamped              | 115      |
|    success_rate                | 0.19     |
|    waiting_steps               | 4.26     |
| time/                          |          |
|    episodes                    | 1130     |
|    fps                         | 37       |
|    time_elapsed                | 4144     |
|    total_timesteps             | 156492   |
| train/                         |          |
|    actor_loss                  | -8.23    |
|    critic_loss                 | 13       |
|    ent_coef                    | 0.0231   |
|    ent_coef_loss               | -0.35    |
|    learning_rate               | 0.0003   |
|    n_updates                   | 151488   |
---------------------------------------------
---------------------------------------------
| rollout/                       |          |
|    collision_free_success_rate | 0.14     |
|    collision_steps             | 3.34     |
|    completion_time             | 6.9      |
|    ep_len                      | 138      |
|    ep_len_mean                 | 130      |
|    ep_rew_mean                 | 36       |
|    episodes                    | 1139     |
|    grasp_rate                  | 0.5      |
|    human_collision_rate        | 0.06     |
|    human_difficulty            | 0.0761   |
|    human_safety_cost           | 8.52     |
|    lift_rate                   | 0.1      |
|    minimum_human_distance      | 0.328    |
|    near_misses                 | 0.1      |
|    place_err_mm                | 221      |
|    proximity_steps             | 5.24     |
|    safety_clamped              | 121      |
|    success_rate                | 0.18     |
|    waiting_steps               | 3.76     |
| time/                          |          |
|    episodes                    | 1140     |
|    fps                         | 37       |
|    time_elapsed                | 4173     |
|    total_timesteps             | 157628   |
| train/                         |          |
|    actor_loss                  | -8.01    |
|    critic_loss                 | 44.6     |
|    ent_coef                    | 0.022    |
|    ent_coef_loss               | -0.334   |
|    learning_rate               | 0.0003   |
|    n_updates                   | 152624   |
---------------------------------------------
---------------------------------------------
| rollout/                       |          |
|    collision_free_success_rate | 0.14     |
|    collision_steps             | 0.16     |
|    completion_time             | 6.9      |
|    ep_len                      | 138      |
|    episodes                    | 1142     |
|    grasp_rate                  | 0.52     |
|    human_collision_rate        | 0.06     |
|    human_difficulty            | 0.0762   |
|    human_safety_cost           | 8.52     |
|    lift_rate                   | 0.1      |
|    minimum_human_distance      | 0.329    |
|    near_misses                 | 0.1      |
|    place_err_mm                | 218      |
|    proximity_steps             | 5.24     |
|    safety_clamped              | 120      |
|    success_rate                | 0.14     |
|    waiting_steps               | 3.76     |
| train/                         |          |
|    actor_loss                  | -9.52    |
|    critic_loss                 | 38.5     |
|    ent_coef                    | 0.0225   |
|    ent_coef_loss               | 0.249    |
|    learning_rate               | 0.0003   |
|    n_updates                   | 152996   |
---------------------------------------------
---------------------------------------------
| rollout/                       |          |
|    collision_free_success_rate | 0.12     |
|    collision_steps             | 0.16     |
|    completion_time             | 6.8      |
|    ep_len                      | 136      |
|    ep_len_mean                 | 129      |
|    ep_rew_mean                 | 33.3     |
|    episodes                    | 1149     |
|    grasp_rate                  | 0.54     |
|    human_collision_rate        | 0.04     |
|    human_difficulty            | 0.0766   |
|    human_safety_cost           | 6.02     |
|    lift_rate                   | 0.08     |
|    minimum_human_distance      | 0.322    |
|    near_misses                 | 0.08     |
|    place_err_mm                | 234      |
|    proximity_steps             | 4.66     |
|    safety_clamped              | 119      |
|    success_rate                | 0.17     |
|    waiting_steps               | 3.4      |
| time/                          |          |
|    episodes                    | 1150     |
|    fps                         | 37       |
|    time_elapsed                | 4209     |
|    total_timesteps             | 158968   |
| train/                         |          |
|    actor_loss                  | -8.6     |
|    critic_loss                 | 16.1     |
|    ent_coef                    | 0.023    |
|    ent_coef_loss               | -0.115   |
|    learning_rate               | 0.0003   |
|    n_updates                   | 153964   |
---------------------------------------------
---------------------------------------------
| rollout/                       |          |
|    collision_free_success_rate | 0.14     |
|    collision_steps             | 0.12     |
|    completion_time             | 6.73     |
|    ep_len                      | 135      |
|    episodes                    | 1156     |
|    grasp_rate                  | 0.54     |
|    human_collision_rate        | 0.04     |
|    human_difficulty            | 0.0769   |
|    human_safety_cost           | 7.12     |
|    lift_rate                   | 0.08     |
|    minimum_human_distance      | 0.313    |
|    near_misses                 | 0.1      |
|    place_err_mm                | 233      |
|    proximity_steps             | 5.82     |
|    safety_clamped              | 118      |
|    success_rate                | 0.14     |
|    waiting_steps               | 5.02     |
| train/                         |          |
|    actor_loss                  | -8.23    |
|    critic_loss                 | 14.9     |
|    ent_coef                    | 0.0225   |
|    ent_coef_loss               | -1.13    |
|    learning_rate               | 0.0003   |
|    n_updates                   | 154996   |
---------------------------------------------
Eval num_timesteps=160000, episode_reward=13.23 +/- 60.88
Episode length: 167.33 +/- 65.56
Success rate: 6.67%
---------------------------------
| eval/              |          |
|    mean_ep_length  | 167      |
|    mean_reward     | 13.2     |
|    success_rate    | 0.0667   |
| time/              |          |
|    total_timesteps | 160000   |
---------------------------------
New best mean reward!
---------------------------------------------
| rollout/                       |          |
|    collision_free_success_rate | 0.12     |
|    collision_steps             | 0.9      |
|    completion_time             | 6.85     |
|    ep_len                      | 137      |
|    ep_len_mean                 | 133      |
|    ep_rew_mean                 | 26.1     |
|    episodes                    | 1159     |
|    grasp_rate                  | 0.5      |
|    human_collision_rate        | 0.04     |
|    human_difficulty            | 0.0772   |
|    human_safety_cost           | 7.05     |
|    lift_rate                   | 0.06     |
|    minimum_human_distance      | 0.314    |
|    near_misses                 | 0.1      |
|    place_err_mm                | 244      |
|    proximity_steps             | 4.7      |
|    safety_clamped              | 120      |
|    success_rate                | 0.16     |
|    waiting_steps               | 4.08     |
| time/                          |          |
|    episodes                    | 1160     |
|    fps                         | 37       |
|    time_elapsed                | 4293     |
|    total_timesteps             | 160600   |
| train/                         |          |
|    actor_loss                  | -9.28    |
|    critic_loss                 | 16.7     |
|    ent_coef                    | 0.0227   |
|    ent_coef_loss               | -0.257   |
|    learning_rate               | 0.0003   |
|    n_updates                   | 155596   |
---------------------------------------------
---------------------------------------------
| rollout/                       |          |
|    collision_free_success_rate | 0.1      |
|    collision_steps             | 0.9      |
|    completion_time             | 6.66     |
|    ep_len                      | 133      |
|    ep_len_mean                 | 133      |
|    ep_rew_mean                 | 19.6     |
|    episodes                    | 1169     |
|    grasp_rate                  | 0.44     |
|    human_collision_rate        | 0.06     |
|    human_difficulty            | 0.0782   |
|    human_safety_cost           | 8.61     |
|    lift_rate                   | 0.06     |
|    minimum_human_distance      | 0.327    |
|    near_misses                 | 0.1      |
|    place_err_mm                | 261      |
|    proximity_steps             | 3.84     |
|    safety_clamped              | 116      |
|    success_rate                | 0.14     |
|    waiting_steps               | 3.1      |
| time/                          |          |
|    episodes                    | 1170     |
|    fps                         | 37       |
|    time_elapsed                | 4324     |
|    total_timesteps             | 161772   |
| train/                         |          |
|    actor_loss                  | -8.15    |
|    critic_loss                 | 13.8     |
|    ent_coef                    | 0.0216   |
|    ent_coef_loss               | -0.549   |
|    learning_rate               | 0.0003   |
|    n_updates                   | 156768   |
---------------------------------------------
---------------------------------------------
| rollout/                       |          |
|    collision_free_success_rate | 0.1      |
|    collision_steps             | 0.9      |
|    completion_time             | 6.56     |
|    ep_len                      | 131      |
|    episodes                    | 1172     |
|    grasp_rate                  | 0.48     |
|    human_collision_rate        | 0.04     |
|    human_difficulty            | 0.0783   |
|    human_safety_cost           | 6.12     |
|    lift_rate                   | 0.06     |
|    minimum_human_distance      | 0.325    |
|    near_misses                 | 0.1      |
|    place_err_mm                | 245      |
|    proximity_steps             | 3.48     |
|    safety_clamped              | 114      |
|    success_rate                | 0.1      |
|    waiting_steps               | 2.8      |
| train/                         |          |
|    actor_loss                  | -8.38    |
|    critic_loss                 | 14.5     |
|    ent_coef                    | 0.0218   |
|    ent_coef_loss               | 0.777    |
|    learning_rate               | 0.0003   |
|    n_updates                   | 156996   |
---------------------------------------------
---------------------------------------------
| rollout/                       |          |
|    collision_free_success_rate | 0.08     |
|    collision_steps             | 0.9      |
|    completion_time             | 6.82     |
|    ep_len                      | 136      |
|    ep_len_mean                 | 134      |
|    ep_rew_mean                 | 14.1     |
|    episodes                    | 1179     |
|    grasp_rate                  | 0.46     |
|    human_collision_rate        | 0.08     |
|    human_difficulty            | 0.0787   |
|    human_safety_cost           | 12.5     |
|    lift_rate                   | 0.06     |
|    minimum_human_distance      | 0.315    |
|    near_misses                 | 0.18     |
|    place_err_mm                | 254      |
|    proximity_steps             | 5.76     |
|    safety_clamped              | 119      |
|    success_rate                | 0.14     |
|    waiting_steps               | 4.02     |
| time/                          |          |
|    episodes                    | 1180     |
|    fps                         | 37       |
|    time_elapsed                | 4358     |
|    total_timesteps             | 163020   |
| train/                         |          |
|    actor_loss                  | -8.18    |
|    critic_loss                 | 17.7     |
|    ent_coef                    | 0.0226   |
|    ent_coef_loss               | -0.903   |
|    learning_rate               | 0.0003   |
|    n_updates                   | 158016   |
---------------------------------------------
---------------------------------------------
| rollout/                       |          |
|    collision_free_success_rate | 0.08     |
|    collision_steps             | 0.78     |
|    completion_time             | 6.85     |
|    ep_len                      | 137      |
|    episodes                    | 1185     |
|    grasp_rate                  | 0.5      |
|    human_collision_rate        | 0.08     |
|    human_difficulty            | 0.079    |
|    human_safety_cost           | 13.9     |
|    lift_rate                   | 0.06     |
|    minimum_human_distance      | 0.311    |
|    near_misses                 | 0.2      |
|    place_err_mm                | 247      |
|    proximity_steps             | 8.02     |
|    safety_clamped              | 121      |
|    success_rate                | 0.08     |
|    waiting_steps               | 6.2      |
| train/                         |          |
|    actor_loss                  | -6.76    |
|    critic_loss                 | 16.4     |
|    ent_coef                    | 0.0213   |
|    ent_coef_loss               | 0.0743   |
|    learning_rate               | 0.0003   |
|    n_updates                   | 158996   |
---------------------------------------------
---------------------------------------------
| rollout/                       |          |
|    collision_free_success_rate | 0.06     |
|    collision_steps             | 0.78     |
|    completion_time             | 7.01     |
|    ep_len                      | 140      |
|    ep_len_mean                 | 139      |
|    ep_rew_mean                 | 8.75     |
|    episodes                    | 1189     |
|    grasp_rate                  | 0.48     |
|    human_collision_rate        | 0.06     |
|    human_difficulty            | 0.0792   |
|    human_safety_cost           | 11.7     |
|    lift_rate                   | 0.04     |
|    minimum_human_distance      | 0.314    |
|    near_misses                 | 0.18     |
|    place_err_mm                | 243      |
|    proximity_steps             | 7.92     |
|    safety_clamped              | 123      |
|    success_rate                | 0.1      |
|    waiting_steps               | 6.08     |
| time/                          |          |
|    episodes                    | 1190     |
|    fps                         | 37       |
|    time_elapsed                | 4397     |
|    total_timesteps             | 164472   |
| train/                         |          |
|    actor_loss                  | -6.44    |
|    critic_loss                 | 25.1     |
|    ent_coef                    | 0.021    |
|    ent_coef_loss               | -0.4     |
|    learning_rate               | 0.0003   |
|    n_updates                   | 159468   |
---------------------------------------------
---------------------------------------------
| rollout/                       |          |
|    collision_free_success_rate | 0.06     |
|    collision_steps             | 1.44     |
|    completion_time             | 6.7      |
|    ep_len                      | 134      |
|    ep_len_mean                 | 135      |
|    ep_rew_mean                 | 9.31     |
|    episodes                    | 1199     |
|    grasp_rate                  | 0.5      |
|    human_collision_rate        | 0.06     |
|    human_difficulty            | 0.0799   |
|    human_safety_cost           | 11.7     |
|    lift_rate                   | 0.06     |
|    minimum_human_distance      | 0.327    |
|    near_misses                 | 0.18     |
|    place_err_mm                | 238      |
|    proximity_steps             | 7.9      |
|    safety_clamped              | 119      |
|    success_rate                | 0.09     |
|    waiting_steps               | 6.06     |
| time/                          |          |
|    episodes                    | 1200     |
|    fps                         | 37       |
|    time_elapsed                | 4429     |
|    total_timesteps             | 165672   |
| train/                         |          |
|    actor_loss                  | -8.92    |
|    critic_loss                 | 15.8     |
|    ent_coef                    | 0.0225   |
|    ent_coef_loss               | -0.538   |
|    learning_rate               | 0.0003   |
|    n_updates                   | 160668   |
---------------------------------------------
---------------------------------------------
| rollout/                       |          |
|    collision_free_success_rate | 0.08     |
|    collision_steps             | 1.44     |
|    completion_time             | 6.59     |
|    ep_len                      | 132      |
|    episodes                    | 1204     |
|    grasp_rate                  | 0.54     |
|    human_collision_rate        | 0.06     |
|    human_difficulty            | 0.0804   |
|    human_safety_cost           | 10.9     |
|    lift_rate                   | 0.08     |
|    minimum_human_distance      | 0.323    |
|    near_misses                 | 0.18     |
|    place_err_mm                | 239      |
|    proximity_steps             | 6.9      |
|    safety_clamped              | 118      |
|    success_rate                | 0.08     |
|    waiting_steps               | 5.06     |
| train/                         |          |
|    actor_loss                  | -5.51    |
|    critic_loss                 | 31       |
|    ent_coef                    | 0.0217   |
|    ent_coef_loss               | -0.238   |
|    learning_rate               | 0.0003   |
|    n_updates                   | 160996   |
---------------------------------------------
---------------------------------------------
| rollout/                       |          |
|    collision_free_success_rate | 0.08     |
|    collision_steps             | 0.66     |
|    completion_time             | 6.42     |
|    ep_len                      | 128      |
|    ep_len_mean                 | 134      |
|    ep_rew_mean                 | 7.5      |
|    episodes                    | 1209     |
|    grasp_rate                  | 0.56     |
|    human_collision_rate        | 0.06     |
|    human_difficulty            | 0.0808   |
|    human_safety_cost           | 12       |
|    lift_rate                   | 0.1      |
|    minimum_human_distance      | 0.328    |
|    near_misses                 | 0.18     |
|    place_err_mm                | 219      |
|    proximity_steps             | 7.42     |
|    safety_clamped              | 114      |
|    success_rate                | 0.09     |
|    waiting_steps               | 5.24     |
| time/                          |          |
|    episodes                    | 1210     |
|    fps                         | 37       |
|    time_elapsed                | 4458     |
|    total_timesteps             | 166824   |
| train/                         |          |
|    actor_loss                  | -6.92    |
|    critic_loss                 | 12.9     |
|    ent_coef                    | 0.0217   |
|    ent_coef_loss               | 0.333    |
|    learning_rate               | 0.0003   |
|    n_updates                   | 161820   |
---------------------------------------------
---------------------------------------------
| rollout/                       |          |
|    collision_free_success_rate | 0.06     |
|    collision_steps             | 0.66     |
|    completion_time             | 6.4      |
|    ep_len                      | 128      |
|    episodes                    | 1217     |
|    grasp_rate                  | 0.62     |
|    human_collision_rate        | 0.06     |
|    human_difficulty            | 0.0812   |
|    human_safety_cost           | 13.7     |
|    lift_rate                   | 0.08     |
|    minimum_human_distance      | 0.324    |
|    near_misses                 | 0.2      |
|    place_err_mm                | 215      |
|    proximity_steps             | 9.8      |
|    safety_clamped              | 114      |
|    success_rate                | 0.06     |
|    waiting_steps               | 7.16     |
| train/                         |          |
|    actor_loss                  | -6.69    |
|    critic_loss                 | 13.3     |
|    ent_coef                    | 0.0205   |
|    ent_coef_loss               | -0.93    |
|    learning_rate               | 0.0003   |
|    n_updates                   | 162996   |
---------------------------------------------
---------------------------------------------
| rollout/                       |          |
|    collision_free_success_rate | 0.06     |
|    collision_steps             | 0.66     |
|    completion_time             | 6.59     |
|    ep_len                      | 132      |
|    ep_len_mean                 | 132      |
|    ep_rew_mean                 | 3.97     |
|    episodes                    | 1219     |
|    grasp_rate                  | 0.62     |
|    human_collision_rate        | 0.06     |
|    human_difficulty            | 0.0813   |
|    human_safety_cost           | 13.7     |
|    lift_rate                   | 0.08     |
|    minimum_human_distance      | 0.323    |
|    near_misses                 | 0.2      |
|    place_err_mm                | 224      |
|    proximity_steps             | 9.8      |
|    safety_clamped              | 117      |
|    success_rate                | 0.08     |
|    waiting_steps               | 7.16     |
| time/                          |          |
|    episodes                    | 1220     |
|    fps                         | 37       |
|    time_elapsed                | 4495     |
|    total_timesteps             | 168196   |
| train/                         |          |
|    actor_loss                  | -6.67    |
|    critic_loss                 | 10.9     |
|    ent_coef                    | 0.0208   |
|    ent_coef_loss               | 0.256    |
|    learning_rate               | 0.0003   |
|    n_updates                   | 163192   |
---------------------------------------------
---------------------------------------------
| rollout/                       |          |
|    collision_free_success_rate | 0.06     |
|    collision_steps             | 0.66     |
|    completion_time             | 6.75     |
|    ep_len                      | 135      |
|    ep_len_mean                 | 135      |
|    ep_rew_mean                 | 1.2      |
|    episodes                    | 1229     |
|    grasp_rate                  | 0.54     |
|    human_collision_rate        | 0.06     |
|    human_difficulty            | 0.0818   |
|    human_safety_cost           | 11.9     |
|    lift_rate                   | 0.1      |
|    minimum_human_distance      | 0.329    |
|    near_misses                 | 0.16     |
|    place_err_mm                | 224      |
|    proximity_steps             | 8.18     |
|    safety_clamped              | 121      |
|    success_rate                | 0.07     |
|    waiting_steps               | 6.48     |
| time/                          |          |
|    episodes                    | 1230     |
|    fps                         | 37       |
|    time_elapsed                | 4540     |
|    total_timesteps             | 169956   |
| train/                         |          |
|    actor_loss                  | -6.84    |
|    critic_loss                 | 15.4     |
|    ent_coef                    | 0.0208   |
|    ent_coef_loss               | 1.1      |
|    learning_rate               | 0.0003   |
|    n_updates                   | 164952   |
---------------------------------------------
---------------------------------------------
| rollout/                       |          |
|    collision_free_success_rate | 0.06     |
|    collision_steps             | 0.66     |
|    completion_time             | 6.77     |
|    ep_len                      | 135      |
|    episodes                    | 1231     |
|    grasp_rate                  | 0.52     |
|    human_collision_rate        | 0.06     |
|    human_difficulty            | 0.0819   |
|    human_safety_cost           | 11.9     |
|    lift_rate                   | 0.12     |
|    minimum_human_distance      | 0.33     |
|    near_misses                 | 0.16     |
|    place_err_mm                | 236      |
|    proximity_steps             | 8.18     |
|    safety_clamped              | 121      |
|    success_rate                | 0.06     |
|    waiting_steps               | 6.48     |
| train/                         |          |
|    actor_loss                  | -6.56    |
|    critic_loss                 | 26.1     |
|    ent_coef                    | 0.0209   |
|    ent_coef_loss               | -0.412   |
|    learning_rate               | 0.0003   |
|    n_updates                   | 164996   |
---------------------------------------------
---------------------------------------------
| rollout/                       |          |
|    collision_free_success_rate | 0.08     |
|    collision_steps             | 0.66     |
|    completion_time             | 6.64     |
|    ep_len                      | 133      |
|    ep_len_mean                 | 135      |
|    ep_rew_mean                 | 3.38     |
|    episodes                    | 1239     |
|    grasp_rate                  | 0.56     |
|    human_collision_rate        | 0.08     |
|    human_difficulty            | 0.0827   |
|    human_safety_cost           | 12.9     |
|    lift_rate                   | 0.12     |
|    minimum_human_distance      | 0.336    |
|    near_misses                 | 0.16     |
|    place_err_mm                | 233      |
|    proximity_steps             | 6.38     |
|    safety_clamped              | 119      |
|    success_rate                | 0.07     |
|    waiting_steps               | 4.94     |
| time/                          |          |
|    episodes                    | 1240     |
|    fps                         | 37       |
|    time_elapsed                | 4572     |
|    total_timesteps             | 171192   |
| train/                         |          |
|    actor_loss                  | -7.98    |
|    critic_loss                 | 26.3     |
|    ent_coef                    | 0.0209   |
|    ent_coef_loss               | -0.633   |
|    learning_rate               | 0.0003   |
|    n_updates                   | 166188   |
---------------------------------------------
---------------------------------------------
| rollout/                       |          |
|    collision_free_success_rate | 0.08     |
|    collision_steps             | 0.66     |
|    completion_time             | 6.81     |
|    ep_len                      | 136      |
|    episodes                    | 1246     |
|    grasp_rate                  | 0.54     |
|    human_collision_rate        | 0.08     |
|    human_difficulty            | 0.0833   |
|    human_safety_cost           | 12.9     |
|    lift_rate                   | 0.1      |
|    minimum_human_distance      | 0.328    |
|    near_misses                 | 0.16     |
|    place_err_mm                | 230      |
|    proximity_steps             | 6.38     |
|    safety_clamped              | 121      |
|    success_rate                | 0.08     |
|    waiting_steps               | 4.94     |
| train/                         |          |
|    actor_loss                  | -6.21    |
|    critic_loss                 | 19.2     |
|    ent_coef                    | 0.0208   |
|    ent_coef_loss               | 0.255    |
|    learning_rate               | 0.0003   |
|    n_updates                   | 166996   |
---------------------------------------------
---------------------------------------------
| rollout/                       |          |
|    collision_free_success_rate | 0.1      |
|    collision_steps             | 0        |
|    completion_time             | 6.75     |
|    ep_len                      | 135      |
|    ep_len_mean                 | 136      |
|    ep_rew_mean                 | 5.52     |
|    episodes                    | 1249     |
|    grasp_rate                  | 0.56     |
|    human_collision_rate        | 0.08     |
|    human_difficulty            | 0.0834   |
|    human_safety_cost           | 12.9     |
|    lift_rate                   | 0.1      |
|    minimum_human_distance      | 0.33     |
|    near_misses                 | 0.16     |
|    place_err_mm                | 224      |
|    proximity_steps             | 6.38     |
|    safety_clamped              | 120      |
|    success_rate                | 0.08     |
|    waiting_steps               | 4.94     |
| time/                          |          |
|    episodes                    | 1250     |
|    fps                         | 37       |
|    time_elapsed                | 4609     |
|    total_timesteps             | 172612   |
| train/                         |          |
|    actor_loss                  | -7.38    |
|    critic_loss                 | 20.5     |
|    ent_coef                    | 0.0205   |
|    ent_coef_loss               | -0.106   |
|    learning_rate               | 0.0003   |
|    n_updates                   | 167608   |
---------------------------------------------
---------------------------------------------
| rollout/                       |          |
|    collision_free_success_rate | 0.08     |
|    collision_steps             | 0        |
|    completion_time             | 6.76     |
|    ep_len                      | 135      |
|    ep_len_mean                 | 132      |
|    ep_rew_mean                 | 11.1     |
|    episodes                    | 1259     |
|    grasp_rate                  | 0.56     |
|    human_collision_rate        | 0.1      |
|    human_difficulty            | 0.0839   |
|    human_safety_cost           | 14.2     |
|    lift_rate                   | 0.08     |
|    minimum_human_distance      | 0.327    |
|    near_misses                 | 0.16     |
|    place_err_mm                | 223      |
|    proximity_steps             | 5.72     |
|    safety_clamped              | 119      |
|    success_rate                | 0.08     |
|    waiting_steps               | 4.96     |
| time/                          |          |
|    episodes                    | 1260     |
|    fps                         | 37       |
|    time_elapsed                | 4638     |
|    total_timesteps             | 173716   |
| train/                         |          |
|    actor_loss                  | -7.83    |
|    critic_loss                 | 12.7     |
|    ent_coef                    | 0.0206   |
|    ent_coef_loss               | 0.805    |
|    learning_rate               | 0.0003   |
|    n_updates                   | 168712   |
---------------------------------------------
---------------------------------------------
| rollout/                       |          |
|    collision_free_success_rate | 0.08     |
|    collision_steps             | 0        |
|    completion_time             | 6.72     |
|    ep_len                      | 134      |
|    episodes                    | 1264     |
|    grasp_rate                  | 0.56     |
|    human_collision_rate        | 0.08     |
|    human_difficulty            | 0.0842   |
|    human_safety_cost           | 11.7     |
|    lift_rate                   | 0.08     |
|    minimum_human_distance      | 0.325    |
|    near_misses                 | 0.14     |
|    place_err_mm                | 217      |
|    proximity_steps             | 5.38     |
|    safety_clamped              | 119      |
|    success_rate                | 0.08     |
|    waiting_steps               | 4.92     |
| train/                         |          |
|    actor_loss                  | -6.49    |
|    critic_loss                 | 18.1     |
|    ent_coef                    | 0.0211   |
|    ent_coef_loss               | -1.72    |
|    learning_rate               | 0.0003   |
|    n_updates                   | 168996   |
---------------------------------------------
---------------------------------------------
| rollout/                       |          |
|    collision_free_success_rate | 0.08     |
|    collision_steps             | 0        |
|    completion_time             | 6.43     |
|    ep_len                      | 129      |
|    ep_len_mean                 | 131      |
|    ep_rew_mean                 | 10.3     |
|    episodes                    | 1269     |
|    grasp_rate                  | 0.62     |
|    human_collision_rate        | 0.08     |
|    human_difficulty            | 0.0844   |
|    human_safety_cost           | 10.1     |
|    lift_rate                   | 0.1      |
|    minimum_human_distance      | 0.323    |
|    near_misses                 | 0.12     |
|    place_err_mm                | 206      |
|    proximity_steps             | 3.14     |
|    safety_clamped              | 112      |
|    success_rate                | 0.07     |
|    waiting_steps               | 2.92     |
| time/                          |          |
|    episodes                    | 1270     |
|    fps                         | 37       |
|    time_elapsed                | 4668     |
|    total_timesteps             | 174772   |
| train/                         |          |
|    actor_loss                  | -6.09    |
|    critic_loss                 | 14       |
|    ent_coef                    | 0.0203   |
|    ent_coef_loss               | 0.51     |
|    learning_rate               | 0.0003   |
|    n_updates                   | 169768   |
---------------------------------------------
---------------------------------------------
| rollout/                       |          |
|    collision_free_success_rate | 0.08     |
|    collision_steps             | 0        |
|    completion_time             | 6.3      |
|    ep_len                      | 126      |
|    episodes                    | 1278     |
|    grasp_rate                  | 0.7      |
|    human_collision_rate        | 0.1      |
|    human_difficulty            | 0.0853   |
|    human_safety_cost           | 12.9     |
|    lift_rate                   | 0.1      |
|    minimum_human_distance      | 0.29     |
|    near_misses                 | 0.12     |
|    place_err_mm                | 202      |
|    proximity_steps             | 4.36     |
|    safety_clamped              | 110      |
|    success_rate                | 0.08     |
|    waiting_steps               | 3.88     |
| train/                         |          |
|    actor_loss                  | -6.07    |
|    critic_loss                 | 11.6     |
|    ent_coef                    | 0.0198   |
|    ent_coef_loss               | -0.802   |
|    learning_rate               | 0.0003   |
|    n_updates                   | 170996   |
---------------------------------------------
---------------------------------------------
| rollout/                       |          |
|    collision_free_success_rate | 0.08     |
|    collision_steps             | 0        |
|    completion_time             | 6.37     |
|    ep_len                      | 127      |
|    ep_len_mean                 | 132      |
|    ep_rew_mean                 | 13.3     |
|    episodes                    | 1279     |
|    grasp_rate                  | 0.7      |
|    human_collision_rate        | 0.08     |
|    human_difficulty            | 0.0854   |
|    human_safety_cost           | 10.5     |
|    lift_rate                   | 0.1      |
|    minimum_human_distance      | 0.299    |
|    near_misses                 | 0.1      |
|    place_err_mm                | 203      |
|    proximity_steps             | 3.88     |
|    safety_clamped              | 111      |
|    success_rate                | 0.07     |
|    waiting_steps               | 3.4      |
| time/                          |          |
|    episodes                    | 1280     |
|    fps                         | 37       |
|    time_elapsed                | 4710     |
|    total_timesteps             | 176384   |
| train/                         |          |
|    actor_loss                  | -6.63    |
|    critic_loss                 | 25.6     |
|    ent_coef                    | 0.0197   |
|    ent_coef_loss               | 0.278    |
|    learning_rate               | 0.0003   |
|    n_updates                   | 171380   |
---------------------------------------------
---------------------------------------------
| rollout/                       |          |
|    collision_free_success_rate | 0.08     |
|    collision_steps             | 0.02     |
|    completion_time             | 6.56     |
|    ep_len                      | 131      |
|    ep_len_mean                 | 132      |
|    ep_rew_mean                 | 15.8     |
|    episodes                    | 1289     |
|    grasp_rate                  | 0.68     |
|    human_collision_rate        | 0.06     |
|    human_difficulty            | 0.086    |
|    human_safety_cost           | 8.05     |
|    lift_rate                   | 0.08     |
|    minimum_human_distance      | 0.288    |
|    near_misses                 | 0.1      |
|    place_err_mm                | 212      |
|    proximity_steps             | 3.52     |
|    safety_clamped              | 115      |
|    success_rate                | 0.09     |
|    waiting_steps               | 3.04     |
| time/                          |          |
|    episodes                    | 1290     |
|    fps                         | 37       |
|    time_elapsed                | 4747     |
|    total_timesteps             | 177796   |
| train/                         |          |
|    actor_loss                  | -6.5     |
|    critic_loss                 | 17.7     |
|    ent_coef                    | 0.0196   |
|    ent_coef_loss               | -0.501   |
|    learning_rate               | 0.0003   |
|    n_updates                   | 172792   |
---------------------------------------------
---------------------------------------------
| rollout/                       |          |
|    collision_free_success_rate | 0.1      |
|    collision_steps             | 0.04     |
|    completion_time             | 6.73     |
|    ep_len                      | 135      |
|    episodes                    | 1291     |
|    grasp_rate                  | 0.66     |
|    human_collision_rate        | 0.06     |
|    human_difficulty            | 0.0861   |
|    human_safety_cost           | 8.05     |
|    lift_rate                   | 0.1      |
|    minimum_human_distance      | 0.287    |
|    near_misses                 | 0.1      |
|    place_err_mm                | 212      |
|    proximity_steps             | 3.52     |
|    safety_clamped              | 118      |
|    success_rate                | 0.1      |
|    waiting_steps               | 3.04     |
| train/                         |          |
|    actor_loss                  | -5.31    |
|    critic_loss                 | 35.2     |
|    ent_coef                    | 0.0196   |
|    ent_coef_loss               | 0.582    |
|    learning_rate               | 0.0003   |
|    n_updates                   | 172996   |
---------------------------------------------
---------------------------------------------
| rollout/                       |          |
|    collision_free_success_rate | 0.1      |
|    collision_steps             | 0.16     |
|    completion_time             | 6.88     |
|    ep_len                      | 138      |
|    ep_len_mean                 | 137      |
|    ep_rew_mean                 | 13.8     |
|    episodes                    | 1299     |
|    grasp_rate                  | 0.64     |
|    human_collision_rate        | 0.06     |
|    human_difficulty            | 0.0865   |
|    human_safety_cost           | 14.3     |
|    lift_rate                   | 0.1      |
|    minimum_human_distance      | 0.282    |
|    near_misses                 | 0.14     |
|    place_err_mm                | 221      |
|    proximity_steps             | 6.94     |
|    safety_clamped              | 122      |
|    success_rate                | 0.1      |
|    waiting_steps               | 5.68     |
| time/                          |          |
|    episodes                    | 1300     |
|    fps                         | 37       |
|    time_elapsed                | 4786     |
|    total_timesteps             | 179300   |
| train/                         |          |
|    actor_loss                  | -5.44    |
|    critic_loss                 | 28.1     |
|    ent_coef                    | 0.0206   |
|    ent_coef_loss               | 0.813    |
|    learning_rate               | 0.0003   |
|    n_updates                   | 174296   |
---------------------------------------------
---------------------------------------------
| rollout/                       |          |
|    collision_free_success_rate | 0.08     |
|    collision_steps             | 0.16     |
|    completion_time             | 6.64     |
|    ep_len                      | 133      |
|    episodes                    | 1306     |
|    grasp_rate                  | 0.68     |
|    human_collision_rate        | 0.04     |
|    human_difficulty            | 0.0868   |
|    human_safety_cost           | 11.4     |
|    lift_rate                   | 0.12     |
|    minimum_human_distance      | 0.3      |
|    near_misses                 | 0.1      |
|    place_err_mm                | 226      |
|    proximity_steps             | 5.8      |
|    safety_clamped              | 118      |
|    success_rate                | 0.08     |
|    waiting_steps               | 4.6      |
| train/                         |          |
|    actor_loss                  | -6.28    |
|    critic_loss                 | 16.6     |
|    ent_coef                    | 0.0208   |
|    ent_coef_loss               | -0.58    |
|    learning_rate               | 0.0003   |
|    n_updates                   | 174996   |
---------------------------------------------
Eval num_timesteps=180000, episode_reward=-29.43 +/- 53.09
Episode length: 183.07 +/- 46.73
Success rate: 0.00%
---------------------------------
| eval/              |          |
|    mean_ep_length  | 183      |
|    mean_reward     | -29.4    |
|    success_rate    | 0        |
| time/              |          |
|    total_timesteps | 180000   |
---------------------------------
---------------------------------------------
| rollout/                       |          |
|    collision_free_success_rate | 0.08     |
|    collision_steps             | 0.18     |
|    completion_time             | 6.79     |
|    ep_len                      | 136      |
|    ep_len_mean                 | 136      |
|    ep_rew_mean                 | 8.7      |
|    episodes                    | 1309     |
|    grasp_rate                  | 0.62     |
|    human_collision_rate        | 0.04     |
|    human_difficulty            | 0.0871   |
|    human_safety_cost           | 11.4     |
|    lift_rate                   | 0.12     |
|    minimum_human_distance      | 0.302    |
|    near_misses                 | 0.1      |
|    place_err_mm                | 239      |
|    proximity_steps             | 5.8      |
|    safety_clamped              | 121      |
|    success_rate                | 0.08     |
|    waiting_steps               | 4.6      |
| time/                          |          |
|    episodes                    | 1310     |
|    fps                         | 37       |
|    time_elapsed                | 4859     |
|    total_timesteps             | 180356   |
| train/                         |          |
|    actor_loss                  | -2.74    |
|    critic_loss                 | 11.2     |
|    ent_coef                    | 0.0204   |
|    ent_coef_loss               | -1.64    |
|    learning_rate               | 0.0003   |
|    n_updates                   | 175352   |
---------------------------------------------
---------------------------------------------
| rollout/                       |          |
|    collision_free_success_rate | 0.08     |
|    collision_steps             | 0.18     |
|    completion_time             | 7.18     |
|    ep_len                      | 144      |
|    episodes                    | 1319     |
|    grasp_rate                  | 0.52     |
|    human_collision_rate        | 0.04     |
|    human_difficulty            | 0.0881   |
|    human_safety_cost           | 11.3     |
|    lift_rate                   | 0.12     |
|    minimum_human_distance      | 0.315    |
|    near_misses                 | 0.1      |
|    place_err_mm                | 247      |
|    proximity_steps             | 5.58     |
|    safety_clamped              | 129      |
|    success_rate                | 0.08     |
|    waiting_steps               | 4.42     |
| train/                         |          |
|    actor_loss                  | -4.93    |
|    critic_loss                 | 16.3     |
|    ent_coef                    | 0.0201   |
|    ent_coef_loss               | 0.101    |
|    learning_rate               | 0.0003   |
|    n_updates                   | 176996   |
---------------------------------------------
---------------------------------------------
| rollout/                       |          |
|    collision_free_success_rate | 0.08     |
|    collision_steps             | 0.18     |
|    completion_time             | 7.18     |
|    ep_len                      | 144      |
|    ep_len_mean                 | 136      |
|    ep_rew_mean                 | 9.37     |
|    episodes                    | 1319     |
|    grasp_rate                  | 0.52     |
|    human_collision_rate        | 0.04     |
|    human_difficulty            | 0.0881   |
|    human_safety_cost           | 11.3     |
|    lift_rate                   | 0.12     |
|    minimum_human_distance      | 0.315    |
|    near_misses                 | 0.1      |
|    place_err_mm                | 247      |
|    proximity_steps             | 5.58     |
|    safety_clamped              | 129      |
|    success_rate                | 0.08     |
|    waiting_steps               | 4.42     |
| time/                          |          |
|    episodes                    | 1320     |
|    fps                         | 37       |
|    time_elapsed                | 4903     |
|    total_timesteps             | 182036   |
| train/                         |          |
|    actor_loss                  | -5.78    |
|    critic_loss                 | 28       |
|    ent_coef                    | 0.0202   |
|    ent_coef_loss               | 1.15     |
|    learning_rate               | 0.0003   |
|    n_updates                   | 177032   |
---------------------------------------------
---------------------------------------------
| rollout/                       |          |
|    collision_free_success_rate | 0.08     |
|    collision_steps             | 0.8      |
|    completion_time             | 7.25     |
|    ep_len                      | 145      |
|    ep_len_mean                 | 136      |
|    ep_rew_mean                 | 11       |
|    episodes                    | 1329     |
|    grasp_rate                  | 0.4      |
|    human_collision_rate        | 0        |
|    human_difficulty            | 0.0887   |
|    human_safety_cost           | 6.49     |
|    lift_rate                   | 0.1      |
|    minimum_human_distance      | 0.352    |
|    near_misses                 | 0.08     |
|    place_err_mm                | 260      |
|    proximity_steps             | 4.08     |
|    safety_clamped              | 131      |
|    success_rate                | 0.08     |
|    waiting_steps               | 3.3      |
| time/                          |          |
|    episodes                    | 1330     |
|    fps                         | 37       |
|    time_elapsed                | 4939     |
|    total_timesteps             | 183420   |
| train/                         |          |
|    actor_loss                  | -3.09    |
|    critic_loss                 | 16.7     |
|    ent_coef                    | 0.0201   |
|    ent_coef_loss               | -0.283   |
|    learning_rate               | 0.0003   |
|    n_updates                   | 178416   |
---------------------------------------------
---------------------------------------------
| rollout/                       |          |
|    collision_free_success_rate | 0.08     |
|    collision_steps             | 0.78     |
|    completion_time             | 6.94     |
|    ep_len                      | 139      |
|    episodes                    | 1334     |
|    grasp_rate                  | 0.4      |
|    human_collision_rate        | 0        |
|    human_difficulty            | 0.0889   |
|    human_safety_cost           | 7.03     |
|    lift_rate                   | 0.1      |
|    minimum_human_distance      | 0.359    |
|    near_misses                 | 0.1      |
|    place_err_mm                | 253      |
|    proximity_steps             | 4.64     |
|    safety_clamped              | 124      |
|    success_rate                | 0.08     |
|    waiting_steps               | 3.7      |
| train/                         |          |
|    actor_loss                  | -4.24    |
|    critic_loss                 | 10.9     |
|    ent_coef                    | 0.0203   |
|    ent_coef_loss               | -0.626   |
|    learning_rate               | 0.0003   |
|    n_updates                   | 178996   |
---------------------------------------------
---------------------------------------------
| rollout/                       |          |
|    collision_free_success_rate | 0.06     |
|    collision_steps             | 0.78     |
|    completion_time             | 7.18     |
|    ep_len                      | 144      |
|    ep_len_mean                 | 138      |
|    ep_rew_mean                 | 9.58     |
|    episodes                    | 1339     |
|    grasp_rate                  | 0.38     |
|    human_collision_rate        | 0        |
|    human_difficulty            | 0.0892   |
|    human_safety_cost           | 7.03     |
|    lift_rate                   | 0.1      |
|    minimum_human_distance      | 0.354    |
|    near_misses                 | 0.1      |
|    place_err_mm                | 253      |
|    proximity_steps             | 4.64     |
|    safety_clamped              | 129      |
|    success_rate                | 0.07     |
|    waiting_steps               | 3.7      |
| time/                          |          |
|    episodes                    | 1340     |
|    fps                         | 37       |
|    time_elapsed                | 4980     |
|    total_timesteps             | 184968   |
| train/                         |          |
|    actor_loss                  | -2.72    |
|    critic_loss                 | 13.6     |
|    ent_coef                    | 0.0198   |
|    ent_coef_loss               | -0.405   |
|    learning_rate               | 0.0003   |
|    n_updates                   | 179964   |
---------------------------------------------
---------------------------------------------
| rollout/                       |          |
|    collision_free_success_rate | 0.06     |
|    collision_steps             | 0.7      |
|    completion_time             | 6.69     |
|    ep_len                      | 134      |
|    ep_len_mean                 | 134      |
|    ep_rew_mean                 | 10.8     |
|    episodes                    | 1349     |
|    grasp_rate                  | 0.44     |
|    human_collision_rate        | 0        |
|    human_difficulty            | 0.09     |
|    human_safety_cost           | 0.753    |
|    lift_rate                   | 0.1      |
|    minimum_human_distance      | 0.364    |
|    near_misses                 | 0.06     |
|    place_err_mm                | 239      |
|    proximity_steps             | 1.22     |
|    safety_clamped              | 119      |
|    success_rate                | 0.08     |
|    waiting_steps               | 1.06     |
| time/                          |          |
|    episodes                    | 1350     |
|    fps                         | 37       |
|    time_elapsed                | 5004     |
|    total_timesteps             | 185864   |
| train/                         |          |
|    actor_loss                  | -3.97    |
|    critic_loss                 | 13.1     |
|    ent_coef                    | 0.0204   |
|    ent_coef_loss               | 0.571    |
|    learning_rate               | 0.0003   |
|    n_updates                   | 180860   |
---------------------------------------------
---------------------------------------------
| rollout/                       |          |
|    collision_free_success_rate | 0.06     |
|    collision_steps             | 0.7      |
|    completion_time             | 6.51     |
|    ep_len                      | 130      |
|    episodes                    | 1350     |
|    grasp_rate                  | 0.46     |
|    human_collision_rate        | 0        |
|    human_difficulty            | 0.0901   |
|    human_safety_cost           | 0.753    |
|    lift_rate                   | 0.1      |
|    minimum_human_distance      | 0.367    |
|    near_misses                 | 0.06     |
|    place_err_mm                | 238      |
|    proximity_steps             | 1.22     |
|    safety_clamped              | 116      |
|    success_rate                | 0.06     |
|    waiting_steps               | 1.06     |
| train/                         |          |
|    actor_loss                  | -3.92    |
|    critic_loss                 | 15       |
|    ent_coef                    | 0.0208   |
|    ent_coef_loss               | -0.406   |
|    learning_rate               | 0.0003   |
|    n_updates                   | 180996   |
---------------------------------------------
---------------------------------------------
| rollout/                       |          |
|    collision_free_success_rate | 0.08     |
|    collision_steps             | 0.68     |
|    completion_time             | 6.7      |
|    ep_len                      | 134      |
|    ep_len_mean                 | 134      |
|    ep_rew_mean                 | 9.43     |
|    episodes                    | 1359     |
|    grasp_rate                  | 0.42     |
|    human_collision_rate        | 0        |
|    human_difficulty            | 0.0909   |
|    human_safety_cost           | 0.875    |
|    lift_rate                   | 0.1      |
|    minimum_human_distance      | 0.374    |
|    near_misses                 | 0.06     |
|    place_err_mm                | 243      |
|    proximity_steps             | 2.34     |
|    safety_clamped              | 121      |
|    success_rate                | 0.08     |
|    waiting_steps               | 2.18     |
| time/                          |          |
|    episodes                    | 1360     |
|    fps                         | 37       |
|    time_elapsed                | 5037     |
|    total_timesteps             | 187144   |
| train/                         |          |
|    actor_loss                  | -5.5     |
|    critic_loss                 | 20.3     |
|    ent_coef                    | 0.0202   |
|    ent_coef_loss               | -0.0468  |
|    learning_rate               | 0.0003   |
|    n_updates                   | 182140   |
---------------------------------------------
---------------------------------------------
| rollout/                       |          |
|    collision_free_success_rate | 0.12     |
|    collision_steps             | 0.68     |
|    completion_time             | 6.23     |
|    ep_len                      | 125      |
|    episodes                    | 1368     |
|    grasp_rate                  | 0.46     |
|    human_collision_rate        | 0.02     |
|    human_difficulty            | 0.0913   |
|    human_safety_cost           | 3.75     |
|    lift_rate                   | 0.08     |
|    minimum_human_distance      | 0.37     |
|    near_misses                 | 0.08     |
|    place_err_mm                | 216      |
|    proximity_steps             | 3.2      |
|    safety_clamped              | 111      |
|    success_rate                | 0.12     |
|    waiting_steps               | 3.04     |
| train/                         |          |
|    actor_loss                  | -4.06    |
|    critic_loss                 | 13.3     |
|    ent_coef                    | 0.0203   |
|    ent_coef_loss               | 0.419    |
|    learning_rate               | 0.0003   |
|    n_updates                   | 182996   |
---------------------------------------------
---------------------------------------------
| rollout/                       |          |
|    collision_free_success_rate | 0.12     |
|    collision_steps             | 0.68     |
|    completion_time             | 6.23     |
|    ep_len                      | 125      |
|    ep_len_mean                 | 133      |
|    ep_rew_mean                 | 12.9     |
|    episodes                    | 1369     |
|    grasp_rate                  | 0.46     |
|    human_collision_rate        | 0.02     |
|    human_difficulty            | 0.0914   |
|    human_safety_cost           | 3.75     |
|    lift_rate                   | 0.08     |
|    minimum_human_distance      | 0.371    |
|    near_misses                 | 0.08     |
|    place_err_mm                | 220      |
|    proximity_steps             | 3.2      |
|    safety_clamped              | 111      |
|    success_rate                | 0.1      |
|    waiting_steps               | 3.04     |
| time/                          |          |
|    episodes                    | 1370     |
|    fps                         | 37       |
|    time_elapsed                | 5065     |
|    total_timesteps             | 188188   |
| train/                         |          |
|    actor_loss                  | -5.26    |
|    critic_loss                 | 18.9     |
|    ent_coef                    | 0.0205   |
|    ent_coef_loss               | 0.231    |
|    learning_rate               | 0.0003   |
|    n_updates                   | 183184   |
---------------------------------------------
---------------------------------------------
| rollout/                       |          |
|    collision_free_success_rate | 0.1      |
|    collision_steps             | 0.94     |
|    completion_time             | 6.01     |
|    ep_len                      | 120      |
|    ep_len_mean                 | 132      |
|    ep_rew_mean                 | 6.02     |
|    episodes                    | 1379     |
|    grasp_rate                  | 0.5      |
|    human_collision_rate        | 0.04     |
|    human_difficulty            | 0.0919   |
|    human_safety_cost           | 6.08     |
|    lift_rate                   | 0.06     |
|    minimum_human_distance      | 0.369    |
|    near_misses                 | 0.08     |
|    place_err_mm                | 219      |
|    proximity_steps             | 3.54     |
|    safety_clamped              | 106      |
|    success_rate                | 0.09     |
|    waiting_steps               | 3.38     |
| time/                          |          |
|    episodes                    | 1380     |
|    fps                         | 37       |
|    time_elapsed                | 5097     |
|    total_timesteps             | 189448   |
| train/                         |          |
|    actor_loss                  | -5.23    |
|    critic_loss                 | 23.4     |
|    ent_coef                    | 0.0201   |
|    ent_coef_loss               | 0.354    |
|    learning_rate               | 0.0003   |
|    n_updates                   | 184444   |
---------------------------------------------
---------------------------------------------
| rollout/                       |          |
|    collision_free_success_rate | 0.1      |
|    collision_steps             | 2.46     |
|    completion_time             | 5.88     |
|    ep_len                      | 118      |
|    episodes                    | 1384     |
|    grasp_rate                  | 0.54     |
|    human_collision_rate        | 0.04     |
|    human_difficulty            | 0.0921   |
|    human_safety_cost           | 5.5      |
|    lift_rate                   | 0.08     |
|    minimum_human_distance      | 0.365    |
|    near_misses                 | 0.04     |
|    place_err_mm                | 220      |
|    proximity_steps             | 2.76     |
|    safety_clamped              | 103      |
|    success_rate                | 0.1      |
|    waiting_steps               | 2.76     |
| train/                         |          |
|    actor_loss                  | -7.26    |
|    critic_loss                 | 17       |
|    ent_coef                    | 0.0211   |
|    ent_coef_loss               | -0.571   |
|    learning_rate               | 0.0003   |
|    n_updates                   | 184996   |
---------------------------------------------
---------------------------------------------
| rollout/                       |          |
|    collision_free_success_rate | 0.12     |
|    collision_steps             | 2.82     |
|    completion_time             | 5.84     |
|    ep_len                      | 117      |
|    ep_len_mean                 | 130      |
|    ep_rew_mean                 | 6.45     |
|    episodes                    | 1389     |
|    grasp_rate                  | 0.54     |
|    human_collision_rate        | 0.04     |
|    human_difficulty            | 0.0926   |
|    human_safety_cost           | 5.5      |
|    lift_rate                   | 0.1      |
|    minimum_human_distance      | 0.369    |
|    near_misses                 | 0.04     |
|    place_err_mm                | 219      |
|    proximity_steps             | 2.82     |
|    safety_clamped              | 103      |
|    success_rate                | 0.08     |
|    waiting_steps               | 2.82     |
| time/                          |          |
|    episodes                    | 1390     |
|    fps                         | 37       |
|    time_elapsed                | 5137     |
|    total_timesteps             | 190972   |
| train/                         |          |
|    actor_loss                  | -5.57    |
|    critic_loss                 | 14.9     |
|    ent_coef                    | 0.0216   |
|    ent_coef_loss               | -0.899   |
|    learning_rate               | 0.0003   |
|    n_updates                   | 185968   |
---------------------------------------------
---------------------------------------------
| rollout/                       |          |
|    collision_free_success_rate | 0.08     |
|    collision_steps             | 3.88     |
|    completion_time             | 6.3      |
|    ep_len                      | 126      |
|    episodes                    | 1397     |
|    grasp_rate                  | 0.44     |
|    human_collision_rate        | 0.04     |
|    human_difficulty            | 0.0932   |
|    human_safety_cost           | 5.6      |
|    lift_rate                   | 0.1      |
|    minimum_human_distance      | 0.367    |
|    near_misses                 | 0.06     |
|    place_err_mm                | 240      |
|    proximity_steps             | 3.14     |
|    safety_clamped              | 113      |
|    success_rate                | 0.08     |
|    waiting_steps               | 3.14     |
| train/                         |          |
|    actor_loss                  | -4.7     |
|    critic_loss                 | 12.6     |
|    ent_coef                    | 0.0218   |
|    ent_coef_loss               | -0.23    |
|    learning_rate               | 0.0003   |
|    n_updates                   | 186996   |
---------------------------------------------
---------------------------------------------
| rollout/                       |          |
|    collision_free_success_rate | 0.08     |
|    collision_steps             | 3.82     |
|    completion_time             | 6.32     |
|    ep_len                      | 126      |
|    ep_len_mean                 | 130      |
|    ep_rew_mean                 | 4.1      |
|    episodes                    | 1399     |
|    grasp_rate                  | 0.42     |
|    human_collision_rate        | 0.06     |
|    human_difficulty            | 0.0933   |
|    human_safety_cost           | 9.15     |
|    lift_rate                   | 0.1      |
|    minimum_human_distance      | 0.359    |
|    near_misses                 | 0.08     |
|    place_err_mm                | 239      |
|    proximity_steps             | 4        |
|    safety_clamped              | 113      |
|    success_rate                | 0.07     |
|    waiting_steps               | 4        |
| time/                          |          |
|    episodes                    | 1400     |
|    fps                         | 37       |
|    time_elapsed                | 5173     |
|    total_timesteps             | 192396   |
| train/                         |          |
|    actor_loss                  | -4.36    |
|    critic_loss                 | 14.3     |
|    ent_coef                    | 0.0224   |
|    ent_coef_loss               | -0.867   |
|    learning_rate               | 0.0003   |
|    n_updates                   | 187392   |
---------------------------------------------
---------------------------------------------
| rollout/                       |          |
|    collision_free_success_rate | 0.06     |
|    collision_steps             | 3.82     |
|    completion_time             | 6.74     |
|    ep_len                      | 135      |
|    ep_len_mean                 | 135      |
|    ep_rew_mean                 | 3.79     |
|    episodes                    | 1409     |
|    grasp_rate                  | 0.4      |
|    human_collision_rate        | 0.06     |
|    human_difficulty            | 0.0938   |
|    human_safety_cost           | 9.03     |
|    lift_rate                   | 0.06     |
|    minimum_human_distance      | 0.35     |
|    near_misses                 | 0.08     |
|    place_err_mm                | 236      |
|    proximity_steps             | 2.88     |
|    safety_clamped              | 119      |
|    success_rate                | 0.07     |
|    waiting_steps               | 2.88     |
| time/                          |          |
|    episodes                    | 1410     |
|    fps                         | 37       |
|    time_elapsed                | 5213     |
|    total_timesteps             | 193928   |
| train/                         |          |
|    actor_loss                  | -6.87    |
|    critic_loss                 | 34.1     |
|    ent_coef                    | 0.0225   |
|    ent_coef_loss               | 0.254    |
|    learning_rate               | 0.0003   |
|    n_updates                   | 188924   |
---------------------------------------------
---------------------------------------------
| rollout/                       |          |
|    collision_free_success_rate | 0.04     |
|    collision_steps             | 3.82     |
|    completion_time             | 6.9      |
|    ep_len                      | 138      |
|    episodes                    | 1411     |
|    grasp_rate                  | 0.38     |
|    human_collision_rate        | 0.06     |
|    human_difficulty            | 0.0939   |
|    human_safety_cost           | 9.03     |
|    lift_rate                   | 0.06     |
|    minimum_human_distance      | 0.347    |
|    near_misses                 | 0.08     |
|    place_err_mm                | 241      |
|    proximity_steps             | 2.88     |
|    safety_clamped              | 122      |
|    success_rate                | 0.04     |
|    waiting_steps               | 2.88     |
| train/                         |          |
|    actor_loss                  | -4.69    |
|    critic_loss                 | 20.8     |
|    ent_coef                    | 0.0225   |
|    ent_coef_loss               | 0.922    |
|    learning_rate               | 0.0003   |
|    n_updates                   | 188996   |
---------------------------------------------
---------------------------------------------
| rollout/                       |          |
|    collision_free_success_rate | 0.02     |
|    collision_steps             | 3.82     |
|    completion_time             | 7.27     |
|    ep_len                      | 145      |
|    ep_len_mean                 | 134      |
|    ep_rew_mean                 | 3.45     |
|    episodes                    | 1419     |
|    grasp_rate                  | 0.36     |
|    human_collision_rate        | 0.04     |
|    human_difficulty            | 0.0945   |
|    human_safety_cost           | 6.16     |
|    lift_rate                   | 0.06     |
|    minimum_human_distance      | 0.345    |
|    near_misses                 | 0.06     |
|    place_err_mm                | 262      |
|    proximity_steps             | 2.02     |
|    safety_clamped              | 129      |
|    success_rate                | 0.07     |
|    waiting_steps               | 2.02     |
| time/                          |          |
|    episodes                    | 1420     |
|    fps                         | 37       |
|    time_elapsed                | 5251     |
|    total_timesteps             | 195388   |
| train/                         |          |
|    actor_loss                  | -5.9     |
|    critic_loss                 | 16.9     |
|    ent_coef                    | 0.022    |
|    ent_coef_loss               | 0.0542   |
|    learning_rate               | 0.0003   |
|    n_updates                   | 190384   |
---------------------------------------------
---------------------------------------------
| rollout/                       |          |
|    collision_free_success_rate | 0.04     |
|    collision_steps             | 3.82     |
|    completion_time             | 6.92     |
|    ep_len                      | 138      |
|    episodes                    | 1424     |
|    grasp_rate                  | 0.34     |
|    human_collision_rate        | 0.04     |
|    human_difficulty            | 0.095    |
|    human_safety_cost           | 6.16     |
|    lift_rate                   | 0.06     |
|    minimum_human_distance      | 0.346    |
|    near_misses                 | 0.06     |
|    place_err_mm                | 261      |
|    proximity_steps             | 2.02     |
|    safety_clamped              | 123      |
|    success_rate                | 0.04     |
|    waiting_steps               | 2.02     |
| train/                         |          |
|    actor_loss                  | -6.6     |
|    critic_loss                 | 13.2     |
|    ent_coef                    | 0.0218   |
|    ent_coef_loss               | -1.01    |
|    learning_rate               | 0.0003   |
|    n_updates                   | 190996   |
---------------------------------------------
---------------------------------------------
| rollout/                       |          |
|    collision_free_success_rate | 0.06     |
|    collision_steps             | 2.94     |
|    completion_time             | 7.02     |
|    ep_len                      | 140      |
|    ep_len_mean                 | 131      |
|    ep_rew_mean                 | 5.08     |
|    episodes                    | 1429     |
|    grasp_rate                  | 0.36     |
|    human_collision_rate        | 0.02     |
|    human_difficulty            | 0.0955   |
|    human_safety_cost           | 3.66     |
|    lift_rate                   | 0.06     |
|    minimum_human_distance      | 0.353    |
|    near_misses                 | 0.04     |
|    place_err_mm                | 255      |
|    proximity_steps             | 1.34     |
|    safety_clamped              | 124      |
|    success_rate                | 0.08     |
|    waiting_steps               | 1.34     |
| time/                          |          |
|    episodes                    | 1430     |
|    fps                         | 37       |
|    time_elapsed                | 5280     |
|    total_timesteps             | 196516   |
| train/                         |          |
|    actor_loss                  | -6.55    |
|    critic_loss                 | 23.3     |
|    ent_coef                    | 0.0216   |
|    ent_coef_loss               | -0.0304  |
|    learning_rate               | 0.0003   |
|    n_updates                   | 191512   |
---------------------------------------------
---------------------------------------------
| rollout/                       |          |
|    collision_free_success_rate | 0.06     |
|    collision_steps             | 1.08     |
|    completion_time             | 6.92     |
|    ep_len                      | 138      |
|    ep_len_mean                 | 128      |
|    ep_rew_mean                 | 5.27     |
|    episodes                    | 1439     |
|    grasp_rate                  | 0.34     |
|    human_collision_rate        | 0.02     |
|    human_difficulty            | 0.0962   |
|    human_safety_cost           | 3.65     |
|    lift_rate                   | 0.02     |
|    minimum_human_distance      | 0.369    |
|    near_misses                 | 0.04     |
|    place_err_mm                | 260      |
|    proximity_steps             | 1.18     |
|    safety_clamped              | 122      |
|    success_rate                | 0.09     |
|    waiting_steps               | 1.18     |
| time/                          |          |
|    episodes                    | 1440     |
|    fps                         | 37       |
|    time_elapsed                | 5314     |
|    total_timesteps             | 197800   |
| train/                         |          |
|    actor_loss                  | -5.76    |
|    critic_loss                 | 17.9     |
|    ent_coef                    | 0.0224   |
|    ent_coef_loss               | -0.772   |
|    learning_rate               | 0.0003   |
|    n_updates                   | 192796   |
---------------------------------------------
---------------------------------------------
| rollout/                       |          |
|    collision_free_success_rate | 0.08     |
|    collision_steps             | 1.08     |
|    completion_time             | 6.87     |
|    ep_len                      | 137      |
|    episodes                    | 1442     |
|    grasp_rate                  | 0.36     |
|    human_collision_rate        | 0.02     |
|    human_difficulty            | 0.0964   |
|    human_safety_cost           | 3.55     |
|    lift_rate                   | 0        |
|    minimum_human_distance      | 0.378    |
|    near_misses                 | 0.02     |
|    place_err_mm                | 262      |
|    proximity_steps             | 0.86     |
|    safety_clamped              | 121      |
|    success_rate                | 0.08     |
|    waiting_steps               | 0.86     |
| train/                         |          |
|    actor_loss                  | -5.48    |
|    critic_loss                 | 22       |
|    ent_coef                    | 0.0222   |
|    ent_coef_loss               | -0.855   |
|    learning_rate               | 0.0003   |
|    n_updates                   | 192996   |
---------------------------------------------
---------------------------------------------
| rollout/                       |          |
|    collision_free_success_rate | 0.08     |
|    collision_steps             | 0.02     |
|    completion_time             | 6.73     |
|    ep_len                      | 135      |
|    ep_len_mean                 | 132      |
|    ep_rew_mean                 | 3.02     |
|    episodes                    | 1449     |
|    grasp_rate                  | 0.42     |
|    human_collision_rate        | 0        |
|    human_difficulty            | 0.0967   |
|    human_safety_cost           | 0.18     |
|    lift_rate                   | 0        |
|    minimum_human_distance      | 0.381    |
|    near_misses                 | 0.02     |
|    place_err_mm                | 258      |
|    proximity_steps             | 0.48     |
|    safety_clamped              | 119      |
|    success_rate                | 0.08     |
|    waiting_steps               | 0.48     |
| time/                          |          |
|    episodes                    | 1450     |
|    fps                         | 37       |
|    time_elapsed                | 5342     |
|    total_timesteps             | 198908   |
| train/                         |          |
|    actor_loss                  | -7.12    |
|    critic_loss                 | 18.8     |
|    ent_coef                    | 0.0217   |
|    ent_coef_loss               | 1.86     |
|    learning_rate               | 0.0003   |
|    n_updates                   | 193904   |
---------------------------------------------
---------------------------------------------
| rollout/                       |          |
|    collision_free_success_rate | 0.08     |
|    collision_steps             | 1.12     |
|    completion_time             | 6.5      |
|    ep_len                      | 130      |
|    episodes                    | 1456     |
|    grasp_rate                  | 0.46     |
|    human_collision_rate        | 0.02     |
|    human_difficulty            | 0.0971   |
|    human_safety_cost           | 3.43     |
|    lift_rate                   | 0        |
|    minimum_human_distance      | 0.375    |
|    near_misses                 | 0.04     |
|    place_err_mm                | 248      |
|    proximity_steps             | 1.32     |
|    safety_clamped              | 117      |
|    success_rate                | 0.08     |
|    waiting_steps               | 1.04     |
| train/                         |          |
|    actor_loss                  | -4.24    |
|    critic_loss                 | 29.7     |
|    ent_coef                    | 0.0222   |
|    ent_coef_loss               | 0.96     |
|    learning_rate               | 0.0003   |
|    n_updates                   | 194996   |
---------------------------------------------
Eval num_timesteps=200000, episode_reward=-6.81 +/- 17.74
Episode length: 188.53 +/- 42.90
Success rate: 0.00%
---------------------------------
| eval/              |          |
|    mean_ep_length  | 189      |
|    mean_reward     | -6.81    |
|    success_rate    | 0        |
| time/              |          |
|    total_timesteps | 200000   |
---------------------------------
---------------------------------------------
| rollout/                       |          |
|    collision_free_success_rate | 0.08     |
|    collision_steps             | 1.12     |
|    completion_time             | 6.5      |
|    ep_len                      | 130      |
|    ep_len_mean                 | 132      |
|    ep_rew_mean                 | 1.64     |
|    episodes                    | 1459     |
|    grasp_rate                  | 0.48     |
|    human_collision_rate        | 0.02     |
|    human_difficulty            | 0.0974   |
|    human_safety_cost           | 3.43     |
|    lift_rate                   | 0        |
|    minimum_human_distance      | 0.368    |
|    near_misses                 | 0.04     |
|    place_err_mm                | 247      |
|    proximity_steps             | 1.32     |
|    safety_clamped              | 116      |
|    success_rate                | 0.07     |
|    waiting_steps               | 1.04     |
| time/                          |          |
|    episodes                    | 1460     |
|    fps                         | 36       |
|    time_elapsed                | 5427     |
|    total_timesteps             | 200400   |
| train/                         |          |
|    actor_loss                  | -4.13    |
|    critic_loss                 | 13.2     |
|    ent_coef                    | 0.023    |
|    ent_coef_loss               | -0.234   |
|    learning_rate               | 0.0003   |
|    n_updates                   | 195396   |
---------------------------------------------
---------------------------------------------
| rollout/                       |          |
|    collision_free_success_rate | 0.12     |
|    collision_steps             | 1.18     |
|    completion_time             | 6.22     |
|    ep_len                      | 124      |
|    ep_len_mean                 | 134      |
|    ep_rew_mean                 | 5.17     |
|    episodes                    | 1469     |
|    grasp_rate                  | 0.52     |
|    human_collision_rate        | 0.02     |
|    human_difficulty            | 0.0982   |
|    human_safety_cost           | 3.43     |
|    lift_rate                   | 0.04     |
|    minimum_human_distance      | 0.374    |
|    near_misses                 | 0.04     |
|    place_err_mm                | 235      |
|    proximity_steps             | 1.32     |
|    safety_clamped              | 111      |
|    success_rate                | 0.08     |
|    waiting_steps               | 1.04     |
| time/                          |          |
|    episodes                    | 1470     |
|    fps                         | 36       |
|    time_elapsed                | 5458     |
|    total_timesteps             | 201600   |
| train/                         |          |
|    actor_loss                  | -7.25    |
|    critic_loss                 | 20.6     |
|    ent_coef                    | 0.0224   |
|    ent_coef_loss               | 0.187    |
|    learning_rate               | 0.0003   |
|    n_updates                   | 196596   |
---------------------------------------------
---------------------------------------------
| rollout/                       |          |
|    collision_free_success_rate | 0.14     |
|    collision_steps             | 1.18     |
|    completion_time             | 6.29     |
|    ep_len                      | 126      |
|    episodes                    | 1472     |
|    grasp_rate                  | 0.56     |
|    human_collision_rate        | 0.02     |
|    human_difficulty            | 0.0983   |
|    human_safety_cost           | 3.43     |
|    lift_rate                   | 0.06     |
|    minimum_human_distance      | 0.375    |
|    near_misses                 | 0.04     |
|    place_err_mm                | 235      |
|    proximity_steps             | 1.32     |
|    safety_clamped              | 112      |
|    success_rate                | 0.14     |
|    waiting_steps               | 1.04     |
| train/                         |          |
|    actor_loss                  | -4.39    |
|    critic_loss                 | 16       |
|    ent_coef                    | 0.0222   |
|    ent_coef_loss               | 1.85     |
|    learning_rate               | 0.0003   |
|    n_updates                   | 196996   |
---------------------------------------------
---------------------------------------------
| rollout/                       |          |
|    collision_free_success_rate | 0.12     |
|    collision_steps             | 1.18     |
|    completion_time             | 6.35     |
|    ep_len                      | 127      |
|    ep_len_mean                 | 133      |
|    ep_rew_mean                 | 11       |
|    episodes                    | 1479     |
|    grasp_rate                  | 0.54     |
|    human_collision_rate        | 0.04     |
|    human_difficulty            | 0.0987   |
|    human_safety_cost           | 5.74     |
|    lift_rate                   | 0.08     |
|    minimum_human_distance      | 0.358    |
|    near_misses                 | 0.06     |
|    place_err_mm                | 243      |
|    proximity_steps             | 1.78     |
|    safety_clamped              | 112      |
|    success_rate                | 0.09     |
|    waiting_steps               | 1.5      |
| time/                          |          |
|    episodes                    | 1480     |
|    fps                         | 36       |
|    time_elapsed                | 5488     |
|    total_timesteps             | 202760   |
| train/                         |          |
|    actor_loss                  | -4.33    |
|    critic_loss                 | 23.1     |
|    ent_coef                    | 0.0213   |
|    ent_coef_loss               | 0.056    |
|    learning_rate               | 0.0003   |
|    n_updates                   | 197756   |
---------------------------------------------
---------------------------------------------
| rollout/                       |          |
|    collision_free_success_rate | 0.1      |
|    collision_steps             | 1.16     |
|    completion_time             | 6.56     |
|    ep_len                      | 131      |
|    episodes                    | 1488     |
|    grasp_rate                  | 0.54     |
|    human_collision_rate        | 0.04     |
|    human_difficulty            | 0.0991   |
|    human_safety_cost           | 6.77     |
|    lift_rate                   | 0.08     |
|    minimum_human_distance      | 0.342    |
|    near_misses                 | 0.1      |
|    place_err_mm                | 274      |
|    proximity_steps             | 3.74     |
|    safety_clamped              | 118      |
|    success_rate                | 0.1      |
|    waiting_steps               | 3.42     |
| train/                         |          |
|    actor_loss                  | -5.88    |
|    critic_loss                 | 22.4     |
|    ent_coef                    | 0.0227   |
|    ent_coef_loss               | -0.463   |
|    learning_rate               | 0.0003   |
|    n_updates                   | 198996   |
---------------------------------------------
---------------------------------------------
| rollout/                       |          |
|    collision_free_success_rate | 0.1      |
|    collision_steps             | 1.16     |
|    completion_time             | 6.52     |
|    ep_len                      | 130      |
|    ep_len_mean                 | 135      |
|    ep_rew_mean                 | 5.25     |
|    episodes                    | 1489     |
|    grasp_rate                  | 0.54     |
|    human_collision_rate        | 0.04     |
|    human_difficulty            | 0.0992   |
|    human_safety_cost           | 6.77     |
|    lift_rate                   | 0.08     |
|    minimum_human_distance      | 0.342    |
|    near_misses                 | 0.1      |
|    place_err_mm                | 263      |
|    proximity_steps             | 3.74     |
|    safety_clamped              | 116      |
|    success_rate                | 0.08     |
|    waiting_steps               | 3.42     |
| time/                          |          |
|    episodes                    | 1490     |
|    fps                         | 36       |
|    time_elapsed                | 5528     |
|    total_timesteps             | 204240   |
| train/                         |          |
|    actor_loss                  | -7.79    |
|    critic_loss                 | 24.2     |
|    ent_coef                    | 0.0225   |
|    ent_coef_loss               | 0.331    |
|    learning_rate               | 0.0003   |
|    n_updates                   | 199236   |
---------------------------------------------
---------------------------------------------
| rollout/                       |          |
|    collision_free_success_rate | 0.12     |
|    collision_steps             | 1.16     |
|    completion_time             | 6.57     |
|    ep_len                      | 131      |
|    ep_len_mean                 | 132      |
|    ep_rew_mean                 | 11.9     |
|    episodes                    | 1499     |
|    grasp_rate                  | 0.5      |
|    human_collision_rate        | 0.06     |
|    human_difficulty            | 0.0999   |
|    human_safety_cost           | 10.6     |
|    lift_rate                   | 0.12     |
|    minimum_human_distance      | 0.317    |
|    near_misses                 | 0.12     |
|    place_err_mm                | 252      |
|    proximity_steps             | 5.48     |
|    safety_clamped              | 116      |
|    success_rate                | 0.1      |
|    waiting_steps               | 5.16     |
| time/                          |          |
|    episodes                    | 1500     |
|    fps                         | 36       |
|    time_elapsed                | 5565     |
|    total_timesteps             | 205680   |
| train/                         |          |
|    actor_loss                  | -8.09    |
|    critic_loss                 | 28.4     |
|    ent_coef                    | 0.022    |
|    ent_coef_loss               | 2.23     |
|    learning_rate               | 0.0003   |
|    n_updates                   | 200676   |
---------------------------------------------
---------------------------------------------
| rollout/                       |          |
|    collision_free_success_rate | 0.12     |
|    collision_steps             | 0.08     |
|    completion_time             | 6.64     |
|    ep_len                      | 133      |
|    episodes                    | 1503     |
|    grasp_rate                  | 0.5      |
|    human_collision_rate        | 0.04     |
|    human_difficulty            | 0.1      |
|    human_safety_cost           | 7.33     |
|    lift_rate                   | 0.12     |
|    minimum_human_distance      | 0.326    |
|    near_misses                 | 0.1      |
|    place_err_mm                | 264      |
|    proximity_steps             | 4.64     |
|    safety_clamped              | 116      |
|    success_rate                | 0.12     |
|    waiting_steps               | 4.6      |
| train/                         |          |
|    actor_loss                  | -5.09    |
|    critic_loss                 | 41       |
|    ent_coef                    | 0.0229   |
|    ent_coef_loss               | -0.142   |
|    learning_rate               | 0.0003   |
|    n_updates                   | 200996   |
---------------------------------------------
---------------------------------------------
| rollout/                       |          |
|    collision_free_success_rate | 0.14     |
|    collision_steps             | 0.08     |
|    completion_time             | 6.51     |
|    ep_len                      | 130      |
|    ep_len_mean                 | 130      |
|    ep_rew_mean                 | 16.7     |
|    episodes                    | 1509     |
|    grasp_rate                  | 0.48     |
|    human_collision_rate        | 0.04     |
|    human_difficulty            | 0.101    |
|    human_safety_cost           | 7.33     |
|    lift_rate                   | 0.18     |
|    minimum_human_distance      | 0.324    |
|    near_misses                 | 0.1      |
|    place_err_mm                | 267      |
|    proximity_steps             | 4.64     |
|    safety_clamped              | 113      |
|    success_rate                | 0.11     |
|    waiting_steps               | 4.6      |
| time/                          |          |
|    episodes                    | 1510     |
|    fps                         | 36       |
|    time_elapsed                | 5605     |
|    total_timesteps             | 207200   |
| train/                         |          |
|    actor_loss                  | -5.67    |
|    critic_loss                 | 23.2     |
|    ent_coef                    | 0.0234   |
|    ent_coef_loss               | 0.483    |
|    learning_rate               | 0.0003   |
|    n_updates                   | 202196   |
---------------------------------------------
---------------------------------------------
| rollout/                       |          |
|    collision_free_success_rate | 0.14     |
|    collision_steps             | 2.98     |
|    completion_time             | 6.47     |
|    ep_len                      | 129      |
|    episodes                    | 1517     |
|    grasp_rate                  | 0.5      |
|    human_collision_rate        | 0.04     |
|    human_difficulty            | 0.101    |
|    human_safety_cost           | 7.86     |
|    lift_rate                   | 0.18     |
|    minimum_human_distance      | 0.318    |
|    near_misses                 | 0.12     |
|    place_err_mm                | 262      |
|    proximity_steps             | 5.3      |
|    safety_clamped              | 113      |
|    success_rate                | 0.14     |
|    waiting_steps               | 5.26     |
| train/                         |          |
|    actor_loss                  | -5.06    |
|    critic_loss                 | 14.1     |
|    ent_coef                    | 0.0231   |
|    ent_coef_loss               | 0.844    |
|    learning_rate               | 0.0003   |
|    n_updates                   | 202996   |
---------------------------------------------
---------------------------------------------
| rollout/                       |          |
|    collision_free_success_rate | 0.12     |
|    collision_steps             | 4.62     |
|    completion_time             | 6.61     |
|    ep_len                      | 132      |
|    ep_len_mean                 | 130      |
|    ep_rew_mean                 | 19.2     |
|    episodes                    | 1519     |
|    grasp_rate                  | 0.5      |
|    human_collision_rate        | 0.04     |
|    human_difficulty            | 0.101    |
|    human_safety_cost           | 7.86     |
|    lift_rate                   | 0.16     |
|    minimum_human_distance      | 0.317    |
|    near_misses                 | 0.12     |
|    place_err_mm                | 261      |
|    proximity_steps             | 5.3      |
|    safety_clamped              | 117      |
|    success_rate                | 0.12     |
|    waiting_steps               | 5.26     |
| time/                          |          |
|    episodes                    | 1520     |
|    fps                         | 36       |
|    time_elapsed                | 5638     |
|    total_timesteps             | 208452   |
| train/                         |          |
|    actor_loss                  | -5.75    |
|    critic_loss                 | 16.5     |
|    ent_coef                    | 0.0233   |
|    ent_coef_loss               | -0.209   |
|    learning_rate               | 0.0003   |
|    n_updates                   | 203448   |
---------------------------------------------
---------------------------------------------
| rollout/                       |          |
|    collision_free_success_rate | 0.08     |
|    collision_steps             | 4.62     |
|    completion_time             | 6.95     |
|    ep_len                      | 139      |
|    ep_len_mean                 | 132      |
|    ep_rew_mean                 | 15.4     |
|    episodes                    | 1529     |
|    grasp_rate                  | 0.48     |
|    human_collision_rate        | 0.02     |
|    human_difficulty            | 0.102    |
|    human_safety_cost           | 5.55     |
|    lift_rate                   | 0.12     |
|    minimum_human_distance      | 0.337    |
|    near_misses                 | 0.1      |
|    place_err_mm                | 263      |
|    proximity_steps             | 4.84     |
|    safety_clamped              | 125      |
|    success_rate                | 0.1      |
|    waiting_steps               | 4.8      |
| time/                          |          |
|    episodes                    | 1530     |
|    fps                         | 36       |
|    time_elapsed                | 5677     |
|    total_timesteps             | 209936   |
| train/                         |          |
|    actor_loss                  | -3.8     |
|    critic_loss                 | 15       |
|    ent_coef                    | 0.0228   |
|    ent_coef_loss               | 0.267    |
|    learning_rate               | 0.0003   |
|    n_updates                   | 204932   |
---------------------------------------------
---------------------------------------------
| rollout/                       |          |
|    collision_free_success_rate | 0.08     |
|    collision_steps             | 4.62     |
|    completion_time             | 7.13     |
|    ep_len                      | 143      |
|    episodes                    | 1531     |
|    grasp_rate                  | 0.5      |
|    human_collision_rate        | 0.02     |
|    human_difficulty            | 0.102    |
|    human_safety_cost           | 5.55     |
|    lift_rate                   | 0.12     |
|    minimum_human_distance      | 0.336    |
|    near_misses                 | 0.1      |
|    place_err_mm                | 255      |
|    proximity_steps             | 4.84     |
|    safety_clamped              | 128      |
|    success_rate                | 0.08     |
|    waiting_steps               | 4.8      |
| train/                         |          |
|    actor_loss                  | -8.23    |
|    critic_loss                 | 30.2     |
|    ent_coef                    | 0.0228   |
|    ent_coef_loss               | -0.375   |
|    learning_rate               | 0.0003   |
|    n_updates                   | 204996   |
---------------------------------------------
---------------------------------------------
| rollout/                       |          |
|    collision_free_success_rate | 0.1      |
|    collision_steps             | 4.62     |
|    completion_time             | 6.74     |
|    ep_len                      | 135      |
|    ep_len_mean                 | 132      |
|    ep_rew_mean                 | 17.8     |
|    episodes                    | 1539     |
|    grasp_rate                  | 0.5      |
|    human_collision_rate        | 0.02     |
|    human_difficulty            | 0.103    |
|    human_safety_cost           | 4.72     |
|    lift_rate                   | 0.14     |
|    minimum_human_distance      | 0.346    |
|    near_misses                 | 0.06     |
|    place_err_mm                | 227      |
|    proximity_steps             | 4.12     |
|    safety_clamped              | 121      |
|    success_rate                | 0.1      |
|    waiting_steps               | 3.9      |
| time/                          |          |
|    episodes                    | 1540     |
|    fps                         | 36       |
|    time_elapsed                | 5704     |
|    total_timesteps             | 210992   |
| train/                         |          |
|    actor_loss                  | -6.73    |
|    critic_loss                 | 28.5     |
|    ent_coef                    | 0.0228   |
|    ent_coef_loss               | 0.324    |
|    learning_rate               | 0.0003   |
|    n_updates                   | 205988   |
---------------------------------------------
---------------------------------------------
| rollout/                       |          |
|    collision_free_success_rate | 0.08     |
|    collision_steps             | 4.62     |
|    completion_time             | 6.86     |
|    ep_len                      | 137      |
|    episodes                    | 1547     |
|    grasp_rate                  | 0.52     |
|    human_collision_rate        | 0        |
|    human_difficulty            | 0.103    |
|    human_safety_cost           | 0.775    |
|    lift_rate                   | 0.1      |
|    minimum_human_distance      | 0.349    |
|    near_misses                 | 0.02     |
|    place_err_mm                | 223      |
|    proximity_steps             | 2.3      |
|    safety_clamped              | 124      |
|    success_rate                | 0.08     |
|    waiting_steps               | 1.94     |
| train/                         |          |
|    actor_loss                  | -6.13    |
|    critic_loss                 | 16.9     |
|    ent_coef                    | 0.0226   |
|    ent_coef_loss               | -0.813   |
|    learning_rate               | 0.0003   |
|    n_updates                   | 206996   |
---------------------------------------------
---------------------------------------------
| rollout/                       |          |
|    collision_free_success_rate | 0.1      |
|    collision_steps             | 7.88     |
|    completion_time             | 6.74     |
|    ep_len                      | 135      |
|    ep_len_mean                 | 132      |
|    ep_rew_mean                 | 20.3     |
|    episodes                    | 1549     |
|    grasp_rate                  | 0.54     |
|    human_collision_rate        | 0        |
|    human_difficulty            | 0.103    |
|    human_safety_cost           | 0.775    |
|    lift_rate                   | 0.12     |
|    minimum_human_distance      | 0.348    |
|    near_misses                 | 0.02     |
|    place_err_mm                | 222      |
|    proximity_steps             | 2.3      |
|    safety_clamped              | 121      |
|    success_rate                | 0.11     |
|    waiting_steps               | 1.94     |
| time/                          |          |
|    episodes                    | 1550     |
|    fps                         | 36       |
|    time_elapsed                | 5739     |
|    total_timesteps             | 212324   |
| train/                         |          |
|    actor_loss                  | -7.25    |
|    critic_loss                 | 20.1     |
|    ent_coef                    | 0.0225   |
|    ent_coef_loss               | -0.404   |
|    learning_rate               | 0.0003   |
|    n_updates                   | 207320   |
---------------------------------------------
---------------------------------------------
| rollout/                       |          |
|    collision_free_success_rate | 0.1      |
|    collision_steps             | 9.52     |
|    completion_time             | 6.8      |
|    ep_len                      | 136      |
|    ep_len_mean                 | 134      |
|    ep_rew_mean                 | 22.6     |
|    episodes                    | 1559     |
|    grasp_rate                  | 0.52     |
|    human_collision_rate        | 0        |
|    human_difficulty            | 0.104    |
|    human_safety_cost           | 0.775    |
|    lift_rate                   | 0.06     |
|    minimum_human_distance      | 0.352    |
|    near_misses                 | 0.02     |
|    place_err_mm                | 217      |
|    proximity_steps             | 2.3      |
|    safety_clamped              | 125      |
|    success_rate                | 0.12     |
|    waiting_steps               | 1.94     |
| time/                          |          |
|    episodes                    | 1560     |
|    fps                         | 37       |
|    time_elapsed                | 5780     |
|    total_timesteps             | 213880   |
| train/                         |          |
|    actor_loss                  | -7.35    |
|    critic_loss                 | 24.5     |
|    ent_coef                    | 0.0221   |
|    ent_coef_loss               | -0.0513  |
|    learning_rate               | 0.0003   |
|    n_updates                   | 208876   |
---------------------------------------------
---------------------------------------------
| rollout/                       |          |
|    collision_free_success_rate | 0.1      |
|    collision_steps             | 6.62     |
|    completion_time             | 6.8      |
|    ep_len                      | 136      |
|    episodes                    | 1561     |
|    grasp_rate                  | 0.5      |
|    human_collision_rate        | 0        |
|    human_difficulty            | 0.104    |
|    human_safety_cost           | 0.775    |
|    lift_rate                   | 0.06     |
|    minimum_human_distance      | 0.349    |
|    near_misses                 | 0.02     |
|    place_err_mm                | 219      |
|    proximity_steps             | 2.3      |
|    safety_clamped              | 125      |
|    success_rate                | 0.1      |
|    waiting_steps               | 1.94     |
| train/                         |          |
|    actor_loss                  | -7.26    |
|    critic_loss                 | 17.8     |
|    ent_coef                    | 0.0222   |
|    ent_coef_loss               | -0.141   |
|    learning_rate               | 0.0003   |
|    n_updates                   | 208996   |
---------------------------------------------
---------------------------------------------
| rollout/                       |          |
|    collision_free_success_rate | 0.08     |
|    collision_steps             | 4.92     |
|    completion_time             | 7.2      |
|    ep_len                      | 144      |
|    ep_len_mean                 | 139      |
|    ep_rew_mean                 | 14       |
|    episodes                    | 1569     |
|    grasp_rate                  | 0.42     |
|    human_collision_rate        | 0        |
|    human_difficulty            | 0.105    |
|    human_safety_cost           | 1.16     |
|    lift_rate                   | 0.04     |
|    minimum_human_distance      | 0.338    |
|    near_misses                 | 0.06     |
|    place_err_mm                | 229      |
|    proximity_steps             | 3.42     |
|    safety_clamped              | 132      |
|    success_rate                | 0.09     |
|    waiting_steps               | 2.3      |
| time/                          |          |
|    episodes                    | 1570     |
|    fps                         | 37       |
|    time_elapsed                | 5826     |
|    total_timesteps             | 215640   |
| train/                         |          |
|    actor_loss                  | -8.06    |
|    critic_loss                 | 15.7     |
|    ent_coef                    | 0.0227   |
|    ent_coef_loss               | 0.689    |
|    learning_rate               | 0.0003   |
|    n_updates                   | 210636   |
---------------------------------------------
---------------------------------------------
| rollout/                       |          |
|    collision_free_success_rate | 0.1      |
|    collision_steps             | 4.92     |
|    completion_time             | 7.05     |
|    ep_len                      | 141      |
|    episodes                    | 1574     |
|    grasp_rate                  | 0.44     |
|    human_collision_rate        | 0.04     |
|    human_difficulty            | 0.105    |
|    human_safety_cost           | 5.68     |
|    lift_rate                   | 0.04     |
|    minimum_human_distance      | 0.327    |
|    near_misses                 | 0.1      |
|    place_err_mm                | 233      |
|    proximity_steps             | 4.2      |
|    safety_clamped              | 130      |
|    success_rate                | 0.1      |
|    waiting_steps               | 3        |
| train/                         |          |
|    actor_loss                  | -5.87    |
|    critic_loss                 | 20.3     |
|    ent_coef                    | 0.0227   |
|    ent_coef_loss               | 0.0283   |
|    learning_rate               | 0.0003   |
|    n_updates                   | 210996   |
---------------------------------------------
---------------------------------------------
| rollout/                       |          |
|    collision_free_success_rate | 0.12     |
|    collision_steps             | 4.92     |
|    completion_time             | 7.09     |
|    ep_len                      | 142      |
|    ep_len_mean                 | 142      |
|    ep_rew_mean                 | 16.2     |
|    episodes                    | 1579     |
|    grasp_rate                  | 0.48     |
|    human_collision_rate        | 0.04     |
|    human_difficulty            | 0.106    |
|    human_safety_cost           | 5.68     |
|    lift_rate                   | 0.06     |
|    minimum_human_distance      | 0.329    |
|    near_misses                 | 0.1      |
|    place_err_mm                | 222      |
|    proximity_steps             | 4.2      |
|    safety_clamped              | 131      |
|    success_rate                | 0.1      |
|    waiting_steps               | 3        |
| time/                          |          |
|    episodes                    | 1580     |
|    fps                         | 37       |
|    time_elapsed                | 5855     |
|    total_timesteps             | 216764   |
| train/                         |          |
|    actor_loss                  | -4.3     |
|    critic_loss                 | 13.8     |
|    ent_coef                    | 0.0236   |
|    ent_coef_loss               | -1.13    |
|    learning_rate               | 0.0003   |
|    n_updates                   | 211760   |
---------------------------------------------
---------------------------------------------
| rollout/                       |          |
|    collision_free_success_rate | 0.14     |
|    collision_steps             | 4.94     |
|    completion_time             | 7.2      |
|    ep_len                      | 144      |
|    episodes                    | 1589     |
|    grasp_rate                  | 0.54     |
|    human_collision_rate        | 0.06     |
|    human_difficulty            | 0.106    |
|    human_safety_cost           | 8.25     |
|    lift_rate                   | 0.08     |
|    minimum_human_distance      | 0.322    |
|    near_misses                 | 0.12     |
|    place_err_mm                | 225      |
|    proximity_steps             | 4.64     |
|    safety_clamped              | 133      |
|    success_rate                | 0.14     |
|    waiting_steps               | 3.22     |
| train/                         |          |
|    actor_loss                  | -7.65    |
|    critic_loss                 | 13.9     |
|    ent_coef                    | 0.0229   |
|    ent_coef_loss               | 0.778    |
|    learning_rate               | 0.0003   |
|    n_updates                   | 212996   |
---------------------------------------------
---------------------------------------------
| rollout/                       |          |
|    collision_free_success_rate | 0.14     |
|    collision_steps             | 4.94     |
|    completion_time             | 7.2      |
|    ep_len                      | 144      |
|    ep_len_mean                 | 140      |
|    ep_rew_mean                 | 21.4     |
|    episodes                    | 1589     |
|    grasp_rate                  | 0.54     |
|    human_collision_rate        | 0.06     |
|    human_difficulty            | 0.106    |
|    human_safety_cost           | 8.25     |
|    lift_rate                   | 0.08     |
|    minimum_human_distance      | 0.322    |
|    near_misses                 | 0.12     |
|    place_err_mm                | 225      |
|    proximity_steps             | 4.64     |
|    safety_clamped              | 133      |
|    success_rate                | 0.12     |
|    waiting_steps               | 3.22     |
| time/                          |          |
|    episodes                    | 1590     |
|    fps                         | 37       |
|    time_elapsed                | 5897     |
|    total_timesteps             | 218348   |
| train/                         |          |
|    actor_loss                  | -7.19    |
|    critic_loss                 | 44.5     |
|    ent_coef                    | 0.0237   |
|    ent_coef_loss               | 0.516    |
|    learning_rate               | 0.0003   |
|    n_updates                   | 213344   |
---------------------------------------------
---------------------------------------------
| rollout/                       |          |
|    collision_free_success_rate | 0.12     |
|    collision_steps             | 1.68     |
|    completion_time             | 7.11     |
|    ep_len                      | 142      |
|    ep_len_mean                 | 139      |
|    ep_rew_mean                 | 21.8     |
|    episodes                    | 1599     |
|    grasp_rate                  | 0.58     |
|    human_collision_rate        | 0.06     |
|    human_difficulty            | 0.107    |
|    human_safety_cost           | 8.21     |
|    lift_rate                   | 0.06     |
|    minimum_human_distance      | 0.329    |
|    near_misses                 | 0.12     |
|    place_err_mm                | 227      |
|    proximity_steps             | 4.36     |
|    safety_clamped              | 133      |
|    success_rate                | 0.11     |
|    waiting_steps               | 3.08     |
| time/                          |          |
|    episodes                    | 1600     |
|    fps                         | 37       |
|    time_elapsed                | 5931     |
|    total_timesteps             | 219628   |
| train/                         |          |
|    actor_loss                  | -7.27    |
|    critic_loss                 | 19.8     |
|    ent_coef                    | 0.0225   |
|    ent_coef_loss               | -0.119   |
|    learning_rate               | 0.0003   |
|    n_updates                   | 214624   |
---------------------------------------------
---------------------------------------------
| rollout/                       |          |
|    collision_free_success_rate | 0.14     |
|    collision_steps             | 5.06     |
|    completion_time             | 7.2      |
|    ep_len                      | 144      |
|    episodes                    | 1604     |
|    grasp_rate                  | 0.56     |
|    human_collision_rate        | 0.06     |
|    human_difficulty            | 0.107    |
|    human_safety_cost           | 8.21     |
|    lift_rate                   | 0.06     |
|    minimum_human_distance      | 0.332    |
|    near_misses                 | 0.12     |
|    place_err_mm                | 218      |
|    proximity_steps             | 4.36     |
|    safety_clamped              | 135      |
|    success_rate                | 0.14     |
|    waiting_steps               | 3.08     |
| train/                         |          |
|    actor_loss                  | -5.45    |
|    critic_loss                 | 28.5     |
|    ent_coef                    | 0.0231   |
|    ent_coef_loss               | -0.824   |
|    learning_rate               | 0.0003   |
|    n_updates                   | 214996   |
---------------------------------------------
Eval num_timesteps=220000, episode_reward=21.17 +/- 68.72
Episode length: 192.60 +/- 27.69
Success rate: 6.67%
---------------------------------
| eval/              |          |
|    mean_ep_length  | 193      |
|    mean_reward     | 21.2     |
|    success_rate    | 0.0667   |
| time/              |          |
|    total_timesteps | 220000   |
---------------------------------
New best mean reward!
---------------------------------------------
| rollout/                       |          |
|    collision_free_success_rate | 0.14     |
|    collision_steps             | 5.78     |
|    completion_time             | 7.08     |
|    ep_len                      | 142      |
|    ep_len_mean                 | 139      |
|    ep_rew_mean                 | 18.1     |
|    episodes                    | 1609     |
|    grasp_rate                  | 0.58     |
|    human_collision_rate        | 0.06     |
|    human_difficulty            | 0.107    |
|    human_safety_cost           | 10.6     |
|    lift_rate                   | 0.06     |
|    minimum_human_distance      | 0.327    |
|    near_misses                 | 0.16     |
|    place_err_mm                | 224      |
|    proximity_steps             | 5.94     |
|    safety_clamped              | 132      |
|    success_rate                | 0.12     |
|    waiting_steps               | 4.66     |
| time/                          |          |
|    episodes                    | 1610     |
|    fps                         | 36       |
|    time_elapsed                | 6011     |
|    total_timesteps             | 220908   |
| train/                         |          |
|    actor_loss                  | -6.08    |
|    critic_loss                 | 29.3     |
|    ent_coef                    | 0.0231   |
|    ent_coef_loss               | -1.5     |
|    learning_rate               | 0.0003   |
|    n_updates                   | 215904   |
---------------------------------------------
---------------------------------------------
| rollout/                       |          |
|    collision_free_success_rate | 0.16     |
|    collision_steps             | 7.14     |
|    completion_time             | 6.84     |
|    ep_len                      | 137      |
|    episodes                    | 1617     |
|    grasp_rate                  | 0.62     |
|    human_collision_rate        | 0.06     |
|    human_difficulty            | 0.108    |
|    human_safety_cost           | 10.5     |
|    lift_rate                   | 0.08     |
|    minimum_human_distance      | 0.345    |
|    near_misses                 | 0.12     |
|    place_err_mm                | 224      |
|    proximity_steps             | 5.16     |
|    safety_clamped              | 127      |
|    success_rate                | 0.16     |
|    waiting_steps               | 4.64     |
| train/                         |          |
|    actor_loss                  | -6.12    |
|    critic_loss                 | 19.9     |
|    ent_coef                    | 0.0222   |
|    ent_coef_loss               | -0.74    |
|    learning_rate               | 0.0003   |
|    n_updates                   | 216996   |
---------------------------------------------
---------------------------------------------
| rollout/                       |          |
|    collision_free_success_rate | 0.16     |
|    collision_steps             | 7.14     |
|    completion_time             | 6.76     |
|    ep_len                      | 135      |
|    ep_len_mean                 | 140      |
|    ep_rew_mean                 | 18.2     |
|    episodes                    | 1619     |
|    grasp_rate                  | 0.64     |
|    human_collision_rate        | 0.06     |
|    human_difficulty            | 0.108    |
|    human_safety_cost           | 11.6     |
|    lift_rate                   | 0.08     |
|    minimum_human_distance      | 0.341    |
|    near_misses                 | 0.14     |
|    place_err_mm                | 216      |
|    proximity_steps             | 5.88     |
|    safety_clamped              | 126      |
|    success_rate                | 0.12     |
|    waiting_steps               | 5.32     |
| time/                          |          |
|    episodes                    | 1620     |
|    fps                         | 36       |
|    time_elapsed                | 6049     |
|    total_timesteps             | 222364   |
| train/                         |          |
|    actor_loss                  | -4.74    |
|    critic_loss                 | 14.5     |
|    ent_coef                    | 0.0216   |
|    ent_coef_loss               | -1.45    |
|    learning_rate               | 0.0003   |
|    n_updates                   | 217360   |
---------------------------------------------
---------------------------------------------
| rollout/                       |          |
|    collision_free_success_rate | 0.12     |
|    collision_steps             | 7.14     |
|    completion_time             | 6.91     |
|    ep_len                      | 138      |
|    ep_len_mean                 | 140      |
|    ep_rew_mean                 | 19.4     |
|    episodes                    | 1629     |
|    grasp_rate                  | 0.62     |
|    human_collision_rate        | 0.02     |
|    human_difficulty            | 0.109    |
|    human_safety_cost           | 7.07     |
|    lift_rate                   | 0.06     |
|    minimum_human_distance      | 0.336    |
|    near_misses                 | 0.1      |
|    place_err_mm                | 210      |
|    proximity_steps             | 5.4      |
|    safety_clamped              | 127      |
|    success_rate                | 0.12     |
|    waiting_steps               | 4.92     |
| time/                          |          |
|    episodes                    | 1630     |
|    fps                         | 36       |
|    time_elapsed                | 6087     |
|    total_timesteps             | 223804   |
| train/                         |          |
|    actor_loss                  | -4.89    |
|    critic_loss                 | 19       |
|    ent_coef                    | 0.0223   |
|    ent_coef_loss               | 0.251    |
|    learning_rate               | 0.0003   |
|    n_updates                   | 218800   |
---------------------------------------------
---------------------------------------------
| rollout/                       |          |
|    collision_free_success_rate | 0.12     |
|    collision_steps             | 7.14     |
|    completion_time             | 6.92     |
|    ep_len                      | 138      |
|    episodes                    | 1631     |
|    grasp_rate                  | 0.6      |
|    human_collision_rate        | 0.02     |
|    human_difficulty            | 0.109    |
|    human_safety_cost           | 7.07     |
|    lift_rate                   | 0.06     |
|    minimum_human_distance      | 0.338    |
|    near_misses                 | 0.1      |
|    place_err_mm                | 208      |
|    proximity_steps             | 5.4      |
|    safety_clamped              | 127      |
|    success_rate                | 0.12     |
|    waiting_steps               | 4.92     |
| train/                         |          |
|    actor_loss                  | -6.76    |
|    critic_loss                 | 14.7     |
|    ent_coef                    | 0.0218   |
|    ent_coef_loss               | 0.907    |
|    learning_rate               | 0.0003   |
|    n_updates                   | 218996   |
---------------------------------------------
---------------------------------------------
| rollout/                       |          |
|    collision_free_success_rate | 0.1      |
|    collision_steps             | 7.64     |
|    completion_time             | 7.32     |
|    ep_len                      | 146      |
|    ep_len_mean                 | 146      |
|    ep_rew_mean                 | 18.2     |
|    episodes                    | 1639     |
|    grasp_rate                  | 0.52     |
|    human_collision_rate        | 0        |
|    human_difficulty            | 0.109    |
|    human_safety_cost           | 4.3      |
|    lift_rate                   | 0.04     |
|    minimum_human_distance      | 0.364    |
|    near_misses                 | 0.08     |
|    place_err_mm                | 214      |
|    proximity_steps             | 3.72     |
|    safety_clamped              | 135      |
|    success_rate                | 0.12     |
|    waiting_steps               | 3.68     |
| time/                          |          |
|    episodes                    | 1640     |
|    fps                         | 36       |
|    time_elapsed                | 6128     |
|    total_timesteps             | 225404   |
| train/                         |          |
|    actor_loss                  | -6.46    |
|    critic_loss                 | 16.3     |
|    ent_coef                    | 0.0212   |
|    ent_coef_loss               | 0.218    |
|    learning_rate               | 0.0003   |
|    n_updates                   | 220400   |
---------------------------------------------
---------------------------------------------
| rollout/                       |          |
|    collision_free_success_rate | 0.14     |
|    collision_steps             | 7.64     |
|    completion_time             | 7.05     |
|    ep_len                      | 141      |
|    episodes                    | 1645     |
|    grasp_rate                  | 0.52     |
|    human_collision_rate        | 0        |
|    human_difficulty            | 0.11     |
|    human_safety_cost           | 4.33     |
|    lift_rate                   | 0.08     |
|    minimum_human_distance      | 0.378    |
|    near_misses                 | 0.08     |
|    place_err_mm                | 215      |
|    proximity_steps             | 4.14     |
|    safety_clamped              | 129      |
|    success_rate                | 0.14     |
|    waiting_steps               | 3.62     |
| train/                         |          |
|    actor_loss                  | -4.72    |
|    critic_loss                 | 33.8     |
|    ent_coef                    | 0.021    |
|    ent_coef_loss               | -0.609   |
|    learning_rate               | 0.0003   |
|    n_updates                   | 220996   |
---------------------------------------------
---------------------------------------------
| rollout/                       |          |
|    collision_free_success_rate | 0.14     |
|    collision_steps             | 7.64     |
|    completion_time             | 7.18     |
|    ep_len                      | 144      |
|    ep_len_mean                 | 145      |
|    ep_rew_mean                 | 20.8     |
|    episodes                    | 1649     |
|    grasp_rate                  | 0.5      |
|    human_collision_rate        | 0        |
|    human_difficulty            | 0.11     |
|    human_safety_cost           | 4.33     |
|    lift_rate                   | 0.1      |
|    minimum_human_distance      | 0.377    |
|    near_misses                 | 0.08     |
|    place_err_mm                | 216      |
|    proximity_steps             | 4.14     |
|    safety_clamped              | 131      |
|    success_rate                | 0.13     |
|    waiting_steps               | 3.62     |
| time/                          |          |
|    episodes                    | 1650     |
|    fps                         | 36       |
|    time_elapsed                | 6165     |
|    total_timesteps             | 226840   |
| train/                         |          |
|    actor_loss                  | -4.57    |
|    critic_loss                 | 14.4     |
|    ent_coef                    | 0.0211   |
|    ent_coef_loss               | 0.49     |
|    learning_rate               | 0.0003   |
|    n_updates                   | 221836   |
---------------------------------------------
---------------------------------------------
| rollout/                       |          |
|    collision_free_success_rate | 0.12     |
|    collision_steps             | 1.88     |
|    completion_time             | 7.13     |
|    ep_len                      | 143      |
|    ep_len_mean                 | 141      |
|    ep_rew_mean                 | 22.2     |
|    episodes                    | 1659     |
|    grasp_rate                  | 0.54     |
|    human_collision_rate        | 0        |
|    human_difficulty            | 0.111    |
|    human_safety_cost           | 1.92     |
|    lift_rate                   | 0.12     |
|    minimum_human_distance      | 0.39     |
|    near_misses                 | 0.04     |
|    place_err_mm                | 218      |
|    proximity_steps             | 2.6      |
|    safety_clamped              | 129      |
|    success_rate                | 0.13     |
|    waiting_steps               | 2.04     |
| time/                          |          |
|    episodes                    | 1660     |
|    fps                         | 36       |
|    time_elapsed                | 6193     |
|    total_timesteps             | 227876   |
| train/                         |          |
|    actor_loss                  | -5.2     |
|    critic_loss                 | 19.1     |
|    ent_coef                    | 0.0213   |
|    ent_coef_loss               | -1.17    |
|    learning_rate               | 0.0003   |
|    n_updates                   | 222872   |
---------------------------------------------
---------------------------------------------
| rollout/                       |          |
|    collision_free_success_rate | 0.12     |
|    collision_steps             | 1.88     |
|    completion_time             | 7.05     |
|    ep_len                      | 141      |
|    episodes                    | 1661     |
|    grasp_rate                  | 0.58     |
|    human_collision_rate        | 0        |
|    human_difficulty            | 0.111    |
|    human_safety_cost           | 2.83     |
|    lift_rate                   | 0.12     |
|    minimum_human_distance      | 0.381    |
|    near_misses                 | 0.06     |
|    place_err_mm                | 207      |
|    proximity_steps             | 3.1      |
|    safety_clamped              | 127      |
|    success_rate                | 0.12     |
|    waiting_steps               | 2.32     |
| train/                         |          |
|    actor_loss                  | -4.43    |
|    critic_loss                 | 16.9     |
|    ent_coef                    | 0.0207   |
|    ent_coef_loss               | 0.0209   |
|    learning_rate               | 0.0003   |
|    n_updates                   | 222996   |
---------------------------------------------
---------------------------------------------
| rollout/                       |          |
|    collision_free_success_rate | 0.1      |
|    collision_steps             | 0.52     |
|    completion_time             | 7.12     |
|    ep_len                      | 142      |
|    ep_len_mean                 | 139      |
|    ep_rew_mean                 | 24.5     |
|    episodes                    | 1669     |
|    grasp_rate                  | 0.56     |
|    human_collision_rate        | 0        |
|    human_difficulty            | 0.112    |
|    human_safety_cost           | 2.27     |
|    lift_rate                   | 0.1      |
|    minimum_human_distance      | 0.372    |
|    near_misses                 | 0.04     |
|    place_err_mm                | 222      |
|    proximity_steps             | 2.78     |
|    safety_clamped              | 127      |
|    success_rate                | 0.13     |
|    waiting_steps               | 1.56     |
| time/                          |          |
|    episodes                    | 1670     |
|    fps                         | 36       |
|    time_elapsed                | 6233     |
|    total_timesteps             | 229400   |
| train/                         |          |
|    actor_loss                  | -5.12    |
|    critic_loss                 | 27.4     |
|    ent_coef                    | 0.0212   |
|    ent_coef_loss               | -1.06    |
|    learning_rate               | 0.0003   |
|    n_updates                   | 224396   |
---------------------------------------------
---------------------------------------------
| rollout/                       |          |
|    collision_free_success_rate | 0.14     |
|    collision_steps             | 0.94     |
|    completion_time             | 6.66     |
|    ep_len                      | 133      |
|    episodes                    | 1676     |
|    grasp_rate                  | 0.56     |
|    human_collision_rate        | 0        |
|    human_difficulty            | 0.112    |
|    human_safety_cost           | 2.26     |
|    lift_rate                   | 0.12     |
|    minimum_human_distance      | 0.378    |
|    near_misses                 | 0.04     |
|    place_err_mm                | 221      |
|    proximity_steps             | 2.54     |
|    safety_clamped              | 119      |
|    success_rate                | 0.14     |
|    waiting_steps               | 1.32     |
| train/                         |          |
|    actor_loss                  | -4.95    |
|    critic_loss                 | 14.5     |
|    ent_coef                    | 0.0205   |
|    ent_coef_loss               | 0.336    |
|    learning_rate               | 0.0003   |
|    n_updates                   | 224996   |
---------------------------------------------
---------------------------------------------
| rollout/                       |          |
|    collision_free_success_rate | 0.14     |
|    collision_steps             | 0.94     |
|    completion_time             | 6.82     |
|    ep_len                      | 136      |
|    ep_len_mean                 | 137      |
|    ep_rew_mean                 | 24.8     |
|    episodes                    | 1679     |
|    grasp_rate                  | 0.56     |
|    human_collision_rate        | 0        |
|    human_difficulty            | 0.112    |
|    human_safety_cost           | 2.26     |
|    lift_rate                   | 0.12     |
|    minimum_human_distance      | 0.382    |
|    near_misses                 | 0.04     |
|    place_err_mm                | 224      |
|    proximity_steps             | 2.54     |
|    safety_clamped              | 123      |
|    success_rate                | 0.13     |
|    waiting_steps               | 1.32     |
| time/                          |          |
|    episodes                    | 1680     |
|    fps                         | 36       |
|    time_elapsed                | 6265     |
|    total_timesteps             | 230616   |
| train/                         |          |
|    actor_loss                  | -3.81    |
|    critic_loss                 | 24.1     |
|    ent_coef                    | 0.0205   |
|    ent_coef_loss               | -0.0549  |
|    learning_rate               | 0.0003   |
|    n_updates                   | 225612   |
---------------------------------------------
---------------------------------------------
| rollout/                       |          |
|    collision_free_success_rate | 0.12     |
|    collision_steps             | 0.42     |
|    completion_time             | 6.57     |
|    ep_len                      | 131      |
|    episodes                    | 1689     |
|    grasp_rate                  | 0.64     |
|    human_collision_rate        | 0        |
|    human_difficulty            | 0.113    |
|    human_safety_cost           | 2.26     |
|    lift_rate                   | 0.12     |
|    minimum_human_distance      | 0.361    |
|    near_misses                 | 0.04     |
|    place_err_mm                | 225      |
|    proximity_steps             | 2.54     |
|    safety_clamped              | 118      |
|    success_rate                | 0.12     |
|    waiting_steps               | 1.32     |
| train/                         |          |
|    actor_loss                  | -5.38    |
|    critic_loss                 | 18.9     |
|    ent_coef                    | 0.0202   |
|    ent_coef_loss               | -0.351   |
|    learning_rate               | 0.0003   |
|    n_updates                   | 226996   |
---------------------------------------------
---------------------------------------------
| rollout/                       |          |
|    collision_free_success_rate | 0.12     |
|    collision_steps             | 0.42     |
|    completion_time             | 6.57     |
|    ep_len                      | 131      |
|    ep_len_mean                 | 138      |
|    ep_rew_mean                 | 24       |
|    episodes                    | 1689     |
|    grasp_rate                  | 0.64     |
|    human_collision_rate        | 0        |
|    human_difficulty            | 0.113    |
|    human_safety_cost           | 2.26     |
|    lift_rate                   | 0.12     |
|    minimum_human_distance      | 0.361    |
|    near_misses                 | 0.04     |
|    place_err_mm                | 225      |
|    proximity_steps             | 2.54     |
|    safety_clamped              | 118      |
|    success_rate                | 0.11     |
|    waiting_steps               | 1.32     |
| time/                          |          |
|    episodes                    | 1690     |
|    fps                         | 36       |
|    time_elapsed                | 6306     |
|    total_timesteps             | 232176   |
| train/                         |          |
|    actor_loss                  | -6.93    |
|    critic_loss                 | 20.3     |
|    ent_coef                    | 0.0199   |
|    ent_coef_loss               | 1.53     |
|    learning_rate               | 0.0003   |
|    n_updates                   | 227172   |
---------------------------------------------
---------------------------------------------
| rollout/                       |          |
|    collision_free_success_rate | 0.08     |
|    collision_steps             | 0.42     |
|    completion_time             | 6.76     |
|    ep_len                      | 135      |
|    ep_len_mean                 | 139      |
|    ep_rew_mean                 | 20.7     |
|    episodes                    | 1699     |
|    grasp_rate                  | 0.62     |
|    human_collision_rate        | 0.02     |
|    human_difficulty            | 0.114    |
|    human_safety_cost           | 6.04     |
|    lift_rate                   | 0.06     |
|    minimum_human_distance      | 0.349    |
|    near_misses                 | 0.08     |
|    place_err_mm                | 237      |
|    proximity_steps             | 3.52     |
|    safety_clamped              | 123      |
|    success_rate                | 0.11     |
|    waiting_steps               | 2.74     |
| time/                          |          |
|    episodes                    | 1700     |
|    fps                         | 36       |
|    time_elapsed                | 6337     |
|    total_timesteps             | 233352   |
| train/                         |          |
|    actor_loss                  | -3.69    |
|    critic_loss                 | 18.5     |
|    ent_coef                    | 0.021    |
|    ent_coef_loss               | 0.482    |
|    learning_rate               | 0.0003   |
|    n_updates                   | 228348   |
---------------------------------------------
---------------------------------------------
| rollout/                       |          |
|    collision_free_success_rate | 0.08     |
|    collision_steps             | 2.42     |
|    completion_time             | 6.66     |
|    ep_len                      | 133      |
|    episodes                    | 1702     |
|    grasp_rate                  | 0.62     |
|    human_collision_rate        | 0.02     |
|    human_difficulty            | 0.114    |
|    human_safety_cost           | 8.43     |
|    lift_rate                   | 0.06     |
|    minimum_human_distance      | 0.334    |
|    near_misses                 | 0.1      |
|    place_err_mm                | 233      |
|    proximity_steps             | 5.72     |
|    safety_clamped              | 121      |
|    success_rate                | 0.08     |
|    waiting_steps               | 4.94     |
| train/                         |          |
|    actor_loss                  | -5.12    |
|    critic_loss                 | 19.9     |
|    ent_coef                    | 0.021    |
|    ent_coef_loss               | 0.387    |
|    learning_rate               | 0.0003   |
|    n_updates                   | 228996   |
---------------------------------------------
---------------------------------------------
| rollout/                       |          |
|    collision_free_success_rate | 0.1      |
|    collision_steps             | 2.42     |
|    completion_time             | 6.74     |
|    ep_len                      | 135      |
|    ep_len_mean                 | 139      |
|    ep_rew_mean                 | 22.8     |
|    episodes                    | 1709     |
|    grasp_rate                  | 0.58     |
|    human_collision_rate        | 0.02     |
|    human_difficulty            | 0.114    |
|    human_safety_cost           | 8.43     |
|    lift_rate                   | 0.06     |
|    minimum_human_distance      | 0.33     |
|    near_misses                 | 0.1      |
|    place_err_mm                | 231      |
|    proximity_steps             | 5.68     |
|    safety_clamped              | 122      |
|    success_rate                | 0.11     |
|    waiting_steps               | 4.94     |
| time/                          |          |
|    episodes                    | 1710     |
|    fps                         | 36       |
|    time_elapsed                | 6374     |
|    total_timesteps             | 234744   |
| train/                         |          |
|    actor_loss                  | -2.72    |
|    critic_loss                 | 15.6     |
|    ent_coef                    | 0.0212   |
|    ent_coef_loss               | -0.52    |
|    learning_rate               | 0.0003   |
|    n_updates                   | 229740   |
---------------------------------------------
---------------------------------------------
| rollout/                       |          |
|    collision_free_success_rate | 0.12     |
|    collision_steps             | 2.44     |
|    completion_time             | 6.78     |
|    ep_len                      | 136      |
|    episodes                    | 1718     |
|    grasp_rate                  | 0.6      |
|    human_collision_rate        | 0.04     |
|    human_difficulty            | 0.115    |
|    human_safety_cost           | 8.51     |
|    lift_rate                   | 0.08     |
|    minimum_human_distance      | 0.336    |
|    near_misses                 | 0.08     |
|    place_err_mm                | 237      |
|    proximity_steps             | 5.02     |
|    safety_clamped              | 123      |
|    success_rate                | 0.12     |
|    waiting_steps               | 4.98     |
| train/                         |          |
|    actor_loss                  | -3.97    |
|    critic_loss                 | 19       |
|    ent_coef                    | 0.0212   |
|    ent_coef_loss               | -0.049   |
|    learning_rate               | 0.0003   |
|    n_updates                   | 230996   |
---------------------------------------------
---------------------------------------------
| rollout/                       |          |
|    collision_free_success_rate | 0.12     |
|    collision_steps             | 2.44     |
|    completion_time             | 6.88     |
|    ep_len                      | 138      |
|    ep_len_mean                 | 138      |
|    ep_rew_mean                 | 25.4     |
|    episodes                    | 1719     |
|    grasp_rate                  | 0.58     |
|    human_collision_rate        | 0.04     |
|    human_difficulty            | 0.115    |
|    human_safety_cost           | 8.51     |
|    lift_rate                   | 0.08     |
|    minimum_human_distance      | 0.34     |
|    near_misses                 | 0.08     |
|    place_err_mm                | 238      |
|    proximity_steps             | 5.02     |
|    safety_clamped              | 126      |
|    success_rate                | 0.12     |
|    waiting_steps               | 4.98     |
| time/                          |          |
|    episodes                    | 1720     |
|    fps                         | 36       |
|    time_elapsed                | 6412     |
|    total_timesteps             | 236192   |
| train/                         |          |
|    actor_loss                  | -6.73    |
|    critic_loss                 | 41.1     |
|    ent_coef                    | 0.0214   |
|    ent_coef_loss               | 0.447    |
|    learning_rate               | 0.0003   |
|    n_updates                   | 231188   |
---------------------------------------------
---------------------------------------------
| rollout/                       |          |
|    collision_free_success_rate | 0.14     |
|    collision_steps             | 2.02     |
|    completion_time             | 6.73     |
|    ep_len                      | 135      |
|    ep_len_mean                 | 136      |
|    ep_rew_mean                 | 25.3     |
|    episodes                    | 1729     |
|    grasp_rate                  | 0.58     |
|    human_collision_rate        | 0.06     |
|    human_difficulty            | 0.116    |
|    human_safety_cost           | 12.1     |
|    lift_rate                   | 0.1      |
|    minimum_human_distance      | 0.309    |
|    near_misses                 | 0.14     |
|    place_err_mm                | 238      |
|    proximity_steps             | 7.74     |
|    safety_clamped              | 123      |
|    success_rate                | 0.14     |
|    waiting_steps               | 7.7      |
| time/                          |          |
|    episodes                    | 1730     |
|    fps                         | 36       |
|    time_elapsed                | 6443     |
|    total_timesteps             | 237380   |
| train/                         |          |
|    actor_loss                  | -4.74    |
|    critic_loss                 | 18.4     |
|    ent_coef                    | 0.0223   |
|    ent_coef_loss               | -1.07    |
|    learning_rate               | 0.0003   |
|    n_updates                   | 232376   |
---------------------------------------------
---------------------------------------------
| rollout/                       |          |
|    collision_free_success_rate | 0.14     |
|    collision_steps             | 2.02     |
|    completion_time             | 6.75     |
|    ep_len                      | 135      |
|    episodes                    | 1734     |
|    grasp_rate                  | 0.56     |
|    human_collision_rate        | 0.06     |
|    human_difficulty            | 0.116    |
|    human_safety_cost           | 15.6     |
|    lift_rate                   | 0.1      |
|    minimum_human_distance      | 0.295    |
|    near_misses                 | 0.18     |
|    place_err_mm                | 239      |
|    proximity_steps             | 11.2     |
|    safety_clamped              | 124      |
|    success_rate                | 0.14     |
|    waiting_steps               | 10.8     |
| train/                         |          |
|    actor_loss                  | -6.27    |
|    critic_loss                 | 26.8     |
|    ent_coef                    | 0.0219   |
|    ent_coef_loss               | -0.647   |
|    learning_rate               | 0.0003   |
|    n_updates                   | 232996   |
---------------------------------------------
---------------------------------------------
| rollout/                       |          |
|    collision_free_success_rate | 0.16     |
|    collision_steps             | 2.02     |
|    completion_time             | 6.68     |
|    ep_len                      | 134      |
|    ep_len_mean                 | 132      |
|    ep_rew_mean                 | 22.8     |
|    episodes                    | 1739     |
|    grasp_rate                  | 0.54     |
|    human_collision_rate        | 0.06     |
|    human_difficulty            | 0.116    |
|    human_safety_cost           | 15.6     |
|    lift_rate                   | 0.1      |
|    minimum_human_distance      | 0.294    |
|    near_misses                 | 0.18     |
|    place_err_mm                | 250      |
|    proximity_steps             | 11.3     |
|    safety_clamped              | 123      |
|    success_rate                | 0.14     |
|    waiting_steps               | 10.9     |
| time/                          |          |
|    episodes                    | 1740     |
|    fps                         | 36       |
|    time_elapsed                | 6479     |
|    total_timesteps             | 238740   |
| train/                         |          |
|    actor_loss                  | -6.33    |
|    critic_loss                 | 15.7     |
|    ent_coef                    | 0.021    |
|    ent_coef_loss               | 0.854    |
|    learning_rate               | 0.0003   |
|    n_updates                   | 233736   |
---------------------------------------------
---------------------------------------------
| rollout/                       |          |
|    collision_free_success_rate | 0.16     |
|    collision_steps             | 2.04     |
|    completion_time             | 6.61     |
|    ep_len                      | 132      |
|    ep_len_mean                 | 132      |
|    ep_rew_mean                 | 20.8     |
|    episodes                    | 1749     |
|    grasp_rate                  | 0.56     |
|    human_collision_rate        | 0.04     |
|    human_difficulty            | 0.117    |
|    human_safety_cost           | 14.4     |
|    lift_rate                   | 0.14     |
|    minimum_human_distance      | 0.276    |
|    near_misses                 | 0.2      |
|    place_err_mm                | 252      |
|    proximity_steps             | 12.7     |
|    safety_clamped              | 122      |
|    success_rate                | 0.13     |
|    waiting_steps               | 11.9     |
| time/                          |          |
|    episodes                    | 1750     |
|    fps                         | 36       |
|    time_elapsed                | 6508     |
|    total_timesteps             | 239848   |
| train/                         |          |
|    actor_loss                  | -5.79    |
|    critic_loss                 | 19.4     |
|    ent_coef                    | 0.0214   |
|    ent_coef_loss               | 0.414    |
|    learning_rate               | 0.0003   |
|    n_updates                   | 234844   |
---------------------------------------------
---------------------------------------------
| rollout/                       |          |
|    collision_free_success_rate | 0.2      |
|    collision_steps             | 0.04     |
|    completion_time             | 6.29     |
|    ep_len                      | 126      |
|    episodes                    | 1752     |
|    grasp_rate                  | 0.58     |
|    human_collision_rate        | 0.04     |
|    human_difficulty            | 0.117    |
|    human_safety_cost           | 12.6     |
|    lift_rate                   | 0.16     |
|    minimum_human_distance      | 0.282    |
|    near_misses                 | 0.2      |
|    place_err_mm                | 240      |
|    proximity_steps             | 11.1     |
|    safety_clamped              | 116      |
|    success_rate                | 0.2      |
|    waiting_steps               | 10.3     |
| train/                         |          |
|    actor_loss                  | -2.4     |
|    critic_loss                 | 12.6     |
|    ent_coef                    | 0.0219   |
|    ent_coef_loss               | -0.16    |
|    learning_rate               | 0.0003   |
|    n_updates                   | 234996   |
---------------------------------------------
Eval num_timesteps=240000, episode_reward=-14.73 +/- 62.77
Episode length: 182.40 +/- 36.24
Success rate: 0.00%
---------------------------------
| eval/              |          |
|    mean_ep_length  | 182      |
|    mean_reward     | -14.7    |
|    success_rate    | 0        |
| time/              |          |
|    total_timesteps | 240000   |
---------------------------------
---------------------------------------------
| rollout/                       |          |
|    collision_free_success_rate | 0.18     |
|    collision_steps             | 0.04     |
|    completion_time             | 6.38     |
|    ep_len                      | 128      |
|    ep_len_mean                 | 131      |
|    ep_rew_mean                 | 21.6     |
|    episodes                    | 1759     |
|    grasp_rate                  | 0.6      |
|    human_collision_rate        | 0.04     |
|    human_difficulty            | 0.118    |
|    human_safety_cost           | 12.6     |
|    lift_rate                   | 0.16     |
|    minimum_human_distance      | 0.275    |
|    near_misses                 | 0.2      |
|    place_err_mm                | 242      |
|    proximity_steps             | 11.1     |
|    safety_clamped              | 119      |
|    success_rate                | 0.14     |
|    waiting_steps               | 10.3     |
| time/                          |          |
|    episodes                    | 1760     |
|    fps                         | 36       |
|    time_elapsed                | 6586     |
|    total_timesteps             | 241048   |
| train/                         |          |
|    actor_loss                  | -4.54    |
|    critic_loss                 | 25.2     |
|    ent_coef                    | 0.0224   |
|    ent_coef_loss               | 0.111    |
|    learning_rate               | 0.0003   |
|    n_updates                   | 236044   |
---------------------------------------------
---------------------------------------------
| rollout/                       |          |
|    collision_free_success_rate | 0.18     |
|    collision_steps             | 0.08     |
|    completion_time             | 6.24     |
|    ep_len                      | 125      |
|    episodes                    | 1766     |
|    grasp_rate                  | 0.6      |
|    human_collision_rate        | 0.02     |
|    human_difficulty            | 0.118    |
|    human_safety_cost           | 10.3     |
|    lift_rate                   | 0.16     |
|    minimum_human_distance      | 0.284    |
|    near_misses                 | 0.18     |
|    place_err_mm                | 247      |
|    proximity_steps             | 9.88     |
|    safety_clamped              | 115      |
|    success_rate                | 0.18     |
|    waiting_steps               | 9.02     |
| train/                         |          |
|    actor_loss                  | -5.87    |
|    critic_loss                 | 14.5     |
|    ent_coef                    | 0.0221   |
|    ent_coef_loss               | -0.371   |
|    learning_rate               | 0.0003   |
|    n_updates                   | 236996   |
---------------------------------------------
---------------------------------------------
| rollout/                       |          |
|    collision_free_success_rate | 0.18     |
|    collision_steps             | 0.08     |
|    completion_time             | 6.33     |
|    ep_len                      | 127      |
|    ep_len_mean                 | 132      |
|    ep_rew_mean                 | 20       |
|    episodes                    | 1769     |
|    grasp_rate                  | 0.58     |
|    human_collision_rate        | 0.04     |
|    human_difficulty            | 0.118    |
|    human_safety_cost           | 13.4     |
|    lift_rate                   | 0.16     |
|    minimum_human_distance      | 0.277    |
|    near_misses                 | 0.2      |
|    place_err_mm                | 244      |
|    proximity_steps             | 10.8     |
|    safety_clamped              | 117      |
|    success_rate                | 0.15     |
|    waiting_steps               | 9.82     |
| time/                          |          |
|    episodes                    | 1770     |
|    fps                         | 36       |
|    time_elapsed                | 6628     |
|    total_timesteps             | 242680   |
| train/                         |          |
|    actor_loss                  | -4.53    |
|    critic_loss                 | 12.2     |
|    ent_coef                    | 0.0215   |
|    ent_coef_loss               | 0.718    |
|    learning_rate               | 0.0003   |
|    n_updates                   | 237676   |
---------------------------------------------
---------------------------------------------
| rollout/                       |          |
|    collision_free_success_rate | 0.16     |
|    collision_steps             | 3.6      |
|    completion_time             | 6.85     |
|    ep_len                      | 137      |
|    episodes                    | 1777     |
|    grasp_rate                  | 0.58     |
|    human_collision_rate        | 0.02     |
|    human_difficulty            | 0.119    |
|    human_safety_cost           | 11.2     |
|    lift_rate                   | 0.14     |
|    minimum_human_distance      | 0.282    |
|    near_misses                 | 0.18     |
|    place_err_mm                | 243      |
|    proximity_steps             | 11       |
|    safety_clamped              | 126      |
|    success_rate                | 0.16     |
|    waiting_steps               | 9.12     |
| train/                         |          |
|    actor_loss                  | -4.8     |
|    critic_loss                 | 20.5     |
|    ent_coef                    | 0.0206   |
|    ent_coef_loss               | -0.0514  |
|    learning_rate               | 0.0003   |
|    n_updates                   | 238996   |
---------------------------------------------
---------------------------------------------
| rollout/                       |          |
|    collision_free_success_rate | 0.14     |
|    collision_steps             | 3.6      |
|    completion_time             | 6.98     |
|    ep_len                      | 140      |
|    ep_len_mean                 | 135      |
|    ep_rew_mean                 | 14.2     |
|    episodes                    | 1779     |
|    grasp_rate                  | 0.58     |
|    human_collision_rate        | 0.02     |
|    human_difficulty            | 0.119    |
|    human_safety_cost           | 11.2     |
|    lift_rate                   | 0.12     |
|    minimum_human_distance      | 0.272    |
|    near_misses                 | 0.18     |
|    place_err_mm                | 255      |
|    proximity_steps             | 11       |
|    safety_clamped              | 129      |
|    success_rate                | 0.15     |
|    waiting_steps               | 9.12     |
| time/                          |          |
|    episodes                    | 1780     |
|    fps                         | 36       |
|    time_elapsed                | 6670     |
|    total_timesteps             | 244256   |
| train/                         |          |
|    actor_loss                  | -2.84    |
|    critic_loss                 | 13.2     |
|    ent_coef                    | 0.0213   |
|    ent_coef_loss               | -1.15    |
|    learning_rate               | 0.0003   |
|    n_updates                   | 239252   |
---------------------------------------------
---------------------------------------------
| rollout/                       |          |
|    collision_free_success_rate | 0.2      |
|    collision_steps             | 3.62     |
|    completion_time             | 6.67     |
|    ep_len                      | 133      |
|    ep_len_mean                 | 133      |
|    ep_rew_mean                 | 20.9     |
|    episodes                    | 1789     |
|    grasp_rate                  | 0.6      |
|    human_collision_rate        | 0.02     |
|    human_difficulty            | 0.119    |
|    human_safety_cost           | 9.32     |
|    lift_rate                   | 0.12     |
|    minimum_human_distance      | 0.284    |
|    near_misses                 | 0.18     |
|    place_err_mm                | 231      |
|    proximity_steps             | 9.78     |
|    safety_clamped              | 123      |
|    success_rate                | 0.19     |
|    waiting_steps               | 8.28     |
| time/                          |          |
|    episodes                    | 1790     |
|    fps                         | 36       |
|    time_elapsed                | 6697     |
|    total_timesteps             | 245296   |
| train/                         |          |
|    actor_loss                  | -4.55    |
|    critic_loss                 | 15.8     |
|    ent_coef                    | 0.0215   |
|    ent_coef_loss               | -0.0783  |
|    learning_rate               | 0.0003   |
|    n_updates                   | 240292   |
---------------------------------------------
---------------------------------------------
| rollout/                       |          |
|    collision_free_success_rate | 0.2      |
|    collision_steps             | 5.08     |
|    completion_time             | 6.7      |
|    ep_len                      | 134      |
|    episodes                    | 1795     |
|    grasp_rate                  | 0.6      |
|    human_collision_rate        | 0.02     |
|    human_difficulty            | 0.12     |
|    human_safety_cost           | 6.85     |
|    lift_rate                   | 0.08     |
|    minimum_human_distance      | 0.301    |
|    near_misses                 | 0.14     |
|    place_err_mm                | 228      |
|    proximity_steps             | 7.4      |
|    safety_clamped              | 124      |
|    success_rate                | 0.2      |
|    waiting_steps               | 6.4      |
| train/                         |          |
|    actor_loss                  | -6.89    |
|    critic_loss                 | 27.1     |
|    ent_coef                    | 0.0207   |
|    ent_coef_loss               | -1.38    |
|    learning_rate               | 0.0003   |
|    n_updates                   | 240996   |
---------------------------------------------
---------------------------------------------
| rollout/                       |          |
|    collision_free_success_rate | 0.2      |
|    collision_steps             | 5.06     |
|    completion_time             | 6.89     |
|    ep_len                      | 138      |
|    ep_len_mean                 | 134      |
|    ep_rew_mean                 | 19.3     |
|    episodes                    | 1799     |
|    grasp_rate                  | 0.58     |
|    human_collision_rate        | 0.02     |
|    human_difficulty            | 0.12     |
|    human_safety_cost           | 7.43     |
|    lift_rate                   | 0.08     |
|    minimum_human_distance      | 0.301    |
|    near_misses                 | 0.14     |
|    place_err_mm                | 227      |
|    proximity_steps             | 8.42     |
|    safety_clamped              | 127      |
|    success_rate                | 0.18     |
|    waiting_steps               | 7.42     |
| time/                          |          |
|    episodes                    | 1800     |
|    fps                         | 36       |
|    time_elapsed                | 6738     |
|    total_timesteps             | 246836   |
| train/                         |          |
|    actor_loss                  | -6.52    |
|    critic_loss                 | 22.2     |
|    ent_coef                    | 0.0205   |
|    ent_coef_loss               | 0.89     |
|    learning_rate               | 0.0003   |
|    n_updates                   | 241832   |
---------------------------------------------
---------------------------------------------
| rollout/                       |          |
|    collision_free_success_rate | 0.16     |
|    collision_steps             | 5.06     |
|    completion_time             | 6.75     |
|    ep_len                      | 135      |
|    ep_len_mean                 | 131      |
|    ep_rew_mean                 | 18.2     |
|    episodes                    | 1809     |
|    grasp_rate                  | 0.58     |
|    human_collision_rate        | 0.06     |
|    human_difficulty            | 0.121    |
|    human_safety_cost           | 12.7     |
|    lift_rate                   | 0.04     |
|    minimum_human_distance      | 0.286    |
|    near_misses                 | 0.16     |
|    place_err_mm                | 228      |
|    proximity_steps             | 9        |
|    safety_clamped              | 124      |
|    success_rate                | 0.17     |
|    waiting_steps               | 7.82     |
| time/                          |          |
|    episodes                    | 1810     |
|    fps                         | 36       |
|    time_elapsed                | 6768     |
|    total_timesteps             | 247980   |
| train/                         |          |
|    actor_loss                  | -4.68    |
|    critic_loss                 | 17.8     |
|    ent_coef                    | 0.0204   |
|    ent_coef_loss               | -0.818   |
|    learning_rate               | 0.0003   |
|    n_updates                   | 242976   |
---------------------------------------------
---------------------------------------------
| rollout/                       |          |
|    collision_free_success_rate | 0.16     |
|    collision_steps             | 5.06     |
|    completion_time             | 6.83     |
|    ep_len                      | 137      |
|    episodes                    | 1810     |
|    grasp_rate                  | 0.56     |
|    human_collision_rate        | 0.06     |
|    human_difficulty            | 0.121    |
|    human_safety_cost           | 13.2     |
|    lift_rate                   | 0.04     |
|    minimum_human_distance      | 0.28     |
|    near_misses                 | 0.18     |
|    place_err_mm                | 230      |
|    proximity_steps             | 10.8     |
|    safety_clamped              | 126      |
|    success_rate                | 0.16     |
|    waiting_steps               | 9.32     |
| train/                         |          |
|    actor_loss                  | -3.4     |
|    critic_loss                 | 13.1     |
|    ent_coef                    | 0.0204   |
|    ent_coef_loss               | -0.265   |
|    learning_rate               | 0.0003   |
|    n_updates                   | 242996   |
---------------------------------------------
---------------------------------------------
| rollout/                       |          |
|    collision_free_success_rate | 0.14     |
|    collision_steps             | 5        |
|    completion_time             | 6.73     |
|    ep_len                      | 135      |
|    ep_len_mean                 | 132      |
|    ep_rew_mean                 | 12.7     |
|    episodes                    | 1819     |
|    grasp_rate                  | 0.58     |
|    human_collision_rate        | 0.04     |
|    human_difficulty            | 0.122    |
|    human_safety_cost           | 10.8     |
|    lift_rate                   | 0.02     |
|    minimum_human_distance      | 0.28     |
|    near_misses                 | 0.18     |
|    place_err_mm                | 208      |
|    proximity_steps             | 11.7     |
|    safety_clamped              | 125      |
|    success_rate                | 0.15     |
|    waiting_steps               | 10.1     |
| time/                          |          |
|    episodes                    | 1820     |
|    fps                         | 36       |
|    time_elapsed                | 6808     |
|    total_timesteps             | 249500   |
| train/                         |          |
|    actor_loss                  | -3.16    |
|    critic_loss                 | 13.3     |
|    ent_coef                    | 0.0206   |
|    ent_coef_loss               | -0.108   |
|    learning_rate               | 0.0003   |
|    n_updates                   | 244496   |
---------------------------------------------
---------------------------------------------
| rollout/                       |          |
|    collision_free_success_rate | 0.14     |
|    collision_steps             | 5        |
|    completion_time             | 6.57     |
|    ep_len                      | 131      |
|    episodes                    | 1824     |
|    grasp_rate                  | 0.62     |
|    human_collision_rate        | 0.04     |
|    human_difficulty            | 0.122    |
|    human_safety_cost           | 10.4     |
|    lift_rate                   | 0.04     |
|    minimum_human_distance      | 0.283    |
|    near_misses                 | 0.18     |
|    place_err_mm                | 212      |
|    proximity_steps             | 11.5     |
|    safety_clamped              | 122      |
|    success_rate                | 0.14     |
|    waiting_steps               | 10.4     |
| train/                         |          |
|    actor_loss                  | -3.64    |
|    critic_loss                 | 29.3     |
|    ent_coef                    | 0.021    |
|    ent_coef_loss               | 0.465    |
|    learning_rate               | 0.0003   |
|    n_updates                   | 244996   |
---------------------------------------------
---------------------------------------------
| rollout/                       |          |
|    collision_free_success_rate | 0.14     |
|    collision_steps             | 1.48     |
|    completion_time             | 6.58     |
|    ep_len                      | 132      |
|    ep_len_mean                 | 136      |
|    ep_rew_mean                 | 12.6     |
|    episodes                    | 1829     |
|    grasp_rate                  | 0.62     |
|    human_collision_rate        | 0.04     |
|    human_difficulty            | 0.122    |
|    human_safety_cost           | 10.2     |
|    lift_rate                   | 0.04     |
|    minimum_human_distance      | 0.294    |
|    near_misses                 | 0.18     |
|    place_err_mm                | 201      |
|    proximity_steps             | 10.3     |
|    safety_clamped              | 122      |
|    success_rate                | 0.14     |
|    waiting_steps               | 9.34     |
| time/                          |          |
|    episodes                    | 1830     |
|    fps                         | 36       |
|    time_elapsed                | 6847     |
|    total_timesteps             | 251008   |
| train/                         |          |
|    actor_loss                  | -3.26    |
|    critic_loss                 | 39.1     |
|    ent_coef                    | 0.0203   |
|    ent_coef_loss               | -0.857   |
|    learning_rate               | 0.0003   |
|    n_updates                   | 246004   |
---------------------------------------------
---------------------------------------------
| rollout/                       |          |
|    collision_free_success_rate | 0.06     |
|    collision_steps             | 1.76     |
|    completion_time             | 7.19     |
|    ep_len                      | 144      |
|    episodes                    | 1836     |
|    grasp_rate                  | 0.58     |
|    human_collision_rate        | 0.04     |
|    human_difficulty            | 0.123    |
|    human_safety_cost           | 9.52     |
|    lift_rate                   | 0.02     |
|    minimum_human_distance      | 0.287    |
|    near_misses                 | 0.16     |
|    place_err_mm                | 217      |
|    proximity_steps             | 9.88     |
|    safety_clamped              | 134      |
|    success_rate                | 0.06     |
|    waiting_steps               | 8.92     |
| train/                         |          |
|    actor_loss                  | -2.65    |
|    critic_loss                 | 20.5     |
|    ent_coef                    | 0.022    |
|    ent_coef_loss               | -0.113   |
|    learning_rate               | 0.0003   |
|    n_updates                   | 246996   |
---------------------------------------------
---------------------------------------------
| rollout/                       |          |
|    collision_free_success_rate | 0.06     |
|    collision_steps             | 1.76     |
|    completion_time             | 7.09     |
|    ep_len                      | 142      |
|    ep_len_mean                 | 138      |
|    ep_rew_mean                 | 12.2     |
|    episodes                    | 1839     |
|    grasp_rate                  | 0.62     |
|    human_collision_rate        | 0.04     |
|    human_difficulty            | 0.123    |
|    human_safety_cost           | 8.66     |
|    lift_rate                   | 0.02     |
|    minimum_human_distance      | 0.287    |
|    near_misses                 | 0.14     |
|    place_err_mm                | 217      |
|    proximity_steps             | 7.96     |
|    safety_clamped              | 131      |
|    success_rate                | 0.13     |
|    waiting_steps               | 7        |
| time/                          |          |
|    episodes                    | 1840     |
|    fps                         | 36       |
|    time_elapsed                | 6889     |
|    total_timesteps             | 252608   |
| train/                         |          |
|    actor_loss                  | -4.25    |
|    critic_loss                 | 11.6     |
|    ent_coef                    | 0.0206   |
|    ent_coef_loss               | 1.04     |
|    learning_rate               | 0.0003   |
|    n_updates                   | 247604   |
---------------------------------------------
---------------------------------------------
| rollout/                       |          |
|    collision_free_success_rate | 0.04     |
|    collision_steps             | 0.4      |
|    completion_time             | 7.16     |
|    ep_len                      | 143      |
|    episodes                    | 1849     |
|    grasp_rate                  | 0.6      |
|    human_collision_rate        | 0.06     |
|    human_difficulty            | 0.124    |
|    human_safety_cost           | 10.5     |
|    lift_rate                   | 0.02     |
|    minimum_human_distance      | 0.281    |
|    near_misses                 | 0.16     |
|    place_err_mm                | 222      |
|    proximity_steps             | 7.5      |
|    safety_clamped              | 132      |
|    success_rate                | 0.04     |
|    waiting_steps               | 6.18     |
| train/                         |          |
|    actor_loss                  | -4.72    |
|    critic_loss                 | 16.1     |
|    ent_coef                    | 0.02     |
|    ent_coef_loss               | -0.485   |
|    learning_rate               | 0.0003   |
|    n_updates                   | 248996   |
---------------------------------------------
---------------------------------------------
| rollout/                       |          |
|    collision_free_success_rate | 0.04     |
|    collision_steps             | 0.4      |
|    completion_time             | 7.16     |
|    ep_len                      | 143      |
|    ep_len_mean                 | 142      |
|    ep_rew_mean                 | 7.45     |
|    episodes                    | 1849     |
|    grasp_rate                  | 0.6      |
|    human_collision_rate        | 0.06     |
|    human_difficulty            | 0.124    |
|    human_safety_cost           | 10.5     |
|    lift_rate                   | 0.02     |
|    minimum_human_distance      | 0.281    |
|    near_misses                 | 0.16     |
|    place_err_mm                | 222      |
|    proximity_steps             | 7.5      |
|    safety_clamped              | 132      |
|    success_rate                | 0.11     |
|    waiting_steps               | 6.18     |
| time/                          |          |
|    episodes                    | 1850     |
|    fps                         | 36       |
|    time_elapsed                | 6928     |
|    total_timesteps             | 254140   |
| train/                         |          |
|    actor_loss                  | -6.29    |
|    critic_loss                 | 21.2     |
|    ent_coef                    | 0.02     |
|    ent_coef_loss               | 2.53     |
|    learning_rate               | 0.0003   |
|    n_updates                   | 249136   |
---------------------------------------------
---------------------------------------------
| rollout/                       |          |
|    collision_free_success_rate | 0.06     |
|    collision_steps             | 0.4      |
|    completion_time             | 7.48     |
|    ep_len                      | 150      |
|    ep_len_mean                 | 142      |
|    ep_rew_mean                 | 6.6      |
|    episodes                    | 1859     |
|    grasp_rate                  | 0.54     |
|    human_collision_rate        | 0.04     |
|    human_difficulty            | 0.124    |
|    human_safety_cost           | 7.39     |
|    lift_rate                   | 0.06     |
|    minimum_human_distance      | 0.31     |
|    near_misses                 | 0.14     |
|    place_err_mm                | 241      |
|    proximity_steps             | 7.14     |
|    safety_clamped              | 138      |
|    success_rate                | 0.11     |
|    waiting_steps               | 5.92     |
| time/                          |          |
|    episodes                    | 1860     |
|    fps                         | 36       |
|    time_elapsed                | 6955     |
|    total_timesteps             | 255168   |
| train/                         |          |
|    actor_loss                  | -1.58    |
|    critic_loss                 | 15.8     |
|    ent_coef                    | 0.02     |
|    ent_coef_loss               | -0.882   |
|    learning_rate               | 0.0003   |
|    n_updates                   | 250164   |
---------------------------------------------
---------------------------------------------
| rollout/                       |          |
|    collision_free_success_rate | 0.1      |
|    collision_steps             | 0.9      |
|    completion_time             | 7.25     |
|    ep_len                      | 145      |
|    episodes                    | 1867     |
|    grasp_rate                  | 0.58     |
|    human_collision_rate        | 0.04     |
|    human_difficulty            | 0.125    |
|    human_safety_cost           | 6.13     |
|    lift_rate                   | 0.06     |
|    minimum_human_distance      | 0.322    |
|    near_misses                 | 0.1      |
|    place_err_mm                | 231      |
|    proximity_steps             | 3.52     |
|    safety_clamped              | 133      |
|    success_rate                | 0.1      |
|    waiting_steps               | 2.8      |
| train/                         |          |
|    actor_loss                  | -2.54    |
|    critic_loss                 | 14.6     |
|    ent_coef                    | 0.0197   |
|    ent_coef_loss               | 0.879    |
|    learning_rate               | 0.0003   |
|    n_updates                   | 250996   |
---------------------------------------------
---------------------------------------------
| rollout/                       |          |
|    collision_free_success_rate | 0.12     |
|    collision_steps             | 0.9      |
|    completion_time             | 7.1      |
|    ep_len                      | 142      |
|    ep_len_mean                 | 139      |
|    ep_rew_mean                 | 15.2     |
|    episodes                    | 1869     |
|    grasp_rate                  | 0.6      |
|    human_collision_rate        | 0.04     |
|    human_difficulty            | 0.125    |
|    human_safety_cost           | 6.13     |
|    lift_rate                   | 0.08     |
|    minimum_human_distance      | 0.321    |
|    near_misses                 | 0.1      |
|    place_err_mm                | 232      |
|    proximity_steps             | 3.52     |
|    safety_clamped              | 130      |
|    success_rate                | 0.13     |
|    waiting_steps               | 2.8      |
| time/                          |          |
|    episodes                    | 1870     |
|    fps                         | 36       |
|    time_elapsed                | 6994     |
|    total_timesteps             | 256668   |
| train/                         |          |
|    actor_loss                  | -1.99    |
|    critic_loss                 | 16.2     |
|    ent_coef                    | 0.0194   |
|    ent_coef_loss               | 0.175    |
|    learning_rate               | 0.0003   |
|    n_updates                   | 251664   |
---------------------------------------------
---------------------------------------------
| rollout/                       |          |
|    collision_free_success_rate | 0.1      |
|    collision_steps             | 0.9      |
|    completion_time             | 7.38     |
|    ep_len                      | 148      |
|    episodes                    | 1878     |
|    grasp_rate                  | 0.52     |
|    human_collision_rate        | 0.04     |
|    human_difficulty            | 0.126    |
|    human_safety_cost           | 5.68     |
|    lift_rate                   | 0.06     |
|    minimum_human_distance      | 0.335    |
|    near_misses                 | 0.08     |
|    place_err_mm                | 236      |
|    proximity_steps             | 3.54     |
|    safety_clamped              | 136      |
|    success_rate                | 0.1      |
|    waiting_steps               | 3        |
| train/                         |          |
|    actor_loss                  | -2.76    |
|    critic_loss                 | 18.6     |
|    ent_coef                    | 0.0198   |
|    ent_coef_loss               | -0.65    |
|    learning_rate               | 0.0003   |
|    n_updates                   | 252996   |
---------------------------------------------
---------------------------------------------
| rollout/                       |          |
|    collision_free_success_rate | 0.1      |
|    collision_steps             | 0.9      |
|    completion_time             | 7.38     |
|    ep_len                      | 148      |
|    ep_len_mean                 | 140      |
|    ep_rew_mean                 | 15.1     |
|    episodes                    | 1879     |
|    grasp_rate                  | 0.52     |
|    human_collision_rate        | 0.04     |
|    human_difficulty            | 0.126    |
|    human_safety_cost           | 5.68     |
|    lift_rate                   | 0.06     |
|    minimum_human_distance      | 0.335    |
|    near_misses                 | 0.08     |
|    place_err_mm                | 236      |
|    proximity_steps             | 3.54     |
|    safety_clamped              | 135      |
|    success_rate                | 0.11     |
|    waiting_steps               | 3        |
| time/                          |          |
|    episodes                    | 1880     |
|    fps                         | 36       |
|    time_elapsed                | 7031     |
|    total_timesteps             | 258132   |
| train/                         |          |
|    actor_loss                  | -3.8     |
|    critic_loss                 | 30.5     |
|    ent_coef                    | 0.0196   |
|    ent_coef_loss               | -0.493   |
|    learning_rate               | 0.0003   |
|    n_updates                   | 253128   |
---------------------------------------------
---------------------------------------------
| rollout/                       |          |
|    collision_free_success_rate | 0.14     |
|    collision_steps             | 2        |
|    completion_time             | 7        |
|    ep_len                      | 140      |
|    ep_len_mean                 | 142      |
|    ep_rew_mean                 | 11.8     |
|    episodes                    | 1889     |
|    grasp_rate                  | 0.52     |
|    human_collision_rate        | 0.04     |
|    human_difficulty            | 0.127    |
|    human_safety_cost           | 5.92     |
|    lift_rate                   | 0.1      |
|    minimum_human_distance      | 0.337    |
|    near_misses                 | 0.08     |
|    place_err_mm                | 232      |
|    proximity_steps             | 5.18     |
|    safety_clamped              | 128      |
|    success_rate                | 0.09     |
|    waiting_steps               | 4.34     |
| time/                          |          |
|    episodes                    | 1890     |
|    fps                         | 36       |
|    time_elapsed                | 7065     |
|    total_timesteps             | 259412   |
| train/                         |          |
|    actor_loss                  | -1.76    |
|    critic_loss                 | 12.5     |
|    ent_coef                    | 0.0198   |
|    ent_coef_loss               | -0.643   |
|    learning_rate               | 0.0003   |
|    n_updates                   | 254408   |
---------------------------------------------
---------------------------------------------
| rollout/                       |          |
|    collision_free_success_rate | 0.18     |
|    collision_steps             | 2        |
|    completion_time             | 6.65     |
|    ep_len                      | 133      |
|    episodes                    | 1896     |
|    grasp_rate                  | 0.58     |
|    human_collision_rate        | 0.02     |
|    human_difficulty            | 0.127    |
|    human_safety_cost           | 3.23     |
|    lift_rate                   | 0.14     |
|    minimum_human_distance      | 0.353    |
|    near_misses                 | 0.04     |
|    place_err_mm                | 218      |
|    proximity_steps             | 4.08     |
|    safety_clamped              | 121      |
|    success_rate                | 0.18     |
|    waiting_steps               | 3.6      |
| train/                         |          |
|    actor_loss                  | -2.89    |
|    critic_loss                 | 15.4     |
|    ent_coef                    | 0.0193   |
|    ent_coef_loss               | -0.58    |
|    learning_rate               | 0.0003   |
|    n_updates                   | 254996   |
---------------------------------------------
Eval num_timesteps=260000, episode_reward=-50.60 +/- 74.76
Episode length: 177.13 +/- 42.13
Success rate: 0.00%
---------------------------------
| eval/              |          |
|    mean_ep_length  | 177      |
|    mean_reward     | -50.6    |
|    success_rate    | 0        |
| time/              |          |
|    total_timesteps | 260000   |
---------------------------------
---------------------------------------------
| rollout/                       |          |
|    collision_free_success_rate | 0.2      |
|    collision_steps             | 1.9      |
|    completion_time             | 6.42     |
|    ep_len                      | 128      |
|    ep_len_mean                 | 137      |
|    ep_rew_mean                 | 22.8     |
|    episodes                    | 1899     |
|    grasp_rate                  | 0.62     |
|    human_collision_rate        | 0.02     |
|    human_difficulty            | 0.127    |
|    human_safety_cost           | 3.23     |
|    lift_rate                   | 0.16     |
|    minimum_human_distance      | 0.348    |
|    near_misses                 | 0.04     |
|    place_err_mm                | 207      |
|    proximity_steps             | 4.08     |
|    safety_clamped              | 116      |
|    success_rate                | 0.12     |
|    waiting_steps               | 3.6      |
| time/                          |          |
|    episodes                    | 1900     |
|    fps                         | 36       |
|    time_elapsed                | 7142     |
|    total_timesteps             | 260692   |
| train/                         |          |
|    actor_loss                  | -1.85    |
|    critic_loss                 | 28.4     |
|    ent_coef                    | 0.0196   |
|    ent_coef_loss               | 0.542    |
|    learning_rate               | 0.0003   |
|    n_updates                   | 255688   |
---------------------------------------------
---------------------------------------------
| rollout/                       |          |
|    collision_free_success_rate | 0.18     |
|    collision_steps             | 1.9      |
|    completion_time             | 6.71     |
|    ep_len                      | 134      |
|    episodes                    | 1909     |
|    grasp_rate                  | 0.7      |
|    human_collision_rate        | 0        |
|    human_difficulty            | 0.128    |
|    human_safety_cost           | 5.62     |
|    lift_rate                   | 0.12     |
|    minimum_human_distance      | 0.328    |
|    near_misses                 | 0.06     |
|    place_err_mm                | 200      |
|    proximity_steps             | 5.5      |
|    safety_clamped              | 122      |
|    success_rate                | 0.18     |
|    waiting_steps               | 4.62     |
| train/                         |          |
|    actor_loss                  | -3.84    |
|    critic_loss                 | 18.2     |
|    ent_coef                    | 0.0193   |
|    ent_coef_loss               | 0.288    |
|    learning_rate               | 0.0003   |
|    n_updates                   | 256996   |
---------------------------------------------
---------------------------------------------
| rollout/                       |          |
|    collision_free_success_rate | 0.18     |
|    collision_steps             | 1.9      |
|    completion_time             | 6.71     |
|    ep_len                      | 134      |
|    ep_len_mean                 | 141      |
|    ep_rew_mean                 | 21.9     |
|    episodes                    | 1909     |
|    grasp_rate                  | 0.7      |
|    human_collision_rate        | 0        |
|    human_difficulty            | 0.128    |
|    human_safety_cost           | 5.62     |
|    lift_rate                   | 0.12     |
|    minimum_human_distance      | 0.328    |
|    near_misses                 | 0.06     |
|    place_err_mm                | 200      |
|    proximity_steps             | 5.5      |
|    safety_clamped              | 122      |
|    success_rate                | 0.12     |
|    waiting_steps               | 4.62     |
| time/                          |          |
|    episodes                    | 1910     |
|    fps                         | 36       |
|    time_elapsed                | 7182     |
|    total_timesteps             | 262224   |
| train/                         |          |
|    actor_loss                  | -2.93    |
|    critic_loss                 | 14.8     |
|    ent_coef                    | 0.0194   |
|    ent_coef_loss               | -0.833   |
|    learning_rate               | 0.0003   |
|    n_updates                   | 257220   |
---------------------------------------------
---------------------------------------------
| rollout/                       |          |
|    collision_free_success_rate | 0.16     |
|    collision_steps             | 1.4      |
|    completion_time             | 6.87     |
|    ep_len                      | 137      |
|    ep_len_mean                 | 138      |
|    ep_rew_mean                 | 29.8     |
|    episodes                    | 1919     |
|    grasp_rate                  | 0.66     |
|    human_collision_rate        | 0        |
|    human_difficulty            | 0.129    |
|    human_safety_cost           | 5.62     |
|    lift_rate                   | 0.14     |
|    minimum_human_distance      | 0.328    |
|    near_misses                 | 0.06     |
|    place_err_mm                | 220      |
|    proximity_steps             | 5.5      |
|    safety_clamped              | 126      |
|    success_rate                | 0.15     |
|    waiting_steps               | 4.62     |
| time/                          |          |
|    episodes                    | 1920     |
|    fps                         | 36       |
|    time_elapsed                | 7208     |
|    total_timesteps             | 263180   |
| train/                         |          |
|    actor_loss                  | -3.65    |
|    critic_loss                 | 39.1     |
|    ent_coef                    | 0.0193   |
|    ent_coef_loss               | 0.0286   |
|    learning_rate               | 0.0003   |
|    n_updates                   | 258176   |
---------------------------------------------
---------------------------------------------
| rollout/                       |          |
|    collision_free_success_rate | 0.24     |
|    collision_steps             | 1.4      |
|    completion_time             | 6.22     |
|    ep_len                      | 124      |
|    episodes                    | 1927     |
|    grasp_rate                  | 0.7      |
|    human_collision_rate        | 0        |
|    human_difficulty            | 0.129    |
|    human_safety_cost           | 5.27     |
|    lift_rate                   | 0.18     |
|    minimum_human_distance      | 0.336    |
|    near_misses                 | 0.04     |
|    place_err_mm                | 207      |
|    proximity_steps             | 3.92     |
|    safety_clamped              | 113      |
|    success_rate                | 0.24     |
|    waiting_steps               | 3.14     |
| train/                         |          |
|    actor_loss                  | -5.03    |
|    critic_loss                 | 25.1     |
|    ent_coef                    | 0.0188   |
|    ent_coef_loss               | -0.664   |
|    learning_rate               | 0.0003   |
|    n_updates                   | 258996   |
---------------------------------------------
---------------------------------------------
| rollout/                       |          |
|    collision_free_success_rate | 0.24     |
|    collision_steps             | 1.4      |
|    completion_time             | 6.13     |
|    ep_len                      | 123      |
|    ep_len_mean                 | 134      |
|    ep_rew_mean                 | 34       |
|    episodes                    | 1929     |
|    grasp_rate                  | 0.7      |
|    human_collision_rate        | 0        |
|    human_difficulty            | 0.129    |
|    human_safety_cost           | 5.76     |
|    lift_rate                   | 0.18     |
|    minimum_human_distance      | 0.326    |
|    near_misses                 | 0.08     |
|    place_err_mm                | 211      |
|    proximity_steps             | 5.06     |
|    safety_clamped              | 112      |
|    success_rate                | 0.17     |
|    waiting_steps               | 3.8      |
| time/                          |          |
|    episodes                    | 1930     |
|    fps                         | 36       |
|    time_elapsed                | 7241     |
|    total_timesteps             | 264452   |
| train/                         |          |
|    actor_loss                  | -4.77    |
|    critic_loss                 | 14       |
|    ent_coef                    | 0.0185   |
|    ent_coef_loss               | -0.0545  |
|    learning_rate               | 0.0003   |
|    n_updates                   | 259448   |
---------------------------------------------
---------------------------------------------
| rollout/                       |          |
|    collision_free_success_rate | 0.24     |
|    collision_steps             | 0.34     |
|    completion_time             | 6.29     |
|    ep_len                      | 126      |
|    ep_len_mean                 | 131      |
|    ep_rew_mean                 | 37.6     |
|    episodes                    | 1939     |
|    grasp_rate                  | 0.68     |
|    human_collision_rate        | 0.02     |
|    human_difficulty            | 0.13     |
|    human_safety_cost           | 9.41     |
|    lift_rate                   | 0.14     |
|    minimum_human_distance      | 0.328    |
|    near_misses                 | 0.12     |
|    place_err_mm                | 206      |
|    proximity_steps             | 5.24     |
|    safety_clamped              | 115      |
|    success_rate                | 0.19     |
|    waiting_steps               | 4.06     |
| time/                          |          |
|    episodes                    | 1940     |
|    fps                         | 36       |
|    time_elapsed                | 7278     |
|    total_timesteps             | 265852   |
| train/                         |          |
|    actor_loss                  | -2.74    |
|    critic_loss                 | 17.6     |
|    ent_coef                    | 0.0194   |
|    ent_coef_loss               | 2.96     |
|    learning_rate               | 0.0003   |
|    n_updates                   | 260848   |
---------------------------------------------
---------------------------------------------
| rollout/                       |          |
|    collision_free_success_rate | 0.24     |
|    collision_steps             | 0.34     |
|    completion_time             | 6.22     |
|    ep_len                      | 124      |
|    episodes                    | 1940     |
|    grasp_rate                  | 0.68     |
|    human_collision_rate        | 0.02     |
|    human_difficulty            | 0.13     |
|    human_safety_cost           | 9.41     |
|    lift_rate                   | 0.14     |
|    minimum_human_distance      | 0.328    |
|    near_misses                 | 0.12     |
|    place_err_mm                | 210      |
|    proximity_steps             | 5.24     |
|    safety_clamped              | 113      |
|    success_rate                | 0.24     |
|    waiting_steps               | 4.06     |
| train/                         |          |
|    actor_loss                  | -1.67    |
|    critic_loss                 | 14.4     |
|    ent_coef                    | 0.0194   |
|    ent_coef_loss               | -0.444   |
|    learning_rate               | 0.0003   |
|    n_updates                   | 260996   |
---------------------------------------------
---------------------------------------------
| rollout/                       |          |
|    collision_free_success_rate | 0.18     |
|    collision_steps             | 0.34     |
|    completion_time             | 6.79     |
|    ep_len                      | 136      |
|    ep_len_mean                 | 131      |
|    ep_rew_mean                 | 40.5     |
|    episodes                    | 1949     |
|    grasp_rate                  | 0.62     |
|    human_collision_rate        | 0.02     |
|    human_difficulty            | 0.131    |
|    human_safety_cost           | 9.42     |
|    lift_rate                   | 0.08     |
|    minimum_human_distance      | 0.331    |
|    near_misses                 | 0.12     |
|    place_err_mm                | 236      |
|    proximity_steps             | 5.44     |
|    safety_clamped              | 126      |
|    success_rate                | 0.2      |
|    waiting_steps               | 4.14     |
| time/                          |          |
|    episodes                    | 1950     |
|    fps                         | 36       |
|    time_elapsed                | 7315     |
|    total_timesteps             | 267288   |
| train/                         |          |
|    actor_loss                  | -2.5     |
|    critic_loss                 | 17       |
|    ent_coef                    | 0.019    |
|    ent_coef_loss               | -0.613   |
|    learning_rate               | 0.0003   |
|    n_updates                   | 262284   |
---------------------------------------------
---------------------------------------------
| rollout/                       |          |
|    collision_free_success_rate | 0.2      |
|    collision_steps             | 0.34     |
|    completion_time             | 6.76     |
|    ep_len                      | 135      |
|    episodes                    | 1953     |
|    grasp_rate                  | 0.62     |
|    human_collision_rate        | 0.02     |
|    human_difficulty            | 0.131    |
|    human_safety_cost           | 10.1     |
|    lift_rate                   | 0.08     |
|    minimum_human_distance      | 0.323    |
|    near_misses                 | 0.14     |
|    place_err_mm                | 230      |
|    proximity_steps             | 6.46     |
|    safety_clamped              | 125      |
|    success_rate                | 0.2      |
|    waiting_steps               | 5.06     |
| train/                         |          |
|    actor_loss                  | -2.28    |
|    critic_loss                 | 16.7     |
|    ent_coef                    | 0.0197   |
|    ent_coef_loss               | -0.116   |
|    learning_rate               | 0.0003   |
|    n_updates                   | 262996   |
---------------------------------------------
---------------------------------------------
| rollout/                       |          |
|    collision_free_success_rate | 0.18     |
|    collision_steps             | 0.4      |
|    completion_time             | 6.68     |
|    ep_len                      | 134      |
|    ep_len_mean                 | 134      |
|    ep_rew_mean                 | 32.4     |
|    episodes                    | 1959     |
|    grasp_rate                  | 0.54     |
|    human_collision_rate        | 0.02     |
|    human_difficulty            | 0.131    |
|    human_safety_cost           | 7.19     |
|    lift_rate                   | 0.08     |
|    minimum_human_distance      | 0.326    |
|    near_misses                 | 0.14     |
|    place_err_mm                | 238      |
|    proximity_steps             | 5.82     |
|    safety_clamped              | 124      |
|    success_rate                | 0.18     |
|    waiting_steps               | 4.88     |
| time/                          |          |
|    episodes                    | 1960     |
|    fps                         | 36       |
|    time_elapsed                | 7351     |
|    total_timesteps             | 268668   |
| train/                         |          |
|    actor_loss                  | -3.9     |
|    critic_loss                 | 17.4     |
|    ent_coef                    | 0.0196   |
|    ent_coef_loss               | 0.0415   |
|    learning_rate               | 0.0003   |
|    n_updates                   | 263664   |
---------------------------------------------
---------------------------------------------
| rollout/                       |          |
|    collision_free_success_rate | 0.16     |
|    collision_steps             | 0.4      |
|    completion_time             | 6.77     |
|    ep_len                      | 135      |
|    ep_len_mean                 | 135      |
|    ep_rew_mean                 | 25.1     |
|    episodes                    | 1969     |
|    grasp_rate                  | 0.52     |
|    human_collision_rate        | 0.08     |
|    human_difficulty            | 0.132    |
|    human_safety_cost           | 16.3     |
|    lift_rate                   | 0.04     |
|    minimum_human_distance      | 0.297    |
|    near_misses                 | 0.24     |
|    place_err_mm                | 244      |
|    proximity_steps             | 9.22     |
|    safety_clamped              | 126      |
|    success_rate                | 0.17     |
|    waiting_steps               | 7.66     |
| time/                          |          |
|    episodes                    | 1970     |
|    fps                         | 36       |
|    time_elapsed                | 7386     |
|    total_timesteps             | 269972   |
| train/                         |          |
|    actor_loss                  | -1.93    |
|    critic_loss                 | 15.9     |
|    ent_coef                    | 0.0192   |
|    ent_coef_loss               | 0.737    |
|    learning_rate               | 0.0003   |
|    n_updates                   | 264968   |
---------------------------------------------
---------------------------------------------
| rollout/                       |          |
|    collision_free_success_rate | 0.16     |
|    collision_steps             | 0.4      |
|    completion_time             | 6.77     |
|    ep_len                      | 135      |
|    episodes                    | 1970     |
|    grasp_rate                  | 0.52     |
|    human_collision_rate        | 0.08     |
|    human_difficulty            | 0.132    |
|    human_safety_cost           | 16.3     |
|    lift_rate                   | 0.04     |
|    minimum_human_distance      | 0.297    |
|    near_misses                 | 0.24     |
|    place_err_mm                | 244      |
|    proximity_steps             | 9.22     |
|    safety_clamped              | 126      |
|    success_rate                | 0.16     |
|    waiting_steps               | 7.66     |
| train/                         |          |
|    actor_loss                  | -3.57    |
|    critic_loss                 | 16.7     |
|    ent_coef                    | 0.0192   |
|    ent_coef_loss               | 0.215    |
|    learning_rate               | 0.0003   |
|    n_updates                   | 264996   |
---------------------------------------------
---------------------------------------------
| rollout/                       |          |
|    collision_free_success_rate | 0.14     |
|    collision_steps             | 0.86     |
|    completion_time             | 6.93     |
|    ep_len                      | 139      |
|    ep_len_mean                 | 132      |
|    ep_rew_mean                 | 30       |
|    episodes                    | 1979     |
|    grasp_rate                  | 0.52     |
|    human_collision_rate        | 0.12     |
|    human_difficulty            | 0.133    |
|    human_safety_cost           | 22.5     |
|    lift_rate                   | 0.04     |
|    minimum_human_distance      | 0.284    |
|    near_misses                 | 0.26     |
|    place_err_mm                | 238      |
|    proximity_steps             | 11.5     |
|    safety_clamped              | 129      |
|    success_rate                | 0.19     |
|    waiting_steps               | 9.7      |
| time/                          |          |
|    episodes                    | 1980     |
|    fps                         | 36       |
|    time_elapsed                | 7421     |
|    total_timesteps             | 271296   |
| train/                         |          |
|    actor_loss                  | -4       |
|    critic_loss                 | 16.8     |
|    ent_coef                    | 0.02     |
|    ent_coef_loss               | -0.66    |
|    learning_rate               | 0.0003   |
|    n_updates                   | 266292   |
---------------------------------------------
---------------------------------------------
| rollout/                       |          |
|    collision_free_success_rate | 0.14     |
|    collision_steps             | 0.92     |
|    completion_time             | 7.05     |
|    ep_len                      | 141      |
|    episodes                    | 1982     |
|    grasp_rate                  | 0.48     |
|    human_collision_rate        | 0.12     |
|    human_difficulty            | 0.133    |
|    human_safety_cost           | 23.5     |
|    lift_rate                   | 0.04     |
|    minimum_human_distance      | 0.273    |
|    near_misses                 | 0.28     |
|    place_err_mm                | 239      |
|    proximity_steps             | 14.2     |
|    safety_clamped              | 131      |
|    success_rate                | 0.14     |
|    waiting_steps               | 12.1     |
| train/                         |          |
|    actor_loss                  | -4.1     |
|    critic_loss                 | 26.2     |
|    ent_coef                    | 0.0198   |
|    ent_coef_loss               | -0.547   |
|    learning_rate               | 0.0003   |
|    n_updates                   | 266996   |
---------------------------------------------
---------------------------------------------
| rollout/                       |          |
|    collision_free_success_rate | 0.1      |
|    collision_steps             | 0.6      |
|    completion_time             | 7.25     |
|    ep_len                      | 145      |
|    ep_len_mean                 | 135      |
|    ep_rew_mean                 | 23.8     |
|    episodes                    | 1989     |
|    grasp_rate                  | 0.48     |
|    human_collision_rate        | 0.1      |
|    human_difficulty            | 0.133    |
|    human_safety_cost           | 19.6     |
|    lift_rate                   | 0.04     |
|    minimum_human_distance      | 0.278    |
|    near_misses                 | 0.24     |
|    place_err_mm                | 247      |
|    proximity_steps             | 12.3     |
|    safety_clamped              | 136      |
|    success_rate                | 0.17     |
|    waiting_steps               | 10.5     |
| time/                          |          |
|    episodes                    | 1990     |
|    fps                         | 36       |
|    time_elapsed                | 7469     |
|    total_timesteps             | 273128   |
| train/                         |          |
|    actor_loss                  | -1.78    |
|    critic_loss                 | 15.5     |
|    ent_coef                    | 0.0193   |
|    ent_coef_loss               | -0.891   |
|    learning_rate               | 0.0003   |
|    n_updates                   | 268124   |
---------------------------------------------
---------------------------------------------
| rollout/                       |          |
|    collision_free_success_rate | 0.16     |
|    collision_steps             | 0.66     |
|    completion_time             | 6.95     |
|    ep_len                      | 139      |
|    episodes                    | 1998     |
|    grasp_rate                  | 0.48     |
|    human_collision_rate        | 0.1      |
|    human_difficulty            | 0.134    |
|    human_safety_cost           | 19.6     |
|    lift_rate                   | 0.08     |
|    minimum_human_distance      | 0.279    |
|    near_misses                 | 0.24     |
|    place_err_mm                | 221      |
|    proximity_steps             | 12.3     |
|    safety_clamped              | 130      |
|    success_rate                | 0.16     |
|    waiting_steps               | 10.5     |
| train/                         |          |
|    actor_loss                  | -4.04    |
|    critic_loss                 | 17.9     |
|    ent_coef                    | 0.0195   |
|    ent_coef_loss               | 0.0505   |
|    learning_rate               | 0.0003   |
|    n_updates                   | 268996   |
---------------------------------------------
---------------------------------------------
| rollout/                       |          |
|    collision_free_success_rate | 0.16     |
|    collision_steps             | 0.66     |
|    completion_time             | 6.93     |
|    ep_len                      | 139      |
|    ep_len_mean                 | 137      |
|    ep_rew_mean                 | 23.3     |
|    episodes                    | 1999     |
|    grasp_rate                  | 0.5      |
|    human_collision_rate        | 0.1      |
|    human_difficulty            | 0.134    |
|    human_safety_cost           | 19.6     |
|    lift_rate                   | 0.08     |
|    minimum_human_distance      | 0.284    |
|    near_misses                 | 0.24     |
|    place_err_mm                | 215      |
|    proximity_steps             | 12.1     |
|    safety_clamped              | 129      |
|    success_rate                | 0.17     |
|    waiting_steps               | 10.4     |
| time/                          |          |
|    episodes                    | 2000     |
|    fps                         | 36       |
|    time_elapsed                | 7503     |
|    total_timesteps             | 274444   |
| train/                         |          |
|    actor_loss                  | -4.3     |
|    critic_loss                 | 14.2     |
|    ent_coef                    | 0.0194   |
|    ent_coef_loss               | -0.186   |
|    learning_rate               | 0.0003   |
|    n_updates                   | 269440   |
---------------------------------------------
---------------------------------------------
| rollout/                       |          |
|    collision_free_success_rate | 0.26     |
|    collision_steps             | 3.02     |
|    completion_time             | 6.38     |
|    ep_len                      | 128      |
|    ep_len_mean                 | 130      |
|    ep_rew_mean                 | 40.6     |
|    episodes                    | 2009     |
|    grasp_rate                  | 0.6      |
|    human_collision_rate        | 0.1      |
|    human_difficulty            | 0.134    |
|    human_safety_cost           | 16.8     |
|    lift_rate                   | 0.12     |
|    minimum_human_distance      | 0.311    |
|    near_misses                 | 0.18     |
|    place_err_mm                | 188      |
|    proximity_steps             | 9.48     |
|    safety_clamped              | 118      |
|    success_rate                | 0.23     |
|    waiting_steps               | 7.86     |
| time/                          |          |
|    episodes                    | 2010     |
|    fps                         | 36       |
|    time_elapsed                | 7518     |
|    total_timesteps             | 275016   |
| train/                         |          |
|    actor_loss                  | -2.05    |
|    critic_loss                 | 14.3     |
|    ent_coef                    | 0.0195   |
|    ent_coef_loss               | 0.153    |
|    learning_rate               | 0.0003   |
|    n_updates                   | 270012   |
---------------------------------------------
---------------------------------------------
| rollout/                       |          |
|    collision_free_success_rate | 0.3      |
|    collision_steps             | 3.02     |
|    completion_time             | 6.03     |
|    ep_len                      | 121      |
|    ep_len_mean                 | 128      |
|    ep_rew_mean                 | 40.8     |
|    episodes                    | 2019     |
|    grasp_rate                  | 0.62     |
|    human_collision_rate        | 0.04     |
|    human_difficulty            | 0.135    |
|    human_safety_cost           | 7.67     |
|    lift_rate                   | 0.18     |
|    minimum_human_distance      | 0.343    |
|    near_misses                 | 0.08     |
|    place_err_mm                | 164      |
|    proximity_steps             | 6.08     |
|    safety_clamped              | 111      |
|    success_rate                | 0.23     |
|    waiting_steps               | 5.08     |
| time/                          |          |
|    episodes                    | 2020     |
|    fps                         | 36       |
|    time_elapsed                | 7542     |
|    total_timesteps             | 275956   |
| train/                         |          |
|    actor_loss                  | -1.92    |
|    critic_loss                 | 18.3     |
|    ent_coef                    | 0.0199   |
|    ent_coef_loss               | -1.19    |
|    learning_rate               | 0.0003   |
|    n_updates                   | 270952   |
---------------------------------------------
---------------------------------------------
| rollout/                       |          |
|    collision_free_success_rate | 0.3      |
|    collision_steps             | 3.02     |
|    completion_time             | 6.07     |
|    ep_len                      | 121      |
|    episodes                    | 2020     |
|    grasp_rate                  | 0.62     |
|    human_collision_rate        | 0.04     |
|    human_difficulty            | 0.136    |
|    human_safety_cost           | 7.67     |
|    lift_rate                   | 0.18     |
|    minimum_human_distance      | 0.342    |
|    near_misses                 | 0.08     |
|    place_err_mm                | 164      |
|    proximity_steps             | 6.08     |
|    safety_clamped              | 112      |
|    success_rate                | 0.3      |
|    waiting_steps               | 5.08     |
| train/                         |          |
|    actor_loss                  | -3.91    |
|    critic_loss                 | 45.3     |
|    ent_coef                    | 0.0197   |
|    ent_coef_loss               | -1.5     |
|    learning_rate               | 0.0003   |
|    n_updates                   | 270996   |
---------------------------------------------
---------------------------------------------
| rollout/                       |          |
|    collision_free_success_rate | 0.28     |
|    collision_steps             | 2.58     |
|    completion_time             | 6.22     |
|    ep_len                      | 124      |
|    ep_len_mean                 | 132      |
|    ep_rew_mean                 | 36.8     |
|    episodes                    | 2029     |
|    grasp_rate                  | 0.62     |
|    human_collision_rate        | 0        |
|    human_difficulty            | 0.136    |
|    human_safety_cost           | 3.43     |
|    lift_rate                   | 0.16     |
|    minimum_human_distance      | 0.338    |
|    near_misses                 | 0.08     |
|    place_err_mm                | 163      |
|    proximity_steps             | 4.76     |
|    safety_clamped              | 115      |
|    success_rate                | 0.21     |
|    waiting_steps               | 4.16     |
| time/                          |          |
|    episodes                    | 2030     |
|    fps                         | 36       |
|    time_elapsed                | 7584     |
|    total_timesteps             | 277540   |
| train/                         |          |
|    actor_loss                  | -3.8     |
|    critic_loss                 | 13       |
|    ent_coef                    | 0.0203   |
|    ent_coef_loss               | -0.449   |
|    learning_rate               | 0.0003   |
|    n_updates                   | 272536   |
---------------------------------------------
---------------------------------------------
| rollout/                       |          |
|    collision_free_success_rate | 0.32     |
|    collision_steps             | 2.5      |
|    completion_time             | 5.74     |
|    ep_len                      | 115      |
|    episodes                    | 2034     |
|    grasp_rate                  | 0.68     |
|    human_collision_rate        | 0        |
|    human_difficulty            | 0.136    |
|    human_safety_cost           | 2.39     |
|    lift_rate                   | 0.18     |
|    minimum_human_distance      | 0.355    |
|    near_misses                 | 0.06     |
|    place_err_mm                | 143      |
|    proximity_steps             | 2.1      |
|    safety_clamped              | 106      |
|    success_rate                | 0.32     |
|    waiting_steps               | 1.78     |
| train/                         |          |
|    actor_loss                  | -3.49    |
|    critic_loss                 | 20.7     |
|    ent_coef                    | 0.02     |
|    ent_coef_loss               | -0.00974 |
|    learning_rate               | 0.0003   |
|    n_updates                   | 272996   |
---------------------------------------------
---------------------------------------------
| rollout/                       |          |
|    collision_free_success_rate | 0.36     |
|    collision_steps             | 2.5      |
|    completion_time             | 5.65     |
|    ep_len                      | 113      |
|    ep_len_mean                 | 131      |
|    ep_rew_mean                 | 43.2     |
|    episodes                    | 2039     |
|    grasp_rate                  | 0.66     |
|    human_collision_rate        | 0        |
|    human_difficulty            | 0.137    |
|    human_safety_cost           | 2.45     |
|    lift_rate                   | 0.18     |
|    minimum_human_distance      | 0.353    |
|    near_misses                 | 0.06     |
|    place_err_mm                | 142      |
|    proximity_steps             | 3.42     |
|    safety_clamped              | 104      |
|    success_rate                | 0.23     |
|    waiting_steps               | 2.7      |
| time/                          |          |
|    episodes                    | 2040     |
|    fps                         | 36       |
|    time_elapsed                | 7615     |
|    total_timesteps             | 278696   |
| train/                         |          |
|    actor_loss                  | -3.22    |
|    critic_loss                 | 19       |
|    ent_coef                    | 0.0202   |
|    ent_coef_loss               | -0.806   |
|    learning_rate               | 0.0003   |
|    n_updates                   | 273692   |
---------------------------------------------
---------------------------------------------
| rollout/                       |          |
|    collision_free_success_rate | 0.36     |
|    collision_steps             | 2.44     |
|    completion_time             | 5.67     |
|    ep_len                      | 113      |
|    ep_len_mean                 | 126      |
|    ep_rew_mean                 | 50.6     |
|    episodes                    | 2049     |
|    grasp_rate                  | 0.66     |
|    human_collision_rate        | 0        |
|    human_difficulty            | 0.137    |
|    human_safety_cost           | 2.58     |
|    lift_rate                   | 0.14     |
|    minimum_human_distance      | 0.343    |
|    near_misses                 | 0.08     |
|    place_err_mm                | 153      |
|    proximity_steps             | 3.76     |
|    safety_clamped              | 105      |
|    success_rate                | 0.26     |
|    waiting_steps               | 3.02     |
| time/                          |          |
|    episodes                    | 2050     |
|    fps                         | 36       |
|    time_elapsed                | 7641     |
|    total_timesteps             | 279716   |
| train/                         |          |
|    actor_loss                  | -2.45    |
|    critic_loss                 | 18.7     |
|    ent_coef                    | 0.0195   |
|    ent_coef_loss               | -0.139   |
|    learning_rate               | 0.0003   |
|    n_updates                   | 274712   |
---------------------------------------------
---------------------------------------------
| rollout/                       |          |
|    collision_free_success_rate | 0.36     |
|    collision_steps             | 2.44     |
|    completion_time             | 5.71     |
|    ep_len                      | 114      |
|    episodes                    | 2052     |
|    grasp_rate                  | 0.64     |
|    human_collision_rate        | 0        |
|    human_difficulty            | 0.137    |
|    human_safety_cost           | 2.58     |
|    lift_rate                   | 0.16     |
|    minimum_human_distance      | 0.34     |
|    near_misses                 | 0.08     |
|    place_err_mm                | 149      |
|    proximity_steps             | 3.76     |
|    safety_clamped              | 105      |
|    success_rate                | 0.36     |
|    waiting_steps               | 3.02     |
| train/                         |          |
|    actor_loss                  | -1.26    |
|    critic_loss                 | 18.8     |
|    ent_coef                    | 0.0195   |
|    ent_coef_loss               | -1.25    |
|    learning_rate               | 0.0003   |
|    n_updates                   | 274996   |
---------------------------------------------
Eval num_timesteps=280000, episode_reward=-21.99 +/- 51.94
Episode length: 182.93 +/- 44.80
Success rate: 0.00%
---------------------------------
| eval/              |          |
|    mean_ep_length  | 183      |
|    mean_reward     | -22      |
|    success_rate    | 0        |
| time/              |          |
|    total_timesteps | 280000   |
---------------------------------
---------------------------------------------
| rollout/                       |          |
|    collision_free_success_rate | 0.28     |
|    collision_steps             | 2.18     |
|    completion_time             | 6.2      |
|    ep_len                      | 124      |
|    ep_len_mean                 | 125      |
|    ep_rew_mean                 | 54.9     |
|    episodes                    | 2059     |
|    grasp_rate                  | 0.64     |
|    human_collision_rate        | 0.04     |
|    human_difficulty            | 0.138    |
|    human_safety_cost           | 9.02     |
|    lift_rate                   | 0.12     |
|    minimum_human_distance      | 0.316    |
|    near_misses                 | 0.14     |
|    place_err_mm                | 165      |
|    proximity_steps             | 6.76     |
|    safety_clamped              | 115      |
|    success_rate                | 0.27     |
|    waiting_steps               | 5.64     |
| time/                          |          |
|    episodes                    | 2060     |
|    fps                         | 36       |
|    time_elapsed                | 7721     |
|    total_timesteps             | 281072   |
| train/                         |          |
|    actor_loss                  | -4.58    |
|    critic_loss                 | 16.5     |
|    ent_coef                    | 0.0196   |
|    ent_coef_loss               | -1.01    |
|    learning_rate               | 0.0003   |
|    n_updates                   | 276068   |
---------------------------------------------
---------------------------------------------
| rollout/                       |          |
|    collision_free_success_rate | 0.24     |
|    collision_steps             | 2.18     |
|    completion_time             | 6.29     |
|    ep_len                      | 126      |
|    episodes                    | 2065     |
|    grasp_rate                  | 0.64     |
|    human_collision_rate        | 0.04     |
|    human_difficulty            | 0.138    |
|    human_safety_cost           | 9.02     |
|    lift_rate                   | 0.1      |
|    minimum_human_distance      | 0.304    |
|    near_misses                 | 0.14     |
|    place_err_mm                | 178      |
|    proximity_steps             | 6.76     |
|    safety_clamped              | 116      |
|    success_rate                | 0.24     |
|    waiting_steps               | 5.64     |
| train/                         |          |
|    actor_loss                  | -3.02    |
|    critic_loss                 | 18.3     |
|    ent_coef                    | 0.0188   |
|    ent_coef_loss               | 0.204    |
|    learning_rate               | 0.0003   |
|    n_updates                   | 276996   |
---------------------------------------------
---------------------------------------------
| rollout/                       |          |
|    collision_free_success_rate | 0.24     |
|    collision_steps             | 2.24     |
|    completion_time             | 6.43     |
|    ep_len                      | 129      |
|    ep_len_mean                 | 126      |
|    ep_rew_mean                 | 58       |
|    episodes                    | 2069     |
|    grasp_rate                  | 0.66     |
|    human_collision_rate        | 0.04     |
|    human_difficulty            | 0.138    |
|    human_safety_cost           | 9.02     |
|    lift_rate                   | 0.08     |
|    minimum_human_distance      | 0.312    |
|    near_misses                 | 0.14     |
|    place_err_mm                | 176      |
|    proximity_steps             | 6.76     |
|    safety_clamped              | 119      |
|    success_rate                | 0.26     |
|    waiting_steps               | 5.64     |
| time/                          |          |
|    episodes                    | 2070     |
|    fps                         | 36       |
|    time_elapsed                | 7759     |
|    total_timesteps             | 282488   |
| train/                         |          |
|    actor_loss                  | -2.46    |
|    critic_loss                 | 24.8     |
|    ent_coef                    | 0.0196   |
|    ent_coef_loss               | -1.37    |
|    learning_rate               | 0.0003   |
|    n_updates                   | 277484   |
---------------------------------------------
---------------------------------------------
| rollout/                       |          |
|    collision_free_success_rate | 0.22     |
|    collision_steps             | 2.24     |
|    completion_time             | 6.37     |
|    ep_len                      | 127      |
|    ep_len_mean                 | 126      |
|    ep_rew_mean                 | 56.3     |
|    episodes                    | 2079     |
|    grasp_rate                  | 0.66     |
|    human_collision_rate        | 0.08     |
|    human_difficulty            | 0.139    |
|    human_safety_cost           | 11.5     |
|    lift_rate                   | 0.06     |
|    minimum_human_distance      | 0.303    |
|    near_misses                 | 0.12     |
|    place_err_mm                | 189      |
|    proximity_steps             | 6.32     |
|    safety_clamped              | 118      |
|    success_rate                | 0.25     |
|    waiting_steps               | 5.42     |
| time/                          |          |
|    episodes                    | 2080     |
|    fps                         | 36       |
|    time_elapsed                | 7799     |
|    total_timesteps             | 283988   |
| train/                         |          |
|    actor_loss                  | -3.48    |
|    critic_loss                 | 32       |
|    ent_coef                    | 0.0192   |
|    ent_coef_loss               | 0.877    |
|    learning_rate               | 0.0003   |
|    n_updates                   | 278984   |
---------------------------------------------
---------------------------------------------
| rollout/                       |          |
|    collision_free_success_rate | 0.22     |
|    collision_steps             | 2.24     |
|    completion_time             | 6.29     |
|    ep_len                      | 126      |
|    episodes                    | 2081     |
|    grasp_rate                  | 0.66     |
|    human_collision_rate        | 0.08     |
|    human_difficulty            | 0.139    |
|    human_safety_cost           | 11.5     |
|    lift_rate                   | 0.06     |
|    minimum_human_distance      | 0.308    |
|    near_misses                 | 0.12     |
|    place_err_mm                | 190      |
|    proximity_steps             | 6.32     |
|    safety_clamped              | 116      |
|    success_rate                | 0.22     |
|    waiting_steps               | 5.42     |
| train/                         |          |
|    actor_loss                  | -1.86    |
|    critic_loss                 | 20.7     |
|    ent_coef                    | 0.0193   |
|    ent_coef_loss               | -0.0274  |
|    learning_rate               | 0.0003   |
|    n_updates                   | 278996   |
---------------------------------------------
---------------------------------------------
| rollout/                       |          |
|    collision_free_success_rate | 0.18     |
|    collision_steps             | 2.26     |
|    completion_time             | 6.39     |
|    ep_len                      | 128      |
|    ep_len_mean                 | 120      |
|    ep_rew_mean                 | 58.4     |
|    episodes                    | 2089     |
|    grasp_rate                  | 0.66     |
|    human_collision_rate        | 0.1      |
|    human_difficulty            | 0.143    |
|    human_safety_cost           | 14.4     |
|    lift_rate                   | 0.04     |
|    minimum_human_distance      | 0.303    |
|    near_misses                 | 0.14     |
|    place_err_mm                | 201      |
|    proximity_steps             | 6.56     |
|    safety_clamped              | 118      |
|    success_rate                | 0.27     |
|    waiting_steps               | 6.06     |
| time/                          |          |
|    episodes                    | 2090     |
|    fps                         | 36       |
|    time_elapsed                | 7825     |
|    total_timesteps             | 285004   |
| train/                         |          |
|    actor_loss                  | -2.21    |
|    critic_loss                 | 19.8     |
|    ent_coef                    | 0.0187   |
|    ent_coef_loss               | 1.3      |
|    learning_rate               | 0.0003   |
|    n_updates                   | 280000   |
---------------------------------------------
---------------------------------------------
| rollout/                       |          |
|    collision_free_success_rate | 0.18     |
|    collision_steps             | 2.26     |
|    completion_time             | 6.26     |
|    ep_len                      | 125      |
|    episodes                    | 2098     |
|    grasp_rate                  | 0.68     |
|    human_collision_rate        | 0.1      |
|    human_difficulty            | 0.14     |
|    human_safety_cost           | 14.5     |
|    lift_rate                   | 0.08     |
|    minimum_human_distance      | 0.301    |
|    near_misses                 | 0.12     |
|    place_err_mm                | 214      |
|    proximity_steps             | 7.28     |
|    safety_clamped              | 116      |
|    success_rate                | 0.18     |
|    waiting_steps               | 6.8      |
| train/                         |          |
|    actor_loss                  | -2.16    |
|    critic_loss                 | 16.2     |
|    ent_coef                    | 0.0199   |
|    ent_coef_loss               | -0.108   |
|    learning_rate               | 0.0003   |
|    n_updates                   | 280996   |
---------------------------------------------
---------------------------------------------
| rollout/                       |          |
|    collision_free_success_rate | 0.18     |
|    collision_steps             | 2.26     |
|    completion_time             | 6.18     |
|    ep_len                      | 124      |
|    ep_len_mean                 | 118      |
|    ep_rew_mean                 | 53       |
|    episodes                    | 2099     |
|    grasp_rate                  | 0.68     |
|    human_collision_rate        | 0.12     |
|    human_difficulty            | 0.14     |
|    human_safety_cost           | 16.9     |
|    lift_rate                   | 0.08     |
|    minimum_human_distance      | 0.297    |
|    near_misses                 | 0.14     |
|    place_err_mm                | 212      |
|    proximity_steps             | 7.6      |
|    safety_clamped              | 114      |
|    success_rate                | 0.27     |
|    waiting_steps               | 6.96     |
| time/                          |          |
|    episodes                    | 2100     |
|    fps                         | 36       |
|    time_elapsed                | 7856     |
|    total_timesteps             | 286204   |
| train/                         |          |
|    actor_loss                  | -4.45    |
|    critic_loss                 | 28.9     |
|    ent_coef                    | 0.0202   |
|    ent_coef_loss               | -0.691   |
|    learning_rate               | 0.0003   |
|    n_updates                   | 281200   |
---------------------------------------------
---------------------------------------------
| rollout/                       |          |
|    collision_free_success_rate | 0.2      |
|    collision_steps             | 1.54     |
|    completion_time             | 6.03     |
|    ep_len                      | 120      |
|    ep_len_mean                 | 122      |
|    ep_rew_mean                 | 44.1     |
|    episodes                    | 2109     |
|    grasp_rate                  | 0.7      |
|    human_collision_rate        | 0.12     |
|    human_difficulty            | 0.141    |
|    human_safety_cost           | 15.3     |
|    lift_rate                   | 0.08     |
|    minimum_human_distance      | 0.302    |
|    near_misses                 | 0.12     |
|    place_err_mm                | 212      |
|    proximity_steps             | 5.66     |
|    safety_clamped              | 111      |
|    success_rate                | 0.24     |
|    waiting_steps               | 5.16     |
| time/                          |          |
|    episodes                    | 2110     |
|    fps                         | 36       |
|    time_elapsed                | 7883     |
|    total_timesteps             | 287240   |
| train/                         |          |
|    actor_loss                  | -2.82    |
|    critic_loss                 | 11.9     |
|    ent_coef                    | 0.0198   |
|    ent_coef_loss               | -0.714   |
|    learning_rate               | 0.0003   |
|    n_updates                   | 282236   |
---------------------------------------------
---------------------------------------------
| rollout/                       |          |
|    collision_free_success_rate | 0.24     |
|    collision_steps             | 1.54     |
|    completion_time             | 5.93     |
|    ep_len                      | 119      |
|    episodes                    | 2115     |
|    grasp_rate                  | 0.7      |
|    human_collision_rate        | 0.12     |
|    human_difficulty            | 0.141    |
|    human_safety_cost           | 15.3     |
|    lift_rate                   | 0.08     |
|    minimum_human_distance      | 0.316    |
|    near_misses                 | 0.12     |
|    place_err_mm                | 202      |
|    proximity_steps             | 5.66     |
|    safety_clamped              | 109      |
|    success_rate                | 0.24     |
|    waiting_steps               | 5.16     |
| train/                         |          |
|    actor_loss                  | -3.4     |
|    critic_loss                 | 18       |
|    ent_coef                    | 0.0207   |
|    ent_coef_loss               | -0.941   |
|    learning_rate               | 0.0003   |
|    n_updates                   | 282996   |
---------------------------------------------
---------------------------------------------
| rollout/                       |          |
|    collision_free_success_rate | 0.22     |
|    collision_steps             | 1.48     |
|    completion_time             | 6.01     |
|    ep_len                      | 120      |
|    ep_len_mean                 | 126      |
|    ep_rew_mean                 | 38       |
|    episodes                    | 2119     |
|    grasp_rate                  | 0.7      |
|    human_collision_rate        | 0.12     |
|    human_difficulty            | 0.141    |
|    human_safety_cost           | 17       |
|    lift_rate                   | 0.08     |
|    minimum_human_distance      | 0.307    |
|    near_misses                 | 0.14     |
|    place_err_mm                | 206      |
|    proximity_steps             | 6.88     |
|    safety_clamped              | 111      |
|    success_rate                | 0.22     |
|    waiting_steps               | 6.32     |
| time/                          |          |
|    episodes                    | 2120     |
|    fps                         | 36       |
|    time_elapsed                | 7923     |
|    total_timesteps             | 288720   |
| train/                         |          |
|    actor_loss                  | -3.63    |
|    critic_loss                 | 33.6     |
|    ent_coef                    | 0.0203   |
|    ent_coef_loss               | -0.767   |
|    learning_rate               | 0.0003   |
|    n_updates                   | 283716   |
---------------------------------------------
---------------------------------------------
| rollout/                       |          |
|    collision_free_success_rate | 0.24     |
|    collision_steps             | 1.46     |
|    completion_time             | 6.09     |
|    ep_len                      | 122      |
|    episodes                    | 2128     |
|    grasp_rate                  | 0.68     |
|    human_collision_rate        | 0.1      |
|    human_difficulty            | 0.142    |
|    human_safety_cost           | 14.5     |
|    lift_rate                   | 0.1      |
|    minimum_human_distance      | 0.318    |
|    near_misses                 | 0.12     |
|    place_err_mm                | 199      |
|    proximity_steps             | 6.76     |
|    safety_clamped              | 112      |
|    success_rate                | 0.24     |
|    waiting_steps               | 6.28     |
| train/                         |          |
|    actor_loss                  | -3.06    |
|    critic_loss                 | 16.9     |
|    ent_coef                    | 0.0203   |
|    ent_coef_loss               | 0.752    |
|    learning_rate               | 0.0003   |
|    n_updates                   | 284996   |
---------------------------------------------
---------------------------------------------
| rollout/                       |          |
|    collision_free_success_rate | 0.22     |
|    collision_steps             | 1.46     |
|    completion_time             | 6.23     |
|    ep_len                      | 125      |
|    ep_len_mean                 | 126      |
|    ep_rew_mean                 | 38       |
|    episodes                    | 2129     |
|    grasp_rate                  | 0.66     |
|    human_collision_rate        | 0.1      |
|    human_difficulty            | 0.142    |
|    human_safety_cost           | 14.5     |
|    lift_rate                   | 0.1      |
|    minimum_human_distance      | 0.321    |
|    near_misses                 | 0.12     |
|    place_err_mm                | 207      |
|    proximity_steps             | 6.76     |
|    safety_clamped              | 114      |
|    success_rate                | 0.22     |
|    waiting_steps               | 6.28     |
| time/                          |          |
|    episodes                    | 2130     |
|    fps                         | 36       |
|    time_elapsed                | 7958     |
|    total_timesteps             | 290088   |
| train/                         |          |
|    actor_loss                  | -3.83    |
|    critic_loss                 | 15.3     |
|    ent_coef                    | 0.0204   |
|    ent_coef_loss               | -0.636   |
|    learning_rate               | 0.0003   |
|    n_updates                   | 285084   |
---------------------------------------------
---------------------------------------------
| rollout/                       |          |
|    collision_free_success_rate | 0.22     |
|    collision_steps             | 1.44     |
|    completion_time             | 6.38     |
|    ep_len                      | 128      |
|    ep_len_mean                 | 128      |
|    ep_rew_mean                 | 30.9     |
|    episodes                    | 2139     |
|    grasp_rate                  | 0.6      |
|    human_collision_rate        | 0.1      |
|    human_difficulty            | 0.143    |
|    human_safety_cost           | 13.9     |
|    lift_rate                   | 0.1      |
|    minimum_human_distance      | 0.319    |
|    near_misses                 | 0.12     |
|    place_err_mm                | 216      |
|    proximity_steps             | 7.08     |
|    safety_clamped              | 117      |
|    success_rate                | 0.2      |
|    waiting_steps               | 5.92     |
| time/                          |          |
|    episodes                    | 2140     |
|    fps                         | 36       |
|    time_elapsed                | 7996     |
|    total_timesteps             | 291532   |
| train/                         |          |
|    actor_loss                  | -3.07    |
|    critic_loss                 | 33.2     |
|    ent_coef                    | 0.0202   |
|    ent_coef_loss               | 0.077    |
|    learning_rate               | 0.0003   |
|    n_updates                   | 286528   |
---------------------------------------------
---------------------------------------------
| rollout/                       |          |
|    collision_free_success_rate | 0.24     |
|    collision_steps             | 1.44     |
|    completion_time             | 6.45     |
|    ep_len                      | 129      |
|    episodes                    | 2145     |
|    grasp_rate                  | 0.56     |
|    human_collision_rate        | 0.12     |
|    human_difficulty            | 0.143    |
|    human_safety_cost           | 16.3     |
|    lift_rate                   | 0.12     |
|    minimum_human_distance      | 0.309    |
|    near_misses                 | 0.14     |
|    place_err_mm                | 203      |
|    proximity_steps             | 7.6      |
|    safety_clamped              | 118      |
|    success_rate                | 0.24     |
|    waiting_steps               | 6.44     |
| train/                         |          |
|    actor_loss                  | -1.68    |
|    critic_loss                 | 15.1     |
|    ent_coef                    | 0.0195   |
|    ent_coef_loss               | 0.0214   |
|    learning_rate               | 0.0003   |
|    n_updates                   | 286996   |
---------------------------------------------
---------------------------------------------
| rollout/                       |          |
|    collision_free_success_rate | 0.2      |
|    collision_steps             | 1.44     |
|    completion_time             | 6.55     |
|    ep_len                      | 131      |
|    ep_len_mean                 | 129      |
|    ep_rew_mean                 | 22.4     |
|    episodes                    | 2149     |
|    grasp_rate                  | 0.54     |
|    human_collision_rate        | 0.1      |
|    human_difficulty            | 0.144    |
|    human_safety_cost           | 13.9     |
|    lift_rate                   | 0.08     |
|    minimum_human_distance      | 0.319    |
|    near_misses                 | 0.12     |
|    place_err_mm                | 210      |
|    proximity_steps             | 7.6      |
|    safety_clamped              | 121      |
|    success_rate                | 0.18     |
|    waiting_steps               | 6.52     |
| time/                          |          |
|    episodes                    | 2150     |
|    fps                         | 36       |
|    time_elapsed                | 8026     |
|    total_timesteps             | 292660   |
| train/                         |          |
|    actor_loss                  | -1.69    |
|    critic_loss                 | 12.8     |
|    ent_coef                    | 0.0189   |
|    ent_coef_loss               | 0.0471   |
|    learning_rate               | 0.0003   |
|    n_updates                   | 287656   |
---------------------------------------------
---------------------------------------------
| rollout/                       |          |
|    collision_free_success_rate | 0.2      |
|    collision_steps             | 0        |
|    completion_time             | 6.64     |
|    ep_len                      | 133      |
|    ep_len_mean                 | 128      |
|    ep_rew_mean                 | 30.2     |
|    episodes                    | 2159     |
|    grasp_rate                  | 0.5      |
|    human_collision_rate        | 0.08     |
|    human_difficulty            | 0.144    |
|    human_safety_cost           | 11.9     |
|    lift_rate                   | 0.1      |
|    minimum_human_distance      | 0.322    |
|    near_misses                 | 0.12     |
|    place_err_mm                | 209      |
|    proximity_steps             | 7.54     |
|    safety_clamped              | 122      |
|    success_rate                | 0.2      |
|    waiting_steps               | 6.12     |
| time/                          |          |
|    episodes                    | 2160     |
|    fps                         | 36       |
|    time_elapsed                | 8059     |
|    total_timesteps             | 293940   |
| train/                         |          |
|    actor_loss                  | -1.8     |
|    critic_loss                 | 16.2     |
|    ent_coef                    | 0.0198   |
|    ent_coef_loss               | -0.319   |
|    learning_rate               | 0.0003   |
|    n_updates                   | 288936   |
---------------------------------------------
---------------------------------------------
| rollout/                       |          |
|    collision_free_success_rate | 0.18     |
|    collision_steps             | 0        |
|    completion_time             | 6.82     |
|    ep_len                      | 136      |
|    episodes                    | 2160     |
|    grasp_rate                  | 0.48     |
|    human_collision_rate        | 0.08     |
|    human_difficulty            | 0.144    |
|    human_safety_cost           | 11.9     |
|    lift_rate                   | 0.1      |
|    minimum_human_distance      | 0.319    |
|    near_misses                 | 0.12     |
|    place_err_mm                | 216      |
|    proximity_steps             | 7.54     |
|    safety_clamped              | 126      |
|    success_rate                | 0.18     |
|    waiting_steps               | 6.12     |
| train/                         |          |
|    actor_loss                  | 0.164    |
|    critic_loss                 | 19.9     |
|    ent_coef                    | 0.0198   |
|    ent_coef_loss               | -0.507   |
|    learning_rate               | 0.0003   |
|    n_updates                   | 288996   |
---------------------------------------------
---------------------------------------------
| rollout/                       |          |
|    collision_free_success_rate | 0.2      |
|    collision_steps             | 0        |
|    completion_time             | 6.93     |
|    ep_len                      | 139      |
|    ep_len_mean                 | 129      |
|    ep_rew_mean                 | 30.3     |
|    episodes                    | 2169     |
|    grasp_rate                  | 0.46     |
|    human_collision_rate        | 0.08     |
|    human_difficulty            | 0.145    |
|    human_safety_cost           | 10.2     |
|    lift_rate                   | 0.14     |
|    minimum_human_distance      | 0.334    |
|    near_misses                 | 0.1      |
|    place_err_mm                | 219      |
|    proximity_steps             | 6.32     |
|    safety_clamped              | 128      |
|    success_rate                | 0.21     |
|    waiting_steps               | 4.96     |
| time/                          |          |
|    episodes                    | 2170     |
|    fps                         | 36       |
|    time_elapsed                | 8098     |
|    total_timesteps             | 295404   |
| train/                         |          |
|    actor_loss                  | -1.1     |
|    critic_loss                 | 48.4     |
|    ent_coef                    | 0.0191   |
|    ent_coef_loss               | -0.0845  |
|    learning_rate               | 0.0003   |
|    n_updates                   | 290400   |
---------------------------------------------
---------------------------------------------
| rollout/                       |          |
|    collision_free_success_rate | 0.22     |
|    collision_steps             | 0        |
|    completion_time             | 6.76     |
|    ep_len                      | 135      |
|    episodes                    | 2173     |
|    grasp_rate                  | 0.46     |
|    human_collision_rate        | 0.1      |
|    human_difficulty            | 0.145    |
|    human_safety_cost           | 13       |
|    lift_rate                   | 0.16     |
|    minimum_human_distance      | 0.332    |
|    near_misses                 | 0.12     |
|    place_err_mm                | 218      |
|    proximity_steps             | 5.88     |
|    safety_clamped              | 124      |
|    success_rate                | 0.22     |
|    waiting_steps               | 4.38     |
| train/                         |          |
|    actor_loss                  | -1.37    |
|    critic_loss                 | 44.8     |
|    ent_coef                    | 0.0194   |
|    ent_coef_loss               | -0.0416  |
|    learning_rate               | 0.0003   |
|    n_updates                   | 290996   |
---------------------------------------------
---------------------------------------------
| rollout/                       |          |
|    collision_free_success_rate | 0.22     |
|    collision_steps             | 0        |
|    completion_time             | 6.79     |
|    ep_len                      | 136      |
|    ep_len_mean                 | 130      |
|    ep_rew_mean                 | 32.4     |
|    episodes                    | 2179     |
|    grasp_rate                  | 0.44     |
|    human_collision_rate        | 0.1      |
|    human_difficulty            | 0.146    |
|    human_safety_cost           | 13       |
|    lift_rate                   | 0.14     |
|    minimum_human_distance      | 0.329    |
|    near_misses                 | 0.12     |
|    place_err_mm                | 220      |
|    proximity_steps             | 5.88     |
|    safety_clamped              | 125      |
|    success_rate                | 0.22     |
|    waiting_steps               | 4.38     |
| time/                          |          |
|    episodes                    | 2180     |
|    fps                         | 36       |
|    time_elapsed                | 8141     |
|    total_timesteps             | 297036   |
| train/                         |          |
|    actor_loss                  | -3.08    |
|    critic_loss                 | 20.5     |
|    ent_coef                    | 0.019    |
|    ent_coef_loss               | 0.269    |
|    learning_rate               | 0.0003   |
|    n_updates                   | 292032   |
---------------------------------------------
---------------------------------------------
| rollout/                       |          |
|    collision_free_success_rate | 0.22     |
|    collision_steps             | 0        |
|    completion_time             | 6.43     |
|    ep_len                      | 129      |
|    ep_len_mean                 | 129      |
|    ep_rew_mean                 | 35.9     |
|    episodes                    | 2189     |
|    grasp_rate                  | 0.52     |
|    human_collision_rate        | 0.08     |
|    human_difficulty            | 0.146    |
|    human_safety_cost           | 10.7     |
|    lift_rate                   | 0.14     |
|    minimum_human_distance      | 0.321    |
|    near_misses                 | 0.12     |
|    place_err_mm                | 203      |
|    proximity_steps             | 4.28     |
|    safety_clamped              | 118      |
|    success_rate                | 0.22     |
|    waiting_steps               | 3.46     |
| time/                          |          |
|    episodes                    | 2190     |
|    fps                         | 36       |
|    time_elapsed                | 8162     |
|    total_timesteps             | 297836   |
| train/                         |          |
|    actor_loss                  | -2.37    |
|    critic_loss                 | 31.2     |
|    ent_coef                    | 0.0195   |
|    ent_coef_loss               | 0.932    |
|    learning_rate               | 0.0003   |
|    n_updates                   | 292832   |
---------------------------------------------
---------------------------------------------
| rollout/                       |          |
|    collision_free_success_rate | 0.22     |
|    collision_steps             | 0        |
|    completion_time             | 6.43     |
|    ep_len                      | 129      |
|    episodes                    | 2190     |
|    grasp_rate                  | 0.52     |
|    human_collision_rate        | 0.08     |
|    human_difficulty            | 0.146    |
|    human_safety_cost           | 10.7     |
|    lift_rate                   | 0.14     |
|    minimum_human_distance      | 0.323    |
|    near_misses                 | 0.12     |
|    place_err_mm                | 201      |
|    proximity_steps             | 4.28     |
|    safety_clamped              | 117      |
|    success_rate                | 0.22     |
|    waiting_steps               | 3.46     |
| train/                         |          |
|    actor_loss                  | -2.21    |
|    critic_loss                 | 32.6     |
|    ent_coef                    | 0.0199   |
|    ent_coef_loss               | 1.4      |
|    learning_rate               | 0.0003   |
|    n_updates                   | 292996   |
---------------------------------------------
---------------------------------------------
| rollout/                       |          |
|    collision_free_success_rate | 0.18     |
|    collision_steps             | 0.06     |
|    completion_time             | 6.95     |
|    ep_len                      | 139      |
|    ep_len_mean                 | 134      |
|    ep_rew_mean                 | 27.4     |
|    episodes                    | 2199     |
|    grasp_rate                  | 0.54     |
|    human_collision_rate        | 0.08     |
|    human_difficulty            | 0.147    |
|    human_safety_cost           | 10.8     |
|    lift_rate                   | 0.12     |
|    minimum_human_distance      | 0.32     |
|    near_misses                 | 0.12     |
|    place_err_mm                | 218      |
|    proximity_steps             | 3.8      |
|    safety_clamped              | 127      |
|    success_rate                | 0.19     |
|    waiting_steps               | 3.06     |
| time/                          |          |
|    episodes                    | 2200     |
|    fps                         | 36       |
|    time_elapsed                | 8208     |
|    total_timesteps             | 299580   |
| train/                         |          |
|    actor_loss                  | -0.88    |
|    critic_loss                 | 22.9     |
|    ent_coef                    | 0.019    |
|    ent_coef_loss               | -0.171   |
|    learning_rate               | 0.0003   |
|    n_updates                   | 294576   |
---------------------------------------------
---------------------------------------------
| rollout/                       |          |
|    collision_free_success_rate | 0.16     |
|    collision_steps             | 0.2      |
|    completion_time             | 6.94     |
|    ep_len                      | 139      |
|    episodes                    | 2202     |
|    grasp_rate                  | 0.54     |
|    human_collision_rate        | 0.08     |
|    human_difficulty            | 0.147    |
|    human_safety_cost           | 11.3     |
|    lift_rate                   | 0.12     |
|    minimum_human_distance      | 0.313    |
|    near_misses                 | 0.14     |
|    place_err_mm                | 227      |
|    proximity_steps             | 4.52     |
|    safety_clamped              | 127      |
|    success_rate                | 0.16     |
|    waiting_steps               | 3.36     |
| train/                         |          |
|    actor_loss                  | -2.38    |
|    critic_loss                 | 19       |
|    ent_coef                    | 0.0197   |
|    ent_coef_loss               | 0.203    |
|    learning_rate               | 0.0003   |
|    n_updates                   | 294996   |
---------------------------------------------
Eval num_timesteps=300000, episode_reward=-22.42 +/- 54.58
Episode length: 172.80 +/- 55.54
Success rate: 0.00%
---------------------------------
| eval/              |          |
|    mean_ep_length  | 173      |
|    mean_reward     | -22.4    |
|    success_rate    | 0        |
| time/              |          |
|    total_timesteps | 300000   |
---------------------------------
---------------------------------------------
| rollout/                       |          |
|    collision_free_success_rate | 0.16     |
|    collision_steps             | 0.2      |
|    completion_time             | 6.92     |
|    ep_len                      | 138      |
|    ep_len_mean                 | 137      |
|    ep_rew_mean                 | 21.5     |
|    episodes                    | 2208     |
|    grasp_rate                  | 0.56     |
|    human_collision_rate        | 0.08     |
|    human_difficulty            | 0.147    |
|    human_safety_cost           | 11.6     |
|    lift_rate                   | 0.08     |
|    minimum_human_distance      | 0.315    |
|    near_misses                 | 0.14     |
|    place_err_mm                | 225      |
|    proximity_steps             | 5.36     |
|    safety_clamped              | 127      |
|    success_rate                | 0.17     |
|    waiting_steps               | 4.78     |
| time/                          |          |
|    episodes                    | 2210     |
|    fps                         | 36       |
|    time_elapsed                | 8283     |
|    total_timesteps             | 300852   |
| train/                         |          |
|    actor_loss                  | -2.45    |
|    critic_loss                 | 28.2     |
|    ent_coef                    | 0.0204   |
|    ent_coef_loss               | -1.02    |
|    learning_rate               | 0.0003   |
|    n_updates                   | 295848   |
---------------------------------------------
---------------------------------------------
| rollout/                       |          |
|    collision_free_success_rate | 0.2      |
|    collision_steps             | 1.28     |
|    completion_time             | 6.39     |
|    ep_len                      | 128      |
|    ep_len_mean                 | 133      |
|    ep_rew_mean                 | 29.3     |
|    episodes                    | 2219     |
|    grasp_rate                  | 0.58     |
|    human_collision_rate        | 0.08     |
|    human_difficulty            | 0.148    |
|    human_safety_cost           | 12.7     |
|    lift_rate                   | 0.08     |
|    minimum_human_distance      | 0.315    |
|    near_misses                 | 0.14     |
|    place_err_mm                | 223      |
|    proximity_steps             | 5.76     |
|    safety_clamped              | 117      |
|    success_rate                | 0.2      |
|    waiting_steps               | 5.18     |
| time/                          |          |
|    episodes                    | 2220     |
|    fps                         | 36       |
|    time_elapsed                | 8312     |
|    total_timesteps             | 301956   |
| train/                         |          |
|    actor_loss                  | -1.69    |
|    critic_loss                 | 26.5     |
|    ent_coef                    | 0.0204   |
|    ent_coef_loss               | -1.35    |
|    learning_rate               | 0.0003   |
|    n_updates                   | 296952   |
---------------------------------------------
---------------------------------------------
| rollout/                       |          |
|    collision_free_success_rate | 0.2      |
|    collision_steps             | 1.28     |
|    completion_time             | 6.46     |
|    ep_len                      | 129      |
|    episodes                    | 2221     |
|    grasp_rate                  | 0.58     |
|    human_collision_rate        | 0.06     |
|    human_difficulty            | 0.148    |
|    human_safety_cost           | 10.4     |
|    lift_rate                   | 0.08     |
|    minimum_human_distance      | 0.323    |
|    near_misses                 | 0.12     |
|    place_err_mm                | 218      |
|    proximity_steps             | 5.36     |
|    safety_clamped              | 119      |
|    success_rate                | 0.2      |
|    waiting_steps               | 4.78     |
| train/                         |          |
|    actor_loss                  | -2.05    |
|    critic_loss                 | 15.5     |
|    ent_coef                    | 0.0201   |
|    ent_coef_loss               | -0.694   |
|    learning_rate               | 0.0003   |
|    n_updates                   | 296996   |
---------------------------------------------
---------------------------------------------
| rollout/                       |          |
|    collision_free_success_rate | 0.26     |
|    collision_steps             | 1.28     |
|    completion_time             | 5.88     |
|    ep_len                      | 118      |
|    ep_len_mean                 | 126      |
|    ep_rew_mean                 | 43.5     |
|    episodes                    | 2229     |
|    grasp_rate                  | 0.66     |
|    human_collision_rate        | 0.04     |
|    human_difficulty            | 0.149    |
|    human_safety_cost           | 7.52     |
|    lift_rate                   | 0.12     |
|    minimum_human_distance      | 0.342    |
|    near_misses                 | 0.1      |
|    place_err_mm                | 196      |
|    proximity_steps             | 4.72     |
|    safety_clamped              | 108      |
|    success_rate                | 0.25     |
|    waiting_steps               | 4.24     |
| time/                          |          |
|    episodes                    | 2230     |
|    fps                         | 36       |
|    time_elapsed                | 8333     |
|    total_timesteps             | 302748   |
| train/                         |          |
|    actor_loss                  | -1.29    |
|    critic_loss                 | 12       |
|    ent_coef                    | 0.0191   |
|    ent_coef_loss               | 0.036    |
|    learning_rate               | 0.0003   |
|    n_updates                   | 297744   |
---------------------------------------------
---------------------------------------------
| rollout/                       |          |
|    collision_free_success_rate | 0.34     |
|    collision_steps             | 1.4      |
|    completion_time             | 5.87     |
|    ep_len                      | 117      |
|    ep_len_mean                 | 123      |
|    ep_rew_mean                 | 53.8     |
|    episodes                    | 2239     |
|    grasp_rate                  | 0.66     |
|    human_collision_rate        | 0.04     |
|    human_difficulty            | 0.149    |
|    human_safety_cost           | 7.43     |
|    lift_rate                   | 0.16     |
|    minimum_human_distance      | 0.362    |
|    near_misses                 | 0.08     |
|    place_err_mm                | 186      |
|    proximity_steps             | 4.44     |
|    safety_clamped              | 108      |
|    success_rate                | 0.28     |
|    waiting_steps               | 3.96     |
| time/                          |          |
|    episodes                    | 2240     |
|    fps                         | 36       |
|    time_elapsed                | 8360     |
|    total_timesteps             | 303768   |
| train/                         |          |
|    actor_loss                  | 0.989    |
|    critic_loss                 | 33.2     |
|    ent_coef                    | 0.0195   |
|    ent_coef_loss               | -0.923   |
|    learning_rate               | 0.0003   |
|    n_updates                   | 298764   |
---------------------------------------------
---------------------------------------------
| rollout/                       |          |
|    collision_free_success_rate | 0.36     |
|    collision_steps             | 1.4      |
|    completion_time             | 5.76     |
|    ep_len                      | 115      |
|    episodes                    | 2241     |
|    grasp_rate                  | 0.66     |
|    human_collision_rate        | 0.04     |
|    human_difficulty            | 0.149    |
|    human_safety_cost           | 7.43     |
|    lift_rate                   | 0.18     |
|    minimum_human_distance      | 0.358    |
|    near_misses                 | 0.08     |
|    place_err_mm                | 181      |
|    proximity_steps             | 4.44     |
|    safety_clamped              | 106      |
|    success_rate                | 0.36     |
|    waiting_steps               | 3.96     |
| train/                         |          |
|    actor_loss                  | -0.439   |
|    critic_loss                 | 14.1     |
|    ent_coef                    | 0.0196   |
|    ent_coef_loss               | -0.84    |
|    learning_rate               | 0.0003   |
|    n_updates                   | 298996   |
---------------------------------------------
---------------------------------------------
| rollout/                       |          |
|    collision_free_success_rate | 0.4      |
|    collision_steps             | 1.34     |
|    completion_time             | 5.53     |
|    ep_len                      | 111      |
|    ep_len_mean                 | 124      |
|    ep_rew_mean                 | 57.2     |
|    episodes                    | 2249     |
|    grasp_rate                  | 0.66     |
|    human_collision_rate        | 0.04     |
|    human_difficulty            | 0.15     |
|    human_safety_cost           | 7.1      |
|    lift_rate                   | 0.2      |
|    minimum_human_distance      | 0.357    |
|    near_misses                 | 0.08     |
|    place_err_mm                | 171      |
|    proximity_steps             | 4.52     |
|    safety_clamped              | 101      |
|    success_rate                | 0.29     |
|    waiting_steps               | 3.44     |
| time/                          |          |
|    episodes                    | 2250     |
|    fps                         | 36       |
|    time_elapsed                | 8392     |
|    total_timesteps             | 304944   |
| train/                         |          |
|    actor_loss                  | -1.16    |
|    critic_loss                 | 13.5     |
|    ent_coef                    | 0.0197   |
|    ent_coef_loss               | 0.72     |
|    learning_rate               | 0.0003   |
|    n_updates                   | 299940   |
---------------------------------------------
---------------------------------------------
| rollout/                       |          |
|    collision_free_success_rate | 0.38     |
|    collision_steps             | 1.92     |
|    completion_time             | 5.5      |
|    ep_len                      | 110      |
|    episodes                    | 2256     |
|    grasp_rate                  | 0.66     |
|    human_collision_rate        | 0.06     |
|    human_difficulty            | 0.15     |
|    human_safety_cost           | 9.45     |
|    lift_rate                   | 0.2      |
|    minimum_human_distance      | 0.368    |
|    near_misses                 | 0.06     |
|    place_err_mm                | 187      |
|    proximity_steps             | 3.8      |
|    safety_clamped              | 101      |
|    success_rate                | 0.38     |
|    waiting_steps               | 2.94     |
| train/                         |          |
|    actor_loss                  | 0.0307   |
|    critic_loss                 | 20.8     |
|    ent_coef                    | 0.0199   |
|    ent_coef_loss               | -0.954   |
|    learning_rate               | 0.0003   |
|    n_updates                   | 300996   |
---------------------------------------------
---------------------------------------------
| rollout/                       |          |
|    collision_free_success_rate | 0.36     |
|    collision_steps             | 1.92     |
|    completion_time             | 5.77     |
|    ep_len                      | 115      |
|    ep_len_mean                 | 127      |
|    ep_rew_mean                 | 48.4     |
|    episodes                    | 2259     |
|    grasp_rate                  | 0.66     |
|    human_collision_rate        | 0.06     |
|    human_difficulty            | 0.15     |
|    human_safety_cost           | 9.45     |
|    lift_rate                   | 0.2      |
|    minimum_human_distance      | 0.369    |
|    near_misses                 | 0.06     |
|    place_err_mm                | 191      |
|    proximity_steps             | 3.8      |
|    safety_clamped              | 105      |
|    success_rate                | 0.26     |
|    waiting_steps               | 2.94     |
| time/                          |          |
|    episodes                    | 2260     |
|    fps                         | 36       |
|    time_elapsed                | 8436     |
|    total_timesteps             | 306676   |
| train/                         |          |
|    actor_loss                  | -3.59    |
|    critic_loss                 | 17.8     |
|    ent_coef                    | 0.0195   |
|    ent_coef_loss               | -0.107   |
|    learning_rate               | 0.0003   |
|    n_updates                   | 301672   |
---------------------------------------------
---------------------------------------------
| rollout/                       |          |
|    collision_free_success_rate | 0.3      |
|    collision_steps             | 1.38     |
|    completion_time             | 6.16     |
|    ep_len                      | 123      |
|    ep_len_mean                 | 124      |
|    ep_rew_mean                 | 47.6     |
|    episodes                    | 2269     |
|    grasp_rate                  | 0.62     |
|    human_collision_rate        | 0.06     |
|    human_difficulty            | 0.151    |
|    human_safety_cost           | 8.38     |
|    lift_rate                   | 0.16     |
|    minimum_human_distance      | 0.372    |
|    near_misses                 | 0.06     |
|    place_err_mm                | 203      |
|    proximity_steps             | 3.58     |
|    safety_clamped              | 112      |
|    success_rate                | 0.26     |
|    waiting_steps               | 2.72     |
| time/                          |          |
|    episodes                    | 2270     |
|    fps                         | 36       |
|    time_elapsed                | 8469     |
|    total_timesteps             | 307944   |
| train/                         |          |
|    actor_loss                  | -1.59    |
|    critic_loss                 | 26.2     |
|    ent_coef                    | 0.0202   |
|    ent_coef_loss               | 0.51     |
|    learning_rate               | 0.0003   |
|    n_updates                   | 302940   |
---------------------------------------------
---------------------------------------------
| rollout/                       |          |
|    collision_free_success_rate | 0.3      |
|    collision_steps             | 1.38     |
|    completion_time             | 6.07     |
|    ep_len                      | 121      |
|    episodes                    | 2271     |
|    grasp_rate                  | 0.64     |
|    human_collision_rate        | 0.06     |
|    human_difficulty            | 0.151    |
|    human_safety_cost           | 8.38     |
|    lift_rate                   | 0.16     |
|    minimum_human_distance      | 0.371    |
|    near_misses                 | 0.06     |
|    place_err_mm                | 201      |
|    proximity_steps             | 3.58     |
|    safety_clamped              | 110      |
|    success_rate                | 0.3      |
|    waiting_steps               | 2.72     |
| train/                         |          |
|    actor_loss                  | -3.36    |
|    critic_loss                 | 19.7     |
|    ent_coef                    | 0.0203   |
|    ent_coef_loss               | 0.814    |
|    learning_rate               | 0.0003   |
|    n_updates                   | 302996   |
---------------------------------------------
---------------------------------------------
| rollout/                       |          |
|    collision_free_success_rate | 0.24     |
|    collision_steps             | 1.38     |
|    completion_time             | 6.37     |
|    ep_len                      | 127      |
|    ep_len_mean                 | 123      |
|    ep_rew_mean                 | 48.8     |
|    episodes                    | 2279     |
|    grasp_rate                  | 0.66     |
|    human_collision_rate        | 0.06     |
|    human_difficulty            | 0.151    |
|    human_safety_cost           | 8.55     |
|    lift_rate                   | 0.12     |
|    minimum_human_distance      | 0.356    |
|    near_misses                 | 0.06     |
|    place_err_mm                | 211      |
|    proximity_steps             | 4.68     |
|    safety_clamped              | 116      |
|    success_rate                | 0.25     |
|    waiting_steps               | 3.88     |
| time/                          |          |
|    episodes                    | 2280     |
|    fps                         | 36       |
|    time_elapsed                | 8507     |
|    total_timesteps             | 309352   |
| train/                         |          |
|    actor_loss                  | -0.971   |
|    critic_loss                 | 18.9     |
|    ent_coef                    | 0.0212   |
|    ent_coef_loss               | 1.01     |
|    learning_rate               | 0.0003   |
|    n_updates                   | 304348   |
---------------------------------------------
---------------------------------------------
| rollout/                       |          |
|    collision_free_success_rate | 0.22     |
|    collision_steps             | 1.26     |
|    completion_time             | 6.27     |
|    ep_len                      | 125      |
|    episodes                    | 2286     |
|    grasp_rate                  | 0.66     |
|    human_collision_rate        | 0.08     |
|    human_difficulty            | 0.152    |
|    human_safety_cost           | 11.4     |
|    lift_rate                   | 0.1      |
|    minimum_human_distance      | 0.353    |
|    near_misses                 | 0.08     |
|    place_err_mm                | 224      |
|    proximity_steps             | 6.2      |
|    safety_clamped              | 115      |
|    success_rate                | 0.22     |
|    waiting_steps               | 4.62     |
| train/                         |          |
|    actor_loss                  | -2.82    |
|    critic_loss                 | 25.9     |
|    ent_coef                    | 0.0212   |
|    ent_coef_loss               | -1.19    |
|    learning_rate               | 0.0003   |
|    n_updates                   | 304996   |
---------------------------------------------
---------------------------------------------
| rollout/                       |          |
|    collision_free_success_rate | 0.16     |
|    collision_steps             | 3.74     |
|    completion_time             | 6.66     |
|    ep_len                      | 133      |
|    ep_len_mean                 | 123      |
|    ep_rew_mean                 | 46.6     |
|    episodes                    | 2289     |
|    grasp_rate                  | 0.64     |
|    human_collision_rate        | 0.1      |
|    human_difficulty            | 0.152    |
|    human_safety_cost           | 14.9     |
|    lift_rate                   | 0.1      |
|    minimum_human_distance      | 0.339    |
|    near_misses                 | 0.1      |
|    place_err_mm                | 236      |
|    proximity_steps             | 6.88     |
|    safety_clamped              | 122      |
|    success_rate                | 0.26     |
|    waiting_steps               | 5.22     |
| time/                          |          |
|    episodes                    | 2290     |
|    fps                         | 36       |
|    time_elapsed                | 8534     |
|    total_timesteps             | 310360   |
| train/                         |          |
|    actor_loss                  | 0.582    |
|    critic_loss                 | 30.1     |
|    ent_coef                    | 0.0212   |
|    ent_coef_loss               | -0.817   |
|    learning_rate               | 0.0003   |
|    n_updates                   | 305356   |
---------------------------------------------
---------------------------------------------
| rollout/                       |          |
|    collision_free_success_rate | 0.14     |
|    collision_steps             | 3.74     |
|    completion_time             | 6.6      |
|    ep_len                      | 132      |
|    ep_len_mean                 | 121      |
|    ep_rew_mean                 | 53.8     |
|    episodes                    | 2299     |
|    grasp_rate                  | 0.66     |
|    human_collision_rate        | 0.08     |
|    human_difficulty            | 0.153    |
|    human_safety_cost           | 14       |
|    lift_rate                   | 0.1      |
|    minimum_human_distance      | 0.355    |
|    near_misses                 | 0.1      |
|    place_err_mm                | 232      |
|    proximity_steps             | 6.94     |
|    safety_clamped              | 122      |
|    success_rate                | 0.27     |
|    waiting_steps               | 5.84     |
| time/                          |          |
|    episodes                    | 2300     |
|    fps                         | 36       |
|    time_elapsed                | 8569     |
|    total_timesteps             | 311680   |
| train/                         |          |
|    actor_loss                  | -1.43    |
|    critic_loss                 | 21.1     |
|    ent_coef                    | 0.0217   |
|    ent_coef_loss               | 1.79     |
|    learning_rate               | 0.0003   |
|    n_updates                   | 306676   |
---------------------------------------------
---------------------------------------------
| rollout/                       |          |
|    collision_free_success_rate | 0.18     |
|    collision_steps             | 3.02     |
|    completion_time             | 6.33     |
|    ep_len                      | 127      |
|    episodes                    | 2304     |
|    grasp_rate                  | 0.68     |
|    human_collision_rate        | 0.06     |
|    human_difficulty            | 0.153    |
|    human_safety_cost           | 10.5     |
|    lift_rate                   | 0.12     |
|    minimum_human_distance      | 0.36     |
|    near_misses                 | 0.1      |
|    place_err_mm                | 210      |
|    proximity_steps             | 6.08     |
|    safety_clamped              | 117      |
|    success_rate                | 0.18     |
|    waiting_steps               | 5.18     |
| train/                         |          |
|    actor_loss                  | -3.09    |
|    critic_loss                 | 22.6     |
|    ent_coef                    | 0.0216   |
|    ent_coef_loss               | -0.473   |
|    learning_rate               | 0.0003   |
|    n_updates                   | 306996   |
---------------------------------------------
---------------------------------------------
| rollout/                       |          |
|    collision_free_success_rate | 0.2      |
|    collision_steps             | 3.04     |
|    completion_time             | 6.11     |
|    ep_len                      | 122      |
|    ep_len_mean                 | 119      |
|    ep_rew_mean                 | 60.8     |
|    episodes                    | 2309     |
|    grasp_rate                  | 0.7      |
|    human_collision_rate        | 0.06     |
|    human_difficulty            | 0.154    |
|    human_safety_cost           | 10.5     |
|    lift_rate                   | 0.14     |
|    minimum_human_distance      | 0.353    |
|    near_misses                 | 0.1      |
|    place_err_mm                | 190      |
|    proximity_steps             | 6.08     |
|    safety_clamped              | 113      |
|    success_rate                | 0.28     |
|    waiting_steps               | 5.18     |
| time/                          |          |
|    episodes                    | 2310     |
|    fps                         | 36       |
|    time_elapsed                | 8595     |
|    total_timesteps             | 312688   |
| train/                         |          |
|    actor_loss                  | -3.02    |
|    critic_loss                 | 13.4     |
|    ent_coef                    | 0.0216   |
|    ent_coef_loss               | -0.103   |
|    learning_rate               | 0.0003   |
|    n_updates                   | 307684   |
---------------------------------------------
---------------------------------------------
| rollout/                       |          |
|    collision_free_success_rate | 0.24     |
|    collision_steps             | 2.5      |
|    completion_time             | 5.73     |
|    ep_len                      | 115      |
|    ep_len_mean                 | 119      |
|    ep_rew_mean                 | 58.9     |
|    episodes                    | 2319     |
|    grasp_rate                  | 0.74     |
|    human_collision_rate        | 0.06     |
|    human_difficulty            | 0.154    |
|    human_safety_cost           | 10.4     |
|    lift_rate                   | 0.16     |
|    minimum_human_distance      | 0.345    |
|    near_misses                 | 0.1      |
|    place_err_mm                | 177      |
|    proximity_steps             | 5.9      |
|    safety_clamped              | 106      |
|    success_rate                | 0.27     |
|    waiting_steps               | 5        |
| time/                          |          |
|    episodes                    | 2320     |
|    fps                         | 36       |
|    time_elapsed                | 8625     |
|    total_timesteps             | 313812   |
| train/                         |          |
|    actor_loss                  | -1.92    |
|    critic_loss                 | 20.9     |
|    ent_coef                    | 0.0214   |
|    ent_coef_loss               | -0.0254  |
|    learning_rate               | 0.0003   |
|    n_updates                   | 308808   |
---------------------------------------------
---------------------------------------------
| rollout/                       |          |
|    collision_free_success_rate | 0.22     |
|    collision_steps             | 2.5      |
|    completion_time             | 5.9      |
|    ep_len                      | 118      |
|    episodes                    | 2322     |
|    grasp_rate                  | 0.72     |
|    human_collision_rate        | 0.06     |
|    human_difficulty            | 0.154    |
|    human_safety_cost           | 10.4     |
|    lift_rate                   | 0.14     |
|    minimum_human_distance      | 0.344    |
|    near_misses                 | 0.1      |
|    place_err_mm                | 187      |
|    proximity_steps             | 5.9      |
|    safety_clamped              | 109      |
|    success_rate                | 0.22     |
|    waiting_steps               | 5        |
| train/                         |          |
|    actor_loss                  | -3.67    |
|    critic_loss                 | 20.2     |
|    ent_coef                    | 0.0216   |
|    ent_coef_loss               | 0.101    |
|    learning_rate               | 0.0003   |
|    n_updates                   | 308996   |
---------------------------------------------
---------------------------------------------
| rollout/                       |          |
|    collision_free_success_rate | 0.26     |
|    collision_steps             | 2.5      |
|    completion_time             | 5.82     |
|    ep_len                      | 116      |
|    ep_len_mean                 | 123      |
|    ep_rew_mean                 | 52.8     |
|    episodes                    | 2329     |
|    grasp_rate                  | 0.74     |
|    human_collision_rate        | 0.06     |
|    human_difficulty            | 0.155    |
|    human_safety_cost           | 10.2     |
|    lift_rate                   | 0.2      |
|    minimum_human_distance      | 0.355    |
|    near_misses                 | 0.1      |
|    place_err_mm                | 186      |
|    proximity_steps             | 4.74     |
|    safety_clamped              | 108      |
|    success_rate                | 0.24     |
|    waiting_steps               | 3.84     |
| time/                          |          |
|    episodes                    | 2330     |
|    fps                         | 36       |
|    time_elapsed                | 8661     |
|    total_timesteps             | 315188   |
| train/                         |          |
|    actor_loss                  | -3.82    |
|    critic_loss                 | 17.8     |
|    ent_coef                    | 0.0218   |
|    ent_coef_loss               | 0.979    |
|    learning_rate               | 0.0003   |
|    n_updates                   | 310184   |
---------------------------------------------
---------------------------------------------
| rollout/                       |          |
|    collision_free_success_rate | 0.24     |
|    collision_steps             | 2.5      |
|    completion_time             | 5.89     |
|    ep_len                      | 118      |
|    episodes                    | 2338     |
|    grasp_rate                  | 0.74     |
|    human_collision_rate        | 0.04     |
|    human_difficulty            | 0.155    |
|    human_safety_cost           | 7.06     |
|    lift_rate                   | 0.18     |
|    minimum_human_distance      | 0.358    |
|    near_misses                 | 0.08     |
|    place_err_mm                | 175      |
|    proximity_steps             | 5.88     |
|    safety_clamped              | 109      |
|    success_rate                | 0.24     |
|    waiting_steps               | 5.06     |
| train/                         |          |
|    actor_loss                  | -5.19    |
|    critic_loss                 | 16.9     |
|    ent_coef                    | 0.0214   |
|    ent_coef_loss               | -0.28    |
|    learning_rate               | 0.0003   |
|    n_updates                   | 310996   |
---------------------------------------------
---------------------------------------------
| rollout/                       |          |
|    collision_free_success_rate | 0.24     |
|    collision_steps             | 0.02     |
|    completion_time             | 5.81     |
|    ep_len                      | 116      |
|    ep_len_mean                 | 123      |
|    ep_rew_mean                 | 44.6     |
|    episodes                    | 2339     |
|    grasp_rate                  | 0.76     |
|    human_collision_rate        | 0.04     |
|    human_difficulty            | 0.156    |
|    human_safety_cost           | 7.06     |
|    lift_rate                   | 0.18     |
|    minimum_human_distance      | 0.358    |
|    near_misses                 | 0.08     |
|    place_err_mm                | 172      |
|    proximity_steps             | 5.88     |
|    safety_clamped              | 108      |
|    success_rate                | 0.21     |
|    waiting_steps               | 5.06     |
| time/                          |          |
|    episodes                    | 2340     |
|    fps                         | 36       |
|    time_elapsed                | 8688     |
|    total_timesteps             | 316204   |
| train/                         |          |
|    actor_loss                  | -3.84    |
|    critic_loss                 | 14.4     |
|    ent_coef                    | 0.0211   |
|    ent_coef_loss               | -0.0518  |
|    learning_rate               | 0.0003   |
|    n_updates                   | 311200   |
---------------------------------------------
---------------------------------------------
| rollout/                       |          |
|    collision_free_success_rate | 0.26     |
|    collision_steps             | 0.02     |
|    completion_time             | 5.73     |
|    ep_len                      | 115      |
|    ep_len_mean                 | 123      |
|    ep_rew_mean                 | 45.3     |
|    episodes                    | 2349     |
|    grasp_rate                  | 0.74     |
|    human_collision_rate        | 0.04     |
|    human_difficulty            | 0.156    |
|    human_safety_cost           | 5.81     |
|    lift_rate                   | 0.18     |
|    minimum_human_distance      | 0.345    |
|    near_misses                 | 0.08     |
|    place_err_mm                | 164      |
|    proximity_steps             | 4.72     |
|    safety_clamped              | 106      |
|    success_rate                | 0.2      |
|    waiting_steps               | 3.94     |
| time/                          |          |
|    episodes                    | 2350     |
|    fps                         | 36       |
|    time_elapsed                | 8722     |
|    total_timesteps             | 317492   |
| train/                         |          |
|    actor_loss                  | -4.28    |
|    critic_loss                 | 17.9     |
|    ent_coef                    | 0.0213   |
|    ent_coef_loss               | -0.901   |
|    learning_rate               | 0.0003   |
|    n_updates                   | 312488   |
---------------------------------------------
---------------------------------------------
| rollout/                       |          |
|    collision_free_success_rate | 0.32     |
|    collision_steps             | 0        |
|    completion_time             | 5.58     |
|    ep_len                      | 112      |
|    episodes                    | 2357     |
|    grasp_rate                  | 0.72     |
|    human_collision_rate        | 0.04     |
|    human_difficulty            | 0.156    |
|    human_safety_cost           | 5.71     |
|    lift_rate                   | 0.26     |
|    minimum_human_distance      | 0.344    |
|    near_misses                 | 0.06     |
|    place_err_mm                | 165      |
|    proximity_steps             | 4.16     |
|    safety_clamped              | 102      |
|    success_rate                | 0.32     |
|    waiting_steps               | 3.38     |
| train/                         |          |
|    actor_loss                  | -3.04    |
|    critic_loss                 | 20.5     |
|    ent_coef                    | 0.0218   |
|    ent_coef_loss               | -0.43    |
|    learning_rate               | 0.0003   |
|    n_updates                   | 312996   |
---------------------------------------------
---------------------------------------------
| rollout/                       |          |
|    collision_free_success_rate | 0.32     |
|    collision_steps             | 0        |
|    completion_time             | 5.6      |
|    ep_len                      | 112      |
|    ep_len_mean                 | 117      |
|    ep_rew_mean                 | 62.2     |
|    episodes                    | 2359     |
|    grasp_rate                  | 0.74     |
|    human_collision_rate        | 0.04     |
|    human_difficulty            | 0.157    |
|    human_safety_cost           | 5.71     |
|    lift_rate                   | 0.24     |
|    minimum_human_distance      | 0.342    |
|    near_misses                 | 0.06     |
|    place_err_mm                | 169      |
|    proximity_steps             | 4.16     |
|    safety_clamped              | 103      |
|    success_rate                | 0.26     |
|    waiting_steps               | 3.38     |
| time/                          |          |
|    episodes                    | 2360     |
|    fps                         | 36       |
|    time_elapsed                | 8747     |
|    total_timesteps             | 318456   |
| train/                         |          |
|    actor_loss                  | -3.77    |
|    critic_loss                 | 19       |
|    ent_coef                    | 0.0217   |
|    ent_coef_loss               | 1.33     |
|    learning_rate               | 0.0003   |
|    n_updates                   | 313452   |
---------------------------------------------
---------------------------------------------
| rollout/                       |          |
|    collision_free_success_rate | 0.3      |
|    collision_steps             | 0        |
|    completion_time             | 6.04     |
|    ep_len                      | 121      |
|    ep_len_mean                 | 118      |
|    ep_rew_mean                 | 66.7     |
|    episodes                    | 2369     |
|    grasp_rate                  | 0.74     |
|    human_collision_rate        | 0.02     |
|    human_difficulty            | 0.157    |
|    human_safety_cost           | 4.24     |
|    lift_rate                   | 0.24     |
|    minimum_human_distance      | 0.331    |
|    near_misses                 | 0.06     |
|    place_err_mm                | 173      |
|    proximity_steps             | 4.52     |
|    safety_clamped              | 111      |
|    success_rate                | 0.27     |
|    waiting_steps               | 3.64     |
| time/                          |          |
|    episodes                    | 2370     |
|    fps                         | 36       |
|    time_elapsed                | 8781     |
|    total_timesteps             | 319724   |
| train/                         |          |
|    actor_loss                  | -2.7     |
|    critic_loss                 | 24       |
|    ent_coef                    | 0.0224   |
|    ent_coef_loss               | -0.651   |
|    learning_rate               | 0.0003   |
|    n_updates                   | 314720   |
---------------------------------------------
---------------------------------------------
| rollout/                       |          |
|    collision_free_success_rate | 0.32     |
|    collision_steps             | 0        |
|    completion_time             | 5.8      |
|    ep_len                      | 116      |
|    episodes                    | 2374     |
|    grasp_rate                  | 0.74     |
|    human_collision_rate        | 0.02     |
|    human_difficulty            | 0.157    |
|    human_safety_cost           | 4.24     |
|    lift_rate                   | 0.24     |
|    minimum_human_distance      | 0.338    |
|    near_misses                 | 0.06     |
|    place_err_mm                | 169      |
|    proximity_steps             | 4.52     |
|    safety_clamped              | 106      |
|    success_rate                | 0.32     |
|    waiting_steps               | 3.64     |
| train/                         |          |
|    actor_loss                  | -5.53    |
|    critic_loss                 | 21.9     |
|    ent_coef                    | 0.0223   |
|    ent_coef_loss               | -0.79    |
|    learning_rate               | 0.0003   |
|    n_updates                   | 314996   |
---------------------------------------------
Eval num_timesteps=320000, episode_reward=-30.86 +/- 76.33
Episode length: 195.00 +/- 12.78
Success rate: 0.00%
---------------------------------
| eval/              |          |
|    mean_ep_length  | 195      |
|    mean_reward     | -30.9    |
|    success_rate    | 0        |
| time/              |          |
|    total_timesteps | 320000   |
---------------------------------
---------------------------------------------
| rollout/                       |          |
|    collision_free_success_rate | 0.32     |
|    collision_steps             | 0        |
|    completion_time             | 5.5      |
|    ep_len                      | 110      |
|    ep_len_mean                 | 112      |
|    ep_rew_mean                 | 69.9     |
|    episodes                    | 2379     |
|    grasp_rate                  | 0.7      |
|    human_collision_rate        | 0.02     |
|    human_difficulty            | 0.158    |
|    human_safety_cost           | 4.24     |
|    lift_rate                   | 0.22     |
|    minimum_human_distance      | 0.337    |
|    near_misses                 | 0.06     |
|    place_err_mm                | 159      |
|    proximity_steps             | 4.52     |
|    safety_clamped              | 101      |
|    success_rate                | 0.29     |
|    waiting_steps               | 3.64     |
| time/                          |          |
|    episodes                    | 2380     |
|    fps                         | 36       |
|    time_elapsed                | 8847     |
|    total_timesteps             | 320396   |
| train/                         |          |
|    actor_loss                  | -3.18    |
|    critic_loss                 | 24.2     |
|    ent_coef                    | 0.0207   |
|    ent_coef_loss               | 0.917    |
|    learning_rate               | 0.0003   |
|    n_updates                   | 315392   |
---------------------------------------------
---------------------------------------------
| rollout/                       |          |
|    collision_free_success_rate | 0.34     |
|    collision_steps             | 0        |
|    completion_time             | 5.5      |
|    ep_len                      | 110      |
|    ep_len_mean                 | 115      |
|    ep_rew_mean                 | 70.4     |
|    episodes                    | 2389     |
|    grasp_rate                  | 0.72     |
|    human_collision_rate        | 0        |
|    human_difficulty            | 0.158    |
|    human_safety_cost           | 1.03     |
|    lift_rate                   | 0.26     |
|    minimum_human_distance      | 0.33     |
|    near_misses                 | 0.04     |
|    place_err_mm                | 175      |
|    proximity_steps             | 1.18     |
|    safety_clamped              | 99.8     |
|    success_rate                | 0.28     |
|    waiting_steps               | 1.08     |
| time/                          |          |
|    episodes                    | 2390     |
|    fps                         | 36       |
|    time_elapsed                | 8889     |
|    total_timesteps             | 321996   |
| train/                         |          |
|    actor_loss                  | -2.61    |
|    critic_loss                 | 15.1     |
|    ent_coef                    | 0.0205   |
|    ent_coef_loss               | -0.493   |
|    learning_rate               | 0.0003   |
|    n_updates                   | 316992   |
---------------------------------------------
---------------------------------------------
| rollout/                       |          |
|    collision_free_success_rate | 0.32     |
|    collision_steps             | 0        |
|    completion_time             | 5.64     |
|    ep_len                      | 113      |
|    episodes                    | 2390     |
|    grasp_rate                  | 0.7      |
|    human_collision_rate        | 0        |
|    human_difficulty            | 0.158    |
|    human_safety_cost           | 1.03     |
|    lift_rate                   | 0.26     |
|    minimum_human_distance      | 0.327    |
|    near_misses                 | 0.04     |
|    place_err_mm                | 178      |
|    proximity_steps             | 1.18     |
|    safety_clamped              | 103      |
|    success_rate                | 0.32     |
|    waiting_steps               | 1.08     |
| train/                         |          |
|    actor_loss                  | -2.31    |
|    critic_loss                 | 22.6     |
|    ent_coef                    | 0.0205   |
|    ent_coef_loss               | 0.00906  |
|    learning_rate               | 0.0003   |
|    n_updates                   | 316996   |
---------------------------------------------
---------------------------------------------
| rollout/                       |          |
|    collision_free_success_rate | 0.34     |
|    collision_steps             | 0.06     |
|    completion_time             | 5.82     |
|    ep_len                      | 116      |
|    ep_len_mean                 | 116      |
|    ep_rew_mean                 | 75.7     |
|    episodes                    | 2399     |
|    grasp_rate                  | 0.68     |
|    human_collision_rate        | 0        |
|    human_difficulty            | 0.159    |
|    human_safety_cost           | 0.785    |
|    lift_rate                   | 0.26     |
|    minimum_human_distance      | 0.342    |
|    near_misses                 | 0.02     |
|    place_err_mm                | 189      |
|    proximity_steps             | 0.78     |
|    safety_clamped              | 106      |
|    success_rate                | 0.3      |
|    waiting_steps               | 0.68     |
| time/                          |          |
|    episodes                    | 2400     |
|    fps                         | 36       |
|    time_elapsed                | 8922     |
|    total_timesteps             | 323196   |
| train/                         |          |
|    actor_loss                  | -3.67    |
|    critic_loss                 | 47.6     |
|    ent_coef                    | 0.022    |
|    ent_coef_loss               | 0.28     |
|    learning_rate               | 0.0003   |
|    n_updates                   | 318192   |
---------------------------------------------
---------------------------------------------
| rollout/                       |          |
|    collision_free_success_rate | 0.26     |
|    collision_steps             | 0.06     |
|    completion_time             | 5.92     |
|    ep_len                      | 118      |
|    episodes                    | 2407     |
|    grasp_rate                  | 0.64     |
|    human_collision_rate        | 0        |
|    human_difficulty            | 0.159    |
|    human_safety_cost           | 0.845    |
|    lift_rate                   | 0.18     |
|    minimum_human_distance      | 0.346    |
|    near_misses                 | 0.02     |
|    place_err_mm                | 209      |
|    proximity_steps             | 1.16     |
|    safety_clamped              | 109      |
|    success_rate                | 0.26     |
|    waiting_steps               | 0.88     |
| train/                         |          |
|    actor_loss                  | -4.8     |
|    critic_loss                 | 26.9     |
|    ent_coef                    | 0.0227   |
|    ent_coef_loss               | 0.0202   |
|    learning_rate               | 0.0003   |
|    n_updates                   | 318996   |
---------------------------------------------
---------------------------------------------
| rollout/                       |          |
|    collision_free_success_rate | 0.24     |
|    collision_steps             | 0.06     |
|    completion_time             | 5.94     |
|    ep_len                      | 119      |
|    ep_len_mean                 | 114      |
|    ep_rew_mean                 | 68.2     |
|    episodes                    | 2409     |
|    grasp_rate                  | 0.62     |
|    human_collision_rate        | 0        |
|    human_difficulty            | 0.159    |
|    human_safety_cost           | 0.845    |
|    lift_rate                   | 0.18     |
|    minimum_human_distance      | 0.354    |
|    near_misses                 | 0.02     |
|    place_err_mm                | 213      |
|    proximity_steps             | 1.16     |
|    safety_clamped              | 109      |
|    success_rate                | 0.29     |
|    waiting_steps               | 0.88     |
| time/                          |          |
|    episodes                    | 2410     |
|    fps                         | 36       |
|    time_elapsed                | 8947     |
|    total_timesteps             | 324156   |
| train/                         |          |
|    actor_loss                  | -4.07    |
|    critic_loss                 | 14.8     |
|    ent_coef                    | 0.0222   |
|    ent_coef_loss               | -0.426   |
|    learning_rate               | 0.0003   |
|    n_updates                   | 319152   |
---------------------------------------------
---------------------------------------------
| rollout/                       |          |
|    collision_free_success_rate | 0.24     |
|    collision_steps             | 0.06     |
|    completion_time             | 5.77     |
|    ep_len                      | 115      |
|    ep_len_mean                 | 118      |
|    ep_rew_mean                 | 59.9     |
|    episodes                    | 2419     |
|    grasp_rate                  | 0.6      |
|    human_collision_rate        | 0        |
|    human_difficulty            | 0.16     |
|    human_safety_cost           | 0.0601   |
|    lift_rate                   | 0.18     |
|    minimum_human_distance      | 0.363    |
|    near_misses                 | 0        |
|    place_err_mm                | 224      |
|    proximity_steps             | 0.38     |
|    safety_clamped              | 106      |
|    success_rate                | 0.27     |
|    waiting_steps               | 0.2      |
| time/                          |          |
|    episodes                    | 2420     |
|    fps                         | 36       |
|    time_elapsed                | 8987     |
|    total_timesteps             | 325656   |
| train/                         |          |
|    actor_loss                  | -3.81    |
|    critic_loss                 | 15.4     |
|    ent_coef                    | 0.0216   |
|    ent_coef_loss               | -0.483   |
|    learning_rate               | 0.0003   |
|    n_updates                   | 320652   |
---------------------------------------------
---------------------------------------------
| rollout/                       |          |
|    collision_free_success_rate | 0.22     |
|    collision_steps             | 0.06     |
|    completion_time             | 6.08     |
|    ep_len                      | 122      |
|    episodes                    | 2424     |
|    grasp_rate                  | 0.6      |
|    human_collision_rate        | 0.02     |
|    human_difficulty            | 0.16     |
|    human_safety_cost           | 3.01     |
|    lift_rate                   | 0.18     |
|    minimum_human_distance      | 0.346    |
|    near_misses                 | 0.04     |
|    place_err_mm                | 223      |
|    proximity_steps             | 1.76     |
|    safety_clamped              | 113      |
|    success_rate                | 0.22     |
|    waiting_steps               | 1.58     |
| train/                         |          |
|    actor_loss                  | -4.68    |
|    critic_loss                 | 45.3     |
|    ent_coef                    | 0.0215   |
|    ent_coef_loss               | -0.0798  |
|    learning_rate               | 0.0003   |
|    n_updates                   | 320996   |
---------------------------------------------
---------------------------------------------
| rollout/                       |          |
|    collision_free_success_rate | 0.24     |
|    collision_steps             | 0.06     |
|    completion_time             | 5.96     |
|    ep_len                      | 119      |
|    ep_len_mean                 | 113      |
|    ep_rew_mean                 | 62.9     |
|    episodes                    | 2429     |
|    grasp_rate                  | 0.64     |
|    human_collision_rate        | 0.02     |
|    human_difficulty            | 0.161    |
|    human_safety_cost           | 3.01     |
|    lift_rate                   | 0.2      |
|    minimum_human_distance      | 0.346    |
|    near_misses                 | 0.04     |
|    place_err_mm                | 221      |
|    proximity_steps             | 1.76     |
|    safety_clamped              | 110      |
|    success_rate                | 0.29     |
|    waiting_steps               | 1.58     |
| time/                          |          |
|    episodes                    | 2430     |
|    fps                         | 36       |
|    time_elapsed                | 9004     |
|    total_timesteps             | 326292   |
| train/                         |          |
|    actor_loss                  | -3.71    |
|    critic_loss                 | 15.7     |
|    ent_coef                    | 0.0218   |
|    ent_coef_loss               | -0.255   |
|    learning_rate               | 0.0003   |
|    n_updates                   | 321288   |
---------------------------------------------
---------------------------------------------
| rollout/                       |          |
|    collision_free_success_rate | 0.24     |
|    collision_steps             | 0.22     |
|    completion_time             | 6.26     |
|    ep_len                      | 125      |
|    ep_len_mean                 | 118      |
|    ep_rew_mean                 | 56.2     |
|    episodes                    | 2439     |
|    grasp_rate                  | 0.6      |
|    human_collision_rate        | 0.06     |
|    human_difficulty            | 0.161    |
|    human_safety_cost           | 8.44     |
|    lift_rate                   | 0.16     |
|    minimum_human_distance      | 0.336    |
|    near_misses                 | 0.08     |
|    place_err_mm                | 223      |
|    proximity_steps             | 4.08     |
|    safety_clamped              | 116      |
|    success_rate                | 0.28     |
|    waiting_steps               | 3.4      |
| time/                          |          |
|    episodes                    | 2440     |
|    fps                         | 36       |
|    time_elapsed                | 9046     |
|    total_timesteps             | 327900   |
| train/                         |          |
|    actor_loss                  | -4.71    |
|    critic_loss                 | 17.2     |
|    ent_coef                    | 0.0214   |
|    ent_coef_loss               | 0.000531 |
|    learning_rate               | 0.0003   |
|    n_updates                   | 322896   |
---------------------------------------------
---------------------------------------------
| rollout/                       |          |
|    collision_free_success_rate | 0.26     |
|    collision_steps             | 0.22     |
|    completion_time             | 6.02     |
|    ep_len                      | 120      |
|    episodes                    | 2441     |
|    grasp_rate                  | 0.62     |
|    human_collision_rate        | 0.08     |
|    human_difficulty            | 0.161    |
|    human_safety_cost           | 10.9     |
|    lift_rate                   | 0.18     |
|    minimum_human_distance      | 0.337    |
|    near_misses                 | 0.1      |
|    place_err_mm                | 215      |
|    proximity_steps             | 4.56     |
|    safety_clamped              | 112      |
|    success_rate                | 0.26     |
|    waiting_steps               | 3.88     |
| train/                         |          |
|    actor_loss                  | -3.88    |
|    critic_loss                 | 30.7     |
|    ent_coef                    | 0.0215   |
|    ent_coef_loss               | 0.266    |
|    learning_rate               | 0.0003   |
|    n_updates                   | 322996   |
---------------------------------------------
---------------------------------------------
| rollout/                       |          |
|    collision_free_success_rate | 0.26     |
|    collision_steps             | 0.16     |
|    completion_time             | 5.7      |
|    ep_len                      | 114      |
|    ep_len_mean                 | 116      |
|    ep_rew_mean                 | 58.5     |
|    episodes                    | 2449     |
|    grasp_rate                  | 0.64     |
|    human_collision_rate        | 0.08     |
|    human_difficulty            | 0.162    |
|    human_safety_cost           | 13.2     |
|    lift_rate                   | 0.18     |
|    minimum_human_distance      | 0.313    |
|    near_misses                 | 0.12     |
|    place_err_mm                | 207      |
|    proximity_steps             | 7.48     |
|    safety_clamped              | 105      |
|    success_rate                | 0.3      |
|    waiting_steps               | 6.4      |
| time/                          |          |
|    episodes                    | 2450     |
|    fps                         | 36       |
|    time_elapsed                | 9074     |
|    total_timesteps             | 328952   |
| train/                         |          |
|    actor_loss                  | -2.61    |
|    critic_loss                 | 17.6     |
|    ent_coef                    | 0.0214   |
|    ent_coef_loss               | -0.784   |
|    learning_rate               | 0.0003   |
|    n_updates                   | 323948   |
---------------------------------------------
---------------------------------------------
| rollout/                       |          |
|    collision_free_success_rate | 0.28     |
|    collision_steps             | 0.16     |
|    completion_time             | 5.71     |
|    ep_len                      | 114      |
|    episodes                    | 2459     |
|    grasp_rate                  | 0.66     |
|    human_collision_rate        | 0.1      |
|    human_difficulty            | 0.162    |
|    human_safety_cost           | 15.5     |
|    lift_rate                   | 0.18     |
|    minimum_human_distance      | 0.294    |
|    near_misses                 | 0.14     |
|    place_err_mm                | 201      |
|    proximity_steps             | 7.62     |
|    safety_clamped              | 105      |
|    success_rate                | 0.28     |
|    waiting_steps               | 6.72     |
| train/                         |          |
|    actor_loss                  | -4.05    |
|    critic_loss                 | 39.9     |
|    ent_coef                    | 0.0207   |
|    ent_coef_loss               | 1.9      |
|    learning_rate               | 0.0003   |
|    n_updates                   | 324996   |
---------------------------------------------
---------------------------------------------
| rollout/                       |          |
|    collision_free_success_rate | 0.28     |
|    collision_steps             | 0.16     |
|    completion_time             | 5.71     |
|    ep_len                      | 114      |
|    ep_len_mean                 | 116      |
|    ep_rew_mean                 | 45.4     |
|    episodes                    | 2459     |
|    grasp_rate                  | 0.66     |
|    human_collision_rate        | 0.1      |
|    human_difficulty            | 0.162    |
|    human_safety_cost           | 15.5     |
|    lift_rate                   | 0.18     |
|    minimum_human_distance      | 0.294    |
|    near_misses                 | 0.14     |
|    place_err_mm                | 201      |
|    proximity_steps             | 7.62     |
|    safety_clamped              | 105      |
|    success_rate                | 0.26     |
|    waiting_steps               | 6.72     |
| time/                          |          |
|    episodes                    | 2460     |
|    fps                         | 36       |
|    time_elapsed                | 9102     |
|    total_timesteps             | 330020   |
| train/                         |          |
|    actor_loss                  | -4.17    |
|    critic_loss                 | 23.3     |
|    ent_coef                    | 0.0209   |
|    ent_coef_loss               | 1.46     |
|    learning_rate               | 0.0003   |
|    n_updates                   | 325016   |
---------------------------------------------
---------------------------------------------
| rollout/                       |          |
|    collision_free_success_rate | 0.3      |
|    collision_steps             | 0.24     |
|    completion_time             | 5.52     |
|    ep_len                      | 110      |
|    ep_len_mean                 | 114      |
|    ep_rew_mean                 | 44       |
|    episodes                    | 2469     |
|    grasp_rate                  | 0.7      |
|    human_collision_rate        | 0.1      |
|    human_difficulty            | 0.163    |
|    human_safety_cost           | 15.5     |
|    lift_rate                   | 0.14     |
|    minimum_human_distance      | 0.294    |
|    near_misses                 | 0.14     |
|    place_err_mm                | 178      |
|    proximity_steps             | 7.7      |
|    safety_clamped              | 101      |
|    success_rate                | 0.26     |
|    waiting_steps               | 6.72     |
| time/                          |          |
|    episodes                    | 2470     |
|    fps                         | 36       |
|    time_elapsed                | 9126     |
|    total_timesteps             | 330872   |
| train/                         |          |
|    actor_loss                  | -4.53    |
|    critic_loss                 | 20.8     |
|    ent_coef                    | 0.022    |
|    ent_coef_loss               | 0.0542   |
|    learning_rate               | 0.0003   |
|    n_updates                   | 325868   |
---------------------------------------------
---------------------------------------------
| rollout/                       |          |
|    collision_free_success_rate | 0.26     |
|    collision_steps             | 3.32     |
|    completion_time             | 5.61     |
|    ep_len                      | 112      |
|    episodes                    | 2475     |
|    grasp_rate                  | 0.66     |
|    human_collision_rate        | 0.1      |
|    human_difficulty            | 0.163    |
|    human_safety_cost           | 15.4     |
|    lift_rate                   | 0.12     |
|    minimum_human_distance      | 0.292    |
|    near_misses                 | 0.12     |
|    place_err_mm                | 196      |
|    proximity_steps             | 7.82     |
|    safety_clamped              | 103      |
|    success_rate                | 0.26     |
|    waiting_steps               | 6.84     |
| train/                         |          |
|    actor_loss                  | -4.42    |
|    critic_loss                 | 19.5     |
|    ent_coef                    | 0.0218   |
|    ent_coef_loss               | -0.866   |
|    learning_rate               | 0.0003   |
|    n_updates                   | 326996   |
---------------------------------------------
---------------------------------------------
| rollout/                       |          |
|    collision_free_success_rate | 0.26     |
|    collision_steps             | 3.32     |
|    completion_time             | 5.84     |
|    ep_len                      | 117      |
|    ep_len_mean                 | 117      |
|    ep_rew_mean                 | 42.1     |
|    episodes                    | 2479     |
|    grasp_rate                  | 0.62     |
|    human_collision_rate        | 0.1      |
|    human_difficulty            | 0.164    |
|    human_safety_cost           | 15.4     |
|    lift_rate                   | 0.1      |
|    minimum_human_distance      | 0.296    |
|    near_misses                 | 0.12     |
|    place_err_mm                | 204      |
|    proximity_steps             | 7.82     |
|    safety_clamped              | 107      |
|    success_rate                | 0.26     |
|    waiting_steps               | 6.84     |
| time/                          |          |
|    episodes                    | 2480     |
|    fps                         | 36       |
|    time_elapsed                | 9157     |
|    total_timesteps             | 332080   |
| train/                         |          |
|    actor_loss                  | -3.38    |
|    critic_loss                 | 26.4     |
|    ent_coef                    | 0.0217   |
|    ent_coef_loss               | 0.0982   |
|    learning_rate               | 0.0003   |
|    n_updates                   | 327076   |
---------------------------------------------
---------------------------------------------
| rollout/                       |          |
|    collision_free_success_rate | 0.26     |
|    collision_steps             | 3.16     |
|    completion_time             | 5.68     |
|    ep_len                      | 114      |
|    ep_len_mean                 | 119      |
|    ep_rew_mean                 | 36.6     |
|    episodes                    | 2489     |
|    grasp_rate                  | 0.58     |
|    human_collision_rate        | 0.12     |
|    human_difficulty            | 0.164    |
|    human_safety_cost           | 16.9     |
|    lift_rate                   | 0.12     |
|    minimum_human_distance      | 0.304    |
|    near_misses                 | 0.14     |
|    place_err_mm                | 195      |
|    proximity_steps             | 6.68     |
|    safety_clamped              | 104      |
|    success_rate                | 0.25     |
|    waiting_steps               | 5.96     |
| time/                          |          |
|    episodes                    | 2490     |
|    fps                         | 36       |
|    time_elapsed                | 9198     |
|    total_timesteps             | 333640   |
| train/                         |          |
|    actor_loss                  | -5.07    |
|    critic_loss                 | 31.7     |
|    ent_coef                    | 0.0211   |
|    ent_coef_loss               | 0.573    |
|    learning_rate               | 0.0003   |
|    n_updates                   | 328636   |
---------------------------------------------
---------------------------------------------
| rollout/                       |          |
|    collision_free_success_rate | 0.26     |
|    collision_steps             | 3.16     |
|    completion_time             | 5.76     |
|    ep_len                      | 115      |
|    episodes                    | 2490     |
|    grasp_rate                  | 0.6      |
|    human_collision_rate        | 0.1      |
|    human_difficulty            | 0.164    |
|    human_safety_cost           | 15.5     |
|    lift_rate                   | 0.12     |
|    minimum_human_distance      | 0.304    |
|    near_misses                 | 0.16     |
|    place_err_mm                | 193      |
|    proximity_steps             | 8.32     |
|    safety_clamped              | 105      |
|    success_rate                | 0.26     |
|    waiting_steps               | 7.04     |
| train/                         |          |
|    actor_loss                  | -4.44    |
|    critic_loss                 | 23.6     |
|    ent_coef                    | 0.0217   |
|    ent_coef_loss               | -0.125   |
|    learning_rate               | 0.0003   |
|    n_updates                   | 328996   |
---------------------------------------------
---------------------------------------------
| rollout/                       |          |
|    collision_free_success_rate | 0.2      |
|    collision_steps             | 4.9      |
|    completion_time             | 6.1      |
|    ep_len                      | 122      |
|    ep_len_mean                 | 119      |
|    ep_rew_mean                 | 29.2     |
|    episodes                    | 2499     |
|    grasp_rate                  | 0.58     |
|    human_collision_rate        | 0.12     |
|    human_difficulty            | 0.165    |
|    human_safety_cost           | 17.1     |
|    lift_rate                   | 0.08     |
|    minimum_human_distance      | 0.301    |
|    near_misses                 | 0.22     |
|    place_err_mm                | 198      |
|    proximity_steps             | 7.98     |
|    safety_clamped              | 112      |
|    success_rate                | 0.23     |
|    waiting_steps               | 6.9      |
| time/                          |          |
|    episodes                    | 2500     |
|    fps                         | 36       |
|    time_elapsed                | 9240     |
|    total_timesteps             | 335240   |
| train/                         |          |
|    actor_loss                  | -4.58    |
|    critic_loss                 | 19.1     |
|    ent_coef                    | 0.021    |
|    ent_coef_loss               | -0.456   |
|    learning_rate               | 0.0003   |
|    n_updates                   | 330236   |
---------------------------------------------
---------------------------------------------
| rollout/                       |          |
|    collision_free_success_rate | 0.18     |
|    collision_steps             | 5.02     |
|    completion_time             | 6.33     |
|    ep_len                      | 127      |
|    episodes                    | 2508     |
|    grasp_rate                  | 0.58     |
|    human_collision_rate        | 0.12     |
|    human_difficulty            | 0.165    |
|    human_safety_cost           | 17.2     |
|    lift_rate                   | 0.08     |
|    minimum_human_distance      | 0.29     |
|    near_misses                 | 0.22     |
|    place_err_mm                | 193      |
|    proximity_steps             | 7.92     |
|    safety_clamped              | 117      |
|    success_rate                | 0.18     |
|    waiting_steps               | 6.84     |
| train/                         |          |
|    actor_loss                  | -3.34    |
|    critic_loss                 | 27.1     |
|    ent_coef                    | 0.022    |
|    ent_coef_loss               | 0.137    |
|    learning_rate               | 0.0003   |
|    n_updates                   | 330996   |
---------------------------------------------
---------------------------------------------
| rollout/                       |          |
|    collision_free_success_rate | 0.18     |
|    collision_steps             | 5.9      |
|    completion_time             | 6.33     |
|    ep_len                      | 127      |
|    ep_len_mean                 | 121      |
|    ep_rew_mean                 | 26.6     |
|    episodes                    | 2509     |
|    grasp_rate                  | 0.58     |
|    human_collision_rate        | 0.12     |
|    human_difficulty            | 0.166    |
|    human_safety_cost           | 17.2     |
|    lift_rate                   | 0.08     |
|    minimum_human_distance      | 0.292    |
|    near_misses                 | 0.22     |
|    place_err_mm                | 192      |
|    proximity_steps             | 7.92     |
|    safety_clamped              | 116      |
|    success_rate                | 0.22     |
|    waiting_steps               | 6.84     |
| time/                          |          |
|    episodes                    | 2510     |
|    fps                         | 36       |
|    time_elapsed                | 9268     |
|    total_timesteps             | 336292   |
| train/                         |          |
|    actor_loss                  | -4.39    |
|    critic_loss                 | 29.4     |
|    ent_coef                    | 0.0229   |
|    ent_coef_loss               | 0.233    |
|    learning_rate               | 0.0003   |
|    n_updates                   | 331288   |
---------------------------------------------
---------------------------------------------
| rollout/                       |          |
|    collision_free_success_rate | 0.2      |
|    collision_steps             | 5.82     |
|    completion_time             | 6.11     |
|    ep_len                      | 122      |
|    ep_len_mean                 | 115      |
|    ep_rew_mean                 | 36.3     |
|    episodes                    | 2519     |
|    grasp_rate                  | 0.56     |
|    human_collision_rate        | 0.12     |
|    human_difficulty            | 0.166    |
|    human_safety_cost           | 19.9     |
|    lift_rate                   | 0.14     |
|    minimum_human_distance      | 0.299    |
|    near_misses                 | 0.26     |
|    place_err_mm                | 198      |
|    proximity_steps             | 9.68     |
|    safety_clamped              | 112      |
|    success_rate                | 0.25     |
|    waiting_steps               | 8.36     |
| time/                          |          |
|    episodes                    | 2520     |
|    fps                         | 36       |
|    time_elapsed                | 9290     |
|    total_timesteps             | 337156   |
| train/                         |          |
|    actor_loss                  | -2.37    |
|    critic_loss                 | 30.2     |
|    ent_coef                    | 0.0224   |
|    ent_coef_loss               | -0.867   |
|    learning_rate               | 0.0003   |
|    n_updates                   | 332152   |
---------------------------------------------
---------------------------------------------
| rollout/                       |          |
|    collision_free_success_rate | 0.2      |
|    collision_steps             | 4.44     |
|    completion_time             | 5.93     |
|    ep_len                      | 119      |
|    episodes                    | 2527     |
|    grasp_rate                  | 0.6      |
|    human_collision_rate        | 0.12     |
|    human_difficulty            | 0.166    |
|    human_safety_cost           | 19.4     |
|    lift_rate                   | 0.16     |
|    minimum_human_distance      | 0.303    |
|    near_misses                 | 0.26     |
|    place_err_mm                | 207      |
|    proximity_steps             | 8.54     |
|    safety_clamped              | 108      |
|    success_rate                | 0.2      |
|    waiting_steps               | 7.22     |
| train/                         |          |
|    actor_loss                  | -3.27    |
|    critic_loss                 | 22.2     |
|    ent_coef                    | 0.0209   |
|    ent_coef_loss               | -0.959   |
|    learning_rate               | 0.0003   |
|    n_updates                   | 332996   |
---------------------------------------------
---------------------------------------------
| rollout/                       |          |
|    collision_free_success_rate | 0.18     |
|    collision_steps             | 4.44     |
|    completion_time             | 6.04     |
|    ep_len                      | 121      |
|    ep_len_mean                 | 120      |
|    ep_rew_mean                 | 19.2     |
|    episodes                    | 2529     |
|    grasp_rate                  | 0.6      |
|    human_collision_rate        | 0.12     |
|    human_difficulty            | 0.167    |
|    human_safety_cost           | 19.4     |
|    lift_rate                   | 0.16     |
|    minimum_human_distance      | 0.3      |
|    near_misses                 | 0.26     |
|    place_err_mm                | 213      |
|    proximity_steps             | 8.54     |
|    safety_clamped              | 110      |
|    success_rate                | 0.21     |
|    waiting_steps               | 7.22     |
| time/                          |          |
|    episodes                    | 2530     |
|    fps                         | 36       |
|    time_elapsed                | 9320     |
|    total_timesteps             | 338280   |
| train/                         |          |
|    actor_loss                  | -4.21    |
|    critic_loss                 | 20.9     |
|    ent_coef                    | 0.021    |
|    ent_coef_loss               | 1.55     |
|    learning_rate               | 0.0003   |
|    n_updates                   | 333276   |
---------------------------------------------
---------------------------------------------
| rollout/                       |          |
|    collision_free_success_rate | 0.18     |
|    collision_steps             | 4.44     |
|    completion_time             | 5.93     |
|    ep_len                      | 119      |
|    ep_len_mean                 | 115      |
|    ep_rew_mean                 | 28.2     |
|    episodes                    | 2539     |
|    grasp_rate                  | 0.7      |
|    human_collision_rate        | 0.08     |
|    human_difficulty            | 0.167    |
|    human_safety_cost           | 14.8     |
|    lift_rate                   | 0.18     |
|    minimum_human_distance      | 0.296    |
|    near_misses                 | 0.22     |
|    place_err_mm                | 204      |
|    proximity_steps             | 9.32     |
|    safety_clamped              | 108      |
|    success_rate                | 0.22     |
|    waiting_steps               | 8.18     |
| time/                          |          |
|    episodes                    | 2540     |
|    fps                         | 36       |
|    time_elapsed                | 9354     |
|    total_timesteps             | 339556   |
| train/                         |          |
|    actor_loss                  | -3.44    |
|    critic_loss                 | 19.2     |
|    ent_coef                    | 0.0198   |
|    ent_coef_loss               | 0.486    |
|    learning_rate               | 0.0003   |
|    n_updates                   | 334552   |
---------------------------------------------
---------------------------------------------
| rollout/                       |          |
|    collision_free_success_rate | 0.18     |
|    collision_steps             | 4.38     |
|    completion_time             | 5.72     |
|    ep_len                      | 114      |
|    episodes                    | 2545     |
|    grasp_rate                  | 0.68     |
|    human_collision_rate        | 0.1      |
|    human_difficulty            | 0.167    |
|    human_safety_cost           | 14.7     |
|    lift_rate                   | 0.18     |
|    minimum_human_distance      | 0.304    |
|    near_misses                 | 0.18     |
|    place_err_mm                | 206      |
|    proximity_steps             | 5.88     |
|    safety_clamped              | 103      |
|    success_rate                | 0.18     |
|    waiting_steps               | 5.3      |
| train/                         |          |
|    actor_loss                  | -2.68    |
|    critic_loss                 | 14.9     |
|    ent_coef                    | 0.0208   |
|    ent_coef_loss               | -0.115   |
|    learning_rate               | 0.0003   |
|    n_updates                   | 334996   |
---------------------------------------------
Eval num_timesteps=340000, episode_reward=-81.83 +/- 87.87
Episode length: 190.33 +/- 24.53
Success rate: 0.00%
---------------------------------
| eval/              |          |
|    mean_ep_length  | 190      |
|    mean_reward     | -81.8    |
|    success_rate    | 0        |
| time/              |          |
|    total_timesteps | 340000   |
---------------------------------
---------------------------------------------
| rollout/                       |          |
|    collision_free_success_rate | 0.2      |
|    collision_steps             | 2.7      |
|    completion_time             | 5.51     |
|    ep_len                      | 110      |
|    ep_len_mean                 | 115      |
|    ep_rew_mean                 | 24.3     |
|    episodes                    | 2549     |
|    grasp_rate                  | 0.72     |
|    human_collision_rate        | 0.08     |
|    human_difficulty            | 0.168    |
|    human_safety_cost           | 12.3     |
|    lift_rate                   | 0.18     |
|    minimum_human_distance      | 0.322    |
|    near_misses                 | 0.12     |
|    place_err_mm                | 204      |
|    proximity_steps             | 5.16     |
|    safety_clamped              | 99.3     |
|    success_rate                | 0.2      |
|    waiting_steps               | 4.78     |
| time/                          |          |
|    episodes                    | 2550     |
|    fps                         | 36       |
|    time_elapsed                | 9427     |
|    total_timesteps             | 340476   |
| train/                         |          |
|    actor_loss                  | -2.2     |
|    critic_loss                 | 31.4     |
|    ent_coef                    | 0.0214   |
|    ent_coef_loss               | -0.496   |
|    learning_rate               | 0.0003   |
|    n_updates                   | 335472   |
---------------------------------------------
---------------------------------------------
| rollout/                       |          |
|    collision_free_success_rate | 0.2      |
|    collision_steps             | 1.82     |
|    completion_time             | 5.68     |
|    ep_len                      | 114      |
|    ep_len_mean                 | 119      |
|    ep_rew_mean                 | 24.8     |
|    episodes                    | 2559     |
|    grasp_rate                  | 0.72     |
|    human_collision_rate        | 0.1      |
|    human_difficulty            | 0.168    |
|    human_safety_cost           | 14.5     |
|    lift_rate                   | 0.2      |
|    minimum_human_distance      | 0.328    |
|    near_misses                 | 0.16     |
|    place_err_mm                | 213      |
|    proximity_steps             | 5.7      |
|    safety_clamped              | 102      |
|    success_rate                | 0.2      |
|    waiting_steps               | 5.14     |
| time/                          |          |
|    episodes                    | 2560     |
|    fps                         | 36       |
|    time_elapsed                | 9464     |
|    total_timesteps             | 341880   |
| train/                         |          |
|    actor_loss                  | -2.21    |
|    critic_loss                 | 19.8     |
|    ent_coef                    | 0.0204   |
|    ent_coef_loss               | -0.918   |
|    learning_rate               | 0.0003   |
|    n_updates                   | 336876   |
---------------------------------------------
---------------------------------------------
| rollout/                       |          |
|    collision_free_success_rate | 0.22     |
|    collision_steps             | 1.82     |
|    completion_time             | 5.54     |
|    ep_len                      | 111      |
|    episodes                    | 2562     |
|    grasp_rate                  | 0.74     |
|    human_collision_rate        | 0.1      |
|    human_difficulty            | 0.168    |
|    human_safety_cost           | 14.5     |
|    lift_rate                   | 0.18     |
|    minimum_human_distance      | 0.333    |
|    near_misses                 | 0.16     |
|    place_err_mm                | 203      |
|    proximity_steps             | 5.7      |
|    safety_clamped              | 99.8     |
|    success_rate                | 0.22     |
|    waiting_steps               | 5.14     |
| train/                         |          |
|    actor_loss                  | -2.81    |
|    critic_loss                 | 18.6     |
|    ent_coef                    | 0.0204   |
|    ent_coef_loss               | -1.39    |
|    learning_rate               | 0.0003   |
|    n_updates                   | 336996   |
---------------------------------------------
---------------------------------------------
| rollout/                       |          |
|    collision_free_success_rate | 0.2      |
|    collision_steps             | 1.9      |
|    completion_time             | 5.92     |
|    ep_len                      | 118      |
|    ep_len_mean                 | 121      |
|    ep_rew_mean                 | 22       |
|    episodes                    | 2569     |
|    grasp_rate                  | 0.72     |
|    human_collision_rate        | 0.14     |
|    human_difficulty            | 0.169    |
|    human_safety_cost           | 16.6     |
|    lift_rate                   | 0.16     |
|    minimum_human_distance      | 0.32     |
|    near_misses                 | 0.16     |
|    place_err_mm                | 206      |
|    proximity_steps             | 4.88     |
|    safety_clamped              | 107      |
|    success_rate                | 0.2      |
|    waiting_steps               | 4.64     |
| time/                          |          |
|    episodes                    | 2570     |
|    fps                         | 36       |
|    time_elapsed                | 9501     |
|    total_timesteps             | 343264   |
| train/                         |          |
|    actor_loss                  | -0.897   |
|    critic_loss                 | 14.5     |
|    ent_coef                    | 0.0199   |
|    ent_coef_loss               | 1.62     |
|    learning_rate               | 0.0003   |
|    n_updates                   | 338260   |
---------------------------------------------
---------------------------------------------
| rollout/                       |          |
|    collision_free_success_rate | 0.22     |
|    collision_steps             | 1.92     |
|    completion_time             | 6.2      |
|    ep_len                      | 124      |
|    episodes                    | 2575     |
|    grasp_rate                  | 0.74     |
|    human_collision_rate        | 0.14     |
|    human_difficulty            | 0.169    |
|    human_safety_cost           | 16.6     |
|    lift_rate                   | 0.16     |
|    minimum_human_distance      | 0.326    |
|    near_misses                 | 0.16     |
|    place_err_mm                | 191      |
|    proximity_steps             | 4.88     |
|    safety_clamped              | 112      |
|    success_rate                | 0.22     |
|    waiting_steps               | 4.64     |
| train/                         |          |
|    actor_loss                  | -5.75    |
|    critic_loss                 | 29.8     |
|    ent_coef                    | 0.0201   |
|    ent_coef_loss               | -0.0846  |
|    learning_rate               | 0.0003   |
|    n_updates                   | 338996   |
---------------------------------------------
---------------------------------------------
| rollout/                       |          |
|    collision_free_success_rate | 0.22     |
|    collision_steps             | 0.22     |
|    completion_time             | 6.26     |
|    ep_len                      | 125      |
|    ep_len_mean                 | 123      |
|    ep_rew_mean                 | 25.3     |
|    episodes                    | 2579     |
|    grasp_rate                  | 0.74     |
|    human_collision_rate        | 0.12     |
|    human_difficulty            | 0.169    |
|    human_safety_cost           | 14.4     |
|    lift_rate                   | 0.16     |
|    minimum_human_distance      | 0.332    |
|    near_misses                 | 0.14     |
|    place_err_mm                | 188      |
|    proximity_steps             | 4.52     |
|    safety_clamped              | 113      |
|    success_rate                | 0.2      |
|    waiting_steps               | 4.28     |
| time/                          |          |
|    episodes                    | 2580     |
|    fps                         | 36       |
|    time_elapsed                | 9533     |
|    total_timesteps             | 344488   |
| train/                         |          |
|    actor_loss                  | -3.8     |
|    critic_loss                 | 23.2     |
|    ent_coef                    | 0.0197   |
|    ent_coef_loss               | -0.241   |
|    learning_rate               | 0.0003   |
|    n_updates                   | 339484   |
---------------------------------------------
---------------------------------------------
| rollout/                       |          |
|    collision_free_success_rate | 0.24     |
|    collision_steps             | 0.22     |
|    completion_time             | 6.39     |
|    ep_len                      | 128      |
|    ep_len_mean                 | 121      |
|    ep_rew_mean                 | 32.5     |
|    episodes                    | 2589     |
|    grasp_rate                  | 0.7      |
|    human_collision_rate        | 0.14     |
|    human_difficulty            | 0.17     |
|    human_safety_cost           | 17.1     |
|    lift_rate                   | 0.16     |
|    minimum_human_distance      | 0.335    |
|    near_misses                 | 0.16     |
|    place_err_mm                | 204      |
|    proximity_steps             | 3.96     |
|    safety_clamped              | 115      |
|    success_rate                | 0.22     |
|    waiting_steps               | 3.78     |
| time/                          |          |
|    episodes                    | 2590     |
|    fps                         | 36       |
|    time_elapsed                | 9568     |
|    total_timesteps             | 345808   |
| train/                         |          |
|    actor_loss                  | -0.608   |
|    critic_loss                 | 32.3     |
|    ent_coef                    | 0.0208   |
|    ent_coef_loss               | -2.34    |
|    learning_rate               | 0.0003   |
|    n_updates                   | 340804   |
---------------------------------------------
---------------------------------------------
| rollout/                       |          |
|    collision_free_success_rate | 0.28     |
|    collision_steps             | 0.22     |
|    completion_time             | 6.28     |
|    ep_len                      | 126      |
|    episodes                    | 2592     |
|    grasp_rate                  | 0.74     |
|    human_collision_rate        | 0.12     |
|    human_difficulty            | 0.17     |
|    human_safety_cost           | 14.6     |
|    lift_rate                   | 0.2      |
|    minimum_human_distance      | 0.338    |
|    near_misses                 | 0.14     |
|    place_err_mm                | 194      |
|    proximity_steps             | 3.78     |
|    safety_clamped              | 113      |
|    success_rate                | 0.28     |
|    waiting_steps               | 3.6      |
| train/                         |          |
|    actor_loss                  | -3.62    |
|    critic_loss                 | 21.3     |
|    ent_coef                    | 0.0203   |
|    ent_coef_loss               | 1.57     |
|    learning_rate               | 0.0003   |
|    n_updates                   | 340996   |
---------------------------------------------
---------------------------------------------
| rollout/                       |          |
|    collision_free_success_rate | 0.24     |
|    collision_steps             | 1.84     |
|    completion_time             | 6.72     |
|    ep_len                      | 134      |
|    ep_len_mean                 | 122      |
|    ep_rew_mean                 | 35.4     |
|    episodes                    | 2599     |
|    grasp_rate                  | 0.68     |
|    human_collision_rate        | 0.12     |
|    human_difficulty            | 0.171    |
|    human_safety_cost           | 14.6     |
|    lift_rate                   | 0.18     |
|    minimum_human_distance      | 0.334    |
|    near_misses                 | 0.14     |
|    place_err_mm                | 204      |
|    proximity_steps             | 3.78     |
|    safety_clamped              | 121      |
|    success_rate                | 0.22     |
|    waiting_steps               | 3.6      |
| time/                          |          |
|    episodes                    | 2600     |
|    fps                         | 36       |
|    time_elapsed                | 9612     |
|    total_timesteps             | 347512   |
| train/                         |          |
|    actor_loss                  | -1.62    |
|    critic_loss                 | 17.3     |
|    ent_coef                    | 0.0196   |
|    ent_coef_loss               | -0.604   |
|    learning_rate               | 0.0003   |
|    n_updates                   | 342508   |
---------------------------------------------
---------------------------------------------
| rollout/                       |          |
|    collision_free_success_rate | 0.22     |
|    collision_steps             | 1.86     |
|    completion_time             | 6.97     |
|    ep_len                      | 139      |
|    episodes                    | 2602     |
|    grasp_rate                  | 0.66     |
|    human_collision_rate        | 0.12     |
|    human_difficulty            | 0.171    |
|    human_safety_cost           | 15.2     |
|    lift_rate                   | 0.18     |
|    minimum_human_distance      | 0.319    |
|    near_misses                 | 0.16     |
|    place_err_mm                | 210      |
|    proximity_steps             | 4.62     |
|    safety_clamped              | 126      |
|    success_rate                | 0.22     |
|    waiting_steps               | 3.94     |
| train/                         |          |
|    actor_loss                  | -1.69    |
|    critic_loss                 | 26.3     |
|    ent_coef                    | 0.0201   |
|    ent_coef_loss               | 0.225    |
|    learning_rate               | 0.0003   |
|    n_updates                   | 342996   |
---------------------------------------------
---------------------------------------------
| rollout/                       |          |
|    collision_free_success_rate | 0.26     |
|    collision_steps             | 1.74     |
|    completion_time             | 6.85     |
|    ep_len                      | 137      |
|    ep_len_mean                 | 125      |
|    ep_rew_mean                 | 40.6     |
|    episodes                    | 2609     |
|    grasp_rate                  | 0.64     |
|    human_collision_rate        | 0.08     |
|    human_difficulty            | 0.171    |
|    human_safety_cost           | 12.5     |
|    lift_rate                   | 0.2      |
|    minimum_human_distance      | 0.314    |
|    near_misses                 | 0.14     |
|    place_err_mm                | 202      |
|    proximity_steps             | 6.18     |
|    safety_clamped              | 123      |
|    success_rate                | 0.23     |
|    waiting_steps               | 5.22     |
| time/                          |          |
|    episodes                    | 2610     |
|    fps                         | 36       |
|    time_elapsed                | 9649     |
|    total_timesteps             | 348888   |
| train/                         |          |
|    actor_loss                  | -3.13    |
|    critic_loss                 | 26       |
|    ent_coef                    | 0.0214   |
|    ent_coef_loss               | 0.034    |
|    learning_rate               | 0.0003   |
|    n_updates                   | 343884   |
---------------------------------------------
---------------------------------------------
| rollout/                       |          |
|    collision_free_success_rate | 0.24     |
|    collision_steps             | 1.68     |
|    completion_time             | 7.11     |
|    ep_len                      | 142      |
|    episodes                    | 2619     |
|    grasp_rate                  | 0.64     |
|    human_collision_rate        | 0.06     |
|    human_difficulty            | 0.172    |
|    human_safety_cost           | 10.1     |
|    lift_rate                   | 0.22     |
|    minimum_human_distance      | 0.312    |
|    near_misses                 | 0.12     |
|    place_err_mm                | 220      |
|    proximity_steps             | 6.76     |
|    safety_clamped              | 128      |
|    success_rate                | 0.24     |
|    waiting_steps               | 5.8      |
| train/                         |          |
|    actor_loss                  | -2.34    |
|    critic_loss                 | 20       |
|    ent_coef                    | 0.0205   |
|    ent_coef_loss               | 0.557    |
|    learning_rate               | 0.0003   |
|    n_updates                   | 344996   |
---------------------------------------------
---------------------------------------------
| rollout/                       |          |
|    collision_free_success_rate | 0.24     |
|    collision_steps             | 1.68     |
|    completion_time             | 7.11     |
|    ep_len                      | 142      |
|    ep_len_mean                 | 130      |
|    ep_rew_mean                 | 39.2     |
|    episodes                    | 2619     |
|    grasp_rate                  | 0.64     |
|    human_collision_rate        | 0.06     |
|    human_difficulty            | 0.172    |
|    human_safety_cost           | 10.1     |
|    lift_rate                   | 0.22     |
|    minimum_human_distance      | 0.312    |
|    near_misses                 | 0.12     |
|    place_err_mm                | 220      |
|    proximity_steps             | 6.76     |
|    safety_clamped              | 128      |
|    success_rate                | 0.22     |
|    waiting_steps               | 5.8      |
| time/                          |          |
|    episodes                    | 2620     |
|    fps                         | 36       |
|    time_elapsed                | 9683     |
|    total_timesteps             | 350204   |
| train/                         |          |
|    actor_loss                  | -2.36    |
|    critic_loss                 | 22.6     |
|    ent_coef                    | 0.0199   |
|    ent_coef_loss               | -1.23    |
|    learning_rate               | 0.0003   |
|    n_updates                   | 345200   |
---------------------------------------------
---------------------------------------------
| rollout/                       |          |
|    collision_free_success_rate | 0.3      |
|    collision_steps             | 1.66     |
|    completion_time             | 6.62     |
|    ep_len                      | 132      |
|    ep_len_mean                 | 127      |
|    ep_rew_mean                 | 56.7     |
|    episodes                    | 2629     |
|    grasp_rate                  | 0.64     |
|    human_collision_rate        | 0.06     |
|    human_difficulty            | 0.173    |
|    human_safety_cost           | 10.6     |
|    lift_rate                   | 0.26     |
|    minimum_human_distance      | 0.305    |
|    near_misses                 | 0.16     |
|    place_err_mm                | 201      |
|    proximity_steps             | 7.76     |
|    safety_clamped              | 119      |
|    success_rate                | 0.26     |
|    waiting_steps               | 6.22     |
| time/                          |          |
|    episodes                    | 2630     |
|    fps                         | 36       |
|    time_elapsed                | 9708     |
|    total_timesteps             | 351124   |
| train/                         |          |
|    actor_loss                  | -2.26    |
|    critic_loss                 | 18       |
|    ent_coef                    | 0.0206   |
|    ent_coef_loss               | 0.676    |
|    learning_rate               | 0.0003   |
|    n_updates                   | 346120   |
---------------------------------------------
---------------------------------------------
| rollout/                       |          |
|    collision_free_success_rate | 0.3      |
|    collision_steps             | 1.66     |
|    completion_time             | 6.42     |
|    ep_len                      | 128      |
|    episodes                    | 2635     |
|    grasp_rate                  | 0.64     |
|    human_collision_rate        | 0.06     |
|    human_difficulty            | 0.173    |
|    human_safety_cost           | 10.4     |
|    lift_rate                   | 0.24     |
|    minimum_human_distance      | 0.302    |
|    near_misses                 | 0.16     |
|    place_err_mm                | 197      |
|    proximity_steps             | 7.9      |
|    safety_clamped              | 116      |
|    success_rate                | 0.3      |
|    waiting_steps               | 6.1      |
| train/                         |          |
|    actor_loss                  | -4.5     |
|    critic_loss                 | 23.7     |
|    ent_coef                    | 0.0205   |
|    ent_coef_loss               | 0.357    |
|    learning_rate               | 0.0003   |
|    n_updates                   | 346996   |
---------------------------------------------
---------------------------------------------
| rollout/                       |          |
|    collision_free_success_rate | 0.3      |
|    collision_steps             | 3.46     |
|    completion_time             | 6.5      |
|    ep_len                      | 130      |
|    ep_len_mean                 | 129      |
|    ep_rew_mean                 | 58.6     |
|    episodes                    | 2639     |
|    grasp_rate                  | 0.62     |
|    human_collision_rate        | 0.04     |
|    human_difficulty            | 0.174    |
|    human_safety_cost           | 8.22     |
|    lift_rate                   | 0.26     |
|    minimum_human_distance      | 0.305    |
|    near_misses                 | 0.14     |
|    place_err_mm                | 182      |
|    proximity_steps             | 8.22     |
|    safety_clamped              | 117      |
|    success_rate                | 0.28     |
|    waiting_steps               | 6.42     |
| time/                          |          |
|    episodes                    | 2640     |
|    fps                         | 36       |
|    time_elapsed                | 9741     |
|    total_timesteps             | 352400   |
| train/                         |          |
|    actor_loss                  | -2.83    |
|    critic_loss                 | 28       |
|    ent_coef                    | 0.0203   |
|    ent_coef_loss               | 0.924    |
|    learning_rate               | 0.0003   |
|    n_updates                   | 347396   |
---------------------------------------------
---------------------------------------------
| rollout/                       |          |
|    collision_free_success_rate | 0.36     |
|    collision_steps             | 1.86     |
|    completion_time             | 6.26     |
|    ep_len                      | 125      |
|    ep_len_mean                 | 130      |
|    ep_rew_mean                 | 64.8     |
|    episodes                    | 2649     |
|    grasp_rate                  | 0.62     |
|    human_collision_rate        | 0.04     |
|    human_difficulty            | 0.174    |
|    human_safety_cost           | 8.29     |
|    lift_rate                   | 0.28     |
|    minimum_human_distance      | 0.306    |
|    near_misses                 | 0.14     |
|    place_err_mm                | 176      |
|    proximity_steps             | 8.9      |
|    safety_clamped              | 112      |
|    success_rate                | 0.3      |
|    waiting_steps               | 6.58     |
| time/                          |          |
|    episodes                    | 2650     |
|    fps                         | 36       |
|    time_elapsed                | 9774     |
|    total_timesteps             | 353676   |
| train/                         |          |
|    actor_loss                  | -2.25    |
|    critic_loss                 | 40.1     |
|    ent_coef                    | 0.0209   |
|    ent_coef_loss               | 0.317    |
|    learning_rate               | 0.0003   |
|    n_updates                   | 348672   |
---------------------------------------------
---------------------------------------------
| rollout/                       |          |
|    collision_free_success_rate | 0.38     |
|    collision_steps             | 1.84     |
|    completion_time             | 5.68     |
|    ep_len                      | 114      |
|    episodes                    | 2656     |
|    grasp_rate                  | 0.68     |
|    human_collision_rate        | 0.04     |
|    human_difficulty            | 0.174    |
|    human_safety_cost           | 7.71     |
|    lift_rate                   | 0.28     |
|    minimum_human_distance      | 0.313    |
|    near_misses                 | 0.12     |
|    place_err_mm                | 154      |
|    proximity_steps             | 7.26     |
|    safety_clamped              | 102      |
|    success_rate                | 0.38     |
|    waiting_steps               | 5.44     |
| train/                         |          |
|    actor_loss                  | -3.53    |
|    critic_loss                 | 26.2     |
|    ent_coef                    | 0.0207   |
|    ent_coef_loss               | -0.463   |
|    learning_rate               | 0.0003   |
|    n_updates                   | 348996   |
---------------------------------------------
---------------------------------------------
| rollout/                       |          |
|    collision_free_success_rate | 0.38     |
|    collision_steps             | 1.84     |
|    completion_time             | 5.62     |
|    ep_len                      | 112      |
|    ep_len_mean                 | 125      |
|    ep_rew_mean                 | 72.2     |
|    episodes                    | 2659     |
|    grasp_rate                  | 0.68     |
|    human_collision_rate        | 0.06     |
|    human_difficulty            | 0.175    |
|    human_safety_cost           | 8.63     |
|    lift_rate                   | 0.28     |
|    minimum_human_distance      | 0.31     |
|    near_misses                 | 0.12     |
|    place_err_mm                | 156      |
|    proximity_steps             | 6.18     |
|    safety_clamped              | 101      |
|    success_rate                | 0.32     |
|    waiting_steps               | 4.82     |
| time/                          |          |
|    episodes                    | 2660     |
|    fps                         | 36       |
|    time_elapsed                | 9791     |
|    total_timesteps             | 354308   |
| train/                         |          |
|    actor_loss                  | -4.87    |
|    critic_loss                 | 32.9     |
|    ent_coef                    | 0.0204   |
|    ent_coef_loss               | 0.0249   |
|    learning_rate               | 0.0003   |
|    n_updates                   | 349304   |
---------------------------------------------
---------------------------------------------
| rollout/                       |          |
|    collision_free_success_rate | 0.42     |
|    collision_steps             | 1.82     |
|    completion_time             | 5        |
|    ep_len                      | 100      |
|    ep_len_mean                 | 120      |
|    ep_rew_mean                 | 79.7     |
|    episodes                    | 2669     |
|    grasp_rate                  | 0.68     |
|    human_collision_rate        | 0.06     |
|    human_difficulty            | 0.175    |
|    human_safety_cost           | 8.75     |
|    lift_rate                   | 0.28     |
|    minimum_human_distance      | 0.318    |
|    near_misses                 | 0.12     |
|    place_err_mm                | 140      |
|    proximity_steps             | 5.76     |
|    safety_clamped              | 88.8     |
|    success_rate                | 0.34     |
|    waiting_steps               | 3.5      |
| time/                          |          |
|    episodes                    | 2670     |
|    fps                         | 36       |
|    time_elapsed                | 9812     |
|    total_timesteps             | 355088   |
| train/                         |          |
|    actor_loss                  | -3.58    |
|    critic_loss                 | 40.6     |
|    ent_coef                    | 0.0209   |
|    ent_coef_loss               | 0.679    |
|    learning_rate               | 0.0003   |
|    n_updates                   | 350084   |
---------------------------------------------
---------------------------------------------
| rollout/                       |          |
|    collision_free_success_rate | 0.44     |
|    collision_steps             | 1.84     |
|    completion_time             | 4.78     |
|    ep_len                      | 95.5     |
|    ep_len_mean                 | 114      |
|    ep_rew_mean                 | 86       |
|    episodes                    | 2679     |
|    grasp_rate                  | 0.68     |
|    human_collision_rate        | 0.06     |
|    human_difficulty            | 0.176    |
|    human_safety_cost           | 8.38     |
|    lift_rate                   | 0.24     |
|    minimum_human_distance      | 0.316    |
|    near_misses                 | 0.1      |
|    place_err_mm                | 127      |
|    proximity_steps             | 5.3      |
|    safety_clamped              | 85.1     |
|    success_rate                | 0.37     |
|    waiting_steps               | 3.62     |
| time/                          |          |
|    episodes                    | 2680     |
|    fps                         | 36       |
|    time_elapsed                | 9833     |
|    total_timesteps             | 355888   |
| train/                         |          |
|    actor_loss                  | -3.06    |
|    critic_loss                 | 34.3     |
|    ent_coef                    | 0.0204   |
|    ent_coef_loss               | -0.181   |
|    learning_rate               | 0.0003   |
|    n_updates                   | 350884   |
---------------------------------------------
---------------------------------------------
| rollout/                       |          |
|    collision_free_success_rate | 0.46     |
|    collision_steps             | 1.84     |
|    completion_time             | 4.78     |
|    ep_len                      | 95.5     |
|    episodes                    | 2680     |
|    grasp_rate                  | 0.68     |
|    human_collision_rate        | 0.06     |
|    human_difficulty            | 0.176    |
|    human_safety_cost           | 8.38     |
|    lift_rate                   | 0.26     |
|    minimum_human_distance      | 0.318    |
|    near_misses                 | 0.1      |
|    place_err_mm                | 121      |
|    proximity_steps             | 5.3      |
|    safety_clamped              | 85.1     |
|    success_rate                | 0.46     |
|    waiting_steps               | 3.62     |
| train/                         |          |
|    actor_loss                  | -3.42    |
|    critic_loss                 | 18.6     |
|    ent_coef                    | 0.0204   |
|    ent_coef_loss               | -0.204   |
|    learning_rate               | 0.0003   |
|    n_updates                   | 350996   |
---------------------------------------------
---------------------------------------------
| rollout/                       |          |
|    collision_free_success_rate | 0.4      |
|    collision_steps             | 0.04     |
|    completion_time             | 4.81     |
|    ep_len                      | 96.3     |
|    ep_len_mean                 | 115      |
|    ep_rew_mean                 | 76       |
|    episodes                    | 2689     |
|    grasp_rate                  | 0.62     |
|    human_collision_rate        | 0.08     |
|    human_difficulty            | 0.176    |
|    human_safety_cost           | 10.4     |
|    lift_rate                   | 0.22     |
|    minimum_human_distance      | 0.318    |
|    near_misses                 | 0.12     |
|    place_err_mm                | 156      |
|    proximity_steps             | 5.86     |
|    safety_clamped              | 86       |
|    success_rate                | 0.34     |
|    waiting_steps               | 3.4      |
| time/                          |          |
|    episodes                    | 2690     |
|    fps                         | 36       |
|    time_elapsed                | 9867     |
|    total_timesteps             | 357204   |
| train/                         |          |
|    actor_loss                  | -2.23    |
|    critic_loss                 | 25.2     |
|    ent_coef                    | 0.0204   |
|    ent_coef_loss               | 0.158    |
|    learning_rate               | 0.0003   |
|    n_updates                   | 352200   |
---------------------------------------------
---------------------------------------------
| rollout/                       |          |
|    collision_free_success_rate | 0.4      |
|    collision_steps             | 2.6      |
|    completion_time             | 4.79     |
|    ep_len                      | 95.8     |
|    episodes                    | 2695     |
|    grasp_rate                  | 0.64     |
|    human_collision_rate        | 0.08     |
|    human_difficulty            | 0.176    |
|    human_safety_cost           | 10.3     |
|    lift_rate                   | 0.22     |
|    minimum_human_distance      | 0.317    |
|    near_misses                 | 0.12     |
|    place_err_mm                | 156      |
|    proximity_steps             | 4.82     |
|    safety_clamped              | 86.3     |
|    success_rate                | 0.4      |
|    waiting_steps               | 2.88     |
| train/                         |          |
|    actor_loss                  | -3.25    |
|    critic_loss                 | 25.5     |
|    ent_coef                    | 0.0209   |
|    ent_coef_loss               | -0.217   |
|    learning_rate               | 0.0003   |
|    n_updates                   | 352996   |
---------------------------------------------
---------------------------------------------
| rollout/                       |          |
|    collision_free_success_rate | 0.4      |
|    collision_steps             | 2.6      |
|    completion_time             | 4.75     |
|    ep_len                      | 94.9     |
|    ep_len_mean                 | 110      |
|    ep_rew_mean                 | 85.2     |
|    episodes                    | 2699     |
|    grasp_rate                  | 0.68     |
|    human_collision_rate        | 0.1      |
|    human_difficulty            | 0.177    |
|    human_safety_cost           | 12.6     |
|    lift_rate                   | 0.2      |
|    minimum_human_distance      | 0.312    |
|    near_misses                 | 0.14     |
|    place_err_mm                | 159      |
|    proximity_steps             | 5.34     |
|    safety_clamped              | 85.5     |
|    success_rate                | 0.38     |
|    waiting_steps               | 3.1      |
| time/                          |          |
|    episodes                    | 2700     |
|    fps                         | 36       |
|    time_elapsed                | 9900     |
|    total_timesteps             | 358428   |
| train/                         |          |
|    actor_loss                  | -3.46    |
|    critic_loss                 | 22.2     |
|    ent_coef                    | 0.0209   |
|    ent_coef_loss               | -0.266   |
|    learning_rate               | 0.0003   |
|    n_updates                   | 353424   |
---------------------------------------------
---------------------------------------------
| rollout/                       |          |
|    collision_free_success_rate | 0.4      |
|    collision_steps             | 2.6      |
|    completion_time             | 5.25     |
|    ep_len                      | 105      |
|    ep_len_mean                 | 108      |
|    ep_rew_mean                 | 90.3     |
|    episodes                    | 2709     |
|    grasp_rate                  | 0.68     |
|    human_collision_rate        | 0.08     |
|    human_difficulty            | 0.177    |
|    human_safety_cost           | 9.94     |
|    lift_rate                   | 0.2      |
|    minimum_human_distance      | 0.333    |
|    near_misses                 | 0.1      |
|    place_err_mm                | 168      |
|    proximity_steps             | 5.8      |
|    safety_clamped              | 95.2     |
|    success_rate                | 0.39     |
|    waiting_steps               | 3.56     |
| time/                          |          |
|    episodes                    | 2710     |
|    fps                         | 36       |
|    time_elapsed                | 9928     |
|    total_timesteps             | 359508   |
| train/                         |          |
|    actor_loss                  | -5.65    |
|    critic_loss                 | 38.9     |
|    ent_coef                    | 0.0203   |
|    ent_coef_loss               | 1.56     |
|    learning_rate               | 0.0003   |
|    n_updates                   | 354504   |
---------------------------------------------
---------------------------------------------
| rollout/                       |          |
|    collision_free_success_rate | 0.38     |
|    collision_steps             | 2.6      |
|    completion_time             | 5.23     |
|    ep_len                      | 105      |
|    episodes                    | 2712     |
|    grasp_rate                  | 0.7      |
|    human_collision_rate        | 0.08     |
|    human_difficulty            | 0.177    |
|    human_safety_cost           | 9.94     |
|    lift_rate                   | 0.2      |
|    minimum_human_distance      | 0.333    |
|    near_misses                 | 0.1      |
|    place_err_mm                | 163      |
|    proximity_steps             | 5.72     |
|    safety_clamped              | 94.5     |
|    success_rate                | 0.38     |
|    waiting_steps               | 3.48     |
| train/                         |          |
|    actor_loss                  | -3.98    |
|    critic_loss                 | 26.5     |
|    ent_coef                    | 0.0208   |
|    ent_coef_loss               | -0.287   |
|    learning_rate               | 0.0003   |
|    n_updates                   | 354996   |
---------------------------------------------
Eval num_timesteps=360000, episode_reward=-4.48 +/- 27.76
Episode length: 200.00 +/- 0.00
Success rate: 0.00%
---------------------------------
| eval/              |          |
|    mean_ep_length  | 200      |
|    mean_reward     | -4.48    |
|    success_rate    | 0        |
| time/              |          |
|    total_timesteps | 360000   |
---------------------------------
---------------------------------------------
| rollout/                       |          |
|    collision_free_success_rate | 0.34     |
|    collision_steps             | 2.6      |
|    completion_time             | 5.69     |
|    ep_len                      | 114      |
|    ep_len_mean                 | 107      |
|    ep_rew_mean                 | 88.2     |
|    episodes                    | 2719     |
|    grasp_rate                  | 0.72     |
|    human_collision_rate        | 0.08     |
|    human_difficulty            | 0.178    |
|    human_safety_cost           | 10.6     |
|    lift_rate                   | 0.16     |
|    minimum_human_distance      | 0.314    |
|    near_misses                 | 0.12     |
|    place_err_mm                | 166      |
|    proximity_steps             | 5.64     |
|    safety_clamped              | 103      |
|    success_rate                | 0.38     |
|    waiting_steps               | 4.3      |
| time/                          |          |
|    episodes                    | 2720     |
|    fps                         | 36       |
|    time_elapsed                | 10018    |
|    total_timesteps             | 360992   |
| train/                         |          |
|    actor_loss                  | -4.19    |
|    critic_loss                 | 24       |
|    ent_coef                    | 0.0214   |
|    ent_coef_loss               | 0.0956   |
|    learning_rate               | 0.0003   |
|    n_updates                   | 355988   |
---------------------------------------------
---------------------------------------------
| rollout/                       |          |
|    collision_free_success_rate | 0.28     |
|    collision_steps             | 2.58     |
|    completion_time             | 5.83     |
|    ep_len                      | 117      |
|    ep_len_mean                 | 107      |
|    ep_rew_mean                 | 83.6     |
|    episodes                    | 2729     |
|    grasp_rate                  | 0.72     |
|    human_collision_rate        | 0.08     |
|    human_difficulty            | 0.178    |
|    human_safety_cost           | 10.7     |
|    lift_rate                   | 0.18     |
|    minimum_human_distance      | 0.311    |
|    near_misses                 | 0.12     |
|    place_err_mm                | 184      |
|    proximity_steps             | 5.64     |
|    safety_clamped              | 106      |
|    success_rate                | 0.36     |
|    waiting_steps               | 4.3      |
| time/                          |          |
|    episodes                    | 2730     |
|    fps                         | 36       |
|    time_elapsed                | 10041    |
|    total_timesteps             | 361876   |
| train/                         |          |
|    actor_loss                  | -3.07    |
|    critic_loss                 | 20.2     |
|    ent_coef                    | 0.0213   |
|    ent_coef_loss               | 1.16     |
|    learning_rate               | 0.0003   |
|    n_updates                   | 356872   |
---------------------------------------------
---------------------------------------------
| rollout/                       |          |
|    collision_free_success_rate | 0.26     |
|    collision_steps             | 2.58     |
|    completion_time             | 5.9      |
|    ep_len                      | 118      |
|    episodes                    | 2731     |
|    grasp_rate                  | 0.74     |
|    human_collision_rate        | 0.06     |
|    human_difficulty            | 0.178    |
|    human_safety_cost           | 9.21     |
|    lift_rate                   | 0.16     |
|    minimum_human_distance      | 0.309    |
|    near_misses                 | 0.14     |
|    place_err_mm                | 190      |
|    proximity_steps             | 6.62     |
|    safety_clamped              | 107      |
|    success_rate                | 0.26     |
|    waiting_steps               | 4.96     |
| train/                         |          |
|    actor_loss                  | -3.82    |
|    critic_loss                 | 23.4     |
|    ent_coef                    | 0.0214   |
|    ent_coef_loss               | 0.00406  |
|    learning_rate               | 0.0003   |
|    n_updates                   | 356996   |
---------------------------------------------
---------------------------------------------
| rollout/                       |          |
|    collision_free_success_rate | 0.36     |
|    collision_steps             | 2.58     |
|    completion_time             | 5.53     |
|    ep_len                      | 111      |
|    ep_len_mean                 | 104      |
|    ep_rew_mean                 | 85.3     |
|    episodes                    | 2739     |
|    grasp_rate                  | 0.82     |
|    human_collision_rate        | 0.04     |
|    human_difficulty            | 0.179    |
|    human_safety_cost           | 6.72     |
|    lift_rate                   | 0.24     |
|    minimum_human_distance      | 0.311    |
|    near_misses                 | 0.12     |
|    place_err_mm                | 166      |
|    proximity_steps             | 4.58     |
|    safety_clamped              | 99.4     |
|    success_rate                | 0.37     |
|    waiting_steps               | 3.96     |
| time/                          |          |
|    episodes                    | 2740     |
|    fps                         | 36       |
|    time_elapsed                | 10064    |
|    total_timesteps             | 362760   |
| train/                         |          |
|    actor_loss                  | -3.36    |
|    critic_loss                 | 21.9     |
|    ent_coef                    | 0.0211   |
|    ent_coef_loss               | 0.45     |
|    learning_rate               | 0.0003   |
|    n_updates                   | 357756   |
---------------------------------------------
---------------------------------------------
| rollout/                       |          |
|    collision_free_success_rate | 0.3      |
|    collision_steps             | 0        |
|    completion_time             | 5.96     |
|    ep_len                      | 119      |
|    episodes                    | 2747     |
|    grasp_rate                  | 0.78     |
|    human_collision_rate        | 0.06     |
|    human_difficulty            | 0.179    |
|    human_safety_cost           | 12.4     |
|    lift_rate                   | 0.24     |
|    minimum_human_distance      | 0.295    |
|    near_misses                 | 0.18     |
|    place_err_mm                | 183      |
|    proximity_steps             | 7.08     |
|    safety_clamped              | 106      |
|    success_rate                | 0.3      |
|    waiting_steps               | 5.72     |
| train/                         |          |
|    actor_loss                  | -4.33    |
|    critic_loss                 | 29       |
|    ent_coef                    | 0.0212   |
|    ent_coef_loss               | 0.773    |
|    learning_rate               | 0.0003   |
|    n_updates                   | 358996   |
---------------------------------------------
---------------------------------------------
| rollout/                       |          |
|    collision_free_success_rate | 0.28     |
|    collision_steps             | 0        |
|    completion_time             | 6.16     |
|    ep_len                      | 123      |
|    ep_len_mean                 | 110      |
|    ep_rew_mean                 | 75.1     |
|    episodes                    | 2749     |
|    grasp_rate                  | 0.74     |
|    human_collision_rate        | 0.04     |
|    human_difficulty            | 0.179    |
|    human_safety_cost           | 9.98     |
|    lift_rate                   | 0.24     |
|    minimum_human_distance      | 0.296    |
|    near_misses                 | 0.16     |
|    place_err_mm                | 188      |
|    proximity_steps             | 6.56     |
|    safety_clamped              | 110      |
|    success_rate                | 0.34     |
|    waiting_steps               | 5.5      |
| time/                          |          |
|    episodes                    | 2750     |
|    fps                         | 36       |
|    time_elapsed                | 10112    |
|    total_timesteps             | 364548   |
| train/                         |          |
|    actor_loss                  | -2.11    |
|    critic_loss                 | 15.8     |
|    ent_coef                    | 0.021    |
|    ent_coef_loss               | -1.17    |
|    learning_rate               | 0.0003   |
|    n_updates                   | 359544   |
---------------------------------------------
---------------------------------------------
| rollout/                       |          |
|    collision_free_success_rate | 0.26     |
|    collision_steps             | 0        |
|    completion_time             | 6.38     |
|    ep_len                      | 128      |
|    episodes                    | 2759     |
|    grasp_rate                  | 0.7      |
|    human_collision_rate        | 0.06     |
|    human_difficulty            | 0.18     |
|    human_safety_cost           | 16.6     |
|    lift_rate                   | 0.22     |
|    minimum_human_distance      | 0.274    |
|    near_misses                 | 0.22     |
|    place_err_mm                | 200      |
|    proximity_steps             | 11.5     |
|    safety_clamped              | 113      |
|    success_rate                | 0.26     |
|    waiting_steps               | 9.64     |
| train/                         |          |
|    actor_loss                  | -3.11    |
|    critic_loss                 | 21       |
|    ent_coef                    | 0.021    |
|    ent_coef_loss               | -1.15    |
|    learning_rate               | 0.0003   |
|    n_updates                   | 360996   |
---------------------------------------------
---------------------------------------------
| rollout/                       |          |
|    collision_free_success_rate | 0.26     |
|    collision_steps             | 0        |
|    completion_time             | 6.38     |
|    ep_len                      | 128      |
|    ep_len_mean                 | 118      |
|    ep_rew_mean                 | 67.4     |
|    episodes                    | 2759     |
|    grasp_rate                  | 0.7      |
|    human_collision_rate        | 0.06     |
|    human_difficulty            | 0.18     |
|    human_safety_cost           | 16.6     |
|    lift_rate                   | 0.22     |
|    minimum_human_distance      | 0.274    |
|    near_misses                 | 0.22     |
|    place_err_mm                | 200      |
|    proximity_steps             | 11.5     |
|    safety_clamped              | 113      |
|    success_rate                | 0.32     |
|    waiting_steps               | 9.64     |
| time/                          |          |
|    episodes                    | 2760     |
|    fps                         | 36       |
|    time_elapsed                | 10154    |
|    total_timesteps             | 366148   |
| train/                         |          |
|    actor_loss                  | -3.98    |
|    critic_loss                 | 27.4     |
|    ent_coef                    | 0.0208   |
|    ent_coef_loss               | -0.016   |
|    learning_rate               | 0.0003   |
|    n_updates                   | 361144   |
---------------------------------------------
---------------------------------------------
| rollout/                       |          |
|    collision_free_success_rate | 0.28     |
|    collision_steps             | 0.12     |
|    completion_time             | 6.37     |
|    ep_len                      | 127      |
|    ep_len_mean                 | 122      |
|    ep_rew_mean                 | 62.5     |
|    episodes                    | 2769     |
|    grasp_rate                  | 0.68     |
|    human_collision_rate        | 0.04     |
|    human_difficulty            | 0.181    |
|    human_safety_cost           | 15.5     |
|    lift_rate                   | 0.28     |
|    minimum_human_distance      | 0.288    |
|    near_misses                 | 0.2      |
|    place_err_mm                | 207      |
|    proximity_steps             | 11.8     |
|    safety_clamped              | 114      |
|    success_rate                | 0.3      |
|    waiting_steps               | 9.72     |
| time/                          |          |
|    episodes                    | 2770     |
|    fps                         | 36       |
|    time_elapsed                | 10185    |
|    total_timesteps             | 367308   |
| train/                         |          |
|    actor_loss                  | -0.37    |
|    critic_loss                 | 20.9     |
|    ent_coef                    | 0.0208   |
|    ent_coef_loss               | 0.148    |
|    learning_rate               | 0.0003   |
|    n_updates                   | 362304   |
---------------------------------------------
---------------------------------------------
| rollout/                       |          |
|    collision_free_success_rate | 0.26     |
|    collision_steps             | 0.12     |
|    completion_time             | 6.63     |
|    ep_len                      | 133      |
|    episodes                    | 2773     |
|    grasp_rate                  | 0.68     |
|    human_collision_rate        | 0.04     |
|    human_difficulty            | 0.181    |
|    human_safety_cost           | 16.4     |
|    lift_rate                   | 0.26     |
|    minimum_human_distance      | 0.283    |
|    near_misses                 | 0.26     |
|    place_err_mm                | 209      |
|    proximity_steps             | 13.8     |
|    safety_clamped              | 119      |
|    success_rate                | 0.26     |
|    waiting_steps               | 11.4     |
| train/                         |          |
|    actor_loss                  | -0.923   |
|    critic_loss                 | 20.1     |
|    ent_coef                    | 0.0209   |
|    ent_coef_loss               | 0.693    |
|    learning_rate               | 0.0003   |
|    n_updates                   | 362996   |
---------------------------------------------
---------------------------------------------
| rollout/                       |          |
|    collision_free_success_rate | 0.24     |
|    collision_steps             | 0.24     |
|    completion_time             | 7.19     |
|    ep_len                      | 144      |
|    ep_len_mean                 | 130      |
|    ep_rew_mean                 | 51.5     |
|    episodes                    | 2779     |
|    grasp_rate                  | 0.6      |
|    human_collision_rate        | 0.04     |
|    human_difficulty            | 0.181    |
|    human_safety_cost           | 16.1     |
|    lift_rate                   | 0.24     |
|    minimum_human_distance      | 0.284    |
|    near_misses                 | 0.24     |
|    place_err_mm                | 228      |
|    proximity_steps             | 13.8     |
|    safety_clamped              | 129      |
|    success_rate                | 0.26     |
|    waiting_steps               | 11.4     |
| time/                          |          |
|    episodes                    | 2780     |
|    fps                         | 36       |
|    time_elapsed                | 10226    |
|    total_timesteps             | 368848   |
| train/                         |          |
|    actor_loss                  | -1.13    |
|    critic_loss                 | 27.7     |
|    ent_coef                    | 0.0204   |
|    ent_coef_loss               | -0.343   |
|    learning_rate               | 0.0003   |
|    n_updates                   | 363844   |
---------------------------------------------
---------------------------------------------
| rollout/                       |          |
|    collision_free_success_rate | 0.22     |
|    collision_steps             | 0.3      |
|    completion_time             | 7.29     |
|    ep_len                      | 146      |
|    episodes                    | 2788     |
|    grasp_rate                  | 0.62     |
|    human_collision_rate        | 0.04     |
|    human_difficulty            | 0.182    |
|    human_safety_cost           | 15.4     |
|    lift_rate                   | 0.24     |
|    minimum_human_distance      | 0.298    |
|    near_misses                 | 0.2      |
|    place_err_mm                | 221      |
|    proximity_steps             | 12.4     |
|    safety_clamped              | 132      |
|    success_rate                | 0.22     |
|    waiting_steps               | 10.3     |
| train/                         |          |
|    actor_loss                  | -4.21    |
|    critic_loss                 | 31.2     |
|    ent_coef                    | 0.0206   |
|    ent_coef_loss               | 0.635    |
|    learning_rate               | 0.0003   |
|    n_updates                   | 364996   |
---------------------------------------------
---------------------------------------------
| rollout/                       |          |
|    collision_free_success_rate | 0.2      |
|    collision_steps             | 0.3      |
|    completion_time             | 7.32     |
|    ep_len                      | 146      |
|    ep_len_mean                 | 128      |
|    ep_rew_mean                 | 62.2     |
|    episodes                    | 2789     |
|    grasp_rate                  | 0.62     |
|    human_collision_rate        | 0.04     |
|    human_difficulty            | 0.182    |
|    human_safety_cost           | 15.4     |
|    lift_rate                   | 0.22     |
|    minimum_human_distance      | 0.3      |
|    near_misses                 | 0.2      |
|    place_err_mm                | 226      |
|    proximity_steps             | 12.4     |
|    safety_clamped              | 132      |
|    success_rate                | 0.28     |
|    waiting_steps               | 10.3     |
| time/                          |          |
|    episodes                    | 2790     |
|    fps                         | 36       |
|    time_elapsed                | 10257    |
|    total_timesteps             | 370064   |
| train/                         |          |
|    actor_loss                  | -2.7     |
|    critic_loss                 | 29.4     |
|    ent_coef                    | 0.0206   |
|    ent_coef_loss               | 0.409    |
|    learning_rate               | 0.0003   |
|    n_updates                   | 365060   |
---------------------------------------------
---------------------------------------------
| rollout/                       |          |
|    collision_free_success_rate | 0.2      |
|    collision_steps             | 0.3      |
|    completion_time             | 7.04     |
|    ep_len                      | 141      |
|    ep_len_mean                 | 130      |
|    ep_rew_mean                 | 50.6     |
|    episodes                    | 2799     |
|    grasp_rate                  | 0.64     |
|    human_collision_rate        | 0.02     |
|    human_difficulty            | 0.183    |
|    human_safety_cost           | 9.78     |
|    lift_rate                   | 0.18     |
|    minimum_human_distance      | 0.334    |
|    near_misses                 | 0.14     |
|    place_err_mm                | 224      |
|    proximity_steps             | 9.9      |
|    safety_clamped              | 129      |
|    success_rate                | 0.25     |
|    waiting_steps               | 8.56     |
| time/                          |          |
|    episodes                    | 2800     |
|    fps                         | 36       |
|    time_elapsed                | 10292    |
|    total_timesteps             | 371388   |
| train/                         |          |
|    actor_loss                  | -3.13    |
|    critic_loss                 | 19.8     |
|    ent_coef                    | 0.0202   |
|    ent_coef_loss               | -0.132   |
|    learning_rate               | 0.0003   |
|    n_updates                   | 366384   |
---------------------------------------------
---------------------------------------------
| rollout/                       |          |
|    collision_free_success_rate | 0.2      |
|    collision_steps             | 0.3      |
|    completion_time             | 6.75     |
|    ep_len                      | 135      |
|    episodes                    | 2804     |
|    grasp_rate                  | 0.64     |
|    human_collision_rate        | 0.02     |
|    human_difficulty            | 0.183    |
|    human_safety_cost           | 8.11     |
|    lift_rate                   | 0.16     |
|    minimum_human_distance      | 0.345    |
|    near_misses                 | 0.12     |
|    place_err_mm                | 217      |
|    proximity_steps             | 7.38     |
|    safety_clamped              | 124      |
|    success_rate                | 0.2      |
|    waiting_steps               | 6.66     |
| train/                         |          |
|    actor_loss                  | -3.22    |
|    critic_loss                 | 33.2     |
|    ent_coef                    | 0.0217   |
|    ent_coef_loss               | 0.847    |
|    learning_rate               | 0.0003   |
|    n_updates                   | 366996   |
---------------------------------------------
---------------------------------------------
| rollout/                       |          |
|    collision_free_success_rate | 0.22     |
|    collision_steps             | 0.3      |
|    completion_time             | 6.47     |
|    ep_len                      | 129      |
|    ep_len_mean                 | 130      |
|    ep_rew_mean                 | 47.7     |
|    episodes                    | 2809     |
|    grasp_rate                  | 0.7      |
|    human_collision_rate        | 0        |
|    human_difficulty            | 0.184    |
|    human_safety_cost           | 3.08     |
|    lift_rate                   | 0.16     |
|    minimum_human_distance      | 0.352    |
|    near_misses                 | 0.08     |
|    place_err_mm                | 197      |
|    proximity_steps             | 3.84     |
|    safety_clamped              | 118      |
|    success_rate                | 0.24     |
|    waiting_steps               | 3.28     |
| time/                          |          |
|    episodes                    | 2810     |
|    fps                         | 36       |
|    time_elapsed                | 10326    |
|    total_timesteps             | 372668   |
| train/                         |          |
|    actor_loss                  | -3.88    |
|    critic_loss                 | 19       |
|    ent_coef                    | 0.022    |
|    ent_coef_loss               | -1.14    |
|    learning_rate               | 0.0003   |
|    n_updates                   | 367664   |
---------------------------------------------
---------------------------------------------
| rollout/                       |          |
|    collision_free_success_rate | 0.22     |
|    collision_steps             | 1.38     |
|    completion_time             | 6.71     |
|    ep_len                      | 134      |
|    episodes                    | 2819     |
|    grasp_rate                  | 0.66     |
|    human_collision_rate        | 0.04     |
|    human_difficulty            | 0.184    |
|    human_safety_cost           | 7.04     |
|    lift_rate                   | 0.12     |
|    minimum_human_distance      | 0.342    |
|    near_misses                 | 0.1      |
|    place_err_mm                | 203      |
|    proximity_steps             | 4.36     |
|    safety_clamped              | 122      |
|    success_rate                | 0.22     |
|    waiting_steps               | 4.06     |
| train/                         |          |
|    actor_loss                  | -1.91    |
|    critic_loss                 | 19.5     |
|    ent_coef                    | 0.0207   |
|    ent_coef_loss               | -0.881   |
|    learning_rate               | 0.0003   |
|    n_updates                   | 368996   |
---------------------------------------------
---------------------------------------------
| rollout/                       |          |
|    collision_free_success_rate | 0.22     |
|    collision_steps             | 1.38     |
|    completion_time             | 6.71     |
|    ep_len                      | 134      |
|    ep_len_mean                 | 130      |
|    ep_rew_mean                 | 46.6     |
|    episodes                    | 2819     |
|    grasp_rate                  | 0.66     |
|    human_collision_rate        | 0.04     |
|    human_difficulty            | 0.184    |
|    human_safety_cost           | 7.04     |
|    lift_rate                   | 0.12     |
|    minimum_human_distance      | 0.342    |
|    near_misses                 | 0.1      |
|    place_err_mm                | 203      |
|    proximity_steps             | 4.36     |
|    safety_clamped              | 122      |
|    success_rate                | 0.25     |
|    waiting_steps               | 4.06     |
| time/                          |          |
|    episodes                    | 2820     |
|    fps                         | 36       |
|    time_elapsed                | 10363    |
|    total_timesteps             | 374100   |
| train/                         |          |
|    actor_loss                  | -2.21    |
|    critic_loss                 | 19.5     |
|    ent_coef                    | 0.0205   |
|    ent_coef_loss               | -0.764   |
|    learning_rate               | 0.0003   |
|    n_updates                   | 369096   |
---------------------------------------------
---------------------------------------------
| rollout/                       |          |
|    collision_free_success_rate | 0.2      |
|    collision_steps             | 1.26     |
|    completion_time             | 6.54     |
|    ep_len                      | 131      |
|    ep_len_mean                 | 138      |
|    ep_rew_mean                 | 34.3     |
|    episodes                    | 2829     |
|    grasp_rate                  | 0.64     |
|    human_collision_rate        | 0.06     |
|    human_difficulty            | 0.185    |
|    human_safety_cost           | 8.47     |
|    lift_rate                   | 0.1      |
|    minimum_human_distance      | 0.346    |
|    near_misses                 | 0.06     |
|    place_err_mm                | 209      |
|    proximity_steps             | 3.2      |
|    safety_clamped              | 119      |
|    success_rate                | 0.22     |
|    waiting_steps               | 3.2      |
| time/                          |          |
|    episodes                    | 2830     |
|    fps                         | 36       |
|    time_elapsed                | 10405    |
|    total_timesteps             | 375692   |
| train/                         |          |
|    actor_loss                  | -6.15    |
|    critic_loss                 | 22.3     |
|    ent_coef                    | 0.0207   |
|    ent_coef_loss               | 0.325    |
|    learning_rate               | 0.0003   |
|    n_updates                   | 370688   |
---------------------------------------------
---------------------------------------------
| rollout/                       |          |
|    collision_free_success_rate | 0.18     |
|    collision_steps             | 1.26     |
|    completion_time             | 6.81     |
|    ep_len                      | 136      |
|    episodes                    | 2831     |
|    grasp_rate                  | 0.62     |
|    human_collision_rate        | 0.06     |
|    human_difficulty            | 0.185    |
|    human_safety_cost           | 8.56     |
|    lift_rate                   | 0.08     |
|    minimum_human_distance      | 0.334    |
|    near_misses                 | 0.06     |
|    place_err_mm                | 216      |
|    proximity_steps             | 4        |
|    safety_clamped              | 123      |
|    success_rate                | 0.18     |
|    waiting_steps               | 3.54     |
| train/                         |          |
|    actor_loss                  | -3.36    |
|    critic_loss                 | 26.8     |
|    ent_coef                    | 0.0207   |
|    ent_coef_loss               | -0.39    |
|    learning_rate               | 0.0003   |
|    n_updates                   | 370996   |
---------------------------------------------
---------------------------------------------
| rollout/                       |          |
|    collision_free_success_rate | 0.18     |
|    collision_steps             | 1.2      |
|    completion_time             | 6.72     |
|    ep_len                      | 134      |
|    ep_len_mean                 | 139      |
|    ep_rew_mean                 | 32.3     |
|    episodes                    | 2839     |
|    grasp_rate                  | 0.58     |
|    human_collision_rate        | 0.06     |
|    human_difficulty            | 0.186    |
|    human_safety_cost           | 8.6      |
|    lift_rate                   | 0.08     |
|    minimum_human_distance      | 0.316    |
|    near_misses                 | 0.06     |
|    place_err_mm                | 206      |
|    proximity_steps             | 4.74     |
|    safety_clamped              | 122      |
|    success_rate                | 0.2      |
|    waiting_steps               | 3.76     |
| time/                          |          |
|    episodes                    | 2840     |
|    fps                         | 36       |
|    time_elapsed                | 10433    |
|    total_timesteps             | 376760   |
| train/                         |          |
|    actor_loss                  | -0.763   |
|    critic_loss                 | 20.2     |
|    ent_coef                    | 0.0212   |
|    ent_coef_loss               | 0.149    |
|    learning_rate               | 0.0003   |
|    n_updates                   | 371756   |
---------------------------------------------
---------------------------------------------
| rollout/                       |          |
|    collision_free_success_rate | 0.24     |
|    collision_steps             | 1.2      |
|    completion_time             | 6.55     |
|    ep_len                      | 131      |
|    episodes                    | 2849     |
|    grasp_rate                  | 0.56     |
|    human_collision_rate        | 0.06     |
|    human_difficulty            | 0.186    |
|    human_safety_cost           | 8.6      |
|    lift_rate                   | 0.14     |
|    minimum_human_distance      | 0.303    |
|    near_misses                 | 0.06     |
|    place_err_mm                | 186      |
|    proximity_steps             | 4.74     |
|    safety_clamped              | 118      |
|    success_rate                | 0.24     |
|    waiting_steps               | 3.76     |
| train/                         |          |
|    actor_loss                  | -3.97    |
|    critic_loss                 | 21.1     |
|    ent_coef                    | 0.0222   |
|    ent_coef_loss               | -0.694   |
|    learning_rate               | 0.0003   |
|    n_updates                   | 372996   |
---------------------------------------------
---------------------------------------------
| rollout/                       |          |
|    collision_free_success_rate | 0.24     |
|    collision_steps             | 1.2      |
|    completion_time             | 6.55     |
|    ep_len                      | 131      |
|    ep_len_mean                 | 136      |
|    ep_rew_mean                 | 38       |
|    episodes                    | 2849     |
|    grasp_rate                  | 0.56     |
|    human_collision_rate        | 0.06     |
|    human_difficulty            | 0.186    |
|    human_safety_cost           | 8.6      |
|    lift_rate                   | 0.14     |
|    minimum_human_distance      | 0.303    |
|    near_misses                 | 0.06     |
|    place_err_mm                | 186      |
|    proximity_steps             | 4.74     |
|    safety_clamped              | 118      |
|    success_rate                | 0.22     |
|    waiting_steps               | 3.76     |
| time/                          |          |
|    episodes                    | 2850     |
|    fps                         | 36       |
|    time_elapsed                | 10469    |
|    total_timesteps             | 378116   |
| train/                         |          |
|    actor_loss                  | -2.92    |
|    critic_loss                 | 30.1     |
|    ent_coef                    | 0.0219   |
|    ent_coef_loss               | -1.07    |
|    learning_rate               | 0.0003   |
|    n_updates                   | 373112   |
---------------------------------------------
---------------------------------------------
| rollout/                       |          |
|    collision_free_success_rate | 0.22     |
|    collision_steps             | 1.2      |
|    completion_time             | 6.62     |
|    ep_len                      | 132      |
|    ep_len_mean                 | 129      |
|    ep_rew_mean                 | 43.1     |
|    episodes                    | 2859     |
|    grasp_rate                  | 0.56     |
|    human_collision_rate        | 0.08     |
|    human_difficulty            | 0.187    |
|    human_safety_cost           | 11.2     |
|    lift_rate                   | 0.16     |
|    minimum_human_distance      | 0.306    |
|    near_misses                 | 0.08     |
|    place_err_mm                | 202      |
|    proximity_steps             | 6.06     |
|    safety_clamped              | 119      |
|    success_rate                | 0.23     |
|    waiting_steps               | 4.04     |
| time/                          |          |
|    episodes                    | 2860     |
|    fps                         | 36       |
|    time_elapsed                | 10497    |
|    total_timesteps             | 379200   |
| train/                         |          |
|    actor_loss                  | -3.78    |
|    critic_loss                 | 24.3     |
|    ent_coef                    | 0.0216   |
|    ent_coef_loss               | -0.161   |
|    learning_rate               | 0.0003   |
|    n_updates                   | 374196   |
---------------------------------------------
---------------------------------------------
| rollout/                       |          |
|    collision_free_success_rate | 0.22     |
|    collision_steps             | 1.2      |
|    completion_time             | 6.63     |
|    ep_len                      | 133      |
|    episodes                    | 2864     |
|    grasp_rate                  | 0.58     |
|    human_collision_rate        | 0.04     |
|    human_difficulty            | 0.187    |
|    human_safety_cost           | 5.1      |
|    lift_rate                   | 0.16     |
|    minimum_human_distance      | 0.318    |
|    near_misses                 | 0.04     |
|    place_err_mm                | 198      |
|    proximity_steps             | 4.18     |
|    safety_clamped              | 120      |
|    success_rate                | 0.22     |
|    waiting_steps               | 2.16     |
| train/                         |          |
|    actor_loss                  | -2.53    |
|    critic_loss                 | 33.8     |
|    ent_coef                    | 0.0215   |
|    ent_coef_loss               | 1.44     |
|    learning_rate               | 0.0003   |
|    n_updates                   | 374996   |
---------------------------------------------
Eval num_timesteps=380000, episode_reward=-15.02 +/- 29.64
Episode length: 171.47 +/- 60.41
Success rate: 0.00%
---------------------------------
| eval/              |          |
|    mean_ep_length  | 171      |
|    mean_reward     | -15      |
|    success_rate    | 0        |
| time/              |          |
|    total_timesteps | 380000   |
---------------------------------
---------------------------------------------
| rollout/                       |          |
|    collision_free_success_rate | 0.18     |
|    collision_steps             | 0        |
|    completion_time             | 6.96     |
|    ep_len                      | 139      |
|    ep_len_mean                 | 137      |
|    ep_rew_mean                 | 33.5     |
|    episodes                    | 2869     |
|    grasp_rate                  | 0.54     |
|    human_collision_rate        | 0.06     |
|    human_difficulty            | 0.187    |
|    human_safety_cost           | 10.1     |
|    lift_rate                   | 0.14     |
|    minimum_human_distance      | 0.302    |
|    near_misses                 | 0.1      |
|    place_err_mm                | 210      |
|    proximity_steps             | 9.1      |
|    safety_clamped              | 126      |
|    success_rate                | 0.2      |
|    waiting_steps               | 6.36     |
| time/                          |          |
|    episodes                    | 2870     |
|    fps                         | 35       |
|    time_elapsed                | 10590    |
|    total_timesteps             | 381100   |
| train/                         |          |
|    actor_loss                  | -2.8     |
|    critic_loss                 | 30.1     |
|    ent_coef                    | 0.0213   |
|    ent_coef_loss               | 0.824    |
|    learning_rate               | 0.0003   |
|    n_updates                   | 376096   |
---------------------------------------------
---------------------------------------------
| rollout/                       |          |
|    collision_free_success_rate | 0.18     |
|    collision_steps             | 0        |
|    completion_time             | 7.16     |
|    ep_len                      | 143      |
|    episodes                    | 2874     |
|    grasp_rate                  | 0.54     |
|    human_collision_rate        | 0.08     |
|    human_difficulty            | 0.188    |
|    human_safety_cost           | 15.6     |
|    lift_rate                   | 0.14     |
|    minimum_human_distance      | 0.268    |
|    near_misses                 | 0.16     |
|    place_err_mm                | 203      |
|    proximity_steps             | 15.4     |
|    safety_clamped              | 131      |
|    success_rate                | 0.18     |
|    waiting_steps               | 11.9     |
| train/                         |          |
|    actor_loss                  | -2.36    |
|    critic_loss                 | 24.4     |
|    ent_coef                    | 0.0209   |
|    ent_coef_loss               | -0.325   |
|    learning_rate               | 0.0003   |
|    n_updates                   | 376996   |
---------------------------------------------
---------------------------------------------
| rollout/                       |          |
|    collision_free_success_rate | 0.18     |
|    collision_steps             | 0        |
|    completion_time             | 7.35     |
|    ep_len                      | 147      |
|    ep_len_mean                 | 140      |
|    ep_rew_mean                 | 26       |
|    episodes                    | 2879     |
|    grasp_rate                  | 0.54     |
|    human_collision_rate        | 0.06     |
|    human_difficulty            | 0.188    |
|    human_safety_cost           | 16.6     |
|    lift_rate                   | 0.14     |
|    minimum_human_distance      | 0.27     |
|    near_misses                 | 0.18     |
|    place_err_mm                | 208      |
|    proximity_steps             | 17       |
|    safety_clamped              | 135      |
|    success_rate                | 0.18     |
|    waiting_steps               | 13.5     |
| time/                          |          |
|    episodes                    | 2880     |
|    fps                         | 35       |
|    time_elapsed                | 10639    |
|    total_timesteps             | 383016   |
| train/                         |          |
|    actor_loss                  | -4.61    |
|    critic_loss                 | 22       |
|    ent_coef                    | 0.0204   |
|    ent_coef_loss               | -1.26    |
|    learning_rate               | 0.0003   |
|    n_updates                   | 378012   |
---------------------------------------------
---------------------------------------------
| rollout/                       |          |
|    collision_free_success_rate | 0.2      |
|    collision_steps             | 0        |
|    completion_time             | 7.03     |
|    ep_len                      | 141      |
|    ep_len_mean                 | 137      |
|    ep_rew_mean                 | 30.1     |
|    episodes                    | 2889     |
|    grasp_rate                  | 0.56     |
|    human_collision_rate        | 0.06     |
|    human_difficulty            | 0.189    |
|    human_safety_cost           | 16.5     |
|    lift_rate                   | 0.16     |
|    minimum_human_distance      | 0.292    |
|    near_misses                 | 0.18     |
|    place_err_mm                | 213      |
|    proximity_steps             | 15.5     |
|    safety_clamped              | 130      |
|    success_rate                | 0.2      |
|    waiting_steps               | 12.9     |
| time/                          |          |
|    episodes                    | 2890     |
|    fps                         | 36       |
|    time_elapsed                | 10660    |
|    total_timesteps             | 383856   |
| train/                         |          |
|    actor_loss                  | -4.51    |
|    critic_loss                 | 29.4     |
|    ent_coef                    | 0.021    |
|    ent_coef_loss               | -1.27    |
|    learning_rate               | 0.0003   |
|    n_updates                   | 378852   |
---------------------------------------------
---------------------------------------------
| rollout/                       |          |
|    collision_free_success_rate | 0.2      |
|    collision_steps             | 0        |
|    completion_time             | 7.06     |
|    ep_len                      | 141      |
|    episodes                    | 2892     |
|    grasp_rate                  | 0.56     |
|    human_collision_rate        | 0.06     |
|    human_difficulty            | 0.189    |
|    human_safety_cost           | 16.5     |
|    lift_rate                   | 0.18     |
|    minimum_human_distance      | 0.285    |
|    near_misses                 | 0.18     |
|    place_err_mm                | 219      |
|    proximity_steps             | 15.5     |
|    safety_clamped              | 130      |
|    success_rate                | 0.2      |
|    waiting_steps               | 12.9     |
| train/                         |          |
|    actor_loss                  | -3.19    |
|    critic_loss                 | 24.8     |
|    ent_coef                    | 0.0208   |
|    ent_coef_loss               | -0.148   |
|    learning_rate               | 0.0003   |
|    n_updates                   | 378996   |
---------------------------------------------
---------------------------------------------
| rollout/                       |          |
|    collision_free_success_rate | 0.18     |
|    collision_steps             | 0        |
|    completion_time             | 7.09     |
|    ep_len                      | 142      |
|    ep_len_mean                 | 138      |
|    ep_rew_mean                 | 29.8     |
|    episodes                    | 2899     |
|    grasp_rate                  | 0.6      |
|    human_collision_rate        | 0.12     |
|    human_difficulty            | 0.189    |
|    human_safety_cost           | 25       |
|    lift_rate                   | 0.16     |
|    minimum_human_distance      | 0.262    |
|    near_misses                 | 0.26     |
|    place_err_mm                | 215      |
|    proximity_steps             | 18.8     |
|    safety_clamped              | 131      |
|    success_rate                | 0.2      |
|    waiting_steps               | 15.8     |
| time/                          |          |
|    episodes                    | 2900     |
|    fps                         | 36       |
|    time_elapsed                | 10694    |
|    total_timesteps             | 385160   |
| train/                         |          |
|    actor_loss                  | -5.43    |
|    critic_loss                 | 26.7     |
|    ent_coef                    | 0.0209   |
|    ent_coef_loss               | -0.454   |
|    learning_rate               | 0.0003   |
|    n_updates                   | 380156   |
---------------------------------------------
---------------------------------------------
| rollout/                       |          |
|    collision_free_success_rate | 0.14     |
|    collision_steps             | 0.82     |
|    completion_time             | 7.42     |
|    ep_len                      | 148      |
|    episodes                    | 2906     |
|    grasp_rate                  | 0.6      |
|    human_collision_rate        | 0.12     |
|    human_difficulty            | 0.19     |
|    human_safety_cost           | 28.4     |
|    lift_rate                   | 0.12     |
|    minimum_human_distance      | 0.251    |
|    near_misses                 | 0.28     |
|    place_err_mm                | 216      |
|    proximity_steps             | 20.7     |
|    safety_clamped              | 137      |
|    success_rate                | 0.14     |
|    waiting_steps               | 16.3     |
| train/                         |          |
|    actor_loss                  | -1.06    |
|    critic_loss                 | 19.4     |
|    ent_coef                    | 0.0203   |
|    ent_coef_loss               | 0.463    |
|    learning_rate               | 0.0003   |
|    n_updates                   | 380996   |
---------------------------------------------
---------------------------------------------
| rollout/                       |          |
|    collision_free_success_rate | 0.14     |
|    collision_steps             | 0.82     |
|    completion_time             | 7.42     |
|    ep_len                      | 148      |
|    ep_len_mean                 | 139      |
|    ep_rew_mean                 | 27       |
|    episodes                    | 2909     |
|    grasp_rate                  | 0.6      |
|    human_collision_rate        | 0.12     |
|    human_difficulty            | 0.19     |
|    human_safety_cost           | 30.2     |
|    lift_rate                   | 0.12     |
|    minimum_human_distance      | 0.249    |
|    near_misses                 | 0.28     |
|    place_err_mm                | 220      |
|    proximity_steps             | 21.1     |
|    safety_clamped              | 138      |
|    success_rate                | 0.19     |
|    waiting_steps               | 17.7     |
| time/                          |          |
|    episodes                    | 2910     |
|    fps                         | 36       |
|    time_elapsed                | 10725    |
|    total_timesteps             | 386416   |
| train/                         |          |
|    actor_loss                  | -1.9     |
|    critic_loss                 | 26.5     |
|    ent_coef                    | 0.0209   |
|    ent_coef_loss               | -1.1     |
|    learning_rate               | 0.0003   |
|    n_updates                   | 381412   |
---------------------------------------------
---------------------------------------------
| rollout/                       |          |
|    collision_free_success_rate | 0.14     |
|    collision_steps             | 1.02     |
|    completion_time             | 7.01     |
|    ep_len                      | 140      |
|    episodes                    | 2919     |
|    grasp_rate                  | 0.64     |
|    human_collision_rate        | 0.12     |
|    human_difficulty            | 0.191    |
|    human_safety_cost           | 29.4     |
|    lift_rate                   | 0.14     |
|    minimum_human_distance      | 0.234    |
|    near_misses                 | 0.26     |
|    place_err_mm                | 212      |
|    proximity_steps             | 19.5     |
|    safety_clamped              | 129      |
|    success_rate                | 0.14     |
|    waiting_steps               | 16.6     |
| train/                         |          |
|    actor_loss                  | -4.17    |
|    critic_loss                 | 31       |
|    ent_coef                    | 0.0202   |
|    ent_coef_loss               | 0.447    |
|    learning_rate               | 0.0003   |
|    n_updates                   | 382996   |
---------------------------------------------
---------------------------------------------
| rollout/                       |          |
|    collision_free_success_rate | 0.14     |
|    collision_steps             | 1.02     |
|    completion_time             | 7.01     |
|    ep_len                      | 140      |
|    ep_len_mean                 | 141      |
|    ep_rew_mean                 | 21.9     |
|    episodes                    | 2919     |
|    grasp_rate                  | 0.64     |
|    human_collision_rate        | 0.12     |
|    human_difficulty            | 0.191    |
|    human_safety_cost           | 29.4     |
|    lift_rate                   | 0.14     |
|    minimum_human_distance      | 0.234    |
|    near_misses                 | 0.26     |
|    place_err_mm                | 212      |
|    proximity_steps             | 19.5     |
|    safety_clamped              | 129      |
|    success_rate                | 0.16     |
|    waiting_steps               | 16.6     |
| time/                          |          |
|    episodes                    | 2920     |
|    fps                         | 36       |
|    time_elapsed                | 10768    |
|    total_timesteps             | 388068   |
| train/                         |          |
|    actor_loss                  | -2.34    |
|    critic_loss                 | 20.2     |
|    ent_coef                    | 0.0203   |
|    ent_coef_loss               | 0.487    |
|    learning_rate               | 0.0003   |
|    n_updates                   | 383064   |
---------------------------------------------
---------------------------------------------
| rollout/                       |          |
|    collision_free_success_rate | 0.22     |
|    collision_steps             | 1.02     |
|    completion_time             | 6.03     |
|    ep_len                      | 121      |
|    ep_len_mean                 | 133      |
|    ep_rew_mean                 | 35.9     |
|    episodes                    | 2929     |
|    grasp_rate                  | 0.7      |
|    human_collision_rate        | 0.12     |
|    human_difficulty            | 0.192    |
|    human_safety_cost           | 23.2     |
|    lift_rate                   | 0.18     |
|    minimum_human_distance      | 0.271    |
|    near_misses                 | 0.18     |
|    place_err_mm                | 181      |
|    proximity_steps             | 10.9     |
|    safety_clamped              | 110      |
|    success_rate                | 0.2      |
|    waiting_steps               | 8.84     |
| time/                          |          |
|    episodes                    | 2930     |
|    fps                         | 36       |
|    time_elapsed                | 10788    |
|    total_timesteps             | 388864   |
| train/                         |          |
|    actor_loss                  | -1.44    |
|    critic_loss                 | 19.6     |
|    ent_coef                    | 0.0204   |
|    ent_coef_loss               | 0.762    |
|    learning_rate               | 0.0003   |
|    n_updates                   | 383860   |
---------------------------------------------
---------------------------------------------
| rollout/                       |          |
|    collision_free_success_rate | 0.26     |
|    collision_steps             | 1.04     |
|    completion_time             | 6.03     |
|    ep_len                      | 121      |
|    episodes                    | 2939     |
|    grasp_rate                  | 0.72     |
|    human_collision_rate        | 0.12     |
|    human_difficulty            | 0.192    |
|    human_safety_cost           | 24.9     |
|    lift_rate                   | 0.2      |
|    minimum_human_distance      | 0.276    |
|    near_misses                 | 0.2      |
|    place_err_mm                | 169      |
|    proximity_steps             | 12.8     |
|    safety_clamped              | 111      |
|    success_rate                | 0.26     |
|    waiting_steps               | 10.7     |
| train/                         |          |
|    actor_loss                  | -2.3     |
|    critic_loss                 | 22.2     |
|    ent_coef                    | 0.0205   |
|    ent_coef_loss               | -0.935   |
|    learning_rate               | 0.0003   |
|    n_updates                   | 384996   |
---------------------------------------------
---------------------------------------------
| rollout/                       |          |
|    collision_free_success_rate | 0.26     |
|    collision_steps             | 1.04     |
|    completion_time             | 6.03     |
|    ep_len                      | 121      |
|    ep_len_mean                 | 131      |
|    ep_rew_mean                 | 43       |
|    episodes                    | 2939     |
|    grasp_rate                  | 0.72     |
|    human_collision_rate        | 0.12     |
|    human_difficulty            | 0.192    |
|    human_safety_cost           | 24.9     |
|    lift_rate                   | 0.2      |
|    minimum_human_distance      | 0.276    |
|    near_misses                 | 0.2      |
|    place_err_mm                | 169      |
|    proximity_steps             | 12.8     |
|    safety_clamped              | 111      |
|    success_rate                | 0.23     |
|    waiting_steps               | 10.7     |
| time/                          |          |
|    episodes                    | 2940     |
|    fps                         | 36       |
|    time_elapsed                | 10817    |
|    total_timesteps             | 390012   |
| train/                         |          |
|    actor_loss                  | -2.54    |
|    critic_loss                 | 22.8     |
|    ent_coef                    | 0.0205   |
|    ent_coef_loss               | -0.993   |
|    learning_rate               | 0.0003   |
|    n_updates                   | 385008   |
---------------------------------------------
---------------------------------------------
| rollout/                       |          |
|    collision_free_success_rate | 0.28     |
|    collision_steps             | 1.04     |
|    completion_time             | 5.98     |
|    ep_len                      | 120      |
|    ep_len_mean                 | 129      |
|    ep_rew_mean                 | 46       |
|    episodes                    | 2949     |
|    grasp_rate                  | 0.72     |
|    human_collision_rate        | 0.06     |
|    human_difficulty            | 0.193    |
|    human_safety_cost           | 16.7     |
|    lift_rate                   | 0.18     |
|    minimum_human_distance      | 0.312    |
|    near_misses                 | 0.14     |
|    place_err_mm                | 174      |
|    proximity_steps             | 10.3     |
|    safety_clamped              | 110      |
|    success_rate                | 0.24     |
|    waiting_steps               | 8.66     |
| time/                          |          |
|    episodes                    | 2950     |
|    fps                         | 36       |
|    time_elapsed                | 10839    |
|    total_timesteps             | 390912   |
| train/                         |          |
|    actor_loss                  | -1.56    |
|    critic_loss                 | 24.8     |
|    ent_coef                    | 0.021    |
|    ent_coef_loss               | 0.804    |
|    learning_rate               | 0.0003   |
|    n_updates                   | 385908   |
---------------------------------------------
---------------------------------------------
| rollout/                       |          |
|    collision_free_success_rate | 0.34     |
|    collision_steps             | 0.24     |
|    completion_time             | 5.68     |
|    ep_len                      | 114      |
|    episodes                    | 2958     |
|    grasp_rate                  | 0.68     |
|    human_collision_rate        | 0.06     |
|    human_difficulty            | 0.193    |
|    human_safety_cost           | 13       |
|    lift_rate                   | 0.24     |
|    minimum_human_distance      | 0.315    |
|    near_misses                 | 0.14     |
|    place_err_mm                | 173      |
|    proximity_steps             | 9.16     |
|    safety_clamped              | 105      |
|    success_rate                | 0.34     |
|    waiting_steps               | 9.04     |
| train/                         |          |
|    actor_loss                  | 0.138    |
|    critic_loss                 | 22.7     |
|    ent_coef                    | 0.02     |
|    ent_coef_loss               | -0.207   |
|    learning_rate               | 0.0003   |
|    n_updates                   | 386996   |
---------------------------------------------
---------------------------------------------
| rollout/                       |          |
|    collision_free_success_rate | 0.36     |
|    collision_steps             | 0.24     |
|    completion_time             | 5.64     |
|    ep_len                      | 113      |
|    ep_len_mean                 | 132      |
|    ep_rew_mean                 | 44.1     |
|    episodes                    | 2959     |
|    grasp_rate                  | 0.68     |
|    human_collision_rate        | 0.06     |
|    human_difficulty            | 0.194    |
|    human_safety_cost           | 13       |
|    lift_rate                   | 0.24     |
|    minimum_human_distance      | 0.316    |
|    near_misses                 | 0.14     |
|    place_err_mm                | 172      |
|    proximity_steps             | 9.16     |
|    safety_clamped              | 104      |
|    success_rate                | 0.24     |
|    waiting_steps               | 9.04     |
| time/                          |          |
|    episodes                    | 2960     |
|    fps                         | 36       |
|    time_elapsed                | 10876    |
|    total_timesteps             | 392384   |
| train/                         |          |
|    actor_loss                  | -2       |
|    critic_loss                 | 28.5     |
|    ent_coef                    | 0.02     |
|    ent_coef_loss               | -0.0168  |
|    learning_rate               | 0.0003   |
|    n_updates                   | 387380   |
---------------------------------------------
---------------------------------------------
| rollout/                       |          |
|    collision_free_success_rate | 0.4      |
|    collision_steps             | 0.04     |
|    completion_time             | 5.53     |
|    ep_len                      | 111      |
|    ep_len_mean                 | 125      |
|    ep_rew_mean                 | 55       |
|    episodes                    | 2969     |
|    grasp_rate                  | 0.68     |
|    human_collision_rate        | 0.04     |
|    human_difficulty            | 0.194    |
|    human_safety_cost           | 10.2     |
|    lift_rate                   | 0.28     |
|    minimum_human_distance      | 0.339    |
|    near_misses                 | 0.16     |
|    place_err_mm                | 175      |
|    proximity_steps             | 8.16     |
|    safety_clamped              | 101      |
|    success_rate                | 0.27     |
|    waiting_steps               | 7.54     |
| time/                          |          |
|    episodes                    | 2970     |
|    fps                         | 36       |
|    time_elapsed                | 10906    |
|    total_timesteps             | 393556   |
| train/                         |          |
|    actor_loss                  | -0.923   |
|    critic_loss                 | 21.7     |
|    ent_coef                    | 0.0192   |
|    ent_coef_loss               | -0.691   |
|    learning_rate               | 0.0003   |
|    n_updates                   | 388552   |
---------------------------------------------
---------------------------------------------
| rollout/                       |          |
|    collision_free_success_rate | 0.42     |
|    collision_steps             | 0.04     |
|    completion_time             | 5.43     |
|    ep_len                      | 109      |
|    episodes                    | 2973     |
|    grasp_rate                  | 0.72     |
|    human_collision_rate        | 0.02     |
|    human_difficulty            | 0.194    |
|    human_safety_cost           | 7.82     |
|    lift_rate                   | 0.3      |
|    minimum_human_distance      | 0.338    |
|    near_misses                 | 0.14     |
|    place_err_mm                | 173      |
|    proximity_steps             | 8.92     |
|    safety_clamped              | 99.7     |
|    success_rate                | 0.42     |
|    waiting_steps               | 8.3      |
| train/                         |          |
|    actor_loss                  | -2.92    |
|    critic_loss                 | 18.6     |
|    ent_coef                    | 0.0198   |
|    ent_coef_loss               | 0.479    |
|    learning_rate               | 0.0003   |
|    n_updates                   | 388996   |
---------------------------------------------
---------------------------------------------
| rollout/                       |          |
|    collision_free_success_rate | 0.36     |
|    collision_steps             | 1.74     |
|    completion_time             | 5.96     |
|    ep_len                      | 119      |
|    ep_len_mean                 | 119      |
|    ep_rew_mean                 | 64.8     |
|    episodes                    | 2979     |
|    grasp_rate                  | 0.7      |
|    human_collision_rate        | 0.04     |
|    human_difficulty            | 0.195    |
|    human_safety_cost           | 10.6     |
|    lift_rate                   | 0.26     |
|    minimum_human_distance      | 0.327    |
|    near_misses                 | 0.16     |
|    place_err_mm                | 192      |
|    proximity_steps             | 9.98     |
|    safety_clamped              | 110      |
|    success_rate                | 0.3      |
|    waiting_steps               | 9.36     |
| time/                          |          |
|    episodes                    | 2980     |
|    fps                         | 36       |
|    time_elapsed                | 10937    |
|    total_timesteps             | 394780   |
| train/                         |          |
|    actor_loss                  | -1.8     |
|    critic_loss                 | 29.5     |
|    ent_coef                    | 0.0207   |
|    ent_coef_loss               | -0.246   |
|    learning_rate               | 0.0003   |
|    n_updates                   | 389776   |
---------------------------------------------
---------------------------------------------
| rollout/                       |          |
|    collision_free_success_rate | 0.3      |
|    collision_steps             | 4        |
|    completion_time             | 6.58     |
|    ep_len                      | 132      |
|    episodes                    | 2986     |
|    grasp_rate                  | 0.66     |
|    human_collision_rate        | 0.04     |
|    human_difficulty            | 0.195    |
|    human_safety_cost           | 10.6     |
|    lift_rate                   | 0.22     |
|    minimum_human_distance      | 0.316    |
|    near_misses                 | 0.16     |
|    place_err_mm                | 213      |
|    proximity_steps             | 9.98     |
|    safety_clamped              | 121      |
|    success_rate                | 0.3      |
|    waiting_steps               | 9.36     |
| train/                         |          |
|    actor_loss                  | -2.86    |
|    critic_loss                 | 23.3     |
|    ent_coef                    | 0.0201   |
|    ent_coef_loss               | -0.722   |
|    learning_rate               | 0.0003   |
|    n_updates                   | 390996   |
---------------------------------------------
---------------------------------------------
| rollout/                       |          |
|    collision_free_success_rate | 0.3      |
|    collision_steps             | 4.02     |
|    completion_time             | 6.51     |
|    ep_len                      | 130      |
|    ep_len_mean                 | 126      |
|    ep_rew_mean                 | 55.6     |
|    episodes                    | 2989     |
|    grasp_rate                  | 0.66     |
|    human_collision_rate        | 0.04     |
|    human_difficulty            | 0.195    |
|    human_safety_cost           | 9.29     |
|    lift_rate                   | 0.22     |
|    minimum_human_distance      | 0.318    |
|    near_misses                 | 0.16     |
|    place_err_mm                | 213      |
|    proximity_steps             | 9.46     |
|    safety_clamped              | 120      |
|    success_rate                | 0.27     |
|    waiting_steps               | 8.14     |
| time/                          |          |
|    episodes                    | 2990     |
|    fps                         | 36       |
|    time_elapsed                | 10980    |
|    total_timesteps             | 396516   |
| train/                         |          |
|    actor_loss                  | -3.93    |
|    critic_loss                 | 33.3     |
|    ent_coef                    | 0.0199   |
|    ent_coef_loss               | 1.39     |
|    learning_rate               | 0.0003   |
|    n_updates                   | 391512   |
---------------------------------------------
---------------------------------------------
| rollout/                       |          |
|    collision_free_success_rate | 0.28     |
|    collision_steps             | 4.02     |
|    completion_time             | 6.45     |
|    ep_len                      | 129      |
|    ep_len_mean                 | 123      |
|    ep_rew_mean                 | 61.4     |
|    episodes                    | 2999     |
|    grasp_rate                  | 0.66     |
|    human_collision_rate        | 0.08     |
|    human_difficulty            | 0.196    |
|    human_safety_cost           | 15.1     |
|    lift_rate                   | 0.22     |
|    minimum_human_distance      | 0.294    |
|    near_misses                 | 0.2      |
|    place_err_mm                | 216      |
|    proximity_steps             | 10.9     |
|    safety_clamped              | 118      |
|    success_rate                | 0.29     |
|    waiting_steps               | 9.42     |
| time/                          |          |
|    episodes                    | 3000     |
|    fps                         | 36       |
|    time_elapsed                | 11006    |
|    total_timesteps             | 397544   |
| train/                         |          |
|    actor_loss                  | -2.71    |
|    critic_loss                 | 33.6     |
|    ent_coef                    | 0.0209   |
|    ent_coef_loss               | -0.137   |
|    learning_rate               | 0.0003   |
|    n_updates                   | 392540   |
---------------------------------------------
---------------------------------------------
| rollout/                       |          |
|    collision_free_success_rate | 0.3      |
|    collision_steps             | 4        |
|    completion_time             | 6.3      |
|    ep_len                      | 126      |
|    episodes                    | 3005     |
|    grasp_rate                  | 0.68     |
|    human_collision_rate        | 0.06     |
|    human_difficulty            | 0.196    |
|    human_safety_cost           | 12       |
|    lift_rate                   | 0.24     |
|    minimum_human_distance      | 0.299    |
|    near_misses                 | 0.18     |
|    place_err_mm                | 222      |
|    proximity_steps             | 9.78     |
|    safety_clamped              | 115      |
|    success_rate                | 0.3      |
|    waiting_steps               | 8.28     |
| train/                         |          |
|    actor_loss                  | -3.01    |
|    critic_loss                 | 19.5     |
|    ent_coef                    | 0.021    |
|    ent_coef_loss               | 0.769    |
|    learning_rate               | 0.0003   |
|    n_updates                   | 392996   |
---------------------------------------------
---------------------------------------------
| rollout/                       |          |
|    collision_free_success_rate | 0.3      |
|    collision_steps             | 4        |
|    completion_time             | 6.24     |
|    ep_len                      | 125      |
|    ep_len_mean                 | 120      |
|    ep_rew_mean                 | 68.9     |
|    episodes                    | 3009     |
|    grasp_rate                  | 0.7      |
|    human_collision_rate        | 0.06     |
|    human_difficulty            | 0.196    |
|    human_safety_cost           | 11       |
|    lift_rate                   | 0.28     |
|    minimum_human_distance      | 0.301    |
|    near_misses                 | 0.16     |
|    place_err_mm                | 208      |
|    proximity_steps             | 8.38     |
|    safety_clamped              | 114      |
|    success_rate                | 0.32     |
|    waiting_steps               | 6.88     |
| time/                          |          |
|    episodes                    | 3010     |
|    fps                         | 36       |
|    time_elapsed                | 11033    |
|    total_timesteps             | 398612   |
| train/                         |          |
|    actor_loss                  | -2.85    |
|    critic_loss                 | 23.9     |
|    ent_coef                    | 0.0214   |
|    ent_coef_loss               | -0.894   |
|    learning_rate               | 0.0003   |
|    n_updates                   | 393608   |
---------------------------------------------
---------------------------------------------
| rollout/                       |          |
|    collision_free_success_rate | 0.32     |
|    collision_steps             | 4.02     |
|    completion_time             | 6.08     |
|    ep_len                      | 122      |
|    ep_len_mean                 | 116      |
|    ep_rew_mean                 | 75.3     |
|    episodes                    | 3019     |
|    grasp_rate                  | 0.66     |
|    human_collision_rate        | 0.1      |
|    human_difficulty            | 0.197    |
|    human_safety_cost           | 16.4     |
|    lift_rate                   | 0.28     |
|    minimum_human_distance      | 0.299    |
|    near_misses                 | 0.14     |
|    place_err_mm                | 200      |
|    proximity_steps             | 9.18     |
|    safety_clamped              | 111      |
|    success_rate                | 0.36     |
|    waiting_steps               | 8.26     |
| time/                          |          |
|    episodes                    | 3020     |
|    fps                         | 36       |
|    time_elapsed                | 11060    |
|    total_timesteps             | 399672   |
| train/                         |          |
|    actor_loss                  | -3.9     |
|    critic_loss                 | 25.4     |
|    ent_coef                    | 0.0201   |
|    ent_coef_loss               | 0.0344   |
|    learning_rate               | 0.0003   |
|    n_updates                   | 394668   |
---------------------------------------------
---------------------------------------------
| rollout/                       |          |
|    collision_free_success_rate | 0.32     |
|    collision_steps             | 4.02     |
|    completion_time             | 6.25     |
|    ep_len                      | 125      |
|    episodes                    | 3021     |
|    grasp_rate                  | 0.66     |
|    human_collision_rate        | 0.12     |
|    human_difficulty            | 0.197    |
|    human_safety_cost           | 20.9     |
|    lift_rate                   | 0.3      |
|    minimum_human_distance      | 0.291    |
|    near_misses                 | 0.16     |
|    place_err_mm                | 194      |
|    proximity_steps             | 10.3     |
|    safety_clamped              | 114      |
|    success_rate                | 0.32     |
|    waiting_steps               | 9.34     |
| train/                         |          |
|    actor_loss                  | -1.36    |
|    critic_loss                 | 20.9     |
|    ent_coef                    | 0.0205   |
|    ent_coef_loss               | 0.809    |
|    learning_rate               | 0.0003   |
|    n_updates                   | 394996   |
---------------------------------------------
Eval num_timesteps=400000, episode_reward=-2.96 +/- 9.30
Episode length: 200.00 +/- 0.00
Success rate: 0.00%
---------------------------------
| eval/              |          |
|    mean_ep_length  | 200      |
|    mean_reward     | -2.96    |
|    success_rate    | 0        |
| time/              |          |
|    total_timesteps | 400000   |
---------------------------------
---------------------------------------------
| rollout/                       |          |
|    collision_free_success_rate | 0.34     |
|    collision_steps             | 2.34     |
|    completion_time             | 6.08     |
|    ep_len                      | 122      |
|    ep_len_mean                 | 121      |
|    ep_rew_mean                 | 70.3     |
|    episodes                    | 3029     |
|    grasp_rate                  | 0.66     |
|    human_collision_rate        | 0.14     |
|    human_difficulty            | 0.198    |
|    human_safety_cost           | 23.4     |
|    lift_rate                   | 0.28     |
|    minimum_human_distance      | 0.294    |
|    near_misses                 | 0.18     |
|    place_err_mm                | 190      |
|    proximity_steps             | 9.14     |
|    safety_clamped              | 110      |
|    success_rate                | 0.35     |
|    waiting_steps               | 8.06     |
| time/                          |          |
|    episodes                    | 3030     |
|    fps                         | 35       |
|    time_elapsed                | 11144    |
|    total_timesteps             | 401152   |
| train/                         |          |
|    actor_loss                  | -3       |
|    critic_loss                 | 19.2     |
|    ent_coef                    | 0.0222   |
|    ent_coef_loss               | 0.339    |
|    learning_rate               | 0.0003   |
|    n_updates                   | 396148   |
---------------------------------------------
---------------------------------------------
| rollout/                       |          |
|    collision_free_success_rate | 0.34     |
|    collision_steps             | 0.06     |
|    completion_time             | 5.96     |
|    ep_len                      | 119      |
|    episodes                    | 3035     |
|    grasp_rate                  | 0.66     |
|    human_collision_rate        | 0.14     |
|    human_difficulty            | 0.198    |
|    human_safety_cost           | 24.5     |
|    lift_rate                   | 0.28     |
|    minimum_human_distance      | 0.28     |
|    near_misses                 | 0.2      |
|    place_err_mm                | 176      |
|    proximity_steps             | 10.6     |
|    safety_clamped              | 107      |
|    success_rate                | 0.34     |
|    waiting_steps               | 9.26     |
| train/                         |          |
|    actor_loss                  | -1.71    |
|    critic_loss                 | 42.3     |
|    ent_coef                    | 0.0211   |
|    ent_coef_loss               | -0.594   |
|    learning_rate               | 0.0003   |
|    n_updates                   | 396996   |
---------------------------------------------
---------------------------------------------
| rollout/                       |          |
|    collision_free_success_rate | 0.34     |
|    collision_steps             | 0.04     |
|    completion_time             | 6.05     |
|    ep_len                      | 121      |
|    ep_len_mean                 | 126      |
|    ep_rew_mean                 | 60.9     |
|    episodes                    | 3039     |
|    grasp_rate                  | 0.62     |
|    human_collision_rate        | 0.16     |
|    human_difficulty            | 0.198    |
|    human_safety_cost           | 26.6     |
|    lift_rate                   | 0.28     |
|    minimum_human_distance      | 0.28     |
|    near_misses                 | 0.2      |
|    place_err_mm                | 180      |
|    proximity_steps             | 10.4     |
|    safety_clamped              | 109      |
|    success_rate                | 0.32     |
|    waiting_steps               | 9.34     |
| time/                          |          |
|    episodes                    | 3040     |
|    fps                         | 36       |
|    time_elapsed                | 11174    |
|    total_timesteps             | 402328   |
| train/                         |          |
|    actor_loss                  | -2.15    |
|    critic_loss                 | 27.8     |
|    ent_coef                    | 0.021    |
|    ent_coef_loss               | 1.01     |
|    learning_rate               | 0.0003   |
|    n_updates                   | 397324   |
---------------------------------------------
---------------------------------------------
| rollout/                       |          |
|    collision_free_success_rate | 0.34     |
|    collision_steps             | 0.04     |
|    completion_time             | 6.1      |
|    ep_len                      | 122      |
|    ep_len_mean                 | 126      |
|    ep_rew_mean                 | 54.1     |
|    episodes                    | 3049     |
|    grasp_rate                  | 0.6      |
|    human_collision_rate        | 0.16     |
|    human_difficulty            | 0.199    |
|    human_safety_cost           | 27.1     |
|    lift_rate                   | 0.28     |
|    minimum_human_distance      | 0.282    |
|    near_misses                 | 0.2      |
|    place_err_mm                | 184      |
|    proximity_steps             | 11.1     |
|    safety_clamped              | 111      |
|    success_rate                | 0.3      |
|    waiting_steps               | 9.74     |
| time/                          |          |
|    episodes                    | 3050     |
|    fps                         | 36       |
|    time_elapsed                | 11213    |
|    total_timesteps             | 403824   |
| train/                         |          |
|    actor_loss                  | -2.47    |
|    critic_loss                 | 25.8     |
|    ent_coef                    | 0.0211   |
|    ent_coef_loss               | 1.21     |
|    learning_rate               | 0.0003   |
|    n_updates                   | 398820   |
---------------------------------------------
---------------------------------------------
| rollout/                       |          |
|    collision_free_success_rate | 0.32     |
|    collision_steps             | 0.04     |
|    completion_time             | 6.16     |
|    ep_len                      | 123      |
|    episodes                    | 3050     |
|    grasp_rate                  | 0.6      |
|    human_collision_rate        | 0.16     |
|    human_difficulty            | 0.199    |
|    human_safety_cost           | 27.1     |
|    lift_rate                   | 0.26     |
|    minimum_human_distance      | 0.282    |
|    near_misses                 | 0.2      |
|    place_err_mm                | 185      |
|    proximity_steps             | 11.1     |
|    safety_clamped              | 112      |
|    success_rate                | 0.32     |
|    waiting_steps               | 9.74     |
| train/                         |          |
|    actor_loss                  | -1.14    |
|    critic_loss                 | 22.2     |
|    ent_coef                    | 0.0213   |
|    ent_coef_loss               | -0.498   |
|    learning_rate               | 0.0003   |
|    n_updates                   | 398996   |
---------------------------------------------
---------------------------------------------
| rollout/                       |          |
|    collision_free_success_rate | 0.26     |
|    collision_steps             | 0.38     |
|    completion_time             | 6.68     |
|    ep_len                      | 134      |
|    ep_len_mean                 | 129      |
|    ep_rew_mean                 | 50.8     |
|    episodes                    | 3059     |
|    grasp_rate                  | 0.54     |
|    human_collision_rate        | 0.16     |
|    human_difficulty            | 0.199    |
|    human_safety_cost           | 27.3     |
|    lift_rate                   | 0.16     |
|    minimum_human_distance      | 0.283    |
|    near_misses                 | 0.2      |
|    place_err_mm                | 201      |
|    proximity_steps             | 12.3     |
|    safety_clamped              | 122      |
|    success_rate                | 0.28     |
|    waiting_steps               | 11       |
| time/                          |          |
|    episodes                    | 3060     |
|    fps                         | 36       |
|    time_elapsed                | 11250    |
|    total_timesteps             | 405104   |
| train/                         |          |
|    actor_loss                  | -2.89    |
|    critic_loss                 | 29.4     |
|    ent_coef                    | 0.0216   |
|    ent_coef_loss               | -0.168   |
|    learning_rate               | 0.0003   |
|    n_updates                   | 400100   |
---------------------------------------------
---------------------------------------------
| rollout/                       |          |
|    collision_free_success_rate | 0.28     |
|    collision_steps             | 0.38     |
|    completion_time             | 6.49     |
|    ep_len                      | 130      |
|    episodes                    | 3069     |
|    grasp_rate                  | 0.6      |
|    human_collision_rate        | 0.12     |
|    human_difficulty            | 0.2      |
|    human_safety_cost           | 23.5     |
|    lift_rate                   | 0.18     |
|    minimum_human_distance      | 0.288    |
|    near_misses                 | 0.2      |
|    place_err_mm                | 188      |
|    proximity_steps             | 11.9     |
|    safety_clamped              | 119      |
|    success_rate                | 0.28     |
|    waiting_steps               | 10.2     |
| train/                         |          |
|    actor_loss                  | -3.95    |
|    critic_loss                 | 28.3     |
|    ent_coef                    | 0.0215   |
|    ent_coef_loss               | 0.584    |
|    learning_rate               | 0.0003   |
|    n_updates                   | 400996   |
---------------------------------------------
---------------------------------------------
| rollout/                       |          |
|    collision_free_success_rate | 0.28     |
|    collision_steps             | 0.38     |
|    completion_time             | 6.49     |
|    ep_len                      | 130      |
|    ep_len_mean                 | 126      |
|    ep_rew_mean                 | 55.2     |
|    episodes                    | 3069     |
|    grasp_rate                  | 0.6      |
|    human_collision_rate        | 0.12     |
|    human_difficulty            | 0.2      |
|    human_safety_cost           | 23.5     |
|    lift_rate                   | 0.18     |
|    minimum_human_distance      | 0.288    |
|    near_misses                 | 0.2      |
|    place_err_mm                | 188      |
|    proximity_steps             | 11.9     |
|    safety_clamped              | 119      |
|    success_rate                | 0.3      |
|    waiting_steps               | 10.2     |
| time/                          |          |
|    episodes                    | 3070     |
|    fps                         | 35       |
|    time_elapsed                | 11293    |
|    total_timesteps             | 406300   |
| train/                         |          |
|    actor_loss                  | -1.37    |
|    critic_loss                 | 40.1     |
|    ent_coef                    | 0.0219   |
|    ent_coef_loss               | 0.326    |
|    learning_rate               | 0.0003   |
|    n_updates                   | 401296   |
---------------------------------------------
---------------------------------------------
| rollout/                       |          |
|    collision_free_success_rate | 0.3      |
|    collision_steps             | 0.8      |
|    completion_time             | 6.12     |
|    ep_len                      | 122      |
|    ep_len_mean                 | 123      |
|    ep_rew_mean                 | 58.7     |
|    episodes                    | 3079     |
|    grasp_rate                  | 0.64     |
|    human_collision_rate        | 0.06     |
|    human_difficulty            | 0.201    |
|    human_safety_cost           | 16.6     |
|    lift_rate                   | 0.22     |
|    minimum_human_distance      | 0.31     |
|    near_misses                 | 0.16     |
|    place_err_mm                | 187      |
|    proximity_steps             | 11       |
|    safety_clamped              | 112      |
|    success_rate                | 0.31     |
|    waiting_steps               | 9.18     |
| time/                          |          |
|    episodes                    | 3080     |
|    fps                         | 35       |
|    time_elapsed                | 11314    |
|    total_timesteps             | 406984   |
| train/                         |          |
|    actor_loss                  | -1.73    |
|    critic_loss                 | 55.7     |
|    ent_coef                    | 0.0215   |
|    ent_coef_loss               | -0.516   |
|    learning_rate               | 0.0003   |
|    n_updates                   | 401980   |
---------------------------------------------
---------------------------------------------
| rollout/                       |          |
|    collision_free_success_rate | 0.28     |
|    collision_steps             | 1.68     |
|    completion_time             | 5.66     |
|    ep_len                      | 113      |
|    episodes                    | 3089     |
|    grasp_rate                  | 0.72     |
|    human_collision_rate        | 0.04     |
|    human_difficulty            | 0.202    |
|    human_safety_cost           | 12.9     |
|    lift_rate                   | 0.18     |
|    minimum_human_distance      | 0.325    |
|    near_misses                 | 0.12     |
|    place_err_mm                | 195      |
|    proximity_steps             | 8.38     |
|    safety_clamped              | 104      |
|    success_rate                | 0.28     |
|    waiting_steps               | 7.28     |
| train/                         |          |
|    actor_loss                  | -3.14    |
|    critic_loss                 | 25.3     |
|    ent_coef                    | 0.0213   |
|    ent_coef_loss               | -0.444   |
|    learning_rate               | 0.0003   |
|    n_updates                   | 402996   |
---------------------------------------------
---------------------------------------------
| rollout/                       |          |
|    collision_free_success_rate | 0.28     |
|    collision_steps             | 1.68     |
|    completion_time             | 5.66     |
|    ep_len                      | 113      |
|    ep_len_mean                 | 116      |
|    ep_rew_mean                 | 62.6     |
|    episodes                    | 3089     |
|    grasp_rate                  | 0.72     |
|    human_collision_rate        | 0.04     |
|    human_difficulty            | 0.202    |
|    human_safety_cost           | 12.9     |
|    lift_rate                   | 0.18     |
|    minimum_human_distance      | 0.325    |
|    near_misses                 | 0.12     |
|    place_err_mm                | 195      |
|    proximity_steps             | 8.38     |
|    safety_clamped              | 104      |
|    success_rate                | 0.32     |
|    waiting_steps               | 7.28     |
| time/                          |          |
|    episodes                    | 3090     |
|    fps                         | 35       |
|    time_elapsed                | 11343    |
|    total_timesteps             | 408048   |
| train/                         |          |
|    actor_loss                  | -4       |
|    critic_loss                 | 42.9     |
|    ent_coef                    | 0.0214   |
|    ent_coef_loss               | 0.269    |
|    learning_rate               | 0.0003   |
|    n_updates                   | 403044   |
---------------------------------------------
---------------------------------------------
| rollout/                       |          |
|    collision_free_success_rate | 0.26     |
|    collision_steps             | 1.82     |
|    completion_time             | 5.71     |
|    ep_len                      | 114      |
|    ep_len_mean                 | 119      |
|    ep_rew_mean                 | 62.6     |
|    episodes                    | 3099     |
|    grasp_rate                  | 0.76     |
|    human_collision_rate        | 0        |
|    human_difficulty            | 0.202    |
|    human_safety_cost           | 8.74     |
|    lift_rate                   | 0.2      |
|    minimum_human_distance      | 0.323    |
|    near_misses                 | 0.08     |
|    place_err_mm                | 180      |
|    proximity_steps             | 8.56     |
|    safety_clamped              | 105      |
|    success_rate                | 0.3      |
|    waiting_steps               | 7.52     |
| time/                          |          |
|    episodes                    | 3100     |
|    fps                         | 35       |
|    time_elapsed                | 11380    |
|    total_timesteps             | 409344   |
| train/                         |          |
|    actor_loss                  | -0.137   |
|    critic_loss                 | 33.5     |
|    ent_coef                    | 0.0225   |
|    ent_coef_loss               | 0.952    |
|    learning_rate               | 0.0003   |
|    n_updates                   | 404340   |
---------------------------------------------
---------------------------------------------
| rollout/                       |          |
|    collision_free_success_rate | 0.3      |
|    collision_steps             | 1.48     |
|    completion_time             | 5.55     |
|    ep_len                      | 111      |
|    episodes                    | 3103     |
|    grasp_rate                  | 0.76     |
|    human_collision_rate        | 0.02     |
|    human_difficulty            | 0.202    |
|    human_safety_cost           | 11       |
|    lift_rate                   | 0.2      |
|    minimum_human_distance      | 0.318    |
|    near_misses                 | 0.1      |
|    place_err_mm                | 169      |
|    proximity_steps             | 9        |
|    safety_clamped              | 102      |
|    success_rate                | 0.3      |
|    waiting_steps               | 7.96     |
| train/                         |          |
|    actor_loss                  | -3.77    |
|    critic_loss                 | 25.8     |
|    ent_coef                    | 0.0224   |
|    ent_coef_loss               | 1.56     |
|    learning_rate               | 0.0003   |
|    n_updates                   | 404996   |
---------------------------------------------
---------------------------------------------
| rollout/                       |          |
|    collision_free_success_rate | 0.3      |
|    collision_steps             | 1.48     |
|    completion_time             | 5.73     |
|    ep_len                      | 115      |
|    ep_len_mean                 | 123      |
|    ep_rew_mean                 | 50.7     |
|    episodes                    | 3109     |
|    grasp_rate                  | 0.74     |
|    human_collision_rate        | 0.04     |
|    human_difficulty            | 0.203    |
|    human_safety_cost           | 13       |
|    lift_rate                   | 0.22     |
|    minimum_human_distance      | 0.305    |
|    near_misses                 | 0.12     |
|    place_err_mm                | 182      |
|    proximity_steps             | 8.34     |
|    safety_clamped              | 105      |
|    success_rate                | 0.28     |
|    waiting_steps               | 7.3      |
| time/                          |          |
|    episodes                    | 3110     |
|    fps                         | 35       |
|    time_elapsed                | 11426    |
|    total_timesteps             | 411012   |
| train/                         |          |
|    actor_loss                  | -3.89    |
|    critic_loss                 | 30.3     |
|    ent_coef                    | 0.0223   |
|    ent_coef_loss               | 0.26     |
|    learning_rate               | 0.0003   |
|    n_updates                   | 406008   |
---------------------------------------------
---------------------------------------------
| rollout/                       |          |
|    collision_free_success_rate | 0.24     |
|    collision_steps             | 1.46     |
|    completion_time             | 5.99     |
|    ep_len                      | 120      |
|    ep_len_mean                 | 123      |
|    ep_rew_mean                 | 51.9     |
|    episodes                    | 3119     |
|    grasp_rate                  | 0.72     |
|    human_collision_rate        | 0.06     |
|    human_difficulty            | 0.203    |
|    human_safety_cost           | 13       |
|    lift_rate                   | 0.14     |
|    minimum_human_distance      | 0.298    |
|    near_misses                 | 0.12     |
|    place_err_mm                | 200      |
|    proximity_steps             | 7.68     |
|    safety_clamped              | 110      |
|    success_rate                | 0.27     |
|    waiting_steps               | 6.42     |
| time/                          |          |
|    episodes                    | 3120     |
|    fps                         | 35       |
|    time_elapsed                | 11451    |
|    total_timesteps             | 411916   |
| train/                         |          |
|    actor_loss                  | -0.285   |
|    critic_loss                 | 49.7     |
|    ent_coef                    | 0.0221   |
|    ent_coef_loss               | -0.297   |
|    learning_rate               | 0.0003   |
|    n_updates                   | 406912   |
---------------------------------------------
---------------------------------------------
| rollout/                       |          |
|    collision_free_success_rate | 0.3      |
|    collision_steps             | 1.38     |
|    completion_time             | 5.58     |
|    ep_len                      | 112      |
|    episodes                    | 3122     |
|    grasp_rate                  | 0.72     |
|    human_collision_rate        | 0.06     |
|    human_difficulty            | 0.203    |
|    human_safety_cost           | 13       |
|    lift_rate                   | 0.18     |
|    minimum_human_distance      | 0.293    |
|    near_misses                 | 0.12     |
|    place_err_mm                | 185      |
|    proximity_steps             | 7.68     |
|    safety_clamped              | 102      |
|    success_rate                | 0.3      |
|    waiting_steps               | 6.42     |
| train/                         |          |
|    actor_loss                  | -2.64    |
|    critic_loss                 | 30.3     |
|    ent_coef                    | 0.0223   |
|    ent_coef_loss               | 1.56     |
|    learning_rate               | 0.0003   |
|    n_updates                   | 406996   |
---------------------------------------------
---------------------------------------------
| rollout/                       |          |
|    collision_free_success_rate | 0.28     |
|    collision_steps             | 1.02     |
|    completion_time             | 5.58     |
|    ep_len                      | 112      |
|    ep_len_mean                 | 117      |
|    ep_rew_mean                 | 60.6     |
|    episodes                    | 3129     |
|    grasp_rate                  | 0.74     |
|    human_collision_rate        | 0.06     |
|    human_difficulty            | 0.204    |
|    human_safety_cost           | 9.86     |
|    lift_rate                   | 0.18     |
|    minimum_human_distance      | 0.29     |
|    near_misses                 | 0.1      |
|    place_err_mm                | 189      |
|    proximity_steps             | 6.32     |
|    safety_clamped              | 102      |
|    success_rate                | 0.29     |
|    waiting_steps               | 5.24     |
| time/                          |          |
|    episodes                    | 3130     |
|    fps                         | 35       |
|    time_elapsed                | 11473    |
|    total_timesteps             | 412716   |
| train/                         |          |
|    actor_loss                  | -1.62    |
|    critic_loss                 | 22.2     |
|    ent_coef                    | 0.0224   |
|    ent_coef_loss               | -1.05    |
|    learning_rate               | 0.0003   |
|    n_updates                   | 407712   |
---------------------------------------------
---------------------------------------------
| rollout/                       |          |
|    collision_free_success_rate | 0.28     |
|    collision_steps             | 0.18     |
|    completion_time             | 6.04     |
|    ep_len                      | 121      |
|    episodes                    | 3138     |
|    grasp_rate                  | 0.66     |
|    human_collision_rate        | 0.12     |
|    human_difficulty            | 0.204    |
|    human_safety_cost           | 17.5     |
|    lift_rate                   | 0.18     |
|    minimum_human_distance      | 0.257    |
|    near_misses                 | 0.18     |
|    place_err_mm                | 195      |
|    proximity_steps             | 9.3      |
|    safety_clamped              | 110      |
|    success_rate                | 0.28     |
|    waiting_steps               | 7.7      |
| train/                         |          |
|    actor_loss                  | -1.95    |
|    critic_loss                 | 23.1     |
|    ent_coef                    | 0.0221   |
|    ent_coef_loss               | 0.444    |
|    learning_rate               | 0.0003   |
|    n_updates                   | 408996   |
---------------------------------------------
---------------------------------------------
| rollout/                       |          |
|    collision_free_success_rate | 0.28     |
|    collision_steps             | 0.18     |
|    completion_time             | 6.04     |
|    ep_len                      | 121      |
|    ep_len_mean                 | 118      |
|    ep_rew_mean                 | 53.6     |
|    episodes                    | 3139     |
|    grasp_rate                  | 0.68     |
|    human_collision_rate        | 0.12     |
|    human_difficulty            | 0.204    |
|    human_safety_cost           | 17.5     |
|    lift_rate                   | 0.18     |
|    minimum_human_distance      | 0.258    |
|    near_misses                 | 0.18     |
|    place_err_mm                | 192      |
|    proximity_steps             | 9.3      |
|    safety_clamped              | 110      |
|    success_rate                | 0.27     |
|    waiting_steps               | 7.7      |
| time/                          |          |
|    episodes                    | 3140     |
|    fps                         | 35       |
|    time_elapsed                | 11515    |
|    total_timesteps             | 414212   |
| train/                         |          |
|    actor_loss                  | -2.53    |
|    critic_loss                 | 28.6     |
|    ent_coef                    | 0.0218   |
|    ent_coef_loss               | 0.0724   |
|    learning_rate               | 0.0003   |
|    n_updates                   | 409208   |
---------------------------------------------
---------------------------------------------
| rollout/                       |          |
|    collision_free_success_rate | 0.32     |
|    collision_steps             | 0.04     |
|    completion_time             | 5.89     |
|    ep_len                      | 118      |
|    ep_len_mean                 | 116      |
|    ep_rew_mean                 | 58.2     |
|    episodes                    | 3149     |
|    grasp_rate                  | 0.62     |
|    human_collision_rate        | 0.12     |
|    human_difficulty            | 0.205    |
|    human_safety_cost           | 16       |
|    lift_rate                   | 0.16     |
|    minimum_human_distance      | 0.274    |
|    near_misses                 | 0.18     |
|    place_err_mm                | 205      |
|    proximity_steps             | 7.16     |
|    safety_clamped              | 108      |
|    success_rate                | 0.29     |
|    waiting_steps               | 5.88     |
| time/                          |          |
|    episodes                    | 3150     |
|    fps                         | 35       |
|    time_elapsed                | 11538    |
|    total_timesteps             | 415056   |
| train/                         |          |
|    actor_loss                  | -3.13    |
|    critic_loss                 | 27.3     |
|    ent_coef                    | 0.0224   |
|    ent_coef_loss               | 1.03     |
|    learning_rate               | 0.0003   |
|    n_updates                   | 410052   |
---------------------------------------------
---------------------------------------------
| rollout/                       |          |
|    collision_free_success_rate | 0.38     |
|    collision_steps             | 0.04     |
|    completion_time             | 5.05     |
|    ep_len                      | 101      |
|    ep_len_mean                 | 106      |
|    ep_rew_mean                 | 74.7     |
|    episodes                    | 3159     |
|    grasp_rate                  | 0.7      |
|    human_collision_rate        | 0.08     |
|    human_difficulty            | 0.206    |
|    human_safety_cost           | 12.1     |
|    lift_rate                   | 0.22     |
|    minimum_human_distance      | 0.297    |
|    near_misses                 | 0.16     |
|    place_err_mm                | 173      |
|    proximity_steps             | 7.1      |
|    safety_clamped              | 91.8     |
|    success_rate                | 0.35     |
|    waiting_steps               | 5.1      |
| time/                          |          |
|    episodes                    | 3160     |
|    fps                         | 35       |
|    time_elapsed                | 11562    |
|    total_timesteps             | 415908   |
| train/                         |          |
|    actor_loss                  | -3.09    |
|    critic_loss                 | 22.8     |
|    ent_coef                    | 0.0217   |
|    ent_coef_loss               | 0.503    |
|    learning_rate               | 0.0003   |
|    n_updates                   | 410904   |
---------------------------------------------
---------------------------------------------
| rollout/                       |          |
|    collision_free_success_rate | 0.4      |
|    collision_steps             | 0.04     |
|    completion_time             | 4.93     |
|    ep_len                      | 98.6     |
|    episodes                    | 3162     |
|    grasp_rate                  | 0.76     |
|    human_collision_rate        | 0.08     |
|    human_difficulty            | 0.206    |
|    human_safety_cost           | 12.1     |
|    lift_rate                   | 0.22     |
|    minimum_human_distance      | 0.3      |
|    near_misses                 | 0.16     |
|    place_err_mm                | 167      |
|    proximity_steps             | 7.1      |
|    safety_clamped              | 89.1     |
|    success_rate                | 0.4      |
|    waiting_steps               | 5.1      |
| train/                         |          |
|    actor_loss                  | -0.27    |
|    critic_loss                 | 20.4     |
|    ent_coef                    | 0.022    |
|    ent_coef_loss               | 0.13     |
|    learning_rate               | 0.0003   |
|    n_updates                   | 410996   |
---------------------------------------------
---------------------------------------------
| rollout/                       |          |
|    collision_free_success_rate | 0.4      |
|    collision_steps             | 1.58     |
|    completion_time             | 5        |
|    ep_len                      | 100      |
|    ep_len_mean                 | 109      |
|    ep_rew_mean                 | 65.3     |
|    episodes                    | 3169     |
|    grasp_rate                  | 0.7      |
|    human_collision_rate        | 0.08     |
|    human_difficulty            | 0.206    |
|    human_safety_cost           | 11.3     |
|    lift_rate                   | 0.26     |
|    minimum_human_distance      | 0.298    |
|    near_misses                 | 0.14     |
|    place_err_mm                | 171      |
|    proximity_steps             | 5.68     |
|    safety_clamped              | 90.4     |
|    success_rate                | 0.32     |
|    waiting_steps               | 4.28     |
| time/                          |          |
|    episodes                    | 3170     |
|    fps                         | 35       |
|    time_elapsed                | 11592    |
|    total_timesteps             | 416940   |
| train/                         |          |
|    actor_loss                  | -2.39    |
|    critic_loss                 | 25.8     |
|    ent_coef                    | 0.0228   |
|    ent_coef_loss               | 0.219    |
|    learning_rate               | 0.0003   |
|    n_updates                   | 411936   |
---------------------------------------------
---------------------------------------------
| rollout/                       |          |
|    collision_free_success_rate | 0.32     |
|    collision_steps             | 1.58     |
|    completion_time             | 5.55     |
|    ep_len                      | 111      |
|    episodes                    | 3176     |
|    grasp_rate                  | 0.66     |
|    human_collision_rate        | 0.1      |
|    human_difficulty            | 0.206    |
|    human_safety_cost           | 14.2     |
|    lift_rate                   | 0.22     |
|    minimum_human_distance      | 0.3      |
|    near_misses                 | 0.18     |
|    place_err_mm                | 189      |
|    proximity_steps             | 6.68     |
|    safety_clamped              | 100      |
|    success_rate                | 0.32     |
|    waiting_steps               | 4.96     |
| train/                         |          |
|    actor_loss                  | -4.1     |
|    critic_loss                 | 30.6     |
|    ent_coef                    | 0.0228   |
|    ent_coef_loss               | 0.635    |
|    learning_rate               | 0.0003   |
|    n_updates                   | 412996   |
---------------------------------------------
---------------------------------------------
| rollout/                       |          |
|    collision_free_success_rate | 0.32     |
|    collision_steps             | 1.58     |
|    completion_time             | 5.83     |
|    ep_len                      | 117      |
|    ep_len_mean                 | 115      |
|    ep_rew_mean                 | 59.4     |
|    episodes                    | 3179     |
|    grasp_rate                  | 0.62     |
|    human_collision_rate        | 0.1      |
|    human_difficulty            | 0.207    |
|    human_safety_cost           | 14.5     |
|    lift_rate                   | 0.22     |
|    minimum_human_distance      | 0.293    |
|    near_misses                 | 0.18     |
|    place_err_mm                | 193      |
|    proximity_steps             | 8.52     |
|    safety_clamped              | 105      |
|    success_rate                | 0.3      |
|    waiting_steps               | 6.4      |
| time/                          |          |
|    episodes                    | 3180     |
|    fps                         | 35       |
|    time_elapsed                | 11640    |
|    total_timesteps             | 418640   |
| train/                         |          |
|    actor_loss                  | -0.421   |
|    critic_loss                 | 29.4     |
|    ent_coef                    | 0.0221   |
|    ent_coef_loss               | -0.82    |
|    learning_rate               | 0.0003   |
|    n_updates                   | 413636   |
---------------------------------------------
---------------------------------------------
| rollout/                       |          |
|    collision_free_success_rate | 0.34     |
|    collision_steps             | 1.54     |
|    completion_time             | 5.77     |
|    ep_len                      | 115      |
|    ep_len_mean                 | 119      |
|    ep_rew_mean                 | 59       |
|    episodes                    | 3189     |
|    grasp_rate                  | 0.6      |
|    human_collision_rate        | 0.06     |
|    human_difficulty            | 0.207    |
|    human_safety_cost           | 9.47     |
|    lift_rate                   | 0.24     |
|    minimum_human_distance      | 0.316    |
|    near_misses                 | 0.12     |
|    place_err_mm                | 183      |
|    proximity_steps             | 7.6      |
|    safety_clamped              | 104      |
|    success_rate                | 0.3      |
|    waiting_steps               | 5.78     |
| time/                          |          |
|    episodes                    | 3190     |
|    fps                         | 35       |
|    time_elapsed                | 11674    |
|    total_timesteps             | 419840   |
| train/                         |          |
|    actor_loss                  | -1.99    |
|    critic_loss                 | 26       |
|    ent_coef                    | 0.0229   |
|    ent_coef_loss               | 0.368    |
|    learning_rate               | 0.0003   |
|    n_updates                   | 414836   |
---------------------------------------------
---------------------------------------------
| rollout/                       |          |
|    collision_free_success_rate | 0.36     |
|    collision_steps             | 1.54     |
|    completion_time             | 5.57     |
|    ep_len                      | 111      |
|    episodes                    | 3191     |
|    grasp_rate                  | 0.64     |
|    human_collision_rate        | 0.06     |
|    human_difficulty            | 0.207    |
|    human_safety_cost           | 8.77     |
|    lift_rate                   | 0.28     |
|    minimum_human_distance      | 0.321    |
|    near_misses                 | 0.1      |
|    place_err_mm                | 170      |
|    proximity_steps             | 7        |
|    safety_clamped              | 99.7     |
|    success_rate                | 0.36     |
|    waiting_steps               | 5.22     |
| train/                         |          |
|    actor_loss                  | -2.34    |
|    critic_loss                 | 33.2     |
|    ent_coef                    | 0.0228   |
|    ent_coef_loss               | 0.0249   |
|    learning_rate               | 0.0003   |
|    n_updates                   | 414996   |
---------------------------------------------
Eval num_timesteps=420000, episode_reward=5.02 +/- 84.62
Episode length: 189.60 +/- 38.91
Success rate: 6.67%
---------------------------------
| eval/              |          |
|    mean_ep_length  | 190      |
|    mean_reward     | 5.02     |
|    success_rate    | 0.0667   |
| time/              |          |
|    total_timesteps | 420000   |
---------------------------------
---------------------------------------------
| rollout/                       |          |
|    collision_free_success_rate | 0.32     |
|    collision_steps             | 2.4      |
|    completion_time             | 5.71     |
|    ep_len                      | 114      |
|    ep_len_mean                 | 117      |
|    ep_rew_mean                 | 58.2     |
|    episodes                    | 3199     |
|    grasp_rate                  | 0.6      |
|    human_collision_rate        | 0.06     |
|    human_difficulty            | 0.208    |
|    human_safety_cost           | 9.58     |
|    lift_rate                   | 0.28     |
|    minimum_human_distance      | 0.31     |
|    near_misses                 | 0.12     |
|    place_err_mm                | 174      |
|    proximity_steps             | 8.5      |
|    safety_clamped              | 102      |
|    success_rate                | 0.31     |
|    waiting_steps               | 6.72     |
| time/                          |          |
|    episodes                    | 3200     |
|    fps                         | 35       |
|    time_elapsed                | 11752    |
|    total_timesteps             | 420972   |
| train/                         |          |
|    actor_loss                  | -0.801   |
|    critic_loss                 | 17.3     |
|    ent_coef                    | 0.0224   |
|    ent_coef_loss               | -0.427   |
|    learning_rate               | 0.0003   |
|    n_updates                   | 415968   |
---------------------------------------------
